actionNumber,clock,period,teamId,teamTricode,personId,playerName,playerNameI,xLegacy,yLegacy,shotDistance,shotResult,isFieldGoal,scoreHome,scoreAway,pointsTotal,location,description,actionType,subType,videoAvailable,actionId,gameId,ABS_TIME,SHOT_CLOCK_APPROX,SHOT_CLOCK_SOURCE,shotValue,contest_score,contest_label,contest_reasons
6,PT10M56.00S,1,1610612744,GSW,201939,Curry,S. Curry,12,31,3,Made,1,5.0,2.0,7,h,Curry 3' Cutting Finger Roll Layup Shot (2 PTS) (Bogut 1 AST),Made Shot,Cutting Finger Roll Layup Shot,1,7,21500003,64,2.0,made_fg(24),2,2,likely_contested,"distance: at-rim/very close, clock: late (<=5s)"
9,PT10M29.00S,1,1610612744,GSW,201939,Curry,S. Curry,-176,195,26,Missed,1,,,0,h,MISS Curry 26' 3PT Jump Shot,Missed Shot,Jump Shot,1,10,21500003,91,17.0,def_reb(24),3,-1,likely_open,subType: open-like
14,PT09M34.00S,1,1610612744,GSW,201939,Curry,S. Curry,20,9,2,Missed,1,,,0,h,MISS Curry 2' Layup,Missed Shot,Layup Shot,1,15,21500003,146,6.0,made_fg(24),2,1,borderline,distance: at-rim/very close
19,PT09M13.00S,1,1610612744,GSW,201939,Curry,S. Curry,-197,193,28,Made,1,10.0,7.0,17,h,Curry 28' 3PT Jump Shot (5 PTS),Made Shot,Jump Shot,1,20,21500003,167,18.0,def_reb(24),3,-2,likely_open,"subType: open-like, distance: deep above-break 3 (>=27ft)"
36,PT07M11.00S,1,1610612744,GSW,201939,Curry,S. Curry,-4,8,1,Made,1,14.0,11.0,25,h,Curry 1' Running Layup (7 PTS),Made Shot,Running Layup Shot,1,39,21500003,289,18.0,turnover(24),2,3,likely_contested,"subType: contested-like, distance: at-rim/very close"
38,PT06M45.00S,1,1610612744,GSW,201939,Curry,S. Curry,-11,259,26,Made,1,17.0,13.0,30,h,Curry 26' 3PT Jump Shot (10 PTS),Made Shot,Jump Shot,1,41,21500003,315,13.0,made_fg(24),3,-1,likely_open,subType: open-like
46,PT05M50.00S,1,1610612744,GSW,201939,Curry,S. Curry,-117,188,22,Made,1,21.0,15.0,36,h,Curry 22' Jump Shot (12 PTS),Made Shot,Jump Shot,1,46,21500003,370,10.0,made_fg(24),2,-1,likely_open,subType: open-like
55,PT05M03.00S,1,1610612744,GSW,201939,Curry,S. Curry,-179,228,29,Made,1,25.0,18.0,43,h,Curry 29' 3PT Jump Shot (15 PTS) (Barnes 1 AST),Made Shot,Jump Shot,1,54,21500003,417,20.0,def_reb(24),3,-2,likely_open,"subType: open-like, distance: deep above-break 3 (>=27ft)"
68,PT03M57.00S,1,1610612744,GSW,201939,Curry,S. Curry,89,239,26,Made,1,32.0,20.0,52,h,Curry 26' 3PT Step Back Jump Shot (20 PTS) (Green 2 AST),Made Shot,Step Back Jump shot,1,66,21500003,483,13.0,turnover(24),3,3,likely_contested,"subType: contested-like, text: pressure-move"
82,PT03M06.00S,1,1610612744,GSW,201939,Curry,S. Curry,-156,232,28,Missed,1,,,0,h,MISS Curry 28' 3PT Jump Shot,Missed Shot,Jump Shot,1,77,21500003,534,8.0,final_ft(24),3,-2,likely_open,"subType: open-like, distance: deep above-break 3 (>=27ft)"
88,PT02M45.00S,1,1610612744,GSW,201939,Curry,S. Curry,-19,21,3,Made,1,34.0,23.0,57,h,Curry 3' Driving Finger Roll Layup (22 PTS),Made Shot,Driving Finger Roll Layup Shot,1,83,21500003,555,4.0,off_reb(14),2,2,likely_contested,"distance: at-rim/very close, clock: late (<=5s)"
116,PT00M45.40S,1,1610612744,GSW,201939,Curry,S. Curry,12,18,2,Made,1,39.0,32.0,71,h,Curry 2' Driving Layup (24 PTS) (Iguodala 1 AST),Made Shot,Driving Layup Shot,1,106,21500003,675,11.0,made_fg(24),2,3,likely_contested,"subType: contested-like, distance: at-rim/very close"
127,PT00M01.40S,1,1610612744,GSW,201939,Curry,S. Curry,-186,345,39,Missed,1,,,0,h,MISS Curry 39' 3PT Jump Shot,Missed Shot,Jump Shot,1,115,21500003,719,21.0,made_fg(24),3,-2,likely_open,"subType: open-like, distance: deep above-break 3 (>=27ft)"
208,PT06M03.00S,2,1610612744,GSW,201939,Curry,S. Curry,164,185,25,Missed,1,,,0,h,MISS Curry 25' 3PT Jump Shot,Missed Shot,Jump Shot,1,196,21500003,1077,8.0,keep_clock(16),3,-1,likely_open,subType: open-like
221,PT04M54.00S,2,1610612744,GSW,201939,Curry,S. Curry,-96,85,13,Made,1,50.0,44.0,94,h,Curry 13' Fadeaway Bank Shot (26 PTS),Made Shot,Fadeaway Bank shot,1,207,21500003,1146,11.0,off_reb(14),2,4,likely_contested,"subType: contested-like, text: pressure-move, distance: mid-range"
253,PT02M11.00S,2,1610612744,GSW,201939,Curry,S. Curry,166,174,24,Missed,1,,,0,h,MISS Curry 24' 3PT Jump Shot,Missed Shot,Jump Shot,1,235,21500003,1309,5.0,made_fg(24),3,0,likely_open,"subType: open-like, clock: late (<=5s)"
261,PT01M16.00S,2,1610612744,GSW,201939,Curry,S. Curry,204,151,25,Missed,1,,,0,h,MISS Curry 25' 3PT Pullup Jump Shot,Missed Shot,Pullup Jump shot,1,243,21500003,1364,7.0,def_reb(24),3,3,likely_contested,"subType: contested-like, text: pressure-move"
277,PT00M00.80S,2,1610612744,GSW,201939,Curry,S. Curry,-9,8,1,Made,1,59.0,49.0,108,h,Curry 1' Driving Finger Roll Layup (29 PTS),Made Shot,Driving Finger Roll Layup Shot,1,258,21500003,1440,15.0,def_reb(24),2,1,borderline,distance: at-rim/very close
302,PT10M07.00S,3,1610612744,GSW,201939,Curry,S. Curry,10,11,1,Made,1,67.0,49.0,116,h,Curry 1' Driving Finger Roll Layup (33 PTS),Made Shot,Driving Finger Roll Layup Shot,1,281,21500003,1553,13.0,keep_clock(19),2,1,borderline,distance: at-rim/very close
333,PT07M35.00S,3,1610612744,GSW,201939,Curry,S. Curry,-7,13,1,Made,1,73.0,58.0,131,h,Curry 1' Cutting Finger Roll Layup Shot (37 PTS) (Bogut 5 AST),Made Shot,Cutting Finger Roll Layup Shot,1,308,21500003,1705,8.0,made_fg(24),2,1,borderline,distance: at-rim/very close
339,PT07M14.00S,3,1610612744,GSW,201939,Curry,S. Curry,42,61,7,Missed,1,,,0,h,MISS Curry 7' Jump Shot,Missed Shot,Jump Shot,1,313,21500003,1726,12.0,final_ft(24),2,-1,likely_open,subType: open-like
364,PT05M19.00S,3,1610612744,GSW,201939,Curry,S. Curry,161,203,26,Missed,1,,,0,h,MISS Curry 26' 3PT Jump Shot,Missed Shot,Jump Shot,1,334,21500003,1841,5.0,def_reb(24),3,0,likely_open,"subType: open-like, clock: late (<=5s)"
366,PT05M13.00S,3,1610612744,GSW,201939,Curry,S. Curry,20,23,3,Missed,1,,,0,h,MISS Curry 3' Jump Shot,Missed Shot,Jump Shot,1,336,21500003,1847,8.0,off_reb(14),2,0,likely_open,"subType: open-like, distance: at-rim/very close"
395,PT03M23.00S,3,1610612744,GSW,201939,Curry,S. Curry,184,170,25,Made,1,85.0,68.0,153,h,Curry 25' 3PT Jump Shot (40 PTS) (Iguodala 2 AST),Made Shot,Jump Shot,1,364,21500003,1957,12.0,off_reb(14),3,-1,likely_open,subType: open-like
524,PT05M21.00S,4,1610612744,GSW,201939,Curry,S. Curry,-122,43,13,Missed,1,,,0,h,MISS Curry 13' Floating Jump Shot,Missed Shot,Floating Jump shot,1,481,21500003,2559,11.0,turnover(24),2,3,likely_contested,"subType: contested-like, distance: mid-range"
550,PT02M30.00S,4,1610612744,GSW,201939,Curry,S. Curry,6,7,1,Missed,1,,,0,h,MISS Curry 1' Driving Layup,Missed Shot,Driving Layup Shot,1,507,21500003,2730,11.0,made_fg(24),2,3,likely_contested,"subType: contested-like, distance: at-rim/very close"
11,PT11M00.00S,1,1610612744,GSW,201939,Curry,S. Curry,-109,154,19,Missed,1,,,0,v,MISS Curry 19' Step Back Jump Shot,Missed Shot,Step Back Jump shot,1,12,21500030,60,15.0,made_fg(24),2,3,likely_contested,"subType: contested-like, text: pressure-move"
35,PT09M22.00S,1,1610612744,GSW,201939,Curry,S. Curry,209,124,24,Made,1,8.0,6.0,14,v,Curry 24' 3PT Pullup Jump Shot (3 PTS),Made Shot,Pullup Jump shot,1,33,21500030,158,18.0,def_reb(24),3,3,likely_contested,"subType: contested-like, text: pressure-move"
39,PT08M56.00S,1,1610612744,GSW,201939,Curry,S. Curry,228,87,24,Made,1,8.0,9.0,17,v,Curry 24' 3PT Jump Shot (6 PTS) (Barnes 1 AST),Made Shot,Jump Shot,1,37,21500030,184,12.0,keep_clock(24),3,-1,likely_open,subType: open-like
44,PT07M52.00S,1,1610612744,GSW,201939,Curry,S. Curry,-52,288,29,Made,1,8.0,14.0,22,v,Curry 29' 3PT Pullup Jump Shot (9 PTS),Made Shot,Pullup Jump shot,1,42,21500030,248,15.0,turnover(24),3,2,likely_contested,"subType: contested-like, text: pressure-move, distance: deep above-break 3 (>=27ft)"
62,PT06M23.00S,1,1610612744,GSW,201939,Curry,S. Curry,-129,214,25,Missed,1,,,0,v,MISS Curry 25' 3PT Jump Shot,Missed Shot,Jump Shot,1,55,21500030,337,13.0,made_fg(24),3,-1,likely_open,subType: open-like
119,PT03M05.00S,1,1610612744,GSW,201939,Curry,S. Curry,222,106,25,Missed,1,,,0,v,MISS Curry 25' 3PT Jump Shot,Missed Shot,Jump Shot,1,100,21500030,535,19.0,turnover(24),3,-1,likely_open,subType: open-like
220,PT06M50.00S,2,1610612744,GSW,201939,Curry,S. Curry,-235,-16,24,Missed,1,,,0,v,MISS Curry 24' 3PT Jump Shot,Missed Shot,Jump Shot,1,192,21500030,1030,,stale_reset(24),3,-2,likely_open,"subType: open-like, coords: corner-3, corner: catch/spot"
251,PT04M05.00S,2,1610612744,GSW,201939,Curry,S. Curry,-240,100,26,Made,1,37.0,51.0,88,v,Curry 26' 3PT Jump Shot (15 PTS) (Green 1 AST),Made Shot,Jump Shot,1,219,21500030,1195,18.0,def_reb(24),3,-1,likely_open,subType: open-like
258,PT03M49.00S,2,1610612744,GSW,201939,Curry,S. Curry,14,-1,1,Made,1,37.0,53.0,90,v,Curry 1' Running Finger Roll Layup (17 PTS),Made Shot,Running Finger Roll Layup Shot,1,224,21500030,1211,18.0,turnover(24),2,1,borderline,distance: at-rim/very close
277,PT01M56.00S,2,1610612744,GSW,201939,Curry,S. Curry,-115,224,25,Missed,1,,,0,v,MISS Curry 25' 3PT Pullup Jump Shot,Missed Shot,Pullup Jump shot,1,243,21500030,1324,18.0,def_reb(24),3,3,likely_contested,"subType: contested-like, text: pressure-move"
345,PT08M43.00S,3,1610612744,GSW,201939,Curry,S. Curry,35,75,8,Made,1,51.0,64.0,115,v,Curry 8' Floating Jump Shot (19 PTS),Made Shot,Floating Jump shot,1,301,21500030,1637,13.0,keep_clock(20),2,3,likely_contested,"subType: contested-like, distance: mid-range"
364,PT06M41.00S,3,1610612744,GSW,201939,Curry,S. Curry,-43,110,12,Made,1,57.0,70.0,127,v,Curry 12' Floating Jump Shot (21 PTS),Made Shot,Floating Jump shot,1,318,21500030,1759,15.0,def_reb(24),2,3,likely_contested,"subType: contested-like, distance: mid-range"
487,PT07M18.00S,4,1610612744,GSW,201939,Curry,S. Curry,10,2,1,Made,1,74.0,93.0,167,v,Curry 1' Running Layup (23 PTS) (Green 5 AST),Made Shot,Running Layup Shot,1,430,21500030,2442,19.0,def_reb(24),2,3,likely_contested,"subType: contested-like, distance: at-rim/very close"
522,PT05M12.00S,4,1610612744,GSW,201939,Curry,S. Curry,-25,13,3,Made,1,76.0,101.0,177,v,Curry 3' Cutting Layup Shot (25 PTS) (Green 7 AST),Made Shot,Cutting Layup Shot,1,458,21500030,2568,6.0,off_reb(14),2,1,borderline,distance: at-rim/very close
525,PT04M44.00S,4,1610612744,GSW,201939,Curry,S. Curry,87,229,24,Missed,1,,,0,v,MISS Curry 24' 3PT Step Back Jump Shot,Missed Shot,Step Back Jump shot,1,461,21500030,2596,12.0,def_reb(24),3,3,likely_contested,"subType: contested-like, text: pressure-move"
45,PT07M42.00S,1,1610612744,GSW,201939,Curry,S. Curry,197,244,31,Made,1,10.0,12.0,22,v,Curry 31' 3PT Jump Shot (3 PTS),Made Shot,Jump Shot,1,43,21500035,258,14.0,def_reb(24),3,-2,likely_open,"subType: open-like, distance: deep above-break 3 (>=27ft)"
58,PT06M30.00S,1,1610612744,GSW,201939,Curry,S. Curry,76,264,27,Missed,1,,,0,v,MISS Curry 27' 3PT Jump Shot,Missed Shot,Jump Shot,1,56,21500035,330,19.0,made_fg(24),3,-2,likely_open,"subType: open-like, distance: deep above-break 3 (>=27ft)"
63,PT06M10.00S,1,1610612744,GSW,201939,Curry,S. Curry,-22,188,19,Made,1,17.0,17.0,34,v,Curry 19' Jump Shot (5 PTS) (Green 3 AST),Made Shot,Jump Shot,1,59,21500035,350,11.0,made_fg(24),2,-1,likely_open,subType: open-like
101,PT04M03.00S,1,1610612744,GSW,201939,Curry,S. Curry,181,232,29,Made,1,23.0,25.0,48,v,Curry 29' 3PT Jump Shot (10 PTS),Made Shot,Jump Shot,1,92,21500035,477,18.0,made_fg(24),3,-2,likely_open,"subType: open-like, distance: deep above-break 3 (>=27ft)"
123,PT02M05.00S,1,1610612744,GSW,201939,Curry,S. Curry,122,239,27,Missed,1,,,0,v,MISS Curry 27' 3PT Jump Shot,Missed Shot,Jump Shot,1,112,21500035,595,13.0,turnover(24),3,-2,likely_open,"subType: open-like, distance: deep above-break 3 (>=27ft)"
132,PT00M53.90S,1,1610612744,GSW,201939,Curry,S. Curry,-73,80,11,Missed,1,,,0,v,MISS Curry 11' Driving Bank Shot,Missed Shot,Driving Bank shot,1,120,21500035,667,14.0,def_reb(24),2,1,borderline,distance: mid-range
208,PT06M51.00S,2,1610612744,GSW,201939,Curry,S. Curry,19,90,9,Made,1,41.0,43.0,84,v,Curry 9' Floating Jump Shot (12 PTS),Made Shot,Floating Jump shot,1,186,21500035,1029,10.0,final_ft(24),2,3,likely_contested,"subType: contested-like, distance: mid-range"
256,PT03M47.00S,2,1610612744,GSW,201939,Curry,S. Curry,236,-11,24,Missed,1,,,0,v,MISS Curry 24' 3PT Jump Shot,Missed Shot,Jump Shot,1,226,21500035,1213,13.0,def_reb(24),3,-2,likely_open,"subType: open-like, coords: corner-3, corner: catch/spot"
347,PT09M53.00S,3,1610612744,GSW,201939,Curry,S. Curry,-78,249,26,Missed,1,,,0,v,MISS Curry 26' 3PT Jump Shot,Missed Shot,Jump Shot,1,302,21500035,1567,18.0,def_reb(24),3,-1,likely_open,subType: open-like
351,PT09M12.00S,3,1610612744,GSW,201939,Curry,S. Curry,-142,247,28,Made,1,70.0,70.0,140,v,Curry 28' 3PT Jump Shot (18 PTS),Made Shot,Jump Shot,1,306,21500035,1608,1.0,def_foul_14(14),3,-1,likely_open,"subType: open-like, distance: deep above-break 3 (>=27ft), clock: late (<=5s)"
361,PT08M05.00S,3,1610612744,GSW,201939,Curry,S. Curry,-225,120,26,Made,1,70.0,75.0,145,v,Curry 26' 3PT Jump Shot (23 PTS),Made Shot,Jump Shot,1,314,21500035,1675,5.0,turnover(24),3,0,likely_open,"subType: open-like, clock: late (<=5s)"
363,PT07M40.00S,3,1610612744,GSW,201939,Curry,S. Curry,-181,188,26,Made,1,72.0,78.0,150,v,Curry 26' 3PT Jump Shot (26 PTS),Made Shot,Jump Shot,1,316,21500035,1700,10.0,made_fg(24),3,-1,likely_open,subType: open-like
372,PT06M30.00S,3,1610612744,GSW,201939,Curry,S. Curry,137,61,15,Made,1,74.0,83.0,157,v,Curry 15' Jump Shot (28 PTS),Made Shot,Jump Shot,1,323,21500035,1770,,stale_reset(24),2,0,likely_open,"subType: open-like, distance: mid-range"
375,PT06M15.00S,3,1610612744,GSW,201939,Curry,S. Curry,-119,180,22,Missed,1,,,0,v,MISS Curry 22' Jump Shot,Missed Shot,Jump Shot,1,326,21500035,1785,11.0,def_reb(24),2,-1,likely_open,subType: open-like
383,PT05M06.00S,3,1610612744,GSW,201939,Curry,S. Curry,-1,16,2,Made,1,78.0,88.0,166,v,Curry 2' Running Finger Roll Layup (30 PTS),Made Shot,Running Finger Roll Layup Shot,1,335,21500035,1854,19.0,turnover(24),2,1,borderline,distance: at-rim/very close
396,PT03M49.00S,3,1610612744,GSW,201939,Curry,S. Curry,187,170,25,Made,1,83.0,91.0,174,v,Curry 25' 3PT Jump Shot (33 PTS),Made Shot,Jump Shot,1,346,21500035,1931,,stale_reset(24),3,-1,likely_open,subType: open-like
407,PT02M40.00S,3,1610612744,GSW,201939,Curry,S. Curry,2,23,2,Made,1,87.0,95.0,182,v,Curry 2' Driving Layup (35 PTS),Made Shot,Driving Layup Shot,1,357,21500035,2000,17.0,made_fg(24),2,3,likely_contested,"subType: contested-like, distance: at-rim/very close"
414,PT01M34.00S,3,1610612744,GSW,201939,Curry,S. Curry,17,8,2,Made,1,87.0,99.0,186,v,Curry 2' Layup (37 PTS) (Livingston 3 AST),Made Shot,Layup Shot,1,364,21500035,2066,18.0,turnover(24),2,1,borderline,distance: at-rim/very close
418,PT01M01.00S,3,1610612744,GSW,201939,Curry,S. Curry,10,8,1,Made,1,89.0,101.0,190,v,Curry 1' Driving Layup (39 PTS),Made Shot,Driving Layup Shot,1,368,21500035,2099,12.0,made_fg(24),2,3,likely_contested,"subType: contested-like, distance: at-rim/very close"
421,PT00M39.50S,3,1610612744,GSW,201939,Curry,S. Curry,194,185,27,Made,1,89.0,104.0,193,v,Curry 27' 3PT Jump Shot (42 PTS),Made Shot,Jump Shot,1,371,21500035,2121,18.0,def_reb(24),3,-2,likely_open,"subType: open-like, distance: deep above-break 3 (>=27ft)"
426,PT00M09.90S,3,1610612744,GSW,201939,Curry,S. Curry,38,267,27,Missed,1,,,0,v,MISS Curry 27' 3PT Jump Shot,Missed Shot,Jump Shot,1,375,21500035,2151,3.0,made_fg(24),3,-1,likely_open,"subType: open-like, distance: deep above-break 3 (>=27ft), clock: late (<=5s)"
493,PT06M09.00S,4,1610612744,GSW,201939,Curry,S. Curry,-158,31,16,Made,1,102.0,115.0,217,v,Curry 16' Step Back Jump Shot (45 PTS),Made Shot,Step Back Jump shot,1,436,21500035,2511,11.0,final_ft(24),2,4,likely_contested,"subType: contested-like, text: pressure-move, distance: mid-range"
495,PT05M44.00S,4,1610612744,GSW,201939,Curry,S. Curry,-25,139,14,Missed,1,,,0,v,MISS Curry 14' Jump Shot,Missed Shot,Jump Shot,1,439,21500035,2536,17.0,turnover(24),2,0,likely_open,"subType: open-like, distance: mid-range"
539,PT03M13.00S,4,1610612744,GSW,201939,Curry,S. Curry,123,11,12,Made,1,110.0,123.0,233,v,Curry 12' Fadeaway Jumper (47 PTS),Made Shot,Fadeaway Jump Shot,1,476,21500035,2687,7.0,made_fg(24),2,4,likely_contested,"subType: contested-like, text: pressure-move, distance: mid-range"
556,PT02M11.00S,4,1610612744,GSW,201939,Curry,S. Curry,-145,259,30,Made,1,115.0,127.0,242,v,Curry 30' 3PT Jump Shot (51 PTS),Made Shot,Jump Shot,1,488,21500035,2749,4.0,def_foul_14(14),3,-1,likely_open,"subType: open-like, distance: deep above-break 3 (>=27ft), clock: late (<=5s)"
570,PT01M00.00S,4,1610612744,GSW,201939,Curry,S. Curry,222,100,24,Missed,1,,,0,v,MISS Curry 24' 3PT Jump Shot,Missed Shot,Jump Shot,1,501,21500035,2820,18.0,def_reb(24),3,-1,likely_open,subType: open-like
573,PT00M34.90S,4,1610612744,GSW,201939,Curry,S. Curry,-96,2,10,Missed,1,,,0,v,MISS Curry 10' Jump Shot,Missed Shot,Jump Shot,1,504,21500035,2846,5.0,made_fg(24),2,1,borderline,"subType: open-like, distance: mid-range, clock: late (<=5s)"
11,PT10M36.00S,1,1610612744,GSW,201939,Curry,S. Curry,-210,188,28,Made,1,3.0,0.0,3,h,Curry 28' 3PT Jump Shot (3 PTS) (Green 1 AST),Made Shot,Jump Shot,1,12,21500051,84,18.0,def_reb(24),3,-2,likely_open,"subType: open-like, distance: deep above-break 3 (>=27ft)"
17,PT09M34.00S,1,1610612744,GSW,201939,Curry,S. Curry,-160,120,20,Made,1,8.0,4.0,12,h,Curry 20' Running Jump Shot (5 PTS),Made Shot,Running Jump Shot,1,19,21500051,146,17.0,made_fg(24),2,-1,likely_open,subType: open-like
29,PT08M05.00S,1,1610612744,GSW,201939,Curry,S. Curry,-20,247,25,Missed,1,,,0,h,MISS Curry 25' 3PT Jump Shot,Missed Shot,Jump Shot,1,29,21500051,235,15.0,made_fg(24),3,-1,likely_open,subType: open-like
46,PT06M14.00S,1,1610612744,GSW,201939,Curry,S. Curry,-202,183,27,Missed,1,,,0,h,MISS Curry 27' 3PT Jump Shot,Missed Shot,Jump Shot,1,43,21500051,346,16.0,def_reb(24),3,-2,likely_open,"subType: open-like, distance: deep above-break 3 (>=27ft)"
108,PT00M59.40S,1,1610612744,GSW,201939,Curry,S. Curry,69,237,25,Missed,1,,,0,h,MISS Curry 25' 3PT Jump Shot,Missed Shot,Jump Shot,1,107,21500051,661,15.0,def_reb(24),3,-1,likely_open,subType: open-like
122,PT00M06.90S,1,1610612744,GSW,201939,Curry,S. Curry,28,21,4,Missed,1,,,0,h,MISS Curry 4' Jump Shot,Missed Shot,Jump Shot,1,119,21500051,714,,stale_reset(24),2,0,likely_open,"subType: open-like, distance: at-rim/very close"
225,PT02M48.00S,2,1610612744,GSW,201939,Curry,S. Curry,163,203,26,Missed,1,,,0,h,MISS Curry 26' 3PT Jump Shot,Missed Shot,Jump Shot,1,222,21500051,1272,11.0,off_reb(14),3,-1,likely_open,subType: open-like
236,PT02M34.00S,2,1610612744,GSW,201939,Curry,S. Curry,-7,62,6,Made,1,44.0,31.0,75,h,Curry 6' Floating Jump Shot (8 PTS),Made Shot,Floating Jump shot,1,230,21500051,1286,16.0,def_reb(24),2,2,likely_contested,subType: contested-like
289,PT10M00.00S,3,1610612744,GSW,201939,Curry,S. Curry,164,41,17,Made,1,57.0,36.0,93,h,Curry 17' Step Back Jump Shot (11 PTS) (Green 5 AST),Made Shot,Step Back Jump shot,1,282,21500051,1560,10.0,keep_clock(24),2,3,likely_contested,"subType: contested-like, text: pressure-move"
297,PT09M05.00S,3,1610612744,GSW,201939,Curry,S. Curry,-143,210,25,Made,1,62.0,38.0,100,h,Curry 25' 3PT Step Back Jump Shot (14 PTS),Made Shot,Step Back Jump shot,1,289,21500051,1615,12.0,made_fg(24),3,3,likely_contested,"subType: contested-like, text: pressure-move"
313,PT07M49.00S,3,1610612744,GSW,201939,Curry,S. Curry,-9,7,1,Missed,1,,,0,h,MISS Curry 1' Driving Reverse Layup,Missed Shot,Driving Reverse Layup Shot,1,303,21500051,1691,16.0,def_reb(24),2,3,likely_contested,"subType: contested-like, distance: at-rim/very close"
326,PT06M43.00S,3,1610612744,GSW,201939,Curry,S. Curry,-6,26,3,Made,1,72.0,40.0,112,h,Curry 3' Running Reverse Layup (16 PTS),Made Shot,Running Reverse Layup Shot,1,315,21500051,1757,20.0,turnover(24),2,1,borderline,distance: at-rim/very close
331,PT06M28.00S,3,1610612744,GSW,201939,Curry,S. Curry,9,26,3,Made,1,75.0,40.0,115,h,Curry 3' Running Reverse Layup (19 PTS),Made Shot,Running Reverse Layup Shot,1,321,21500051,1772,19.0,turnover(24),2,1,borderline,distance: at-rim/very close
339,PT05M32.00S,3,1610612744,GSW,201939,Curry,S. Curry,232,95,25,Made,1,78.0,42.0,120,h,Curry 25' 3PT Jump Shot (22 PTS) (Green 7 AST),Made Shot,Jump Shot,1,329,21500051,1828,18.0,def_reb(24),3,-1,likely_open,subType: open-like
344,PT04M58.00S,3,1610612744,GSW,201939,Curry,S. Curry,228,-5,0,Made,1,81.0,42.0,123,h,Curry 3PT Jump Shot (25 PTS) (Iguodala 3 AST),Made Shot,Jump Shot,1,335,21500051,1862,20.0,def_reb(24),3,-1,likely_open,"subType: open-like, distance: at-rim/very close, coords: corner-3, corner: catch/spot"
380,PT02M33.00S,3,1610612744,GSW,201939,Curry,S. Curry,12,97,10,Made,1,86.0,44.0,130,h,Curry 10' Floating Jump Shot (30 PTS) (Green 8 AST),Made Shot,Floating Jump shot,1,365,21500051,2007,15.0,def_reb(24),2,3,likely_contested,"subType: contested-like, distance: mid-range"
5,PT11M17.00S,1,1610612744,GSW,201939,Curry,S. Curry,-43,247,25,Made,1,3.0,2.0,5,h,Curry 25' 3PT Jump Shot (3 PTS) (Barnes 1 AST),Made Shot,Jump Shot,1,6,21500069,43,9.0,off_reb(14),3,-1,likely_open,subType: open-like
164,PT09M42.00S,2,1610612744,GSW,201939,Curry,S. Curry,-151,223,27,Made,1,40.0,27.0,67,h,Curry 27' 3PT Jump Shot (6 PTS),Made Shot,Jump Shot,1,146,21500069,858,,stale_reset(24),3,-2,likely_open,"subType: open-like, distance: deep above-break 3 (>=27ft)"
195,PT07M56.00S,2,1610612744,GSW,201939,Curry,S. Curry,-122,264,29,Made,1,46.0,29.0,75,h,Curry 29' 3PT Jump Shot (12 PTS) (Iguodala 1 AST),Made Shot,Jump Shot,1,173,21500069,964,19.0,keep_clock(23),3,-2,likely_open,"subType: open-like, distance: deep above-break 3 (>=27ft)"
206,PT06M57.00S,2,1610612744,GSW,201939,Curry,S. Curry,101,154,18,Missed,1,,,0,h,MISS Curry 18' Jump Shot,Missed Shot,Jump Shot,1,184,21500069,1023,12.0,turnover(24),2,-1,likely_open,subType: open-like
219,PT05M57.00S,2,1610612744,GSW,201939,Curry,S. Curry,-235,3,24,Missed,1,,,0,h,MISS Curry 24' 3PT Pullup Jump Shot,Missed Shot,Pullup Jump shot,1,195,21500069,1083,14.0,def_reb(24),3,3,likely_contested,"subType: contested-like, text: pressure-move, coords: corner-3"
248,PT02M08.00S,2,1610612744,GSW,201939,Curry,S. Curry,43,247,25,Made,1,57.0,50.0,107,h,Curry 25' 3PT Step Back Jump Shot (16 PTS) (Green 2 AST),Made Shot,Step Back Jump shot,1,221,21500069,1312,10.0,made_fg(24),3,3,likely_contested,"subType: contested-like, text: pressure-move"
289,PT10M39.00S,3,1610612744,GSW,201939,Curry,S. Curry,53,154,16,Missed,1,,,0,h,MISS Curry 16' Running Pull-Up Jump Shot,Missed Shot,Running Pull-Up Jump Shot,1,256,21500069,1521,19.0,turnover(24),2,4,likely_contested,"subType: contested-like, text: pressure-move, distance: mid-range"
316,PT07M49.00S,3,1610612744,GSW,201939,Curry,S. Curry,128,272,30,Missed,1,,,0,h,MISS Curry 30' 3PT Jump Shot,Missed Shot,Jump Shot,1,282,21500069,1691,13.0,made_fg(24),3,-2,likely_open,"subType: open-like, distance: deep above-break 3 (>=27ft)"
331,PT06M56.00S,3,1610612744,GSW,201939,Curry,S. Curry,-3,4,1,Missed,1,,,0,h,MISS Curry 1' Layup,Missed Shot,Layup Shot,1,296,21500069,1744,24.0,def_reb(24),2,1,borderline,distance: at-rim/very close
361,PT03M38.00S,3,1610612744,GSW,201939,Curry,S. Curry,-56,247,25,Missed,1,,,0,h,MISS Curry 25' 3PT Jump Shot,Missed Shot,Jump Shot,1,324,21500069,1942,7.0,made_fg(24),3,-1,likely_open,subType: open-like
367,PT03M00.00S,3,1610612744,GSW,201939,Curry,S. Curry,-4,85,9,Missed,1,,,0,h,MISS Curry 9' Jump Shot,Missed Shot,Jump Shot,1,330,21500069,1980,7.0,def_reb(24),2,0,likely_open,"subType: open-like, distance: mid-range"
370,PT02M35.00S,3,1610612744,GSW,201939,Curry,S. Curry,163,203,26,Missed,1,,,0,h,MISS Curry 26' 3PT Jump Shot,Missed Shot,Jump Shot,1,333,21500069,2005,8.0,made_fg(24),3,-1,likely_open,subType: open-like
472,PT05M32.00S,4,1610612744,GSW,201939,Curry,S. Curry,-91,228,25,Made,1,100.0,99.0,199,h,Curry 25' 3PT Step Back Jump Shot (21 PTS),Made Shot,Step Back Jump shot,1,424,21500069,2548,14.0,final_ft(24),3,3,likely_contested,"subType: contested-like, text: pressure-move"
478,PT04M56.00S,4,1610612744,GSW,201939,Curry,S. Curry,101,249,27,Made,1,103.0,99.0,202,h,Curry 27' 3PT Jump Shot (24 PTS) (Iguodala 4 AST),Made Shot,Jump Shot,1,430,21500069,2584,14.0,keep_clock(21),3,-2,likely_open,"subType: open-like, distance: deep above-break 3 (>=27ft)"
495,PT03M34.00S,4,1610612744,GSW,201939,Curry,S. Curry,120,111,16,Missed,1,,,0,h,MISS Curry 16' Running Jump Shot,Missed Shot,Running Jump Shot,1,446,21500069,2666,14.0,def_reb(24),2,0,likely_open,"subType: open-like, distance: mid-range"
508,PT02M36.00S,4,1610612744,GSW,201939,Curry,S. Curry,-194,111,22,Made,1,105.0,103.0,208,h,Curry 22' Jump Shot (26 PTS) (Iguodala 5 AST),Made Shot,Jump Shot,1,455,21500069,2724,9.0,def_reb(24),2,-1,likely_open,subType: open-like
523,PT01M08.00S,4,1610612744,GSW,201939,Curry,S. Curry,-74,257,27,Made,1,108.0,106.0,214,h,Curry 27' 3PT Running Jump Shot (29 PTS),Made Shot,Running Jump Shot,1,469,21500069,2812,15.0,final_ft(24),3,-2,likely_open,"subType: open-like, distance: deep above-break 3 (>=27ft)"
36,PT08M17.00S,1,1610612744,GSW,201939,Curry,S. Curry,195,159,25,Missed,1,,,0,h,MISS Curry 25' 3PT Jump Shot,Missed Shot,Jump Shot,1,33,21500083,223,17.0,def_reb(24),3,-1,likely_open,subType: open-like
48,PT06M16.00S,1,1610612744,GSW,201939,Curry,S. Curry,10,2,1,Missed,1,,,0,h,MISS Curry 1' Layup,Missed Shot,Layup Shot,1,47,21500083,344,9.0,made_fg(24),2,1,borderline,distance: at-rim/very close
58,PT05M37.00S,1,1610612744,GSW,201939,Curry,S. Curry,212,139,25,Made,1,24.0,12.0,36,h,Curry 25' 3PT Pullup Jump Shot (3 PTS) (Green 4 AST),Made Shot,Pullup Jump shot,1,55,21500083,383,7.0,made_fg(24),3,3,likely_contested,"subType: contested-like, text: pressure-move"
60,PT05M12.00S,1,1610612744,GSW,201939,Curry,S. Curry,213,149,26,Missed,1,,,0,h,MISS Curry 26' 3PT Jump Shot,Missed Shot,Jump Shot,1,57,21500083,408,11.0,made_fg(24),3,-1,likely_open,subType: open-like
73,PT04M08.00S,1,1610612744,GSW,201939,Curry,S. Curry,-196,183,27,Made,1,29.0,17.0,46,h,Curry 27' 3PT Jump Shot (6 PTS) (Green 5 AST),Made Shot,Jump Shot,1,73,21500083,472,18.0,def_reb(24),3,-2,likely_open,"subType: open-like, distance: deep above-break 3 (>=27ft)"
93,PT02M54.00S,1,1610612744,GSW,201939,Curry,S. Curry,-81,252,26,Made,1,36.0,20.0,56,h,Curry 26' 3PT Jump Shot (9 PTS) (Green 6 AST),Made Shot,Jump Shot,1,90,21500083,546,5.0,keep_clock(24),3,0,likely_open,"subType: open-like, clock: late (<=5s)"
105,PT01M54.00S,1,1610612744,GSW,201939,Curry,S. Curry,87,134,16,Missed,1,,,0,h,MISS Curry 16' Jump Shot,Missed Shot,Jump Shot,1,102,21500083,606,15.0,made_fg(24),2,0,likely_open,"subType: open-like, distance: mid-range"
118,PT01M16.00S,1,1610612744,GSW,201939,Curry,S. Curry,233,-1,0,Missed,1,,,0,h,MISS Curry 3PT Jump Shot,Missed Shot,Jump Shot,1,114,21500083,644,9.0,off_reb(14),3,-1,likely_open,"subType: open-like, distance: at-rim/very close, coords: corner-3, corner: catch/spot"
132,PT00M06.60S,1,1610612744,GSW,201939,Curry,S. Curry,138,228,27,Made,1,40.0,23.0,63,h,Curry 27' 3PT Pullup Jump Shot (12 PTS) (Iguodala 1 AST),Made Shot,Pullup Jump shot,1,127,21500083,714,5.0,def_reb(24),3,3,likely_contested,"subType: contested-like, text: pressure-move, distance: deep above-break 3 (>=27ft), clock: late (<=5s)"
135,PT00M00.70S,1,1610612744,GSW,201939,Curry,S. Curry,-212,439,49,Missed,1,,,0,h,MISS Curry 49' 3PT Jump Shot,Missed Shot,Jump Shot,1,130,21500083,720,23.0,off_foul(24),3,-2,likely_open,"subType: open-like, distance: deep above-break 3 (>=27ft)"
245,PT03M13.00S,2,1610612744,GSW,201939,Curry,S. Curry,-12,21,2,Made,1,63.0,33.0,96,h,Curry 2' Running Layup (14 PTS) (K. Thompson 2 AST),Made Shot,Running Layup Shot,1,242,21500083,1247,17.0,def_reb(24),2,3,likely_contested,"subType: contested-like, distance: at-rim/very close"
275,PT01M06.00S,2,1610612744,GSW,201939,Curry,S. Curry,159,200,26,Made,1,68.0,39.0,107,h,Curry 26' 3PT Pullup Jump Shot (17 PTS) (Clark 1 AST),Made Shot,Pullup Jump shot,1,268,21500083,1374,15.0,turnover(24),3,3,likely_contested,"subType: contested-like, text: pressure-move"
280,PT00M25.90S,2,1610612744,GSW,201939,Curry,S. Curry,-212,134,25,Made,1,74.0,44.0,118,h,Curry 25' 3PT Turnaround Jump Shot (20 PTS) (Clark 3 AST),Made Shot,Turnaround Jump Shot,1,272,21500083,1415,11.0,made_fg(24),3,0,likely_open,
294,PT10M43.00S,3,1610612744,GSW,201939,Curry,S. Curry,-66,262,27,Missed,1,,,0,h,MISS Curry 27' 3PT Jump Shot,Missed Shot,Jump Shot,1,285,21500083,1517,16.0,made_fg(24),3,-2,likely_open,"subType: open-like, distance: deep above-break 3 (>=27ft)"
342,PT06M03.00S,3,1610612744,GSW,201939,Curry,S. Curry,236,8,24,Missed,1,,,0,h,MISS Curry 24' 3PT Jump Shot,Missed Shot,Jump Shot,1,327,21500083,1797,8.0,made_fg(24),3,-2,likely_open,"subType: open-like, coords: corner-3, corner: catch/spot"
344,PT05M58.00S,3,1610612744,GSW,201939,Curry,S. Curry,227,11,0,Made,1,87.0,63.0,150,h,Curry 3PT Step Back Jump Shot (23 PTS) (Ezeli 2 AST),Made Shot,Step Back Jump shot,1,329,21500083,1802,10.0,off_reb(14),3,4,likely_contested,"subType: contested-like, text: pressure-move, distance: at-rim/very close, coords: corner-3"
351,PT04M57.00S,3,1610612744,GSW,201939,Curry,S. Curry,-232,7,0,Missed,1,,,0,h,MISS Curry 3PT Pullup Jump Shot,Missed Shot,Pullup Jump shot,1,337,21500083,1863,7.0,keep_clock(21),3,4,likely_contested,"subType: contested-like, text: pressure-move, distance: at-rim/very close, coords: corner-3"
363,PT03M23.00S,3,1610612744,GSW,201939,Curry,S. Curry,10,111,11,Made,1,89.0,71.0,160,h,Curry 11' Floating Jump Shot (25 PTS),Made Shot,Floating Jump shot,1,349,21500083,1957,5.0,made_fg(24),2,4,likely_contested,"subType: contested-like, distance: mid-range, clock: late (<=5s)"
367,PT03M01.00S,3,1610612744,GSW,201939,Curry,S. Curry,227,106,25,Made,1,92.0,71.0,163,h,Curry 25' 3PT Pullup Jump Shot (28 PTS) (Iguodala 5 AST),Made Shot,Pullup Jump shot,1,353,21500083,1979,13.0,off_foul(24),3,3,likely_contested,"subType: contested-like, text: pressure-move"
370,PT02M28.00S,3,1610612744,GSW,201939,Curry,S. Curry,12,13,2,Made,1,94.0,73.0,167,h,Curry 2' Driving Reverse Layup (30 PTS),Made Shot,Driving Reverse Layup Shot,1,356,21500083,2012,4.0,made_fg(24),2,4,likely_contested,"subType: contested-like, distance: at-rim/very close, clock: late (<=5s)"
389,PT00M42.60S,3,1610612744,GSW,201939,Curry,S. Curry,17,18,2,Made,1,98.0,73.0,171,h,Curry 2' Driving Layup (32 PTS),Made Shot,Driving Layup Shot,1,374,21500083,2118,11.0,def_reb(24),2,3,likely_contested,"subType: contested-like, distance: at-rim/very close"
493,PT03M55.00S,4,1610612744,GSW,201939,Curry,S. Curry,55,252,26,Missed,1,,,0,h,MISS Curry 26' 3PT Step Back Jump Shot,Missed Shot,Step Back Jump shot,1,465,21500083,2645,10.0,made_fg(24),3,3,likely_contested,"subType: contested-like, text: pressure-move"
28,PT08M45.00S,1,1610612744,GSW,201939,Curry,S. Curry,-158,223,27,Missed,1,,,0,v,MISS Curry 27' 3PT Jump Shot,Missed Shot,Jump Shot,1,28,21500092,195,15.0,def_reb(24),3,-2,likely_open,"subType: open-like, distance: deep above-break 3 (>=27ft)"
62,PT05M56.00S,1,1610612744,GSW,201939,Curry,S. Curry,-171,92,19,Missed,1,,,0,v,MISS Curry 19' Jump Shot,Missed Shot,Jump Shot,1,63,21500092,364,10.0,off_reb(14),2,-1,likely_open,subType: open-like
99,PT03M09.00S,1,1610612744,GSW,201939,Curry,S. Curry,24,11,3,Made,1,11.0,11.0,22,v,Curry 3' Layup (2 PTS),Made Shot,Layup Shot,1,99,21500092,531,12.0,off_reb(14),2,1,borderline,distance: at-rim/very close
121,PT01M48.00S,1,1610612744,GSW,201939,Curry,S. Curry,-166,204,26,Missed,1,,,0,v,MISS Curry 26' 3PT Jump Shot,Missed Shot,Jump Shot,1,113,21500092,612,24.0,def_reb(24),3,-1,likely_open,subType: open-like
124,PT00M53.90S,1,1610612744,GSW,201939,Curry,S. Curry,-237,70,25,Missed,1,,,0,v,MISS Curry 25' 3PT Jump Shot,Missed Shot,Jump Shot,1,121,21500092,667,12.0,def_reb(24),3,-1,likely_open,subType: open-like
249,PT01M57.00S,2,1610612744,GSW,201939,Curry,S. Curry,104,234,26,Missed,1,,,0,v,MISS Curry 26' 3PT Jump Shot,Missed Shot,Jump Shot,1,236,21500092,1323,18.0,def_reb(24),3,-1,likely_open,subType: open-like
295,PT09M37.00S,3,1610612744,GSW,201939,Curry,S. Curry,-176,136,22,Made,1,44.0,50.0,94,v,Curry 22' Jump Shot (5 PTS) (K. Thompson 3 AST),Made Shot,Jump Shot,1,279,21500092,1583,12.0,keep_clock(24),2,-1,likely_open,subType: open-like
311,PT07M51.00S,3,1610612744,GSW,201939,Curry,S. Curry,-38,65,8,Made,1,50.0,53.0,103,v,Curry 8' Floating Jump Shot (7 PTS),Made Shot,Floating Jump shot,1,292,21500092,1689,16.0,made_fg(24),2,3,likely_contested,"subType: contested-like, distance: mid-range"
314,PT07M21.00S,3,1610612744,GSW,201939,Curry,S. Curry,123,205,24,Missed,1,,,0,v,MISS Curry 24' 3PT Jump Shot,Missed Shot,Jump Shot,1,295,21500092,1719,14.0,made_fg(24),3,-1,likely_open,subType: open-like
329,PT05M47.00S,3,1610612744,GSW,201939,Curry,S. Curry,-2,23,2,Made,1,55.0,58.0,113,v,Curry 2' Running Layup (9 PTS),Made Shot,Running Layup Shot,1,309,21500092,1813,19.0,def_reb(24),2,3,likely_contested,"subType: contested-like, distance: at-rim/very close"
333,PT05M31.00S,3,1610612744,GSW,201939,Curry,S. Curry,227,46,0,Missed,1,,,0,v,MISS Curry 3PT Jump Shot,Missed Shot,Jump Shot,1,312,21500092,1829,17.0,def_reb(24),3,-1,likely_open,"subType: open-like, distance: at-rim/very close, coords: corner-3, corner: catch/spot"
337,PT05M23.00S,3,1610612744,GSW,201939,Curry,S. Curry,227,90,24,Missed,1,,,0,v,MISS Curry 24' 3PT Jump Shot,Missed Shot,Jump Shot,1,316,21500092,1837,9.0,off_reb(14),3,-1,likely_open,subType: open-like
359,PT04M09.00S,3,1610612744,GSW,201939,Curry,S. Curry,14,23,3,Made,1,55.0,64.0,119,v,Curry 3' Driving Layup (11 PTS),Made Shot,Driving Layup Shot,1,334,21500092,1911,18.0,def_reb(24),2,3,likely_contested,"subType: contested-like, distance: at-rim/very close"
370,PT03M27.00S,3,1610612744,GSW,201939,Curry,S. Curry,2,8,1,Made,1,55.0,67.0,122,v,Curry 1' Running Layup (14 PTS),Made Shot,Running Layup Shot,1,345,21500092,1953,20.0,turnover(24),2,3,likely_contested,"subType: contested-like, distance: at-rim/very close"
395,PT00M20.90S,3,1610612744,GSW,201939,Curry,S. Curry,130,213,25,Missed,1,,,0,v,MISS Curry 25' 3PT Jump Shot,Missed Shot,Jump Shot,1,371,21500092,2140,7.0,final_ft(24),3,-1,likely_open,subType: open-like
467,PT05M50.00S,4,1610612744,GSW,201939,Curry,S. Curry,92,124,15,Missed,1,,,0,v,MISS Curry 15' Running Jump Shot,Missed Shot,Running Jump Shot,1,435,21500092,2530,8.0,turnover(24),2,0,likely_open,"subType: open-like, distance: mid-range"
474,PT05M43.00S,4,1610612744,GSW,201939,Curry,S. Curry,71,264,27,Made,1,79.0,81.0,160,v,Curry 27' 3PT Jump Shot (17 PTS) (Barnes 3 AST),Made Shot,Jump Shot,1,440,21500092,2537,8.0,def_foul_14(14),3,-2,likely_open,"subType: open-like, distance: deep above-break 3 (>=27ft)"
529,PT00M42.40S,4,1610612744,GSW,201939,Curry,S. Curry,-235,21,24,Made,1,88.0,97.0,185,v,Curry 24' 3PT Jump Shot (20 PTS) (Barnes 4 AST),Made Shot,Jump Shot,1,482,21500092,2838,1.0,made_fg(24),3,-1,likely_open,"subType: open-like, coords: corner-3, corner: catch/spot, clock: late (<=5s)"
8,PT10M46.00S,1,1610612744,GSW,201939,Curry,S. Curry,-19,95,10,Made,1,2.0,2.0,4,h,Curry 10' Step Back Jump Shot (2 PTS),Made Shot,Step Back Jump shot,1,10,21500104,74,18.0,turnover(24),2,4,likely_contested,"subType: contested-like, text: pressure-move, distance: mid-range"
58,PT04M18.00S,1,1610612744,GSW,201939,Curry,S. Curry,-1,46,5,Missed,1,,,0,h,MISS Curry 5' Floating Jump Shot,Missed Shot,Floating Jump shot,1,60,21500104,462,5.0,made_fg(24),2,4,likely_contested,"subType: contested-like, distance: at-rim/very close, clock: late (<=5s)"
65,PT03M44.00S,1,1610612744,GSW,201939,Curry,S. Curry,156,31,16,Missed,1,,,0,h,MISS Curry 16' Step Back Jump Shot,Missed Shot,Step Back Jump shot,1,67,21500104,496,9.0,def_reb(24),2,4,likely_contested,"subType: contested-like, text: pressure-move, distance: mid-range"
86,PT02M08.00S,1,1610612744,GSW,201939,Curry,S. Curry,96,80,12,Missed,1,,,0,h,MISS Curry 12' Floating Jump Shot,Missed Shot,Floating Jump shot,1,89,21500104,592,8.0,made_fg(24),2,3,likely_contested,"subType: contested-like, distance: mid-range"
93,PT01M34.00S,1,1610612744,GSW,201939,Curry,S. Curry,-232,31,0,Missed,1,,,0,h,MISS Curry 3PT Step Back Jump Shot,Missed Shot,Step Back Jump shot,1,96,21500104,626,5.0,keep_clock(24),3,5,likely_contested,"subType: contested-like, text: pressure-move, distance: at-rim/very close, coords: corner-3, clock: late (<=5s)"
159,PT07M25.00S,2,1610612744,GSW,201939,Curry,S. Curry,-214,134,25,Made,1,34.0,29.0,63,h,Curry 25' 3PT Pullup Jump Shot (6 PTS) (Green 5 AST),Made Shot,Pullup Jump shot,1,156,21500104,995,5.0,off_reb(14),3,4,likely_contested,"subType: contested-like, text: pressure-move, clock: late (<=5s)"
167,PT06M25.00S,2,1610612744,GSW,201939,Curry,S. Curry,-79,141,16,Missed,1,,,0,h,MISS Curry 16' Floating Jump Shot,Missed Shot,Floating Jump shot,1,163,21500104,1055,15.0,def_reb(24),2,3,likely_contested,"subType: contested-like, distance: mid-range"
189,PT04M44.00S,2,1610612744,GSW,201939,Curry,S. Curry,-7,23,2,Made,1,41.0,35.0,76,h,Curry 2' Driving Finger Roll Layup (8 PTS),Made Shot,Driving Finger Roll Layup Shot,1,185,21500104,1156,10.0,made_fg(24),2,1,borderline,distance: at-rim/very close
192,PT04M08.00S,2,1610612744,GSW,201939,Curry,S. Curry,137,208,25,Missed,1,,,0,h,MISS Curry 25' 3PT Pullup Jump Shot,Missed Shot,Pullup Jump shot,1,188,21500104,1192,16.0,def_reb(24),3,3,likely_contested,"subType: contested-like, text: pressure-move"
239,PT00M07.30S,2,1610612744,GSW,201939,Curry,S. Curry,-7,23,2,Made,1,55.0,46.0,101,h,Curry 2' Driving Finger Roll Layup (10 PTS),Made Shot,Driving Finger Roll Layup Shot,1,231,21500104,1433,8.0,off_foul(24),2,1,borderline,distance: at-rim/very close
258,PT10M13.00S,3,1610612744,GSW,201939,Curry,S. Curry,-22,26,3,Missed,1,,,0,h,MISS Curry 3' Running Jump Shot,Missed Shot,Running Jump Shot,1,248,21500104,1547,17.0,def_reb(24),2,0,likely_open,"subType: open-like, distance: at-rim/very close"
260,PT10M09.00S,3,1610612744,GSW,201939,Curry,S. Curry,-228,2,0,Missed,1,,,0,h,MISS Curry 3PT Jump Shot,Missed Shot,Jump Shot,1,251,21500104,1551,10.0,off_reb(14),3,-1,likely_open,"subType: open-like, distance: at-rim/very close, coords: corner-3, corner: catch/spot"
273,PT08M40.00S,3,1610612744,GSW,201939,Curry,S. Curry,150,213,26,Made,1,63.0,51.0,114,h,Curry 26' 3PT Jump Bank Shot (13 PTS) (Green 8 AST),Made Shot,Jump Bank Shot,1,265,21500104,1640,18.0,def_reb(24),3,2,likely_contested,subType: contested-like
315,PT04M37.00S,3,1610612744,GSW,201939,Curry,S. Curry,192,160,25,Missed,1,,,0,h,MISS Curry 25' 3PT Jump Shot,Missed Shot,Jump Shot,1,308,21500104,1883,3.0,def_reb(24),3,0,likely_open,"subType: open-like, clock: late (<=5s)"
350,PT01M52.00S,3,1610612744,GSW,201939,Curry,S. Curry,1,23,2,Missed,1,,,0,h,MISS Curry 2' Layup,Missed Shot,Layup Shot,1,340,21500104,2048,5.0,made_fg(24),2,2,likely_contested,"distance: at-rim/very close, clock: late (<=5s)"
356,PT01M04.00S,3,1610612744,GSW,201939,Curry,S. Curry,117,149,19,Missed,1,,,0,h,MISS Curry 19' Jump Shot,Missed Shot,Jump Shot,1,346,21500104,2096,,stale_reset(24),2,-1,likely_open,subType: open-like
373,PT00M15.90S,3,1610612744,GSW,201939,Curry,S. Curry,10,8,1,Made,1,80.0,74.0,154,h,Curry 1' Driving Layup (18 PTS),Made Shot,Driving Layup Shot,1,359,21500104,2145,4.0,final_ft(24),2,4,likely_contested,"subType: contested-like, distance: at-rim/very close, clock: late (<=5s)"
444,PT04M01.00S,4,1610612744,GSW,201939,Curry,S. Curry,-6,259,26,Made,1,101.0,84.0,185,h,Curry 26' 3PT Pullup Jump Shot (21 PTS),Made Shot,Pullup Jump shot,1,429,21500104,2639,13.0,made_fg(24),3,3,likely_contested,"subType: contested-like, text: pressure-move"
9,PT10M37.00S,1,1610612744,GSW,201939,Curry,S. Curry,25,2,3,Made,1,2.0,6.0,8,v,Curry 3' Driving Layup (2 PTS) (Green 1 AST),Made Shot,Driving Layup Shot,1,10,21500120,83,6.0,made_fg(24),2,3,likely_contested,"subType: contested-like, distance: at-rim/very close"
22,PT09M31.00S,1,1610612744,GSW,201939,Curry,S. Curry,-166,198,26,Missed,1,,,0,v,MISS Curry 26' 3PT Step Back Jump Shot,Missed Shot,Step Back Jump shot,1,20,21500120,149,18.0,turnover(24),3,3,likely_contested,"subType: contested-like, text: pressure-move"
30,PT08M34.00S,1,1610612744,GSW,201939,Curry,S. Curry,-235,33,24,Made,1,7.0,9.0,16,v,Curry 24' 3PT Jump Shot (5 PTS) (Barnes 1 AST),Made Shot,Jump Shot,1,28,21500120,206,10.0,def_reb(24),3,-2,likely_open,"subType: open-like, coords: corner-3, corner: catch/spot"
79,PT03M42.00S,1,1610612744,GSW,201939,Curry,S. Curry,-142,228,27,Missed,1,,,0,v,MISS Curry 27' 3PT Jump Shot,Missed Shot,Jump Shot,1,79,21500120,498,18.0,def_reb(24),3,-2,likely_open,"subType: open-like, distance: deep above-break 3 (>=27ft)"
94,PT02M31.00S,1,1610612744,GSW,201939,Curry,S. Curry,159,106,19,Missed,1,,,0,v,MISS Curry 19' Jump Bank Shot,Missed Shot,Jump Bank Shot,1,92,21500120,569,4.0,def_foul_14(14),2,3,likely_contested,"subType: contested-like, clock: late (<=5s)"
219,PT03M52.00S,2,1610612744,GSW,201939,Curry,S. Curry,110,232,26,Missed,1,,,0,v,MISS Curry 26' 3PT Jump Shot,Missed Shot,Jump Shot,1,211,21500120,1208,13.0,made_fg(24),3,-1,likely_open,subType: open-like
232,PT03M01.00S,2,1610612744,GSW,201939,Curry,S. Curry,-7,8,1,Made,1,34.0,43.0,77,v,Curry 1' Running Finger Roll Layup (7 PTS),Made Shot,Running Finger Roll Layup Shot,1,222,21500120,1259,12.0,made_fg(24),2,1,borderline,distance: at-rim/very close
252,PT02M19.00S,2,1610612744,GSW,201939,Curry,S. Curry,20,-6,2,Missed,1,,,0,v,MISS Curry 2' Driving Layup,Missed Shot,Driving Layup Shot,1,236,21500120,1301,9.0,keep_clock(17),2,3,likely_contested,"subType: contested-like, distance: at-rim/very close"
285,PT00M04.90S,2,1610612744,GSW,201939,Curry,S. Curry,46,264,27,Missed,1,,,0,v,MISS Curry 27' 3PT Jump Shot,Missed Shot,Jump Shot,1,263,21500120,1436,2.0,turnover(24),3,-1,likely_open,"subType: open-like, distance: deep above-break 3 (>=27ft), clock: late (<=5s)"
301,PT11M02.00S,3,1610612744,GSW,201939,Curry,S. Curry,-96,46,11,Missed,1,,,0,v,MISS Curry 11' Pullup Bank Shot,Missed Shot,Pullup Bank shot,1,277,21500120,1498,14.0,turnover(24),2,2,likely_contested,"text: pressure-move, distance: mid-range"
312,PT09M54.00S,3,1610612744,GSW,201939,Curry,S. Curry,0,16,2,Made,1,41.0,51.0,92,v,Curry 2' Running Layup (11 PTS),Made Shot,Running Layup Shot,1,290,21500120,1566,,stale_reset(14),2,3,likely_contested,"subType: contested-like, distance: at-rim/very close"
337,PT07M08.00S,3,1610612744,GSW,201939,Curry,S. Curry,-107,232,26,Missed,1,,,0,v,MISS Curry 26' 3PT Jump Shot,Missed Shot,Jump Shot,1,316,21500120,1732,11.0,turnover(24),3,-1,likely_open,subType: open-like
344,PT06M31.00S,3,1610612744,GSW,201939,Curry,S. Curry,151,154,22,Missed,1,,,0,v,MISS Curry 22' Jump Shot,Missed Shot,Jump Shot,1,324,21500120,1769,11.0,off_foul(24),2,-1,likely_open,subType: open-like
379,PT04M15.00S,3,1610612744,GSW,201939,Curry,S. Curry,-16,214,21,Missed,1,,,0,v,MISS Curry 21' Pullup Jump Shot,Missed Shot,Pullup Jump shot,1,349,21500120,1905,1.0,made_fg(24),2,4,likely_contested,"subType: contested-like, text: pressure-move, clock: late (<=5s)"
406,PT02M48.00S,3,1610612744,GSW,201939,Curry,S. Curry,9,11,1,Made,1,58.0,62.0,120,v,Curry 1' Driving Finger Roll Layup (17 PTS),Made Shot,Driving Finger Roll Layup Shot,1,371,21500120,1992,12.0,final_ft(24),2,1,borderline,distance: at-rim/very close
408,PT02M26.00S,3,1610612744,GSW,201939,Curry,S. Curry,-89,272,29,Made,1,58.0,65.0,123,v,Curry 29' 3PT Driving Bank Shot (20 PTS),Made Shot,Driving Bank shot,1,374,21500120,2014,12.0,turnover(24),3,-1,likely_open,distance: deep above-break 3 (>=27ft)
429,PT01M19.00S,3,1610612744,GSW,201939,Curry,S. Curry,158,232,28,Missed,1,,,0,v,MISS Curry 28' 3PT Jump Shot,Missed Shot,Jump Shot,1,391,21500120,2081,8.0,final_ft(24),3,-2,likely_open,"subType: open-like, distance: deep above-break 3 (>=27ft)"
439,PT00M13.90S,3,1610612744,GSW,201939,Curry,S. Curry,12,-5,1,Made,1,63.0,70.0,133,v,Curry 1' Driving Layup (22 PTS),Made Shot,Driving Layup Shot,1,399,21500120,2147,7.0,made_fg(24),2,3,likely_contested,"subType: contested-like, distance: at-rim/very close"
444,PT00M00.40S,3,1610612744,GSW,201939,Curry,S. Curry,-199,342,40,Made,1,63.0,74.0,137,v,Curry 40' 3PT Running Jump Shot (26 PTS),Made Shot,Running Jump Shot,1,404,21500120,2160,23.0,turnover(24),3,-2,likely_open,"subType: open-like, distance: deep above-break 3 (>=27ft)"
502,PT05M32.00S,4,1610612744,GSW,201939,Curry,S. Curry,-228,-15,0,Missed,1,,,0,v,MISS Curry 3PT Jump Shot,Missed Shot,Jump Shot,1,460,21500120,2548,0.0,def_foul_14(14),3,0,likely_open,"subType: open-like, distance: at-rim/very close, coords: corner-3, corner: catch/spot, clock: late (<=5s)"
544,PT02M37.00S,4,1610612744,GSW,201939,Curry,S. Curry,9,2,1,Made,1,75.0,95.0,170,v,Curry 1' Running Finger Roll Layup (28 PTS),Made Shot,Running Finger Roll Layup Shot,1,494,21500120,2723,21.0,turnover(24),2,1,borderline,distance: at-rim/very close
7,PT10M54.00S,1,1610612744,GSW,201939,Curry,S. Curry,-145,234,28,Made,1,0.0,7.0,7,v,Curry 28' 3PT Jump Shot (3 PTS),Made Shot,Jump Shot,1,9,21500125,66,16.0,turnover(24),3,-2,likely_open,"subType: open-like, distance: deep above-break 3 (>=27ft)"
19,PT09M48.00S,1,1610612744,GSW,201939,Curry,S. Curry,-235,75,25,Made,1,2.0,13.0,15,v,Curry 25' 3PT Jump Shot (9 PTS) (Barnes 1 AST),Made Shot,Jump Shot,1,19,21500125,132,6.0,made_fg(24),3,-1,likely_open,subType: open-like
36,PT08M07.00S,1,1610612744,GSW,201939,Curry,S. Curry,-25,13,3,Missed,1,,,0,v,MISS Curry 3' Layup,Missed Shot,Layup Shot,1,33,21500125,233,14.0,def_reb(24),2,1,borderline,distance: at-rim/very close
47,PT06M51.00S,1,1610612744,GSW,201939,Curry,S. Curry,-240,16,24,Made,1,10.0,22.0,32,v,Curry 24' 3PT Jump Shot (12 PTS) (Ezeli 2 AST),Made Shot,Jump Shot,1,45,21500125,309,9.0,made_fg(24),3,-2,likely_open,"subType: open-like, coords: corner-3, corner: catch/spot"
85,PT03M38.00S,1,1610612744,GSW,201939,Curry,S. Curry,130,124,18,Made,1,17.0,30.0,47,v,Curry 18' Pullup Jump Shot (16 PTS),Made Shot,Pullup Jump shot,1,78,21500125,502,17.0,def_reb(24),2,3,likely_contested,"subType: contested-like, text: pressure-move"
99,PT02M13.00S,1,1610612744,GSW,201939,Curry,S. Curry,230,26,0,Missed,1,,,0,v,MISS Curry 3PT Jump Shot,Missed Shot,Jump Shot,1,91,21500125,587,4.0,made_fg(24),3,0,likely_open,"subType: open-like, distance: at-rim/very close, coords: corner-3, corner: catch/spot, clock: late (<=5s)"
104,PT01M50.00S,1,1610612744,GSW,201939,Curry,S. Curry,4,-1,0,Made,1,21.0,35.0,56,v,Curry Layup (18 PTS) (Bogut 1 AST),Made Shot,Layup Shot,1,96,21500125,610,10.0,keep_clock(22),2,1,borderline,distance: at-rim/very close
108,PT00M53.80S,1,1610612744,GSW,201939,Curry,S. Curry,27,61,7,Missed,1,,,0,v,MISS Curry 7' Floating Jump Shot,Missed Shot,Floating Jump shot,1,100,21500125,667,16.0,made_fg(24),2,2,likely_contested,subType: contested-like
114,PT00M12.50S,1,1610612744,GSW,201939,Curry,S. Curry,91,224,24,Made,1,27.0,40.0,67,v,Curry 24' 3PT Jump Shot (21 PTS) (Iguodala 1 AST),Made Shot,Jump Shot,1,106,21500125,708,,stale_reset(14),3,-1,likely_open,subType: open-like
212,PT04M13.00S,2,1610612744,GSW,201939,Curry,S. Curry,-153,224,27,Missed,1,,,0,v,MISS Curry 27' 3PT Jump Shot,Missed Shot,Jump Shot,1,195,21500125,1187,15.0,final_ft(24),3,-2,likely_open,"subType: open-like, distance: deep above-break 3 (>=27ft)"
218,PT03M25.00S,2,1610612744,GSW,201939,Curry,S. Curry,-1,110,11,Made,1,52.0,66.0,118,v,Curry 11' Floating Jump Shot (23 PTS) (Green 6 AST),Made Shot,Floating Jump shot,1,201,21500125,1235,20.0,def_reb(24),2,3,likely_contested,"subType: contested-like, distance: mid-range"
253,PT00M00.40S,2,1610612744,GSW,201939,Curry,S. Curry,2,23,2,Made,1,63.0,75.0,138,v,Curry 2' Driving Layup (25 PTS),Made Shot,Driving Layup Shot,1,232,21500125,1440,7.0,def_foul_14(14),2,3,likely_contested,"subType: contested-like, distance: at-rim/very close"
293,PT08M33.00S,3,1610612744,GSW,201939,Curry,S. Curry,-214,11,21,Missed,1,,,0,v,MISS Curry 21' Jump Shot,Missed Shot,Jump Shot,1,267,21500125,1647,10.0,def_foul_14(14),2,-1,likely_open,subType: open-like
317,PT06M00.00S,3,1610612744,GSW,201939,Curry,S. Curry,-6,2,1,Missed,1,,,0,v,MISS Curry 1' Layup,Missed Shot,Layup Shot,1,289,21500125,1800,4.0,def_reb(24),2,2,likely_contested,"distance: at-rim/very close, clock: late (<=5s)"
326,PT05M17.00S,3,1610612744,GSW,201939,Curry,S. Curry,86,139,16,Made,1,70.0,84.0,154,v,Curry 16' Jump Shot (27 PTS),Made Shot,Jump Shot,1,298,21500125,1843,14.0,made_fg(24),2,0,likely_open,"subType: open-like, distance: mid-range"
365,PT03M06.00S,3,1610612744,GSW,201939,Curry,S. Curry,112,232,26,Made,1,76.0,94.0,170,v,Curry 26' 3PT Jump Shot (32 PTS),Made Shot,Jump Shot,1,325,21500125,1974,7.0,final_ft(24),3,-1,likely_open,subType: open-like
367,PT02M39.00S,3,1610612744,GSW,201939,Curry,S. Curry,192,159,25,Made,1,76.0,97.0,173,v,Curry 25' 3PT Jump Shot (35 PTS) (Green 9 AST),Made Shot,Jump Shot,1,328,21500125,2001,18.0,turnover(24),3,-1,likely_open,subType: open-like
369,PT02M01.00S,3,1610612744,GSW,201939,Curry,S. Curry,-58,247,25,Missed,1,,,0,v,MISS Curry 25' 3PT Jump Shot,Missed Shot,Jump Shot,1,330,21500125,2039,11.0,made_fg(24),3,-1,likely_open,subType: open-like
385,PT00M25.90S,3,1610612744,GSW,201939,Curry,S. Curry,-45,87,10,Missed,1,,,0,v,MISS Curry 10' Floating Jump Shot,Missed Shot,Floating Jump shot,1,344,21500125,2135,14.0,made_fg(24),2,3,likely_contested,"subType: contested-like, distance: mid-range"
454,PT05M51.00S,4,1610612744,GSW,201939,Curry,S. Curry,76,252,26,Made,1,103.0,112.0,215,v,Curry 26' 3PT Jump Shot (38 PTS),Made Shot,Jump Shot,1,407,21500125,2529,10.0,keep_clock(15),3,-1,likely_open,subType: open-like
456,PT05M23.00S,4,1610612744,GSW,201939,Curry,S. Curry,123,121,17,Made,1,105.0,114.0,219,v,Curry 17' Jump Shot (40 PTS),Made Shot,Jump Shot,1,409,21500125,2557,13.0,made_fg(24),2,-1,likely_open,subType: open-like
458,PT04M58.00S,4,1610612744,GSW,201939,Curry,S. Curry,151,213,26,Missed,1,,,0,v,MISS Curry 26' 3PT Jump Shot,Missed Shot,Jump Shot,1,411,21500125,2582,11.0,made_fg(24),3,-1,likely_open,subType: open-like
485,PT02M54.00S,4,1610612744,GSW,201939,Curry,S. Curry,-174,213,28,Missed,1,,,0,v,MISS Curry 28' 3PT Jump Shot,Missed Shot,Jump Shot,1,437,21500125,2706,1.0,turnover(24),3,-1,likely_open,"subType: open-like, distance: deep above-break 3 (>=27ft), clock: late (<=5s)"
503,PT01M55.00S,4,1610612744,GSW,201939,Curry,S. Curry,151,115,19,Made,1,113.0,123.0,236,v,Curry 19' Jump Bank Shot (42 PTS) (Iguodala 5 AST),Made Shot,Jump Bank Shot,1,451,21500125,2765,9.0,made_fg(24),2,2,likely_contested,subType: contested-like
527,PT00M29.90S,4,1610612744,GSW,201939,Curry,S. Curry,51,257,26,Made,1,116.0,129.0,245,v,Curry 26' 3PT Jump Shot (46 PTS) (Green 12 AST),Made Shot,Jump Shot,1,473,21500125,2851,6.0,final_ft(24),3,-1,likely_open,subType: open-like
3,PT11M26.00S,1,1610612744,GSW,201939,Curry,S. Curry,-14,65,7,Made,1,2.0,2.0,4,h,Curry 7' Driving Floating Jump Shot (2 PTS),Made Shot,Driving Floating Jump Shot,1,4,21500144,34,11.0,made_fg(24),2,2,likely_contested,subType: contested-like
5,PT10M51.00S,1,1610612744,GSW,201939,Curry,S. Curry,-223,134,26,Missed,1,,,0,h,MISS Curry 26' 3PT Jump Shot,Missed Shot,Jump Shot,1,6,21500144,69,3.0,made_fg(24),3,0,likely_open,"subType: open-like, clock: late (<=5s)"
14,PT10M03.00S,1,1610612744,GSW,201939,Curry,S. Curry,227,8,0,Missed,1,,,0,h,MISS Curry 3PT Jump Shot,Missed Shot,Jump Shot,1,14,21500144,117,11.0,made_fg(24),3,-1,likely_open,"subType: open-like, distance: at-rim/very close, coords: corner-3, corner: catch/spot"
28,PT07M21.00S,1,1610612744,GSW,201939,Curry,S. Curry,-63,259,27,Missed,1,,,0,h,MISS Curry 27' 3PT Pullup Jump Shot,Missed Shot,Pullup Jump shot,1,31,21500144,279,5.0,made_fg(24),3,3,likely_contested,"subType: contested-like, text: pressure-move, distance: deep above-break 3 (>=27ft), clock: late (<=5s)"
36,PT06M11.00S,1,1610612744,GSW,201939,Curry,S. Curry,19,11,2,Missed,1,,,0,h,MISS Curry 2' Running Layup,Missed Shot,Running Layup Shot,1,38,21500144,349,16.0,made_fg(24),2,3,likely_contested,"subType: contested-like, distance: at-rim/very close"
60,PT03M27.00S,1,1610612744,GSW,201939,Curry,S. Curry,-179,190,26,Made,1,16.0,27.0,43,h,Curry 26' 3PT Pullup Jump Shot (5 PTS) (Green 3 AST),Made Shot,Pullup Jump shot,1,64,21500144,513,12.0,made_fg(24),3,3,likely_contested,"subType: contested-like, text: pressure-move"
73,PT02M13.00S,1,1610612744,GSW,201939,Curry,S. Curry,35,65,7,Missed,1,,,0,h,MISS Curry 7' Driving Floating Jump Shot,Missed Shot,Driving Floating Jump Shot,1,76,21500144,587,7.0,def_violation_14(14),2,2,likely_contested,subType: contested-like
91,PT00M30.80S,1,1610612744,GSW,201939,Curry,S. Curry,127,219,25,Missed,1,,,0,h,MISS Curry 25' 3PT Jump Shot,Missed Shot,Jump Shot,1,94,21500144,690,12.0,made_fg(24),3,-1,likely_open,subType: open-like
97,PT00M01.20S,1,1610612744,GSW,201939,Curry,S. Curry,-196,8,20,Missed,1,,,0,h,MISS Curry 20' Pullup Jump Shot,Missed Shot,Pullup Jump shot,1,100,21500144,719,18.0,def_reb(24),2,3,likely_contested,"subType: contested-like, text: pressure-move"
196,PT03M09.00S,2,1610612744,GSW,201939,Curry,S. Curry,-68,242,25,Made,1,43.0,44.0,87,h,Curry 25' 3PT Pullup Jump Shot (8 PTS) (Green 4 AST),Made Shot,Pullup Jump shot,1,192,21500144,1251,18.0,def_reb(24),3,3,likely_contested,"subType: contested-like, text: pressure-move"
219,PT00M37.50S,2,1610612744,GSW,201939,Curry,S. Curry,-133,121,18,Made,1,49.0,50.0,99,h,Curry 18' Jump Shot (10 PTS),Made Shot,Jump Shot,1,215,21500144,1403,18.0,def_reb(24),2,-1,likely_open,subType: open-like
247,PT10M28.00S,3,1610612744,GSW,201939,Curry,S. Curry,-163,198,26,Missed,1,,,0,h,MISS Curry 26' 3PT Fadeaway Jumper,Missed Shot,Fadeaway Jump Shot,1,235,21500144,1532,14.0,final_ft(24),3,3,likely_contested,"subType: contested-like, text: pressure-move"
250,PT10M02.00S,3,1610612744,GSW,201939,Curry,S. Curry,-1,21,2,Made,1,57.0,60.0,117,h,Curry 2' Driving Finger Roll Layup (15 PTS),Made Shot,Driving Finger Roll Layup Shot,1,238,21500144,1558,14.0,made_fg(24),2,1,borderline,distance: at-rim/very close
255,PT09M28.00S,3,1610612744,GSW,201939,Curry,S. Curry,110,174,21,Made,1,59.0,60.0,119,h,Curry 21' Pullup Jump Shot (17 PTS),Made Shot,Pullup Jump shot,1,244,21500144,1592,19.0,def_reb(24),2,3,likely_contested,"subType: contested-like, text: pressure-move"
265,PT07M43.00S,3,1610612744,GSW,201939,Curry,S. Curry,-178,214,28,Missed,1,,,0,h,MISS Curry 28' 3PT Pullup Jump Shot,Missed Shot,Pullup Jump shot,1,254,21500144,1697,17.0,made_fg(24),3,2,likely_contested,"subType: contested-like, text: pressure-move, distance: deep above-break 3 (>=27ft)"
281,PT05M35.00S,3,1610612744,GSW,201939,Curry,S. Curry,92,56,11,Made,1,65.0,69.0,134,h,Curry 11' Driving Floating Bank Jump Shot (19 PTS) (Green 6 AST),Made Shot,Driving Floating Bank Jump Shot,1,272,21500144,1825,3.0,made_fg(24),2,4,likely_contested,"subType: contested-like, distance: mid-range, clock: late (<=5s)"
304,PT03M13.00S,3,1610612744,GSW,201939,Curry,S. Curry,-194,170,26,Made,1,68.0,71.0,139,h,Curry 26' 3PT Step Back Jump Shot (22 PTS) (Bogut 3 AST),Made Shot,Step Back Jump shot,1,293,21500144,1967,14.0,def_reb(24),3,3,likely_contested,"subType: contested-like, text: pressure-move"
316,PT02M09.00S,3,1610612744,GSW,201939,Curry,S. Curry,2,43,4,Made,1,70.0,73.0,143,h,Curry 4' Driving Floating Jump Shot (24 PTS) (Bogut 4 AST),Made Shot,Driving Floating Jump Shot,1,304,21500144,2031,7.0,made_fg(24),2,3,likely_contested,"subType: contested-like, distance: at-rim/very close"
323,PT01M11.00S,3,1610612744,GSW,201939,Curry,S. Curry,120,232,26,Missed,1,,,0,h,MISS Curry 26' 3PT Pullup Jump Shot,Missed Shot,Pullup Jump shot,1,312,21500144,2089,18.0,turnover(24),3,3,likely_contested,"subType: contested-like, text: pressure-move"
330,PT00M30.90S,3,1610612744,GSW,201939,Curry,S. Curry,91,242,26,Missed,1,,,0,h,MISS Curry 26' 3PT Jump Shot,Missed Shot,Jump Shot,1,319,21500144,2130,15.0,made_fg(24),3,-1,likely_open,subType: open-like
332,PT00M25.90S,3,1610612744,GSW,201939,Curry,S. Curry,10,262,26,Missed,1,,,0,h,MISS Curry 26' 3PT Pullup Bank Shot,Missed Shot,Pullup Bank shot,1,321,21500144,2135,9.0,off_reb(14),3,1,borderline,text: pressure-move
374,PT07M27.00S,4,1610612744,GSW,201939,Curry,S. Curry,-209,141,25,Made,1,79.0,83.0,162,h,Curry 25' 3PT Pullup Jump Shot (27 PTS) (Iguodala 2 AST),Made Shot,Pullup Jump shot,1,362,21500144,2433,10.0,keep_clock(21),3,3,likely_contested,"subType: contested-like, text: pressure-move"
377,PT06M54.00S,4,1610612744,GSW,201939,Curry,S. Curry,-6,85,9,Missed,1,,,0,h,MISS Curry 9' Floating Jump Shot,Missed Shot,Floating Jump shot,1,365,21500144,2466,11.0,def_reb(24),2,3,likely_contested,"subType: contested-like, distance: mid-range"
389,PT06M28.00S,4,1610612744,GSW,201939,Curry,S. Curry,141,200,24,Missed,1,,,0,h,MISS Curry 24' 3PT Jump Shot,Missed Shot,Jump Shot,1,376,21500144,2492,6.0,final_ft(24),3,-1,likely_open,subType: open-like
397,PT05M24.00S,4,1610612744,GSW,201939,Curry,S. Curry,-235,47,24,Made,1,84.0,85.0,169,h,Curry 24' 3PT Pullup Jump Shot (30 PTS) (Green 7 AST),Made Shot,Pullup Jump shot,1,384,21500144,2556,17.0,def_reb(24),3,3,likely_contested,"subType: contested-like, text: pressure-move, coords: corner-3"
409,PT04M36.00S,4,1610612744,GSW,201939,Curry,S. Curry,10,2,1,Made,1,86.0,85.0,171,h,Curry 1' Driving Reverse Layup (32 PTS) (Green 8 AST),Made Shot,Driving Reverse Layup Shot,1,396,21500144,2604,3.0,def_reb(24),2,4,likely_contested,"subType: contested-like, distance: at-rim/very close, clock: late (<=5s)"
412,PT04M07.00S,4,1610612744,GSW,201939,Curry,S. Curry,-156,85,18,Missed,1,,,0,h,MISS Curry 18' Pullup Jump Shot,Missed Shot,Pullup Jump shot,1,399,21500144,2633,18.0,def_reb(24),2,3,likely_contested,"subType: contested-like, text: pressure-move"
462,PT00M22.90S,4,1610612744,GSW,201939,Curry,S. Curry,-2,21,2,Missed,1,,,0,h,MISS Curry 2' Running Layup,Missed Shot,Running Layup Shot,1,439,21500144,2858,17.0,final_ft(24),2,3,likely_contested,"subType: contested-like, distance: at-rim/very close"
499,PT04M00.00S,5,1610612744,GSW,201939,Curry,S. Curry,-165,185,25,Missed,1,,,0,h,MISS Curry 25' 3PT Turnaround Jump Shot,Missed Shot,Turnaround Jump Shot,1,474,21500144,2940,6.0,def_reb(24),3,0,likely_open,
510,PT02M05.00S,5,1610612744,GSW,201939,Curry,S. Curry,0,1,0,Made,1,105.0,97.0,202,h,Curry Driving Dunk (34 PTS) (Iguodala 6 AST),Made Shot,Driving Dunk Shot,1,486,21500144,3055,4.0,def_reb(24),2,4,likely_contested,"subType: contested-like, distance: at-rim/very close, clock: late (<=5s)"
522,PT00M38.90S,5,1610612744,GSW,201939,Curry,S. Curry,-125,129,18,Missed,1,,,0,h,MISS Curry 18' Step Back Jump Shot,Missed Shot,Step Back Jump shot,1,497,21500144,3142,1.0,def_foul_14(14),2,4,likely_contested,"subType: contested-like, text: pressure-move, clock: late (<=5s)"
8,PT11M03.00S,1,1610612744,GSW,201939,Curry,S. Curry,-232,46,24,Missed,1,,,0,h,MISS Curry 24' 3PT Jump Shot,Missed Shot,Jump Shot,1,9,21500164,57,17.0,def_reb(24),3,-2,likely_open,"subType: open-like, coords: corner-3, corner: catch/spot"
18,PT09M51.00S,1,1610612744,GSW,201939,Curry,S. Curry,-22,43,5,Missed,1,,,0,h,MISS Curry 5' Driving Floating Jump Shot,Missed Shot,Driving Floating Jump Shot,1,17,21500164,129,6.0,made_fg(24),2,3,likely_contested,"subType: contested-like, distance: at-rim/very close"
40,PT07M50.00S,1,1610612744,GSW,201939,Curry,S. Curry,9,18,2,Made,1,11.0,6.0,17,h,Curry 2' Running Layup (2 PTS),Made Shot,Running Layup Shot,1,37,21500164,250,14.0,def_reb(24),2,3,likely_contested,"subType: contested-like, distance: at-rim/very close"
93,PT02M54.00S,1,1610612744,GSW,201939,Curry,S. Curry,-20,26,3,Missed,1,,,0,h,MISS Curry 3' Jump Shot,Missed Shot,Jump Shot,1,86,21500164,546,11.0,final_ft(24),2,0,likely_open,"subType: open-like, distance: at-rim/very close"
96,PT02M39.00S,1,1610612744,GSW,201939,Curry,S. Curry,64,252,26,Made,1,20.0,21.0,41,h,Curry 26' 3PT Pullup Jump Shot (5 PTS) (Barnes 1 AST),Made Shot,Pullup Jump shot,1,89,21500164,561,0.0,def_foul_14(14),3,4,likely_contested,"subType: contested-like, text: pressure-move, clock: late (<=5s)"
98,PT02M08.00S,1,1610612744,GSW,201939,Curry,S. Curry,-178,185,26,Missed,1,,,0,h,MISS Curry 26' 3PT Pullup Jump Shot,Missed Shot,Pullup Jump shot,1,91,21500164,592,9.0,made_fg(24),3,3,likely_contested,"subType: contested-like, text: pressure-move"
103,PT01M52.00S,1,1610612744,GSW,201939,Curry,S. Curry,-233,11,0,Missed,1,,,0,h,MISS Curry 3PT Jump Shot,Missed Shot,Jump Shot,1,95,21500164,608,5.0,def_foul_14(14),3,0,likely_open,"subType: open-like, distance: at-rim/very close, coords: corner-3, corner: catch/spot, clock: late (<=5s)"
114,PT01M12.00S,1,1610612744,GSW,201939,Curry,S. Curry,163,131,21,Missed,1,,,0,h,MISS Curry 21' Step Back Jump Shot,Missed Shot,Step Back Jump shot,1,105,21500164,648,13.0,made_fg(24),2,3,likely_contested,"subType: contested-like, text: pressure-move"
121,PT00M19.40S,1,1610612744,GSW,201939,Curry,S. Curry,109,232,26,Made,1,29.0,25.0,54,h,Curry 26' 3PT Pullup Jump Shot (9 PTS) (Iguodala 2 AST),Made Shot,Pullup Jump shot,1,112,21500164,701,20.0,def_reb(24),3,3,likely_contested,"subType: contested-like, text: pressure-move"
194,PT03M57.00S,2,1610612744,GSW,201939,Curry,S. Curry,10,8,1,Made,1,51.0,43.0,94,h,Curry 1' Driving Finger Roll Layup (11 PTS),Made Shot,Driving Finger Roll Layup Shot,1,185,21500164,1203,10.0,made_fg(24),2,1,borderline,distance: at-rim/very close
200,PT03M17.00S,2,1610612744,GSW,201939,Curry,S. Curry,-4,56,6,Made,1,55.0,45.0,100,h,Curry 6' Turnaround Jump Shot (13 PTS),Made Shot,Turnaround Jump Shot,1,192,21500164,1243,22.0,turnover(24),2,0,likely_open,
211,PT02M08.00S,2,1610612744,GSW,201939,Curry,S. Curry,-27,252,25,Missed,1,,,0,h,MISS Curry 25' 3PT Pullup Jump Shot,Missed Shot,Pullup Jump shot,1,202,21500164,1312,20.0,def_reb(24),3,3,likely_contested,"subType: contested-like, text: pressure-move"
218,PT01M25.00S,2,1610612744,GSW,201939,Curry,S. Curry,-30,252,25,Made,1,63.0,45.0,108,h,Curry 25' 3PT Pullup Jump Shot (16 PTS) (Iguodala 6 AST),Made Shot,Pullup Jump shot,1,209,21500164,1355,9.0,off_reb(14),3,3,likely_contested,"subType: contested-like, text: pressure-move"
240,PT11M44.00S,3,1610612744,GSW,201939,Curry,S. Curry,55,193,20,Made,1,65.0,47.0,112,h,Curry 20' Pullup Jump Shot (18 PTS) (Bogut 2 AST),Made Shot,Pullup Jump shot,1,229,21500164,1456,8.0,period_start(24),2,3,likely_contested,"subType: contested-like, text: pressure-move"
284,PT05M56.00S,3,1610612744,GSW,201939,Curry,S. Curry,-19,16,2,Made,1,75.0,67.0,142,h,Curry 2' Driving Finger Roll Layup (20 PTS),Made Shot,Driving Finger Roll Layup Shot,1,276,21500164,1804,10.0,def_reb(24),2,1,borderline,distance: at-rim/very close
291,PT05M16.00S,3,1610612744,GSW,201939,Curry,S. Curry,-122,239,27,Missed,1,,,0,h,MISS Curry 27' 3PT Jump Shot,Missed Shot,Jump Shot,1,282,21500164,1844,10.0,turnover(24),3,-2,likely_open,"subType: open-like, distance: deep above-break 3 (>=27ft)"
304,PT04M13.00S,3,1610612744,GSW,201939,Curry,S. Curry,96,110,15,Made,1,79.0,71.0,150,h,Curry 15' Floating Jump Shot (22 PTS),Made Shot,Floating Jump shot,1,293,21500164,1907,14.0,made_fg(24),2,3,likely_contested,"subType: contested-like, distance: mid-range"
313,PT03M15.00S,3,1610612744,GSW,201939,Curry,S. Curry,-147,205,25,Made,1,82.0,75.0,157,h,Curry 25' 3PT Pullup Jump Shot (25 PTS),Made Shot,Pullup Jump shot,1,300,21500164,1965,15.0,made_fg(24),3,3,likely_contested,"subType: contested-like, text: pressure-move"
350,PT00M16.70S,3,1610612744,GSW,201939,Curry,S. Curry,-32,82,9,Made,1,88.0,81.0,169,h,Curry 9' Driving Floating Jump Shot (27 PTS),Made Shot,Driving Floating Jump Shot,1,334,21500164,2144,8.0,made_fg(24),2,3,likely_contested,"subType: contested-like, distance: mid-range"
447,PT06M24.00S,4,1610612744,GSW,201939,Curry,S. Curry,66,90,11,Missed,1,,,0,h,MISS Curry 11' Floating Jump Shot,Missed Shot,Floating Jump shot,1,415,21500164,2496,12.0,final_ft(24),2,3,likely_contested,"subType: contested-like, distance: mid-range"
463,PT05M18.00S,4,1610612744,GSW,201939,Curry,S. Curry,-4,257,26,Made,1,101.0,98.0,199,h,Curry 26' 3PT Pullup Jump Shot (30 PTS),Made Shot,Pullup Jump shot,1,429,21500164,2562,13.0,off_foul(24),3,3,likely_contested,"subType: contested-like, text: pressure-move"
518,PT01M28.00S,4,1610612744,GSW,201939,Curry,S. Curry,130,106,17,Made,1,108.0,103.0,211,h,Curry 17' Turnaround Jump Shot (32 PTS),Made Shot,Turnaround Jump Shot,1,475,21500164,2792,13.0,def_reb(24),2,0,likely_open,
545,PT00M25.90S,4,1610612744,GSW,201939,Curry,S. Curry,43,36,6,Missed,1,,,0,h,MISS Curry 6' Jump Shot,Missed Shot,Jump Shot,1,494,21500164,2855,11.0,made_fg(24),2,-1,likely_open,subType: open-like
8,PT11M08.00S,1,1610612744,GSW,201939,Curry,S. Curry,-202,178,27,Made,1,0.0,3.0,3,v,Curry 27' 3PT Jump Shot (3 PTS),Made Shot,Jump Shot,1,7,21500177,52,13.0,def_reb(24),3,-2,likely_open,"subType: open-like, distance: deep above-break 3 (>=27ft)"
10,PT10M39.00S,1,1610612744,GSW,201939,Curry,S. Curry,-58,272,28,Missed,1,,,0,v,MISS Curry 28' 3PT Jump Shot,Missed Shot,Jump Shot,1,9,21500177,81,4.0,made_fg(24),3,-1,likely_open,"subType: open-like, distance: deep above-break 3 (>=27ft), clock: late (<=5s)"
136,PT10M01.00S,2,1610612744,GSW,201939,Curry,S. Curry,163,214,27,Missed,1,,,0,v,MISS Curry 27' 3PT Jump Shot,Missed Shot,Jump Shot,1,122,21500177,839,11.0,made_fg(24),3,-2,likely_open,"subType: open-like, distance: deep above-break 3 (>=27ft)"
143,PT09M03.00S,2,1610612744,GSW,201939,Curry,S. Curry,32,23,4,Missed,1,,,0,v,MISS Curry 4' Jump Shot,Missed Shot,Jump Shot,1,129,21500177,897,5.0,made_fg(24),2,1,borderline,"subType: open-like, distance: at-rim/very close, clock: late (<=5s)"
157,PT08M01.00S,2,1610612744,GSW,201939,Curry,S. Curry,22,23,3,Missed,1,,,0,v,MISS Curry 3' Reverse Layup,Missed Shot,Reverse Layup Shot,1,142,21500177,959,17.0,def_reb(24),2,3,likely_contested,"subType: contested-like, distance: at-rim/very close"
159,PT07M54.00S,2,1610612744,GSW,201939,Curry,S. Curry,236,21,24,Made,1,50.0,32.0,82,v,Curry 24' 3PT Jump Shot (6 PTS) (Ezeli 2 AST),Made Shot,Jump Shot,1,144,21500177,966,8.0,off_reb(14),3,-2,likely_open,"subType: open-like, coords: corner-3, corner: catch/spot"
174,PT06M45.00S,2,1610612744,GSW,201939,Curry,S. Curry,-70,252,26,Missed,1,,,0,v,MISS Curry 26' 3PT Jump Shot,Missed Shot,Jump Shot,1,157,21500177,1035,14.0,def_reb(24),3,-1,likely_open,subType: open-like
247,PT02M33.00S,2,1610612744,GSW,201939,Curry,S. Curry,-29,11,3,Made,1,60.0,45.0,105,v,Curry 3' Driving Layup (12 PTS),Made Shot,Driving Layup Shot,1,222,21500177,1287,7.0,def_reb(24),2,3,likely_contested,"subType: contested-like, distance: at-rim/very close"
281,PT00M06.60S,2,1610612744,GSW,201939,Curry,S. Curry,-148,232,28,Made,1,68.0,54.0,122,v,Curry 28' 3PT Jump Shot (17 PTS),Made Shot,Jump Shot,1,247,21500177,1434,3.0,made_fg(24),3,-1,likely_open,"subType: open-like, distance: deep above-break 3 (>=27ft), clock: late (<=5s)"
306,PT10M18.00S,3,1610612744,GSW,201939,Curry,S. Curry,-156,213,26,Missed,1,,,0,v,MISS Curry 26' 3PT Jump Shot,Missed Shot,Jump Shot,1,268,21500177,1542,10.0,off_reb(14),3,-1,likely_open,subType: open-like
333,PT07M19.00S,3,1610612744,GSW,201939,Curry,S. Curry,109,178,21,Made,1,79.0,66.0,145,v,Curry 21' Jump Shot (19 PTS) (Bogut 1 AST),Made Shot,Jump Shot,1,295,21500177,1721,11.0,def_reb(24),2,-1,likely_open,subType: open-like
338,PT06M50.00S,3,1610612744,GSW,201939,Curry,S. Curry,-1,36,4,Made,1,79.0,68.0,147,v,Curry 4' Driving Layup (21 PTS),Made Shot,Driving Layup Shot,1,299,21500177,1750,19.0,def_reb(24),2,3,likely_contested,"subType: contested-like, distance: at-rim/very close"
340,PT06M28.00S,3,1610612744,GSW,201939,Curry,S. Curry,-120,232,26,Missed,1,,,0,v,MISS Curry 26' 3PT Jump Shot,Missed Shot,Jump Shot,1,301,21500177,1772,10.0,turnover(24),3,-1,likely_open,subType: open-like
361,PT04M26.00S,3,1610612744,GSW,201939,Curry,S. Curry,15,41,4,Made,1,83.0,74.0,157,v,Curry 4' Jump Shot (23 PTS) (Green 4 AST),Made Shot,Jump Shot,1,320,21500177,1894,10.0,def_reb(24),2,0,likely_open,"subType: open-like, distance: at-rim/very close"
371,PT03M32.00S,3,1610612744,GSW,201939,Curry,S. Curry,48,259,26,Missed,1,,,0,v,MISS Curry 26' 3PT Jump Shot,Missed Shot,Jump Shot,1,328,21500177,1948,12.0,def_reb(24),3,-1,likely_open,subType: open-like
377,PT02M47.00S,3,1610612744,GSW,201939,Curry,S. Curry,28,13,3,Made,1,87.0,78.0,165,v,Curry 3' Driving Bank Shot (25 PTS),Made Shot,Driving Bank shot,1,335,21500177,1993,10.0,def_reb(24),2,1,borderline,distance: at-rim/very close
401,PT01M01.00S,3,1610612744,GSW,201939,Curry,S. Curry,71,237,25,Missed,1,,,0,v,MISS Curry 25' 3PT Jump Shot,Missed Shot,Jump Shot,1,355,21500177,2099,10.0,turnover(24),3,-1,likely_open,subType: open-like
405,PT00M29.90S,3,1610612744,GSW,201939,Curry,S. Curry,87,134,16,Missed,1,,,0,v,MISS Curry 16' Jump Shot,Missed Shot,Jump Shot,1,358,21500177,2131,,stale_reset(24),2,0,likely_open,"subType: open-like, distance: mid-range"
485,PT06M31.00S,4,1610612744,GSW,201939,Curry,S. Curry,-125,218,25,Made,1,105.0,99.0,204,v,Curry 25' 3PT Jump Shot (30 PTS) (Green 5 AST),Made Shot,Jump Shot,1,426,21500177,2489,4.0,made_fg(24),3,0,likely_open,"subType: open-like, clock: late (<=5s)"
496,PT05M33.00S,4,1610612744,GSW,201939,Curry,S. Curry,176,178,25,Made,1,109.0,102.0,211,v,Curry 25' 3PT Jump Shot (33 PTS) (Barnes 1 AST),Made Shot,Jump Shot,1,436,21500177,2547,3.0,made_fg(24),3,0,likely_open,"subType: open-like, clock: late (<=5s)"
523,PT02M03.00S,4,1610612744,GSW,201939,Curry,S. Curry,145,213,26,Missed,1,,,0,v,MISS Curry 26' 3PT Jump Shot,Missed Shot,Jump Shot,1,458,21500177,2757,8.0,made_fg(24),3,-1,likely_open,subType: open-like
525,PT01M47.00S,4,1610612744,GSW,201939,Curry,S. Curry,-47,242,25,Made,1,115.0,116.0,231,v,Curry 25' 3PT Jump Shot (36 PTS) (Green 9 AST),Made Shot,Jump Shot,1,460,21500177,2773,,stale_reset(14),3,-1,likely_open,subType: open-like
14,PT09M50.00S,1,1610612744,GSW,201939,Curry,S. Curry,-127,213,25,Made,1,7.0,6.0,13,h,Curry 25' 3PT Jump Bank Shot (3 PTS),Made Shot,Jump Bank Shot,1,15,21500187,130,14.0,made_fg(24),3,2,likely_contested,subType: contested-like
24,PT08M34.00S,1,1610612744,GSW,201939,Curry,S. Curry,-24,21,3,Missed,1,,,0,h,MISS Curry 3' Jump Shot,Missed Shot,Jump Shot,1,26,21500187,206,18.0,def_reb(24),2,0,likely_open,"subType: open-like, distance: at-rim/very close"
32,PT07M30.00S,1,1610612744,GSW,201939,Curry,S. Curry,14,85,9,Made,1,11.0,12.0,23,h,Curry 9' Driving Hook Shot (5 PTS),Made Shot,Driving Hook Shot,1,35,21500187,270,13.0,made_fg(24),2,3,likely_contested,"subType: contested-like, distance: mid-range"
35,PT07M01.00S,1,1610612744,GSW,201939,Curry,S. Curry,228,116,26,Missed,1,,,0,h,MISS Curry 26' 3PT Jump Shot,Missed Shot,Jump Shot,1,39,21500187,299,16.0,def_reb(24),3,-1,likely_open,subType: open-like
48,PT05M48.00S,1,1610612744,GSW,201939,Curry,S. Curry,163,218,27,Missed,1,,,0,h,MISS Curry 27' 3PT Jump Shot,Missed Shot,Jump Shot,1,51,21500187,372,11.0,made_fg(24),3,-2,likely_open,"subType: open-like, distance: deep above-break 3 (>=27ft)"
76,PT03M12.00S,1,1610612744,GSW,201939,Curry,S. Curry,79,249,26,Made,1,20.0,25.0,45,h,Curry 26' 3PT Jump Shot (8 PTS) (Ezeli 1 AST),Made Shot,Jump Shot,1,74,21500187,528,11.0,def_reb(24),3,-1,likely_open,subType: open-like
89,PT00M36.00S,1,1610612744,GSW,201939,Curry,S. Curry,150,219,27,Missed,1,,,0,h,MISS Curry 27' 3PT Jump Shot,Missed Shot,Jump Shot,1,99,21500187,684,12.0,off_reb(14),3,-2,likely_open,"subType: open-like, distance: deep above-break 3 (>=27ft)"
191,PT02M30.00S,2,1610612744,GSW,201939,Curry,S. Curry,114,223,25,Missed,1,,,0,h,MISS Curry 25' 3PT Jump Shot,Missed Shot,Jump Shot,1,190,21500187,1290,20.0,def_reb(24),3,-1,likely_open,subType: open-like
216,PT00M19.50S,2,1610612744,GSW,201939,Curry,S. Curry,10,11,1,Made,1,50.0,47.0,97,h,Curry 1' Driving Layup (10 PTS),Made Shot,Driving Layup Shot,1,207,21500187,1421,10.0,made_fg(24),2,3,likely_contested,"subType: contested-like, distance: at-rim/very close"
244,PT10M24.00S,3,1610612744,GSW,201939,Curry,S. Curry,9,16,2,Made,1,52.0,51.0,103,h,Curry 2' Driving Layup (12 PTS),Made Shot,Driving Layup Shot,1,223,21500187,1536,13.0,made_fg(24),2,3,likely_contested,"subType: contested-like, distance: at-rim/very close"
256,PT09M35.00S,3,1610612744,GSW,201939,Curry,S. Curry,2,61,6,Made,1,56.0,54.0,110,h,Curry 6' Driving Floating Jump Shot (14 PTS),Made Shot,Driving Floating Jump Shot,1,231,21500187,1585,13.0,final_ft(24),2,2,likely_contested,subType: contested-like
261,PT09M10.00S,3,1610612744,GSW,201939,Curry,S. Curry,-156,213,26,Missed,1,,,0,h,MISS Curry 26' 3PT Pullup Jump Shot,Missed Shot,Pullup Jump shot,1,236,21500187,1610,18.0,def_reb(24),3,3,likely_contested,"subType: contested-like, text: pressure-move"
345,PT03M13.00S,3,1610612744,GSW,201939,Curry,S. Curry,-219,134,26,Missed,1,,,0,h,MISS Curry 26' 3PT Jump Shot,Missed Shot,Jump Shot,1,313,21500187,1967,17.0,turnover(24),3,-1,likely_open,subType: open-like
380,PT00M50.90S,3,1610612744,GSW,201939,Curry,S. Curry,87,164,19,Made,1,77.0,73.0,150,h,Curry 19' Jump Shot (18 PTS),Made Shot,Jump Shot,1,339,21500187,2110,11.0,turnover(24),2,-1,likely_open,subType: open-like
385,PT00M04.90S,3,1610612744,GSW,201939,Curry,S. Curry,-129,87,16,Missed,1,,,0,h,MISS Curry 16' Jump Shot,Missed Shot,Jump Shot,1,344,21500187,2156,7.0,def_reb(24),2,0,likely_open,"subType: open-like, distance: mid-range"
463,PT05M33.00S,4,1610612744,GSW,201939,Curry,S. Curry,140,208,25,Missed,1,,,0,h,MISS Curry 25' 3PT Step Back Jump Shot,Missed Shot,Step Back Jump shot,1,412,21500187,2547,13.0,made_fg(24),3,3,likely_contested,"subType: contested-like, text: pressure-move"
465,PT05M26.00S,4,1610612744,GSW,201939,Curry,S. Curry,-29,252,25,Made,1,92.0,89.0,181,h,Curry 25' 3PT Jump Shot (21 PTS) (K. Thompson 3 AST),Made Shot,Jump Shot,1,414,21500187,2554,7.0,off_reb(14),3,-1,likely_open,subType: open-like
476,PT04M28.00S,4,1610612744,GSW,201939,Curry,S. Curry,-65,252,26,Missed,1,,,0,h,MISS Curry 26' 3PT Jump Shot,Missed Shot,Jump Shot,1,421,21500187,2612,17.0,turnover(24),3,-1,likely_open,subType: open-like
478,PT04M23.00S,4,1610612744,GSW,201939,Curry,S. Curry,-4,8,1,Missed,1,,,0,h,MISS Curry 1' Driving Finger Roll Layup,Missed Shot,Driving Finger Roll Layup Shot,1,423,21500187,2617,9.0,off_reb(14),2,1,borderline,distance: at-rim/very close
486,PT03M48.00S,4,1610612744,GSW,201939,Curry,S. Curry,9,3,1,Made,1,94.0,89.0,183,h,Curry 1' Driving Layup (23 PTS) (Green 4 AST),Made Shot,Driving Layup Shot,1,432,21500187,2652,11.0,keep_clock(21),2,3,likely_contested,"subType: contested-like, distance: at-rim/very close"
10,PT10M27.00S,1,1610612744,GSW,201939,Curry,S. Curry,0,8,1,Made,1,3.0,4.0,7,v,Curry 1' Driving Finger Roll Layup (2 PTS) (Bogut 1 AST),Made Shot,Driving Finger Roll Layup Shot,1,11,21500200,93,10.0,def_reb(24),2,1,borderline,distance: at-rim/very close
20,PT08M50.00S,1,1610612744,GSW,201939,Curry,S. Curry,195,160,25,Missed,1,,,0,v,MISS Curry 25' 3PT Fadeaway Jumper,Missed Shot,Fadeaway Jump Shot,1,21,21500200,190,12.0,made_fg(24),3,3,likely_contested,"subType: contested-like, text: pressure-move"
23,PT08M25.00S,1,1610612744,GSW,201939,Curry,S. Curry,182,175,25,Missed,1,,,0,v,MISS Curry 25' 3PT Jump Shot,Missed Shot,Jump Shot,1,24,21500200,215,11.0,made_fg(24),3,-1,likely_open,subType: open-like
74,PT04M17.00S,1,1610612744,GSW,201939,Curry,S. Curry,240,-5,24,Made,1,15.0,20.0,35,v,Curry 24' 3PT Fadeaway Jumper (5 PTS) (Iguodala 1 AST),Made Shot,Fadeaway Jump Shot,1,68,21500200,463,19.0,def_reb(24),3,3,likely_contested,"subType: contested-like, text: pressure-move, coords: corner-3"
80,PT03M58.00S,1,1610612744,GSW,201939,Curry,S. Curry,14,2,1,Made,1,15.0,22.0,37,v,Curry 1' Running Layup (7 PTS),Made Shot,Running Layup Shot,1,74,21500200,482,19.0,turnover(24),2,3,likely_contested,"subType: contested-like, distance: at-rim/very close"
86,PT03M35.00S,1,1610612744,GSW,201939,Curry,S. Curry,169,205,27,Missed,1,,,0,v,MISS Curry 27' 3PT Jump Shot,Missed Shot,Jump Shot,1,78,21500200,505,7.0,final_ft(24),3,-2,likely_open,"subType: open-like, distance: deep above-break 3 (>=27ft)"
107,PT02M00.00S,1,1610612744,GSW,201939,Curry,S. Curry,177,2,18,Missed,1,,,0,v,MISS Curry 18' Jump Shot,Missed Shot,Jump Shot,1,95,21500200,600,12.0,final_ft(24),2,-1,likely_open,subType: open-like
207,PT04M27.00S,2,1610612744,GSW,201939,Curry,S. Curry,4,56,6,Made,1,43.0,49.0,92,v,Curry 6' Pullup Jump Shot (9 PTS),Made Shot,Pullup Jump shot,1,198,21500200,1173,13.0,made_fg(24),2,3,likely_contested,"subType: contested-like, text: pressure-move"
229,PT02M26.00S,2,1610612744,GSW,201939,Curry,S. Curry,164,213,27,Missed,1,,,0,v,MISS Curry 27' 3PT Jump Shot,Missed Shot,Jump Shot,1,218,21500200,1294,0.0,made_fg(24),3,-1,likely_open,"subType: open-like, distance: deep above-break 3 (>=27ft), clock: late (<=5s)"
240,PT01M43.00S,2,1610612744,GSW,201939,Curry,S. Curry,6,0,1,Missed,1,,,0,v,MISS Curry 1' Driving Finger Roll Layup,Missed Shot,Driving Finger Roll Layup Shot,1,227,21500200,1337,18.0,def_reb(24),2,1,borderline,distance: at-rim/very close
276,PT11M30.00S,3,1610612744,GSW,201939,Curry,S. Curry,-160,3,16,Made,1,58.0,66.0,124,v,Curry 16' Fadeaway Jumper (11 PTS),Made Shot,Fadeaway Jump Shot,1,254,21500200,1470,8.0,turnover(24),2,4,likely_contested,"subType: contested-like, text: pressure-move, distance: mid-range"
279,PT10M47.00S,3,1610612744,GSW,201939,Curry,S. Curry,-217,70,23,Made,1,58.0,68.0,126,v,Curry 23' Step Back Jump Shot (13 PTS),Made Shot,Step Back Jump shot,1,257,21500200,1513,0.0,def_reb(24),2,4,likely_contested,"subType: contested-like, text: pressure-move, clock: late (<=5s)"
282,PT10M27.00S,3,1610612744,GSW,201939,Curry,S. Curry,32,249,25,Missed,1,,,0,v,MISS Curry 25' 3PT Jump Shot,Missed Shot,Jump Shot,1,260,21500200,1533,12.0,off_foul(24),3,-1,likely_open,subType: open-like
293,PT09M15.00S,3,1610612744,GSW,201939,Curry,S. Curry,30,254,26,Made,1,62.0,71.0,133,v,Curry 26' 3PT Jump Shot (16 PTS) (Barnes 3 AST),Made Shot,Jump Shot,1,271,21500200,1605,5.0,made_fg(24),3,0,likely_open,"subType: open-like, clock: late (<=5s)"
327,PT05M26.00S,3,1610612744,GSW,201939,Curry,S. Curry,14,11,2,Missed,1,,,0,v,MISS Curry 2' Layup,Missed Shot,Layup Shot,1,303,21500200,1834,19.0,turnover(24),2,1,borderline,distance: at-rim/very close
383,PT02M30.00S,3,1610612744,GSW,201939,Curry,S. Curry,225,90,24,Made,1,73.0,86.0,159,v,Curry 24' 3PT Jump Shot (19 PTS) (Barnes 4 AST),Made Shot,Jump Shot,1,354,21500200,2010,5.0,off_reb(14),3,0,likely_open,"subType: open-like, clock: late (<=5s)"
13,PT10M20.00S,1,1610612744,GSW,201939,Curry,S. Curry,150,205,25,Missed,1,,,0,h,MISS Curry 25' 3PT Step Back Jump Shot,Missed Shot,Step Back Jump shot,1,15,21500214,100,15.0,def_reb(24),3,3,likely_contested,"subType: contested-like, text: pressure-move"
33,PT08M28.00S,1,1610612744,GSW,201939,Curry,S. Curry,-233,47,24,Made,1,8.0,5.0,13,h,Curry 24' 3PT Pullup Jump Shot (3 PTS) (Barnes 1 AST),Made Shot,Pullup Jump shot,1,32,21500214,212,1.0,made_fg(24),3,4,likely_contested,"subType: contested-like, text: pressure-move, coords: corner-3, clock: late (<=5s)"
57,PT05M35.00S,1,1610612744,GSW,201939,Curry,S. Curry,4,267,27,Missed,1,,,0,h,MISS Curry 27' 3PT Jump Shot,Missed Shot,Jump Shot,1,53,21500214,385,17.0,def_reb(24),3,-2,likely_open,"subType: open-like, distance: deep above-break 3 (>=27ft)"
78,PT03M44.00S,1,1610612744,GSW,201939,Curry,S. Curry,-6,11,1,Made,1,20.0,7.0,27,h,Curry 1' Driving Finger Roll Layup (5 PTS),Made Shot,Driving Finger Roll Layup Shot,1,72,21500214,496,19.0,def_reb(24),2,1,borderline,distance: at-rim/very close
80,PT03M19.00S,1,1610612744,GSW,201939,Curry,S. Curry,-184,180,26,Missed,1,,,0,h,MISS Curry 26' 3PT Jump Shot,Missed Shot,Jump Shot,1,75,21500214,521,17.0,turnover(24),3,-1,likely_open,subType: open-like
100,PT01M07.00S,1,1610612744,GSW,201939,Curry,S. Curry,115,144,18,Missed,1,,,0,h,MISS Curry 18' Jump Shot,Missed Shot,Jump Shot,1,95,21500214,653,11.0,made_fg(24),2,-1,likely_open,subType: open-like
106,PT00M46.00S,1,1610612744,GSW,201939,Curry,S. Curry,99,239,26,Made,1,30.0,11.0,41,h,Curry 26' 3PT Jump Shot (8 PTS) (Ezeli 1 AST),Made Shot,Jump Shot,1,101,21500214,674,16.0,def_reb(24),3,-1,likely_open,subType: open-like
109,PT00M13.80S,1,1610612744,GSW,201939,Curry,S. Curry,115,228,26,Missed,1,,,0,h,MISS Curry 26' 3PT Jump Shot,Missed Shot,Jump Shot,0,104,21500214,707,9.0,def_reb(24),3,-1,likely_open,subType: open-like
205,PT02M53.00S,2,1610612744,GSW,201939,Curry,S. Curry,24,164,17,Made,1,51.0,30.0,81,h,Curry 17' Jump Shot (10 PTS) (Green 3 AST),Made Shot,Jump Shot,1,193,21500214,1267,11.0,keep_clock(20),2,-1,likely_open,subType: open-like
207,PT02M19.00S,2,1610612744,GSW,201939,Curry,S. Curry,-79,106,13,Missed,1,,,0,h,MISS Curry 13' Turnaround Jump Shot,Missed Shot,Turnaround Jump Shot,1,195,21500214,1301,11.0,made_fg(24),2,1,borderline,distance: mid-range
229,PT00M00.90S,2,1610612744,GSW,201939,Curry,S. Curry,163,517,54,Missed,1,,,0,h,MISS Curry 54' 3PT Jump Shot,Missed Shot,Jump Shot,1,218,21500214,1440,23.0,made_fg(24),3,-2,likely_open,"subType: open-like, distance: deep above-break 3 (>=27ft)"
265,PT09M01.00S,3,1610612744,GSW,201939,Curry,S. Curry,64,26,7,Made,1,60.0,44.0,104,h,Curry 7' Turnaround Jump Shot (12 PTS),Made Shot,Turnaround Jump Shot,1,249,21500214,1619,9.0,final_ft(24),2,0,likely_open,
270,PT08M17.00S,3,1610612744,GSW,201939,Curry,S. Curry,-169,203,26,Missed,1,,,0,h,MISS Curry 26' 3PT Jump Shot,Missed Shot,Jump Shot,1,253,21500214,1663,6.0,jumpball(24),3,-1,likely_open,subType: open-like
279,PT07M11.00S,3,1610612744,GSW,201939,Curry,S. Curry,232,23,0,Made,1,63.0,44.0,107,h,Curry 3PT Pullup Jump Shot (15 PTS) (Green 4 AST),Made Shot,Pullup Jump shot,1,261,21500214,1729,1.0,def_reb(24),3,5,likely_contested,"subType: contested-like, text: pressure-move, distance: at-rim/very close, coords: corner-3, clock: late (<=5s)"
289,PT06M19.00S,3,1610612744,GSW,201939,Curry,S. Curry,1,7,1,Made,1,67.0,44.0,111,h,Curry 1' Running Finger Roll Layup (17 PTS),Made Shot,Running Finger Roll Layup Shot,1,270,21500214,1781,19.0,def_reb(24),2,1,borderline,distance: at-rim/very close
300,PT05M50.00S,3,1610612744,GSW,201939,Curry,S. Curry,-76,252,26,Missed,1,,,0,h,MISS Curry 26' 3PT Jump Shot,Missed Shot,Jump Shot,1,276,21500214,1810,8.0,def_reb(24),3,-1,likely_open,subType: open-like
323,PT03M25.00S,3,1610612744,GSW,201939,Curry,S. Curry,-1,26,3,Made,1,75.0,48.0,123,h,Curry 3' Driving Finger Roll Layup (19 PTS),Made Shot,Driving Finger Roll Layup Shot,1,302,21500214,1955,9.0,made_fg(24),2,1,borderline,distance: at-rim/very close
340,PT01M48.00S,3,1610612744,GSW,201939,Curry,S. Curry,-148,229,27,Missed,1,,,0,h,MISS Curry 27' 3PT Jump Shot,Missed Shot,Jump Shot,1,315,21500214,2052,16.0,def_reb(24),3,-2,likely_open,"subType: open-like, distance: deep above-break 3 (>=27ft)"
342,PT01M39.00S,3,1610612744,GSW,201939,Curry,S. Curry,9,21,2,Missed,1,,,0,h,MISS Curry 2' Layup,Missed Shot,Layup Shot,1,317,21500214,2061,6.0,off_reb(14),2,1,borderline,distance: at-rim/very close
352,PT01M02.00S,3,1610612744,GSW,201939,Curry,S. Curry,143,237,28,Made,1,85.0,53.0,138,h,Curry 28' 3PT Pullup Jump Shot (22 PTS),Made Shot,Pullup Jump shot,1,325,21500214,2098,3.0,made_fg(24),3,3,likely_contested,"subType: contested-like, text: pressure-move, distance: deep above-break 3 (>=27ft), clock: late (<=5s)"
357,PT00M32.60S,3,1610612744,GSW,201939,Curry,S. Curry,10,7,1,Made,1,87.0,55.0,142,h,Curry 1' Driving Finger Roll Layup (24 PTS),Made Shot,Driving Finger Roll Layup Shot,1,331,21500214,2128,20.0,made_fg(24),2,1,borderline,distance: at-rim/very close
14,PT10M27.00S,1,1610612744,GSW,201939,Curry,S. Curry,-235,7,24,Made,1,0.0,5.0,5,v,Curry 24' 3PT Jump Shot (3 PTS) (Green 1 AST),Made Shot,Jump Shot,1,18,21500236,93,10.0,off_reb(14),3,-2,likely_open,"subType: open-like, coords: corner-3, corner: catch/spot"
52,PT05M48.00S,1,1610612744,GSW,201939,Curry,S. Curry,-117,223,25,Made,1,10.0,24.0,34,v,Curry 25' 3PT Step Back Jump Shot (6 PTS),Made Shot,Step Back Jump shot,1,51,21500236,372,14.0,turnover(24),3,3,likely_contested,"subType: contested-like, text: pressure-move"
80,PT03M53.00S,1,1610612744,GSW,201939,Curry,S. Curry,204,149,25,Made,1,14.0,32.0,46,v,Curry 25' 3PT Jump Shot (12 PTS) (Green 3 AST),Made Shot,Jump Shot,1,79,21500236,487,12.0,made_fg(24),3,-1,likely_open,subType: open-like
110,PT01M52.00S,1,1610612744,GSW,201939,Curry,S. Curry,174,175,25,Made,1,19.0,39.0,58,v,Curry 25' 3PT Jump Shot (16 PTS),Made Shot,Jump Shot,1,105,21500236,608,10.0,off_reb(14),3,-1,likely_open,subType: open-like
115,PT01M03.00S,1,1610612744,GSW,201939,Curry,S. Curry,171,188,25,Missed,1,,,0,v,MISS Curry 25' 3PT Jump Shot,Missed Shot,Jump Shot,1,110,21500236,657,17.0,made_fg(24),3,-1,likely_open,subType: open-like
119,PT00M34.90S,1,1610612744,GSW,201939,Curry,S. Curry,182,170,25,Made,1,25.0,44.0,69,v,Curry 25' 3PT Jump Shot (19 PTS),Made Shot,Jump Shot,1,114,21500236,686,15.0,made_fg(24),3,-1,likely_open,subType: open-like
123,PT00M03.50S,1,1610612744,GSW,201939,Curry,S. Curry,-17,-1,2,Missed,1,,,0,v,MISS Curry 2' Driving Reverse Layup,Missed Shot,Driving Reverse Layup Shot,1,117,21500236,717,3.0,made_fg(24),2,4,likely_contested,"subType: contested-like, distance: at-rim/very close, clock: late (<=5s)"
195,PT06M07.00S,2,1610612744,GSW,201939,Curry,S. Curry,-138,213,25,Made,1,43.0,60.0,103,v,Curry 25' 3PT Jump Shot (22 PTS) (Green 5 AST),Made Shot,Jump Shot,1,176,21500236,1073,15.0,def_reb(24),3,-1,likely_open,subType: open-like
254,PT00M54.90S,2,1610612744,GSW,201939,Curry,S. Curry,27,2,3,Made,1,57.0,72.0,129,v,Curry 3' Running Finger Roll Layup (24 PTS),Made Shot,Running Finger Roll Layup Shot,1,229,21500236,1386,18.0,turnover(24),2,1,borderline,distance: at-rim/very close
259,PT00M34.90S,2,1610612744,GSW,201939,Curry,S. Curry,-142,229,27,Made,1,57.0,75.0,132,v,Curry 27' 3PT Pullup Jump Shot (27 PTS),Made Shot,Pullup Jump shot,1,234,21500236,1406,19.0,def_reb(24),3,2,likely_contested,"subType: contested-like, text: pressure-move, distance: deep above-break 3 (>=27ft)"
263,PT00M00.10S,2,1610612744,GSW,201939,Curry,S. Curry,48,249,25,Missed,1,,,0,v,MISS Curry 25' 3PT Jump Shot,Missed Shot,Jump Shot,1,237,21500236,1440,18.0,def_reb(24),3,-1,likely_open,subType: open-like
292,PT09M54.00S,3,1610612744,GSW,201939,Curry,S. Curry,-101,249,27,Missed,1,,,0,v,MISS Curry 27' 3PT Jump Shot,Missed Shot,Jump Shot,1,261,21500236,1566,20.0,def_reb(24),3,-2,likely_open,"subType: open-like, distance: deep above-break 3 (>=27ft)"
330,PT06M20.00S,3,1610612744,GSW,201939,Curry,S. Curry,2,21,2,Made,1,70.0,84.0,154,v,Curry 2' Cutting Layup Shot (32 PTS) (Green 8 AST),Made Shot,Cutting Layup Shot,1,299,21500236,1780,10.0,made_fg(24),2,1,borderline,distance: at-rim/very close
338,PT05M53.00S,3,1610612744,GSW,201939,Curry,S. Curry,-97,219,24,Missed,1,,,0,v,MISS Curry 24' 3PT Jump Shot,Missed Shot,Jump Shot,1,307,21500236,1807,17.0,def_reb(24),3,-1,likely_open,subType: open-like
342,PT05M35.00S,3,1610612744,GSW,201939,Curry,S. Curry,-17,7,2,Missed,1,,,0,v,MISS Curry 2' Layup,Missed Shot,Layup Shot,1,311,21500236,1825,18.0,def_reb(24),2,1,borderline,distance: at-rim/very close
344,PT05M31.00S,3,1610612744,GSW,201939,Curry,S. Curry,217,110,24,Made,1,70.0,88.0,158,v,Curry 24' 3PT Jump Shot (36 PTS) (Iguodala 2 AST),Made Shot,Jump Shot,1,313,21500236,1829,12.0,off_reb(14),3,-1,likely_open,subType: open-like
370,PT02M29.00S,3,1610612744,GSW,201939,Curry,S. Curry,-227,-11,0,Missed,1,,,0,v,MISS Curry 3PT Jump Shot,Missed Shot,Jump Shot,1,335,21500236,2011,2.0,def_reb(24),3,0,likely_open,"subType: open-like, distance: at-rim/very close, coords: corner-3, corner: catch/spot, clock: late (<=5s)"
372,PT02M24.00S,3,1610612744,GSW,201939,Curry,S. Curry,-197,160,25,Made,1,77.0,98.0,175,v,Curry 25' 3PT Jump Shot (39 PTS) (Ezeli 2 AST),Made Shot,Jump Shot,1,337,21500236,2016,11.0,off_reb(14),3,-1,likely_open,subType: open-like
402,PT00M55.90S,3,1610612744,GSW,201939,Curry,S. Curry,-102,232,25,Missed,1,,,0,v,MISS Curry 25' 3PT Jump Shot,Missed Shot,Jump Shot,1,365,21500236,2105,16.0,made_fg(24),3,-1,likely_open,subType: open-like
415,PT00M00.10S,3,1610612744,GSW,201939,Curry,S. Curry,-212,382,44,Missed,1,,,0,v,MISS Curry 44' 3PT Jump Shot,Missed Shot,Jump Shot,1,376,21500236,2160,20.0,final_ft(24),3,-2,likely_open,"subType: open-like, distance: deep above-break 3 (>=27ft)"
5,PT11M14.00S,1,1610612744,GSW,201939,Curry,S. Curry,9,247,25,Missed,1,,,0,h,MISS Curry 25' 3PT Step Back Jump Shot,Missed Shot,Step Back Jump shot,1,6,21500245,46,2.0,made_fg(24),3,4,likely_contested,"subType: contested-like, text: pressure-move, clock: late (<=5s)"
17,PT10M00.00S,1,1610612744,GSW,201939,Curry,S. Curry,-12,16,2,Made,1,2.0,5.0,7,h,Curry 2' Running Reverse Layup (2 PTS) (Green 1 AST),Made Shot,Running Reverse Layup Shot,1,22,21500245,120,19.0,turnover(24),2,1,borderline,distance: at-rim/very close
28,PT08M15.00S,1,1610612744,GSW,201939,Curry,S. Curry,51,257,26,Missed,1,,,0,h,MISS Curry 26' 3PT Pullup Jump Shot,Missed Shot,Pullup Jump shot,1,32,21500245,225,9.0,made_fg(24),3,3,likely_contested,"subType: contested-like, text: pressure-move"
63,PT05M18.00S,1,1610612744,GSW,201939,Curry,S. Curry,-202,149,25,Made,1,11.0,16.0,27,h,Curry 25' 3PT Pullup Jump Shot (5 PTS) (Bogut 1 AST),Made Shot,Pullup Jump shot,1,63,21500245,402,14.0,def_reb(24),3,3,likely_contested,"subType: contested-like, text: pressure-move"
84,PT03M04.00S,1,1610612744,GSW,201939,Curry,S. Curry,158,193,25,Made,1,17.0,20.0,37,h,Curry 25' 3PT Step Back Jump Shot (8 PTS),Made Shot,Step Back Jump shot,1,85,21500245,536,15.0,def_reb(24),3,3,likely_contested,"subType: contested-like, text: pressure-move"
112,PT00M57.30S,1,1610612744,GSW,201939,Curry,S. Curry,82,242,26,Made,1,26.0,27.0,53,h,Curry 26' 3PT Jump Shot (15 PTS) (Ezeli 1 AST),Made Shot,Jump Shot,1,107,21500245,663,16.0,made_fg(24),3,-1,likely_open,subType: open-like
316,PT06M44.00S,3,1610612744,GSW,201939,Curry,S. Curry,-66,254,26,Missed,1,,,0,h,MISS Curry 26' 3PT Pullup Jump Shot,Missed Shot,Pullup Jump shot,1,301,21500245,1756,14.0,made_fg(24),3,3,likely_contested,"subType: contested-like, text: pressure-move"
6,PT11M12.00S,1,1610612744,GSW,201939,Curry,S. Curry,212,149,26,Made,1,2.0,3.0,5,v,Curry 26' 3PT Jump Shot (3 PTS) (Green 1 AST),Made Shot,Jump Shot,1,6,21500259,48,6.0,made_fg(24),3,-1,likely_open,subType: open-like
27,PT09M10.00S,1,1610612744,GSW,201939,Curry,S. Curry,156,46,16,Made,1,7.0,5.0,12,v,Curry 16' Jump Shot (5 PTS),Made Shot,Jump Shot,1,23,21500259,170,15.0,turnover(24),2,0,likely_open,"subType: open-like, distance: mid-range"
39,PT07M27.00S,1,1610612744,GSW,201939,Curry,S. Curry,164,175,24,Missed,1,,,0,v,MISS Curry 24' 3PT Jump Shot,Missed Shot,Jump Shot,1,34,21500259,273,14.0,made_fg(24),3,-1,likely_open,subType: open-like
60,PT05M06.00S,1,1610612744,GSW,201939,Curry,S. Curry,32,7,3,Made,1,13.0,15.0,28,v,Curry 3' Finger Roll Layup (7 PTS),Made Shot,Finger Roll Layup Shot,1,52,21500259,414,5.0,made_fg(24),2,2,likely_contested,"distance: at-rim/very close, clock: late (<=5s)"
83,PT03M01.00S,1,1610612744,GSW,201939,Curry,S. Curry,28,11,3,Missed,1,,,0,v,MISS Curry 3' Finger Roll Layup,Missed Shot,Finger Roll Layup Shot,1,71,21500259,539,13.0,def_reb(24),2,1,borderline,distance: at-rim/very close
97,PT02M00.00S,1,1610612744,GSW,201939,Curry,S. Curry,38,0,4,Missed,1,,,0,v,MISS Curry 4' Jump Shot,Missed Shot,Jump Shot,1,82,21500259,600,10.0,def_reb(24),2,0,likely_open,"subType: open-like, distance: at-rim/very close"
218,PT04M29.00S,2,1610612744,GSW,201939,Curry,S. Curry,-24,0,2,Missed,1,,,0,v,MISS Curry 2' Finger Roll Layup,Missed Shot,Finger Roll Layup Shot,1,188,21500259,1171,,stale_reset(14),2,1,borderline,distance: at-rim/very close
254,PT01M24.00S,2,1610612744,GSW,201939,Curry,S. Curry,-47,257,26,Missed,1,,,0,v,MISS Curry 26' 3PT Jump Shot,Missed Shot,Jump Shot,1,219,21500259,1356,17.0,keep_clock(22),3,-1,likely_open,subType: open-like
282,PT11M12.00S,3,1610612744,GSW,201939,Curry,S. Curry,25,-6,3,Made,1,48.0,57.0,105,v,Curry 3' Reverse Layup (11 PTS) (Bogut 3 AST),Made Shot,Reverse Layup Shot,1,245,21500259,1488,12.0,def_reb(24),2,3,likely_contested,"subType: contested-like, distance: at-rim/very close"
303,PT08M02.00S,3,1610612744,GSW,201939,Curry,S. Curry,-192,-11,19,Missed,1,,,0,v,MISS Curry 19' Step Back Jump Shot,Missed Shot,Step Back Jump shot,1,266,21500259,1678,16.0,made_fg(24),2,3,likely_contested,"subType: contested-like, text: pressure-move"
337,PT04M21.00S,3,1610612744,GSW,201939,Curry,S. Curry,-204,156,26,Missed,1,,,0,v,MISS Curry 26' 3PT Jump Shot,Missed Shot,Jump Shot,1,299,21500259,1899,9.0,made_fg(24),3,-1,likely_open,subType: open-like
349,PT03M10.00S,3,1610612744,GSW,201939,Curry,S. Curry,-20,13,2,Missed,1,,,0,v,MISS Curry 2' Layup,Missed Shot,Layup Shot,1,310,21500259,1970,20.0,turnover(24),2,1,borderline,distance: at-rim/very close
356,PT02M34.00S,3,1610612744,GSW,201939,Curry,S. Curry,-173,178,25,Made,1,71.0,76.0,147,v,Curry 25' 3PT Jump Shot (14 PTS) (Iguodala 2 AST),Made Shot,Jump Shot,1,316,21500259,2006,10.0,made_fg(24),3,-1,likely_open,subType: open-like
363,PT00M52.10S,3,1610612744,GSW,201939,Curry,S. Curry,19,-6,2,Made,1,75.0,83.0,158,v,Curry 2' Layup (16 PTS) (Green 7 AST),Made Shot,Layup Shot,1,323,21500259,2108,7.0,made_fg(24),2,1,borderline,distance: at-rim/very close
434,PT06M20.00S,4,1610612744,GSW,201939,Curry,S. Curry,119,208,24,Made,1,90.0,90.0,180,v,Curry 24' 3PT Jump Shot (19 PTS),Made Shot,Jump Shot,1,394,21500259,2500,18.0,def_reb(24),3,-1,likely_open,subType: open-like
457,PT02M24.00S,4,1610612744,GSW,201939,Curry,S. Curry,-20,254,25,Missed,1,,,0,v,MISS Curry 25' 3PT Jump Shot,Missed Shot,Jump Shot,1,415,21500259,2736,15.0,made_fg(24),3,-1,likely_open,subType: open-like
464,PT01M46.00S,4,1610612744,GSW,201939,Curry,S. Curry,-125,175,22,Made,1,99.0,99.0,198,v,Curry 22' Step Back Jump Shot (21 PTS),Made Shot,Step Back Jump shot,1,421,21500259,2774,4.0,final_ft(24),2,4,likely_contested,"subType: contested-like, text: pressure-move, clock: late (<=5s)"
466,PT01M29.00S,4,1610612744,GSW,201939,Curry,S. Curry,2,7,1,Missed,1,,,0,v,MISS Curry 1' Running Layup,Missed Shot,Running Layup Shot,1,424,21500259,2791,21.0,turnover(24),2,3,likely_contested,"subType: contested-like, distance: at-rim/very close"
483,PT00M51.90S,4,1610612744,GSW,201939,Curry,S. Curry,-205,165,26,Made,1,101.0,104.0,205,v,Curry 26' 3PT Step Back Jump Shot (24 PTS),Made Shot,Step Back Jump shot,1,436,21500259,2829,12.0,final_ft(24),3,3,likely_contested,"subType: contested-like, text: pressure-move"
487,PT00M16.90S,4,1610612744,GSW,201939,Curry,S. Curry,120,198,23,Missed,1,,,0,v,MISS Curry 23' Jump Shot,Missed Shot,Jump Shot,1,439,21500259,2864,3.0,made_fg(24),2,0,likely_open,"subType: open-like, clock: late (<=5s)"
14,PT10M42.00S,1,1610612744,GSW,201939,Curry,S. Curry,-238,11,24,Missed,1,,,0,v,MISS Curry 24' 3PT Jump Shot,Missed Shot,Jump Shot,1,13,21500268,78,5.0,made_fg(24),3,-1,likely_open,"subType: open-like, coords: corner-3, corner: catch/spot, clock: late (<=5s)"
61,PT05M44.00S,1,1610612744,GSW,201939,Curry,S. Curry,218,116,25,Made,1,11.0,23.0,34,v,Curry 25' 3PT Pullup Jump Shot (3 PTS),Made Shot,Pullup Jump shot,1,58,21500268,376,14.0,def_reb(24),3,3,likely_contested,"subType: contested-like, text: pressure-move"
63,PT05M21.00S,1,1610612744,GSW,201939,Curry,S. Curry,19,301,30,Made,1,13.0,26.0,39,v,Curry 30' 3PT Pullup Jump Shot (6 PTS),Made Shot,Pullup Jump shot,1,60,21500268,399,16.0,made_fg(24),3,2,likely_contested,"subType: contested-like, text: pressure-move, distance: deep above-break 3 (>=27ft)"
66,PT04M57.00S,1,1610612744,GSW,201939,Curry,S. Curry,104,291,31,Missed,1,,,0,v,MISS Curry 31' 3PT Jump Shot,Missed Shot,Jump Shot,1,63,21500268,423,18.0,def_reb(24),3,-2,likely_open,"subType: open-like, distance: deep above-break 3 (>=27ft)"
119,PT00M37.90S,1,1610612744,GSW,201939,Curry,S. Curry,12,252,25,Missed,1,,,0,v,MISS Curry 25' 3PT Jump Shot,Missed Shot,Jump Shot,1,113,21500268,683,11.0,final_ft(24),3,-1,likely_open,subType: open-like
226,PT03M18.00S,2,1610612744,GSW,201939,Curry,S. Curry,9,26,3,Made,1,40.0,50.0,90,v,Curry 3' Driving Layup (8 PTS),Made Shot,Driving Layup Shot,1,211,21500268,1242,20.0,def_reb(24),2,3,likely_contested,"subType: contested-like, distance: at-rim/very close"
236,PT02M18.00S,2,1610612744,GSW,201939,Curry,S. Curry,232,18,0,Made,1,42.0,56.0,98,v,Curry 3PT Jump Shot (12 PTS) (Green 7 AST),Made Shot,Jump Shot,1,221,21500268,1302,12.0,made_fg(24),3,-1,likely_open,"subType: open-like, distance: at-rim/very close, coords: corner-3, corner: catch/spot"
270,PT10M11.00S,3,1610612744,GSW,201939,Curry,S. Curry,14,13,2,Made,1,55.0,65.0,120,v,Curry 2' Driving Layup (14 PTS),Made Shot,Driving Layup Shot,1,251,21500268,1549,8.0,made_fg(24),2,3,likely_contested,"subType: contested-like, distance: at-rim/very close"
287,PT08M14.00S,3,1610612744,GSW,201939,Curry,S. Curry,-11,11,2,Made,1,55.0,67.0,122,v,Curry 2' Driving Layup (16 PTS),Made Shot,Driving Layup Shot,1,270,21500268,1666,6.0,off_foul(24),2,3,likely_contested,"subType: contested-like, distance: at-rim/very close"
310,PT05M56.00S,3,1610612744,GSW,201939,Curry,S. Curry,-29,129,13,Missed,1,,,0,v,MISS Curry 13' Jump Shot,Missed Shot,Jump Shot,1,292,21500268,1804,3.0,made_fg(24),2,1,borderline,"subType: open-like, distance: mid-range, clock: late (<=5s)"
321,PT04M55.00S,3,1610612744,GSW,201939,Curry,S. Curry,-9,3,1,Made,1,64.0,74.0,138,v,Curry 1' Driving Layup (21 PTS) (Iguodala 1 AST),Made Shot,Driving Layup Shot,1,303,21500268,1865,7.0,made_fg(24),2,3,likely_contested,"subType: contested-like, distance: at-rim/very close"
329,PT03M59.00S,3,1610612744,GSW,201939,Curry,S. Curry,-235,16,24,Made,1,64.0,77.0,141,v,Curry 24' 3PT Jump Shot (24 PTS) (Bogut 2 AST),Made Shot,Jump Shot,1,311,21500268,1921,10.0,off_reb(14),3,-2,likely_open,"subType: open-like, coords: corner-3, corner: catch/spot"
349,PT02M34.00S,3,1610612744,GSW,201939,Curry,S. Curry,-9,16,2,Made,1,66.0,79.0,145,v,Curry 2' Running Layup (26 PTS) (Green 9 AST),Made Shot,Running Layup Shot,1,330,21500268,2006,19.0,turnover(24),2,3,likely_contested,"subType: contested-like, distance: at-rim/very close"
358,PT01M53.00S,3,1610612744,GSW,201939,Curry,S. Curry,-63,242,25,Made,1,66.0,82.0,148,v,Curry 25' 3PT Jump Shot (29 PTS) (Iguodala 2 AST),Made Shot,Jump Shot,1,339,21500268,2047,10.0,def_reb(24),3,-1,likely_open,subType: open-like
360,PT01M29.00S,3,1610612744,GSW,201939,Curry,S. Curry,143,262,30,Made,1,68.0,85.0,153,v,Curry 30' 3PT Pullup Jump Shot (32 PTS),Made Shot,Pullup Jump shot,1,341,21500268,2071,18.0,made_fg(24),3,2,likely_contested,"subType: contested-like, text: pressure-move, distance: deep above-break 3 (>=27ft)"
362,PT00M58.30S,3,1610612744,GSW,201939,Curry,S. Curry,9,8,1,Made,1,70.0,87.0,157,v,Curry 1' Driving Layup (34 PTS),Made Shot,Driving Layup Shot,1,343,21500268,2102,13.0,made_fg(24),2,3,likely_contested,"subType: contested-like, distance: at-rim/very close"
364,PT00M33.30S,3,1610612744,GSW,201939,Curry,S. Curry,-101,267,29,Made,1,70.0,90.0,160,v,Curry 29' 3PT Jump Shot (37 PTS) (Livingston 2 AST),Made Shot,Jump Shot,1,345,21500268,2127,14.0,turnover(24),3,-2,likely_open,"subType: open-like, distance: deep above-break 3 (>=27ft)"
368,PT00M03.10S,3,1610612744,GSW,201939,Curry,S. Curry,158,257,30,Made,1,72.0,93.0,165,v,Curry 30' 3PT Pullup Jump Shot (40 PTS),Made Shot,Pullup Jump shot,1,349,21500268,2157,13.0,made_fg(24),3,2,likely_contested,"subType: contested-like, text: pressure-move, distance: deep above-break 3 (>=27ft)"
14,PT10M18.00S,1,1610612744,GSW,201939,Curry,S. Curry,153,190,24,Made,1,5.0,3.0,8,v,Curry 24' 3PT Pullup Jump Shot (3 PTS),Made Shot,Pullup Jump shot,1,15,21500290,102,17.0,made_fg(24),3,3,likely_contested,"subType: contested-like, text: pressure-move"
25,PT08M49.00S,1,1610612744,GSW,201939,Curry,S. Curry,4,242,24,Made,1,10.0,8.0,18,v,Curry 24' 3PT Jump Shot (6 PTS) (Rush 2 AST),Made Shot,Jump Shot,1,27,21500290,191,7.0,made_fg(24),3,-1,likely_open,subType: open-like
28,PT08M26.00S,1,1610612744,GSW,201939,Curry,S. Curry,228,26,0,Made,1,10.0,11.0,21,v,Curry 3PT Running Jump Shot (9 PTS) (Green 1 AST),Made Shot,Running Jump Shot,1,30,21500290,214,19.0,def_reb(24),3,0,likely_open,"subType: open-like, distance: at-rim/very close, coords: corner-3"
41,PT07M05.00S,1,1610612744,GSW,201939,Curry,S. Curry,69,136,15,Made,1,10.0,18.0,28,v,Curry 15' Running Pull-Up Jump Shot (11 PTS),Made Shot,Running Pull-Up Jump Shot,1,41,21500290,295,17.0,def_reb(24),2,4,likely_contested,"subType: contested-like, text: pressure-move, distance: mid-range"
43,PT06M39.00S,1,1610612744,GSW,201939,Curry,S. Curry,50,242,25,Made,1,10.0,21.0,31,v,Curry 25' 3PT Jump Shot (14 PTS) (Green 2 AST),Made Shot,Jump Shot,1,44,21500290,321,14.0,turnover(24),3,-1,likely_open,subType: open-like
46,PT06M05.00S,1,1610612744,GSW,201939,Curry,S. Curry,99,237,26,Missed,1,,,0,v,MISS Curry 26' 3PT Pullup Jump Shot,Missed Shot,Pullup Jump shot,1,47,21500290,355,16.0,def_reb(24),3,3,likely_contested,"subType: contested-like, text: pressure-move"
97,PT02M40.00S,1,1610612744,GSW,201939,Curry,S. Curry,-2,242,24,Missed,1,,,0,v,MISS Curry 24' 3PT Jump Shot,Missed Shot,Jump Shot,1,93,21500290,560,,stale_reset(14),3,-1,likely_open,subType: open-like
103,PT01M36.00S,1,1610612744,GSW,201939,Curry,S. Curry,48,115,12,Made,1,17.0,30.0,47,v,Curry 12' Driving Floating Jump Shot (16 PTS),Made Shot,Driving Floating Jump Shot,1,99,21500290,624,14.0,made_fg(24),2,3,likely_contested,"subType: contested-like, distance: mid-range"
110,PT00M35.90S,1,1610612744,GSW,201939,Curry,S. Curry,10,13,2,Missed,1,,,0,v,MISS Curry 2' Reverse Layup,Missed Shot,Reverse Layup Shot,1,105,21500290,685,15.0,made_fg(24),2,3,likely_contested,"subType: contested-like, distance: at-rim/very close"
230,PT02M10.00S,2,1610612744,GSW,201939,Curry,S. Curry,-215,115,24,Made,1,46.0,51.0,97,v,Curry 24' 3PT Jump Shot (19 PTS) (Iguodala 1 AST),Made Shot,Jump Shot,1,216,21500290,1310,10.0,def_reb(24),3,-1,likely_open,subType: open-like
235,PT01M25.00S,2,1610612744,GSW,201939,Curry,S. Curry,-2,41,4,Made,1,46.0,53.0,99,v,Curry 4' Finger Roll Layup (21 PTS),Made Shot,Finger Roll Layup Shot,1,221,21500290,1355,6.0,def_foul_14(14),2,1,borderline,distance: at-rim/very close
267,PT11M20.00S,3,1610612744,GSW,201939,Curry,S. Curry,6,242,24,Missed,1,,,0,v,MISS Curry 24' 3PT Pullup Jump Shot,Missed Shot,Pullup Jump shot,1,247,21500290,1480,17.0,made_fg(24),3,3,likely_contested,"subType: contested-like, text: pressure-move"
313,PT07M43.00S,3,1610612744,GSW,201939,Curry,S. Curry,-30,31,4,Made,1,60.0,66.0,126,v,Curry 4' Driving Finger Roll Layup (24 PTS) (Green 4 AST),Made Shot,Driving Finger Roll Layup Shot,1,284,21500290,1697,,stale_reset(14),2,1,borderline,distance: at-rim/very close
364,PT03M33.00S,3,1610612744,GSW,201939,Curry,S. Curry,-66,72,10,Missed,1,,,0,v,MISS Curry 10' Driving Floating Jump Shot,Missed Shot,Driving Floating Jump Shot,1,321,21500290,1947,13.0,made_fg(24),2,3,likely_contested,"subType: contested-like, distance: mid-range"
385,PT01M58.00S,3,1610612744,GSW,201939,Curry,S. Curry,-104,110,15,Missed,1,,,0,v,MISS Curry 15' Driving Floating Jump Shot,Missed Shot,Driving Floating Jump Shot,1,339,21500290,2042,11.0,made_fg(24),2,3,likely_contested,"subType: contested-like, distance: mid-range"
387,PT01M50.00S,3,1610612744,GSW,201939,Curry,S. Curry,-238,8,24,Made,1,75.0,81.0,156,v,Curry 24' 3PT Jump Shot (27 PTS) (Speights 2 AST),Made Shot,Jump Shot,1,342,21500290,2050,8.0,off_reb(14),3,-2,likely_open,"subType: open-like, coords: corner-3, corner: catch/spot"
389,PT01M05.00S,3,1610612744,GSW,201939,Curry,S. Curry,184,156,24,Missed,1,,,0,v,MISS Curry 24' 3PT Jump Shot,Missed Shot,Jump Shot,1,344,21500290,2095,9.0,made_fg(24),3,-1,likely_open,subType: open-like
398,PT00M02.10S,3,1610612744,GSW,201939,Curry,S. Curry,71,46,8,Made,1,79.0,83.0,162,v,Curry 8' Driving Floating Bank Jump Shot (29 PTS),Made Shot,Driving Floating Bank Jump Shot,1,351,21500290,2158,,stale_reset(14),2,3,likely_contested,"subType: contested-like, distance: mid-range"
452,PT07M06.00S,4,1610612744,GSW,201939,Curry,S. Curry,176,180,25,Made,1,87.0,90.0,177,v,Curry 25' 3PT Pullup Jump Shot (32 PTS) (Green 6 AST),Made Shot,Pullup Jump shot,1,405,21500290,2454,14.0,made_fg(24),3,3,likely_contested,"subType: contested-like, text: pressure-move"
475,PT05M06.00S,4,1610612744,GSW,201939,Curry,S. Curry,-84,57,10,Missed,1,,,0,v,MISS Curry 10' Driving Floating Jump Shot,Missed Shot,Driving Floating Jump Shot,1,422,21500290,2574,11.0,made_fg(24),2,3,likely_contested,"subType: contested-like, distance: mid-range"
483,PT04M23.00S,4,1610612744,GSW,201939,Curry,S. Curry,-210,198,29,Missed,1,,,0,v,MISS Curry 29' 3PT Jump Shot,Missed Shot,Jump Shot,1,427,21500290,2617,,stale_reset(24),3,-2,likely_open,"subType: open-like, distance: deep above-break 3 (>=27ft)"
499,PT03M37.00S,4,1610612744,GSW,201939,Curry,S. Curry,4,252,25,Made,1,98.0,98.0,196,v,Curry 25' 3PT Running Pull-Up Jump Shot (35 PTS),Made Shot,Running Pull-Up Jump Shot,1,438,21500290,2663,19.0,def_reb(24),3,3,likely_contested,"subType: contested-like, text: pressure-move"
511,PT02M33.00S,4,1610612744,GSW,201939,Curry,S. Curry,2,249,25,Made,1,100.0,102.0,202,v,Curry 25' 3PT Pullup Jump Shot (38 PTS),Made Shot,Pullup Jump shot,1,448,21500290,2727,13.0,made_fg(24),3,3,likely_contested,"subType: contested-like, text: pressure-move"
513,PT01M52.00S,4,1610612744,GSW,201939,Curry,S. Curry,-45,252,26,Missed,1,,,0,v,MISS Curry 26' 3PT Pullup Jump Shot,Missed Shot,Pullup Jump shot,1,450,21500290,2768,13.0,made_fg(24),3,3,likely_contested,"subType: contested-like, text: pressure-move"
41,PT07M36.00S,1,1610612744,GSW,201939,Curry,S. Curry,-232,95,25,Made,1,4.0,12.0,16,v,Curry 25' 3PT Jump Shot (3 PTS) (K. Thompson 1 AST),Made Shot,Jump Shot,1,38,21500300,264,,stale_reset(24),3,-1,likely_open,subType: open-like
48,PT06M27.00S,1,1610612744,GSW,201939,Curry,S. Curry,-192,160,25,Missed,1,,,0,v,MISS Curry 25' 3PT Jump Shot,Missed Shot,Jump Shot,1,46,21500300,333,16.0,def_reb(24),3,-1,likely_open,subType: open-like
70,PT05M04.00S,1,1610612744,GSW,201939,Curry,S. Curry,-24,3,2,Made,1,8.0,18.0,26,v,Curry 2' Driving Layup (5 PTS) (Green 4 AST),Made Shot,Driving Layup Shot,1,67,21500300,416,11.0,turnover(24),2,3,likely_contested,"subType: contested-like, distance: at-rim/very close"
104,PT02M44.00S,1,1610612744,GSW,201939,Curry,S. Curry,25,7,3,Made,1,8.0,25.0,33,v,Curry 3' Cutting Finger Roll Layup Shot (7 PTS) (Iguodala 1 AST),Made Shot,Cutting Finger Roll Layup Shot,1,96,21500300,556,19.0,turnover(24),2,1,borderline,distance: at-rim/very close
250,PT02M45.00S,2,1610612744,GSW,201939,Curry,S. Curry,84,129,15,Made,1,40.0,51.0,91,v,Curry 15' Floating Jump Shot (9 PTS),Made Shot,Floating Jump shot,1,228,21500300,1275,10.0,made_fg(24),2,3,likely_contested,"subType: contested-like, distance: mid-range"
255,PT01M49.00S,2,1610612744,GSW,201939,Curry,S. Curry,-106,269,29,Made,1,42.0,57.0,99,v,Curry 29' 3PT Jump Shot (12 PTS),Made Shot,Jump Shot,1,233,21500300,1331,8.0,made_fg(24),3,-2,likely_open,"subType: open-like, distance: deep above-break 3 (>=27ft)"
308,PT10M16.00S,3,1610612744,GSW,201939,Curry,S. Curry,0,249,25,Missed,1,,,0,v,MISS Curry 25' 3PT Jump Shot,Missed Shot,Jump Shot,1,281,21500300,1544,16.0,def_reb(24),3,-1,likely_open,subType: open-like
332,PT08M06.00S,3,1610612744,GSW,201939,Curry,S. Curry,24,2,2,Made,1,66.0,63.0,129,v,Curry 2' Driving Layup (14 PTS),Made Shot,Driving Layup Shot,1,303,21500300,1674,12.0,made_fg(24),2,3,likely_contested,"subType: contested-like, distance: at-rim/very close"
363,PT04M37.00S,3,1610612744,GSW,201939,Curry,S. Curry,-220,110,25,Missed,1,,,0,v,MISS Curry 25' 3PT Jump Shot,Missed Shot,Jump Shot,1,334,21500300,1883,17.0,def_reb(24),3,-1,likely_open,subType: open-like
366,PT04M07.00S,3,1610612744,GSW,201939,Curry,S. Curry,-230,31,0,Made,1,70.0,70.0,140,v,Curry 3PT Jump Shot (17 PTS) (Bogut 2 AST),Made Shot,Jump Shot,1,337,21500300,1913,10.0,made_fg(24),3,-1,likely_open,"subType: open-like, distance: at-rim/very close, coords: corner-3, corner: catch/spot"
368,PT03M23.00S,3,1610612744,GSW,201939,Curry,S. Curry,233,-21,0,Missed,1,,,0,v,MISS Curry 3PT Jump Shot,Missed Shot,Jump Shot,1,339,21500300,1957,1.0,made_fg(24),3,0,likely_open,"subType: open-like, distance: at-rim/very close, coords: corner-3, corner: catch/spot, clock: late (<=5s)"
389,PT02M10.00S,3,1610612744,GSW,201939,Curry,S. Curry,66,56,9,Made,1,76.0,76.0,152,v,Curry 9' Driving Bank Shot (19 PTS),Made Shot,Driving Bank shot,1,357,21500300,2030,20.0,def_reb(24),2,1,borderline,distance: mid-range
392,PT01M45.00S,3,1610612744,GSW,201939,Curry,S. Curry,173,213,27,Made,1,76.0,79.0,155,v,Curry 27' 3PT Jump Shot (22 PTS),Made Shot,Jump Shot,1,360,21500300,2055,18.0,def_reb(24),3,-2,likely_open,"subType: open-like, distance: deep above-break 3 (>=27ft)"
400,PT01M11.00S,3,1610612744,GSW,201939,Curry,S. Curry,25,110,11,Missed,1,,,0,v,MISS Curry 11' Running Jump Shot,Missed Shot,Running Jump Shot,1,366,21500300,2089,9.0,made_fg(24),2,0,likely_open,"subType: open-like, distance: mid-range"
407,PT00M27.70S,3,1610612744,GSW,201939,Curry,S. Curry,27,7,3,Made,1,80.0,83.0,163,v,Curry 3' Layup (24 PTS) (Ezeli 1 AST),Made Shot,Layup Shot,1,372,21500300,2133,14.0,made_fg(24),2,1,borderline,distance: at-rim/very close
413,PT00M01.90S,3,1610612744,GSW,201939,Curry,S. Curry,-207,129,24,Made,1,80.0,87.0,167,v,Curry 24' 3PT Jump Shot (28 PTS) (Green 7 AST),Made Shot,Jump Shot,1,377,21500300,2159,19.0,def_reb(24),3,-1,likely_open,subType: open-like
482,PT04M46.00S,4,1610612744,GSW,201939,Curry,S. Curry,-24,-10,3,Missed,1,,,0,v,MISS Curry 3' Driving Finger Roll Layup,Missed Shot,Driving Finger Roll Layup Shot,1,443,21500300,2594,9.0,turnover(24),2,1,borderline,distance: at-rim/very close
2,PT11M47.00S,1,1610612744,GSW,201939,Curry,S. Curry,135,218,26,Missed,1,,,0,v,MISS Curry 26' 3PT Jump Shot,Missed Shot,Jump Shot,1,3,21500314,13,11.0,period_start(24),3,-1,likely_open,subType: open-like
20,PT10M43.00S,1,1610612744,GSW,201939,Curry,S. Curry,1,-5,1,Made,1,5.0,2.0,7,v,Curry 1' Alley Oop Layup (2 PTS) (Bogut 1 AST),Made Shot,Alley Oop Layup shot,1,18,21500314,77,11.0,final_ft(24),2,3,likely_contested,"subType: contested-like, distance: at-rim/very close"
31,PT09M02.00S,1,1610612744,GSW,201939,Curry,S. Curry,163,110,20,Missed,1,,,0,v,MISS Curry 20' Step Back Jump Shot,Missed Shot,Step Back Jump shot,1,28,21500314,178,13.0,made_fg(24),2,3,likely_contested,"subType: contested-like, text: pressure-move"
35,PT08M49.00S,1,1610612744,GSW,201939,Curry,S. Curry,9,8,1,Made,1,13.0,8.0,21,v,Curry 1' Cutting Layup Shot (4 PTS) (Green 2 AST),Made Shot,Cutting Layup Shot,1,32,21500314,191,18.0,def_reb(24),2,1,borderline,distance: at-rim/very close
53,PT07M07.00S,1,1610612744,GSW,201939,Curry,S. Curry,-199,193,28,Missed,1,,,0,v,MISS Curry 28' 3PT Jump Shot,Missed Shot,Jump Shot,1,48,21500314,293,9.0,made_fg(24),3,-2,likely_open,"subType: open-like, distance: deep above-break 3 (>=27ft)"
100,PT03M08.00S,1,1610612744,GSW,201939,Curry,S. Curry,187,188,27,Made,1,21.0,32.0,53,v,Curry 27' 3PT Jump Shot (8 PTS) (Iguodala 2 AST),Made Shot,Jump Shot,1,90,21500314,532,13.0,def_reb(24),3,-2,likely_open,"subType: open-like, distance: deep above-break 3 (>=27ft)"
107,PT02M18.00S,1,1610612744,GSW,201939,Curry,S. Curry,14,2,1,Made,1,21.0,34.0,55,v,Curry 1' Driving Finger Roll Layup (10 PTS),Made Shot,Driving Finger Roll Layup Shot,1,97,21500314,582,14.0,def_reb(24),2,1,borderline,distance: at-rim/very close
112,PT01M53.00S,1,1610612744,GSW,201939,Curry,S. Curry,-187,193,27,Made,1,21.0,37.0,58,v,Curry 27' 3PT Jump Shot (13 PTS) (Iguodala 3 AST),Made Shot,Jump Shot,1,103,21500314,607,19.0,def_reb(24),3,-2,likely_open,"subType: open-like, distance: deep above-break 3 (>=27ft)"
125,PT00M32.90S,1,1610612744,GSW,201939,Curry,S. Curry,-140,203,25,Missed,1,,,0,v,MISS Curry 25' 3PT Jump Shot,Missed Shot,Jump Shot,1,114,21500314,688,15.0,made_fg(24),3,-1,likely_open,subType: open-like
220,PT04M02.00S,2,1610612744,GSW,201939,Curry,S. Curry,92,164,19,Missed,1,,,0,v,MISS Curry 19' Pullup Jump Shot,Missed Shot,Pullup Jump shot,1,199,21500314,1198,4.0,keep_clock(16),2,4,likely_contested,"subType: contested-like, text: pressure-move, clock: late (<=5s)"
224,PT03M50.00S,2,1610612744,GSW,201939,Curry,S. Curry,209,154,26,Missed,1,,,0,v,MISS Curry 26' 3PT Jump Shot,Missed Shot,Jump Shot,1,203,21500314,1210,19.0,turnover(24),3,-1,likely_open,subType: open-like
238,PT03M03.00S,2,1610612744,GSW,201939,Curry,S. Curry,218,120,25,Made,1,51.0,68.0,119,v,Curry 25' 3PT Jump Shot (16 PTS) (Iguodala 4 AST),Made Shot,Jump Shot,1,216,21500314,1257,17.0,def_reb(24),3,-1,likely_open,subType: open-like
253,PT01M01.00S,2,1610612744,GSW,201939,Curry,S. Curry,-12,-6,1,Missed,1,,,0,v,MISS Curry 1' Layup,Missed Shot,Layup Shot,1,229,21500314,1379,12.0,made_fg(24),2,1,borderline,distance: at-rim/very close
264,PT00M05.90S,2,1610612744,GSW,201939,Curry,S. Curry,210,144,25,Missed,1,,,0,v,MISS Curry 25' 3PT Jump Shot,Missed Shot,Jump Shot,1,242,21500314,1435,2.0,made_fg(24),3,0,likely_open,"subType: open-like, clock: late (<=5s)"
285,PT09M11.00S,3,1610612744,GSW,201939,Curry,S. Curry,-22,7,2,Missed,1,,,0,v,MISS Curry 2' Driving Layup,Missed Shot,Driving Layup Shot,1,263,21500314,1609,10.0,turnover(24),2,3,likely_contested,"subType: contested-like, distance: at-rim/very close"
346,PT03M30.00S,3,1610612744,GSW,201939,Curry,S. Curry,-14,-5,1,Made,1,74.0,102.0,176,v,Curry 1' Running Reverse Layup (18 PTS),Made Shot,Running Reverse Layup Shot,1,325,21500314,1950,20.0,turnover(24),2,1,borderline,distance: at-rim/very close
354,PT02M38.00S,3,1610612744,GSW,201939,Curry,S. Curry,-25,77,8,Made,1,77.0,104.0,181,v,Curry 8' Jump Shot (20 PTS),Made Shot,Jump Shot,1,332,21500314,2002,10.0,made_fg(24),2,0,likely_open,"subType: open-like, distance: mid-range"
377,PT00M30.90S,3,1610612744,GSW,201939,Curry,S. Curry,197,208,29,Missed,1,,,0,v,MISS Curry 29' 3PT Jump Shot,Missed Shot,Jump Shot,1,352,21500314,2130,17.0,made_fg(24),3,-2,likely_open,"subType: open-like, distance: deep above-break 3 (>=27ft)"
380,PT00M02.70S,3,1610612744,GSW,201939,Curry,S. Curry,159,106,19,Made,1,83.0,111.0,194,v,Curry 19' Step Back Jump Shot (23 PTS),Made Shot,Step Back Jump shot,1,355,21500314,2158,2.0,made_fg(24),2,4,likely_contested,"subType: contested-like, text: pressure-move, clock: late (<=5s)"
464,PT03M49.00S,4,1610612744,GSW,201939,Curry,S. Curry,76,169,19,Made,1,112.0,125.0,237,v,Curry 19' Step Back Jump Shot (25 PTS),Made Shot,Step Back Jump shot,1,434,21500314,2651,7.0,made_fg(24),2,3,likely_contested,"subType: contested-like, text: pressure-move"
474,PT03M07.00S,4,1610612744,GSW,201939,Curry,S. Curry,168,208,27,Missed,1,,,0,v,MISS Curry 27' 3PT Jump Shot,Missed Shot,Jump Shot,1,445,21500314,2693,6.0,made_fg(24),3,-2,likely_open,"subType: open-like, distance: deep above-break 3 (>=27ft)"
487,PT01M43.00S,4,1610612744,GSW,201939,Curry,S. Curry,27,36,5,Missed,1,,,0,v,MISS Curry 5' Jump Shot,Missed Shot,Jump Shot,1,458,21500314,2777,10.0,def_reb(24),2,0,likely_open,"subType: open-like, distance: at-rim/very close"
509,PT00M35.70S,4,1610612744,GSW,201939,Curry,S. Curry,-34,7,3,Made,1,120.0,129.0,249,v,Curry 3' Driving Finger Roll Layup (27 PTS),Made Shot,Driving Finger Roll Layup Shot,1,479,21500314,2845,12.0,keep_clock(24),2,1,borderline,distance: at-rim/very close
15,PT10M19.00S,1,1610612744,GSW,201939,Curry,S. Curry,148,146,21,Missed,1,,,0,v,MISS Curry 21' Jump Shot,Missed Shot,Jump Shot,1,18,21500336,101,7.0,off_reb(14),2,-1,likely_open,subType: open-like
23,PT09M23.00S,1,1610612744,GSW,201939,Curry,S. Curry,140,223,26,Made,1,3.0,7.0,10,v,Curry 26' 3PT Jump Shot (3 PTS) (Green 2 AST),Made Shot,Jump Shot,1,26,21500336,157,2.0,made_fg(24),3,0,likely_open,"subType: open-like, clock: late (<=5s)"
28,PT08M23.00S,1,1610612744,GSW,201939,Curry,S. Curry,20,7,2,Missed,1,,,0,v,MISS Curry 2' Layup,Missed Shot,Layup Shot,1,31,21500336,217,16.0,made_fg(24),2,1,borderline,distance: at-rim/very close
35,PT07M45.00S,1,1610612744,GSW,201939,Curry,S. Curry,143,232,27,Missed,1,,,0,v,MISS Curry 27' 3PT Jump Shot,Missed Shot,Jump Shot,1,38,21500336,255,19.0,def_reb(24),3,-2,likely_open,"subType: open-like, distance: deep above-break 3 (>=27ft)"
46,PT06M09.00S,1,1610612744,GSW,201939,Curry,S. Curry,6,267,27,Missed,1,,,0,v,MISS Curry 27' 3PT Jump Shot,Missed Shot,Jump Shot,1,51,21500336,351,12.0,off_reb(14),3,-2,likely_open,"subType: open-like, distance: deep above-break 3 (>=27ft)"
50,PT05M42.00S,1,1610612744,GSW,201939,Curry,S. Curry,53,8,5,Missed,1,,,0,v,MISS Curry 5' Floating Jump Shot,Missed Shot,Floating Jump shot,1,55,21500336,378,6.0,def_reb(24),2,3,likely_contested,"subType: contested-like, distance: at-rim/very close"
64,PT04M38.00S,1,1610612744,GSW,201939,Curry,S. Curry,30,70,8,Missed,1,,,0,v,MISS Curry 8' Floating Jump Shot,Missed Shot,Floating Jump shot,1,67,21500336,442,6.0,made_fg(24),2,3,likely_contested,"subType: contested-like, distance: mid-range"
73,PT03M56.00S,1,1610612744,GSW,201939,Curry,S. Curry,12,3,1,Made,1,18.0,15.0,33,v,Curry 1' Running Layup (5 PTS) (Iguodala 2 AST),Made Shot,Running Layup Shot,1,76,21500336,484,19.0,turnover(24),2,3,likely_contested,"subType: contested-like, distance: at-rim/very close"
201,PT04M59.00S,2,1610612744,GSW,201939,Curry,S. Curry,-196,149,25,Made,1,43.0,44.0,87,v,Curry 25' 3PT Jump Shot (10 PTS) (Livingston 2 AST),Made Shot,Jump Shot,1,189,21500336,1141,10.0,made_fg(24),3,-1,likely_open,subType: open-like
207,PT04M13.00S,2,1610612744,GSW,201939,Curry,S. Curry,182,228,29,Made,1,45.0,47.0,92,v,Curry 29' 3PT Pullup Jump Shot (13 PTS),Made Shot,Pullup Jump shot,1,195,21500336,1187,15.0,made_fg(24),3,2,likely_contested,"subType: contested-like, text: pressure-move, distance: deep above-break 3 (>=27ft)"
250,PT02M00.00S,2,1610612744,GSW,201939,Curry,S. Curry,210,164,27,Missed,1,,,0,v,MISS Curry 27' 3PT Jump Shot,Missed Shot,Jump Shot,1,228,21500336,1320,17.0,final_ft(24),3,-2,likely_open,"subType: open-like, distance: deep above-break 3 (>=27ft)"
276,PT00M07.90S,2,1610612744,GSW,201939,Curry,S. Curry,128,237,27,Missed,1,,,0,v,MISS Curry 27' 3PT Jump Shot,Missed Shot,Jump Shot,1,253,21500336,1433,6.0,def_reb(24),3,-2,likely_open,"subType: open-like, distance: deep above-break 3 (>=27ft)"
278,PT00M00.30S,2,1610612744,GSW,201939,Curry,S. Curry,-79,208,22,Missed,1,,,0,v,MISS Curry 22' Jump Shot,Missed Shot,Jump Shot,1,255,21500336,1440,10.0,off_reb(14),2,-1,likely_open,subType: open-like
292,PT10M32.00S,3,1610612744,GSW,201939,Curry,S. Curry,20,247,25,Made,1,56.0,64.0,120,v,Curry 25' 3PT Jump Shot (18 PTS),Made Shot,Jump Shot,1,269,21500336,1528,7.0,made_fg(24),3,-1,likely_open,subType: open-like
308,PT08M44.00S,3,1610612744,GSW,201939,Curry,S. Curry,-14,16,2,Missed,1,,,0,v,MISS Curry 2' Layup,Missed Shot,Layup Shot,1,286,21500336,1636,12.0,def_reb(24),2,1,borderline,distance: at-rim/very close
337,PT06M32.00S,3,1610612744,GSW,201939,Curry,S. Curry,163,134,21,Missed,1,,,0,v,MISS Curry 21' Jump Shot,Missed Shot,Jump Shot,1,309,21500336,1768,9.0,keep_clock(19),2,-1,likely_open,subType: open-like
466,PT08M28.00S,4,1610612744,GSW,201939,Curry,S. Curry,9,2,1,Made,1,86.0,85.0,171,v,Curry 1' Driving Finger Roll Layup (22 PTS),Made Shot,Driving Finger Roll Layup Shot,1,423,21500336,2372,10.0,off_reb(14),2,1,borderline,distance: at-rim/very close
499,PT05M40.00S,4,1610612744,GSW,201939,Curry,S. Curry,42,247,25,Made,1,92.0,94.0,186,v,Curry 25' 3PT Fadeaway Jumper (25 PTS) (Green 7 AST),Made Shot,Fadeaway Jump Shot,1,454,21500336,2540,13.0,final_ft(24),3,3,likely_contested,"subType: contested-like, text: pressure-move"
504,PT04M48.00S,4,1610612744,GSW,201939,Curry,S. Curry,-20,13,2,Missed,1,,,0,v,MISS Curry 2' Driving Finger Roll Layup,Missed Shot,Driving Finger Roll Layup Shot,1,459,21500336,2592,15.0,def_reb(24),2,1,borderline,distance: at-rim/very close
522,PT03M20.00S,4,1610612744,GSW,201939,Curry,S. Curry,145,129,19,Missed,1,,,0,v,MISS Curry 19' Jump Shot,Missed Shot,Jump Shot,1,475,21500336,2680,18.0,turnover(24),2,-1,likely_open,subType: open-like
530,PT02M31.00S,4,1610612744,GSW,201939,Curry,S. Curry,19,262,26,Missed,1,,,0,v,MISS Curry 26' 3PT Jump Shot,Missed Shot,Jump Shot,1,483,21500336,2729,11.0,def_reb(24),3,-1,likely_open,subType: open-like
532,PT02M28.00S,4,1610612744,GSW,201939,Curry,S. Curry,-5,14,1,Missed,1,,,0,v,MISS Curry 1' Layup,Missed Shot,Layup Shot,1,485,21500336,2732,13.0,off_reb(14),2,1,borderline,distance: at-rim/very close
560,PT00M46.80S,4,1610612744,GSW,201939,Curry,S. Curry,-24,288,29,Made,1,101.0,103.0,204,v,Curry 29' 3PT Jump Shot (32 PTS) (Livingston 3 AST),Made Shot,Jump Shot,1,503,21500336,2834,7.0,def_reb(24),3,-2,likely_open,"subType: open-like, distance: deep above-break 3 (>=27ft)"
565,PT00M23.90S,4,1610612744,GSW,201939,Curry,S. Curry,-147,95,18,Missed,1,,,0,v,MISS Curry 18' Jump Shot,Missed Shot,Jump Shot,1,507,21500336,2857,6.0,made_fg(24),2,-1,likely_open,subType: open-like
620,PT01M41.00S,5,1610612744,GSW,201939,Curry,S. Curry,-145,214,26,Missed,1,,,0,v,MISS Curry 26' 3PT Jump Shot,Missed Shot,Jump Shot,1,559,21500336,3079,10.0,def_reb(24),3,-1,likely_open,subType: open-like
632,PT00M53.60S,5,1610612744,GSW,201939,Curry,S. Curry,10,2,1,Made,1,108.0,110.0,218,v,Curry 1' Driving Finger Roll Layup (36 PTS),Made Shot,Driving Finger Roll Layup Shot,1,567,21500336,3127,13.0,made_fg(24),2,1,borderline,distance: at-rim/very close
634,PT00M23.90S,5,1610612744,GSW,201939,Curry,S. Curry,176,195,26,Missed,1,,,0,v,MISS Curry 26' 3PT Jump Shot,Missed Shot,Jump Shot,1,569,21500336,3157,5.0,made_fg(24),3,0,likely_open,"subType: open-like, clock: late (<=5s)"
7,PT11M07.00S,1,1610612744,GSW,201939,Curry,S. Curry,-74,282,29,Missed,1,,,0,v,MISS Curry 29' 3PT Jump Shot,Missed Shot,Jump Shot,1,8,21500351,53,17.0,def_reb(24),3,-2,likely_open,"subType: open-like, distance: deep above-break 3 (>=27ft)"
42,PT07M16.00S,1,1610612744,GSW,201939,Curry,S. Curry,213,139,25,Missed,1,,,0,v,MISS Curry 25' 3PT Jump Shot,Missed Shot,Jump Shot,1,40,21500351,284,13.0,turnover(24),3,-1,likely_open,subType: open-like
56,PT06M30.00S,1,1610612744,GSW,201939,Curry,S. Curry,10,7,1,Made,1,16.0,9.0,25,v,Curry 1' Reverse Layup (4 PTS) (Bogut 1 AST),Made Shot,Reverse Layup Shot,1,53,21500351,330,9.0,made_fg(24),2,3,likely_contested,"subType: contested-like, distance: at-rim/very close"
58,PT06M01.00S,1,1610612744,GSW,201939,Curry,S. Curry,-11,8,1,Made,1,18.0,11.0,29,v,Curry 1' Driving Reverse Layup (6 PTS),Made Shot,Driving Reverse Layup Shot,1,55,21500351,359,9.0,made_fg(24),2,3,likely_contested,"subType: contested-like, distance: at-rim/very close"
64,PT05M16.00S,1,1610612744,GSW,201939,Curry,S. Curry,222,-11,0,Made,1,18.0,14.0,32,v,Curry 3PT Jump Shot (9 PTS),Made Shot,Jump Shot,1,58,21500351,404,13.0,def_reb(24),3,-1,likely_open,"subType: open-like, distance: at-rim/very close, coords: corner-3, corner: catch/spot"
88,PT03M14.00S,1,1610612744,GSW,201939,Curry,S. Curry,-16,3,2,Made,1,24.0,18.0,42,v,Curry 2' Layup (11 PTS) (Green 2 AST),Made Shot,Layup Shot,1,79,21500351,526,22.0,def_reb(24),2,1,borderline,distance: at-rim/very close
90,PT02M45.00S,1,1610612744,GSW,201939,Curry,S. Curry,-7,139,14,Missed,1,,,0,v,MISS Curry 14' Jump Shot,Missed Shot,Jump Shot,1,81,21500351,555,8.0,made_fg(24),2,0,likely_open,"subType: open-like, distance: mid-range"
107,PT01M21.00S,1,1610612744,GSW,201939,Curry,S. Curry,-34,18,4,Missed,1,,,0,v,MISS Curry 4' Jump Shot,Missed Shot,Jump Shot,1,98,21500351,639,8.0,keep_clock(23),2,0,likely_open,"subType: open-like, distance: at-rim/very close"
109,PT01M15.00S,1,1610612744,GSW,201939,Curry,S. Curry,-237,-11,24,Missed,1,,,0,v,MISS Curry 24' 3PT Jump Shot,Missed Shot,Jump Shot,1,100,21500351,645,11.0,off_reb(14),3,-2,likely_open,"subType: open-like, coords: corner-3, corner: catch/spot"
125,PT00M34.60S,1,1610612744,GSW,201939,Curry,S. Curry,168,-21,17,Made,1,30.0,26.0,56,v,Curry 17' Jump Shot (13 PTS),Made Shot,Jump Shot,1,113,21500351,686,18.0,def_reb(24),2,-1,likely_open,subType: open-like
234,PT03M04.00S,2,1610612744,GSW,201939,Curry,S. Curry,1,90,9,Missed,1,,,0,v,MISS Curry 9' Floating Jump Shot,Missed Shot,Floating Jump shot,1,210,21500351,1256,10.0,final_ft(24),2,3,likely_contested,"subType: contested-like, distance: mid-range"
253,PT01M11.00S,2,1610612744,GSW,201939,Curry,S. Curry,159,62,17,Made,1,56.0,44.0,100,v,Curry 17' Jump Shot (15 PTS) (Bogut 2 AST),Made Shot,Jump Shot,1,226,21500351,1369,13.0,made_fg(24),2,-1,likely_open,subType: open-like
264,PT00M01.90S,2,1610612744,GSW,201939,Curry,S. Curry,-13,14,2,Missed,1,,,0,v,MISS Curry 2' Layup,Missed Shot,Layup Shot,1,237,21500351,1439,20.0,made_fg(24),2,1,borderline,distance: at-rim/very close
330,PT07M26.00S,3,1610612744,GSW,201939,Curry,S. Curry,-9,3,1,Made,1,67.0,59.0,126,v,Curry 1' Layup (19 PTS),Made Shot,Layup Shot,1,301,21500351,1714,18.0,def_reb(24),2,1,borderline,distance: at-rim/very close
355,PT05M49.00S,3,1610612744,GSW,201939,Curry,S. Curry,86,257,27,Missed,1,,,0,v,MISS Curry 27' 3PT Jump Shot,Missed Shot,Jump Shot,1,320,21500351,1811,19.0,turnover(24),3,-2,likely_open,"subType: open-like, distance: deep above-break 3 (>=27ft)"
419,PT01M32.00S,3,1610612744,GSW,201939,Curry,S. Curry,-7,7,1,Made,1,78.0,77.0,155,v,Curry 1' Driving Layup (23 PTS),Made Shot,Driving Layup Shot,1,373,21500351,2068,10.0,turnover(24),2,3,likely_contested,"subType: contested-like, distance: at-rim/very close"
422,PT01M02.00S,3,1610612744,GSW,201939,Curry,S. Curry,-191,3,19,Missed,1,,,0,v,MISS Curry 19' Jump Shot,Missed Shot,Jump Shot,1,376,21500351,2098,15.0,def_reb(24),2,-1,likely_open,subType: open-like
562,PT08M18.00S,3,1610612744,GSW,201939,Curry,S. Curry,3,245,25,Missed,1,,,0,v,MISS Curry 25' 3PT Pullup Jump Shot,Missed Shot,Pullup Jump shot,0,289,21500351,1662,22.0,def_reb(24),3,3,likely_contested,"subType: contested-like, text: pressure-move"
486,PT06M38.00S,4,1610612744,GSW,201939,Curry,S. Curry,60,239,25,Missed,1,,,0,v,MISS Curry 25' 3PT Jump Shot,Missed Shot,Jump Shot,1,437,21500351,2482,5.0,made_fg(24),3,0,likely_open,"subType: open-like, clock: late (<=5s)"
506,PT04M44.00S,4,1610612744,GSW,201939,Curry,S. Curry,153,214,26,Made,1,95.0,86.0,181,v,Curry 26' 3PT Jump Shot (26 PTS) (Green 5 AST),Made Shot,Jump Shot,1,456,21500351,2596,12.0,def_reb(24),3,-1,likely_open,subType: open-like
511,PT04M11.00S,4,1610612744,GSW,201939,Curry,S. Curry,-2,2,0,Made,1,95.0,88.0,183,v,Curry Cutting Layup Shot (28 PTS),Made Shot,Cutting Layup Shot,1,460,21500351,2629,18.0,turnover(24),2,1,borderline,distance: at-rim/very close
517,PT03M39.00S,4,1610612744,GSW,201939,Curry,S. Curry,-112,242,27,Missed,1,,,0,v,MISS Curry 27' 3PT Jump Shot,Missed Shot,Jump Shot,1,465,21500351,2661,15.0,def_reb(24),3,-2,likely_open,"subType: open-like, distance: deep above-break 3 (>=27ft)"
28,PT08M01.00S,1,1610612744,GSW,201939,Curry,S. Curry,-4,21,2,Missed,1,,,0,h,MISS Curry 2' Layup,Missed Shot,Layup Shot,1,30,21500381,239,18.0,made_fg(24),2,1,borderline,distance: at-rim/very close
51,PT06M28.00S,1,1610612744,GSW,201939,Curry,S. Curry,78,154,17,Made,1,16.0,11.0,27,h,Curry 17' Pullup Jump Shot (2 PTS) (Green 2 AST),Made Shot,Pullup Jump shot,1,52,21500381,332,16.0,def_reb(24),2,3,likely_contested,"subType: contested-like, text: pressure-move"
70,PT04M28.00S,1,1610612744,GSW,201939,Curry,S. Curry,114,247,27,Missed,1,,,0,h,MISS Curry 27' 3PT Jump Shot,Missed Shot,Jump Shot,1,70,21500381,452,16.0,def_reb(24),3,-2,likely_open,"subType: open-like, distance: deep above-break 3 (>=27ft)"
92,PT02M03.00S,1,1610612744,GSW,201939,Curry,S. Curry,-107,224,25,Missed,1,,,0,h,MISS Curry 25' 3PT Pullup Jump Shot,Missed Shot,Pullup Jump shot,1,95,21500381,597,16.0,made_fg(24),3,3,likely_contested,"subType: contested-like, text: pressure-move"
194,PT04M41.00S,2,1610612744,GSW,201939,Curry,S. Curry,42,85,9,Made,1,40.0,42.0,82,h,Curry 9' Turnaround Fadeaway Bank Jump Shot (4 PTS) (Green 4 AST),Made Shot,Turnaround Fadeaway Bank Jump Shot,1,190,21500381,1159,5.0,made_fg(24),2,5,likely_contested,"subType: contested-like, text: pressure-move, distance: mid-range, clock: late (<=5s)"
209,PT03M07.00S,2,1610612744,GSW,201939,Curry,S. Curry,-92,237,25,Made,1,51.0,44.0,95,h,Curry 25' 3PT Step Back Jump Shot (7 PTS),Made Shot,Step Back Jump shot,1,204,21500381,1253,12.0,def_reb(24),3,3,likely_contested,"subType: contested-like, text: pressure-move"
215,PT02M12.00S,2,1610612744,GSW,201939,Curry,S. Curry,-16,7,2,Made,1,56.0,46.0,102,h,Curry 2' Running Reverse Layup (9 PTS),Made Shot,Running Reverse Layup Shot,1,211,21500381,1308,17.0,turnover(24),2,1,borderline,distance: at-rim/very close
217,PT01M41.00S,2,1610612744,GSW,201939,Curry,S. Curry,153,208,26,Made,1,59.0,46.0,105,h,Curry 26' 3PT Pullup Jump Shot (12 PTS),Made Shot,Pullup Jump shot,1,213,21500381,1339,15.0,turnover(24),3,3,likely_contested,"subType: contested-like, text: pressure-move"
223,PT01M04.00S,2,1610612744,GSW,201939,Curry,S. Curry,-66,264,27,Missed,1,,,0,h,MISS Curry 27' 3PT Jump Shot,Missed Shot,Jump Shot,1,220,21500381,1376,11.0,off_foul(24),3,-2,likely_open,"subType: open-like, distance: deep above-break 3 (>=27ft)"
279,PT09M39.00S,3,1610612744,GSW,201939,Curry,S. Curry,53,95,11,Made,1,68.0,49.0,117,h,Curry 11' Driving Floating Jump Shot (17 PTS) (Bogut 2 AST),Made Shot,Driving Floating Jump Shot,1,268,21500381,1581,12.0,turnover(24),2,3,likely_contested,"subType: contested-like, distance: mid-range"
281,PT09M15.00S,3,1610612744,GSW,201939,Curry,S. Curry,9,16,2,Made,1,70.0,49.0,119,h,Curry 2' Running Layup (19 PTS) (Green 5 AST),Made Shot,Running Layup Shot,1,271,21500381,1605,19.0,turnover(24),2,3,likely_contested,"subType: contested-like, distance: at-rim/very close"
306,PT07M15.00S,3,1610612744,GSW,201939,Curry,S. Curry,0,11,1,Made,1,77.0,55.0,132,h,Curry 1' Reverse Layup (21 PTS) (Green 6 AST),Made Shot,Reverse Layup Shot,1,293,21500381,1725,10.0,made_fg(24),2,3,likely_contested,"subType: contested-like, distance: at-rim/very close"
314,PT06M03.00S,3,1610612744,GSW,201939,Curry,S. Curry,0,26,3,Made,1,84.0,57.0,141,h,Curry 3' Cutting Layup Shot (23 PTS) (K. Thompson 2 AST),Made Shot,Cutting Layup Shot,1,301,21500381,1797,18.0,def_reb(24),2,1,borderline,distance: at-rim/very close
381,PT00M48.80S,3,1610612744,GSW,201939,Curry,S. Curry,120,165,20,Made,1,103.0,65.0,168,h,Curry 20' Jump Shot (25 PTS) (Green 9 AST),Made Shot,Jump Shot,1,360,21500381,2112,19.0,turnover(24),2,-1,likely_open,subType: open-like
6,PT11M20.00S,1,1610612744,GSW,201939,Curry,S. Curry,148,190,24,Made,1,3.0,0.0,3,h,Curry 24' 3PT Jump Shot (3 PTS) (Green 1 AST),Made Shot,Jump Shot,1,7,21500397,40,12.0,def_reb(24),3,-1,likely_open,subType: open-like
29,PT08M52.00S,1,1610612744,GSW,201939,Curry,S. Curry,-22,11,2,Made,1,10.0,7.0,17,h,Curry 2' Driving Finger Roll Layup (5 PTS),Made Shot,Driving Finger Roll Layup Shot,1,29,21500397,188,16.0,off_foul(24),2,1,borderline,distance: at-rim/very close
39,PT08M23.00S,1,1610612744,GSW,201939,Curry,S. Curry,-17,85,9,Missed,1,,,0,h,MISS Curry 9' Jump Shot,Missed Shot,Jump Shot,1,36,21500397,217,14.0,off_foul(24),2,0,likely_open,"subType: open-like, distance: mid-range"
50,PT06M48.00S,1,1610612744,GSW,201939,Curry,S. Curry,-37,97,10,Made,1,16.0,15.0,31,h,Curry 10' Jump Shot (7 PTS) (Rush 1 AST),Made Shot,Jump Shot,1,49,21500397,312,8.0,off_reb(14),2,0,likely_open,"subType: open-like, distance: mid-range"
76,PT04M52.00S,1,1610612744,GSW,201939,Curry,S. Curry,-194,175,26,Made,1,24.0,22.0,46,h,Curry 26' 3PT Step Back Jump Shot (10 PTS) (Iguodala 1 AST),Made Shot,Step Back Jump shot,1,73,21500397,428,10.0,made_fg(24),3,3,likely_contested,"subType: contested-like, text: pressure-move"
138,PT00M01.50S,1,1610612744,GSW,201939,Curry,S. Curry,-204,183,27,Missed,1,,,0,h,MISS Curry 27' 3PT Jump Shot,Missed Shot,Jump Shot,1,127,21500397,719,20.0,made_fg(24),3,-2,likely_open,"subType: open-like, distance: deep above-break 3 (>=27ft)"
229,PT04M17.00S,2,1610612744,GSW,201939,Curry,S. Curry,-30,85,9,Missed,1,,,0,h,MISS Curry 9' Jump Shot,Missed Shot,Jump Shot,1,208,21500397,1183,8.0,made_fg(24),2,0,likely_open,"subType: open-like, distance: mid-range"
270,PT00M26.70S,2,1610612744,GSW,201939,Curry,S. Curry,42,252,26,Missed,1,,,0,h,MISS Curry 26' 3PT Jump Shot,Missed Shot,Jump Shot,1,243,21500397,1414,19.0,def_reb(24),3,-1,likely_open,subType: open-like
278,PT00M05.90S,2,1610612744,GSW,201939,Curry,S. Curry,-194,159,25,Missed,1,,,0,h,MISS Curry 25' 3PT Jump Shot,Missed Shot,Jump Shot,1,249,21500397,1435,5.0,final_ft(24),3,0,likely_open,"subType: open-like, clock: late (<=5s)"
348,PT04M33.00S,3,1610612744,GSW,201939,Curry,S. Curry,-212,8,21,Made,1,78.0,81.0,159,h,Curry 21' Step Back Jump Shot (14 PTS),Made Shot,Step Back Jump shot,1,318,21500397,1887,17.0,def_reb(24),2,3,likely_contested,"subType: contested-like, text: pressure-move"
369,PT02M50.00S,3,1610612744,GSW,201939,Curry,S. Curry,-12,11,2,Missed,1,,,0,h,MISS Curry 2' Layup,Missed Shot,Layup Shot,1,336,21500397,1990,7.0,made_fg(24),2,1,borderline,distance: at-rim/very close
513,PT02M52.00S,4,1610612744,GSW,201939,Curry,S. Curry,6,41,4,Made,1,108.0,106.0,214,h,Curry 4' Turnaround Fadeaway (22 PTS) (Green 8 AST),Made Shot,Turnaround Fadeaway shot,1,469,21500397,2708,5.0,made_fg(24),2,5,likely_contested,"subType: contested-like, text: pressure-move, distance: at-rim/very close, clock: late (<=5s)"
515,PT02M16.00S,4,1610612744,GSW,201939,Curry,S. Curry,-4,16,2,Made,1,110.0,108.0,218,h,Curry 2' Driving Reverse Layup (24 PTS),Made Shot,Driving Reverse Layup Shot,1,471,21500397,2744,12.0,made_fg(24),2,3,likely_contested,"subType: contested-like, distance: at-rim/very close"
533,PT00M51.40S,4,1610612744,GSW,201939,Curry,S. Curry,217,120,25,Missed,1,,,0,h,MISS Curry 25' 3PT Jump Shot,Missed Shot,Jump Shot,1,488,21500397,2829,10.0,off_reb(14),3,-1,likely_open,subType: open-like
8,PT10M48.00S,1,1610612744,GSW,201939,Curry,S. Curry,46,244,25,Made,1,5.0,2.0,7,h,Curry 25' 3PT Pullup Jump Shot (3 PTS),Made Shot,Pullup Jump shot,1,10,21500434,72,10.0,made_fg(24),3,3,likely_contested,"subType: contested-like, text: pressure-move"
20,PT09M31.00S,1,1610612744,GSW,201939,Curry,S. Curry,155,129,20,Missed,1,,,0,h,MISS Curry 20' Jump Shot,Missed Shot,Jump Shot,1,22,21500434,149,12.0,made_fg(24),2,-1,likely_open,subType: open-like
32,PT07M43.00S,1,1610612744,GSW,201939,Curry,S. Curry,-14,11,2,Made,1,13.0,9.0,22,h,Curry 2' Driving Reverse Layup (5 PTS),Made Shot,Driving Reverse Layup Shot,1,38,21500434,257,18.0,turnover(24),2,3,likely_contested,"subType: contested-like, distance: at-rim/very close"
37,PT07M13.00S,1,1610612744,GSW,201939,Curry,S. Curry,-92,242,26,Missed,1,,,0,h,MISS Curry 26' 3PT Pullup Jump Shot,Missed Shot,Pullup Jump shot,1,44,21500434,287,20.0,def_reb(24),3,3,likely_contested,"subType: contested-like, text: pressure-move"
58,PT04M55.00S,1,1610612744,GSW,201939,Curry,S. Curry,-228,38,0,Missed,1,,,0,h,MISS Curry 3PT Jump Shot,Missed Shot,Jump Shot,1,64,21500434,425,7.0,keep_clock(24),3,-1,likely_open,"subType: open-like, distance: at-rim/very close, coords: corner-3, corner: catch/spot"
98,PT00M29.20S,1,1610612744,GSW,201939,Curry,S. Curry,-96,28,10,Made,1,21.0,13.0,34,h,Curry 10' Floating Jump Shot (7 PTS),Made Shot,Floating Jump shot,1,107,21500434,691,16.0,def_reb(24),2,3,likely_contested,"subType: contested-like, distance: mid-range"
198,PT02M18.00S,2,1610612744,GSW,201939,Curry,S. Curry,10,21,2,Missed,1,,,0,h,MISS Curry 2' Reverse Layup,Missed Shot,Reverse Layup Shot,1,200,21500434,1302,0.0,made_fg(24),2,4,likely_contested,"subType: contested-like, distance: at-rim/very close, clock: late (<=5s)"
216,PT00M02.80S,2,1610612744,GSW,201939,Curry,S. Curry,158,190,25,Missed,1,,,0,h,MISS Curry 25' 3PT Jump Shot,Missed Shot,Jump Shot,1,216,21500434,1438,11.0,def_reb(24),3,-1,likely_open,subType: open-like
257,PT08M22.00S,3,1610612744,GSW,201939,Curry,S. Curry,82,188,21,Made,1,55.0,44.0,99,h,Curry 21' Jump Shot (11 PTS),Made Shot,Jump Shot,1,253,21500434,1658,7.0,def_foul_14(14),2,-1,likely_open,subType: open-like
297,PT04M15.00S,3,1610612744,GSW,201939,Curry,S. Curry,-171,218,28,Missed,1,,,0,h,MISS Curry 28' 3PT Jump Shot,Missed Shot,Jump Shot,1,294,21500434,1905,12.0,turnover(24),3,-2,likely_open,"subType: open-like, distance: deep above-break 3 (>=27ft)"
303,PT03M46.00S,3,1610612744,GSW,201939,Curry,S. Curry,-233,26,0,Missed,1,,,0,h,MISS Curry 3PT Jump Shot,Missed Shot,Jump Shot,1,300,21500434,1934,12.0,off_foul(24),3,-1,likely_open,"subType: open-like, distance: at-rim/very close, coords: corner-3, corner: catch/spot"
324,PT02M04.00S,3,1610612744,GSW,201939,Curry,S. Curry,-241,11,24,Missed,1,,,0,h,MISS Curry 24' 3PT Jump Shot,Missed Shot,Jump Shot,1,321,21500434,2036,9.0,made_fg(24),3,-2,likely_open,"subType: open-like, coords: corner-3, corner: catch/spot"
333,PT01M09.00S,3,1610612744,GSW,201939,Curry,S. Curry,-9,31,3,Missed,1,,,0,h,MISS Curry 3' Jump Shot,Missed Shot,Jump Shot,1,328,21500434,2091,13.0,made_fg(24),2,0,likely_open,"subType: open-like, distance: at-rim/very close"
402,PT05M53.00S,4,1610612744,GSW,201939,Curry,S. Curry,-238,43,24,Made,1,86.0,73.0,159,h,Curry 24' 3PT Pullup Jump Shot (16 PTS) (Green 5 AST),Made Shot,Pullup Jump shot,1,400,21500434,2527,5.0,made_fg(24),3,4,likely_contested,"subType: contested-like, text: pressure-move, coords: corner-3, clock: late (<=5s)"
23,PT08M17.00S,1,1610612744,GSW,201939,Curry,S. Curry,4,16,2,Missed,1,,,0,h,MISS Curry 2' Layup,Missed Shot,Layup Shot,1,25,21500438,223,15.0,made_fg(24),2,1,borderline,distance: at-rim/very close
41,PT06M53.00S,1,1610612744,GSW,201939,Curry,S. Curry,184,11,18,Missed,1,,,0,h,MISS Curry 18' Jump Shot,Missed Shot,Jump Shot,1,40,21500438,307,3.0,off_reb(14),2,0,likely_open,"subType: open-like, clock: late (<=5s)"
75,PT04M10.00S,1,1610612744,GSW,201939,Curry,S. Curry,-1,85,9,Missed,1,,,0,h,MISS Curry 9' Floating Jump Shot,Missed Shot,Floating Jump shot,1,75,21500438,470,15.0,def_reb(24),2,3,likely_contested,"subType: contested-like, distance: mid-range"
88,PT03M14.00S,1,1610612744,GSW,201939,Curry,S. Curry,4,7,1,Made,1,18.0,15.0,33,h,Curry 1' Cutting Layup Shot (4 PTS) (Bogut 1 AST),Made Shot,Cutting Layup Shot,1,88,21500438,526,13.0,def_reb(24),2,1,borderline,distance: at-rim/very close
102,PT02M15.00S,1,1610612744,GSW,201939,Curry,S. Curry,-204,213,29,Made,1,24.0,15.0,39,h,Curry 29' 3PT Jump Shot (8 PTS) (Green 3 AST),Made Shot,Jump Shot,1,102,21500438,585,17.0,def_reb(24),3,-2,likely_open,"subType: open-like, distance: deep above-break 3 (>=27ft)"
117,PT00M53.80S,1,1610612744,GSW,201939,Curry,S. Curry,2,16,2,Missed,1,,,0,h,MISS Curry 2' Running Layup,Missed Shot,Running Layup Shot,1,115,21500438,667,19.0,def_reb(24),2,3,likely_contested,"subType: contested-like, distance: at-rim/very close"
277,PT00M01.20S,2,1610612744,GSW,201939,Curry,S. Curry,0,712,71,Missed,1,,,0,h,MISS Curry 71' 3PT Jump Shot,Missed Shot,Jump Shot,1,256,21500438,1439,23.0,def_reb(24),3,-2,likely_open,"subType: open-like, distance: deep above-break 3 (>=27ft)"
318,PT07M07.00S,3,1610612744,GSW,201939,Curry,S. Curry,-12,21,2,Made,1,56.0,49.0,105,h,Curry 2' Driving Finger Roll Layup (12 PTS),Made Shot,Driving Finger Roll Layup Shot,1,295,21500438,1733,6.0,off_reb(14),2,1,borderline,distance: at-rim/very close
329,PT06M15.00S,3,1610612744,GSW,201939,Curry,S. Curry,69,183,20,Missed,1,,,0,h,MISS Curry 20' Pullup Jump Shot,Missed Shot,Pullup Jump shot,1,306,21500438,1785,16.0,made_fg(24),2,3,likely_contested,"subType: contested-like, text: pressure-move"
343,PT05M07.00S,3,1610612744,GSW,201939,Curry,S. Curry,17,28,3,Made,1,59.0,54.0,113,h,Curry 3' Jump Shot (15 PTS) (Green 5 AST),Made Shot,Jump Shot,1,320,21500438,1853,11.0,turnover(24),2,0,likely_open,"subType: open-like, distance: at-rim/very close"
358,PT03M05.00S,3,1610612744,GSW,201939,Curry,S. Curry,-92,247,26,Missed,1,,,0,h,MISS Curry 26' 3PT Jump Shot,Missed Shot,Jump Shot,1,335,21500438,1975,13.0,def_reb(24),3,-1,likely_open,subType: open-like
496,PT03M03.00S,4,1610612744,GSW,201939,Curry,S. Curry,-7,26,3,Missed,1,,,0,h,MISS Curry 3' Layup,Missed Shot,Layup Shot,1,463,21500438,2697,9.0,off_reb(14),2,1,borderline,distance: at-rim/very close
515,PT01M19.00S,4,1610612744,GSW,201939,Curry,S. Curry,4,11,1,Made,1,83.0,77.0,160,h,Curry 1' Driving Finger Roll Layup (17 PTS),Made Shot,Driving Finger Roll Layup Shot,1,481,21500438,2801,11.0,def_reb(24),2,1,borderline,distance: at-rim/very close
517,PT00M57.60S,4,1610612744,GSW,201939,Curry,S. Curry,1,21,2,Made,1,85.0,80.0,165,h,Curry 2' Driving Finger Roll Layup (19 PTS),Made Shot,Driving Finger Roll Layup Shot,1,483,21500438,2823,13.0,made_fg(24),2,1,borderline,distance: at-rim/very close
521,PT00M28.90S,4,1610612744,GSW,201939,Curry,S. Curry,171,200,26,Missed,1,,,0,h,MISS Curry 26' 3PT Jump Shot,Missed Shot,Jump Shot,1,487,21500438,2852,5.0,def_reb(24),3,0,likely_open,"subType: open-like, clock: late (<=5s)"
12,PT11M07.00S,1,1610612744,GSW,201939,Curry,S. Curry,22,252,25,Missed,1,,,0,h,MISS Curry 25' 3PT Jump Shot,Missed Shot,Jump Shot,1,11,21500468,53,9.0,def_reb(24),3,-1,likely_open,subType: open-like
22,PT10M05.00S,1,1610612744,GSW,201939,Curry,S. Curry,186,2,19,Missed,1,,,0,h,MISS Curry 19' Step Back Jump Shot,Missed Shot,Step Back Jump shot,1,22,21500468,115,15.0,made_fg(24),2,3,likely_contested,"subType: contested-like, text: pressure-move"
33,PT09M28.00S,1,1610612744,GSW,201939,Curry,S. Curry,-61,242,25,Missed,1,,,0,h,MISS Curry 25' 3PT Jump Shot,Missed Shot,Jump Shot,1,32,21500468,152,14.0,made_fg(24),3,-1,likely_open,subType: open-like
105,PT04M13.00S,1,1610612744,GSW,201939,Curry,S. Curry,-52,259,26,Missed,1,,,0,h,MISS Curry 26' 3PT Jump Shot,Missed Shot,Jump Shot,1,100,21500468,467,16.0,final_ft(24),3,-1,likely_open,subType: open-like
233,PT05M27.00S,2,1610612744,GSW,201939,Curry,S. Curry,209,134,25,Missed,1,,,0,h,MISS Curry 25' 3PT Pullup Jump Shot,Missed Shot,Pullup Jump shot,1,222,21500468,1113,18.0,turnover(24),3,3,likely_contested,"subType: contested-like, text: pressure-move"
243,PT04M43.00S,2,1610612744,GSW,201939,Curry,S. Curry,22,254,25,Missed,1,,,0,h,MISS Curry 25' 3PT Pullup Jump Shot,Missed Shot,Pullup Jump shot,1,231,21500468,1157,18.0,def_reb(24),3,3,likely_contested,"subType: contested-like, text: pressure-move"
264,PT03M16.00S,2,1610612744,GSW,201939,Curry,S. Curry,-197,169,26,Made,1,44.0,47.0,91,h,Curry 26' 3PT Step Back Jump Shot (3 PTS),Made Shot,Step Back Jump shot,1,253,21500468,1244,17.0,def_reb(24),3,3,likely_contested,"subType: contested-like, text: pressure-move"
271,PT02M13.00S,2,1610612744,GSW,201939,Curry,S. Curry,-225,-1,0,Made,1,47.0,53.0,100,h,Curry 3PT Pullup Jump Shot (6 PTS) (Iguodala 3 AST),Made Shot,Pullup Jump shot,1,260,21500468,1307,8.0,off_reb(14),3,4,likely_contested,"subType: contested-like, text: pressure-move, distance: at-rim/very close, coords: corner-3"
282,PT01M08.00S,2,1610612744,GSW,201939,Curry,S. Curry,-55,262,27,Made,1,50.0,53.0,103,h,Curry 27' 3PT Jump Shot (9 PTS),Made Shot,Jump Shot,1,272,21500468,1372,17.0,def_reb(24),3,-2,likely_open,"subType: open-like, distance: deep above-break 3 (>=27ft)"
284,PT00M51.80S,2,1610612744,GSW,201939,Curry,S. Curry,-22,277,28,Made,1,53.0,56.0,109,h,Curry 28' 3PT Pullup Jump Shot (12 PTS),Made Shot,Pullup Jump shot,1,274,21500468,1389,16.0,made_fg(24),3,2,likely_contested,"subType: contested-like, text: pressure-move, distance: deep above-break 3 (>=27ft)"
289,PT00M33.60S,2,1610612744,GSW,201939,Curry,S. Curry,-6,26,3,Made,1,55.0,59.0,114,h,Curry 3' Driving Finger Roll Layup (14 PTS),Made Shot,Driving Finger Roll Layup Shot,1,279,21500468,1407,15.0,made_fg(24),2,1,borderline,distance: at-rim/very close
292,PT00M21.50S,2,1610612744,GSW,201939,Curry,S. Curry,-117,257,28,Made,1,58.0,59.0,117,h,Curry 28' 3PT Pullup Jump Shot (17 PTS),Made Shot,Pullup Jump shot,1,282,21500468,1419,19.0,def_reb(24),3,2,likely_contested,"subType: contested-like, text: pressure-move, distance: deep above-break 3 (>=27ft)"
312,PT10M38.00S,3,1610612744,GSW,201939,Curry,S. Curry,-169,193,26,Missed,1,,,0,h,MISS Curry 26' 3PT Jump Shot,Missed Shot,Jump Shot,1,297,21500468,1522,10.0,def_reb(24),3,-1,likely_open,subType: open-like
359,PT07M12.00S,3,1610612744,GSW,201939,Curry,S. Curry,-12,26,3,Missed,1,,,0,h,MISS Curry 3' Layup,Missed Shot,Layup Shot,1,337,21500468,1728,10.0,def_reb(24),2,1,borderline,distance: at-rim/very close
389,PT04M10.00S,3,1610612744,GSW,201939,Curry,S. Curry,235,28,24,Missed,1,,,0,h,MISS Curry 24' 3PT Jump Shot,Missed Shot,Jump Shot,1,366,21500468,1910,15.0,def_reb(24),3,-2,likely_open,"subType: open-like, coords: corner-3, corner: catch/spot"
432,PT00M03.90S,3,1610612744,GSW,201939,Curry,S. Curry,-142,223,26,Made,1,90.0,75.0,165,h,Curry 26' 3PT Jump Shot (23 PTS) (Iguodala 5 AST),Made Shot,Jump Shot,1,409,21500468,2157,20.0,def_reb(24),3,-1,likely_open,subType: open-like
19,PT09M25.00S,1,1610612744,GSW,201939,Curry,S. Curry,-7,11,1,Made,1,13.0,2.0,15,h,Curry 1' Running Finger Roll Layup (2 PTS) (Green 1 AST),Made Shot,Running Finger Roll Layup Shot,1,20,21500504,155,19.0,turnover(24),2,1,borderline,distance: at-rim/very close
32,PT07M28.00S,1,1610612744,GSW,201939,Curry,S. Curry,230,100,25,Missed,1,,,0,h,MISS Curry 25' 3PT Jump Shot,Missed Shot,Jump Shot,1,33,21500504,272,8.0,keep_clock(24),3,-1,likely_open,subType: open-like
55,PT05M21.00S,1,1610612744,GSW,201939,Curry,S. Curry,-237,46,24,Missed,1,,,0,h,MISS Curry 24' 3PT Step Back Jump Shot,Missed Shot,Step Back Jump shot,1,57,21500504,399,7.0,turnover(24),3,3,likely_contested,"subType: contested-like, text: pressure-move, coords: corner-3"
208,PT04M48.00S,2,1610612744,GSW,201939,Curry,S. Curry,-176,213,28,Made,1,50.0,33.0,83,h,Curry 28' 3PT Jump Shot (5 PTS) (Green 5 AST),Made Shot,Jump Shot,1,194,21500504,1152,2.0,made_fg(24),3,-1,likely_open,"subType: open-like, distance: deep above-break 3 (>=27ft), clock: late (<=5s)"
210,PT04M25.00S,2,1610612744,GSW,201939,Curry,S. Curry,-225,129,26,Missed,1,,,0,h,MISS Curry 26' 3PT Jump Shot,Missed Shot,Jump Shot,1,197,21500504,1175,15.0,turnover(24),3,-1,likely_open,subType: open-like
220,PT03M07.00S,2,1610612744,GSW,201939,Curry,S. Curry,-204,154,26,Missed,1,,,0,h,MISS Curry 26' 3PT Turnaround Jump Shot,Missed Shot,Turnaround Jump Shot,1,205,21500504,1253,3.0,made_fg(24),3,1,borderline,clock: late (<=5s)
4,PT11M19.00S,1,1610612744,GSW,201939,Curry,S. Curry,-186,180,26,Made,1,3.0,2.0,5,h,Curry 26' 3PT Jump Shot (3 PTS) (Rush 1 AST),Made Shot,Jump Shot,1,6,21500520,41,8.0,made_fg(24),3,-1,likely_open,subType: open-like
15,PT09M07.00S,1,1610612744,GSW,201939,Curry,S. Curry,-6,11,1,Made,1,10.0,4.0,14,h,Curry 1' Driving Reverse Layup (5 PTS),Made Shot,Driving Reverse Layup Shot,1,18,21500520,173,17.0,def_reb(24),2,3,likely_contested,"subType: contested-like, distance: at-rim/very close"
23,PT08M19.00S,1,1610612744,GSW,201939,Curry,S. Curry,-207,175,27,Missed,1,,,0,h,MISS Curry 27' 3PT Pullup Jump Shot,Missed Shot,Pullup Jump shot,1,24,21500520,221,17.0,turnover(24),3,2,likely_contested,"subType: contested-like, text: pressure-move, distance: deep above-break 3 (>=27ft)"
38,PT07M01.00S,1,1610612744,GSW,201939,Curry,S. Curry,-16,23,3,Made,1,14.0,13.0,27,h,Curry 3' Driving Finger Roll Layup (7 PTS) (Green 2 AST),Made Shot,Driving Finger Roll Layup Shot,1,38,21500520,299,5.0,made_fg(24),2,2,likely_contested,"distance: at-rim/very close, clock: late (<=5s)"
41,PT06M38.00S,1,1610612744,GSW,201939,Curry,S. Curry,225,-1,0,Missed,1,,,0,h,MISS Curry 3PT Jump Shot,Missed Shot,Jump Shot,1,42,21500520,322,17.0,def_reb(24),3,-1,likely_open,"subType: open-like, distance: at-rim/very close, coords: corner-3, corner: catch/spot"
153,PT07M29.00S,2,1610612744,GSW,201939,Curry,S. Curry,12,13,2,Made,1,46.0,36.0,82,h,Curry 2' Running Finger Roll Layup (9 PTS) (Green 5 AST),Made Shot,Running Finger Roll Layup Shot,1,147,21500520,991,20.0,def_reb(24),2,1,borderline,distance: at-rim/very close
157,PT06M55.00S,2,1610612744,GSW,201939,Curry,S. Curry,19,272,27,Made,1,49.0,39.0,88,h,Curry 27' 3PT Pullup Jump Shot (12 PTS),Made Shot,Pullup Jump shot,1,151,21500520,1025,16.0,made_fg(24),3,2,likely_contested,"subType: contested-like, text: pressure-move, distance: deep above-break 3 (>=27ft)"
196,PT01M50.00S,2,1610612744,GSW,201939,Curry,S. Curry,-34,267,27,Missed,1,,,0,h,MISS Curry 27' 3PT Pullup Jump Shot,Missed Shot,Pullup Jump shot,1,192,21500520,1330,17.0,def_reb(24),3,2,likely_contested,"subType: contested-like, text: pressure-move, distance: deep above-break 3 (>=27ft)"
216,PT00M13.50S,2,1610612744,GSW,201939,Curry,S. Curry,89,21,9,Made,1,62.0,54.0,116,h,Curry 9' Floating Jump Shot (14 PTS),Made Shot,Floating Jump shot,1,211,21500520,1427,6.0,final_ft(24),2,3,likely_contested,"subType: contested-like, distance: mid-range"
245,PT09M40.00S,3,1610612744,GSW,201939,Curry,S. Curry,-106,43,11,Missed,1,,,0,h,MISS Curry 11' Jump Bank Shot,Missed Shot,Jump Bank Shot,1,238,21500520,1580,,stale_reset(14),2,3,likely_contested,"subType: contested-like, distance: mid-range"
248,PT09M06.00S,3,1610612744,GSW,201939,Curry,S. Curry,168,85,19,Missed,1,,,0,h,MISS Curry 19' Pullup Jump Shot,Missed Shot,Pullup Jump shot,1,241,21500520,1614,12.0,made_fg(24),2,3,likely_contested,"subType: contested-like, text: pressure-move"
268,PT07M01.00S,3,1610612744,GSW,201939,Curry,S. Curry,158,213,27,Made,1,76.0,65.0,141,h,Curry 27' 3PT Pullup Jump Shot (17 PTS) (Rush 2 AST),Made Shot,Pullup Jump shot,1,258,21500520,1739,10.0,def_reb(24),3,2,likely_contested,"subType: contested-like, text: pressure-move, distance: deep above-break 3 (>=27ft)"
276,PT06M13.00S,3,1610612744,GSW,201939,Curry,S. Curry,12,16,2,Made,1,78.0,65.0,143,h,Curry 2' Running Finger Roll Layup (19 PTS),Made Shot,Running Finger Roll Layup Shot,1,266,21500520,1787,15.0,def_reb(24),2,1,borderline,distance: at-rim/very close
281,PT05M18.00S,3,1610612744,GSW,201939,Curry,S. Curry,204,139,25,Made,1,81.0,69.0,150,h,Curry 25' 3PT Fadeaway Jumper (22 PTS),Made Shot,Fadeaway Jump Shot,1,271,21500520,1842,15.0,made_fg(24),3,3,likely_contested,"subType: contested-like, text: pressure-move"
393,PT05M34.00S,4,1610612744,GSW,201939,Curry,S. Curry,12,257,26,Made,1,104.0,87.0,191,h,Curry 26' 3PT Pullup Jump Shot (25 PTS) (Green 10 AST),Made Shot,Pullup Jump shot,1,372,21500520,2546,16.0,def_reb(24),3,3,likely_contested,"subType: contested-like, text: pressure-move"
395,PT04M53.00S,4,1610612744,GSW,201939,Curry,S. Curry,-92,70,12,Made,1,106.0,89.0,195,h,Curry 12' Floating Jump Shot (27 PTS),Made Shot,Floating Jump shot,1,374,21500520,2587,8.0,made_fg(24),2,3,likely_contested,"subType: contested-like, distance: mid-range"
416,PT03M04.00S,4,1610612744,GSW,201939,Curry,S. Curry,186,198,27,Missed,1,,,0,h,MISS Curry 27' 3PT Pullup Jump Shot,Missed Shot,Pullup Jump shot,1,392,21500520,2696,1.0,final_ft(24),3,3,likely_contested,"subType: contested-like, text: pressure-move, distance: deep above-break 3 (>=27ft), clock: late (<=5s)"
422,PT02M34.00S,4,1610612744,GSW,201939,Curry,S. Curry,-16,11,2,Missed,1,,,0,h,MISS Curry 2' Layup,Missed Shot,Layup Shot,1,398,21500520,2726,17.0,def_reb(24),2,1,borderline,distance: at-rim/very close
425,PT01M55.00S,4,1610612744,GSW,201939,Curry,S. Curry,-22,13,3,Missed,1,,,0,h,MISS Curry 3' Layup,Missed Shot,Layup Shot,1,401,21500520,2765,1.0,made_fg(24),2,2,likely_contested,"distance: at-rim/very close, clock: late (<=5s)"
432,PT01M40.00S,4,1610612744,GSW,201939,Curry,S. Curry,-6,26,3,Made,1,108.0,97.0,205,h,Curry 3' Driving Finger Roll Layup (29 PTS) (Barnes 2 AST),Made Shot,Driving Finger Roll Layup Shot,1,405,21500520,2780,12.0,made_fg(24),2,1,borderline,distance: at-rim/very close
447,PT00M42.70S,4,1610612744,GSW,201939,Curry,S. Curry,187,183,26,Missed,1,,,0,h,MISS Curry 26' 3PT Fadeaway Jumper,Missed Shot,Fadeaway Jump Shot,1,418,21500520,2838,11.0,def_reb(24),3,3,likely_contested,"subType: contested-like, text: pressure-move"
11,PT10M36.00S,1,1610612744,GSW,201939,Curry,S. Curry,143,193,24,Missed,1,,,0,v,MISS Curry 24' 3PT Jump Shot,Missed Shot,Jump Shot,1,13,21500524,84,19.0,turnover(24),3,-1,likely_open,subType: open-like
44,PT08M07.00S,1,1610612744,GSW,201939,Curry,S. Curry,4,26,3,Missed,1,,,0,v,MISS Curry 3' Finger Roll Layup,Missed Shot,Finger Roll Layup Shot,1,42,21500524,233,12.0,made_fg(24),2,1,borderline,distance: at-rim/very close
92,PT03M59.00S,1,1610612744,GSW,201939,Curry,S. Curry,-255,7,26,Made,1,18.0,28.0,46,v,Curry 26' 3PT Jump Shot (3 PTS) (Rush 2 AST),Made Shot,Jump Shot,1,81,21500524,481,14.0,def_reb(24),3,-2,likely_open,"subType: open-like, coords: corner-3, corner: catch/spot"
177,PT08M20.00S,2,1610612744,GSW,201939,Curry,S. Curry,5,21,2,Made,1,29.0,43.0,72,v,Curry 2' Layup (5 PTS) (Green 3 AST),Made Shot,Layup Shot,1,163,21500524,940,0.0,def_reb(24),2,2,likely_contested,"distance: at-rim/very close, clock: late (<=5s)"
190,PT07M09.00S,2,1610612744,GSW,201939,Curry,S. Curry,-194,178,26,Made,1,34.0,48.0,82,v,Curry 26' 3PT Step Back Jump Shot (8 PTS),Made Shot,Step Back Jump shot,1,172,21500524,1011,,stale_reset(24),3,3,likely_contested,"subType: contested-like, text: pressure-move"
193,PT06M38.00S,2,1610612744,GSW,201939,Curry,S. Curry,186,178,26,Missed,1,,,0,v,MISS Curry 26' 3PT Jump Shot,Missed Shot,Jump Shot,1,174,21500524,1042,16.0,made_fg(24),3,-1,likely_open,subType: open-like
226,PT03M42.00S,2,1610612744,GSW,201939,Curry,S. Curry,9,16,2,Missed,1,,,0,v,MISS Curry 2' Layup,Missed Shot,Layup Shot,1,207,21500524,1218,16.0,turnover(24),2,1,borderline,distance: at-rim/very close
233,PT02M50.00S,2,1610612744,GSW,201939,Curry,S. Curry,235,-15,24,Missed,1,,,0,v,MISS Curry 24' 3PT Jump Shot,Missed Shot,Jump Shot,1,214,21500524,1270,5.0,turnover(24),3,-1,likely_open,"subType: open-like, coords: corner-3, corner: catch/spot, clock: late (<=5s)"
263,PT00M09.30S,2,1610612744,GSW,201939,Curry,S. Curry,141,214,26,Made,1,44.0,62.0,106,v,Curry 26' 3PT Jump Shot (11 PTS),Made Shot,Jump Shot,1,241,21500524,1431,11.0,def_reb(24),3,-1,likely_open,subType: open-like
294,PT09M43.00S,3,1610612744,GSW,201939,Curry,S. Curry,164,188,25,Missed,1,,,0,v,MISS Curry 25' 3PT Jump Shot,Missed Shot,Jump Shot,1,265,21500524,1577,14.0,def_reb(24),3,-1,likely_open,subType: open-like
298,PT09M10.00S,3,1610612744,GSW,201939,Curry,S. Curry,-60,-6,6,Missed,1,,,0,v,MISS Curry 6' Jump Shot,Missed Shot,Jump Shot,1,271,21500524,1610,13.0,made_fg(24),2,-1,likely_open,subType: open-like
321,PT07M39.00S,3,1610612744,GSW,201939,Curry,S. Curry,4,26,3,Made,1,55.0,68.0,123,v,Curry 3' Finger Roll Layup (13 PTS) (Bogut 2 AST),Made Shot,Finger Roll Layup Shot,1,290,21500524,1701,8.0,def_reb(24),2,1,borderline,distance: at-rim/very close
348,PT05M34.00S,3,1610612744,GSW,201939,Curry,S. Curry,-237,-21,24,Made,1,55.0,76.0,131,v,Curry 24' 3PT Jump Shot (16 PTS) (Iguodala 1 AST),Made Shot,Jump Shot,1,312,21500524,1826,7.0,def_reb(24),3,-2,likely_open,"subType: open-like, coords: corner-3, corner: catch/spot"
9,PT11M00.00S,1,1610612744,GSW,201939,Curry,S. Curry,227,8,0,Made,1,0.0,3.0,3,v,Curry 3PT Jump Shot (3 PTS) (Green 1 AST),Made Shot,Jump Shot,1,11,21500548,60,14.0,def_reb(24),3,-1,likely_open,"subType: open-like, distance: at-rim/very close, coords: corner-3, corner: catch/spot"
20,PT09M49.00S,1,1610612744,GSW,201939,Curry,S. Curry,-88,105,14,Made,1,1.0,5.0,6,v,Curry 14' Turnaround Bank Shot (5 PTS),Made Shot,Turnaround Bank shot,1,20,21500548,131,8.0,def_reb(24),2,3,likely_contested,"subType: contested-like, distance: mid-range"
26,PT08M56.00S,1,1610612744,GSW,201939,Curry,S. Curry,207,3,21,Missed,1,,,0,v,MISS Curry 21' Jump Shot,Missed Shot,Jump Shot,1,26,21500548,184,13.0,def_reb(24),2,-1,likely_open,subType: open-like
37,PT08M05.00S,1,1610612744,GSW,201939,Curry,S. Curry,227,7,0,Missed,1,,,0,v,MISS Curry 3PT Jump Shot,Missed Shot,Jump Shot,1,35,21500548,235,11.0,final_ft(24),3,-1,likely_open,"subType: open-like, distance: at-rim/very close, coords: corner-3, corner: catch/spot"
49,PT06M56.00S,1,1610612744,GSW,201939,Curry,S. Curry,-135,205,25,Missed,1,,,0,v,MISS Curry 25' 3PT Jump Shot,Missed Shot,Jump Shot,1,46,21500548,304,7.0,made_fg(24),3,-1,likely_open,subType: open-like
60,PT05M34.00S,1,1610612744,GSW,201939,Curry,S. Curry,9,7,1,Made,1,6.0,17.0,23,v,Curry 1' Running Layup (7 PTS),Made Shot,Running Layup Shot,1,56,21500548,386,18.0,def_reb(24),2,3,likely_contested,"subType: contested-like, distance: at-rim/very close"
63,PT05M05.00S,1,1610612744,GSW,201939,Curry,S. Curry,19,2,2,Made,1,6.0,19.0,25,v,Curry 2' Cutting Layup Shot (9 PTS) (Green 2 AST),Made Shot,Cutting Layup Shot,1,59,21500548,415,18.0,def_reb(24),2,1,borderline,distance: at-rim/very close
185,PT06M31.00S,2,1610612744,GSW,201939,Curry,S. Curry,204,134,24,Missed,1,,,0,v,MISS Curry 24' 3PT Jump Shot,Missed Shot,Jump Shot,1,171,21500548,1049,24.0,def_reb(24),3,-1,likely_open,subType: open-like
261,PT02M15.00S,2,1610612744,GSW,201939,Curry,S. Curry,12,7,1,Missed,1,,,0,v,MISS Curry 1' Driving Layup,Missed Shot,Driving Layup Shot,1,234,21500548,1305,8.0,def_reb(24),2,3,likely_contested,"subType: contested-like, distance: at-rim/very close"
290,PT00M25.90S,2,1610612744,GSW,201939,Curry,S. Curry,-151,200,25,Missed,1,,,0,v,MISS Curry 25' 3PT Jump Shot,Missed Shot,Jump Shot,1,258,21500548,1415,16.0,final_ft(24),3,-1,likely_open,subType: open-like
314,PT10M27.00S,3,1610612744,GSW,201939,Curry,S. Curry,-153,203,25,Missed,1,,,0,v,MISS Curry 25' 3PT Jump Shot,Missed Shot,Jump Shot,1,280,21500548,1533,8.0,def_reb(24),3,-1,likely_open,subType: open-like
343,PT07M11.00S,3,1610612744,GSW,201939,Curry,S. Curry,-7,7,1,Made,1,67.0,87.0,154,v,Curry 1' Layup (15 PTS) (Green 5 AST),Made Shot,Layup Shot,1,306,21500548,1729,16.0,def_reb(24),2,1,borderline,distance: at-rim/very close
363,PT04M36.00S,3,1610612744,GSW,201939,Curry,S. Curry,63,237,25,Missed,1,,,0,v,MISS Curry 25' 3PT Jump Shot,Missed Shot,Jump Shot,1,325,21500548,1884,13.0,made_fg(24),3,-1,likely_open,subType: open-like
383,PT03M07.00S,3,1610612744,GSW,201939,Curry,S. Curry,12,242,24,Made,1,75.0,96.0,171,v,Curry 24' 3PT Jump Shot (18 PTS),Made Shot,Jump Shot,1,343,21500548,1973,15.0,def_reb(24),3,-1,likely_open,subType: open-like
393,PT02M23.00S,3,1610612744,GSW,201939,Curry,S. Curry,120,213,24,Made,1,80.0,101.0,181,v,Curry 24' 3PT Jump Shot (21 PTS) (Green 9 AST),Made Shot,Jump Shot,1,350,21500548,2017,14.0,final_ft(24),3,-1,likely_open,subType: open-like
395,PT01M58.00S,3,1610612744,GSW,201939,Curry,S. Curry,12,2,1,Missed,1,,,0,v,MISS Curry 1' Driving Reverse Layup,Missed Shot,Driving Reverse Layup Shot,1,352,21500548,2042,14.0,made_fg(24),2,3,likely_contested,"subType: contested-like, distance: at-rim/very close"
399,PT01M34.00S,3,1610612744,GSW,201939,Curry,S. Curry,-191,180,26,Missed,1,,,0,v,MISS Curry 26' 3PT Jump Shot,Missed Shot,Jump Shot,1,357,21500548,2066,13.0,def_reb(24),3,-1,likely_open,subType: open-like
414,PT00M09.60S,3,1610612744,GSW,201939,Curry,S. Curry,-187,214,28,Made,1,87.0,106.0,193,v,Curry 28' 3PT Jump Shot (26 PTS),Made Shot,Jump Shot,1,370,21500548,2151,7.0,def_reb(24),3,-2,likely_open,"subType: open-like, distance: deep above-break 3 (>=27ft)"
19,PT09M19.00S,1,1610612744,GSW,201939,Curry,S. Curry,46,244,25,Missed,1,,,0,v,MISS Curry 25' 3PT Jump Shot,Missed Shot,Jump Shot,1,23,21500556,161,10.0,turnover(24),3,-1,likely_open,subType: open-like
27,PT08M32.00S,1,1610612744,GSW,201939,Curry,S. Curry,225,16,0,Made,1,6.0,8.0,14,v,Curry 3PT Step Back Jump Shot (3 PTS),Made Shot,Step Back Jump shot,1,32,21500556,208,12.0,def_reb(24),3,4,likely_contested,"subType: contested-like, text: pressure-move, distance: at-rim/very close, coords: corner-3"
32,PT08M05.00S,1,1610612744,GSW,201939,Curry,S. Curry,220,131,26,Missed,1,,,0,v,MISS Curry 26' 3PT Jump Shot,Missed Shot,Jump Shot,1,37,21500556,235,11.0,off_reb(14),3,-1,likely_open,subType: open-like
82,PT03M42.00S,1,1610612744,GSW,201939,Curry,S. Curry,-84,239,25,Missed,1,,,0,v,MISS Curry 25' 3PT Jump Shot,Missed Shot,Jump Shot,1,86,21500556,498,14.0,def_reb(24),3,-1,likely_open,subType: open-like
185,PT06M48.00S,2,1610612744,GSW,201939,Curry,S. Curry,-176,169,24,Made,1,39.0,36.0,75,v,Curry 24' 3PT Fadeaway Jumper (6 PTS) (Iguodala 2 AST),Made Shot,Fadeaway Jump Shot,1,181,21500556,1032,4.0,def_foul_14(14),3,4,likely_contested,"subType: contested-like, text: pressure-move, clock: late (<=5s)"
196,PT05M24.00S,2,1610612744,GSW,201939,Curry,S. Curry,4,90,9,Made,1,41.0,43.0,84,v,Curry 9' Jump Shot (8 PTS),Made Shot,Jump Shot,1,193,21500556,1116,1.0,made_fg(24),2,1,borderline,"subType: open-like, distance: mid-range, clock: late (<=5s)"
203,PT04M59.00S,2,1610612744,GSW,201939,Curry,S. Curry,97,11,10,Missed,1,,,0,v,MISS Curry 10' Jump Shot,Missed Shot,Jump Shot,1,198,21500556,1141,10.0,final_ft(24),2,0,likely_open,"subType: open-like, distance: mid-range"
214,PT04M21.00S,2,1610612744,GSW,201939,Curry,S. Curry,-43,249,25,Missed,1,,,0,v,MISS Curry 25' 3PT Jump Shot,Missed Shot,Jump Shot,1,209,21500556,1179,14.0,keep_clock(24),3,-1,likely_open,subType: open-like
237,PT03M23.00S,2,1610612744,GSW,201939,Curry,S. Curry,24,21,3,Made,1,44.0,46.0,90,v,Curry 3' Cutting Layup Shot (11 PTS) (Green 1 AST),Made Shot,Cutting Layup Shot,1,228,21500556,1237,14.0,def_reb(24),2,1,borderline,distance: at-rim/very close
254,PT02M20.00S,2,1610612744,GSW,201939,Curry,S. Curry,46,278,28,Made,1,48.0,51.0,99,v,Curry 28' 3PT Jump Shot (16 PTS),Made Shot,Jump Shot,1,239,21500556,1300,10.0,final_ft(24),3,-2,likely_open,"subType: open-like, distance: deep above-break 3 (>=27ft)"
259,PT01M33.00S,2,1610612744,GSW,201939,Curry,S. Curry,-148,228,27,Made,1,52.0,54.0,106,v,Curry 27' 3PT Jump Shot (19 PTS),Made Shot,Jump Shot,1,244,21500556,1347,15.0,made_fg(24),3,-2,likely_open,"subType: open-like, distance: deep above-break 3 (>=27ft)"
268,PT00M32.90S,2,1610612744,GSW,201939,Curry,S. Curry,213,174,28,Missed,1,,,0,v,MISS Curry 28' 3PT Jump Shot,Missed Shot,Jump Shot,1,252,21500556,1408,8.0,made_fg(24),3,-2,likely_open,"subType: open-like, distance: deep above-break 3 (>=27ft)"
329,PT07M01.00S,3,1610612744,GSW,201939,Curry,S. Curry,-24,65,7,Missed,1,,,0,v,MISS Curry 7' Jump Shot,Missed Shot,Jump Shot,1,307,21500556,1739,9.0,made_fg(24),2,-1,likely_open,subType: open-like
373,PT03M05.00S,3,1610612744,GSW,201939,Curry,S. Curry,-19,247,25,Missed,1,,,0,v,MISS Curry 25' 3PT Step Back Jump Shot,Missed Shot,Step Back Jump shot,1,343,21500556,1975,11.0,made_fg(24),3,3,likely_contested,"subType: contested-like, text: pressure-move"
388,PT01M54.00S,3,1610612744,GSW,201939,Curry,S. Curry,-225,120,26,Made,1,78.0,90.0,168,v,Curry 26' 3PT Jump Shot (22 PTS),Made Shot,Jump Shot,1,359,21500556,2046,3.0,def_foul_14(14),3,0,likely_open,"subType: open-like, clock: late (<=5s)"
474,PT06M38.00S,4,1610612744,GSW,201939,Curry,S. Curry,12,70,7,Made,1,97.0,108.0,205,v,Curry 7' Jump Shot (26 PTS) (Livingston 2 AST),Made Shot,Jump Shot,1,426,21500556,2482,5.0,final_ft(24),2,0,likely_open,"subType: open-like, clock: late (<=5s)"
492,PT05M04.00S,4,1610612744,GSW,201939,Curry,S. Curry,189,174,26,Made,1,99.0,115.0,214,v,Curry 26' 3PT Jump Shot (29 PTS) (Livingston 4 AST),Made Shot,Jump Shot,1,444,21500556,2576,6.0,made_fg(24),3,-1,likely_open,subType: open-like
500,PT04M40.00S,4,1610612744,GSW,201939,Curry,S. Curry,37,11,4,Missed,1,,,0,v,MISS Curry 4' Jump Shot,Missed Shot,Jump Shot,1,448,21500556,2600,7.0,final_ft(24),2,0,likely_open,"subType: open-like, distance: at-rim/very close"
509,PT04M23.00S,4,1610612744,GSW,201939,Curry,S. Curry,-232,16,0,Made,1,102.0,118.0,220,v,Curry 3PT Jump Shot (32 PTS) (K. Thompson 5 AST),Made Shot,Jump Shot,1,456,21500556,2617,3.0,off_reb(14),3,0,likely_open,"subType: open-like, distance: at-rim/very close, coords: corner-3, corner: catch/spot, clock: late (<=5s)"
550,PT00M52.00S,4,1610612744,GSW,201939,Curry,S. Curry,-205,169,27,Made,1,116.0,125.0,241,v,Curry 27' 3PT Jump Shot (35 PTS) (Green 4 AST),Made Shot,Jump Shot,1,488,21500556,2828,6.0,made_fg(24),3,-2,likely_open,"subType: open-like, distance: deep above-break 3 (>=27ft)"
557,PT00M27.30S,4,1610612744,GSW,201939,Curry,S. Curry,-24,224,23,Made,1,116.0,128.0,244,v,Curry 23' Step Back Jump Shot (38 PTS),Made Shot,Step Back Jump shot,1,494,21500556,2853,11.0,keep_clock(21),2,3,likely_contested,"subType: contested-like, text: pressure-move"
13,PT09M53.00S,1,1610612744,GSW,201939,Curry,S. Curry,-2,223,22,Missed,1,,,0,h,MISS Curry 22' Jump Shot,Missed Shot,Jump Shot,1,14,21500568,127,15.0,def_reb(24),2,-1,likely_open,subType: open-like
20,PT09M18.00S,1,1610612744,GSW,201939,Curry,S. Curry,-233,11,0,Made,1,7.0,2.0,9,h,Curry 3PT Pullup Jump Shot (3 PTS) (Green 2 AST),Made Shot,Pullup Jump shot,1,22,21500568,162,16.0,def_reb(24),3,4,likely_contested,"subType: contested-like, text: pressure-move, distance: at-rim/very close, coords: corner-3"
27,PT08M05.00S,1,1610612744,GSW,201939,Curry,S. Curry,-4,65,7,Missed,1,,,0,h,MISS Curry 7' Jump Bank Shot,Missed Shot,Jump Bank Shot,1,29,21500568,235,1.0,def_foul_14(14),2,3,likely_contested,"subType: contested-like, clock: late (<=5s)"
40,PT06M54.00S,1,1610612744,GSW,201939,Curry,S. Curry,-1,21,2,Missed,1,,,0,h,MISS Curry 2' Layup,Missed Shot,Layup Shot,1,42,21500568,306,5.0,keep_clock(24),2,2,likely_contested,"distance: at-rim/very close, clock: late (<=5s)"
54,PT05M50.00S,1,1610612744,GSW,201939,Curry,S. Curry,-4,21,2,Made,1,10.0,15.0,25,h,Curry 2' Driving Layup (6 PTS) (Bogut 1 AST),Made Shot,Driving Layup Shot,1,58,21500568,370,16.0,made_fg(24),2,3,likely_contested,"subType: contested-like, distance: at-rim/very close"
66,PT05M21.00S,1,1610612744,GSW,201939,Curry,S. Curry,-9,13,2,Made,1,13.0,17.0,30,h,Curry 2' Driving Layup (9 PTS) (K. Thompson 1 AST),Made Shot,Driving Layup Shot,1,66,21500568,399,9.0,final_ft(24),2,3,likely_contested,"subType: contested-like, distance: at-rim/very close"
90,PT03M15.00S,1,1610612744,GSW,201939,Curry,S. Curry,-9,16,2,Missed,1,,,0,h,MISS Curry 2' Driving Layup,Missed Shot,Driving Layup Shot,1,86,21500568,525,16.0,def_reb(24),2,3,likely_contested,"subType: contested-like, distance: at-rim/very close"
112,PT00M51.90S,1,1610612744,GSW,201939,Curry,S. Curry,107,242,26,Missed,1,,,0,h,MISS Curry 26' 3PT Jump Shot,Missed Shot,Jump Shot,1,108,21500568,669,19.0,def_reb(24),3,-1,likely_open,subType: open-like
119,PT00M03.30S,1,1610612744,GSW,201939,Curry,S. Curry,-7,75,8,Made,1,27.0,25.0,52,h,Curry 8' Floating Jump Shot (11 PTS) (Livingston 1 AST),Made Shot,Floating Jump shot,1,113,21500568,717,7.0,turnover(24),2,3,likely_contested,"subType: contested-like, distance: mid-range"
200,PT04M44.00S,2,1610612744,GSW,201939,Curry,S. Curry,-2,41,4,Missed,1,,,0,h,MISS Curry 4' Jump Shot,Missed Shot,Jump Shot,1,185,21500568,1156,1.0,final_ft(24),2,1,borderline,"subType: open-like, distance: at-rim/very close, clock: late (<=5s)"
219,PT03M57.00S,2,1610612744,GSW,201939,Curry,S. Curry,68,154,17,Made,1,45.0,45.0,90,h,Curry 17' Pullup Jump Shot (13 PTS),Made Shot,Pullup Jump shot,1,199,21500568,1203,14.0,made_fg(24),2,3,likely_contested,"subType: contested-like, text: pressure-move"
241,PT02M28.00S,2,1610612744,GSW,201939,Curry,S. Curry,99,228,25,Missed,1,,,0,h,MISS Curry 25' 3PT Step Back Jump Shot,Missed Shot,Step Back Jump shot,1,215,21500568,1292,10.0,made_fg(24),3,3,likely_contested,"subType: contested-like, text: pressure-move"
249,PT01M26.00S,2,1610612744,GSW,201939,Curry,S. Curry,-202,188,28,Made,1,52.0,54.0,106,h,Curry 28' 3PT Pullup Jump Shot (16 PTS),Made Shot,Pullup Jump shot,1,223,21500568,1354,14.0,made_fg(24),3,2,likely_contested,"subType: contested-like, text: pressure-move, distance: deep above-break 3 (>=27ft)"
253,PT00M48.80S,2,1610612744,GSW,201939,Curry,S. Curry,-19,41,5,Missed,1,,,0,h,MISS Curry 5' Jump Shot,Missed Shot,Jump Shot,1,226,21500568,1392,12.0,turnover(24),2,0,likely_open,"subType: open-like, distance: at-rim/very close"
301,PT08M48.00S,3,1610612744,GSW,201939,Curry,S. Curry,-6,8,1,Made,1,64.0,56.0,120,h,Curry 1' Driving Reverse Layup (20 PTS) (Green 4 AST),Made Shot,Driving Reverse Layup Shot,1,267,21500568,1632,19.0,turnover(24),2,3,likely_contested,"subType: contested-like, distance: at-rim/very close"
309,PT07M46.00S,3,1610612744,GSW,201939,Curry,S. Curry,1,149,15,Made,1,66.0,59.0,125,h,Curry 15' Pullup Jump Shot (22 PTS) (Green 5 AST),Made Shot,Pullup Jump shot,1,273,21500568,1694,6.0,turnover(24),2,4,likely_contested,"subType: contested-like, text: pressure-move, distance: mid-range"
312,PT07M14.00S,3,1610612744,GSW,201939,Curry,S. Curry,186,234,30,Missed,1,,,0,h,MISS Curry 30' 3PT Jump Shot,Missed Shot,Jump Shot,1,276,21500568,1726,15.0,def_reb(24),3,-2,likely_open,"subType: open-like, distance: deep above-break 3 (>=27ft)"
328,PT05M43.00S,3,1610612744,GSW,201939,Curry,S. Curry,166,213,27,Missed,1,,,0,h,MISS Curry 27' 3PT Jump Shot,Missed Shot,Jump Shot,1,291,21500568,1817,12.0,off_reb(14),3,-2,likely_open,"subType: open-like, distance: deep above-break 3 (>=27ft)"
334,PT05M10.00S,3,1610612744,GSW,201939,Curry,S. Curry,22,18,3,Missed,1,,,0,h,MISS Curry 3' Layup,Missed Shot,Layup Shot,1,297,21500568,1850,4.0,made_fg(24),2,2,likely_contested,"distance: at-rim/very close, clock: late (<=5s)"
375,PT01M53.00S,3,1610612744,GSW,201939,Curry,S. Curry,-114,65,13,Missed,1,,,0,h,MISS Curry 13' Jump Bank Shot,Missed Shot,Jump Bank Shot,1,334,21500568,2047,11.0,final_ft(24),2,3,likely_contested,"subType: contested-like, distance: mid-range"
384,PT00M48.90S,3,1610612744,GSW,201939,Curry,S. Curry,227,-19,0,Missed,1,,,0,h,MISS Curry 3PT Pullup Jump Shot,Missed Shot,Pullup Jump shot,1,343,21500568,2112,5.0,made_fg(24),3,5,likely_contested,"subType: contested-like, text: pressure-move, distance: at-rim/very close, coords: corner-3, clock: late (<=5s)"
390,PT00M00.70S,3,1610612744,GSW,201939,Curry,S. Curry,133,496,51,Missed,1,,,0,h,MISS Curry 51' 3PT Jump Shot,Missed Shot,Jump Shot,1,349,21500568,2160,22.0,made_fg(24),3,-2,likely_open,"subType: open-like, distance: deep above-break 3 (>=27ft)"
447,PT06M10.00S,4,1610612744,GSW,201939,Curry,S. Curry,-6,66,7,Missed,1,,,0,h,MISS Curry 7' Floating Jump Shot,Missed Shot,Floating Jump shot,1,400,21500568,2510,6.0,off_reb(14),2,2,likely_contested,subType: contested-like
461,PT05M10.00S,4,1610612744,GSW,201939,Curry,S. Curry,222,149,27,Missed,1,,,0,h,MISS Curry 27' 3PT Pullup Jump Shot,Missed Shot,Pullup Jump shot,1,414,21500568,2570,18.0,turnover(24),3,2,likely_contested,"subType: contested-like, text: pressure-move, distance: deep above-break 3 (>=27ft)"
463,PT04M52.00S,4,1610612744,GSW,201939,Curry,S. Curry,-140,218,26,Made,1,101.0,88.0,189,h,Curry 26' 3PT Pullup Jump Shot (25 PTS) (Livingston 6 AST),Made Shot,Pullup Jump shot,1,416,21500568,2588,,stale_reset(14),3,3,likely_contested,"subType: contested-like, text: pressure-move"
485,PT01M42.00S,4,1610612744,GSW,201939,Curry,S. Curry,127,134,18,Made,1,107.0,97.0,204,h,Curry 18' Pullup Jump Shot (27 PTS),Made Shot,Pullup Jump shot,1,437,21500568,2778,15.0,def_reb(24),2,3,likely_contested,"subType: contested-like, text: pressure-move"
506,PT00M26.90S,4,1610612744,GSW,201939,Curry,S. Curry,-117,232,26,Made,1,110.0,101.0,211,h,Curry 26' 3PT Pullup Jump Shot (30 PTS),Made Shot,Pullup Jump shot,1,456,21500568,2854,5.0,keep_clock(21),3,4,likely_contested,"subType: contested-like, text: pressure-move, clock: late (<=5s)"
13,PT10M37.00S,1,1610612744,GSW,201939,Curry,S. Curry,-17,-1,2,Missed,1,,,0,v,MISS Curry 2' Cutting Finger Roll Layup Shot,Missed Shot,Cutting Finger Roll Layup Shot,1,12,21500583,83,12.0,def_reb(24),2,1,borderline,distance: at-rim/very close
27,PT09M43.00S,1,1610612744,GSW,201939,Curry,S. Curry,-117,232,26,Missed,1,,,0,v,MISS Curry 26' 3PT Jump Shot,Missed Shot,Jump Shot,1,26,21500583,137,17.0,def_reb(24),3,-1,likely_open,subType: open-like
42,PT08M23.00S,1,1610612744,GSW,201939,Curry,S. Curry,143,208,25,Made,1,9.0,6.0,15,v,Curry 25' 3PT Pullup Jump Shot (3 PTS),Made Shot,Pullup Jump shot,1,41,21500583,217,13.0,final_ft(24),3,3,likely_contested,"subType: contested-like, text: pressure-move"
116,PT02M29.00S,1,1610612744,GSW,201939,Curry,S. Curry,0,2,0,Missed,1,,,0,v,MISS Curry Driving Finger Roll Layup,Missed Shot,Driving Finger Roll Layup Shot,1,113,21500583,571,10.0,final_ft(24),2,1,borderline,distance: at-rim/very close
136,PT00M46.20S,1,1610612744,GSW,201939,Curry,S. Curry,186,178,26,Missed,1,,,0,v,MISS Curry 26' 3PT Jump Shot,Missed Shot,Jump Shot,1,132,21500583,674,22.0,turnover(24),3,-1,likely_open,subType: open-like
234,PT05M34.00S,2,1610612744,GSW,201939,Curry,S. Curry,181,47,19,Missed,1,,,0,v,MISS Curry 19' Fadeaway Jumper,Missed Shot,Fadeaway Jump Shot,1,212,21500583,1106,9.0,turnover(24),2,3,likely_contested,"subType: contested-like, text: pressure-move"
259,PT03M21.00S,2,1610612744,GSW,201939,Curry,S. Curry,150,208,26,Missed,1,,,0,v,MISS Curry 26' 3PT Jump Shot,Missed Shot,Jump Shot,1,234,21500583,1239,14.0,def_reb(24),3,-1,likely_open,subType: open-like
272,PT01M56.00S,2,1610612744,GSW,201939,Curry,S. Curry,-14,0,1,Made,1,49.0,48.0,97,v,Curry 1' Driving Finger Roll Layup (7 PTS),Made Shot,Driving Finger Roll Layup Shot,1,244,21500583,1324,16.0,made_fg(24),2,1,borderline,distance: at-rim/very close
278,PT01M24.00S,2,1610612744,GSW,201939,Curry,S. Curry,164,210,27,Made,1,51.0,52.0,103,v,Curry 27' 3PT Jump Shot (11 PTS) (Bogut 1 AST),Made Shot,Jump Shot,1,249,21500583,1356,9.0,made_fg(24),3,-2,likely_open,"subType: open-like, distance: deep above-break 3 (>=27ft)"
283,PT00M45.90S,2,1610612744,GSW,201939,Curry,S. Curry,-86,237,25,Missed,1,,,0,v,MISS Curry 25' 3PT Pullup Jump Shot,Missed Shot,Pullup Jump shot,1,254,21500583,1395,17.0,made_fg(24),3,3,likely_contested,"subType: contested-like, text: pressure-move"
322,PT08M41.00S,3,1610612744,GSW,201939,Curry,S. Curry,-143,75,16,Made,1,60.0,62.0,122,v,Curry 16' Fadeaway Jumper (13 PTS),Made Shot,Fadeaway Jump Shot,1,290,21500583,1639,15.0,def_reb(24),2,4,likely_contested,"subType: contested-like, text: pressure-move, distance: mid-range"
327,PT07M36.00S,3,1610612744,GSW,201939,Curry,S. Curry,6,47,5,Made,1,60.0,64.0,124,v,Curry 5' Driving Floating Bank Jump Shot (15 PTS),Made Shot,Driving Floating Bank Jump Shot,1,295,21500583,1704,6.0,def_reb(24),2,3,likely_contested,"subType: contested-like, distance: at-rim/very close"
338,PT06M28.00S,3,1610612744,GSW,201939,Curry,S. Curry,128,218,25,Missed,1,,,0,v,MISS Curry 25' 3PT Jump Shot,Missed Shot,Jump Shot,1,303,21500583,1772,9.0,off_reb(14),3,-1,likely_open,subType: open-like
382,PT03M03.00S,3,1610612744,GSW,201939,Curry,S. Curry,135,208,25,Missed,1,,,0,v,MISS Curry 25' 3PT Jump Shot,Missed Shot,Jump Shot,1,341,21500583,1977,8.0,final_ft(24),3,-1,likely_open,subType: open-like
407,PT00M39.40S,3,1610612744,GSW,201939,Curry,S. Curry,-101,247,27,Missed,1,,,0,v,MISS Curry 27' 3PT Jump Shot,Missed Shot,Jump Shot,1,363,21500583,2121,9.0,def_violation_14(14),3,-2,likely_open,"subType: open-like, distance: deep above-break 3 (>=27ft)"
414,PT00M30.30S,3,1610612744,GSW,201939,Curry,S. Curry,9,-1,1,Made,1,81.0,73.0,154,v,Curry 1' Driving Reverse Layup (18 PTS),Made Shot,Driving Reverse Layup Shot,1,368,21500583,2130,15.0,final_ft(24),2,3,likely_contested,"subType: contested-like, distance: at-rim/very close"
421,PT00M01.80S,3,1610612744,GSW,201939,Curry,S. Curry,9,3,1,Missed,1,,,0,v,MISS Curry 1' Driving Layup,Missed Shot,Driving Layup Shot,1,373,21500583,2159,16.0,final_ft(24),2,3,likely_contested,"subType: contested-like, distance: at-rim/very close"
483,PT07M57.00S,4,1610612744,GSW,201939,Curry,S. Curry,19,7,2,Missed,1,,,0,v,MISS Curry 2' Running Layup,Missed Shot,Running Layup Shot,1,430,21500583,2403,18.0,turnover(24),2,3,likely_contested,"subType: contested-like, distance: at-rim/very close"
502,PT06M02.00S,4,1610612744,GSW,201939,Curry,S. Curry,17,3,2,Made,1,94.0,85.0,179,v,Curry 2' Driving Reverse Layup (20 PTS),Made Shot,Driving Reverse Layup Shot,1,447,21500583,2518,16.0,def_reb(24),2,3,likely_contested,"subType: contested-like, distance: at-rim/very close"
512,PT05M13.00S,4,1610612744,GSW,201939,Curry,S. Curry,-196,198,28,Made,1,94.0,88.0,182,v,Curry 28' 3PT Jump Shot (23 PTS) (Bogut 2 AST),Made Shot,Jump Shot,1,456,21500583,2567,9.0,off_reb(14),3,-2,likely_open,"subType: open-like, distance: deep above-break 3 (>=27ft)"
529,PT03M38.00S,4,1610612744,GSW,201939,Curry,S. Curry,-12,8,1,Made,1,100.0,93.0,193,v,Curry 1' Driving Finger Roll Layup (28 PTS),Made Shot,Driving Finger Roll Layup Shot,1,468,21500583,2662,14.0,made_fg(24),2,1,borderline,distance: at-rim/very close
535,PT02M40.00S,4,1610612744,GSW,201939,Curry,S. Curry,-7,16,2,Made,1,102.0,95.0,197,v,Curry 2' Driving Finger Roll Layup (30 PTS),Made Shot,Driving Finger Roll Layup Shot,1,474,21500583,2720,18.0,def_reb(24),2,1,borderline,distance: at-rim/very close
545,PT01M44.00S,4,1610612744,GSW,201939,Curry,S. Curry,150,190,24,Made,1,104.0,100.0,204,v,Curry 24' 3PT Fadeaway Jumper (33 PTS),Made Shot,Fadeaway Jump Shot,1,481,21500583,2776,18.0,made_fg(24),3,3,likely_contested,"subType: contested-like, text: pressure-move"
547,PT01M15.00S,4,1610612744,GSW,201939,Curry,S. Curry,19,13,2,Made,1,107.0,102.0,209,v,Curry 2' Driving Finger Roll Layup (35 PTS),Made Shot,Driving Finger Roll Layup Shot,1,483,21500583,2805,14.0,made_fg(24),2,1,borderline,distance: at-rim/very close
556,PT00M37.10S,4,1610612744,GSW,201939,Curry,S. Curry,-138,303,33,Made,1,109.0,107.0,216,v,Curry 33' 3PT Pullup Jump Shot (38 PTS),Made Shot,Pullup Jump shot,1,490,21500583,2843,19.0,turnover(24),3,2,likely_contested,"subType: contested-like, text: pressure-move, distance: deep above-break 3 (>=27ft)"
2,PT11M45.00S,1,1610612744,GSW,201939,Curry,S. Curry,2,16,2,Missed,1,,,0,h,MISS Curry 2' Driving Finger Roll Layup,Missed Shot,Driving Finger Roll Layup Shot,1,3,21500592,15,9.0,jumpball(24),2,1,borderline,distance: at-rim/very close
24,PT09M15.00S,1,1610612744,GSW,201939,Curry,S. Curry,-207,178,27,Missed,1,,,0,h,MISS Curry 27' 3PT Pullup Jump Shot,Missed Shot,Pullup Jump shot,1,27,21500592,165,18.0,def_reb(24),3,2,likely_contested,"subType: contested-like, text: pressure-move, distance: deep above-break 3 (>=27ft)"
35,PT07M42.00S,1,1610612744,GSW,201939,Curry,S. Curry,-7,259,26,Made,1,10.0,8.0,18,h,Curry 26' 3PT Pullup Jump Shot (3 PTS),Made Shot,Pullup Jump shot,1,38,21500592,258,12.0,made_fg(24),3,3,likely_contested,"subType: contested-like, text: pressure-move"
51,PT06M02.00S,1,1610612744,GSW,201939,Curry,S. Curry,43,267,27,Made,1,13.0,10.0,23,h,Curry 27' 3PT Pullup Jump Shot (6 PTS) (Iguodala 1 AST),Made Shot,Pullup Jump shot,1,55,21500592,358,11.0,made_fg(24),3,2,likely_contested,"subType: contested-like, text: pressure-move, distance: deep above-break 3 (>=27ft)"
65,PT04M54.00S,1,1610612744,GSW,201939,Curry,S. Curry,-187,190,27,Made,1,16.0,10.0,26,h,Curry 27' 3PT Jump Shot (9 PTS),Made Shot,Jump Shot,1,68,21500592,426,17.0,turnover(24),3,-2,likely_open,"subType: open-like, distance: deep above-break 3 (>=27ft)"
71,PT04M03.00S,1,1610612744,GSW,201939,Curry,S. Curry,192,178,26,Missed,1,,,0,h,MISS Curry 26' 3PT Jump Shot,Missed Shot,Jump Shot,1,74,21500592,477,12.0,made_fg(24),3,-1,likely_open,subType: open-like
135,PT00M00.90S,1,1610612744,GSW,201939,Curry,S. Curry,-42,611,61,Missed,1,,,0,h,MISS Curry 61' 3PT Jump Shot,Missed Shot,Jump Shot,1,127,21500592,720,21.0,made_fg(24),3,-2,likely_open,"subType: open-like, distance: deep above-break 3 (>=27ft)"
221,PT04M15.00S,2,1610612744,GSW,201939,Curry,S. Curry,-215,159,27,Made,1,42.0,40.0,82,h,Curry 27' 3PT Pullup Jump Shot (12 PTS) (K. Thompson 1 AST),Made Shot,Pullup Jump shot,1,203,21500592,1185,19.0,def_reb(24),3,2,likely_contested,"subType: contested-like, text: pressure-move, distance: deep above-break 3 (>=27ft)"
265,PT01M10.00S,2,1610612744,GSW,201939,Curry,S. Curry,-99,242,26,Made,1,50.0,47.0,97,h,Curry 26' 3PT Pullup Jump Shot (15 PTS),Made Shot,Pullup Jump shot,1,241,21500592,1370,14.0,made_fg(24),3,3,likely_contested,"subType: contested-like, text: pressure-move"
277,PT00M26.80S,2,1610612744,GSW,201939,Curry,S. Curry,-197,159,25,Missed,1,,,0,h,MISS Curry 25' 3PT Jump Shot,Missed Shot,Jump Shot,1,250,21500592,1414,17.0,turnover(24),3,-1,likely_open,subType: open-like
279,PT00M20.90S,2,1610612744,GSW,201939,Curry,S. Curry,-235,47,24,Missed,1,,,0,h,MISS Curry 24' 3PT Jump Shot,Missed Shot,Jump Shot,1,252,21500592,1420,8.0,off_reb(14),3,-2,likely_open,"subType: open-like, coords: corner-3, corner: catch/spot"
325,PT08M19.00S,3,1610612744,GSW,201939,Curry,S. Curry,197,144,24,Made,1,63.0,57.0,120,h,Curry 24' 3PT Pullup Jump Shot (18 PTS) (Bogut 2 AST),Made Shot,Pullup Jump shot,0,296,21500592,1661,13.0,turnover(24),3,3,likely_contested,"subType: contested-like, text: pressure-move"
333,PT06M44.00S,3,1610612744,GSW,201939,Curry,S. Curry,184,164,25,Missed,1,,,0,h,MISS Curry 25' 3PT Jump Shot,Missed Shot,Jump Shot,1,304,21500592,1756,15.0,made_fg(24),3,-1,likely_open,subType: open-like
345,PT05M29.00S,3,1610612744,GSW,201939,Curry,S. Curry,145,223,27,Made,1,68.0,63.0,131,h,Curry 27' 3PT Pullup Jump Shot (21 PTS),Made Shot,Pullup Jump shot,1,316,21500592,1831,19.0,made_fg(24),3,2,likely_contested,"subType: contested-like, text: pressure-move, distance: deep above-break 3 (>=27ft)"
354,PT04M22.00S,3,1610612744,GSW,201939,Curry,S. Curry,-238,56,24,Made,1,73.0,66.0,139,h,Curry 24' 3PT Pullup Jump Shot (24 PTS),Made Shot,Pullup Jump shot,1,325,21500592,1898,3.0,made_fg(24),3,4,likely_contested,"subType: contested-like, text: pressure-move, clock: late (<=5s)"
362,PT03M50.00S,3,1610612744,GSW,201939,Curry,S. Curry,169,190,25,Missed,1,,,0,h,MISS Curry 25' 3PT Jump Shot,Missed Shot,Jump Shot,1,331,21500592,1930,13.0,made_fg(24),3,-1,likely_open,subType: open-like
406,PT00M43.50S,3,1610612744,GSW,201939,Curry,S. Curry,0,1,0,Made,1,84.0,70.0,154,h,Curry Running Dunk (26 PTS) (Iguodala 3 AST),Made Shot,Running Dunk Shot,1,370,21500592,2117,21.0,turnover(24),2,3,likely_contested,"subType: contested-like, distance: at-rim/very close"
408,PT00M29.70S,3,1610612744,GSW,201939,Curry,S. Curry,176,247,30,Missed,1,,,0,h,MISS Curry 30' 3PT Jump Shot,Missed Shot,Jump Shot,1,373,21500592,2131,18.0,turnover(24),3,-2,likely_open,"subType: open-like, distance: deep above-break 3 (>=27ft)"
2,PT11M43.00S,1,1610612744,GSW,201939,Curry,S. Curry,-158,208,26,Missed,1,,,0,v,MISS Curry 26' 3PT Jump Shot,Missed Shot,Jump Shot,1,3,21500605,17,7.0,period_start(24),3,-1,likely_open,subType: open-like
18,PT10M16.00S,1,1610612744,GSW,201939,Curry,S. Curry,115,239,27,Missed,1,,,0,v,MISS Curry 27' 3PT Jump Shot,Missed Shot,Jump Shot,1,18,21500605,104,9.0,made_fg(24),3,-2,likely_open,"subType: open-like, distance: deep above-break 3 (>=27ft)"
37,PT08M30.00S,1,1610612744,GSW,201939,Curry,S. Curry,-40,151,16,Made,1,9.0,4.0,13,v,Curry 16' Jump Shot (2 PTS),Made Shot,Jump Shot,1,38,21500605,210,11.0,keep_clock(23),2,0,likely_open,"subType: open-like, distance: mid-range"
69,PT04M49.00S,1,1610612744,GSW,201939,Curry,S. Curry,-9,-6,1,Made,1,21.0,13.0,34,v,Curry 1' Driving Finger Roll Layup (4 PTS),Made Shot,Driving Finger Roll Layup Shot,1,69,21500605,431,11.0,made_fg(24),2,1,borderline,distance: at-rim/very close
81,PT03M44.00S,1,1610612744,GSW,201939,Curry,S. Curry,-97,282,30,Made,1,21.0,16.0,37,v,Curry 30' 3PT Jump Shot (7 PTS) (Green 1 AST),Made Shot,Jump Shot,1,79,21500605,496,18.0,def_reb(24),3,-2,likely_open,"subType: open-like, distance: deep above-break 3 (>=27ft)"
105,PT01M45.00S,1,1610612744,GSW,201939,Curry,S. Curry,-163,213,27,Made,1,25.0,24.0,49,v,Curry 27' 3PT Jump Shot (10 PTS),Made Shot,Jump Shot,1,103,21500605,615,17.0,made_fg(24),3,-2,likely_open,"subType: open-like, distance: deep above-break 3 (>=27ft)"
183,PT06M38.00S,2,1610612744,GSW,201939,Curry,S. Curry,-60,269,28,Missed,1,,,0,v,MISS Curry 28' 3PT Jump Shot,Missed Shot,Jump Shot,1,180,21500605,1042,9.0,made_fg(24),3,-2,likely_open,"subType: open-like, distance: deep above-break 3 (>=27ft)"
209,PT05M30.00S,2,1610612744,GSW,201939,Curry,S. Curry,-147,67,16,Made,1,47.0,38.0,85,v,Curry 16' Jump Shot (13 PTS),Made Shot,Jump Shot,1,203,21500605,1110,12.0,final_ft(24),2,0,likely_open,"subType: open-like, distance: mid-range"
211,PT05M00.00S,2,1610612744,GSW,201939,Curry,S. Curry,-191,198,28,Missed,1,,,0,v,MISS Curry 28' 3PT Jump Shot,Missed Shot,Jump Shot,1,205,21500605,1140,11.0,made_fg(24),3,-2,likely_open,"subType: open-like, distance: deep above-break 3 (>=27ft)"
235,PT01M58.00S,2,1610612744,GSW,201939,Curry,S. Curry,-1,2,0,Made,1,56.0,47.0,103,v,Curry Driving Layup (15 PTS),Made Shot,Driving Layup Shot,1,227,21500605,1322,3.0,final_ft(24),2,4,likely_contested,"subType: contested-like, distance: at-rim/very close, clock: late (<=5s)"
240,PT01M33.00S,2,1610612744,GSW,201939,Curry,S. Curry,71,267,28,Missed,1,,,0,v,MISS Curry 28' 3PT Jump Shot,Missed Shot,Jump Shot,1,233,21500605,1347,16.0,turnover(24),3,-2,likely_open,"subType: open-like, distance: deep above-break 3 (>=27ft)"
253,PT00M46.00S,2,1610612744,GSW,201939,Curry,S. Curry,64,26,7,Missed,1,,,0,v,MISS Curry 7' Jump Shot,Missed Shot,Jump Shot,1,244,21500605,1394,15.0,made_fg(24),2,-1,likely_open,subType: open-like
274,PT10M55.00S,3,1610612744,GSW,201939,Curry,S. Curry,82,134,16,Missed,1,,,0,v,MISS Curry 16' Jump Shot,Missed Shot,Jump Shot,1,263,21500605,1505,12.0,def_reb(24),2,0,likely_open,"subType: open-like, distance: mid-range"
278,PT10M31.00S,3,1610612744,GSW,201939,Curry,S. Curry,-2,-1,0,Made,1,68.0,51.0,119,v,Curry Layup (17 PTS) (Green 6 AST),Made Shot,Layup Shot,1,267,21500605,1529,13.0,off_foul(24),2,1,borderline,distance: at-rim/very close
283,PT09M49.00S,3,1610612744,GSW,201939,Curry,S. Curry,143,110,18,Missed,1,,,0,v,MISS Curry 18' Jump Shot,Missed Shot,Jump Shot,1,271,21500605,1571,,stale_reset(14),2,-1,likely_open,subType: open-like
301,PT08M21.00S,3,1610612744,GSW,201939,Curry,S. Curry,-2,62,6,Missed,1,,,0,v,MISS Curry 6' Jump Shot,Missed Shot,Jump Shot,1,289,21500605,1659,21.0,def_reb(24),2,-1,likely_open,subType: open-like
318,PT07M05.00S,3,1610612744,GSW,201939,Curry,S. Curry,213,141,26,Made,1,70.0,56.0,126,v,Curry 26' 3PT Jump Shot (20 PTS) (Barnes 1 AST),Made Shot,Jump Shot,1,310,21500605,1735,9.0,def_reb(24),3,-1,likely_open,subType: open-like
334,PT06M17.00S,3,1610612744,GSW,201939,Curry,S. Curry,-151,213,26,Made,1,71.0,59.0,130,v,Curry 26' 3PT Jump Shot (23 PTS) (Green 7 AST),Made Shot,Jump Shot,1,322,21500605,1783,5.0,def_foul_14(14),3,0,likely_open,"subType: open-like, clock: late (<=5s)"
361,PT03M57.00S,3,1610612744,GSW,201939,Curry,S. Curry,-114,234,26,Made,1,78.0,66.0,144,v,Curry 26' 3PT Jump Shot (26 PTS) (Green 8 AST),Made Shot,Jump Shot,1,347,21500605,1923,3.0,made_fg(24),3,0,likely_open,"subType: open-like, clock: late (<=5s)"
366,PT03M18.00S,3,1610612744,GSW,201939,Curry,S. Curry,89,242,26,Missed,1,,,0,v,MISS Curry 26' 3PT Jump Shot,Missed Shot,Jump Shot,1,352,21500605,1962,7.0,turnover(24),3,-1,likely_open,subType: open-like
389,PT01M30.00S,3,1610612744,GSW,201939,Curry,S. Curry,125,234,27,Made,1,83.0,73.0,156,v,Curry 27' 3PT Jump Shot (31 PTS),Made Shot,Jump Shot,1,373,21500605,2070,14.0,made_fg(24),3,-2,likely_open,"subType: open-like, distance: deep above-break 3 (>=27ft)"
395,PT00M31.90S,3,1610612744,GSW,201939,Curry,S. Curry,-238,41,24,Missed,1,,,0,v,MISS Curry 24' 3PT Jump Shot,Missed Shot,Jump Shot,1,379,21500605,2129,10.0,turnover(24),3,-2,likely_open,"subType: open-like, coords: corner-3, corner: catch/spot"
401,PT00M01.80S,3,1610612744,GSW,201939,Curry,S. Curry,61,36,7,Missed,1,,,0,v,MISS Curry 7' Floating Jump Shot,Missed Shot,Floating Jump shot,1,386,21500605,2159,11.0,def_reb(24),2,2,likely_contested,subType: contested-like
483,PT06M31.00S,4,1610612744,GSW,201939,Curry,S. Curry,94,252,27,Made,1,101.0,81.0,182,v,Curry 27' 3PT Jump Shot (34 PTS),Made Shot,Jump Shot,1,463,21500605,2489,,stale_reset(14),3,-2,likely_open,"subType: open-like, distance: deep above-break 3 (>=27ft)"
485,PT06M01.00S,4,1610612744,GSW,201939,Curry,S. Curry,-73,141,16,Made,1,103.0,83.0,186,v,Curry 16' Step Back Jump Shot (36 PTS),Made Shot,Step Back Jump shot,1,465,21500605,2519,15.0,made_fg(24),2,4,likely_contested,"subType: contested-like, text: pressure-move, distance: mid-range"
527,PT03M15.00S,4,1610612744,GSW,201939,Curry,S. Curry,233,100,25,Missed,1,,,0,v,MISS Curry 25' 3PT Jump Shot,Missed Shot,Jump Shot,1,495,21500605,2685,18.0,def_reb(24),3,-1,likely_open,subType: open-like
4,PT11M03.00S,1,1610612744,GSW,201939,Curry,S. Curry,-125,254,28,Made,1,2.0,5.0,7,v,Curry 28' 3PT Jump Shot (3 PTS),Made Shot,Jump Shot,1,5,21500622,57,11.0,made_fg(24),3,-2,likely_open,"subType: open-like, distance: deep above-break 3 (>=27ft)"
16,PT09M49.00S,1,1610612744,GSW,201939,Curry,S. Curry,-16,-1,2,Made,1,2.0,12.0,14,v,Curry 2' Running Layup (5 PTS),Made Shot,Running Layup Shot,1,15,21500622,131,19.0,turnover(24),2,3,likely_contested,"subType: contested-like, distance: at-rim/very close"
45,PT06M46.00S,1,1610612744,GSW,201939,Curry,S. Curry,-191,160,25,Missed,1,,,0,v,MISS Curry 25' 3PT Step Back Jump Shot,Missed Shot,Step Back Jump shot,1,41,21500622,314,6.0,made_fg(24),3,3,likely_contested,"subType: contested-like, text: pressure-move"
55,PT05M49.00S,1,1610612744,GSW,201939,Curry,S. Curry,210,115,24,Made,1,11.0,18.0,29,v,Curry 24' 3PT Jump Shot (8 PTS) (Iguodala 1 AST),Made Shot,Jump Shot,1,50,21500622,371,11.0,made_fg(24),3,-1,likely_open,subType: open-like
88,PT01M58.00S,1,1610612744,GSW,201939,Curry,S. Curry,-7,-10,1,Made,1,17.0,28.0,45,v,Curry 1' Cutting Layup Shot (10 PTS) (Iguodala 2 AST),Made Shot,Cutting Layup Shot,1,80,21500622,602,8.0,def_foul_14(14),2,1,borderline,distance: at-rim/very close
91,PT01M18.00S,1,1610612744,GSW,201939,Curry,S. Curry,-50,267,27,Made,1,19.0,31.0,50,v,Curry 27' 3PT Jump Shot (13 PTS),Made Shot,Jump Shot,1,83,21500622,642,14.0,made_fg(24),3,-2,likely_open,"subType: open-like, distance: deep above-break 3 (>=27ft)"
95,PT00M58.00S,1,1610612744,GSW,201939,Curry,S. Curry,213,115,24,Made,1,19.0,34.0,53,v,Curry 24' 3PT Jump Shot (16 PTS) (Barbosa 1 AST),Made Shot,Jump Shot,1,87,21500622,662,19.0,off_foul(24),3,-1,likely_open,subType: open-like
174,PT05M26.00S,2,1610612744,GSW,201939,Curry,S. Curry,-9,2,1,Made,1,32.0,54.0,86,v,Curry 1' Cutting Layup Shot (18 PTS) (K. Thompson 2 AST),Made Shot,Cutting Layup Shot,1,161,21500622,1114,9.0,def_reb(24),2,1,borderline,distance: at-rim/very close
182,PT04M52.00S,2,1610612744,GSW,201939,Curry,S. Curry,-9,41,4,Missed,1,,,0,v,MISS Curry 4' Driving Bank Shot,Missed Shot,Driving Bank shot,1,168,21500622,1148,12.0,keep_clock(24),2,1,borderline,distance: at-rim/very close
185,PT04M32.00S,2,1610612744,GSW,201939,Curry,S. Curry,2,-6,1,Made,1,32.0,57.0,89,v,Curry 1' Running Layup (21 PTS),Made Shot,Running Layup Shot,1,172,21500622,1168,18.0,turnover(24),2,3,likely_contested,"subType: contested-like, distance: at-rim/very close"
276,PT10M33.00S,3,1610612744,GSW,201939,Curry,S. Curry,133,203,24,Made,1,44.0,79.0,123,v,Curry 24' 3PT Jump Shot (24 PTS) (Green 7 AST),Made Shot,Jump Shot,1,245,21500622,1527,12.0,keep_clock(20),3,-1,likely_open,subType: open-like
284,PT09M42.00S,3,1610612744,GSW,201939,Curry,S. Curry,-217,134,26,Missed,1,,,0,v,MISS Curry 26' 3PT Jump Shot,Missed Shot,Jump Shot,1,253,21500622,1578,11.0,off_reb(14),3,-1,likely_open,subType: open-like
312,PT06M58.00S,3,1610612744,GSW,201939,Curry,S. Curry,-215,151,26,Missed,1,,,0,v,MISS Curry 26' 3PT Jump Shot,Missed Shot,Jump Shot,0,275,21500622,1742,7.0,off_reb(14),3,-1,likely_open,subType: open-like
344,PT05M04.00S,3,1610612744,GSW,201939,Curry,S. Curry,-245,13,25,Made,1,52.0,87.0,139,v,Curry 25' 3PT Jump Shot (27 PTS) (Iguodala 5 AST),Made Shot,Jump Shot,1,303,21500622,1856,11.0,off_foul(24),3,-2,likely_open,"subType: open-like, coords: corner-3, corner: catch/spot"
349,PT04M33.00S,3,1610612744,GSW,201939,Curry,S. Curry,-132,257,29,Missed,1,,,0,v,MISS Curry 29' 3PT Jump Shot,Missed Shot,Jump Shot,1,308,21500622,1887,21.0,def_reb(24),3,-2,likely_open,"subType: open-like, distance: deep above-break 3 (>=27ft)"
352,PT04M09.00S,3,1610612744,GSW,201939,Curry,S. Curry,-7,2,1,Made,1,54.0,89.0,143,v,Curry 1' Reverse Layup (29 PTS) (Green 9 AST),Made Shot,Reverse Layup Shot,1,311,21500622,1911,8.0,made_fg(24),2,3,likely_contested,"subType: contested-like, distance: at-rim/very close"
396,PT00M41.90S,3,1610612744,GSW,201939,Curry,S. Curry,63,249,26,Made,1,64.0,104.0,168,v,Curry 26' 3PT Jump Shot (35 PTS),Made Shot,Jump Shot,1,343,21500622,2119,11.0,made_fg(24),3,-1,likely_open,subType: open-like
398,PT00M11.90S,3,1610612744,GSW,201939,Curry,S. Curry,91,234,25,Missed,1,,,0,v,MISS Curry 25' 3PT Jump Shot,Missed Shot,Jump Shot,1,345,21500622,2149,6.0,made_fg(24),3,-1,likely_open,subType: open-like
7,PT10M54.00S,1,1610612744,GSW,201939,Curry,S. Curry,-142,210,25,Missed,1,,,0,v,MISS Curry 25' 3PT Jump Shot,Missed Shot,Jump Shot,1,8,21500634,66,10.0,def_reb(24),3,-1,likely_open,subType: open-like
25,PT08M42.00S,1,1610612744,GSW,201939,Curry,S. Curry,43,237,24,Made,1,6.0,5.0,11,v,Curry 24' 3PT Jump Shot (3 PTS) (Bogut 1 AST),Made Shot,Jump Shot,1,25,21500634,198,9.0,made_fg(24),3,-1,likely_open,subType: open-like
30,PT07M57.00S,1,1610612744,GSW,201939,Curry,S. Curry,92,232,25,Missed,1,,,0,v,MISS Curry 25' 3PT Jump Shot,Missed Shot,Jump Shot,1,30,21500634,243,15.0,def_reb(24),3,-1,likely_open,subType: open-like
39,PT06M45.00S,1,1610612744,GSW,201939,Curry,S. Curry,-19,2,2,Missed,1,,,0,v,MISS Curry 2' Reverse Layup,Missed Shot,Reverse Layup Shot,1,39,21500634,315,11.0,def_reb(24),2,3,likely_contested,"subType: contested-like, distance: at-rim/very close"
44,PT06M12.00S,1,1610612744,GSW,201939,Curry,S. Curry,-6,2,1,Made,1,12.0,13.0,25,v,Curry 1' Cutting Finger Roll Layup Shot (5 PTS) (Green 2 AST),Made Shot,Cutting Finger Roll Layup Shot,1,44,21500634,348,4.0,off_reb(14),2,2,likely_contested,"distance: at-rim/very close, clock: late (<=5s)"
52,PT05M24.00S,1,1610612744,GSW,201939,Curry,S. Curry,-99,159,19,Made,1,14.0,18.0,32,v,Curry 19' Step Back Jump Shot (8 PTS),Made Shot,Step Back Jump shot,1,52,21500634,396,19.0,turnover(24),2,3,likely_contested,"subType: contested-like, text: pressure-move"
101,PT01M22.00S,1,1610612744,GSW,201939,Curry,S. Curry,-196,111,23,Made,1,17.0,29.0,46,v,Curry 23' Jump Shot (10 PTS) (Green 3 AST),Made Shot,Jump Shot,1,96,21500634,638,19.0,def_reb(24),2,-1,likely_open,subType: open-like
106,PT00M43.90S,1,1610612744,GSW,201939,Curry,S. Curry,-156,203,26,Missed,1,,,0,v,MISS Curry 26' 3PT Jump Shot,Missed Shot,Jump Shot,1,100,21500634,677,11.0,def_reb(24),3,-1,likely_open,subType: open-like
263,PT00M38.90S,2,1610612744,GSW,201939,Curry,S. Curry,109,180,21,Missed,1,,,0,v,MISS Curry 21' Jump Shot,Missed Shot,Jump Shot,1,244,21500634,1402,7.0,def_reb(24),2,-1,likely_open,subType: open-like
294,PT09M05.00S,3,1610612744,GSW,201939,Curry,S. Curry,112,38,12,Missed,1,,,0,v,MISS Curry 12' Driving Bank Shot,Missed Shot,Driving Bank shot,1,270,21500634,1615,11.0,def_reb(24),2,1,borderline,distance: mid-range
314,PT08M04.00S,3,1610612744,GSW,201939,Curry,S. Curry,-20,4,2,Missed,1,,,0,v,MISS Curry 2' Driving Layup,Missed Shot,Driving Layup Shot,1,286,21500634,1676,18.0,def_reb(24),2,3,likely_contested,"subType: contested-like, distance: at-rim/very close"
316,PT08M01.00S,3,1610612744,GSW,201939,Curry,S. Curry,-86,0,9,Made,1,52.0,67.0,119,v,Curry 9' Turnaround Jump Shot (17 PTS),Made Shot,Turnaround Jump Shot,1,289,21500634,1679,13.0,off_reb(14),2,1,borderline,distance: mid-range
327,PT06M35.00S,3,1610612744,GSW,201939,Curry,S. Curry,-120,232,26,Missed,1,,,0,v,MISS Curry 26' 3PT Jump Shot,Missed Shot,Jump Shot,1,301,21500634,1765,1.0,off_reb(14),3,0,likely_open,"subType: open-like, clock: late (<=5s)"
361,PT03M57.00S,3,1610612744,GSW,201939,Curry,S. Curry,17,249,25,Missed,1,,,0,v,MISS Curry 25' 3PT Jump Shot,Missed Shot,Jump Shot,1,333,21500634,1923,10.0,final_ft(24),3,-1,likely_open,subType: open-like
372,PT02M56.00S,3,1610612744,GSW,201939,Curry,S. Curry,137,203,24,Made,1,61.0,76.0,137,v,Curry 24' 3PT Jump Shot (20 PTS) (Iguodala 3 AST),Made Shot,Jump Shot,1,343,21500634,1984,7.0,def_foul_14(14),3,-1,likely_open,subType: open-like
408,PT00M09.90S,3,1610612744,GSW,201939,Curry,S. Curry,0,1,0,Made,1,63.0,87.0,150,v,Curry Driving Dunk (22 PTS),Made Shot,Driving Dunk Shot,1,375,21500634,2151,6.0,def_reb(24),2,3,likely_contested,"subType: contested-like, distance: at-rim/very close"
501,PT05M54.00S,4,1610612744,GSW,201939,Curry,S. Curry,40,252,26,Made,1,82.0,104.0,186,v,Curry 26' 3PT Jump Shot (25 PTS) (Green 8 AST),Made Shot,Jump Shot,1,449,21500634,2526,10.0,made_fg(24),3,-1,likely_open,subType: open-like
505,PT05M14.00S,4,1610612744,GSW,201939,Curry,S. Curry,173,183,25,Missed,1,,,0,v,MISS Curry 25' 3PT Jump Shot,Missed Shot,Jump Shot,1,453,21500634,2566,8.0,made_fg(24),3,-1,likely_open,subType: open-like
9,PT10M37.00S,1,1610612744,GSW,201939,Curry,S. Curry,114,213,24,Made,1,7.0,2.0,9,h,Curry 24' 3PT Jump Shot (3 PTS),Made Shot,Jump Shot,1,11,21500652,83,15.0,made_fg(24),3,-1,likely_open,subType: open-like
17,PT09M42.00S,1,1610612744,GSW,201939,Curry,S. Curry,137,232,27,Missed,1,,,0,h,MISS Curry 27' 3PT Jump Shot,Missed Shot,Jump Shot,1,20,21500652,138,20.0,def_reb(24),3,-2,likely_open,"subType: open-like, distance: deep above-break 3 (>=27ft)"
46,PT06M23.00S,1,1610612744,GSW,201939,Curry,S. Curry,-16,259,26,Made,1,20.0,8.0,28,h,Curry 26' 3PT Jump Shot (6 PTS) (Barnes 2 AST),Made Shot,Jump Shot,1,48,21500652,337,8.0,def_foul_14(14),3,-1,likely_open,subType: open-like
75,PT03M44.00S,1,1610612744,GSW,201939,Curry,S. Curry,-151,129,20,Missed,1,,,0,h,MISS Curry 20' Jump Shot,Missed Shot,Jump Shot,1,75,21500652,496,16.0,made_fg(24),2,-1,likely_open,subType: open-like
93,PT01M57.00S,1,1610612744,GSW,201939,Curry,S. Curry,97,237,26,Missed,1,,,0,h,MISS Curry 26' 3PT Jump Shot,Missed Shot,Jump Shot,1,92,21500652,603,18.0,def_reb(24),3,-1,likely_open,subType: open-like
222,PT04M48.00S,2,1610612744,GSW,201939,Curry,S. Curry,127,210,25,Missed,1,,,0,h,MISS Curry 25' 3PT Jump Shot,Missed Shot,Jump Shot,1,204,21500652,1152,7.0,def_violation_14(14),3,-1,likely_open,subType: open-like
267,PT00M28.40S,2,1610612744,GSW,201939,Curry,S. Curry,99,269,29,Made,1,61.0,51.0,112,h,Curry 29' 3PT Jump Shot (12 PTS),Made Shot,Jump Shot,1,247,21500652,1412,18.0,made_fg(24),3,-2,likely_open,"subType: open-like, distance: deep above-break 3 (>=27ft)"
270,PT00M01.10S,2,1610612744,GSW,201939,Curry,S. Curry,117,467,48,Made,1,64.0,51.0,115,h,Curry 48' 3PT Jump Bank Shot (15 PTS),Made Shot,Jump Bank Shot,1,250,21500652,1439,22.0,def_reb(24),3,1,borderline,"subType: contested-like, distance: deep above-break 3 (>=27ft)"
314,PT08M13.00S,3,1610612744,GSW,201939,Curry,S. Curry,84,232,25,Missed,1,,,0,h,MISS Curry 25' 3PT Jump Shot,Missed Shot,Jump Shot,1,289,21500652,1667,0.0,off_reb(14),3,0,likely_open,"subType: open-like, clock: late (<=5s)"
319,PT07M58.00S,3,1610612744,GSW,201939,Curry,S. Curry,105,228,25,Made,1,70.0,59.0,129,h,Curry 25' 3PT Jump Shot (20 PTS),Made Shot,Jump Shot,1,294,21500652,1682,9.0,off_reb(14),3,-1,likely_open,subType: open-like
329,PT06M59.00S,3,1610612744,GSW,201939,Curry,S. Curry,228,41,0,Missed,1,,,0,h,MISS Curry 3PT Jump Shot,Missed Shot,Jump Shot,1,305,21500652,1741,11.0,def_reb(24),3,-1,likely_open,"subType: open-like, distance: at-rim/very close, coords: corner-3, corner: catch/spot"
336,PT06M26.00S,3,1610612744,GSW,201939,Curry,S. Curry,-228,18,0,Made,1,73.0,61.0,134,h,Curry 3PT Jump Shot (23 PTS) (Barnes 3 AST),Made Shot,Jump Shot,1,313,21500652,1774,10.0,off_reb(14),3,-1,likely_open,"subType: open-like, distance: at-rim/very close, coords: corner-3, corner: catch/spot"
342,PT05M49.00S,3,1610612744,GSW,201939,Curry,S. Curry,82,254,27,Missed,1,,,0,h,MISS Curry 27' 3PT Jump Shot,Missed Shot,Jump Shot,1,318,21500652,1811,1.0,def_reb(24),3,-1,likely_open,"subType: open-like, distance: deep above-break 3 (>=27ft), clock: late (<=5s)"
405,PT00M42.90S,3,1610612744,GSW,201939,Curry,S. Curry,-153,229,28,Missed,1,,,0,h,MISS Curry 28' 3PT Jump Shot,Missed Shot,Jump Shot,1,377,21500652,2118,17.0,made_fg(24),3,-2,likely_open,"subType: open-like, distance: deep above-break 3 (>=27ft)"
489,PT06M32.00S,4,1610612744,GSW,201939,Curry,S. Curry,20,7,2,Made,1,100.0,89.0,189,h,Curry 2' Cutting Layup Shot (29 PTS) (Barnes 4 AST),Made Shot,Cutting Layup Shot,1,452,21500652,2488,4.0,def_foul_14(14),2,2,likely_contested,"distance: at-rim/very close, clock: late (<=5s)"
494,PT05M31.00S,4,1610612744,GSW,201939,Curry,S. Curry,1,131,13,Made,1,102.0,93.0,195,h,Curry 13' Floating Jump Shot (31 PTS),Made Shot,Floating Jump shot,1,457,21500652,2549,12.0,made_fg(24),2,3,likely_contested,"subType: contested-like, distance: mid-range"
503,PT04M16.00S,4,1610612744,GSW,201939,Curry,S. Curry,114,228,25,Made,1,109.0,96.0,205,h,Curry 25' 3PT Jump Shot (34 PTS) (Green 2 AST),Made Shot,Jump Shot,1,466,21500652,2624,19.0,turnover(24),3,-1,likely_open,subType: open-like
518,PT03M26.00S,4,1610612744,GSW,201939,Curry,S. Curry,-233,18,0,Made,1,112.0,98.0,210,h,Curry 3PT Jump Shot (37 PTS) (Barnes 5 AST),Made Shot,Jump Shot,1,479,21500652,2674,12.0,turnover(24),3,-1,likely_open,"subType: open-like, distance: at-rim/very close, coords: corner-3, corner: catch/spot"
532,PT02M26.00S,4,1610612744,GSW,201939,Curry,S. Curry,1,13,1,Made,1,114.0,98.0,212,h,Curry 1' Driving Layup (39 PTS) (K. Thompson 4 AST),Made Shot,Driving Layup Shot,1,493,21500652,2734,18.0,def_reb(24),2,3,likely_contested,"subType: contested-like, distance: at-rim/very close"
6,PT11M03.00S,1,1610612744,GSW,201939,Curry,S. Curry,-238,31,24,Missed,1,,,0,h,MISS Curry 24' 3PT Jump Shot,Missed Shot,Jump Shot,1,7,21500675,57,10.0,made_fg(24),3,-2,likely_open,"subType: open-like, coords: corner-3, corner: catch/spot"
24,PT08M51.00S,1,1610612744,GSW,201939,Curry,S. Curry,40,277,28,Made,1,9.0,4.0,13,h,Curry 28' 3PT Pullup Jump Shot (3 PTS) (Bogut 2 AST),Made Shot,Pullup Jump shot,1,23,21500675,189,11.0,turnover(24),3,2,likely_contested,"subType: contested-like, text: pressure-move, distance: deep above-break 3 (>=27ft)"
35,PT07M55.00S,1,1610612744,GSW,201939,Curry,S. Curry,0,11,1,Made,1,11.0,7.0,18,h,Curry 1' Driving Layup (5 PTS),Made Shot,Driving Layup Shot,1,36,21500675,245,18.0,turnover(24),2,3,likely_contested,"subType: contested-like, distance: at-rim/very close"
40,PT07M23.00S,1,1610612744,GSW,201939,Curry,S. Curry,-169,205,27,Made,1,14.0,7.0,21,h,Curry 27' 3PT Fadeaway Jumper (8 PTS) (Barnes 1 AST),Made Shot,Fadeaway Jump Shot,1,41,21500675,277,10.0,keep_clock(24),3,2,likely_contested,"subType: contested-like, text: pressure-move, distance: deep above-break 3 (>=27ft)"
44,PT06M22.00S,1,1610612744,GSW,201939,Curry,S. Curry,-1,26,3,Missed,1,,,0,h,MISS Curry 3' Cutting Layup Shot,Missed Shot,Cutting Layup Shot,1,45,21500675,338,13.0,made_fg(24),2,1,borderline,distance: at-rim/very close
83,PT02M39.00S,1,1610612744,GSW,201939,Curry,S. Curry,17,41,4,Missed,1,,,0,h,MISS Curry 4' Jump Shot,Missed Shot,Jump Shot,1,84,21500675,561,12.0,turnover(24),2,0,likely_open,"subType: open-like, distance: at-rim/very close"
100,PT01M31.00S,1,1610612744,GSW,201939,Curry,S. Curry,227,33,0,Made,1,25.0,16.0,41,h,Curry 3PT Pullup Jump Shot (13 PTS) (Barbosa 1 AST),Made Shot,Pullup Jump shot,1,100,21500675,629,4.0,turnover(24),3,5,likely_contested,"subType: contested-like, text: pressure-move, distance: at-rim/very close, coords: corner-3, clock: late (<=5s)"
116,PT00M03.60S,1,1610612744,GSW,201939,Curry,S. Curry,2,26,3,Made,1,29.0,23.0,52,h,Curry 3' Driving Finger Roll Layup (15 PTS) (Iguodala 1 AST),Made Shot,Driving Finger Roll Layup Shot,1,112,21500675,717,16.0,keep_clock(18),2,1,borderline,distance: at-rim/very close
192,PT05M00.00S,2,1610612744,GSW,201939,Curry,S. Curry,-25,97,10,Made,1,51.0,37.0,88,h,Curry 10' Floating Jump Shot (17 PTS),Made Shot,Floating Jump shot,1,182,21500675,1140,13.0,def_reb(24),2,3,likely_contested,"subType: contested-like, distance: mid-range"
225,PT02M49.00S,2,1610612744,GSW,201939,Curry,S. Curry,181,110,21,Made,1,57.0,38.0,95,h,Curry 21' Step Back Jump Shot (19 PTS) (Speights 1 AST),Made Shot,Step Back Jump shot,1,214,21500675,1271,6.0,final_ft(24),2,3,likely_contested,"subType: contested-like, text: pressure-move"
229,PT02M17.00S,2,1610612744,GSW,201939,Curry,S. Curry,-20,9,2,Missed,1,,,0,h,MISS Curry 2' Layup,Missed Shot,Layup Shot,1,218,21500675,1303,7.0,off_reb(14),2,1,borderline,distance: at-rim/very close
290,PT08M51.00S,3,1610612744,GSW,201939,Curry,S. Curry,2,124,12,Made,1,70.0,54.0,124,h,Curry 12' Floating Jump Shot (23 PTS),Made Shot,Floating Jump shot,1,274,21500675,1629,11.0,turnover(24),2,3,likely_contested,"subType: contested-like, distance: mid-range"
292,PT08M20.00S,3,1610612744,GSW,201939,Curry,S. Curry,14,257,26,Made,1,73.0,54.0,127,h,Curry 26' 3PT Pullup Jump Shot (26 PTS),Made Shot,Pullup Jump shot,1,276,21500675,1660,,stale_reset(24),3,3,likely_contested,"subType: contested-like, text: pressure-move"
299,PT07M55.00S,3,1610612744,GSW,201939,Curry,S. Curry,-40,273,28,Made,1,76.0,56.0,132,h,Curry 28' 3PT Pullup Jump Shot (29 PTS),Made Shot,Pullup Jump shot,1,281,21500675,1685,13.0,final_ft(24),3,2,likely_contested,"subType: contested-like, text: pressure-move, distance: deep above-break 3 (>=27ft)"
302,PT07M24.00S,3,1610612744,GSW,201939,Curry,S. Curry,89,239,26,Missed,1,,,0,h,MISS Curry 26' 3PT Jump Shot,Missed Shot,Jump Shot,1,284,21500675,1716,16.0,def_reb(24),3,-1,likely_open,subType: open-like
313,PT06M31.00S,3,1610612744,GSW,201939,Curry,S. Curry,-11,16,2,Missed,1,,,0,h,MISS Curry 2' Running Layup,Missed Shot,Running Layup Shot,1,293,21500675,1769,15.0,made_fg(24),2,3,likely_contested,"subType: contested-like, distance: at-rim/very close"
338,PT04M42.00S,3,1610612744,GSW,201939,Curry,S. Curry,24,31,4,Made,1,84.0,62.0,146,h,Curry 4' Driving Floating Bank Jump Shot (31 PTS),Made Shot,Driving Floating Bank Jump Shot,1,314,21500675,1878,14.0,final_ft(24),2,3,likely_contested,"subType: contested-like, distance: at-rim/very close"
380,PT02M09.00S,3,1610612744,GSW,201939,Curry,S. Curry,-124,259,29,Missed,1,,,0,h,MISS Curry 29' 3PT Pullup Jump Shot,Missed Shot,Pullup Jump shot,1,354,21500675,2031,12.0,def_reb(24),3,2,likely_contested,"subType: contested-like, text: pressure-move, distance: deep above-break 3 (>=27ft)"
387,PT01M21.00S,3,1610612744,GSW,201939,Curry,S. Curry,25,31,4,Missed,1,,,0,h,MISS Curry 4' Jump Shot,Missed Shot,Jump Shot,1,362,21500675,2079,11.0,def_reb(24),2,0,likely_open,"subType: open-like, distance: at-rim/very close"
389,PT01M14.00S,3,1610612744,GSW,201939,Curry,S. Curry,230,-1,0,Made,1,92.0,65.0,157,h,Curry 3PT Pullup Jump Shot (37 PTS) (Ezeli 2 AST),Made Shot,Pullup Jump shot,1,364,21500675,2086,7.0,off_reb(14),3,4,likely_contested,"subType: contested-like, text: pressure-move, distance: at-rim/very close, coords: corner-3"
11,PT10M45.00S,1,1610612744,GSW,201939,Curry,S. Curry,101,165,19,Missed,1,,,0,h,MISS Curry 19' Fadeaway Jumper,Missed Shot,Fadeaway Jump Shot,1,10,21500691,75,11.0,def_reb(24),2,3,likely_contested,"subType: contested-like, text: pressure-move"
18,PT10M14.00S,1,1610612744,GSW,201939,Curry,S. Curry,-109,267,29,Missed,1,,,0,h,MISS Curry 29' 3PT Jump Shot,Missed Shot,Jump Shot,1,16,21500691,106,11.0,keep_clock(16),3,-2,likely_open,"subType: open-like, distance: deep above-break 3 (>=27ft)"
54,PT05M54.00S,1,1610612744,GSW,201939,Curry,S. Curry,-227,51,0,Missed,1,,,0,h,MISS Curry 3PT Jump Shot,Missed Shot,Jump Shot,1,50,21500691,366,11.0,def_reb(24),3,0,likely_open,"subType: open-like, distance: at-rim/very close"
60,PT04M45.00S,1,1610612744,GSW,201939,Curry,S. Curry,-233,23,0,Missed,1,,,0,h,MISS Curry 3PT Jump Shot,Missed Shot,Jump Shot,1,56,21500691,435,14.0,made_fg(24),3,-1,likely_open,"subType: open-like, distance: at-rim/very close, coords: corner-3, corner: catch/spot"
175,PT05M29.00S,2,1610612744,GSW,201939,Curry,S. Curry,10,16,2,Made,1,42.0,34.0,76,h,Curry 2' Driving Finger Roll Layup (3 PTS),Made Shot,Driving Finger Roll Layup Shot,1,165,21500691,1111,15.0,turnover(24),2,1,borderline,distance: at-rim/very close
193,PT04M16.00S,2,1610612744,GSW,201939,Curry,S. Curry,109,131,17,Missed,1,,,0,h,MISS Curry 17' Jump Shot,Missed Shot,Jump Shot,1,178,21500691,1184,11.0,turnover(24),2,-1,likely_open,subType: open-like
196,PT03M44.00S,2,1610612744,GSW,201939,Curry,S. Curry,-237,3,24,Missed,1,,,0,h,MISS Curry 24' 3PT Pullup Jump Shot,Missed Shot,Pullup Jump shot,1,181,21500691,1216,4.0,made_fg(24),3,4,likely_contested,"subType: contested-like, text: pressure-move, coords: corner-3, clock: late (<=5s)"
232,PT00M02.70S,2,1610612744,GSW,201939,Curry,S. Curry,109,180,21,Missed,1,,,0,h,MISS Curry 21' Fadeaway Jumper,Missed Shot,Fadeaway Jump Shot,1,215,21500691,1438,13.0,off_reb(14),2,3,likely_contested,"subType: contested-like, text: pressure-move"
242,PT10M02.00S,3,1610612744,GSW,201939,Curry,S. Curry,186,169,25,Made,1,63.0,53.0,116,h,Curry 25' 3PT Jump Shot (6 PTS),Made Shot,Jump Shot,1,225,21500691,1558,14.0,made_fg(24),3,-1,likely_open,subType: open-like
266,PT07M09.00S,3,1610612744,GSW,201939,Curry,S. Curry,22,262,26,Made,1,68.0,64.0,132,h,Curry 26' 3PT Pullup Jump Shot (9 PTS) (Barnes 2 AST),Made Shot,Pullup Jump shot,1,247,21500691,1731,10.0,def_foul_14(14),3,3,likely_contested,"subType: contested-like, text: pressure-move"
269,PT06M47.00S,3,1610612744,GSW,201939,Curry,S. Curry,153,242,29,Made,1,71.0,64.0,135,h,Curry 29' 3PT Pullup Jump Shot (12 PTS) (K. Thompson 1 AST),Made Shot,Pullup Jump shot,1,251,21500691,1753,18.0,def_reb(24),3,2,likely_contested,"subType: contested-like, text: pressure-move, distance: deep above-break 3 (>=27ft)"
4,PT11M35.00S,1,1610612744,GSW,201939,Curry,S. Curry,-94,46,10,Missed,1,,,0,v,MISS Curry 10' Jump Shot,Missed Shot,Jump Shot,1,6,21500707,25,20.0,def_reb(24),2,0,likely_open,"subType: open-like, distance: mid-range"
27,PT09M18.00S,1,1610612744,GSW,201939,Curry,S. Curry,232,90,25,Missed,1,,,0,v,MISS Curry 25' 3PT Jump Shot,Missed Shot,Jump Shot,1,29,21500707,162,9.0,made_fg(24),3,-1,likely_open,subType: open-like
36,PT08M31.00S,1,1610612744,GSW,201939,Curry,S. Curry,-235,14,24,Missed,1,,,0,v,MISS Curry 24' 3PT Jump Shot,Missed Shot,Jump Shot,1,37,21500707,209,10.0,made_fg(24),3,-2,likely_open,"subType: open-like, coords: corner-3, corner: catch/spot"
53,PT06M08.00S,1,1610612744,GSW,201939,Curry,S. Curry,-178,174,25,Made,1,17.0,13.0,30,v,Curry 25' 3PT Jump Shot (3 PTS) (Green 2 AST),Made Shot,Jump Shot,1,53,21500707,352,11.0,off_reb(14),3,-1,likely_open,subType: open-like
89,PT02M56.00S,1,1610612744,GSW,201939,Curry,S. Curry,42,-6,4,Made,1,19.0,27.0,46,v,Curry 4' Driving Bank Shot (5 PTS) (Green 5 AST),Made Shot,Driving Bank shot,1,92,21500707,544,9.0,made_fg(24),2,1,borderline,distance: at-rim/very close
100,PT01M52.00S,1,1610612744,GSW,201939,Curry,S. Curry,-237,31,24,Made,1,23.0,32.0,55,v,Curry 24' 3PT Jump Shot (8 PTS) (Green 6 AST),Made Shot,Jump Shot,1,103,21500707,608,2.0,made_fg(24),3,-1,likely_open,"subType: open-like, coords: corner-3, corner: catch/spot, clock: late (<=5s)"
114,PT00M26.40S,1,1610612744,GSW,201939,Curry,S. Curry,48,252,26,Missed,1,,,0,v,MISS Curry 26' 3PT Jump Shot,Missed Shot,Jump Shot,1,120,21500707,694,16.0,made_fg(24),3,-1,likely_open,subType: open-like
233,PT00M55.90S,2,1610612744,GSW,201939,Curry,S. Curry,-84,239,25,Made,1,52.0,69.0,121,v,Curry 25' 3PT Pullup Jump Shot (11 PTS),Made Shot,Pullup Jump shot,1,225,21500707,1385,10.0,made_fg(24),3,3,likely_contested,"subType: contested-like, text: pressure-move"
242,PT00M02.90S,2,1610612744,GSW,201939,Curry,S. Curry,-14,-11,2,Made,1,54.0,73.0,127,v,Curry 2' Running Reverse Layup (13 PTS) (Bogut 1 AST),Made Shot,Running Reverse Layup Shot,1,234,21500707,1438,19.0,def_reb(24),2,1,borderline,distance: at-rim/very close
295,PT07M22.00S,3,1610612744,GSW,201939,Curry,S. Curry,4,26,3,Made,1,58.0,82.0,140,v,Curry 3' Cutting Finger Roll Layup Shot (15 PTS) (Bogut 4 AST),Made Shot,Cutting Finger Roll Layup Shot,1,285,21500707,1718,10.0,def_reb(24),2,1,borderline,distance: at-rim/very close
313,PT05M40.00S,3,1610612744,GSW,201939,Curry,S. Curry,10,269,27,Missed,1,,,0,v,MISS Curry 27' 3PT Jump Shot,Missed Shot,Jump Shot,1,304,21500707,1820,14.0,keep_clock(21),3,-2,likely_open,"subType: open-like, distance: deep above-break 3 (>=27ft)"
324,PT04M46.00S,3,1610612744,GSW,201939,Curry,S. Curry,-2,259,26,Missed,1,,,0,v,MISS Curry 26' 3PT Jump Shot,Missed Shot,Jump Shot,1,313,21500707,1874,13.0,turnover(24),3,-1,likely_open,subType: open-like
414,PT08M07.00S,4,1610612744,GSW,201939,Curry,S. Curry,-16,257,26,Made,1,83.0,96.0,179,v,Curry 26' 3PT Step Back Jump Shot (18 PTS) (Speights 3 AST),Made Shot,Step Back Jump shot,1,399,21500707,2393,5.0,made_fg(24),3,4,likely_contested,"subType: contested-like, text: pressure-move, clock: late (<=5s)"
420,PT07M02.00S,4,1610612744,GSW,201939,Curry,S. Curry,-19,-11,2,Missed,1,,,0,v,MISS Curry 2' Layup,Missed Shot,Layup Shot,1,406,21500707,2458,13.0,turnover(24),2,1,borderline,distance: at-rim/very close
421,PT07M00.00S,4,1610612744,GSW,201939,Curry,S. Curry,-10,5,1,Missed,1,,,0,v,MISS Curry 1' Tip Layup Shot,Missed Shot,Tip Layup Shot,1,408,21500707,2460,11.0,turnover(24),2,3,likely_contested,"subType: contested-like, distance: at-rim/very close"
452,PT04M25.00S,4,1610612744,GSW,201939,Curry,S. Curry,50,41,6,Missed,1,,,0,v,MISS Curry 6' Running Jump Shot,Missed Shot,Running Jump Shot,1,431,21500707,2615,,stale_reset(24),2,-1,likely_open,subType: open-like
464,PT03M45.00S,4,1610612744,GSW,201939,Curry,S. Curry,-73,242,25,Made,1,90.0,103.0,193,v,Curry 25' 3PT Jump Shot (21 PTS) (Green 8 AST),Made Shot,Jump Shot,1,444,21500707,2655,18.0,def_reb(24),3,-1,likely_open,subType: open-like
472,PT03M10.00S,4,1610612744,GSW,201939,Curry,S. Curry,10,278,28,Missed,1,,,0,v,MISS Curry 28' 3PT Jump Shot,Missed Shot,Jump Shot,1,449,21500707,2690,8.0,final_ft(24),3,-2,likely_open,"subType: open-like, distance: deep above-break 3 (>=27ft)"
503,PT00M46.90S,4,1610612744,GSW,201939,Curry,S. Curry,6,0,1,Made,1,99.0,105.0,204,v,Curry 1' Driving Reverse Layup (23 PTS),Made Shot,Driving Reverse Layup Shot,1,474,21500707,2834,9.0,made_fg(24),2,3,likely_contested,"subType: contested-like, distance: at-rim/very close"
2,PT11M42.00S,1,1610612744,GSW,201939,Curry,S. Curry,119,252,28,Missed,1,,,0,v,MISS Curry 28' 3PT Jump Shot,Missed Shot,Jump Shot,1,3,21500718,18,6.0,period_start(24),3,-2,likely_open,"subType: open-like, distance: deep above-break 3 (>=27ft)"
15,PT10M27.00S,1,1610612744,GSW,201939,Curry,S. Curry,-150,200,25,Missed,1,,,0,v,MISS Curry 25' 3PT Jump Shot,Missed Shot,Jump Shot,1,17,21500718,93,11.0,def_foul_14(14),3,-1,likely_open,subType: open-like
21,PT09M48.00S,1,1610612744,GSW,201939,Curry,S. Curry,-55,178,19,Missed,1,,,0,v,MISS Curry 19' Jump Shot,Missed Shot,Jump Shot,1,25,21500718,132,13.0,turnover(24),2,-1,likely_open,subType: open-like
27,PT09M19.00S,1,1610612744,GSW,201939,Curry,S. Curry,2,11,1,Made,1,0.0,2.0,2,v,Curry 1' Cutting Finger Roll Layup Shot (2 PTS) (Bogut 1 AST),Made Shot,Cutting Finger Roll Layup Shot,1,31,21500718,161,9.0,def_reb(24),2,1,borderline,distance: at-rim/very close
56,PT06M27.00S,1,1610612744,GSW,201939,Curry,S. Curry,-238,51,24,Missed,1,,,0,v,MISS Curry 24' 3PT Jump Shot,Missed Shot,Jump Shot,1,56,21500718,333,6.0,final_ft(24),3,-1,likely_open,subType: open-like
58,PT06M23.00S,1,1610612744,GSW,201939,Curry,S. Curry,-232,-19,0,Missed,1,,,0,v,MISS Curry 3PT Jump Shot,Missed Shot,Jump Shot,1,58,21500718,337,11.0,off_reb(14),3,-1,likely_open,"subType: open-like, distance: at-rim/very close, coords: corner-3, corner: catch/spot"
94,PT02M59.00S,1,1610612744,GSW,201939,Curry,S. Curry,-106,214,24,Made,1,16.0,12.0,28,v,Curry 24' 3PT Jump Shot (5 PTS) (Iguodala 1 AST),Made Shot,Jump Shot,1,89,21500718,541,5.0,def_violation_14(14),3,0,likely_open,"subType: open-like, clock: late (<=5s)"
117,PT00M30.60S,1,1610612744,GSW,201939,Curry,S. Curry,91,247,26,Made,1,20.0,18.0,38,v,Curry 26' 3PT Jump Shot (8 PTS),Made Shot,Jump Shot,1,111,21500718,690,11.0,made_fg(24),3,-1,likely_open,subType: open-like
120,PT00M01.50S,1,1610612744,GSW,201939,Curry,S. Curry,-45,33,6,Missed,1,,,0,v,MISS Curry 6' Jump Shot,Missed Shot,Jump Shot,1,114,21500718,719,13.0,def_reb(24),2,-1,likely_open,subType: open-like
269,PT10M50.00S,3,1610612744,GSW,201939,Curry,S. Curry,-133,203,24,Missed,1,,,0,v,MISS Curry 24' 3PT Jump Shot,Missed Shot,Jump Shot,1,245,21500718,1510,15.0,def_reb(24),3,-1,likely_open,subType: open-like
274,PT10M29.00S,3,1610612744,GSW,201939,Curry,S. Curry,-94,82,12,Made,1,49.0,57.0,106,v,Curry 12' Jump Shot (10 PTS),Made Shot,Jump Shot,1,251,21500718,1531,15.0,def_reb(24),2,0,likely_open,"subType: open-like, distance: mid-range"
306,PT07M36.00S,3,1610612744,GSW,201939,Curry,S. Curry,-24,13,3,Missed,1,,,0,v,MISS Curry 3' Layup,Missed Shot,Layup Shot,1,279,21500718,1704,14.0,made_fg(24),2,1,borderline,distance: at-rim/very close
320,PT06M22.00S,3,1610612744,GSW,201939,Curry,S. Curry,109,228,25,Missed,1,,,0,v,MISS Curry 25' 3PT Jump Shot,Missed Shot,Jump Shot,1,291,21500718,1778,16.0,def_reb(24),3,-1,likely_open,subType: open-like
331,PT05M10.00S,3,1610612744,GSW,201939,Curry,S. Curry,-7,0,1,Missed,1,,,0,v,MISS Curry 1' Layup,Missed Shot,Layup Shot,1,303,21500718,1850,15.0,turnover(24),2,1,borderline,distance: at-rim/very close
338,PT04M18.00S,3,1610612744,GSW,201939,Curry,S. Curry,-137,203,24,Missed,1,,,0,v,MISS Curry 24' 3PT Jump Shot,Missed Shot,Jump Shot,1,310,21500718,1902,18.0,def_reb(24),3,-1,likely_open,subType: open-like
423,PT07M29.00S,4,1610612744,GSW,201939,Curry,S. Curry,-168,218,28,Made,1,76.0,92.0,168,v,Curry 28' 3PT Jump Shot (13 PTS),Made Shot,Jump Shot,1,388,21500718,2431,1.0,def_foul_14(14),3,-1,likely_open,"subType: open-like, distance: deep above-break 3 (>=27ft), clock: late (<=5s)"
441,PT05M48.00S,4,1610612744,GSW,201939,Curry,S. Curry,43,257,26,Missed,1,,,0,v,MISS Curry 26' 3PT Jump Shot,Missed Shot,Jump Shot,1,401,21500718,2532,11.0,def_reb(24),3,-1,likely_open,subType: open-like
22,PT09M08.00S,1,1610612744,GSW,201939,Curry,S. Curry,151,218,27,Made,1,5.0,7.0,12,v,Curry 27' 3PT Jump Shot (3 PTS) (Green 1 AST),Made Shot,Jump Shot,1,24,21500739,172,,stale_reset(24),3,-2,likely_open,"subType: open-like, distance: deep above-break 3 (>=27ft)"
32,PT07M59.00S,1,1610612744,GSW,201939,Curry,S. Curry,-219,124,25,Made,1,8.0,12.0,20,v,Curry 25' 3PT Step Back Jump Shot (6 PTS),Made Shot,Step Back Jump shot,1,34,21500739,241,11.0,made_fg(24),3,3,likely_contested,"subType: contested-like, text: pressure-move"
35,PT07M36.00S,1,1610612744,GSW,201939,Curry,S. Curry,195,198,28,Made,1,8.0,15.0,23,v,Curry 28' 3PT Pullup Jump Shot (9 PTS),Made Shot,Pullup Jump shot,1,37,21500739,264,18.0,def_reb(24),3,2,likely_contested,"subType: contested-like, text: pressure-move, distance: deep above-break 3 (>=27ft)"
54,PT06M28.00S,1,1610612744,GSW,201939,Curry,S. Curry,-122,228,26,Made,1,8.0,21.0,29,v,Curry 26' 3PT Jump Shot (12 PTS) (Bogut 2 AST),Made Shot,Jump Shot,1,52,21500739,332,13.0,def_reb(24),3,-1,likely_open,subType: open-like
60,PT05M48.00S,1,1610612744,GSW,201939,Curry,S. Curry,9,-16,2,Made,1,11.0,23.0,34,v,Curry 2' Cutting Layup Shot (14 PTS) (Green 4 AST),Made Shot,Cutting Layup Shot,1,59,21500739,372,13.0,def_reb(24),2,1,borderline,distance: at-rim/very close
62,PT05M27.00S,1,1610612744,GSW,201939,Curry,S. Curry,-48,239,24,Made,1,13.0,26.0,39,v,Curry 24' 3PT Pullup Jump Shot (17 PTS),Made Shot,Pullup Jump shot,1,61,21500739,393,12.0,made_fg(24),3,3,likely_contested,"subType: contested-like, text: pressure-move"
67,PT04M58.00S,1,1610612744,GSW,201939,Curry,S. Curry,-233,3,0,Missed,1,,,0,v,MISS Curry 3PT Jump Shot,Missed Shot,Jump Shot,1,66,21500739,422,17.0,def_reb(24),3,-1,likely_open,"subType: open-like, distance: at-rim/very close, coords: corner-3, corner: catch/spot"
90,PT03M09.00S,1,1610612744,GSW,201939,Curry,S. Curry,-148,205,25,Made,1,18.0,34.0,52,v,Curry 25' 3PT Pullup Jump Shot (20 PTS),Made Shot,Pullup Jump shot,1,86,21500739,531,21.0,turnover(24),3,3,likely_contested,"subType: contested-like, text: pressure-move"
96,PT02M39.00S,1,1610612744,GSW,201939,Curry,S. Curry,-16,252,25,Made,1,20.0,37.0,57,v,Curry 25' 3PT Fadeaway Jumper (23 PTS),Made Shot,Fadeaway Jump Shot,1,91,21500739,561,12.0,made_fg(24),3,3,likely_contested,"subType: contested-like, text: pressure-move"
129,PT00M02.90S,1,1610612744,GSW,201939,Curry,S. Curry,112,174,21,Made,1,28.0,43.0,71,v,Curry 21' Pullup Jump Shot (25 PTS),Made Shot,Pullup Jump shot,1,122,21500739,718,16.0,made_fg(24),2,3,likely_contested,"subType: contested-like, text: pressure-move"
195,PT05M11.00S,2,1610612744,GSW,201939,Curry,S. Curry,-7,0,1,Made,1,46.0,57.0,103,v,Curry 1' Finger Roll Layup (27 PTS) (Bogut 4 AST),Made Shot,Finger Roll Layup Shot,1,185,21500739,1129,7.0,def_foul_14(14),2,1,borderline,distance: at-rim/very close
201,PT04M28.00S,2,1610612744,GSW,201939,Curry,S. Curry,4,-16,2,Made,1,46.0,59.0,105,v,Curry 2' Layup (29 PTS) (Rush 2 AST),Made Shot,Layup Shot,1,192,21500739,1172,20.0,turnover(24),2,1,borderline,distance: at-rim/very close
226,PT03M15.00S,2,1610612744,GSW,201939,Curry,S. Curry,-1,3,0,Made,1,50.0,63.0,113,v,Curry Driving Finger Roll Layup (31 PTS),Made Shot,Driving Finger Roll Layup Shot,1,213,21500739,1245,17.0,def_reb(24),2,1,borderline,distance: at-rim/very close
271,PT00M29.90S,2,1610612744,GSW,201939,Curry,S. Curry,151,218,27,Made,1,57.0,72.0,129,v,Curry 27' 3PT Jump Shot (34 PTS) (Green 5 AST),Made Shot,Jump Shot,1,255,21500739,1411,17.0,def_reb(24),3,-2,likely_open,"subType: open-like, distance: deep above-break 3 (>=27ft)"
331,PT09M09.00S,3,1610612744,GSW,201939,Curry,S. Curry,142,176,23,Missed,1,,,0,v,MISS Curry 23' Jump Shot,Missed Shot,Jump Shot,1,303,21500739,1611,9.0,made_fg(24),2,-1,likely_open,subType: open-like
354,PT06M33.00S,3,1610612744,GSW,201939,Curry,S. Curry,-16,13,2,Missed,1,,,0,v,MISS Curry 2' Layup,Missed Shot,Layup Shot,1,327,21500739,1767,16.0,def_reb(24),2,1,borderline,distance: at-rim/very close
387,PT04M57.00S,3,1610612744,GSW,201939,Curry,S. Curry,14,95,10,Made,1,79.0,87.0,166,v,Curry 10' Floating Jump Shot (38 PTS),Made Shot,Floating Jump shot,1,355,21500739,1863,16.0,def_reb(24),2,3,likely_contested,"subType: contested-like, distance: mid-range"
396,PT04M28.00S,3,1610612744,GSW,201939,Curry,S. Curry,68,121,14,Missed,1,,,0,v,MISS Curry 14' Jump Shot,Missed Shot,Jump Shot,1,361,21500739,1892,13.0,final_ft(24),2,0,likely_open,"subType: open-like, distance: mid-range"
399,PT04M07.00S,3,1610612744,GSW,201939,Curry,S. Curry,122,229,26,Missed,1,,,0,v,MISS Curry 26' 3PT Jump Shot,Missed Shot,Jump Shot,1,364,21500739,1913,11.0,made_fg(24),3,-1,likely_open,subType: open-like
431,PT02M48.00S,3,1610612744,GSW,201939,Curry,S. Curry,-209,169,27,Made,1,84.0,96.0,180,v,Curry 27' 3PT Jump Shot (41 PTS) (Barbosa 2 AST),Made Shot,Jump Shot,1,386,21500739,1992,17.0,def_reb(24),3,-2,likely_open,"subType: open-like, distance: deep above-break 3 (>=27ft)"
446,PT02M09.00S,3,1610612744,GSW,201939,Curry,S. Curry,207,203,29,Made,1,86.0,100.0,186,v,Curry 29' 3PT Jump Shot (44 PTS) (Iguodala 2 AST),Made Shot,Jump Shot,1,396,21500739,2031,9.0,final_ft(24),3,-2,likely_open,"subType: open-like, distance: deep above-break 3 (>=27ft)"
448,PT01M39.00S,3,1610612744,GSW,201939,Curry,S. Curry,-9,-1,1,Missed,1,,,0,v,MISS Curry 1' Layup,Missed Shot,Layup Shot,1,398,21500739,2061,13.0,made_fg(24),2,1,borderline,distance: at-rim/very close
451,PT01M16.00S,3,1610612744,GSW,201939,Curry,S. Curry,122,257,28,Missed,1,,,0,v,MISS Curry 28' 3PT Jump Shot,Missed Shot,Jump Shot,1,402,21500739,2084,8.0,made_fg(24),3,-2,likely_open,"subType: open-like, distance: deep above-break 3 (>=27ft)"
453,PT01M12.00S,3,1610612744,GSW,201939,Curry,S. Curry,119,26,12,Missed,1,,,0,v,MISS Curry 12' Jump Shot,Missed Shot,Jump Shot,1,404,21500739,2088,11.0,off_reb(14),2,0,likely_open,"subType: open-like, distance: mid-range"
528,PT06M22.00S,4,1610612744,GSW,201939,Curry,S. Curry,-143,229,27,Missed,1,,,0,v,MISS Curry 27' 3PT Jump Shot,Missed Shot,Jump Shot,1,470,21500739,2498,2.0,made_fg(24),3,-1,likely_open,"subType: open-like, distance: deep above-break 3 (>=27ft), clock: late (<=5s)"
560,PT04M22.00S,4,1610612744,GSW,201939,Curry,S. Curry,-212,188,28,Made,1,109.0,120.0,229,v,Curry 28' 3PT Jump Shot (47 PTS) (Livingston 5 AST),Made Shot,Jump Shot,1,497,21500739,2618,22.0,def_reb(24),3,-2,likely_open,"subType: open-like, distance: deep above-break 3 (>=27ft)"
576,PT02M53.00S,4,1610612744,GSW,201939,Curry,S. Curry,-4,2,0,Made,1,113.0,125.0,238,v,Curry Driving Layup (49 PTS) (Green 9 AST),Made Shot,Driving Layup Shot,1,510,21500739,2707,5.0,def_reb(24),2,4,likely_contested,"subType: contested-like, distance: at-rim/very close, clock: late (<=5s)"
583,PT02M35.00S,4,1610612744,GSW,201939,Curry,S. Curry,-24,0,2,Made,1,115.0,127.0,242,v,Curry 2' Layup (51 PTS) (Green 10 AST),Made Shot,Layup Shot,1,516,21500739,2725,17.0,def_reb(24),2,1,borderline,distance: at-rim/very close
9,PT10M34.00S,1,1610612744,GSW,201939,Curry,S. Curry,-186,175,26,Missed,1,,,0,h,MISS Curry 26' 3PT Turnaround Jump Shot,Missed Shot,Turnaround Jump Shot,1,10,21500769,86,8.0,made_fg(24),3,0,likely_open,
27,PT08M17.00S,1,1610612744,GSW,201939,Curry,S. Curry,128,115,17,Missed,1,,,0,h,MISS Curry 17' Pullup Jump Shot,Missed Shot,Pullup Jump shot,1,27,21500769,223,10.0,final_ft(24),2,3,likely_contested,"subType: contested-like, text: pressure-move"
38,PT07M05.00S,1,1610612744,GSW,201939,Curry,S. Curry,-178,262,32,Missed,1,,,0,h,MISS Curry 32' 3PT Pullup Jump Shot,Missed Shot,Pullup Jump shot,1,38,21500769,295,19.0,def_reb(24),3,2,likely_contested,"subType: contested-like, text: pressure-move, distance: deep above-break 3 (>=27ft)"
60,PT05M34.00S,1,1610612744,GSW,201939,Curry,S. Curry,32,257,26,Made,1,19.0,23.0,42,h,Curry 26' 3PT Pullup Jump Shot (6 PTS) (Green 2 AST),Made Shot,Pullup Jump shot,1,54,21500769,386,,stale_reset(14),3,3,likely_contested,"subType: contested-like, text: pressure-move"
89,PT03M22.00S,1,1610612744,GSW,201939,Curry,S. Curry,0,21,2,Made,1,26.0,29.0,55,h,Curry 2' Driving Layup (9 PTS),Made Shot,Driving Layup Shot,1,82,21500769,518,16.0,made_fg(24),2,3,likely_contested,"subType: contested-like, distance: at-rim/very close"
101,PT02M31.00S,1,1610612744,GSW,201939,Curry,S. Curry,12,21,2,Missed,1,,,0,h,MISS Curry 2' Running Layup,Missed Shot,Running Layup Shot,1,94,21500769,569,18.0,def_reb(24),2,3,likely_contested,"subType: contested-like, distance: at-rim/very close"
112,PT01M34.00S,1,1610612744,GSW,201939,Curry,S. Curry,74,242,25,Missed,1,,,0,h,MISS Curry 25' 3PT Jump Shot,Missed Shot,Jump Shot,1,104,21500769,626,17.0,def_reb(24),3,-1,likely_open,subType: open-like
243,PT02M23.00S,2,1610612744,GSW,201939,Curry,S. Curry,-12,257,26,Missed,1,,,0,h,MISS Curry 26' 3PT Jump Shot,Missed Shot,Jump Shot,1,219,21500769,1297,16.0,def_reb(24),3,-1,likely_open,subType: open-like
264,PT01M02.00S,2,1610612744,GSW,201939,Curry,S. Curry,-5,217,22,Made,1,71.0,55.0,126,h,Curry 22' Pullup Jump Shot (12 PTS),Made Shot,Pullup Jump shot,1,239,21500769,1378,16.0,turnover(24),2,3,likely_contested,"subType: contested-like, text: pressure-move"
274,PT00M05.80S,2,1610612744,GSW,201939,Curry,S. Curry,-142,90,17,Made,1,73.0,59.0,132,h,Curry 17' Step Back Jump Shot (14 PTS),Made Shot,Step Back Jump shot,1,248,21500769,1435,3.0,made_fg(24),2,4,likely_contested,"subType: contested-like, text: pressure-move, clock: late (<=5s)"
292,PT10M43.00S,3,1610612744,GSW,201939,Curry,S. Curry,27,165,17,Missed,1,,,0,h,MISS Curry 17' Jump Shot,Missed Shot,Jump Shot,1,264,21500769,1517,11.0,made_fg(24),2,-1,likely_open,subType: open-like
319,PT07M59.00S,3,1610612744,GSW,201939,Curry,S. Curry,-7,11,1,Made,1,81.0,65.0,146,h,Curry 1' Running Reverse Layup (16 PTS),Made Shot,Running Reverse Layup Shot,1,292,21500769,1681,18.0,turnover(24),2,1,borderline,distance: at-rim/very close
323,PT07M13.00S,3,1610612744,GSW,201939,Curry,S. Curry,-63,77,10,Missed,1,,,0,h,MISS Curry 10' Jump Shot,Missed Shot,Jump Shot,1,296,21500769,1727,3.0,turnover(24),2,1,borderline,"subType: open-like, distance: mid-range, clock: late (<=5s)"
330,PT06M58.00S,3,1610612744,GSW,201939,Curry,S. Curry,4,16,2,Made,1,83.0,65.0,148,h,Curry 2' Driving Finger Roll Layup (18 PTS),Made Shot,Driving Finger Roll Layup Shot,1,304,21500769,1742,20.0,def_reb(24),2,1,borderline,distance: at-rim/very close
357,PT03M59.00S,3,1610612744,GSW,201939,Curry,S. Curry,110,232,26,Missed,1,,,0,h,MISS Curry 26' 3PT Jump Shot,Missed Shot,Jump Shot,1,332,21500769,1921,4.0,made_fg(24),3,0,likely_open,"subType: open-like, clock: late (<=5s)"
389,PT01M34.00S,3,1610612744,GSW,201939,Curry,S. Curry,-11,2,1,Missed,1,,,0,h,MISS Curry 1' Driving Layup,Missed Shot,Driving Layup Shot,1,364,21500769,2066,9.0,off_foul(24),2,3,likely_contested,"subType: contested-like, distance: at-rim/very close"
402,PT00M47.20S,3,1610612744,GSW,201939,Curry,S. Curry,-4,38,4,Made,1,91.0,81.0,172,h,Curry 4' Driving Bank Shot (20 PTS),Made Shot,Driving Bank shot,1,374,21500769,2113,16.0,made_fg(24),2,1,borderline,distance: at-rim/very close
405,PT00M12.80S,3,1610612744,GSW,201939,Curry,S. Curry,-96,232,25,Missed,1,,,0,h,MISS Curry 25' 3PT Pullup Jump Shot,Missed Shot,Pullup Jump shot,1,376,21500769,2148,5.0,made_fg(24),3,4,likely_contested,"subType: contested-like, text: pressure-move, clock: late (<=5s)"
467,PT06M40.00S,4,1610612744,GSW,201939,Curry,S. Curry,-4,11,1,Missed,1,,,0,h,MISS Curry 1' Driving Reverse Layup,Missed Shot,Driving Reverse Layup Shot,1,441,21500769,2480,6.0,def_reb(24),2,3,likely_contested,"subType: contested-like, distance: at-rim/very close"
473,PT06M20.00S,4,1610612744,GSW,201939,Curry,S. Curry,-25,26,4,Missed,1,,,0,h,MISS Curry 4' Driving Bank Shot,Missed Shot,Driving Bank shot,1,447,21500769,2500,13.0,def_reb(24),2,1,borderline,distance: at-rim/very close
491,PT04M40.00S,4,1610612744,GSW,201939,Curry,S. Curry,-96,237,26,Missed,1,,,0,h,MISS Curry 26' 3PT Jump Shot,Missed Shot,Jump Shot,1,461,21500769,2600,10.0,made_fg(24),3,-1,likely_open,subType: open-like
503,PT04M10.00S,4,1610612744,GSW,201939,Curry,S. Curry,-6,85,9,Missed,1,,,0,h,MISS Curry 9' Jump Shot,Missed Shot,Jump Shot,1,468,21500769,2630,10.0,final_ft(24),2,0,likely_open,"subType: open-like, distance: mid-range"
528,PT02M24.00S,4,1610612744,GSW,201939,Curry,S. Curry,14,11,2,Made,1,107.0,104.0,211,h,Curry 2' Driving Layup (22 PTS) (Green 5 AST),Made Shot,Driving Layup Shot,1,489,21500769,2736,1.0,def_reb(24),2,4,likely_contested,"subType: contested-like, distance: at-rim/very close, clock: late (<=5s)"
540,PT01M20.00S,4,1610612744,GSW,201939,Curry,S. Curry,186,203,28,Missed,1,,,0,h,MISS Curry 28' 3PT Pullup Jump Shot,Missed Shot,Pullup Jump shot,1,498,21500769,2800,12.0,final_ft(24),3,2,likely_contested,"subType: contested-like, text: pressure-move, distance: deep above-break 3 (>=27ft)"
542,PT00M54.20S,4,1610612744,GSW,201939,Curry,S. Curry,-7,28,3,Made,1,112.0,106.0,218,h,Curry 3' Layup (24 PTS) (Green 6 AST),Made Shot,Layup Shot,1,500,21500769,2826,,stale_reset(14),2,1,borderline,distance: at-rim/very close
549,PT00M33.60S,4,1610612744,GSW,201939,Curry,S. Curry,133,111,17,Made,1,114.0,108.0,222,h,Curry 17' Pullup Jump Shot (26 PTS),Made Shot,Pullup Jump shot,1,505,21500769,2847,7.0,final_ft(24),2,3,likely_contested,"subType: contested-like, text: pressure-move"
10,PT10M16.00S,1,1610612744,GSW,201939,Curry,S. Curry,-156,259,30,Made,1,7.0,2.0,9,h,Curry 30' 3PT Pullup Jump Shot (3 PTS) (K. Thompson 1 AST),Made Shot,Pullup Jump shot,1,12,21500788,104,,stale_reset(24),3,2,likely_contested,"subType: contested-like, text: pressure-move, distance: deep above-break 3 (>=27ft)"
12,PT09M59.00S,1,1610612744,GSW,201939,Curry,S. Curry,12,16,2,Made,1,9.0,2.0,11,h,Curry 2' Running Finger Roll Layup (5 PTS) (Green 2 AST),Made Shot,Running Finger Roll Layup Shot,1,15,21500788,121,19.0,turnover(24),2,1,borderline,distance: at-rim/very close
30,PT08M07.00S,1,1610612744,GSW,201939,Curry,S. Curry,2,11,1,Made,1,13.0,8.0,21,h,Curry 1' Driving Layup (7 PTS),Made Shot,Driving Layup Shot,1,32,21500788,233,13.0,turnover(24),2,3,likely_contested,"subType: contested-like, distance: at-rim/very close"
77,PT03M59.00S,1,1610612744,GSW,201939,Curry,S. Curry,-184,174,25,Made,1,24.0,16.0,40,h,Curry 25' 3PT Pullup Jump Shot (10 PTS),Made Shot,Pullup Jump shot,1,79,21500788,481,16.0,turnover(24),3,3,likely_contested,"subType: contested-like, text: pressure-move"
79,PT03M33.00S,1,1610612744,GSW,201939,Curry,S. Curry,-70,242,25,Made,1,27.0,18.0,45,h,Curry 25' 3PT Jump Shot (13 PTS) (Iguodala 3 AST),Made Shot,Jump Shot,1,81,21500788,507,13.0,made_fg(24),3,-1,likely_open,subType: open-like
82,PT03M02.00S,1,1610612744,GSW,201939,Curry,S. Curry,-228,2,0,Made,1,30.0,18.0,48,h,Curry 3PT Jump Shot (16 PTS) (K. Thompson 2 AST),Made Shot,Jump Shot,1,84,21500788,538,8.0,def_reb(24),3,-1,likely_open,"subType: open-like, distance: at-rim/very close, coords: corner-3, corner: catch/spot"
100,PT01M20.00S,1,1610612744,GSW,201939,Curry,S. Curry,-209,170,27,Made,1,38.0,22.0,60,h,Curry 27' 3PT Pullup Jump Shot (19 PTS),Made Shot,Pullup Jump shot,1,99,21500788,640,9.0,made_fg(24),3,2,likely_contested,"subType: contested-like, text: pressure-move, distance: deep above-break 3 (>=27ft)"
117,PT00M03.20S,1,1610612744,GSW,201939,Curry,S. Curry,137,264,30,Missed,1,,,0,h,MISS Curry 30' 3PT Jump Shot,Missed Shot,Jump Shot,1,112,21500788,717,19.0,def_reb(24),3,-2,likely_open,"subType: open-like, distance: deep above-break 3 (>=27ft)"
192,PT06M06.00S,2,1610612744,GSW,201939,Curry,S. Curry,12,16,2,Missed,1,,,0,h,MISS Curry 2' Layup,Missed Shot,Layup Shot,1,177,21500788,1074,5.0,made_fg(24),2,2,likely_contested,"distance: at-rim/very close, clock: late (<=5s)"
252,PT02M46.00S,2,1610612744,GSW,201939,Curry,S. Curry,-24,311,31,Made,1,65.0,54.0,119,h,Curry 31' 3PT Pullup Jump Shot (24 PTS),Made Shot,Pullup Jump shot,1,227,21500788,1274,14.0,made_fg(24),3,2,likely_contested,"subType: contested-like, text: pressure-move, distance: deep above-break 3 (>=27ft)"
269,PT02M11.00S,2,1610612744,GSW,201939,Curry,S. Curry,9,52,5,Missed,1,,,0,h,MISS Curry 5' Floating Jump Shot,Missed Shot,Floating Jump shot,1,242,21500788,1309,14.0,def_reb(24),2,3,likely_contested,"subType: contested-like, distance: at-rim/very close"
300,PT00M46.20S,2,1610612744,GSW,201939,Curry,S. Curry,-20,3,2,Made,1,69.0,61.0,130,h,Curry 2' Driving Reverse Layup (26 PTS),Made Shot,Driving Reverse Layup Shot,1,264,21500788,1394,4.0,final_ft(24),2,4,likely_contested,"subType: contested-like, distance: at-rim/very close, clock: late (<=5s)"
318,PT11M30.00S,3,1610612744,GSW,201939,Curry,S. Curry,-30,254,26,Missed,1,,,0,h,MISS Curry 26' 3PT Jump Shot,Missed Shot,Jump Shot,1,281,21500788,1470,9.0,def_reb(24),3,-1,likely_open,subType: open-like
332,PT09M54.00S,3,1610612744,GSW,201939,Curry,S. Curry,-240,7,24,Missed,1,,,0,h,MISS Curry 24' 3PT Pullup Jump Shot,Missed Shot,Pullup Jump shot,1,294,21500788,1566,8.0,def_reb(24),3,3,likely_contested,"subType: contested-like, text: pressure-move, coords: corner-3"
336,PT09M23.00S,3,1610612744,GSW,201939,Curry,S. Curry,0,16,2,Made,1,71.0,74.0,145,h,Curry 2' Driving Reverse Layup (28 PTS) (Bogut 1 AST),Made Shot,Driving Reverse Layup Shot,1,298,21500788,1597,13.0,def_reb(24),2,3,likely_contested,"subType: contested-like, distance: at-rim/very close"
345,PT08M40.00S,3,1610612744,GSW,201939,Curry,S. Curry,55,252,26,Missed,1,,,0,h,MISS Curry 26' 3PT Jump Shot,Missed Shot,Jump Shot,1,306,21500788,1640,6.0,def_reb(24),3,-1,likely_open,subType: open-like
353,PT07M58.00S,3,1610612744,GSW,201939,Curry,S. Curry,22,16,3,Made,1,73.0,74.0,147,h,Curry 3' Running Reverse Layup (30 PTS),Made Shot,Running Reverse Layup Shot,1,314,21500788,1682,15.0,def_reb(24),2,1,borderline,distance: at-rim/very close
360,PT07M12.00S,3,1610612744,GSW,201939,Curry,S. Curry,191,170,26,Missed,1,,,0,h,MISS Curry 26' 3PT Jump Shot,Missed Shot,Jump Shot,1,320,21500788,1728,10.0,off_reb(14),3,-1,likely_open,subType: open-like
412,PT02M02.00S,3,1610612744,GSW,201939,Curry,S. Curry,-45,262,27,Made,1,90.0,90.0,180,h,Curry 27' 3PT Pullup Jump Shot (35 PTS),Made Shot,Pullup Jump shot,1,369,21500788,2038,13.0,final_ft(24),3,2,likely_contested,"subType: contested-like, text: pressure-move, distance: deep above-break 3 (>=27ft)"
418,PT01M29.00S,3,1610612744,GSW,201939,Curry,S. Curry,-99,249,27,Missed,1,,,0,h,MISS Curry 27' 3PT Jump Shot,Missed Shot,Jump Shot,1,380,21500788,2071,19.0,def_reb(24),3,-2,likely_open,"subType: open-like, distance: deep above-break 3 (>=27ft)"
505,PT06M23.00S,4,1610612744,GSW,201939,Curry,S. Curry,210,169,27,Missed,1,,,0,h,MISS Curry 27' 3PT Jump Shot,Missed Shot,Jump Shot,1,459,21500788,2497,7.0,final_ft(24),3,-2,likely_open,"subType: open-like, distance: deep above-break 3 (>=27ft)"
523,PT04M38.00S,4,1610612744,GSW,201939,Curry,S. Curry,87,67,11,Missed,1,,,0,h,MISS Curry 11' Floating Jump Shot,Missed Shot,Floating Jump shot,1,477,21500788,2602,2.0,off_reb(14),2,4,likely_contested,"subType: contested-like, distance: mid-range, clock: late (<=5s)"
534,PT03M30.00S,4,1610612744,GSW,201939,Curry,S. Curry,207,169,27,Missed,1,,,0,h,MISS Curry 27' 3PT Jump Shot,Missed Shot,Jump Shot,1,488,21500788,2670,9.0,off_reb(14),3,-2,likely_open,"subType: open-like, distance: deep above-break 3 (>=27ft)"
567,PT01M22.00S,4,1610612744,GSW,201939,Curry,S. Curry,10,252,25,Missed,1,,,0,h,MISS Curry 25' 3PT Pullup Jump Shot,Missed Shot,Pullup Jump shot,1,511,21500788,2798,7.0,made_fg(24),3,3,likely_contested,"subType: contested-like, text: pressure-move"
6,PT11M22.00S,1,1610612744,GSW,201939,Curry,S. Curry,127,-1,13,Made,1,2.0,4.0,6,v,Curry 13' Jump Shot (2 PTS),Made Shot,Jump Shot,1,7,21500799,38,14.0,off_reb(14),2,0,likely_open,"subType: open-like, distance: mid-range"
10,PT10M16.00S,1,1610612744,GSW,201939,Curry,S. Curry,238,26,24,Made,1,7.0,10.0,17,v,Curry 24' 3PT Jump Shot (5 PTS) (Green 1 AST),Made Shot,Jump Shot,1,11,21500799,104,3.0,made_fg(24),3,-1,likely_open,"subType: open-like, coords: corner-3, corner: catch/spot, clock: late (<=5s)"
48,PT06M13.00S,1,1610612744,GSW,201939,Curry,S. Curry,141,205,25,Missed,1,,,0,v,MISS Curry 25' 3PT Jump Shot,Missed Shot,Jump Shot,1,49,21500799,347,18.0,def_reb(24),3,-1,likely_open,subType: open-like
51,PT05M47.00S,1,1610612744,GSW,201939,Curry,S. Curry,-68,36,8,Made,1,17.0,19.0,36,v,Curry 8' Turnaround Bank Shot (7 PTS),Made Shot,Turnaround Bank shot,1,52,21500799,373,8.0,made_fg(24),2,3,likely_contested,"subType: contested-like, distance: mid-range"
54,PT05M09.00S,1,1610612744,GSW,201939,Curry,S. Curry,-238,33,24,Made,1,17.0,22.0,39,v,Curry 24' 3PT Jump Bank Shot (10 PTS) (Iguodala 1 AST),Made Shot,Jump Bank Shot,1,55,21500799,411,9.0,turnover(24),3,2,likely_contested,"subType: contested-like, coords: corner-3"
70,PT04M02.00S,1,1610612744,GSW,201939,Curry,S. Curry,-17,242,24,Missed,1,,,0,v,MISS Curry 24' 3PT Pullup Jump Shot,Missed Shot,Pullup Jump shot,1,67,21500799,478,11.0,final_ft(24),3,3,likely_contested,"subType: contested-like, text: pressure-move"
212,PT03M29.00S,2,1610612744,GSW,201939,Curry,S. Curry,119,264,29,Made,1,35.0,48.0,83,v,Curry 29' 3PT Step Back Jump Shot (15 PTS),Made Shot,Step Back Jump shot,1,198,21500799,1231,20.0,def_reb(24),3,2,likely_contested,"subType: contested-like, text: pressure-move, distance: deep above-break 3 (>=27ft)"
222,PT03M03.00S,2,1610612744,GSW,201939,Curry,S. Curry,174,234,29,Made,1,35.0,51.0,86,v,Curry 29' 3PT Jump Shot (18 PTS),Made Shot,Jump Shot,1,205,21500799,1257,16.0,def_reb(24),3,-2,likely_open,"subType: open-like, distance: deep above-break 3 (>=27ft)"
225,PT02M41.00S,2,1610612744,GSW,201939,Curry,S. Curry,137,232,27,Missed,1,,,0,v,MISS Curry 27' 3PT Jump Shot,Missed Shot,Jump Shot,1,208,21500799,1279,16.0,turnover(24),3,-2,likely_open,"subType: open-like, distance: deep above-break 3 (>=27ft)"
236,PT01M42.00S,2,1610612744,GSW,201939,Curry,S. Curry,14,46,5,Missed,1,,,0,v,MISS Curry 5' Hook Shot,Missed Shot,Hook Shot,1,218,21500799,1338,9.0,made_fg(24),2,3,likely_contested,"subType: contested-like, distance: at-rim/very close"
285,PT08M42.00S,3,1610612744,GSW,201939,Curry,S. Curry,0,252,25,Missed,1,,,0,v,MISS Curry 25' 3PT Pullup Jump Shot,Missed Shot,Pullup Jump shot,1,264,21500799,1638,15.0,made_fg(24),3,3,likely_contested,"subType: contested-like, text: pressure-move"
291,PT08M21.00S,3,1610612744,GSW,201939,Curry,S. Curry,217,105,24,Made,1,52.0,66.0,118,v,Curry 24' 3PT Jump Shot (21 PTS) (Bogut 2 AST),Made Shot,Jump Shot,1,268,21500799,1659,9.0,made_fg(24),3,-1,likely_open,subType: open-like
309,PT06M38.00S,3,1610612744,GSW,201939,Curry,S. Curry,-230,105,25,Missed,1,,,0,v,MISS Curry 25' 3PT Jump Shot,Missed Shot,Jump Shot,1,287,21500799,1762,19.0,def_reb(24),3,-1,likely_open,subType: open-like
334,PT04M26.00S,3,1610612744,GSW,201939,Curry,S. Curry,0,-1,0,Made,1,58.0,78.0,136,v,Curry Driving Finger Roll Layup (23 PTS),Made Shot,Driving Finger Roll Layup Shot,1,310,21500799,1894,8.0,made_fg(24),2,1,borderline,distance: at-rim/very close
379,PT02M12.00S,3,1610612744,GSW,201939,Curry,S. Curry,-6,49,5,Missed,1,,,0,v,MISS Curry 5' Floating Jump Shot,Missed Shot,Floating Jump shot,1,350,21500799,2028,5.0,off_reb(14),2,4,likely_contested,"subType: contested-like, distance: at-rim/very close, clock: late (<=5s)"
381,PT02M08.00S,3,1610612744,GSW,201939,Curry,S. Curry,-7,23,2,Missed,1,,,0,v,MISS Curry 2' Putback Layup,Missed Shot,Putback Layup Shot,1,353,21500799,2032,12.0,off_reb(14),2,3,likely_contested,"subType: contested-like, distance: at-rim/very close"
387,PT01M29.00S,3,1610612744,GSW,201939,Curry,S. Curry,6,-1,1,Made,1,70.0,85.0,155,v,Curry 1' Driving Layup (26 PTS),Made Shot,Driving Layup Shot,1,359,21500799,2071,18.0,def_reb(24),2,3,likely_contested,"subType: contested-like, distance: at-rim/very close"
8,PT10M50.00S,1,1610612744,GSW,201939,Curry,S. Curry,19,2,2,Made,1,2.0,4.0,6,v,Curry 2' Running Layup (2 PTS) (Green 2 AST),Made Shot,Running Layup Shot,1,9,21500815,70,19.0,def_reb(24),2,3,likely_contested,"subType: contested-like, distance: at-rim/very close"
15,PT09M41.00S,1,1610612744,GSW,201939,Curry,S. Curry,-96,223,24,Made,1,7.0,9.0,16,v,Curry 24' 3PT Jump Shot (5 PTS),Made Shot,Jump Shot,1,16,21500815,139,15.0,made_fg(24),3,-1,likely_open,subType: open-like
20,PT08M56.00S,1,1610612744,GSW,201939,Curry,S. Curry,-89,242,26,Missed,1,,,0,v,MISS Curry 26' 3PT Jump Shot,Missed Shot,Jump Shot,1,22,21500815,184,18.0,turnover(24),3,-1,likely_open,subType: open-like
28,PT08M05.00S,1,1610612744,GSW,201939,Curry,S. Curry,-110,218,24,Made,1,15.0,14.0,29,v,Curry 24' 3PT Jump Shot (8 PTS) (Green 4 AST),Made Shot,Jump Shot,1,29,21500815,235,9.0,final_ft(24),3,-1,likely_open,subType: open-like
33,PT07M06.00S,1,1610612744,GSW,201939,Curry,S. Curry,-235,33,24,Missed,1,,,0,v,MISS Curry 24' 3PT Jump Shot,Missed Shot,Jump Shot,1,34,21500815,294,11.0,made_fg(24),3,-2,likely_open,"subType: open-like, coords: corner-3, corner: catch/spot"
37,PT06M48.00S,1,1610612744,GSW,201939,Curry,S. Curry,-227,7,0,Made,1,19.0,17.0,36,v,Curry 3PT Jump Shot (11 PTS) (K. Thompson 1 AST),Made Shot,Jump Shot,1,38,21500815,312,16.0,def_reb(24),3,-1,likely_open,"subType: open-like, distance: at-rim/very close, coords: corner-3, corner: catch/spot"
53,PT05M17.00S,1,1610612744,GSW,201939,Curry,S. Curry,-27,2,3,Made,1,23.0,23.0,46,v,Curry 3' Cutting Layup Shot (13 PTS) (Green 5 AST),Made Shot,Cutting Layup Shot,1,51,21500815,403,12.0,made_fg(24),2,1,borderline,distance: at-rim/very close
62,PT04M33.00S,1,1610612744,GSW,201939,Curry,S. Curry,-61,237,24,Missed,1,,,0,v,MISS Curry 24' 3PT Jump Shot,Missed Shot,Jump Shot,1,62,21500815,447,15.0,made_fg(24),3,-1,likely_open,subType: open-like
77,PT03M39.00S,1,1610612744,GSW,201939,Curry,S. Curry,25,-1,3,Missed,1,,,0,v,MISS Curry 3' Driving Layup,Missed Shot,Driving Layup Shot,1,77,21500815,501,12.0,final_ft(24),2,3,likely_contested,"subType: contested-like, distance: at-rim/very close"
90,PT02M29.00S,1,1610612744,GSW,201939,Curry,S. Curry,10,41,4,Missed,1,,,0,v,MISS Curry 4' Floating Jump Shot,Missed Shot,Floating Jump shot,1,91,21500815,571,15.0,made_fg(24),2,3,likely_contested,"subType: contested-like, distance: at-rim/very close"
97,PT01M53.00S,1,1610612744,GSW,201939,Curry,S. Curry,-155,185,24,Made,1,30.0,29.0,59,v,Curry 24' 3PT Jump Shot (16 PTS) (Iguodala 1 AST),Made Shot,Jump Shot,1,97,21500815,607,10.0,def_reb(24),3,-1,likely_open,subType: open-like
109,PT00M52.90S,1,1610612744,GSW,201939,Curry,S. Curry,110,131,17,Missed,1,,,0,v,MISS Curry 17' Pullup Jump Shot,Missed Shot,Pullup Jump shot,1,107,21500815,668,7.0,off_reb(14),2,3,likely_contested,"subType: contested-like, text: pressure-move"
114,PT00M14.90S,1,1610612744,GSW,201939,Curry,S. Curry,-1,154,15,Missed,1,,,0,v,MISS Curry 15' Pullup Jump Shot,Missed Shot,Pullup Jump shot,1,112,21500815,706,6.0,made_fg(24),2,4,likely_contested,"subType: contested-like, text: pressure-move, distance: mid-range"
201,PT03M55.00S,2,1610612744,GSW,201939,Curry,S. Curry,9,41,4,Missed,1,,,0,v,MISS Curry 4' Floating Jump Shot,Missed Shot,Floating Jump shot,1,192,21500815,1205,15.0,def_reb(24),2,3,likely_contested,"subType: contested-like, distance: at-rim/very close"
206,PT03M30.00S,2,1610612744,GSW,201939,Curry,S. Curry,17,2,2,Made,1,58.0,52.0,110,v,Curry 2' Driving Layup (18 PTS),Made Shot,Driving Layup Shot,1,197,21500815,1230,17.0,def_reb(24),2,3,likely_contested,"subType: contested-like, distance: at-rim/very close"
218,PT02M09.00S,2,1610612744,GSW,201939,Curry,S. Curry,153,193,25,Made,1,60.0,55.0,115,v,Curry 25' 3PT Pullup Jump Shot (21 PTS),Made Shot,Pullup Jump shot,1,211,21500815,1311,14.0,turnover(24),3,3,likely_contested,"subType: contested-like, text: pressure-move"
250,PT01M00.00S,2,1610612744,GSW,201939,Curry,S. Curry,135,228,26,Made,1,64.0,60.0,124,v,Curry 26' 3PT Pullup Jump Shot (24 PTS),Made Shot,Pullup Jump shot,1,239,21500815,1380,18.0,final_ft(24),3,3,likely_contested,"subType: contested-like, text: pressure-move"
277,PT10M36.00S,3,1610612744,GSW,201939,Curry,S. Curry,195,149,25,Missed,1,,,0,v,MISS Curry 25' 3PT Pullup Jump Shot,Missed Shot,Pullup Jump shot,1,260,21500815,1524,18.0,made_fg(24),3,3,likely_contested,"subType: contested-like, text: pressure-move"
291,PT08M44.00S,3,1610612744,GSW,201939,Curry,S. Curry,-127,210,25,Made,1,75.0,69.0,144,v,Curry 25' 3PT Jump Shot (27 PTS) (Barnes 2 AST),Made Shot,Jump Shot,1,276,21500815,1636,13.0,keep_clock(24),3,-1,likely_open,subType: open-like
313,PT06M16.00S,3,1610612744,GSW,201939,Curry,S. Curry,25,224,23,Made,1,84.0,73.0,157,v,Curry 23' Pullup Jump Shot (29 PTS) (Green 7 AST),Made Shot,Pullup Jump shot,1,295,21500815,1784,10.0,made_fg(24),2,3,likely_contested,"subType: contested-like, text: pressure-move"
339,PT04M47.00S,3,1610612744,GSW,201939,Curry,S. Curry,69,234,24,Missed,1,,,0,v,MISS Curry 24' 3PT Jump Shot,Missed Shot,Jump Shot,1,322,21500815,1873,14.0,keep_clock(19),3,-1,likely_open,subType: open-like
342,PT04M26.00S,3,1610612744,GSW,201939,Curry,S. Curry,-17,7,2,Made,1,90.0,75.0,165,v,Curry 2' Driving Layup (31 PTS) (Barbosa 1 AST),Made Shot,Driving Layup Shot,1,325,21500815,1894,13.0,made_fg(24),2,3,likely_contested,"subType: contested-like, distance: at-rim/very close"
359,PT03M13.00S,3,1610612744,GSW,201939,Curry,S. Curry,-196,178,26,Missed,1,,,0,v,MISS Curry 26' 3PT Jump Shot,Missed Shot,Jump Shot,1,342,21500815,1967,17.0,def_reb(24),3,-1,likely_open,subType: open-like
21,PT09M27.00S,1,1610612744,GSW,201939,Curry,S. Curry,74,252,26,Made,1,4.0,10.0,14,v,Curry 26' 3PT Pullup Jump Shot (3 PTS),Made Shot,Pullup Jump shot,1,22,21500822,153,16.0,def_reb(24),3,3,likely_contested,"subType: contested-like, text: pressure-move"
28,PT08M34.00S,1,1610612744,GSW,201939,Curry,S. Curry,14,23,3,Missed,1,,,0,v,MISS Curry 3' Layup,Missed Shot,Layup Shot,1,29,21500822,206,13.0,def_foul_14(14),2,1,borderline,distance: at-rim/very close
43,PT07M06.00S,1,1610612744,GSW,201939,Curry,S. Curry,20,8,2,Made,1,8.0,14.0,22,v,Curry 2' Layup (5 PTS) (Green 1 AST),Made Shot,Layup Shot,1,44,21500822,294,10.0,made_fg(24),2,1,borderline,distance: at-rim/very close
51,PT06M11.00S,1,1610612744,GSW,201939,Curry,S. Curry,9,16,2,Made,1,8.0,19.0,27,v,Curry 2' Cutting Finger Roll Layup Shot (7 PTS) (Green 2 AST),Made Shot,Cutting Finger Roll Layup Shot,1,52,21500822,349,18.0,def_reb(24),2,1,borderline,distance: at-rim/very close
56,PT05M26.00S,1,1610612744,GSW,201939,Curry,S. Curry,10,21,2,Missed,1,,,0,v,MISS Curry 2' Layup,Missed Shot,Layup Shot,1,57,21500822,394,5.0,made_fg(24),2,2,likely_contested,"distance: at-rim/very close, clock: late (<=5s)"
138,PT10M31.00S,2,1610612744,GSW,201939,Curry,S. Curry,63,247,25,Missed,1,,,0,v,MISS Curry 25' 3PT Jump Shot,Missed Shot,Jump Shot,1,131,21500822,809,9.0,def_foul_14(14),3,-1,likely_open,subType: open-like
147,PT09M39.00S,2,1610612744,GSW,201939,Curry,S. Curry,82,134,16,Missed,1,,,0,v,MISS Curry 16' Step Back Jump Shot,Missed Shot,Step Back Jump shot,1,140,21500822,861,3.0,off_foul(24),2,5,likely_contested,"subType: contested-like, text: pressure-move, distance: mid-range, clock: late (<=5s)"
261,PT00M42.90S,2,1610612744,GSW,201939,Curry,S. Curry,-68,262,27,Missed,1,,,0,v,MISS Curry 27' 3PT Jump Shot,Missed Shot,Jump Shot,1,238,21500822,1398,6.0,turnover(24),3,-2,likely_open,"subType: open-like, distance: deep above-break 3 (>=27ft)"
269,PT11M45.00S,3,1610612744,GSW,201939,Curry,S. Curry,-199,-11,20,Missed,1,,,0,v,MISS Curry 20' Jump Shot,Missed Shot,Jump Shot,1,245,21500822,1455,9.0,period_start(24),2,-1,likely_open,subType: open-like
297,PT07M59.00S,3,1610612744,GSW,201939,Curry,S. Curry,10,18,2,Missed,1,,,0,v,MISS Curry 2' Finger Roll Layup,Missed Shot,Finger Roll Layup Shot,1,275,21500822,1681,12.0,made_fg(24),2,1,borderline,distance: at-rim/very close
336,PT04M49.00S,3,1610612744,GSW,201939,Curry,S. Curry,151,203,25,Missed,1,,,0,v,MISS Curry 25' 3PT Jump Shot,Missed Shot,Jump Shot,1,312,21500822,1871,14.0,final_ft(24),3,-1,likely_open,subType: open-like
373,PT01M19.00S,3,1610612744,GSW,201939,Curry,S. Curry,-120,237,27,Made,1,79.0,87.0,166,v,Curry 27' 3PT Pullup Jump Shot (18 PTS) (Green 7 AST),Made Shot,Pullup Jump shot,1,349,21500822,2081,11.0,made_fg(24),3,2,likely_contested,"subType: contested-like, text: pressure-move, distance: deep above-break 3 (>=27ft)"
477,PT02M57.00S,4,1610612744,GSW,201939,Curry,S. Curry,177,188,26,Made,1,99.0,113.0,212,v,Curry 26' 3PT Jump Shot (23 PTS) (Green 10 AST),Made Shot,Jump Shot,1,440,21500822,2703,11.0,off_reb(14),3,-1,likely_open,subType: open-like
480,PT02M33.00S,4,1610612744,GSW,201939,Curry,S. Curry,-84,249,26,Missed,1,,,0,v,MISS Curry 26' 3PT Jump Shot,Missed Shot,Jump Shot,1,443,21500822,2727,19.0,def_reb(24),3,-1,likely_open,subType: open-like
485,PT01M54.00S,4,1610612744,GSW,201939,Curry,S. Curry,-30,259,26,Missed,1,,,0,v,MISS Curry 26' 3PT Jump Shot,Missed Shot,Jump Shot,1,448,21500822,2766,8.0,def_reb(24),3,-1,likely_open,subType: open-like
14,PT10M22.00S,1,1610612744,GSW,201939,Curry,S. Curry,-202,144,25,Made,1,2.0,3.0,5,v,Curry 25' 3PT Running Pull-Up Jump Shot (3 PTS),Made Shot,Running Pull-Up Jump Shot,1,15,21500836,98,20.0,def_reb(24),3,3,likely_contested,"subType: contested-like, text: pressure-move"
16,PT10M06.00S,1,1610612744,GSW,201939,Curry,S. Curry,-148,208,26,Missed,1,0.0,0.0,0,v,MISS Curry 26' 3PT Running Pull-Up Jump Shot,Missed Shot,Running Pull-Up Jump Shot,1,18,21500836,114,19.0,turnover(24),3,3,likely_contested,"subType: contested-like, text: pressure-move"
44,PT06M40.00S,1,1610612744,GSW,201939,Curry,S. Curry,38,242,24,Made,1,9.0,17.0,26,v,Curry 24' 3PT Jump Shot (6 PTS),Made Shot,Jump Shot,1,45,21500836,320,4.0,made_fg(24),3,0,likely_open,"subType: open-like, clock: late (<=5s)"
69,PT04M01.00S,1,1610612744,GSW,201939,Curry,S. Curry,-11,41,4,Made,1,13.0,23.0,36,v,Curry 4' Pullup Jump Shot (8 PTS) (Bogut 1 AST),Made Shot,Pullup Jump shot,1,69,21500836,479,1.0,def_foul_14(14),2,5,likely_contested,"subType: contested-like, text: pressure-move, distance: at-rim/very close, clock: late (<=5s)"
102,PT00M34.30S,1,1610612744,GSW,201939,Curry,S. Curry,9,-6,1,Made,1,15.0,27.0,42,v,Curry 1' Running Layup (10 PTS),Made Shot,Running Layup Shot,1,103,21500836,686,20.0,turnover(24),2,3,likely_contested,"subType: contested-like, distance: at-rim/very close"
217,PT02M16.00S,2,1610612744,GSW,201939,Curry,S. Curry,228,85,24,Made,1,37.0,48.0,85,v,Curry 24' 3PT Pullup Jump Shot (14 PTS),Made Shot,Pullup Jump shot,1,212,21500836,1304,15.0,made_fg(24),3,3,likely_contested,"subType: contested-like, text: pressure-move"
226,PT02M00.00S,2,1610612744,GSW,201939,Curry,S. Curry,73,229,24,Made,1,37.0,51.0,88,v,Curry 24' 3PT Pullup Jump Shot (17 PTS) (Thompson 2 AST),Made Shot,Pullup Jump shot,1,216,21500836,1320,14.0,off_foul(24),3,3,likely_contested,"subType: contested-like, text: pressure-move"
247,PT00M27.90S,2,1610612744,GSW,201939,Curry,S. Curry,9,21,2,Missed,1,0.0,0.0,0,v,MISS Curry 2' Layup,Missed Shot,Layup Shot,1,230,21500836,1413,12.0,turnover(24),2,1,borderline,distance: at-rim/very close
258,PT00M01.00S,2,1610612744,GSW,201939,Curry,S. Curry,202,72,21,Made,1,39.0,58.0,97,v,Curry 21' Fadeaway Jumper (19 PTS),Made Shot,Fadeaway Jump Shot,1,239,21500836,1439,5.0,def_reb(24),2,4,likely_contested,"subType: contested-like, text: pressure-move, clock: late (<=5s)"
295,PT08M52.00S,3,1610612744,GSW,201939,Curry,S. Curry,-160,193,25,Missed,1,0.0,0.0,0,v,MISS Curry 25' 3PT Jump Shot,Missed Shot,Jump Shot,1,271,21500836,1628,10.0,off_reb(14),3,-1,likely_open,subType: open-like
298,PT08M18.00S,3,1610612744,GSW,201939,Curry,S. Curry,10,-1,1,Made,1,45.0,65.0,110,v,Curry 1' Driving Reverse Layup (21 PTS),Made Shot,Driving Reverse Layup Shot,1,275,21500836,1662,12.0,turnover(24),2,3,likely_contested,"subType: contested-like, distance: at-rim/very close"
309,PT07M23.00S,3,1610612744,GSW,201939,Curry,S. Curry,120,213,24,Missed,1,0.0,0.0,0,v,MISS Curry 24' 3PT Step Back Jump Shot,Missed Shot,Step Back Jump shot,1,284,21500836,1717,16.0,made_fg(24),3,3,likely_contested,"subType: contested-like, text: pressure-move"
320,PT06M56.00S,3,1610612744,GSW,201939,Curry,S. Curry,2,-1,0,Made,1,47.0,70.0,117,v,Curry  Driving Finger Roll Layup (23 PTS) (Bogut 2 AST),Made Shot,Driving Finger Roll Layup Shot,1,295,21500836,1744,14.0,def_reb(24),2,1,borderline,distance: at-rim/very close
354,PT04M46.00S,3,1610612744,GSW,201939,Curry,S. Curry,-140,205,25,Missed,1,0.0,0.0,0,v,MISS Curry 25' 3PT Jump Shot,Missed Shot,Jump Shot,1,321,21500836,1874,16.0,def_reb(24),3,-1,likely_open,subType: open-like
361,PT04M02.00S,3,1610612744,GSW,201939,Curry,S. Curry,-97,41,11,Made,1,60.0,72.0,132,v,Curry 11' Jump Shot (25 PTS) (Green 4 AST),Made Shot,Jump Shot,1,328,21500836,1918,17.0,def_reb(24),2,0,likely_open,"subType: open-like, distance: mid-range"
380,PT01M46.00S,3,1610612744,GSW,201939,Curry,S. Curry,-6,7,1,Made,1,70.0,76.0,146,v,Curry 1' Cutting Layup Shot (27 PTS) (Green 6 AST),Made Shot,Cutting Layup Shot,1,344,21500836,2054,2.0,made_fg(24),2,2,likely_contested,"distance: at-rim/very close, clock: late (<=5s)"
382,PT01M20.00S,3,1610612744,GSW,201939,Curry,S. Curry,207,41,21,Missed,1,0.0,0.0,0,v,MISS Curry 21' Step Back Jump Shot,Missed Shot,Step Back Jump shot,1,346,21500836,2080,5.0,made_fg(24),2,4,likely_contested,"subType: contested-like, text: pressure-move, clock: late (<=5s)"
465,PT04M43.00S,4,1610612744,GSW,201939,Curry,S. Curry,-235,31,24,Made,1,84.0,91.0,175,v,Curry 24' 3PT Jump Shot (30 PTS) (Green 8 AST),Made Shot,Jump Shot,1,424,21500836,2597,2.0,keep_clock(15),3,-1,likely_open,"subType: open-like, coords: corner-3, corner: catch/spot, clock: late (<=5s)"
480,PT03M34.00S,4,1610612744,GSW,201939,Curry,S. Curry,141,213,26,Missed,1,0.0,0.0,0,v,MISS Curry 26' 3PT Jump Shot,Missed Shot,Jump Shot,1,437,21500836,2666,10.0,def_reb(24),3,-1,likely_open,subType: open-like
483,PT03M19.00S,4,1610612744,GSW,201939,Curry,S. Curry,1,1,0,Made,1,84.0,93.0,177,v,Curry  Running Finger Roll Layup (32 PTS) (Bogut 4 AST),Made Shot,Running Finger Roll Layup Shot,1,441,21500836,2681,20.0,turnover(24),2,1,borderline,distance: at-rim/very close
492,PT02M36.00S,4,1610612744,GSW,201939,Curry,S. Curry,14,2,1,Made,1,84.0,95.0,179,v,Curry 1' Driving Layup (34 PTS),Made Shot,Driving Layup Shot,1,449,21500836,2724,3.0,def_foul_14(14),2,4,likely_contested,"subType: contested-like, distance: at-rim/very close, clock: late (<=5s)"
515,PT01M04.00S,4,1610612744,GSW,201939,Curry,S. Curry,28,267,27,Missed,1,0.0,0.0,0,v,MISS Curry 27' 3PT Pullup Jump Shot,Missed Shot,Pullup Jump shot,1,470,21500836,2816,6.0,final_ft(24),3,2,likely_contested,"subType: contested-like, text: pressure-move, distance: deep above-break 3 (>=27ft)"
11,PT10M41.00S,1,1610612744,GSW,201939,Curry,S. Curry,-205,174,27,Made,1,2.0,3.0,5,v,Curry 27' 3PT Jump Shot (3 PTS) (Green 1 AST),Made Shot,Jump Shot,1,13,21500848,79,20.0,def_reb(24),3,-2,likely_open,"subType: open-like, distance: deep above-break 3 (>=27ft)"
20,PT09M39.00S,1,1610612744,GSW,201939,Curry,S. Curry,-145,203,25,Missed,1,0.0,0.0,0,v,MISS Curry 25' 3PT Jump Shot,Missed Shot,Jump Shot,1,22,21500848,141,16.0,made_fg(24),3,-1,likely_open,subType: open-like
30,PT08M38.00S,1,1610612744,GSW,201939,Curry,S. Curry,-14,2,1,Made,1,6.0,5.0,11,v,Curry 1' Reverse Layup (5 PTS) (Bogut 1 AST),Made Shot,Reverse Layup Shot,1,33,21500848,202,15.0,def_reb(24),2,3,likely_contested,"subType: contested-like, distance: at-rim/very close"
47,PT07M38.00S,1,1610612744,GSW,201939,Curry,S. Curry,-19,11,2,Made,1,9.0,7.0,16,v,Curry 2' Driving Finger Roll Layup (7 PTS),Made Shot,Driving Finger Roll Layup Shot,1,46,21500848,262,10.0,made_fg(24),2,1,borderline,distance: at-rim/very close
52,PT06M31.00S,1,1610612744,GSW,201939,Curry,S. Curry,20,16,3,Missed,1,0.0,0.0,0,v,MISS Curry 3' Pullup Jump Shot,Missed Shot,Pullup Jump shot,1,51,21500848,329,12.0,def_reb(24),2,4,likely_contested,"subType: contested-like, text: pressure-move, distance: at-rim/very close"
55,PT06M18.00S,1,1610612744,GSW,201939,Curry,S. Curry,-27,2,3,Missed,1,0.0,0.0,0,v,MISS Curry 3' Layup,Missed Shot,Layup Shot,1,55,21500848,342,19.0,turnover(24),2,1,borderline,distance: at-rim/very close
71,PT05M13.00S,1,1610612744,GSW,201939,Curry,S. Curry,-235,38,24,Missed,1,0.0,0.0,0,v,MISS Curry 24' 3PT Jump Shot,Missed Shot,Jump Shot,1,69,21500848,407,13.0,made_fg(24),3,-2,likely_open,"subType: open-like, coords: corner-3, corner: catch/spot"
100,PT03M09.00S,1,1610612744,GSW,201939,Curry,S. Curry,48,139,15,Made,1,20.0,16.0,36,v,Curry 15' Pullup Jump Shot (9 PTS),Made Shot,Pullup Jump shot,1,92,21500848,531,7.0,off_foul(24),2,4,likely_contested,"subType: contested-like, text: pressure-move, distance: mid-range"
114,PT01M24.00S,1,1610612744,GSW,201939,Curry,S. Curry,-40,213,22,Missed,1,0.0,0.0,0,v,MISS Curry 22' Pullup Jump Shot,Missed Shot,Pullup Jump shot,1,107,21500848,636,12.0,made_fg(24),2,3,likely_contested,"subType: contested-like, text: pressure-move"
133,PT00M23.00S,1,1610612744,GSW,201939,Curry,S. Curry,50,213,22,Made,1,28.0,18.0,46,v,Curry 22' Jump Shot (11 PTS) (Iguodala 1 AST),Made Shot,Jump Shot,1,122,21500848,697,13.0,keep_clock(24),2,-1,likely_open,subType: open-like
135,PT00M00.70S,1,1610612744,GSW,201939,Curry,S. Curry,-155,370,40,Made,1,30.0,21.0,51,v,Curry 40' 3PT Jump Shot (14 PTS),Made Shot,Jump Shot,1,124,21500848,720,18.0,made_fg(24),3,-2,likely_open,"subType: open-like, distance: deep above-break 3 (>=27ft)"
212,PT04M52.00S,2,1610612744,GSW,201939,Curry,S. Curry,127,218,25,Missed,1,0.0,0.0,0,v,MISS Curry 25' 3PT Jump Shot,Missed Shot,Jump Shot,1,188,21500848,1148,8.0,def_reb(24),3,-1,likely_open,subType: open-like
260,PT01M04.00S,2,1610612744,GSW,201939,Curry,S. Curry,-4,11,1,Made,1,53.0,46.0,99,v,Curry 1' Driving Finger Roll Layup (16 PTS),Made Shot,Driving Finger Roll Layup Shot,0,228,21500848,1376,13.0,keep_clock(18),2,1,borderline,distance: at-rim/very close
285,PT11M08.00S,3,1610612744,GSW,201939,Curry,S. Curry,166,200,26,Made,1,55.0,57.0,112,v,Curry 26' 3PT Jump Shot (21 PTS),Made Shot,Jump Shot,1,247,21500848,1492,13.0,def_reb(24),3,-1,likely_open,subType: open-like
312,PT08M27.00S,3,1610612744,GSW,201939,Curry,S. Curry,2,75,8,Made,1,59.0,61.0,120,v,Curry 8' Turnaround Jump Shot (23 PTS),Made Shot,Turnaround Jump Shot,1,276,21500848,1653,9.0,off_reb(14),2,1,borderline,distance: mid-range
315,PT07M56.00S,3,1610612744,GSW,201939,Curry,S. Curry,84,139,16,Made,1,59.0,63.0,122,v,Curry 16' Floating Jump Shot (25 PTS) (Bogut 2 AST),Made Shot,Floating Jump shot,1,279,21500848,1684,13.0,def_reb(24),2,3,likely_contested,"subType: contested-like, distance: mid-range"
330,PT06M47.00S,3,1610612744,GSW,201939,Curry,S. Curry,22,8,2,Missed,1,0.0,0.0,0,v,MISS Curry 2' Driving Layup,Missed Shot,Driving Layup Shot,1,288,21500848,1753,17.0,def_reb(24),2,3,likely_contested,"subType: contested-like, distance: at-rim/very close"
359,PT04M46.00S,3,1610612744,GSW,201939,Curry,S. Curry,-209,61,22,Missed,1,0.0,0.0,0,v,MISS Curry 22' Jump Shot,Missed Shot,Jump Shot,1,316,21500848,1874,18.0,def_reb(24),2,-1,likely_open,subType: open-like
364,PT04M15.00S,3,1610612744,GSW,201939,Curry,S. Curry,-58,124,14,Made,1,69.0,68.0,137,v,Curry 14' Fadeaway Jumper (27 PTS),Made Shot,Fadeaway Jump Shot,1,321,21500848,1905,6.0,def_foul_14(14),2,4,likely_contested,"subType: contested-like, text: pressure-move, distance: mid-range"
366,PT03M50.00S,3,1610612744,GSW,201939,Curry,S. Curry,74,144,16,Missed,1,0.0,0.0,0,v,MISS Curry 16' Jump Shot,Missed Shot,Jump Shot,1,323,21500848,1930,15.0,made_fg(24),2,0,likely_open,"subType: open-like, distance: mid-range"
374,PT02M58.00S,3,1610612744,GSW,201939,Curry,S. Curry,-207,139,25,Missed,1,0.0,0.0,0,v,MISS Curry 25' 3PT Jump Shot,Missed Shot,Jump Shot,1,332,21500848,1982,12.0,made_fg(24),3,-1,likely_open,subType: open-like
395,PT01M52.00S,3,1610612744,GSW,201939,Curry,S. Curry,-24,16,3,Missed,1,0.0,0.0,0,v,MISS Curry 3' Layup,Missed Shot,Layup Shot,1,349,21500848,2048,17.0,final_ft(24),2,1,borderline,distance: at-rim/very close
407,PT01M12.00S,3,1610612744,GSW,201939,Curry,S. Curry,186,159,24,Made,1,78.0,80.0,158,v,Curry 24' 3PT Jump Shot (32 PTS),Made Shot,Jump Shot,1,360,21500848,2088,12.0,def_reb(24),3,-1,likely_open,subType: open-like
421,PT00M34.10S,3,1610612744,GSW,201939,Curry,S. Curry,-150,198,25,Missed,1,0.0,0.0,0,v,MISS Curry 25' 3PT Jump Shot,Missed Shot,Jump Shot,1,371,21500848,2126,11.0,final_ft(24),3,-1,likely_open,subType: open-like
424,PT00M08.20S,3,1610612744,GSW,201939,Curry,S. Curry,15,18,2,Missed,1,0.0,0.0,0,v,MISS Curry 2' Driving Layup,Missed Shot,Driving Layup Shot,1,374,21500848,2152,9.0,made_fg(24),2,3,likely_contested,"subType: contested-like, distance: at-rim/very close"
490,PT04M59.00S,4,1610612744,GSW,201939,Curry,S. Curry,166,185,25,Missed,1,0.0,0.0,0,v,MISS Curry 25' 3PT Jump Shot,Missed Shot,Jump Shot,1,429,21500848,2581,14.0,turnover(24),3,-1,likely_open,subType: open-like
530,PT01M29.00S,4,1610612744,GSW,201939,Curry,S. Curry,14,136,14,Missed,1,0.0,0.0,0,v,MISS Curry 14' Floating Jump Shot,Missed Shot,Floating Jump shot,1,462,21500848,2791,11.0,made_fg(24),2,3,likely_contested,"subType: contested-like, distance: mid-range"
538,PT01M06.00S,4,1610612744,GSW,201939,Curry,S. Curry,9,267,27,Made,1,106.0,107.0,213,v,Curry 27' 3PT Pullup Jump Shot (35 PTS),Made Shot,Pullup Jump shot,1,470,21500848,2814,18.0,def_reb(24),3,2,likely_contested,"subType: contested-like, text: pressure-move, distance: deep above-break 3 (>=27ft)"
547,PT00M39.30S,4,1610612744,GSW,201939,Curry,S. Curry,12,262,26,Made,1,108.0,110.0,218,v,Curry 26' 3PT Jump Shot (38 PTS),Made Shot,Jump Shot,1,478,21500848,2841,11.0,off_reb(14),3,-1,likely_open,subType: open-like
12,PT11M22.00S,1,1610612744,GSW,201939,Curry,S. Curry,4,-6,1,Made,1,0.0,3.0,3,v,Curry 1' Cutting Layup Shot (2 PTS) (Bogut 1 AST),Made Shot,Cutting Layup Shot,1,11,21500855,38,18.0,def_reb(24),2,1,borderline,distance: at-rim/very close
18,PT10M49.00S,1,1610612744,GSW,201939,Curry,S. Curry,-12,-11,2,Made,1,3.0,5.0,8,v,Curry 2' Cutting Layup Shot (4 PTS) (Bogut 2 AST),Made Shot,Cutting Layup Shot,1,17,21500855,71,15.0,def_reb(24),2,1,borderline,distance: at-rim/very close
44,PT08M10.00S,1,1610612744,GSW,201939,Curry,S. Curry,128,237,27,Missed,1,0.0,0.0,0,v,MISS Curry 27' 3PT Jump Shot,Missed Shot,Jump Shot,1,45,21500855,230,6.0,keep_clock(15),3,-2,likely_open,"subType: open-like, distance: deep above-break 3 (>=27ft)"
71,PT05M45.00S,1,1610612744,GSW,201939,Curry,S. Curry,-204,154,26,Made,1,17.0,17.0,34,v,Curry 26' 3PT Jump Shot (7 PTS),Made Shot,Jump Shot,1,70,21500855,375,14.0,made_fg(24),3,-1,likely_open,subType: open-like
78,PT04M27.00S,1,1610612744,GSW,201939,Curry,S. Curry,-20,254,25,Made,1,23.0,20.0,43,v,Curry 25' 3PT Jump Shot (10 PTS) (Green 1 AST),Made Shot,Jump Shot,1,77,21500855,453,7.0,made_fg(24),3,-1,likely_open,subType: open-like
104,PT02M15.00S,1,1610612744,GSW,201939,Curry,S. Curry,94,237,25,Missed,1,0.0,0.0,0,v,MISS Curry 25' 3PT Jump Shot,Missed Shot,Jump Shot,1,103,21500855,585,14.0,def_reb(24),3,-1,likely_open,subType: open-like
116,PT01M24.00S,1,1610612744,GSW,201939,Curry,S. Curry,-176,26,18,Made,1,30.0,28.0,58,v,Curry 18' Jump Shot (12 PTS) (Iguodala 2 AST),Made Shot,Jump Shot,1,113,21500855,636,3.0,final_ft(24),2,0,likely_open,"subType: open-like, clock: late (<=5s)"
129,PT00M00.90S,1,1610612744,GSW,201939,Curry,S. Curry,22,7,2,Made,1,30.0,32.0,62,v,Curry 2' Cutting Layup Shot (14 PTS) (Varejao 2 AST),Made Shot,Cutting Layup Shot,1,127,21500855,720,12.0,def_reb(24),2,1,borderline,distance: at-rim/very close
232,PT04M21.00S,2,1610612744,GSW,201939,Curry,S. Curry,53,237,24,Made,1,47.0,50.0,97,v,Curry 24' 3PT Jump Shot (18 PTS) (Bogut 3 AST),Made Shot,Jump Shot,1,211,21500855,1179,14.0,final_ft(24),3,-1,likely_open,subType: open-like
268,PT01M54.00S,2,1610612744,GSW,201939,Curry,S. Curry,141,164,22,Made,1,59.0,55.0,114,v,Curry 22' Jump Shot (20 PTS),Made Shot,Jump Shot,1,240,21500855,1326,14.0,made_fg(24),2,-1,likely_open,subType: open-like
273,PT01M20.00S,2,1610612744,GSW,201939,Curry,S. Curry,24,11,3,Made,1,61.0,57.0,118,v,Curry 3' Running Layup (22 PTS),Made Shot,Running Layup Shot,1,244,21500855,1360,15.0,made_fg(24),2,3,likely_contested,"subType: contested-like, distance: at-rim/very close"
275,PT00M57.90S,2,1610612744,GSW,201939,Curry,S. Curry,78,257,27,Missed,1,0.0,0.0,0,v,MISS Curry 27' 3PT Jump Shot,Missed Shot,Jump Shot,1,246,21500855,1383,13.0,turnover(24),3,-2,likely_open,"subType: open-like, distance: deep above-break 3 (>=27ft)"
298,PT11M30.00S,3,1610612744,GSW,201939,Curry,S. Curry,-25,-6,3,Missed,1,0.0,0.0,0,v,MISS Curry 3' Layup,Missed Shot,Layup Shot,1,268,21500855,1470,8.0,made_fg(24),2,1,borderline,distance: at-rim/very close
306,PT10M35.00S,3,1610612744,GSW,201939,Curry,S. Curry,38,198,20,Made,1,65.0,63.0,128,v,Curry 20' Step Back Jump Shot (24 PTS),Made Shot,Step Back Jump shot,1,276,21500855,1525,12.0,def_reb(24),2,3,likely_contested,"subType: contested-like, text: pressure-move"
314,PT09M40.00S,3,1610612744,GSW,201939,Curry,S. Curry,150,208,26,Made,1,67.0,68.0,135,v,Curry 26' 3PT Jump Shot (27 PTS) (Green 3 AST),Made Shot,Jump Shot,1,283,21500855,1580,18.0,turnover(24),3,-1,likely_open,subType: open-like
334,PT07M39.00S,3,1610612744,GSW,201939,Curry,S. Curry,-88,172,19,Missed,1,0.0,0.0,0,v,MISS Curry 19' Jump Shot,Missed Shot,Jump Shot,1,298,21500855,1701,10.0,final_ft(24),2,-1,likely_open,subType: open-like
335,PT06M51.00S,3,1610612744,GSW,201939,Curry,S. Curry,209,121,24,Made,1,77.0,78.0,155,v,Curry 24' 3PT Jump Shot (30 PTS) (Bogut 4 AST),Made Shot,Jump Shot,1,303,21500855,1749,14.0,turnover(24),3,-1,likely_open,subType: open-like
346,PT06M09.00S,3,1610612744,GSW,201939,Curry,S. Curry,-20,11,2,Made,1,78.0,80.0,158,v,Curry 2' Cutting Layup Shot (32 PTS) (Green 5 AST),Made Shot,Cutting Layup Shot,1,309,21500855,1791,5.0,final_ft(24),2,2,likely_contested,"distance: at-rim/very close, clock: late (<=5s)"
375,PT04M10.00S,3,1610612744,GSW,201939,Curry,S. Curry,-89,239,26,Made,1,80.0,83.0,163,v,Curry 26' 3PT Jump Shot (35 PTS),Made Shot,Jump Shot,1,335,21500855,1910,17.0,def_reb(24),3,-1,likely_open,subType: open-like
388,PT02M52.00S,3,1610612744,GSW,201939,Curry,S. Curry,174,177,25,Missed,1,0.0,0.0,0,v,MISS Curry 25' 3PT Jump Shot,Missed Shot,Jump Shot,1,346,21500855,1988,12.0,made_fg(24),3,-1,likely_open,subType: open-like
392,PT02M17.00S,3,1610612744,GSW,201939,Curry,S. Curry,-155,195,25,Made,1,84.0,88.0,172,v,Curry 25' 3PT Jump Shot (38 PTS) (Green 6 AST),Made Shot,Jump Shot,1,349,21500855,2023,,stale_reset(24),3,-1,likely_open,subType: open-like
399,PT01M58.00S,3,1610612744,GSW,201939,Curry,S. Curry,155,210,26,Made,1,84.0,91.0,175,v,Curry 26' 3PT Jump Shot (41 PTS) (Varejao 3 AST),Made Shot,Jump Shot,1,355,21500855,2042,19.0,turnover(24),3,-1,likely_open,subType: open-like
414,PT00M19.10S,3,1610612744,GSW,201939,Curry,S. Curry,12,11,2,Made,1,89.0,96.0,185,v,Curry 2' Driving Layup (43 PTS),Made Shot,Driving Layup Shot,1,370,21500855,2141,12.0,def_reb(24),2,3,likely_contested,"subType: contested-like, distance: at-rim/very close"
421,PT00M00.00S,3,1610612744,GSW,201939,Curry,S. Curry,-186,400,44,Made,1,91.0,99.0,190,v,Curry 44' 3PT Jump Bank Shot (46 PTS),Made Shot,Jump Bank Shot,1,375,21500855,2160,21.0,final_ft(24),3,1,borderline,"subType: contested-like, distance: deep above-break 3 (>=27ft)"
524,PT03M24.00S,4,1610612744,GSW,201939,Curry,S. Curry,73,264,27,Made,1,107.0,123.0,230,v,Curry 27' 3PT Jump Shot (49 PTS),Made Shot,Jump Shot,1,464,21500855,2676,13.0,final_ft(24),3,-2,likely_open,"subType: open-like, distance: deep above-break 3 (>=27ft)"
526,PT02M55.00S,4,1610612744,GSW,201939,Curry,S. Curry,-155,208,26,Missed,1,0.0,0.0,0,v,MISS Curry 26' 3PT Jump Shot,Missed Shot,Jump Shot,1,466,21500855,2705,12.0,made_fg(24),3,-1,likely_open,subType: open-like
531,PT02M26.00S,4,1610612744,GSW,201939,Curry,S. Curry,15,-1,2,Made,1,110.0,125.0,235,v,Curry 2' Layup (51 PTS) (Green 8 AST),Made Shot,Layup Shot,1,470,21500855,2734,12.0,def_reb(24),2,1,borderline,distance: at-rim/very close
13,PT09M52.00S,1,1610612744,GSW,201939,Curry,S. Curry,-91,221,24,Made,1,8.0,5.0,13,v,Curry 24' 3PT Pullup Jump Shot (3 PTS),Made Shot,Pullup Jump shot,1,15,21500874,128,6.0,def_reb(24),3,3,likely_contested,"subType: contested-like, text: pressure-move"
87,PT03M03.00S,1,1610612744,GSW,201939,Curry,S. Curry,-114,257,28,Missed,1,0.0,0.0,0,v,MISS Curry 28' 3PT Jump Shot,Missed Shot,Jump Shot,1,82,21500874,537,7.0,def_reb(24),3,-2,likely_open,"subType: open-like, distance: deep above-break 3 (>=27ft)"
172,PT05M45.00S,2,1610612744,GSW,201939,Curry,S. Curry,33,242,24,Made,1,40.0,33.0,73,v,Curry 24' 3PT Jump Shot (7 PTS) (Green 6 AST),Made Shot,Jump Shot,1,163,21500874,1095,13.0,made_fg(24),3,-1,likely_open,subType: open-like
178,PT04M44.00S,2,1610612744,GSW,201939,Curry,S. Curry,230,3,0,Made,1,42.0,38.0,80,v,Curry  3PT Jump Shot (10 PTS) (Speights 1 AST),Made Shot,Jump Shot,1,170,21500874,1156,12.0,made_fg(24),3,-1,likely_open,"subType: open-like, distance: at-rim/very close, coords: corner-3, corner: catch/spot"
181,PT04M25.00S,2,1610612744,GSW,201939,Curry,S. Curry,-173,214,28,Made,1,42.0,41.0,83,v,Curry 28' 3PT Jump Shot (13 PTS),Made Shot,Jump Shot,1,173,21500874,1175,14.0,def_reb(24),3,-2,likely_open,"subType: open-like, distance: deep above-break 3 (>=27ft)"
186,PT03M42.00S,2,1610612744,GSW,201939,Curry,S. Curry,78,218,23,Missed,1,0.0,0.0,0,v,MISS Curry 23' Step Back Jump Shot,Missed Shot,Step Back Jump shot,1,177,21500874,1218,0.0,made_fg(24),2,4,likely_contested,"subType: contested-like, text: pressure-move, clock: late (<=5s)"
210,PT01M25.00S,2,1610612744,GSW,201939,Curry,S. Curry,173,149,23,Missed,1,0.0,0.0,0,v,MISS Curry 23' Jump Shot,Missed Shot,Jump Shot,1,197,21500874,1355,8.0,made_fg(24),2,-1,likely_open,subType: open-like
218,PT00M49.80S,2,1610612744,GSW,201939,Curry,S. Curry,-17,2,2,Made,1,55.0,46.0,101,v,Curry 2' Driving Layup (15 PTS),Made Shot,Driving Layup Shot,1,206,21500874,1391,17.0,made_fg(24),2,3,likely_contested,"subType: contested-like, distance: at-rim/very close"
220,PT00M29.90S,2,1610612744,GSW,201939,Curry,S. Curry,-119,105,16,Missed,1,0.0,0.0,0,v,MISS Curry 16' Pullup Jump Shot,Missed Shot,Pullup Jump shot,1,208,21500874,1411,17.0,made_fg(24),2,4,likely_contested,"subType: contested-like, text: pressure-move, distance: mid-range"
323,PT04M04.00S,3,1610612744,GSW,201939,Curry,S. Curry,143,234,27,Made,1,71.0,68.0,139,v,Curry 27' 3PT Jump Shot (18 PTS),Made Shot,Jump Shot,1,301,21500874,1916,11.0,turnover(24),3,-2,likely_open,"subType: open-like, distance: deep above-break 3 (>=27ft)"
340,PT02M41.00S,3,1610612744,GSW,201939,Curry,S. Curry,184,164,25,Made,1,75.0,73.0,148,v,Curry 25' 3PT Jump Shot (21 PTS),Made Shot,Jump Shot,1,314,21500874,1999,13.0,made_fg(24),3,-1,likely_open,subType: open-like
359,PT01M49.00S,3,1610612744,GSW,201939,Curry,S. Curry,-48,262,27,Missed,1,0.0,0.0,0,v,MISS Curry 27' 3PT Jump Shot,Missed Shot,Jump Shot,1,331,21500874,2051,14.0,final_ft(24),3,-2,likely_open,"subType: open-like, distance: deep above-break 3 (>=27ft)"
365,PT01M22.00S,3,1610612744,GSW,201939,Curry,S. Curry,-66,229,24,Made,1,77.0,78.0,155,v,Curry 24' 3PT Step Back Jump Shot (26 PTS),Made Shot,Step Back Jump shot,1,338,21500874,2078,3.0,off_reb(14),3,4,likely_contested,"subType: contested-like, text: pressure-move, clock: late (<=5s)"
367,PT01M00.00S,3,1610612744,GSW,201939,Curry,S. Curry,-79,234,25,Missed,1,0.0,0.0,0,v,MISS Curry 25' 3PT Pullup Jump Shot,Missed Shot,Pullup Jump shot,1,341,21500874,2100,16.0,turnover(24),3,3,likely_contested,"subType: contested-like, text: pressure-move"
373,PT00M02.90S,3,1610612744,GSW,201939,Curry,S. Curry,183,56,19,Missed,1,0.0,0.0,0,v,MISS Curry 19' Jump Shot,Missed Shot,Jump Shot,1,347,21500874,2158,14.0,made_fg(24),2,-1,likely_open,subType: open-like
389,PT11M03.00S,4,1610612744,GSW,201939,Curry,S. Curry,-29,7,3,Missed,1,0.0,0.0,0,v,MISS Curry 3' Layup,Missed Shot,Layup Shot,1,362,21500874,2217,4.0,final_ft(24),2,2,likely_contested,"distance: at-rim/very close, clock: late (<=5s)"
481,PT03M37.00S,4,1610612744,GSW,201939,Curry,S. Curry,10,3,1,Made,1,96.0,89.0,185,v,Curry 1' Running Layup (28 PTS),Made Shot,Running Layup Shot,1,446,21500874,2663,16.0,def_reb(24),2,3,likely_contested,"subType: contested-like, distance: at-rim/very close"
487,PT02M53.00S,4,1610612744,GSW,201939,Curry,S. Curry,78,249,26,Made,1,96.0,92.0,188,v,Curry 26' 3PT Pullup Jump Shot (31 PTS),Made Shot,Pullup Jump shot,1,452,21500874,2707,17.0,turnover(24),3,3,likely_contested,"subType: contested-like, text: pressure-move"
505,PT01M37.00S,4,1610612744,GSW,201939,Curry,S. Curry,60,257,26,Made,1,98.0,96.0,194,v,Curry 26' 3PT Pullup Jump Shot (34 PTS),Made Shot,Pullup Jump shot,1,466,21500874,2783,16.0,final_ft(24),3,3,likely_contested,"subType: contested-like, text: pressure-move"
554,PT03M53.00S,5,1610612744,GSW,201939,Curry,S. Curry,-9,254,25,Made,1,108.0,107.0,215,v,Curry 25' 3PT Jump Shot (38 PTS) (Thompson 1 AST),Made Shot,Jump Shot,1,506,21500874,2947,17.0,turnover(24),3,-1,likely_open,subType: open-like
568,PT02M29.00S,5,1610612744,GSW,201939,Curry,S. Curry,117,223,25,Made,1,110.0,110.0,220,v,Curry 25' 3PT Jump Shot (41 PTS),Made Shot,Jump Shot,1,519,21500874,3031,13.0,made_fg(24),3,-1,likely_open,subType: open-like
572,PT01M58.00S,5,1610612744,GSW,201939,Curry,S. Curry,158,185,24,Missed,1,0.0,0.0,0,v,MISS Curry 24' 3PT Jump Shot,Missed Shot,Jump Shot,1,524,21500874,3062,15.0,made_fg(24),3,-1,likely_open,subType: open-like
579,PT01M34.00S,5,1610612744,GSW,201939,Curry,S. Curry,132,120,18,Missed,1,0.0,0.0,0,v,MISS Curry 18' Step Back Jump Shot,Missed Shot,Step Back Jump shot,1,528,21500874,3086,17.0,made_fg(24),2,3,likely_contested,"subType: contested-like, text: pressure-move"
605,PT00M00.60S,5,1610612744,GSW,201939,Curry,S. Curry,-180,326,37,Made,1,118.0,121.0,239,v,Curry 37' 3PT Pullup Jump Shot (46 PTS),Made Shot,Pullup Jump shot,1,547,21500874,3180,8.0,off_reb(14),3,2,likely_contested,"subType: contested-like, text: pressure-move, distance: deep above-break 3 (>=27ft)"
9,PT11M16.00S,1,1610612744,GSW,201939,Curry,S. Curry,186,175,26,Missed,1,0.0,0.0,0,h,MISS Curry 26' 3PT Step Back Jump Shot,Missed Shot,Step Back Jump shot,1,9,21500911,44,11.0,made_fg(24),3,3,likely_contested,"subType: contested-like, text: pressure-move"
16,PT10M30.00S,1,1610612744,GSW,201939,Curry,S. Curry,-52,262,27,Missed,1,0.0,0.0,0,h,MISS Curry 27' 3PT Jump Shot,Missed Shot,Jump Shot,1,17,21500911,90,19.0,def_reb(24),3,-2,likely_open,"subType: open-like, distance: deep above-break 3 (>=27ft)"
35,PT08M43.00S,1,1610612744,GSW,201939,Curry,S. Curry,-9,26,3,Made,1,5.0,5.0,10,h,Curry 3' Driving Finger Roll Layup (2 PTS),Made Shot,Driving Finger Roll Layup Shot,1,33,21500911,197,1.0,def_reb(24),2,2,likely_contested,"distance: at-rim/very close, clock: late (<=5s)"
54,PT05M24.00S,1,1610612744,GSW,201939,Curry,S. Curry,19,8,2,Made,1,14.0,14.0,28,h,Curry 2' Running Finger Roll Layup (4 PTS),Made Shot,Running Finger Roll Layup Shot,1,56,21500911,396,14.0,def_reb(24),2,1,borderline,distance: at-rim/very close
59,PT08M14.00S,1,1610612744,GSW,201939,Curry,S. Curry,-20,19,3,Missed,1,0.0,0.0,0,h,MISS Curry 3' Layup,Missed Shot,Layup Shot,1,36,21500911,226,13.0,turnover(24),2,1,borderline,distance: at-rim/very close
72,PT04M02.00S,1,1610612744,GSW,201939,Curry,S. Curry,-209,151,26,Made,1,19.0,16.0,35,h,Curry 26' 3PT Jump Shot (7 PTS) (Barbosa 1 AST),Made Shot,Jump Shot,1,72,21500911,478,11.0,def_reb(24),3,-1,likely_open,subType: open-like
74,PT03M33.00S,1,1610612744,GSW,201939,Curry,S. Curry,-207,164,26,Made,1,22.0,19.0,41,h,Curry 26' 3PT Step Back Jump Shot (10 PTS),Made Shot,Step Back Jump shot,1,74,21500911,507,15.0,made_fg(24),3,3,likely_contested,"subType: contested-like, text: pressure-move"
82,PT02M42.00S,1,1610612744,GSW,201939,Curry,S. Curry,-99,267,28,Missed,1,0.0,0.0,0,h,MISS Curry 28' 3PT Jump Shot,Missed Shot,Jump Shot,1,83,21500911,558,15.0,made_fg(24),3,-2,likely_open,"subType: open-like, distance: deep above-break 3 (>=27ft)"
211,PT04M01.00S,2,1610612744,GSW,201939,Curry,S. Curry,15,11,2,Made,1,52.0,48.0,100,h,Curry 2' Driving Reverse Layup (12 PTS) (Bogut 1 AST),Made Shot,Driving Reverse Layup Shot,1,201,21500911,1199,14.0,made_fg(24),2,3,likely_contested,"subType: contested-like, distance: at-rim/very close"
225,PT03M02.00S,2,1610612744,GSW,201939,Curry,S. Curry,-222,120,25,Missed,1,0.0,0.0,0,h,MISS Curry 25' 3PT Jump Shot,Missed Shot,Jump Shot,1,213,21500911,1258,17.0,made_fg(24),3,-1,likely_open,subType: open-like
244,PT01M20.00S,2,1610612744,GSW,201939,Curry,S. Curry,20,11,2,Made,1,58.0,58.0,116,h,Curry 2' Driving Finger Roll Layup (14 PTS),Made Shot,Driving Finger Roll Layup Shot,1,227,21500911,1360,11.0,made_fg(24),2,1,borderline,distance: at-rim/very close
246,PT00M40.60S,2,1610612744,GSW,201939,Curry,S. Curry,-178,272,33,Made,1,61.0,60.0,121,h,Curry 33' 3PT Jump Shot (17 PTS) (Thompson 2 AST),Made Shot,Jump Shot,1,229,21500911,1400,0.0,made_fg(24),3,-1,likely_open,"subType: open-like, distance: deep above-break 3 (>=27ft), clock: late (<=5s)"
255,PT00M17.10S,2,1610612744,GSW,201939,Curry,S. Curry,92,41,10,Made,1,63.0,61.0,124,h,Curry 10' Driving Bank Shot (19 PTS) (Barnes 5 AST),Made Shot,Driving Bank shot,1,236,21500911,1423,10.0,def_reb(24),2,1,borderline,distance: mid-range
275,PT09M38.00S,3,1610612744,GSW,201939,Curry,S. Curry,-2,16,2,Missed,1,0.0,0.0,0,h,MISS Curry 2' Driving Reverse Layup,Missed Shot,Driving Reverse Layup Shot,1,255,21500911,1582,8.0,keep_clock(16),2,3,likely_contested,"subType: contested-like, distance: at-rim/very close"
281,PT09M18.00S,3,1610612744,GSW,201939,Curry,S. Curry,148,242,28,Missed,1,0.0,0.0,0,h,MISS Curry 28' 3PT Jump Shot,Missed Shot,Jump Shot,1,259,21500911,1602,11.0,made_fg(24),3,-2,likely_open,"subType: open-like, distance: deep above-break 3 (>=27ft)"
292,PT07M54.00S,3,1610612744,GSW,201939,Curry,S. Curry,210,134,25,Missed,1,0.0,0.0,0,h,MISS Curry 25' 3PT Jump Shot,Missed Shot,Jump Shot,1,269,21500911,1686,,stale_reset(15),3,-1,likely_open,subType: open-like
319,PT04M30.00S,3,1610612744,GSW,201939,Curry,S. Curry,169,208,27,Missed,1,0.0,0.0,0,h,MISS Curry 27' 3PT Jump Shot,Missed Shot,Jump Shot,1,296,21500911,1890,1.0,made_fg(24),3,-1,likely_open,"subType: open-like, distance: deep above-break 3 (>=27ft), clock: late (<=5s)"
345,PT02M04.00S,3,1610612744,GSW,201939,Curry,S. Curry,-160,252,30,Missed,1,0.0,0.0,0,h,MISS Curry 30' 3PT Jump Shot,Missed Shot,Jump Shot,1,320,21500911,2036,17.0,def_reb(24),3,-2,likely_open,"subType: open-like, distance: deep above-break 3 (>=27ft)"
361,PT00M50.30S,3,1610612744,GSW,201939,Curry,S. Curry,-16,8,2,Made,1,82.0,83.0,165,h,Curry 2' Driving Finger Roll Layup (22 PTS),Made Shot,Driving Finger Roll Layup Shot,1,335,21500911,2110,18.0,made_fg(24),2,1,borderline,distance: at-rim/very close
364,PT00M07.90S,3,1610612744,GSW,201939,Curry,S. Curry,128,287,31,Missed,1,0.0,0.0,0,h,MISS Curry 31' 3PT Jump Shot,Missed Shot,Jump Shot,1,338,21500911,2153,1.0,def_reb(24),3,-1,likely_open,"subType: open-like, distance: deep above-break 3 (>=27ft), clock: late (<=5s)"
366,PT00M03.20S,3,1610612744,GSW,201939,Curry,S. Curry,98,34,10,Missed,1,0.0,0.0,0,h,MISS Curry 10' Jump Bank Shot,Missed Shot,Jump Bank Shot,1,340,21500911,2157,11.0,off_reb(14),2,3,likely_contested,"subType: contested-like, distance: mid-range"
441,PT05M07.00S,4,1610612744,GSW,201939,Curry,S. Curry,232,61,24,Missed,1,0.0,0.0,0,h,MISS Curry 24' 3PT Jump Shot,Missed Shot,Jump Shot,1,410,21500911,2573,10.0,def_reb(24),3,-1,likely_open,subType: open-like
459,PT04M16.00S,4,1610612744,GSW,201939,Curry,S. Curry,17,16,2,Made,1,105.0,97.0,202,h,Curry 2' Driving Finger Roll Layup (24 PTS),Made Shot,Driving Finger Roll Layup Shot,1,424,21500911,2624,6.0,off_reb(14),2,1,borderline,distance: at-rim/very close
490,PT02M16.00S,4,1610612744,GSW,201939,Curry,S. Curry,45,257,26,Made,1,114.0,100.0,214,h,Curry 26' 3PT Step Back Jump Shot (28 PTS),Made Shot,Step Back Jump shot,1,447,21500911,2744,5.0,def_reb(24),3,4,likely_contested,"subType: contested-like, text: pressure-move, clock: late (<=5s)"
499,PT00M44.90S,4,1610612744,GSW,201939,Curry,S. Curry,187,193,27,Made,1,119.0,104.0,223,h,Curry 27' 3PT Step Back Jump Shot (31 PTS),Made Shot,Step Back Jump shot,1,455,21500911,2836,5.0,def_reb(24),3,3,likely_contested,"subType: contested-like, text: pressure-move, distance: deep above-break 3 (>=27ft), clock: late (<=5s)"
11,PT10M34.00S,1,1610612744,GSW,201939,Curry,S. Curry,-158,208,26,Made,1,0.0,3.0,3,v,Curry 26' 3PT Jump Shot (3 PTS) (Bogut 1 AST),Made Shot,Jump Shot,1,12,21500931,86,13.0,turnover(24),3,-1,likely_open,subType: open-like
15,PT10M00.00S,1,1610612744,GSW,201939,Curry,S. Curry,-147,213,26,Missed,1,0.0,0.0,0,v,MISS Curry 26' 3PT Jump Shot,Missed Shot,Jump Shot,1,16,21500931,120,17.0,made_fg(24),3,-1,likely_open,subType: open-like
25,PT08M47.00S,1,1610612744,GSW,201939,Curry,S. Curry,1,7,1,Made,1,4.0,7.0,11,v,Curry 1' Running Finger Roll Layup (5 PTS) (Bogut 3 AST),Made Shot,Running Finger Roll Layup Shot,1,26,21500931,193,22.0,def_reb(24),2,1,borderline,distance: at-rim/very close
44,PT07M05.00S,1,1610612744,GSW,201939,Curry,S. Curry,258,-15,26,Missed,1,0.0,0.0,0,v,MISS Curry 26' 3PT Jump Shot,Missed Shot,Jump Shot,1,43,21500931,295,15.0,def_reb(24),3,-2,likely_open,"subType: open-like, coords: corner-3, corner: catch/spot"
67,PT05M03.00S,1,1610612744,GSW,201939,Curry,S. Curry,-20,2,2,Made,1,10.0,12.0,22,v,Curry 2' Cutting Layup Shot (8 PTS) (Bogut 5 AST),Made Shot,Cutting Layup Shot,1,66,21500931,417,12.0,made_fg(24),2,1,borderline,distance: at-rim/very close
81,PT04M08.00S,1,1610612744,GSW,201939,Curry,S. Curry,30,11,3,Missed,1,0.0,0.0,0,v,MISS Curry 3' Driving Layup,Missed Shot,Driving Layup Shot,1,79,21500931,472,11.0,keep_clock(17),2,3,likely_contested,"subType: contested-like, distance: at-rim/very close"
86,PT03M38.00S,1,1610612744,GSW,201939,Curry,S. Curry,1,7,1,Made,1,13.0,18.0,31,v,Curry 1' Driving Reverse Layup (10 PTS) (Green 1 AST),Made Shot,Driving Reverse Layup Shot,1,84,21500931,502,17.0,def_reb(24),2,3,likely_contested,"subType: contested-like, distance: at-rim/very close"
92,PT02M58.00S,1,1610612744,GSW,201939,Curry,S. Curry,-11,244,24,Missed,1,0.0,0.0,0,v,MISS Curry 24' 3PT Jump Shot,Missed Shot,Jump Shot,1,90,21500931,542,13.0,made_fg(24),3,-1,likely_open,subType: open-like
121,PT00M45.90S,1,1610612744,GSW,201939,Curry,S. Curry,42,7,4,Missed,1,0.0,0.0,0,v,MISS Curry 4' Jump Shot,Missed Shot,Jump Shot,1,116,21500931,675,15.0,made_fg(24),2,0,likely_open,"subType: open-like, distance: at-rim/very close"
202,PT05M11.00S,2,1610612744,GSW,201939,Curry,S. Curry,159,2,16,Missed,1,0.0,0.0,0,v,MISS Curry 16' Jump Shot,Missed Shot,Jump Shot,1,192,21500931,1129,5.0,def_foul_14(14),2,1,borderline,"subType: open-like, distance: mid-range, clock: late (<=5s)"
288,PT10M39.00S,3,1610612744,GSW,201939,Curry,S. Curry,-142,218,26,Missed,1,0.0,0.0,0,v,MISS Curry 26' 3PT Jump Shot,Missed Shot,Jump Shot,1,272,21500931,1521,18.0,def_reb(24),3,-1,likely_open,subType: open-like
292,PT10M10.00S,3,1610612744,GSW,201939,Curry,S. Curry,-6,16,2,Made,1,63.0,51.0,114,v,Curry 2' Driving Reverse Layup (15 PTS) (Green 5 AST),Made Shot,Driving Reverse Layup Shot,1,277,21500931,1550,18.0,turnover(24),2,3,likely_contested,"subType: contested-like, distance: at-rim/very close"
303,PT08M41.00S,3,1610612744,GSW,201939,Curry,S. Curry,10,11,1,Missed,1,0.0,0.0,0,v,MISS Curry 1' Cutting Layup Shot,Missed Shot,Cutting Layup Shot,1,290,21500931,1639,21.0,def_reb(24),2,1,borderline,distance: at-rim/very close
351,PT03M51.00S,3,1610612744,GSW,201939,Curry,S. Curry,-68,237,25,Missed,1,0.0,0.0,0,v,MISS Curry 25' 3PT Jump Shot,Missed Shot,Jump Shot,1,337,21500931,1929,13.0,made_fg(24),3,-1,likely_open,subType: open-like
368,PT02M46.00S,3,1610612744,GSW,201939,Curry,S. Curry,0,273,27,Missed,1,0.0,0.0,0,v,MISS Curry 27' 3PT Jump Shot,Missed Shot,Jump Shot,1,356,21500931,1994,16.0,off_foul(24),3,-2,likely_open,"subType: open-like, distance: deep above-break 3 (>=27ft)"
372,PT02M18.00S,3,1610612744,GSW,201939,Curry,S. Curry,20,21,3,Missed,1,0.0,0.0,0,v,MISS Curry 3' Driving Layup,Missed Shot,Driving Layup Shot,1,360,21500931,2022,20.0,def_reb(24),2,3,likely_contested,"subType: contested-like, distance: at-rim/very close"
397,PT00M02.30S,3,1610612744,GSW,201939,Curry,S. Curry,156,234,28,Missed,1,0.0,0.0,0,v,MISS Curry 28' 3PT Jump Shot,Missed Shot,Jump Shot,1,380,21500931,2158,11.0,def_violation_14(14),3,-2,likely_open,"subType: open-like, distance: deep above-break 3 (>=27ft)"
431,PT09M00.00S,4,1610612744,GSW,201939,Curry,S. Curry,-155,188,24,Missed,1,0.0,0.0,0,v,MISS Curry 24' 3PT Step Back Jump Shot,Missed Shot,Step Back Jump shot,1,410,21500931,2340,0.0,keep_clock(15),3,4,likely_contested,"subType: contested-like, text: pressure-move, clock: late (<=5s)"
438,PT08M15.00S,4,1610612744,GSW,201939,Curry,S. Curry,4,-6,1,Made,1,93.0,79.0,172,v,Curry 1' Cutting Layup Shot (18 PTS) (Livingston 2 AST),Made Shot,Cutting Layup Shot,1,417,21500931,2385,19.0,def_reb(24),2,1,borderline,distance: at-rim/very close
449,PT06M32.00S,4,1610612744,GSW,201939,Curry,S. Curry,4,249,25,Missed,1,0.0,0.0,0,v,MISS Curry 25' 3PT Jump Shot,Missed Shot,Jump Shot,1,427,21500931,2488,15.0,made_fg(24),3,-1,likely_open,subType: open-like
18,PT10M21.00S,1,1610612744,GSW,201939,Curry,S. Curry,1,26,3,Missed,1,0.0,0.0,0,h,MISS Curry 3' Driving Layup,Missed Shot,Driving Layup Shot,1,18,21500943,99,13.0,def_reb(24),2,3,likely_contested,"subType: contested-like, distance: at-rim/very close"
24,PT09M54.00S,1,1610612744,GSW,201939,Curry,S. Curry,-207,178,27,Made,1,4.0,4.0,8,h,Curry 27' 3PT Jump Shot (3 PTS),Made Shot,Jump Shot,1,25,21500943,126,15.0,made_fg(24),3,-2,likely_open,"subType: open-like, distance: deep above-break 3 (>=27ft)"
27,PT09M33.00S,1,1610612744,GSW,201939,Curry,S. Curry,9,13,2,Made,1,6.0,4.0,10,h,Curry 2' Driving Layup (5 PTS),Made Shot,Driving Layup Shot,1,28,21500943,147,14.0,def_reb(24),2,3,likely_contested,"subType: contested-like, distance: at-rim/very close"
32,PT08M40.00S,1,1610612744,GSW,201939,Curry,S. Curry,148,208,26,Made,1,9.0,8.0,17,h,Curry 26' 3PT Pullup Jump Shot (8 PTS) (Green 1 AST),Made Shot,Pullup Jump shot,1,33,21500943,200,6.0,made_fg(24),3,3,likely_contested,"subType: contested-like, text: pressure-move"
52,PT06M50.00S,1,1610612744,GSW,201939,Curry,S. Curry,-232,26,0,Missed,1,0.0,0.0,0,h,MISS Curry  3PT Pullup Jump Shot,Missed Shot,Pullup Jump shot,1,51,21500943,310,18.0,def_reb(24),3,4,likely_contested,"subType: contested-like, text: pressure-move, distance: at-rim/very close, coords: corner-3"
80,PT03M38.00S,1,1610612744,GSW,201939,Curry,S. Curry,-17,262,26,Made,1,24.0,12.0,36,h,Curry 26' 3PT Pullup Jump Shot (11 PTS) (Bogut 2 AST),Made Shot,Pullup Jump shot,1,83,21500943,502,5.0,def_reb(24),3,4,likely_contested,"subType: contested-like, text: pressure-move, clock: late (<=5s)"
89,PT02M39.00S,1,1610612744,GSW,201939,Curry,S. Curry,205,-6,21,Missed,1,0.0,0.0,0,h,MISS Curry 21' Jump Shot,Missed Shot,Jump Shot,1,92,21500943,561,1.0,off_reb(14),2,0,likely_open,"subType: open-like, clock: late (<=5s)"
261,PT01M13.00S,2,1610612744,GSW,201939,Curry,S. Curry,-147,203,25,Made,1,55.0,44.0,99,h,Curry 25' 3PT Step Back Jump Shot (14 PTS),Made Shot,Step Back Jump shot,1,247,21500943,1367,6.0,made_fg(24),3,3,likely_contested,"subType: contested-like, text: pressure-move"
265,PT00M50.50S,2,1610612744,GSW,201939,Curry,S. Curry,-4,61,6,Made,1,57.0,46.0,103,h,Curry 6' Pullup Bank Shot (16 PTS) (Bogut 4 AST),Made Shot,Pullup Bank shot,1,251,21500943,1390,10.0,off_reb(14),2,1,borderline,text: pressure-move
275,PT00M00.60S,2,1610612744,GSW,201939,Curry,S. Curry,6,350,35,Missed,1,0.0,0.0,0,h,MISS Curry 35' 3PT Jump Shot,Missed Shot,Jump Shot,1,259,21500943,1440,21.0,keep_clock(23),3,-2,likely_open,"subType: open-like, distance: deep above-break 3 (>=27ft)"
305,PT09M25.00S,3,1610612744,GSW,201939,Curry,S. Curry,-97,228,25,Made,1,67.0,48.0,115,h,Curry 25' 3PT Pullup Jump Shot (19 PTS) (Green 7 AST),Made Shot,Pullup Jump shot,1,287,21500943,1595,15.0,def_reb(24),3,3,likely_contested,"subType: contested-like, text: pressure-move"
324,PT07M29.00S,3,1610612744,GSW,201939,Curry,S. Curry,0,16,2,Made,1,72.0,53.0,125,h,Curry 2' Driving Finger Roll Layup (21 PTS),Made Shot,Driving Finger Roll Layup Shot,1,309,21500943,1711,6.0,def_foul_14(14),2,1,borderline,distance: at-rim/very close
379,PT03M59.00S,3,1610612744,GSW,201939,Curry,S. Curry,22,7,2,Made,1,81.0,71.0,152,h,Curry 2' Driving Layup (27 PTS),Made Shot,Driving Layup Shot,1,354,21500943,1921,15.0,turnover(24),2,3,likely_contested,"subType: contested-like, distance: at-rim/very close"
388,PT03M31.00S,3,1610612744,GSW,201939,Curry,S. Curry,101,249,27,Missed,1,0.0,0.0,0,h,MISS Curry 27' 3PT Jump Shot,Missed Shot,Jump Shot,1,361,21500943,1949,15.0,final_ft(24),3,-2,likely_open,"subType: open-like, distance: deep above-break 3 (>=27ft)"
404,PT01M52.00S,3,1610612744,GSW,201939,Curry,S. Curry,-129,244,28,Made,1,89.0,73.0,162,h,Curry 28' 3PT Step Back Jump Shot (30 PTS),Made Shot,Step Back Jump shot,1,374,21500943,2048,6.0,def_reb(24),3,2,likely_contested,"subType: contested-like, text: pressure-move, distance: deep above-break 3 (>=27ft)"
421,PT00M25.90S,3,1610612744,GSW,201939,Curry,S. Curry,217,124,25,Missed,1,0.0,0.0,0,h,MISS Curry 25' 3PT Jump Shot,Missed Shot,Jump Shot,1,390,21500943,2135,14.0,turnover(24),3,-1,likely_open,subType: open-like
425,PT00M00.70S,3,1610612744,GSW,201939,Curry,S. Curry,209,668,70,Missed,1,0.0,0.0,0,h,MISS Curry 70' 3PT Jump Shot,Missed Shot,Jump Shot,1,394,21500943,2160,22.0,def_reb(24),3,-2,likely_open,"subType: open-like, distance: deep above-break 3 (>=27ft)"
502,PT05M32.00S,4,1610612744,GSW,201939,Curry,S. Curry,0,65,7,Made,1,104.0,96.0,200,h,Curry 7' Layup (32 PTS) (Bogut 5 AST),Made Shot,Layup Shot,1,466,21500943,2548,3.0,turnover(24),2,1,borderline,clock: late (<=5s)
512,PT04M37.00S,4,1610612744,GSW,201939,Curry,S. Curry,0,11,1,Made,1,106.0,98.0,204,h,Curry 1' Driving Dunk (34 PTS) (Bogut 6 AST),Made Shot,Driving Dunk Shot,1,475,21500943,2603,4.0,final_ft(24),2,4,likely_contested,"subType: contested-like, distance: at-rim/very close, clock: late (<=5s)"
514,PT03M58.00S,4,1610612744,GSW,201939,Curry,S. Curry,-153,237,28,Made,1,109.0,100.0,209,h,Curry 28' 3PT Jump Shot (37 PTS),Made Shot,Jump Shot,1,477,21500943,2642,9.0,made_fg(24),3,-2,likely_open,"subType: open-like, distance: deep above-break 3 (>=27ft)"
524,PT03M05.00S,4,1610612744,GSW,201939,Curry,S. Curry,1,257,26,Missed,1,0.0,0.0,0,h,MISS Curry 26' 3PT Jump Shot,Missed Shot,Jump Shot,1,486,21500943,2695,10.0,def_reb(24),3,-1,likely_open,subType: open-like
526,PT02M52.00S,4,1610612744,GSW,201939,Curry,S. Curry,-32,11,3,Missed,1,0.0,0.0,0,h,MISS Curry 3' Jump Shot,Missed Shot,Jump Shot,1,488,21500943,2708,3.0,off_reb(14),2,1,borderline,"subType: open-like, distance: at-rim/very close, clock: late (<=5s)"
542,PT01M26.00S,4,1610612744,GSW,201939,Curry,S. Curry,30,11,3,Missed,1,0.0,0.0,0,h,MISS Curry 3' Jump Shot,Missed Shot,Jump Shot,1,503,21500943,2794,7.0,made_fg(24),2,0,likely_open,"subType: open-like, distance: at-rim/very close"
558,PT00M44.30S,4,1610612744,GSW,201939,Curry,S. Curry,-6,11,1,Made,1,116.0,109.0,225,h,Curry 1' Running Layup (39 PTS),Made Shot,Running Layup Shot,1,516,21500943,2836,20.0,turnover(24),2,3,likely_contested,"subType: contested-like, distance: at-rim/very close"
18,PT09M47.00S,1,1610612744,GSW,201939,Curry,S. Curry,215,146,26,Missed,1,0.0,0.0,0,h,MISS Curry 26' 3PT Jump Shot,Missed Shot,Jump Shot,1,21,21500958,133,15.0,made_fg(24),3,-1,likely_open,subType: open-like
41,PT07M24.00S,1,1610612744,GSW,201939,Curry,S. Curry,-117,224,25,Missed,1,0.0,0.0,0,h,MISS Curry 25' 3PT Jump Shot,Missed Shot,Jump Shot,1,42,21500958,276,17.0,turnover(24),3,-1,likely_open,subType: open-like
57,PT04M58.00S,1,1610612744,GSW,201939,Curry,S. Curry,-12,26,3,Missed,1,0.0,0.0,0,h,MISS Curry 3' Finger Roll Layup,Missed Shot,Finger Roll Layup Shot,1,59,21500958,422,11.0,keep_clock(18),2,1,borderline,distance: at-rim/very close
66,PT04M29.00S,1,1610612744,GSW,201939,Curry,S. Curry,-115,239,27,Missed,1,0.0,0.0,0,h,MISS Curry 27' 3PT Jump Shot,Missed Shot,Jump Shot,1,68,21500958,451,19.0,def_reb(24),3,-2,likely_open,"subType: open-like, distance: deep above-break 3 (>=27ft)"
75,PT03M07.00S,1,1610612744,GSW,201939,Curry,S. Curry,-227,7,0,Missed,1,0.0,0.0,0,h,MISS Curry  3PT Jump Shot,Missed Shot,Jump Shot,1,80,21500958,533,17.0,turnover(24),3,-1,likely_open,"subType: open-like, distance: at-rim/very close, coords: corner-3, corner: catch/spot"
197,PT03M12.00S,2,1610612744,GSW,201939,Curry,S. Curry,173,183,25,Made,1,39.0,32.0,71,h,Curry 25' 3PT Step Back Jump Shot (3 PTS),Made Shot,Step Back Jump shot,1,197,21500958,1248,8.0,final_ft(24),3,3,likely_contested,"subType: contested-like, text: pressure-move"
212,PT00M58.00S,2,1610612744,GSW,201939,Curry,S. Curry,199,164,26,Made,1,46.0,41.0,87,h,Curry 26' 3PT Step Back Jump Shot (6 PTS) (Barnes 1 AST),Made Shot,Step Back Jump shot,1,212,21500958,1382,9.0,made_fg(24),3,3,likely_contested,"subType: contested-like, text: pressure-move"
220,PT00M00.30S,2,1610612744,GSW,201939,Curry,S. Curry,151,527,55,Made,1,52.0,41.0,93,h,Curry 55' 3PT Pullup Bank Shot (9 PTS),Made Shot,Pullup Bank shot,1,220,21500958,1440,21.0,def_reb(24),3,0,likely_open,"text: pressure-move, distance: deep above-break 3 (>=27ft)"
241,PT09M32.00S,3,1610612744,GSW,201939,Curry,S. Curry,112,257,28,Missed,1,0.0,0.0,0,h,MISS Curry 28' 3PT Jump Shot,Missed Shot,Jump Shot,1,240,21500958,1588,8.0,made_fg(24),3,-2,likely_open,"subType: open-like, distance: deep above-break 3 (>=27ft)"
319,PT01M46.00S,3,1610612744,GSW,201939,Curry,S. Curry,-12,8,1,Missed,1,0.0,0.0,0,h,MISS Curry 1' Driving Finger Roll Layup,Missed Shot,Driving Finger Roll Layup Shot,1,314,21500958,2054,17.0,turnover(24),2,1,borderline,distance: at-rim/very close
431,PT05M51.00S,4,1610612744,GSW,201939,Curry,S. Curry,-20,21,3,Made,1,101.0,81.0,182,h,Curry 3' Running Finger Roll Layup (12 PTS),Made Shot,Running Finger Roll Layup Shot,1,412,21500958,2529,18.0,turnover(24),2,1,borderline,distance: at-rim/very close
448,PT04M09.00S,4,1610612744,GSW,201939,Curry,S. Curry,-210,183,28,Missed,1,0.0,0.0,0,h,MISS Curry 28' 3PT Jump Shot,Missed Shot,Jump Shot,1,430,21500958,2631,3.0,def_foul_14(14),3,-1,likely_open,"subType: open-like, distance: deep above-break 3 (>=27ft), clock: late (<=5s)"
19,PT09M27.00S,1,1610612744,GSW,201939,Curry,S. Curry,1,7,1,Missed,1,0.0,0.0,0,h,MISS Curry 1' Driving Finger Roll Layup,Missed Shot,Driving Finger Roll Layup Shot,1,20,21500971,153,10.0,def_reb(24),2,1,borderline,distance: at-rim/very close
27,PT08M11.00S,1,1610612744,GSW,201939,Curry,S. Curry,-9,2,1,Missed,1,0.0,0.0,0,h,MISS Curry 1' Layup,Missed Shot,Layup Shot,1,29,21500971,229,17.0,turnover(24),2,1,borderline,distance: at-rim/very close
37,PT07M15.00S,1,1610612744,GSW,201939,Curry,S. Curry,-52,257,26,Missed,1,0.0,0.0,0,h,MISS Curry 26' 3PT Step Back Jump Shot,Missed Shot,Step Back Jump shot,1,40,21500971,285,6.0,made_fg(24),3,3,likely_contested,"subType: contested-like, text: pressure-move"
63,PT04M55.00S,1,1610612744,GSW,201939,Curry,S. Curry,-214,159,27,Made,1,21.0,11.0,32,h,Curry 27' 3PT Pullup Jump Shot (3 PTS) (Green 2 AST),Made Shot,Pullup Jump shot,1,65,21500971,425,12.0,made_fg(24),3,2,likely_contested,"subType: contested-like, text: pressure-move, distance: deep above-break 3 (>=27ft)"
70,PT04M28.00S,1,1610612744,GSW,201939,Curry,S. Curry,-230,2,0,Made,1,24.0,13.0,37,h,Curry  3PT Pullup Jump Shot (6 PTS) (Iguodala 1 AST),Made Shot,Pullup Jump shot,1,70,21500971,452,13.0,final_ft(24),3,4,likely_contested,"subType: contested-like, text: pressure-move, distance: at-rim/very close, coords: corner-3"
73,PT04M09.00S,1,1610612744,GSW,201939,Curry,S. Curry,-204,160,26,Made,1,27.0,13.0,40,h,Curry 26' 3PT Step Back Jump Shot (9 PTS),Made Shot,Step Back Jump shot,1,73,21500971,471,16.0,def_reb(24),3,3,likely_contested,"subType: contested-like, text: pressure-move"
85,PT03M02.00S,1,1610612744,GSW,201939,Curry,S. Curry,-68,249,26,Made,1,32.0,17.0,49,h,Curry 26' 3PT Jump Shot (12 PTS),Made Shot,Jump Shot,1,83,21500971,538,12.0,made_fg(24),3,-1,likely_open,subType: open-like
88,PT02M38.00S,1,1610612744,GSW,201939,Curry,S. Curry,81,237,25,Missed,1,0.0,0.0,0,h,MISS Curry 25' 3PT Jump Shot,Missed Shot,Jump Shot,1,86,21500971,562,17.0,def_reb(24),3,-1,likely_open,subType: open-like
94,PT01M58.00S,1,1610612744,GSW,201939,Curry,S. Curry,-22,16,3,Made,1,34.0,19.0,53,h,Curry 3' Driving Finger Roll Layup (14 PTS),Made Shot,Driving Finger Roll Layup Shot,1,92,21500971,602,6.0,made_fg(24),2,1,borderline,distance: at-rim/very close
96,PT01M36.00S,1,1610612744,GSW,201939,Curry,S. Curry,-138,170,22,Made,1,36.0,22.0,58,h,Curry 22' Jump Shot (16 PTS),Made Shot,Jump Shot,1,94,21500971,624,13.0,made_fg(24),2,-1,likely_open,subType: open-like
102,PT01M10.00S,1,1610612744,GSW,201939,Curry,S. Curry,24,11,3,Made,1,38.0,24.0,62,h,Curry 3' Driving Finger Roll Layup (18 PTS),Made Shot,Driving Finger Roll Layup Shot,1,98,21500971,650,14.0,final_ft(24),2,1,borderline,distance: at-rim/very close
113,PT00M11.80S,1,1610612744,GSW,201939,Curry,S. Curry,156,210,26,Missed,1,0.0,0.0,0,h,MISS Curry 26' 3PT Jump Shot,Missed Shot,Jump Shot,1,106,21500971,709,5.0,def_reb(24),3,0,likely_open,"subType: open-like, clock: late (<=5s)"
246,PT02M57.00S,2,1610612744,GSW,201939,Curry,S. Curry,-24,262,26,Missed,1,0.0,0.0,0,h,MISS Curry 26' 3PT Jump Shot,Missed Shot,Jump Shot,1,216,21500971,1263,13.0,def_reb(24),3,-1,likely_open,subType: open-like
258,PT02M10.00S,2,1610612744,GSW,201939,Curry,S. Curry,-2,51,5,Made,1,73.0,54.0,127,h,Curry 5' Floating Jump Shot (21 PTS) (Bogut 2 AST),Made Shot,Floating Jump shot,1,226,21500971,1310,6.0,made_fg(24),2,3,likely_contested,"subType: contested-like, distance: at-rim/very close"
271,PT00M02.10S,2,1610612744,GSW,201939,Curry,S. Curry,-153,100,18,Made,1,81.0,61.0,142,h,Curry 18' Turnaround Fadeaway (23 PTS) (Bogut 4 AST),Made Shot,Turnaround Fadeaway shot,1,239,21500971,1438,13.0,off_reb(14),2,3,likely_contested,"subType: contested-like, text: pressure-move"
275,PT11M47.00S,3,1610612744,GSW,201939,Curry,S. Curry,158,200,25,Made,1,84.0,61.0,145,h,Curry 25' 3PT Pullup Jump Shot (26 PTS) (Barnes 2 AST),Made Shot,Pullup Jump shot,1,242,21500971,1453,11.0,period_start(24),3,3,likely_contested,"subType: contested-like, text: pressure-move"
282,PT10M31.00S,3,1610612744,GSW,201939,Curry,S. Curry,102,242,26,Missed,1,0.0,0.0,0,h,MISS Curry 26' 3PT Jump Shot,Missed Shot,Jump Shot,1,250,21500971,1529,11.0,turnover(24),3,-1,likely_open,subType: open-like
338,PT05M47.00S,3,1610612744,GSW,201939,Curry,S. Curry,-2,21,2,Made,1,97.0,68.0,165,h,Curry 2' Driving Layup (28 PTS),Made Shot,Driving Layup Shot,1,303,21500971,1813,18.0,def_reb(24),2,3,likely_contested,"subType: contested-like, distance: at-rim/very close"
348,PT05M04.00S,3,1610612744,GSW,201939,Curry,S. Curry,-233,31,24,Made,1,100.0,68.0,168,h,Curry 24' 3PT Step Back Jump Shot (31 PTS) (Green 6 AST),Made Shot,Step Back Jump shot,1,311,21500971,1856,2.0,def_reb(24),3,4,likely_contested,"subType: contested-like, text: pressure-move, coords: corner-3, clock: late (<=5s)"
380,PT03M03.00S,3,1610612744,GSW,201939,Curry,S. Curry,228,0,0,Missed,1,0.0,0.0,0,h,MISS Curry  3PT Pullup Jump Shot,Missed Shot,Pullup Jump shot,1,335,21500971,1977,5.0,made_fg(24),3,5,likely_contested,"subType: contested-like, text: pressure-move, distance: at-rim/very close, coords: corner-3, clock: late (<=5s)"
384,PT02M25.00S,3,1610612744,GSW,201939,Curry,S. Curry,17,3,2,Missed,1,0.0,0.0,0,h,MISS Curry 2' Driving Layup,Missed Shot,Driving Layup Shot,1,340,21500971,2015,1.0,made_fg(24),2,4,likely_contested,"subType: contested-like, distance: at-rim/very close, clock: late (<=5s)"
404,PT01M09.00S,3,1610612744,GSW,201939,Curry,S. Curry,213,139,25,Made,1,110.0,83.0,193,h,Curry 25' 3PT Pullup Jump Shot (34 PTS) (Green 7 AST),Made Shot,Pullup Jump shot,1,359,21500971,2091,10.0,def_reb(24),3,3,likely_contested,"subType: contested-like, text: pressure-move"
407,PT00M33.80S,3,1610612744,GSW,201939,Curry,S. Curry,-171,208,27,Missed,1,0.0,0.0,0,h,MISS Curry 27' 3PT Jump Shot,Missed Shot,Jump Shot,1,362,21500971,2127,17.0,def_reb(24),3,-2,likely_open,"subType: open-like, distance: deep above-break 3 (>=27ft)"
2,PT11M45.00S,1,1610612744,GSW,201939,Curry,S. Curry,-99,228,25,Missed,1,0.0,0.0,0,h,MISS Curry 25' 3PT Pullup Jump Shot,Missed Shot,Pullup Jump shot,1,3,21500981,15,9.0,jumpball(24),3,3,likely_contested,"subType: contested-like, text: pressure-move"
11,PT10M33.00S,1,1610612744,GSW,201939,Curry,S. Curry,58,247,25,Missed,1,0.0,0.0,0,h,MISS Curry 25' 3PT Pullup Jump Shot,Missed Shot,Pullup Jump shot,1,13,21500981,87,11.0,off_foul(24),3,3,likely_contested,"subType: contested-like, text: pressure-move"
34,PT07M51.00S,1,1610612744,GSW,201939,Curry,S. Curry,-112,223,25,Made,1,7.0,6.0,13,h,Curry 25' 3PT Pullup Jump Shot (3 PTS) (Green 3 AST),Made Shot,Pullup Jump shot,1,37,21500981,249,8.0,keep_clock(21),3,3,likely_contested,"subType: contested-like, text: pressure-move"
51,PT05M56.00S,1,1610612744,GSW,201939,Curry,S. Curry,-25,70,7,Made,1,13.0,12.0,25,h,Curry 7' Floating Jump Shot (5 PTS),Made Shot,Floating Jump shot,1,53,21500981,364,8.0,made_fg(24),2,2,likely_contested,subType: contested-like
64,PT04M22.00S,1,1610612744,GSW,201939,Curry,S. Curry,-7,249,25,Made,1,16.0,16.0,32,h,Curry 25' 3PT Pullup Jump Shot (8 PTS) (Barnes 2 AST),Made Shot,Pullup Jump shot,1,65,21500981,458,13.0,def_reb(24),3,3,likely_contested,"subType: contested-like, text: pressure-move"
76,PT03M30.00S,1,1610612744,GSW,201939,Curry,S. Curry,230,65,24,Missed,1,0.0,0.0,0,h,MISS Curry 24' 3PT Jump Shot,Missed Shot,Jump Shot,1,79,21500981,510,12.0,off_foul(24),3,-1,likely_open,subType: open-like
111,PT00M34.00S,1,1610612744,GSW,201939,Curry,S. Curry,-65,259,27,Made,1,29.0,22.0,51,h,Curry 27' 3PT Pullup Jump Shot (11 PTS),Made Shot,Pullup Jump shot,1,109,21500981,686,16.0,def_reb(24),3,2,likely_contested,"subType: contested-like, text: pressure-move, distance: deep above-break 3 (>=27ft)"
113,PT00M02.20S,1,1610612744,GSW,201939,Curry,S. Curry,-6,11,1,Made,1,31.0,24.0,55,h,Curry 1' Driving Finger Roll Layup (13 PTS),Made Shot,Driving Finger Roll Layup Shot,1,111,21500981,718,10.0,made_fg(24),2,1,borderline,distance: at-rim/very close
186,PT06M14.00S,2,1610612744,GSW,201939,Curry,S. Curry,151,195,25,Missed,1,0.0,0.0,0,h,MISS Curry 25' 3PT Jump Shot,Missed Shot,Jump Shot,1,178,21500981,1066,12.0,final_ft(24),3,-1,likely_open,subType: open-like
191,PT05M13.00S,2,1610612744,GSW,201939,Curry,S. Curry,-201,3,20,Missed,1,0.0,0.0,0,h,MISS Curry 20' Jump Shot,Missed Shot,Jump Shot,1,183,21500981,1127,12.0,made_fg(24),2,-1,likely_open,subType: open-like
230,PT02M48.00S,2,1610612744,GSW,201939,Curry,S. Curry,17,16,2,Made,1,52.0,48.0,100,h,Curry 2' Driving Finger Roll Layup (15 PTS) (Thompson 1 AST),Made Shot,Driving Finger Roll Layup Shot,1,214,21500981,1272,15.0,def_reb(24),2,1,borderline,distance: at-rim/very close
299,PT10M08.00S,3,1610612744,GSW,201939,Curry,S. Curry,-155,228,28,Made,1,68.0,60.0,128,h,Curry 28' 3PT Running Jump Shot (20 PTS),Made Shot,Running Jump Shot,1,267,21500981,1552,15.0,made_fg(24),3,-2,likely_open,"subType: open-like, distance: deep above-break 3 (>=27ft)"
301,PT09M43.00S,3,1610612744,GSW,201939,Curry,S. Curry,2,56,6,Missed,1,0.0,0.0,0,h,MISS Curry 6' Floating Jump Shot,Missed Shot,Floating Jump shot,1,269,21500981,1577,15.0,made_fg(24),2,2,likely_contested,subType: contested-like
308,PT08M41.00S,3,1610612744,GSW,201939,Curry,S. Curry,-238,2,24,Missed,1,0.0,0.0,0,h,MISS Curry 24' 3PT Jump Shot,Missed Shot,Jump Shot,1,276,21500981,1639,0.0,made_fg(24),3,-1,likely_open,"subType: open-like, coords: corner-3, corner: catch/spot, clock: late (<=5s)"
423,PT11M04.00S,4,1610612744,GSW,201939,Curry,S. Curry,-205,169,27,Made,1,93.0,95.0,188,h,Curry 27' 3PT Pullup Jump Shot (23 PTS) (Barbosa 2 AST),Made Shot,Pullup Jump shot,1,376,21500981,2216,20.0,def_reb(24),3,2,likely_contested,"subType: contested-like, text: pressure-move, distance: deep above-break 3 (>=27ft)"
428,PT10M23.00S,4,1610612744,GSW,201939,Curry,S. Curry,-24,247,25,Missed,1,0.0,0.0,0,h,MISS Curry 25' 3PT Pullup Jump Shot,Missed Shot,Pullup Jump shot,1,381,21500981,2257,2.0,def_reb(24),3,4,likely_contested,"subType: contested-like, text: pressure-move, clock: late (<=5s)"
454,PT08M30.00S,4,1610612744,GSW,201939,Curry,S. Curry,-9,13,2,Made,1,102.0,98.0,200,h,Curry 2' Reverse Layup (25 PTS),Made Shot,Reverse Layup Shot,1,404,21500981,2370,13.0,off_reb(14),2,3,likely_contested,"subType: contested-like, distance: at-rim/very close"
456,PT08M01.00S,4,1610612744,GSW,201939,Curry,S. Curry,-35,277,28,Missed,1,0.0,0.0,0,h,MISS Curry 28' 3PT Jump Shot,Missed Shot,Jump Shot,1,406,21500981,2399,8.0,made_fg(24),3,-2,likely_open,"subType: open-like, distance: deep above-break 3 (>=27ft)"
473,PT06M28.00S,4,1610612744,GSW,201939,Curry,S. Curry,10,52,5,Missed,1,0.0,0.0,0,h,MISS Curry 5' Jump Shot,Missed Shot,Jump Shot,1,423,21500981,2492,9.0,def_reb(24),2,0,likely_open,"subType: open-like, distance: at-rim/very close"
486,PT05M40.00S,4,1610612744,GSW,201939,Curry,S. Curry,87,242,26,Made,1,108.0,108.0,216,h,Curry 26' 3PT Pullup Jump Shot (28 PTS),Made Shot,Pullup Jump shot,1,437,21500981,2540,14.0,made_fg(24),3,3,likely_contested,"subType: contested-like, text: pressure-move"
489,PT05M15.00S,4,1610612744,GSW,201939,Curry,S. Curry,-207,154,26,Missed,1,0.0,0.0,0,h,MISS Curry 26' 3PT Jump Shot,Missed Shot,Jump Shot,1,441,21500981,2565,13.0,def_reb(24),3,-1,likely_open,subType: open-like
505,PT03M31.00S,4,1610612744,GSW,201939,Curry,S. Curry,-42,249,25,Made,1,115.0,108.0,223,h,Curry 25' 3PT Pullup Jump Shot (31 PTS),Made Shot,Pullup Jump shot,1,455,21500981,2669,16.0,def_reb(24),3,3,likely_contested,"subType: contested-like, text: pressure-move"
516,PT02M31.00S,4,1610612744,GSW,201939,Curry,S. Curry,-176,200,27,Missed,1,0.0,0.0,0,h,MISS Curry 27' 3PT Jump Shot,Missed Shot,Jump Shot,1,464,21500981,2729,12.0,def_reb(24),3,-2,likely_open,"subType: open-like, distance: deep above-break 3 (>=27ft)"
544,PT00M55.90S,4,1610612744,GSW,201939,Curry,S. Curry,15,26,3,Made,1,123.0,114.0,237,h,Curry 3' Driving Finger Roll Layup (35 PTS),Made Shot,Driving Finger Roll Layup Shot,1,483,21500981,2825,11.0,made_fg(24),2,1,borderline,distance: at-rim/very close
9,PT10M39.00S,1,1610612744,GSW,201939,Curry,S. Curry,-207,160,26,Missed,1,0.0,0.0,0,h,MISS Curry 26' 3PT Jump Shot,Missed Shot,Jump Shot,1,12,21500996,81,16.0,def_reb(24),3,-1,likely_open,subType: open-like
51,PT06M22.00S,1,1610612744,GSW,201939,Curry,S. Curry,-4,272,27,Missed,1,0.0,0.0,0,h,MISS Curry 27' 3PT Jump Shot,Missed Shot,Jump Shot,1,52,21500996,338,6.0,made_fg(24),3,-2,likely_open,"subType: open-like, distance: deep above-break 3 (>=27ft)"
72,PT03M43.00S,1,1610612744,GSW,201939,Curry,S. Curry,14,11,2,Made,1,17.0,18.0,35,h,Curry 2' Driving Finger Roll Layup (2 PTS),Made Shot,Driving Finger Roll Layup Shot,1,75,21500996,497,8.0,made_fg(24),2,1,borderline,distance: at-rim/very close
79,PT02M43.00S,1,1610612744,GSW,201939,Curry,S. Curry,230,28,0,Made,1,20.0,20.0,40,h,Curry  3PT Step Back Jump Shot (5 PTS) (Speights 1 AST),Made Shot,Step Back Jump shot,1,83,21500996,557,16.0,def_reb(24),3,4,likely_contested,"subType: contested-like, text: pressure-move, distance: at-rim/very close, coords: corner-3"
87,PT01M26.00S,1,1610612744,GSW,201939,Curry,S. Curry,10,7,1,Made,1,26.0,22.0,48,h,Curry 1' Driving Finger Roll Layup (7 PTS),Made Shot,Driving Finger Roll Layup Shot,1,91,21500996,634,18.0,def_reb(24),2,1,borderline,distance: at-rim/very close
103,PT00M07.10S,1,1610612744,GSW,201939,Curry,S. Curry,-11,11,2,Made,1,28.0,24.0,52,h,Curry 2' Driving Finger Roll Layup (9 PTS),Made Shot,Driving Finger Roll Layup Shot,1,112,21500996,713,3.0,made_fg(24),2,2,likely_contested,"distance: at-rim/very close, clock: late (<=5s)"
175,PT07M07.00S,2,1610612744,GSW,201939,Curry,S. Curry,-43,264,27,Missed,1,0.0,0.0,0,h,MISS Curry 27' 3PT Jump Shot,Missed Shot,Jump Shot,1,173,21500996,1013,15.0,final_ft(24),3,-2,likely_open,"subType: open-like, distance: deep above-break 3 (>=27ft)"
239,PT02M36.00S,2,1610612744,GSW,201939,Curry,S. Curry,-78,288,30,Missed,1,0.0,0.0,0,h,MISS Curry 30' 3PT Jump Shot,Missed Shot,Jump Shot,1,225,21500996,1284,14.0,made_fg(24),3,-2,likely_open,"subType: open-like, distance: deep above-break 3 (>=27ft)"
249,PT01M17.00S,2,1610612744,GSW,201939,Curry,S. Curry,20,11,2,Made,1,54.0,48.0,102,h,Curry 2' Driving Finger Roll Layup (11 PTS),Made Shot,Driving Finger Roll Layup Shot,1,235,21500996,1363,12.0,def_reb(24),2,1,borderline,distance: at-rim/very close
265,PT00M19.80S,2,1610612744,GSW,201939,Curry,S. Curry,-155,56,16,Missed,1,0.0,0.0,0,h,MISS Curry 16' Fadeaway Jumper,Missed Shot,Fadeaway Jump Shot,1,250,21500996,1421,9.0,made_fg(24),2,4,likely_contested,"subType: contested-like, text: pressure-move, distance: mid-range"
288,PT10M03.00S,3,1610612744,GSW,201939,Curry,S. Curry,-17,2,2,Made,1,63.0,50.0,113,h,Curry 2' Reverse Layup (14 PTS) (Green 4 AST),Made Shot,Reverse Layup Shot,1,269,21500996,1557,9.0,def_reb(24),2,3,likely_contested,"subType: contested-like, distance: at-rim/very close"
321,PT07M21.00S,3,1610612744,GSW,201939,Curry,S. Curry,-120,242,27,Missed,1,0.0,0.0,0,h,MISS Curry 27' 3PT Jump Shot,Missed Shot,Jump Shot,1,299,21500996,1719,16.0,def_reb(24),3,-2,likely_open,"subType: open-like, distance: deep above-break 3 (>=27ft)"
339,PT05M33.00S,3,1610612744,GSW,201939,Curry,S. Curry,12,13,2,Made,1,75.0,55.0,130,h,Curry 2' Cutting Finger Roll Layup Shot (16 PTS) (Bogut 2 AST),Made Shot,Cutting Finger Roll Layup Shot,1,315,21500996,1827,11.0,def_reb(24),2,1,borderline,distance: at-rim/very close
388,PT01M45.00S,3,1610612744,GSW,201939,Curry,S. Curry,150,203,25,Made,1,88.0,62.0,150,h,Curry 25' 3PT Step Back Jump Shot (21 PTS),Made Shot,Step Back Jump shot,1,360,21500996,2055,12.0,def_reb(24),3,3,likely_contested,"subType: contested-like, text: pressure-move"
390,PT01M14.00S,3,1610612744,GSW,201939,Curry,S. Curry,235,7,24,Made,1,91.0,65.0,156,h,Curry 24' 3PT Pullup Jump Shot (24 PTS) (Barbosa 1 AST),Made Shot,Pullup Jump shot,1,362,21500996,2086,5.0,made_fg(24),3,4,likely_contested,"subType: contested-like, text: pressure-move, coords: corner-3, clock: late (<=5s)"
407,PT00M03.80S,3,1610612744,GSW,201939,Curry,S. Curry,-89,316,33,Made,1,94.0,69.0,163,h,Curry 33' 3PT Pullup Bank Shot (27 PTS),Made Shot,Pullup Bank shot,1,376,21500996,2157,3.0,made_fg(24),3,1,borderline,"text: pressure-move, distance: deep above-break 3 (>=27ft), clock: late (<=5s)"
8,PT10M59.00S,1,1610612744,GSW,201939,Curry,S. Curry,84,237,25,Missed,1,0.0,0.0,0,h,MISS Curry 25' 3PT Jump Shot,Missed Shot,Jump Shot,1,8,21501011,61,13.0,def_reb(24),3,-1,likely_open,subType: open-like
35,PT07M43.00S,1,1610612744,GSW,201939,Curry,S. Curry,-11,257,26,Made,1,5.0,4.0,9,h,Curry 26' 3PT Pullup Jump Shot (3 PTS),Made Shot,Pullup Jump shot,1,38,21501011,257,15.0,def_reb(24),3,3,likely_contested,"subType: contested-like, text: pressure-move"
43,PT06M38.00S,1,1610612744,GSW,201939,Curry,S. Curry,-179,272,33,Missed,1,0.0,0.0,0,h,MISS Curry 33' 3PT Jump Shot,Missed Shot,Jump Shot,1,46,21501011,322,10.0,off_reb(14),3,-2,likely_open,"subType: open-like, distance: deep above-break 3 (>=27ft)"
68,PT05M05.00S,1,1610612744,GSW,201939,Curry,S. Curry,92,41,10,Made,1,11.0,6.0,17,h,Curry 10' Driving Floating Jump Shot (5 PTS) (Green 2 AST),Made Shot,Driving Floating Jump Shot,1,70,21501011,415,14.0,def_reb(24),2,3,likely_contested,"subType: contested-like, distance: mid-range"
81,PT03M52.00S,1,1610612744,GSW,201939,Curry,S. Curry,-11,16,2,Made,1,15.0,7.0,22,h,Curry 2' Driving Finger Roll Layup (7 PTS) (Green 3 AST),Made Shot,Driving Finger Roll Layup Shot,1,81,21501011,488,11.0,def_reb(24),2,1,borderline,distance: at-rim/very close
98,PT02M34.00S,1,1610612744,GSW,201939,Curry,S. Curry,-158,218,27,Made,1,22.0,10.0,32,h,Curry 27' 3PT Pullup Jump Shot (10 PTS),Made Shot,Pullup Jump shot,1,94,21501011,566,15.0,final_ft(24),3,2,likely_contested,"subType: contested-like, text: pressure-move, distance: deep above-break 3 (>=27ft)"
100,PT01M54.00S,1,1610612744,GSW,201939,Curry,S. Curry,-45,264,27,Made,1,25.0,13.0,38,h,Curry 27' 3PT Pullup Jump Shot (13 PTS) (Livingston 1 AST),Made Shot,Pullup Jump shot,1,96,21501011,606,13.0,made_fg(24),3,2,likely_contested,"subType: contested-like, text: pressure-move, distance: deep above-break 3 (>=27ft)"
102,PT01M26.00S,1,1610612744,GSW,201939,Curry,S. Curry,-186,237,30,Made,1,28.0,15.0,43,h,Curry 30' 3PT Step Back Jump Shot (16 PTS) (Green 4 AST),Made Shot,Step Back Jump shot,1,98,21501011,634,14.0,made_fg(24),3,2,likely_contested,"subType: contested-like, text: pressure-move, distance: deep above-break 3 (>=27ft)"
112,PT00M05.50S,1,1610612744,GSW,201939,Curry,S. Curry,-209,203,29,Missed,1,0.0,0.0,0,h,MISS Curry 29' 3PT Jump Shot,Missed Shot,Jump Shot,1,109,21501011,715,11.0,def_foul_14(14),3,-2,likely_open,"subType: open-like, distance: deep above-break 3 (>=27ft)"
189,PT02M47.00S,2,1610612744,GSW,201939,Curry,S. Curry,79,244,26,Made,1,57.0,42.0,99,h,Curry 26' 3PT Jump Shot (19 PTS) (Bogut 1 AST),Made Shot,Jump Shot,1,182,21501011,1273,10.0,made_fg(24),3,-1,likely_open,subType: open-like
204,PT01M25.00S,2,1610612744,GSW,201939,Curry,S. Curry,96,61,11,Made,1,59.0,42.0,101,h,Curry 11' Driving Bank Shot (21 PTS),Made Shot,Driving Bank shot,1,197,21501011,1355,17.0,turnover(24),2,1,borderline,distance: mid-range
217,PT00M16.80S,2,1610612744,GSW,201939,Curry,S. Curry,130,242,27,Missed,1,0.0,0.0,0,h,MISS Curry 27' 3PT Jump Shot,Missed Shot,Jump Shot,1,209,21501011,1424,7.0,made_fg(24),3,-2,likely_open,"subType: open-like, distance: deep above-break 3 (>=27ft)"
234,PT11M19.00S,3,1610612744,GSW,201939,Curry,S. Curry,138,115,18,Missed,1,0.0,0.0,0,h,MISS Curry 18' Turnaround Fadeaway Shot,Missed Shot,Turnaround Fadeaway shot,1,223,21501011,1481,9.0,turnover(24),2,3,likely_contested,"subType: contested-like, text: pressure-move"
256,PT08M40.00S,3,1610612744,GSW,201939,Curry,S. Curry,-11,8,1,Made,1,71.0,48.0,119,h,Curry 1' Running Layup (23 PTS) (Green 8 AST),Made Shot,Running Layup Shot,1,248,21501011,1640,22.0,def_reb(24),2,3,likely_contested,"subType: contested-like, distance: at-rim/very close"
266,PT07M47.00S,3,1610612744,GSW,201939,Curry,S. Curry,202,151,25,Made,1,74.0,48.0,122,h,Curry 25' 3PT Pullup Jump Shot (26 PTS) (Green 9 AST),Made Shot,Pullup Jump shot,1,256,21501011,1693,9.0,def_reb(24),3,3,likely_contested,"subType: contested-like, text: pressure-move"
269,PT07M23.00S,3,1610612744,GSW,201939,Curry,S. Curry,225,46,0,Missed,1,0.0,0.0,0,h,MISS Curry  3PT Jump Shot,Missed Shot,Jump Shot,1,260,21501011,1717,18.0,def_reb(24),3,-1,likely_open,"subType: open-like, distance: at-rim/very close, coords: corner-3, corner: catch/spot"
294,PT04M16.00S,3,1610612744,GSW,201939,Curry,S. Curry,27,26,4,Missed,1,0.0,0.0,0,h,MISS Curry 4' Driving Bank Shot,Missed Shot,Driving Bank shot,1,282,21501011,1904,7.0,final_ft(24),2,1,borderline,distance: at-rim/very close
308,PT02M53.00S,3,1610612744,GSW,201939,Curry,S. Curry,20,16,3,Missed,1,0.0,0.0,0,h,MISS Curry 3' Reverse Layup,Missed Shot,Reverse Layup Shot,1,294,21501011,1987,10.0,def_reb(24),2,3,likely_contested,"subType: contested-like, distance: at-rim/very close"
323,PT01M07.00S,3,1610612744,GSW,201939,Curry,S. Curry,207,154,26,Made,1,94.0,64.0,158,h,Curry 26' 3PT Jump Bank Shot (31 PTS) (Speights 1 AST),Made Shot,Jump Bank Shot,1,309,21501011,2093,10.0,off_reb(14),3,2,likely_contested,subType: contested-like
328,PT00M25.90S,3,1610612744,GSW,201939,Curry,S. Curry,236,7,24,Made,1,97.0,64.0,161,h,Curry 24' 3PT Pullup Jump Shot (34 PTS) (Barbosa 2 AST),Made Shot,Pullup Jump shot,1,314,21501011,2135,13.0,def_reb(24),3,3,likely_contested,"subType: contested-like, text: pressure-move, coords: corner-3"
8,PT10M32.00S,1,1610612744,GSW,201939,Curry,S. Curry,-223,100,24,Made,1,6.0,5.0,11,v,Curry 24' 3PT Jump Shot (3 PTS) (Green 1 AST),Made Shot,Jump Shot,1,9,21501026,88,10.0,made_fg(24),3,-1,likely_open,subType: open-like
19,PT09M29.00S,1,1610612744,GSW,201939,Curry,S. Curry,-132,214,25,Made,1,10.0,8.0,18,v,Curry 25' 3PT Jump Shot (6 PTS),Made Shot,Jump Shot,1,20,21501026,151,18.0,def_reb(24),3,-1,likely_open,subType: open-like
22,PT09M08.00S,1,1610612744,GSW,201939,Curry,S. Curry,30,-1,3,Made,1,10.0,10.0,20,v,Curry 3' Driving Layup (8 PTS),Made Shot,Driving Layup Shot,1,23,21501026,172,18.0,def_reb(24),2,3,likely_contested,"subType: contested-like, distance: at-rim/very close"
65,PT05M26.00S,1,1610612744,GSW,201939,Curry,S. Curry,174,174,25,Missed,1,0.0,0.0,0,v,MISS Curry 25' 3PT Jump Shot,Missed Shot,Jump Shot,1,55,21501026,394,4.0,def_foul_14(14),3,0,likely_open,"subType: open-like, clock: late (<=5s)"
79,PT03M56.00S,1,1610612744,GSW,201939,Curry,S. Curry,-25,2,3,Missed,1,0.0,0.0,0,v,MISS Curry 3' Driving Layup,Missed Shot,Driving Layup Shot,1,69,21501026,484,15.0,made_fg(24),2,3,likely_contested,"subType: contested-like, distance: at-rim/very close"
104,PT02M36.00S,1,1610612744,GSW,201939,Curry,S. Curry,-24,205,21,Missed,1,0.0,0.0,0,v,MISS Curry 21' Jump Shot,Missed Shot,Jump Shot,1,87,21501026,564,10.0,def_reb(24),2,-1,likely_open,subType: open-like
111,PT01M14.00S,1,1610612744,GSW,201939,Curry,S. Curry,-6,-6,1,Missed,1,0.0,0.0,0,v,MISS Curry 1' Driving Layup,Missed Shot,Driving Layup Shot,1,94,21501026,646,10.0,made_fg(24),2,3,likely_contested,"subType: contested-like, distance: at-rim/very close"
118,PT00M39.90S,1,1610612744,GSW,201939,Curry,S. Curry,-217,110,24,Made,1,34.0,36.0,70,v,Curry 24' 3PT Jump Shot (11 PTS) (Barbosa 2 AST),Made Shot,Jump Shot,1,100,21501026,681,4.0,turnover(24),3,0,likely_open,"subType: open-like, clock: late (<=5s)"
122,PT00M00.30S,1,1610612744,GSW,201939,Curry,S. Curry,163,264,31,Made,1,36.0,42.0,78,v,Curry 31' 3PT Pullup Jump Shot (14 PTS),Made Shot,Pullup Jump shot,1,105,21501026,720,23.0,turnover(24),3,2,likely_contested,"subType: contested-like, text: pressure-move, distance: deep above-break 3 (>=27ft)"
241,PT03M32.00S,2,1610612744,GSW,201939,Curry,S. Curry,-225,2,0,Missed,1,0.0,0.0,0,v,MISS Curry  3PT Jump Shot,Missed Shot,Jump Shot,1,205,21501026,1228,9.0,def_foul_14(14),3,-1,likely_open,"subType: open-like, distance: at-rim/very close, coords: corner-3, corner: catch/spot"
261,PT01M46.00S,2,1610612744,GSW,201939,Curry,S. Curry,19,-1,2,Made,1,61.0,66.0,127,v,Curry 2' Putback Layup (17 PTS) (McAdoo 1 AST),Made Shot,Putback Layup Shot,1,221,21501026,1334,12.0,off_reb(14),2,3,likely_contested,"subType: contested-like, distance: at-rim/very close"
271,PT01M20.00S,2,1610612744,GSW,201939,Curry,S. Curry,60,21,6,Missed,1,0.0,0.0,0,v,MISS Curry 6' Driving Floating Jump Shot,Missed Shot,Driving Floating Jump Shot,1,226,21501026,1360,17.0,final_ft(24),2,2,likely_contested,subType: contested-like
273,PT01M13.00S,2,1610612744,GSW,201939,Curry,S. Curry,235,7,24,Made,1,63.0,69.0,132,v,Curry 24' 3PT Turnaround Bank Shot (20 PTS),Made Shot,Turnaround Bank shot,1,229,21501026,1367,7.0,off_reb(14),3,2,likely_contested,"subType: contested-like, coords: corner-3"
290,PT00M30.90S,2,1610612744,GSW,201939,Curry,S. Curry,4,-5,1,Made,1,65.0,73.0,138,v,Curry 1' Running Layup (22 PTS) (Green 4 AST),Made Shot,Running Layup Shot,1,240,21501026,1410,21.0,def_reb(24),2,3,likely_contested,"subType: contested-like, distance: at-rim/very close"
299,PT00M02.80S,2,1610612744,GSW,201939,Curry,S. Curry,-135,223,26,Missed,1,0.0,0.0,0,v,MISS Curry 26' 3PT Jump Shot,Missed Shot,Jump Shot,1,247,21501026,1438,12.0,final_ft(24),3,-1,likely_open,subType: open-like
316,PT10M25.00S,3,1610612744,GSW,201939,Curry,S. Curry,2,2,0,Missed,1,0.0,0.0,0,v,MISS Curry  Running Reverse Layup,Missed Shot,Running Reverse Layup Shot,1,266,21501026,1535,17.0,turnover(24),2,1,borderline,distance: at-rim/very close
327,PT09M39.00S,3,1610612744,GSW,201939,Curry,S. Curry,-6,85,9,Made,1,74.0,77.0,151,v,Curry 9' Driving Floating Jump Shot (24 PTS),Made Shot,Driving Floating Jump Shot,1,276,21501026,1581,11.0,made_fg(24),2,3,likely_contested,"subType: contested-like, distance: mid-range"
350,PT07M25.00S,3,1610612744,GSW,201939,Curry,S. Curry,17,0,2,Made,1,83.0,83.0,166,v,Curry 2' Layup (26 PTS),Made Shot,Layup Shot,1,300,21501026,1715,13.0,off_reb(14),2,1,borderline,distance: at-rim/very close
383,PT05M19.00S,3,1610612744,GSW,201939,Curry,S. Curry,182,169,25,Missed,1,0.0,0.0,0,v,MISS Curry 25' 3PT Jump Shot,Missed Shot,Jump Shot,1,328,21501026,1841,9.0,keep_clock(18),3,-1,likely_open,subType: open-like
422,PT02M02.00S,3,1610612744,GSW,201939,Curry,S. Curry,74,242,25,Missed,1,0.0,0.0,0,v,MISS Curry 25' 3PT Jump Shot,Missed Shot,Jump Shot,1,362,21501026,2038,12.0,turnover(24),3,-1,likely_open,subType: open-like
440,PT00M25.90S,3,1610612744,GSW,201939,Curry,S. Curry,-4,82,8,Missed,1,0.0,0.0,0,v,MISS Curry 8' Driving Floating Jump Shot,Missed Shot,Driving Floating Jump Shot,1,378,21501026,2135,14.0,def_reb(24),2,3,likely_contested,"subType: contested-like, distance: mid-range"
444,PT00M01.00S,3,1610612744,GSW,201939,Curry,S. Curry,-219,106,24,Missed,1,0.0,0.0,0,v,MISS Curry 24' 3PT Jump Shot,Missed Shot,Jump Shot,1,383,21501026,2159,20.0,def_reb(24),3,-1,likely_open,subType: open-like
519,PT04M47.00S,4,1610612744,GSW,201939,Curry,S. Curry,60,62,9,Missed,1,0.0,0.0,0,v,MISS Curry 9' Turnaround Jump Shot,Missed Shot,Turnaround Jump Shot,1,453,21501026,2593,16.0,def_reb(24),2,1,borderline,distance: mid-range
523,PT04M21.00S,4,1610612744,GSW,201939,Curry,S. Curry,17,2,2,Made,1,101.0,111.0,212,v,Curry 2' Driving Layup (28 PTS),Made Shot,Driving Layup Shot,1,457,21501026,2619,14.0,def_reb(24),2,3,likely_contested,"subType: contested-like, distance: at-rim/very close"
532,PT03M13.00S,4,1610612744,GSW,201939,Curry,S. Curry,38,7,4,Missed,1,0.0,0.0,0,v,MISS Curry 4' Driving Bank Shot,Missed Shot,Driving Bank shot,1,464,21501026,2687,13.0,made_fg(24),2,1,borderline,distance: at-rim/very close
543,PT01M58.00S,4,1610612744,GSW,201939,Curry,S. Curry,-230,8,0,Made,1,108.0,122.0,230,v,Curry  3PT Jump Shot (31 PTS) (Green 7 AST),Made Shot,Jump Shot,1,475,21501026,2762,15.0,def_reb(24),3,-1,likely_open,"subType: open-like, distance: at-rim/very close, coords: corner-3, corner: catch/spot"
17,PT09M54.00S,1,1610612744,GSW,201939,Curry,S. Curry,-204,188,28,Missed,1,0.0,0.0,0,v,MISS Curry 28' 3PT Jump Shot,Missed Shot,Jump Shot,1,22,21501036,126,15.0,made_fg(24),3,-2,likely_open,"subType: open-like, distance: deep above-break 3 (>=27ft)"
46,PT06M18.00S,1,1610612744,GSW,201939,Curry,S. Curry,177,205,27,Missed,1,0.0,0.0,0,v,MISS Curry 27' 3PT Jump Shot,Missed Shot,Jump Shot,1,51,21501036,342,11.0,made_fg(24),3,-2,likely_open,"subType: open-like, distance: deep above-break 3 (>=27ft)"
54,PT05M02.00S,1,1610612744,GSW,201939,Curry,S. Curry,-6,-1,1,Made,1,12.0,11.0,23,v,Curry 1' Finger Roll Layup (2 PTS),Made Shot,Finger Roll Layup Shot,1,60,21501036,418,14.0,turnover(24),2,1,borderline,distance: at-rim/very close
56,PT04M29.00S,1,1610612744,GSW,201939,Curry,S. Curry,-19,242,24,Missed,1,0.0,0.0,0,v,MISS Curry 24' 3PT Jump Shot,Missed Shot,Jump Shot,1,62,21501036,451,12.0,made_fg(24),3,-1,likely_open,subType: open-like
140,PT10M02.00S,2,1610612744,GSW,201939,Curry,S. Curry,-143,198,24,Missed,1,0.0,0.0,0,v,MISS Curry 24' 3PT Jump Shot,Missed Shot,Jump Shot,1,142,21501036,838,9.0,made_fg(24),3,-1,likely_open,subType: open-like
169,PT07M25.00S,2,1610612744,GSW,201939,Curry,S. Curry,207,160,26,Missed,1,0.0,0.0,0,v,MISS Curry 26' 3PT Jump Shot,Missed Shot,Jump Shot,1,169,21501036,995,8.0,made_fg(24),3,-1,likely_open,subType: open-like
173,PT06M58.00S,2,1610612744,GSW,201939,Curry,S. Curry,-7,0,1,Missed,1,0.0,0.0,0,v,MISS Curry 1' Driving Finger Roll Layup,Missed Shot,Driving Finger Roll Layup Shot,1,173,21501036,1022,12.0,made_fg(24),2,1,borderline,distance: at-rim/very close
188,PT06M01.00S,2,1610612744,GSW,201939,Curry,S. Curry,1,43,4,Made,1,31.0,26.0,57,v,Curry 4' Driving Finger Roll Layup (4 PTS),Made Shot,Driving Finger Roll Layup Shot,1,187,21501036,1079,2.0,def_reb(24),2,2,likely_contested,"distance: at-rim/very close, clock: late (<=5s)"
207,PT03M53.00S,2,1610612744,GSW,201939,Curry,S. Curry,-1,8,1,Missed,1,0.0,0.0,0,v,MISS Curry 1' Cutting Finger Roll Layup Shot,Missed Shot,Cutting Finger Roll Layup Shot,1,205,21501036,1207,17.0,turnover(24),2,1,borderline,distance: at-rim/very close
232,PT00M50.80S,2,1610612744,GSW,201939,Curry,S. Curry,177,341,38,Missed,1,0.0,0.0,0,v,MISS Curry 38' 3PT Jump Shot,Missed Shot,Jump Shot,1,226,21501036,1390,,stale_reset(24),3,-2,likely_open,"subType: open-like, distance: deep above-break 3 (>=27ft)"
257,PT09M16.00S,3,1610612744,GSW,201939,Curry,S. Curry,-140,213,25,Missed,1,0.0,0.0,0,v,MISS Curry 25' 3PT Jump Shot,Missed Shot,Jump Shot,1,250,21501036,1604,14.0,made_fg(24),3,-1,likely_open,subType: open-like
287,PT06M26.00S,3,1610612744,GSW,201939,Curry,S. Curry,-2,2,0,Made,1,55.0,52.0,107,v,Curry  Driving Finger Roll Layup (9 PTS),Made Shot,Driving Finger Roll Layup Shot,1,275,21501036,1774,4.0,keep_clock(22),2,2,likely_contested,"distance: at-rim/very close, clock: late (<=5s)"
294,PT05M23.00S,3,1610612744,GSW,201939,Curry,S. Curry,182,210,28,Made,1,55.0,55.0,110,v,Curry 28' 3PT Jump Shot (12 PTS),Made Shot,Jump Shot,1,284,21501036,1837,4.0,off_reb(14),3,-1,likely_open,"subType: open-like, distance: deep above-break 3 (>=27ft), clock: late (<=5s)"
296,PT04M41.00S,3,1610612744,GSW,201939,Curry,S. Curry,-2,11,1,Missed,1,0.0,0.0,0,v,MISS Curry 1' Layup,Missed Shot,Layup Shot,1,286,21501036,1879,5.0,made_fg(24),2,2,likely_contested,"distance: at-rim/very close, clock: late (<=5s)"
422,PT05M13.00S,4,1610612744,GSW,201939,Curry,S. Curry,171,198,26,Missed,1,0.0,0.0,0,v,MISS Curry 26' 3PT Jump Shot,Missed Shot,Jump Shot,1,400,21501036,2567,16.0,def_reb(24),3,-1,likely_open,subType: open-like
458,PT00M46.90S,4,1610612744,GSW,201939,Curry,S. Curry,1,282,28,Missed,1,0.0,0.0,0,v,MISS Curry 28' 3PT Jump Shot,Missed Shot,Jump Shot,1,433,21501036,2834,12.0,keep_clock(24),3,-2,likely_open,"subType: open-like, distance: deep above-break 3 (>=27ft)"
471,PT00M11.90S,4,1610612744,GSW,201939,Curry,S. Curry,197,164,26,Missed,1,0.0,0.0,0,v,MISS Curry 26' 3PT Jump Shot,Missed Shot,Jump Shot,1,444,21501036,2869,8.0,off_reb(14),3,-1,likely_open,subType: open-like
480,PT00M00.00S,4,1610612744,GSW,201939,Curry,S. Curry,238,115,26,Missed,1,0.0,0.0,0,v,MISS Curry 26' 3PT Step Back Jump Shot,Missed Shot,Step Back Jump shot,1,451,21501036,2880,13.0,off_reb(14),3,3,likely_contested,"subType: contested-like, text: pressure-move"
36,PT06M41.00S,1,1610612744,GSW,201939,Curry,S. Curry,171,144,22,Made,1,9.0,12.0,21,v,Curry 22' Pullup Jump Shot (2 PTS) (Green 4 AST),Made Shot,Pullup Jump shot,1,40,21501050,319,7.0,made_fg(24),2,3,likely_contested,"subType: contested-like, text: pressure-move"
40,PT06M18.00S,1,1610612744,GSW,201939,Curry,S. Curry,82,232,25,Missed,1,0.0,0.0,0,v,MISS Curry 25' 3PT Jump Shot,Missed Shot,Jump Shot,1,43,21501050,342,11.0,def_foul_14(14),3,-1,likely_open,subType: open-like
43,PT06M00.00S,1,1610612744,GSW,201939,Curry,S. Curry,-192,165,25,Missed,1,0.0,0.0,0,v,MISS Curry 25' 3PT Jump Shot,Missed Shot,Jump Shot,1,47,21501050,360,16.0,turnover(24),3,-1,likely_open,subType: open-like
49,PT05M42.00S,1,1610612744,GSW,201939,Curry,S. Curry,6,23,2,Missed,1,0.0,0.0,0,v,MISS Curry 2' Driving Layup,Missed Shot,Driving Layup Shot,1,52,21501050,378,18.0,def_reb(24),2,3,likely_contested,"subType: contested-like, distance: at-rim/very close"
54,PT04M35.00S,1,1610612744,GSW,201939,Curry,S. Curry,86,232,25,Made,1,16.0,17.0,33,v,Curry 25' 3PT Step Back Jump Shot (5 PTS),Made Shot,Step Back Jump shot,1,57,21501050,445,8.0,made_fg(24),3,3,likely_contested,"subType: contested-like, text: pressure-move"
73,PT02M41.00S,1,1610612744,GSW,201939,Curry,S. Curry,48,11,5,Missed,1,0.0,0.0,0,v,MISS Curry 5' Jump Shot,Missed Shot,Jump Shot,1,73,21501050,559,9.0,made_fg(24),2,0,likely_open,"subType: open-like, distance: at-rim/very close"
105,PT00M07.90S,1,1610612744,GSW,201939,Curry,S. Curry,-140,134,19,Missed,1,0.0,0.0,0,v,MISS Curry 19' Step Back Jump Shot,Missed Shot,Step Back Jump shot,1,99,21501050,713,3.0,def_reb(24),2,4,likely_contested,"subType: contested-like, text: pressure-move, clock: late (<=5s)"
107,PT00M00.90S,1,1610612744,GSW,201939,Curry,S. Curry,105,228,25,Missed,1,0.0,0.0,0,v,MISS Curry 25' 3PT Jump Shot,Missed Shot,Jump Shot,1,103,21501050,720,11.0,off_reb(14),3,-1,likely_open,subType: open-like
227,PT02M27.00S,2,1610612744,GSW,201939,Curry,S. Curry,9,7,1,Made,1,54.0,53.0,107,v,Curry 1' Driving Layup (8 PTS),Made Shot,Driving Layup Shot,1,204,21501050,1293,15.0,turnover(24),2,3,likely_contested,"subType: contested-like, distance: at-rim/very close"
243,PT01M10.00S,2,1610612744,GSW,201939,Curry,S. Curry,-4,16,2,Made,1,55.0,57.0,112,v,Curry 2' Driving Layup (10 PTS),Made Shot,Driving Layup Shot,1,216,21501050,1370,,stale_reset(14),2,3,likely_contested,"subType: contested-like, distance: at-rim/very close"
255,PT00M01.00S,2,1610612744,GSW,201939,Curry,S. Curry,-210,203,29,Missed,1,0.0,0.0,0,v,MISS Curry 29' 3PT Jump Shot,Missed Shot,Jump Shot,1,228,21501050,1439,9.0,made_fg(24),3,-2,likely_open,"subType: open-like, distance: deep above-break 3 (>=27ft)"
277,PT10M31.00S,3,1610612744,GSW,201939,Curry,S. Curry,-106,154,19,Missed,1,0.0,0.0,0,v,MISS Curry 19' Jump Shot,Missed Shot,Jump Shot,1,252,21501050,1529,2.0,made_fg(24),2,0,likely_open,"subType: open-like, clock: late (<=5s)"
322,PT06M43.00S,3,1610612744,GSW,201939,Curry,S. Curry,-107,237,26,Made,1,72.0,73.0,145,v,Curry 26' 3PT Pullup Jump Shot (13 PTS),Made Shot,Pullup Jump shot,1,296,21501050,1757,17.0,def_reb(24),3,3,likely_contested,"subType: contested-like, text: pressure-move"
329,PT05M19.00S,3,1610612744,GSW,201939,Curry,S. Curry,-17,16,2,Made,1,75.0,77.0,152,v,Curry 2' Cutting Layup Shot (15 PTS) (Green 6 AST),Made Shot,Cutting Layup Shot,1,304,21501050,1841,2.0,made_fg(24),2,2,likely_contested,"distance: at-rim/very close, clock: late (<=5s)"
363,PT01M56.00S,3,1610612744,GSW,201939,Curry,S. Curry,173,213,27,Missed,1,0.0,0.0,0,v,MISS Curry 27' 3PT Jump Shot,Missed Shot,Jump Shot,1,336,21501050,2044,6.0,made_fg(24),3,-2,likely_open,"subType: open-like, distance: deep above-break 3 (>=27ft)"
499,PT03M03.00S,4,1610612744,GSW,201939,Curry,S. Curry,-81,244,26,Missed,1,0.0,0.0,0,v,MISS Curry 26' 3PT Jump Shot,Missed Shot,Jump Shot,1,463,21501050,2697,15.0,def_reb(24),3,-1,likely_open,subType: open-like
502,PT02M22.00S,4,1610612744,GSW,201939,Curry,S. Curry,-179,190,26,Missed,1,0.0,0.0,0,v,MISS Curry 26' 3PT Step Back Jump Shot,Missed Shot,Step Back Jump shot,1,466,21501050,2738,6.0,made_fg(24),3,3,likely_contested,"subType: contested-like, text: pressure-move"
29,PT08M45.00S,1,1610612744,GSW,201939,Curry,S. Curry,15,13,2,Made,1,5.0,6.0,11,h,Curry 2' Running Layup (2 PTS),Made Shot,Running Layup Shot,1,29,21501066,195,18.0,turnover(24),2,3,likely_contested,"subType: contested-like, distance: at-rim/very close"
58,PT06M22.00S,1,1610612744,GSW,201939,Curry,S. Curry,-27,278,28,Missed,1,0.0,0.0,0,h,MISS Curry 28' 3PT Jump Shot,Missed Shot,Jump Shot,1,59,21501066,338,18.0,def_reb(24),3,-2,likely_open,"subType: open-like, distance: deep above-break 3 (>=27ft)"
66,PT05M42.00S,1,1610612744,GSW,201939,Curry,S. Curry,-110,149,19,Missed,1,0.0,0.0,0,h,MISS Curry 19' Jump Shot,Missed Shot,Jump Shot,1,68,21501066,378,15.0,made_fg(24),2,-1,likely_open,subType: open-like
71,PT05M05.00S,1,1610612744,GSW,201939,Curry,S. Curry,232,13,0,Made,1,13.0,12.0,25,h,Curry  3PT Jump Shot (5 PTS) (Bogut 2 AST),Made Shot,Jump Shot,1,73,21501066,415,10.0,off_reb(14),3,-1,likely_open,"subType: open-like, distance: at-rim/very close, coords: corner-3, corner: catch/spot"
96,PT02M29.00S,1,1610612744,GSW,201939,Curry,S. Curry,4,18,2,Made,1,18.0,21.0,39,h,Curry 2' Driving Finger Roll Layup (7 PTS),Made Shot,Driving Finger Roll Layup Shot,1,95,21501066,571,10.0,final_ft(24),2,1,borderline,distance: at-rim/very close
119,PT00M28.80S,1,1610612744,GSW,201939,Curry,S. Curry,220,146,26,Missed,1,0.0,0.0,0,h,MISS Curry 26' 3PT Pullup Jump Shot,Missed Shot,Pullup Jump shot,1,116,21501066,692,15.0,def_reb(24),3,3,likely_contested,"subType: contested-like, text: pressure-move"
122,PT00M02.20S,1,1610612744,GSW,201939,Curry,S. Curry,0,1,0,Made,1,23.0,28.0,51,h,Curry  Running Dunk (9 PTS),Made Shot,Running Dunk Shot,1,119,21501066,718,20.0,made_fg(24),2,3,likely_contested,"subType: contested-like, distance: at-rim/very close"
191,PT04M14.00S,2,1610612744,GSW,201939,Curry,S. Curry,40,257,26,Missed,1,0.0,0.0,0,h,MISS Curry 26' 3PT Step Back Jump Shot,Missed Shot,Step Back Jump shot,1,187,21501066,1186,10.0,turnover(24),3,3,likely_contested,"subType: contested-like, text: pressure-move"
194,PT03M50.00S,2,1610612744,GSW,201939,Curry,S. Curry,-4,7,1,Made,1,46.0,43.0,89,h,Curry 1' Reverse Layup (11 PTS) (Bogut 4 AST),Made Shot,Reverse Layup Shot,1,190,21501066,1210,7.0,made_fg(24),2,3,likely_contested,"subType: contested-like, distance: at-rim/very close"
217,PT02M01.00S,2,1610612744,GSW,201939,Curry,S. Curry,-210,136,25,Made,1,51.0,46.0,97,h,Curry 25' 3PT Step Back Jump Shot (14 PTS),Made Shot,Step Back Jump shot,1,207,21501066,1319,1.0,def_foul_14(14),3,4,likely_contested,"subType: contested-like, text: pressure-move, clock: late (<=5s)"
221,PT01M21.00S,2,1610612744,GSW,201939,Curry,S. Curry,119,228,26,Missed,1,0.0,0.0,0,h,MISS Curry 26' 3PT Jump Shot,Missed Shot,Jump Shot,1,210,21501066,1359,15.0,def_reb(24),3,-1,likely_open,subType: open-like
231,PT00M32.80S,2,1610612744,GSW,201939,Curry,S. Curry,122,190,23,Missed,1,0.0,0.0,0,h,MISS Curry 23' Jump Shot,Missed Shot,Jump Shot,1,220,21501066,1408,11.0,keep_clock(24),2,-1,likely_open,subType: open-like
239,PT11M40.00S,3,1610612744,GSW,201939,Curry,S. Curry,12,8,1,Made,1,53.0,49.0,102,h,Curry 1' Driving Reverse Layup (16 PTS),Made Shot,Driving Reverse Layup Shot,1,227,21501066,1460,4.0,period_start(24),2,4,likely_contested,"subType: contested-like, distance: at-rim/very close, clock: late (<=5s)"
284,PT08M01.00S,3,1610612744,GSW,201939,Curry,S. Curry,-168,200,26,Made,1,64.0,53.0,117,h,Curry 26' 3PT Pullup Jump Shot (19 PTS) (Barnes 2 AST),Made Shot,Pullup Jump shot,1,269,21501066,1679,12.0,final_ft(24),3,3,likely_contested,"subType: contested-like, text: pressure-move"
320,PT05M11.00S,3,1610612744,GSW,201939,Curry,S. Curry,158,203,26,Missed,1,0.0,0.0,0,h,MISS Curry 26' 3PT Jump Shot,Missed Shot,Jump Shot,1,303,21501066,1849,6.0,final_ft(24),3,-1,likely_open,subType: open-like
327,PT04M39.00S,3,1610612744,GSW,201939,Curry,S. Curry,-2,21,2,Made,1,73.0,59.0,132,h,Curry 2' Driving Finger Roll Layup (21 PTS),Made Shot,Driving Finger Roll Layup Shot,1,310,21501066,1881,10.0,def_reb(24),2,1,borderline,distance: at-rim/very close
361,PT01M52.00S,3,1610612744,GSW,201939,Curry,S. Curry,-12,26,3,Missed,1,0.0,0.0,0,h,MISS Curry 3' Layup,Missed Shot,Layup Shot,1,338,21501066,2048,12.0,def_reb(24),2,1,borderline,distance: at-rim/very close
377,PT01M01.00S,3,1610612744,GSW,201939,Curry,S. Curry,-148,134,20,Missed,1,0.0,0.0,0,h,MISS Curry 20' Step Back Jump Shot,Missed Shot,Step Back Jump shot,1,352,21501066,2099,9.0,made_fg(24),2,3,likely_contested,"subType: contested-like, text: pressure-move"
469,PT06M52.00S,4,1610612744,GSW,201939,Curry,S. Curry,-12,16,2,Missed,1,0.0,0.0,0,h,MISS Curry 2' Running Layup,Missed Shot,Running Layup Shot,1,434,21501066,2468,18.0,turnover(24),2,3,likely_contested,"subType: contested-like, distance: at-rim/very close"
503,PT03M27.00S,4,1610612744,GSW,201939,Curry,S. Curry,120,244,27,Made,1,105.0,89.0,194,h,Curry 27' 3PT Jump Shot (28 PTS),Made Shot,Jump Shot,1,463,21501066,2673,9.0,made_fg(24),3,-2,likely_open,"subType: open-like, distance: deep above-break 3 (>=27ft)"
512,PT02M56.00S,4,1610612744,GSW,201939,Curry,S. Curry,236,23,24,Missed,1,0.0,0.0,0,h,MISS Curry 24' 3PT Jump Shot,Missed Shot,Jump Shot,1,470,21501066,2704,4.0,final_ft(24),3,-1,likely_open,"subType: open-like, coords: corner-3, corner: catch/spot, clock: late (<=5s)"
536,PT01M08.00S,4,1610612744,GSW,201939,Curry,S. Curry,2,8,1,Made,1,109.0,94.0,203,h,Curry 1' Driving Layup (31 PTS),Made Shot,Driving Layup Shot,1,491,21501066,2812,9.0,def_reb(24),2,3,likely_contested,"subType: contested-like, distance: at-rim/very close"
540,PT00M41.20S,4,1610612744,GSW,201939,Curry,S. Curry,12,7,1,Made,1,111.0,96.0,207,h,Curry 1' Driving Layup (33 PTS),Made Shot,Driving Layup Shot,1,495,21501066,2839,9.0,made_fg(24),2,3,likely_contested,"subType: contested-like, distance: at-rim/very close"
12,PT10M25.00S,1,1610612744,GSW,201939,Curry,S. Curry,-232,7,0,Made,1,6.0,5.0,11,h,Curry  3PT Pullup Jump Shot (3 PTS) (Green 2 AST),Made Shot,Pullup Jump shot,1,15,21501080,95,4.0,made_fg(24),3,5,likely_contested,"subType: contested-like, text: pressure-move, distance: at-rim/very close, coords: corner-3, clock: late (<=5s)"
19,PT09M25.00S,1,1610612744,GSW,201939,Curry,S. Curry,-71,257,27,Missed,1,0.0,0.0,0,h,MISS Curry 27' 3PT Jump Shot,Missed Shot,Jump Shot,1,23,21501080,155,15.0,made_fg(24),3,-2,likely_open,"subType: open-like, distance: deep above-break 3 (>=27ft)"
24,PT08M10.00S,1,1610612744,GSW,201939,Curry,S. Curry,2,61,6,Missed,1,0.0,0.0,0,h,MISS Curry 6' Floating Jump Shot,Missed Shot,Floating Jump shot,1,28,21501080,230,1.0,made_fg(24),2,3,likely_contested,"subType: contested-like, clock: late (<=5s)"
66,PT04M03.00S,1,1610612744,GSW,201939,Curry,S. Curry,-145,247,29,Made,1,29.0,21.0,50,h,Curry 29' 3PT Pullup Jump Shot (6 PTS),Made Shot,Pullup Jump shot,1,67,21501080,477,14.0,def_reb(24),3,2,likely_contested,"subType: contested-like, text: pressure-move, distance: deep above-break 3 (>=27ft)"
68,PT03M40.00S,1,1610612744,GSW,201939,Curry,S. Curry,227,2,0,Missed,1,0.0,0.0,0,h,MISS Curry  3PT Step Back Jump Shot,Missed Shot,Step Back Jump shot,1,69,21501080,500,12.0,made_fg(24),3,4,likely_contested,"subType: contested-like, text: pressure-move, distance: at-rim/very close, coords: corner-3"
95,PT01M34.00S,1,1610612744,GSW,201939,Curry,S. Curry,-4,21,2,Missed,1,0.0,0.0,0,h,MISS Curry 2' Layup,Missed Shot,Layup Shot,1,95,21501080,626,10.0,keep_clock(18),2,1,borderline,distance: at-rim/very close
104,PT00M45.80S,1,1610612744,GSW,201939,Curry,S. Curry,-205,159,26,Made,1,38.0,31.0,69,h,Curry 26' 3PT Pullup Jump Shot (11 PTS),Made Shot,Pullup Jump shot,1,103,21501080,675,11.0,made_fg(24),3,3,likely_contested,"subType: contested-like, text: pressure-move"
215,PT02M44.00S,2,1610612744,GSW,201939,Curry,S. Curry,9,21,2,Made,1,62.0,51.0,113,h,Curry 2' Driving Finger Roll Layup (15 PTS) (Green 6 AST),Made Shot,Driving Finger Roll Layup Shot,1,207,21501080,1276,5.0,made_fg(24),2,2,likely_contested,"distance: at-rim/very close, clock: late (<=5s)"
255,PT00M28.40S,2,1610612744,GSW,201939,Curry,S. Curry,81,214,23,Made,1,69.0,58.0,127,h,Curry 23' Pullup Jump Shot (19 PTS),Made Shot,Pullup Jump shot,1,237,21501080,1412,17.0,final_ft(24),2,3,likely_contested,"subType: contested-like, text: pressure-move"
258,PT00M02.90S,2,1610612744,GSW,201939,Curry,S. Curry,-220,247,33,Made,1,72.0,58.0,130,h,Curry 33' 3PT Pullup Jump Shot (22 PTS),Made Shot,Pullup Jump shot,1,240,21501080,1438,19.0,def_reb(24),3,2,likely_contested,"subType: contested-like, text: pressure-move, distance: deep above-break 3 (>=27ft)"
271,PT10M26.00S,3,1610612744,GSW,201939,Curry,S. Curry,9,267,27,Missed,1,0.0,0.0,0,h,MISS Curry 27' 3PT Pullup Jump Shot,Missed Shot,Pullup Jump shot,1,252,21501080,1534,18.0,def_reb(24),3,2,likely_contested,"subType: contested-like, text: pressure-move, distance: deep above-break 3 (>=27ft)"
318,PT06M46.00S,3,1610612744,GSW,201939,Curry,S. Curry,125,257,29,Missed,1,0.0,0.0,0,h,MISS Curry 29' 3PT Jump Shot,Missed Shot,Jump Shot,1,290,21501080,1754,11.0,made_fg(24),3,-2,likely_open,"subType: open-like, distance: deep above-break 3 (>=27ft)"
360,PT03M47.00S,3,1610612744,GSW,201939,Curry,S. Curry,235,-6,24,Made,1,95.0,77.0,172,h,Curry 24' 3PT Jump Shot (27 PTS) (Barbosa 1 AST),Made Shot,Jump Shot,1,327,21501080,1933,11.0,off_reb(14),3,-2,likely_open,"subType: open-like, coords: corner-3, corner: catch/spot"
389,PT00M26.70S,3,1610612744,GSW,201939,Curry,S. Curry,64,252,26,Missed,1,0.0,0.0,0,h,MISS Curry 26' 3PT Jump Shot,Missed Shot,Jump Shot,1,354,21501080,2134,14.0,made_fg(24),3,-1,likely_open,subType: open-like
466,PT04M31.00S,4,1610612744,GSW,201939,Curry,S. Curry,66,249,26,Missed,1,0.0,0.0,0,h,MISS Curry 26' 3PT Jump Shot,Missed Shot,Jump Shot,1,425,21501080,2609,12.0,def_reb(24),3,-1,likely_open,subType: open-like
473,PT04M06.00S,4,1610612744,GSW,201939,Curry,S. Curry,-179,183,26,Missed,1,0.0,0.0,0,h,MISS Curry 26' 3PT Step Back Jump Shot,Missed Shot,Step Back Jump shot,1,432,21501080,2634,14.0,keep_clock(20),3,3,likely_contested,"subType: contested-like, text: pressure-move"
476,PT03M36.00S,4,1610612744,GSW,201939,Curry,S. Curry,0,1,0,Made,1,116.0,110.0,226,h,Curry  Driving Dunk (29 PTS),Made Shot,Driving Dunk Shot,1,435,21501080,2664,8.0,made_fg(24),2,3,likely_contested,"subType: contested-like, distance: at-rim/very close"
481,PT02M34.00S,4,1610612744,GSW,201939,Curry,S. Curry,9,21,2,Made,1,120.0,113.0,233,h,Curry 2' Running Layup (31 PTS),Made Shot,Running Layup Shot,1,440,21501080,2726,18.0,def_reb(24),2,3,likely_contested,"subType: contested-like, distance: at-rim/very close"
2,PT11M39.00S,1,1610612744,GSW,201939,Curry,S. Curry,-84,208,22,Made,1,2.0,0.0,2,h,Curry 22' Jump Shot (2 PTS) (Bogut 1 AST),Made Shot,Jump Shot,1,3,21501094,21,3.0,jumpball(24),2,0,likely_open,"subType: open-like, clock: late (<=5s)"
48,PT07M01.00S,1,1610612744,GSW,201939,Curry,S. Curry,-145,259,30,Missed,1,0.0,0.0,0,h,MISS Curry 30' 3PT Jump Shot,Missed Shot,Jump Shot,1,47,21501094,299,8.0,def_foul_14(14),3,-2,likely_open,"subType: open-like, distance: deep above-break 3 (>=27ft)"
74,PT05M13.00S,1,1610612744,GSW,201939,Curry,S. Curry,-9,170,17,Missed,1,0.0,0.0,0,h,MISS Curry 17' Pullup Jump Shot,Missed Shot,Pullup Jump shot,1,68,21501094,407,4.0,final_ft(24),2,4,likely_contested,"subType: contested-like, text: pressure-move, clock: late (<=5s)"
77,PT04M52.00S,1,1610612744,GSW,201939,Curry,S. Curry,191,164,25,Missed,1,0.0,0.0,0,h,MISS Curry 25' 3PT Pullup Jump Shot,Missed Shot,Pullup Jump shot,1,71,21501094,428,11.0,made_fg(24),3,3,likely_contested,"subType: contested-like, text: pressure-move"
96,PT02M29.00S,1,1610612744,GSW,201939,Curry,S. Curry,-186,228,29,Missed,1,0.0,0.0,0,h,MISS Curry 29' 3PT Jump Shot,Missed Shot,Jump Shot,1,90,21501094,571,15.0,def_reb(24),3,-2,likely_open,"subType: open-like, distance: deep above-break 3 (>=27ft)"
104,PT01M42.00S,1,1610612744,GSW,201939,Curry,S. Curry,230,57,24,Missed,1,0.0,0.0,0,h,MISS Curry 24' 3PT Jump Shot,Missed Shot,Jump Shot,1,98,21501094,618,15.0,def_reb(24),3,-1,likely_open,subType: open-like
205,PT04M03.00S,2,1610612744,GSW,201939,Curry,S. Curry,-166,198,26,Made,1,62.0,48.0,110,h,Curry 26' 3PT Jump Shot (6 PTS) (Green 3 AST),Made Shot,Jump Shot,1,193,21501094,1197,17.0,def_reb(24),3,-1,likely_open,subType: open-like
210,PT03M16.00S,2,1610612744,GSW,201939,Curry,S. Curry,9,13,2,Made,1,66.0,50.0,116,h,Curry 2' Driving Layup (8 PTS) (Rush 4 AST),Made Shot,Driving Layup Shot,1,198,21501094,1244,14.0,def_reb(24),2,3,likely_contested,"subType: contested-like, distance: at-rim/very close"
212,PT02M53.00S,2,1610612744,GSW,201939,Curry,S. Curry,163,164,23,Made,1,68.0,50.0,118,h,Curry 23' Jump Shot (10 PTS) (Green 5 AST),Made Shot,Jump Shot,1,201,21501094,1267,17.0,turnover(24),2,-1,likely_open,subType: open-like
237,PT01M22.00S,2,1610612744,GSW,201939,Curry,S. Curry,-70,188,20,Missed,1,0.0,0.0,0,h,MISS Curry 20' Jump Shot,Missed Shot,Jump Shot,1,222,21501094,1358,5.0,def_violation_14(14),2,0,likely_open,"subType: open-like, clock: late (<=5s)"
251,PT00M00.50S,2,1610612744,GSW,201939,Curry,S. Curry,-5,667,67,Missed,1,0.0,0.0,0,h,MISS Curry 67' 3PT Jump Shot,Missed Shot,Jump Shot,1,236,21501094,1440,21.0,def_reb(24),3,-2,likely_open,"subType: open-like, distance: deep above-break 3 (>=27ft)"
269,PT10M22.00S,3,1610612744,GSW,201939,Curry,S. Curry,-19,21,3,Made,1,76.0,59.0,135,h,Curry 3' Running Finger Roll Layup (13 PTS),Made Shot,Running Finger Roll Layup Shot,1,251,21501094,1538,17.0,def_reb(24),2,1,borderline,distance: at-rim/very close
304,PT07M06.00S,3,1610612744,GSW,201939,Curry,S. Curry,192,156,25,Missed,1,0.0,0.0,0,h,MISS Curry 25' 3PT Jump Shot,Missed Shot,Jump Shot,1,284,21501094,1734,17.0,def_reb(24),3,-1,likely_open,subType: open-like
313,PT05M45.00S,3,1610612744,GSW,201939,Curry,S. Curry,138,115,18,Made,1,82.0,68.0,150,h,Curry 18' Jump Shot (15 PTS) (Barnes 1 AST),Made Shot,Jump Shot,1,294,21501094,1815,4.0,made_fg(24),2,0,likely_open,"subType: open-like, clock: late (<=5s)"
342,PT02M37.00S,3,1610612744,GSW,201939,Curry,S. Curry,-173,193,26,Made,1,90.0,72.0,162,h,Curry 26' 3PT Jump Shot (18 PTS) (Green 8 AST),Made Shot,Jump Shot,1,322,21501094,2003,11.0,def_reb(24),3,-1,likely_open,subType: open-like
449,PT04M04.00S,4,1610612744,GSW,201939,Curry,S. Curry,-140,224,26,Missed,1,0.0,0.0,0,h,MISS Curry 26' 3PT Jump Shot,Missed Shot,Jump Shot,1,420,21501094,2636,18.0,turnover(24),3,-1,likely_open,subType: open-like
2,PT11M39.00S,1,1610612744,GSW,201939,Curry,S. Curry,42,247,25,Made,1,3.0,0.0,3,h,Curry 25' 3PT Pullup Jump Shot (3 PTS) (Green 1 AST),Made Shot,Pullup Jump shot,1,3,21501112,21,3.0,jumpball(24),3,4,likely_contested,"subType: contested-like, text: pressure-move, clock: late (<=5s)"
22,PT09M41.00S,1,1610612744,GSW,201939,Curry,S. Curry,138,26,14,Missed,1,0.0,0.0,0,h,MISS Curry 14' Jump Shot,Missed Shot,Jump Shot,1,21,21501112,139,14.0,def_reb(24),2,0,likely_open,"subType: open-like, distance: mid-range"
46,PT06M48.00S,1,1610612744,GSW,201939,Curry,S. Curry,235,26,24,Missed,1,0.0,0.0,0,h,MISS Curry 24' 3PT Jump Shot,Missed Shot,Jump Shot,1,44,21501112,312,16.0,def_reb(24),3,-2,likely_open,"subType: open-like, coords: corner-3, corner: catch/spot"
56,PT06M18.00S,1,1610612744,GSW,201939,Curry,S. Curry,25,13,3,Missed,1,0.0,0.0,0,h,MISS Curry 3' Layup,Missed Shot,Layup Shot,1,53,21501112,342,20.0,turnover(24),2,1,borderline,distance: at-rim/very close
75,PT05M14.00S,1,1610612744,GSW,201939,Curry,S. Curry,-71,111,13,Missed,1,0.0,0.0,0,h,MISS Curry 13' Step Back Jump Shot,Missed Shot,Step Back Jump shot,1,69,21501112,406,3.0,def_reb(24),2,5,likely_contested,"subType: contested-like, text: pressure-move, distance: mid-range, clock: late (<=5s)"
91,PT03M46.00S,1,1610612744,GSW,201939,Curry,S. Curry,209,11,21,Missed,1,0.0,0.0,0,h,MISS Curry 21' Jump Shot,Missed Shot,Jump Shot,1,85,21501112,494,8.0,made_fg(24),2,-1,likely_open,subType: open-like
93,PT03M43.00S,1,1610612744,GSW,201939,Curry,S. Curry,230,7,0,Made,1,23.0,17.0,40,h,Curry  3PT Pullup Jump Shot (8 PTS) (Barnes 1 AST),Made Shot,Pullup Jump shot,1,87,21501112,497,11.0,off_reb(14),3,4,likely_contested,"subType: contested-like, text: pressure-move, distance: at-rim/very close, coords: corner-3"
121,PT00M57.70S,1,1610612744,GSW,201939,Curry,S. Curry,0,1,0,Made,1,27.0,19.0,46,h,Curry  Running Dunk (10 PTS),Made Shot,Running Dunk Shot,1,116,21501112,663,21.0,turnover(24),2,3,likely_contested,"subType: contested-like, distance: at-rim/very close"
125,PT00M13.80S,1,1610612744,GSW,201939,Curry,S. Curry,-171,283,33,Missed,1,0.0,0.0,0,h,MISS Curry 33' 3PT Jump Shot,Missed Shot,Jump Shot,1,119,21501112,707,5.0,def_reb(24),3,-1,likely_open,"subType: open-like, distance: deep above-break 3 (>=27ft), clock: late (<=5s)"
208,PT04M57.00S,2,1610612744,GSW,201939,Curry,S. Curry,45,106,12,Missed,1,0.0,0.0,0,h,MISS Curry 12' Jump Shot,Missed Shot,Jump Shot,1,191,21501112,1143,14.0,def_reb(24),2,0,likely_open,"subType: open-like, distance: mid-range"
211,PT04M30.00S,2,1610612744,GSW,201939,Curry,S. Curry,0,23,2,Missed,1,0.0,0.0,0,h,MISS Curry 2' Cutting Layup Shot,Missed Shot,Cutting Layup Shot,1,194,21501112,1170,8.0,made_fg(24),2,1,borderline,distance: at-rim/very close
253,PT01M42.00S,2,1610612744,GSW,201939,Curry,S. Curry,232,56,24,Made,1,42.0,46.0,88,h,Curry 24' 3PT Jump Shot (13 PTS) (Green 5 AST),Made Shot,Jump Shot,1,237,21501112,1338,12.0,turnover(24),3,-1,likely_open,subType: open-like
256,PT01M13.00S,2,1610612744,GSW,201939,Curry,S. Curry,-14,11,2,Made,1,44.0,46.0,90,h,Curry 2' Driving Layup (15 PTS),Made Shot,Driving Layup Shot,1,240,21501112,1367,8.0,def_reb(24),2,3,likely_contested,"subType: contested-like, distance: at-rim/very close"
266,PT00M27.40S,2,1610612744,GSW,201939,Curry,S. Curry,24,272,27,Made,1,49.0,46.0,95,h,Curry 27' 3PT Pullup Jump Shot (18 PTS),Made Shot,Pullup Jump shot,1,251,21501112,1413,9.0,turnover(24),3,2,likely_contested,"subType: contested-like, text: pressure-move, distance: deep above-break 3 (>=27ft)"
278,PT10M56.00S,3,1610612744,GSW,201939,Curry,S. Curry,-17,26,3,Missed,1,0.0,0.0,0,h,MISS Curry 3' Jump Shot,Missed Shot,Jump Shot,1,261,21501112,1504,18.0,def_reb(24),2,0,likely_open,"subType: open-like, distance: at-rim/very close"
285,PT09M49.00S,3,1610612744,GSW,201939,Curry,S. Curry,135,139,19,Missed,1,0.0,0.0,0,h,MISS Curry 19' Fadeaway Jumper,Missed Shot,Fadeaway Jump Shot,1,269,21501112,1571,2.0,off_reb(14),2,4,likely_contested,"subType: contested-like, text: pressure-move, clock: late (<=5s)"
292,PT08M20.00S,3,1610612744,GSW,201939,Curry,S. Curry,15,16,2,Missed,1,0.0,0.0,0,h,MISS Curry 2' Layup,Missed Shot,Layup Shot,1,277,21501112,1660,11.0,made_fg(24),2,1,borderline,distance: at-rim/very close
315,PT05M39.00S,3,1610612744,GSW,201939,Curry,S. Curry,155,228,28,Made,1,64.0,60.0,124,h,Curry 28' 3PT Pullup Jump Shot (21 PTS),Made Shot,Pullup Jump shot,1,300,21501112,1821,18.0,def_reb(24),3,2,likely_contested,"subType: contested-like, text: pressure-move, distance: deep above-break 3 (>=27ft)"
458,PT06M07.00S,4,1610612744,GSW,201939,Curry,S. Curry,-1,278,28,Made,1,95.0,76.0,171,h,Curry 28' 3PT Jump Bank Shot (24 PTS),Made Shot,Jump Bank Shot,1,430,21501112,2513,16.0,def_reb(24),3,1,borderline,"subType: contested-like, distance: deep above-break 3 (>=27ft)"
490,PT03M33.00S,4,1610612744,GSW,201939,Curry,S. Curry,1,21,2,Made,1,99.0,81.0,180,h,Curry 2' Finger Roll Layup (26 PTS) (Green 9 AST),Made Shot,Finger Roll Layup Shot,1,460,21501112,2667,8.0,final_ft(24),2,1,borderline,distance: at-rim/very close
20,PT08M43.00S,1,1610612744,GSW,201939,Curry,S. Curry,-27,-6,3,Made,1,10.0,6.0,16,v,Curry 3' Driving Layup (2 PTS),Made Shot,Driving Layup Shot,1,22,21501119,197,16.0,made_fg(24),2,3,likely_contested,"subType: contested-like, distance: at-rim/very close"
26,PT07M56.00S,1,1610612744,GSW,201939,Curry,S. Curry,184,169,25,Missed,1,0.0,0.0,0,v,MISS Curry 25' 3PT Jump Shot,Missed Shot,Jump Shot,1,29,21501119,244,18.0,def_reb(24),3,-1,likely_open,subType: open-like
34,PT06M34.00S,1,1610612744,GSW,201939,Curry,S. Curry,27,2,3,Missed,1,0.0,0.0,0,v,MISS Curry 3' Layup,Missed Shot,Layup Shot,1,38,21501119,326,16.0,turnover(24),2,1,borderline,distance: at-rim/very close
59,PT03M45.00S,1,1610612744,GSW,201939,Curry,S. Curry,130,36,13,Missed,1,0.0,0.0,0,v,MISS Curry 13' Jump Bank Shot,Missed Shot,Jump Bank Shot,1,62,21501119,495,15.0,def_reb(24),2,3,likely_contested,"subType: contested-like, distance: mid-range"
67,PT03M05.00S,1,1610612744,GSW,201939,Curry,S. Curry,-138,205,25,Made,1,14.0,22.0,36,v,Curry 25' 3PT Step Back Jump Shot (5 PTS),Made Shot,Step Back Jump shot,1,70,21501119,535,8.0,off_reb(14),3,3,likely_contested,"subType: contested-like, text: pressure-move"
74,PT02M30.00S,1,1610612744,GSW,201939,Curry,S. Curry,-30,7,3,Missed,1,0.0,0.0,0,v,MISS Curry 3' Driving Layup,Missed Shot,Driving Layup Shot,1,76,21501119,570,8.0,made_fg(24),2,3,likely_contested,"subType: contested-like, distance: at-rim/very close"
106,PT00M00.60S,1,1610612744,GSW,201939,Curry,S. Curry,-22,156,16,Made,1,21.0,26.0,47,v,Curry 16' Fadeaway Jumper (7 PTS),Made Shot,Fadeaway Jump Shot,1,107,21501119,720,4.0,def_foul_14(14),2,5,likely_contested,"subType: contested-like, text: pressure-move, distance: mid-range, clock: late (<=5s)"
209,PT02M23.00S,2,1610612744,GSW,201939,Curry,S. Curry,195,193,27,Made,1,33.0,39.0,72,v,Curry 27' 3PT Pullup Jump Shot (10 PTS) (Bogut 2 AST),Made Shot,Pullup Jump shot,1,205,21501119,1297,16.0,def_reb(24),3,2,likely_contested,"subType: contested-like, text: pressure-move, distance: deep above-break 3 (>=27ft)"
256,PT09M48.00S,3,1610612744,GSW,201939,Curry,S. Curry,-29,21,4,Missed,1,0.0,0.0,0,v,MISS Curry 4' Jump Shot,Missed Shot,Jump Shot,1,247,21501119,1572,10.0,def_reb(24),2,0,likely_open,"subType: open-like, distance: at-rim/very close"
263,PT09M17.00S,3,1610612744,GSW,201939,Curry,S. Curry,30,11,3,Missed,1,0.0,0.0,0,v,MISS Curry 3' Jump Shot,Missed Shot,Jump Shot,1,254,21501119,1603,9.0,keep_clock(24),2,0,likely_open,"subType: open-like, distance: at-rim/very close"
275,PT07M57.00S,3,1610612744,GSW,201939,Curry,S. Curry,-153,195,25,Made,1,49.0,45.0,94,v,Curry 25' 3PT Jump Shot (13 PTS) (Green 3 AST),Made Shot,Jump Shot,1,266,21501119,1683,10.0,made_fg(24),3,-1,likely_open,subType: open-like
298,PT06M03.00S,3,1610612744,GSW,201939,Curry,S. Curry,-179,178,25,Missed,1,0.0,0.0,0,v,MISS Curry 25' 3PT Jump Shot,Missed Shot,Jump Shot,1,286,21501119,1797,8.0,off_foul(24),3,-1,likely_open,subType: open-like
304,PT05M07.00S,3,1610612744,GSW,201939,Curry,S. Curry,230,124,26,Made,1,57.0,50.0,107,v,Curry 26' 3PT Jump Shot (16 PTS) (Green 4 AST),Made Shot,Jump Shot,1,292,21501119,1853,9.0,made_fg(24),3,-1,likely_open,subType: open-like
320,PT03M52.00S,3,1610612744,GSW,201939,Curry,S. Curry,109,239,26,Made,1,59.0,58.0,117,v,Curry 26' 3PT Jump Shot (19 PTS),Made Shot,Jump Shot,1,303,21501119,1928,18.0,turnover(24),3,-1,likely_open,subType: open-like
322,PT03M17.00S,3,1610612744,GSW,201939,Curry,S. Curry,-191,203,28,Missed,1,0.0,0.0,0,v,MISS Curry 28' 3PT Jump Shot,Missed Shot,Jump Shot,1,305,21501119,1963,15.0,made_fg(24),3,-2,likely_open,"subType: open-like, distance: deep above-break 3 (>=27ft)"
327,PT02M43.00S,3,1610612744,GSW,201939,Curry,S. Curry,-32,62,7,Missed,1,0.0,0.0,0,v,MISS Curry 7' Jump Shot,Missed Shot,Jump Shot,1,311,21501119,1997,14.0,turnover(24),2,-1,likely_open,subType: open-like
368,PT00M05.90S,3,1610612744,GSW,201939,Curry,S. Curry,184,56,19,Made,1,67.0,63.0,130,v,Curry 19' Step Back Jump Shot (22 PTS),Made Shot,Step Back Jump shot,1,347,21501119,2155,6.0,def_reb(24),2,3,likely_contested,"subType: contested-like, text: pressure-move"
433,PT06M09.00S,4,1610612744,GSW,201939,Curry,S. Curry,19,3,2,Made,1,82.0,76.0,158,v,Curry 2' Layup (24 PTS),Made Shot,Layup Shot,1,403,21501119,2511,15.0,made_fg(24),2,1,borderline,distance: at-rim/very close
440,PT05M46.00S,4,1610612744,GSW,201939,Curry,S. Curry,-6,262,26,Missed,1,0.0,0.0,0,v,MISS Curry 26' 3PT Jump Shot,Missed Shot,Jump Shot,1,409,21501119,2534,17.0,def_reb(24),3,-1,likely_open,subType: open-like
459,PT04M25.00S,4,1610612744,GSW,201939,Curry,S. Curry,-20,7,2,Missed,1,0.0,0.0,0,v,MISS Curry 2' Driving Layup,Missed Shot,Driving Layup Shot,1,426,21501119,2615,13.0,final_ft(24),2,3,likely_contested,"subType: contested-like, distance: at-rim/very close"
495,PT01M40.00S,4,1610612744,GSW,201939,Curry,S. Curry,223,124,26,Missed,1,0.0,0.0,0,v,MISS Curry 26' 3PT Jump Shot,Missed Shot,Jump Shot,1,457,21501119,2780,4.0,def_reb(24),3,0,likely_open,"subType: open-like, clock: late (<=5s)"
549,PT03M10.00S,5,1610612744,GSW,201939,Curry,S. Curry,-24,2,2,Made,1,93.0,95.0,188,v,Curry 2' Driving Reverse Layup (27 PTS),Made Shot,Driving Reverse Layup Shot,1,506,21501119,2990,5.0,def_foul_14(14),2,4,likely_contested,"subType: contested-like, distance: at-rim/very close, clock: late (<=5s)"
567,PT01M30.00S,5,1610612744,GSW,201939,Curry,S. Curry,35,36,5,Made,1,93.0,99.0,192,v,Curry 5' Driving Floating Jump Shot (31 PTS),Made Shot,Driving Floating Jump Shot,1,522,21501119,3090,6.0,def_reb(24),2,3,likely_contested,"subType: contested-like, distance: at-rim/very close"
45,PT06M04.00S,1,1610612744,GSW,201939,Curry,S. Curry,-156,193,25,Missed,1,0.0,0.0,0,h,MISS Curry 25' 3PT Jump Shot,Missed Shot,Jump Shot,1,49,21501136,356,11.0,made_fg(24),3,-1,likely_open,subType: open-like
63,PT05M11.00S,1,1610612744,GSW,201939,Curry,S. Curry,150,18,15,Missed,1,0.0,0.0,0,h,MISS Curry 15' Turnaround Fadeaway Shot,Missed Shot,Turnaround Fadeaway shot,1,65,21501136,409,8.0,def_reb(24),2,4,likely_contested,"subType: contested-like, text: pressure-move, distance: mid-range"
104,PT02M16.00S,1,1610612744,GSW,201939,Curry,S. Curry,-219,141,26,Missed,1,0.0,0.0,0,h,MISS Curry 26' 3PT Jump Shot,Missed Shot,Jump Shot,1,100,21501136,584,14.0,def_reb(24),3,-1,likely_open,subType: open-like
122,PT00M04.30S,1,1610612744,GSW,201939,Curry,S. Curry,223,120,25,Made,1,23.0,21.0,44,h,Curry 25' 3PT Jump Shot (3 PTS) (Livingston 1 AST),Made Shot,Jump Shot,1,118,21501136,716,8.0,def_reb(24),3,-1,likely_open,subType: open-like
208,PT04M15.00S,2,1610612744,GSW,201939,Curry,S. Curry,163,229,28,Missed,1,0.0,0.0,0,h,MISS Curry 28' 3PT Jump Shot,Missed Shot,Jump Shot,1,200,21501136,1185,19.0,def_reb(24),3,-2,likely_open,"subType: open-like, distance: deep above-break 3 (>=27ft)"
223,PT02M14.00S,2,1610612744,GSW,201939,Curry,S. Curry,51,272,28,Made,1,38.0,36.0,74,h,Curry 28' 3PT Pullup Jump Shot (6 PTS),Made Shot,Pullup Jump shot,1,215,21501136,1306,14.0,def_reb(24),3,2,likely_contested,"subType: contested-like, text: pressure-move, distance: deep above-break 3 (>=27ft)"
256,PT11M30.00S,3,1610612744,GSW,201939,Curry,S. Curry,-189,188,27,Made,1,46.0,45.0,91,h,Curry 27' 3PT Jump Shot (9 PTS) (Bogut 2 AST),Made Shot,Jump Shot,1,245,21501136,1470,10.0,turnover(24),3,-2,likely_open,"subType: open-like, distance: deep above-break 3 (>=27ft)"
259,PT10M58.00S,3,1610612744,GSW,201939,Curry,S. Curry,-227,0,0,Made,1,49.0,45.0,94,h,Curry  3PT Pullup Jump Shot (12 PTS) (Thompson 2 AST),Made Shot,Pullup Jump shot,1,248,21501136,1502,9.0,def_reb(24),3,4,likely_contested,"subType: contested-like, text: pressure-move, distance: at-rim/very close, coords: corner-3"
303,PT06M37.00S,3,1610612744,GSW,201939,Curry,S. Curry,104,124,16,Missed,1,0.0,0.0,0,h,MISS Curry 16' Jump Shot,Missed Shot,Jump Shot,1,284,21501136,1763,10.0,made_fg(24),2,0,likely_open,"subType: open-like, distance: mid-range"
324,PT04M45.00S,3,1610612744,GSW,201939,Curry,S. Curry,0,252,25,Made,1,61.0,63.0,124,h,Curry 25' 3PT Pullup Jump Shot (15 PTS) (Green 5 AST),Made Shot,Pullup Jump shot,1,304,21501136,1875,10.0,final_ft(24),3,3,likely_contested,"subType: contested-like, text: pressure-move"
343,PT02M51.00S,3,1610612744,GSW,201939,Curry,S. Curry,8,14,2,Missed,1,0.0,0.0,0,h,MISS Curry 2' Driving Reverse Layup,Missed Shot,Driving Reverse Layup Shot,1,322,21501136,1989,11.0,made_fg(24),2,3,likely_contested,"subType: contested-like, distance: at-rim/very close"
345,PT02M46.00S,3,1610612744,GSW,201939,Curry,S. Curry,163,213,27,Made,1,69.0,71.0,140,h,Curry 27' 3PT Step Back Jump Shot (18 PTS) (Barnes 4 AST),Made Shot,Step Back Jump shot,1,324,21501136,1994,10.0,off_reb(14),3,2,likely_contested,"subType: contested-like, text: pressure-move, distance: deep above-break 3 (>=27ft)"
360,PT01M52.00S,3,1610612744,GSW,201939,Curry,S. Curry,-55,337,34,Made,1,75.0,75.0,150,h,Curry 34' 3PT Jump Shot (24 PTS),Made Shot,Jump Shot,1,336,21501136,2048,11.0,made_fg(24),3,-2,likely_open,"subType: open-like, distance: deep above-break 3 (>=27ft)"
369,PT01M04.00S,3,1610612744,GSW,201939,Curry,S. Curry,-230,62,24,Made,1,79.0,78.0,157,h,Curry 24' 3PT Pullup Jump Shot (27 PTS) (Livingston 2 AST),Made Shot,Pullup Jump shot,1,345,21501136,2096,14.0,turnover(24),3,3,likely_contested,"subType: contested-like, text: pressure-move"
427,PT06M38.00S,4,1610612744,GSW,201939,Curry,S. Curry,-166,239,29,Missed,1,0.0,0.0,0,h,MISS Curry 29' 3PT Jump Shot,Missed Shot,Jump Shot,1,402,21501136,2482,16.0,def_reb(24),3,-2,likely_open,"subType: open-like, distance: deep above-break 3 (>=27ft)"
473,PT03M00.00S,4,1610612744,GSW,201939,Curry,S. Curry,-96,85,13,Missed,1,0.0,0.0,0,h,MISS Curry 13' Fadeaway Bank Shot,Missed Shot,Fadeaway Bank shot,1,447,21501136,2700,2.0,made_fg(24),2,5,likely_contested,"subType: contested-like, text: pressure-move, distance: mid-range, clock: late (<=5s)"
486,PT01M29.00S,4,1610612744,GSW,201939,Curry,S. Curry,15,18,2,Made,1,101.0,103.0,204,h,Curry 2' Running Finger Roll Layup (29 PTS),Made Shot,Running Finger Roll Layup Shot,1,460,21501136,2791,18.0,def_reb(24),2,1,borderline,distance: at-rim/very close
492,PT00M54.80S,4,1610612744,GSW,201939,Curry,S. Curry,235,43,24,Missed,1,0.0,0.0,0,h,MISS Curry 24' 3PT Jump Shot,Missed Shot,Jump Shot,1,464,21501136,2826,2.0,made_fg(24),3,-1,likely_open,"subType: open-like, coords: corner-3, corner: catch/spot, clock: late (<=5s)"
515,PT00M05.30S,4,1610612744,GSW,201939,Curry,S. Curry,-173,218,28,Missed,1,0.0,0.0,0,h,MISS Curry 28' 3PT Jump Shot,Missed Shot,Jump Shot,1,483,21501136,2875,21.0,made_fg(24),3,-2,likely_open,"subType: open-like, distance: deep above-break 3 (>=27ft)"
16,PT09M50.00S,1,1610612744,GSW,201939,Curry,S. Curry,50,61,8,Missed,1,0.0,0.0,0,h,MISS Curry 8' Hook Shot,Missed Shot,Hook Shot,1,18,21501152,130,11.0,made_fg(24),2,3,likely_contested,"subType: contested-like, distance: mid-range"
25,PT08M20.00S,1,1610612744,GSW,201939,Curry,S. Curry,228,41,0,Made,1,12.0,10.0,22,h,Curry  3PT Pullup Jump Shot (3 PTS) (Green 2 AST),Made Shot,Pullup Jump shot,1,27,21501152,220,4.0,def_reb(24),3,5,likely_contested,"subType: contested-like, text: pressure-move, distance: at-rim/very close, coords: corner-3, clock: late (<=5s)"
27,PT07M49.00S,1,1610612744,GSW,201939,Curry,S. Curry,32,26,4,Missed,1,0.0,0.0,0,h,MISS Curry 4' Floating Jump Shot,Missed Shot,Floating Jump shot,1,29,21501152,251,14.0,made_fg(24),2,3,likely_contested,"subType: contested-like, distance: at-rim/very close"
29,PT07M47.00S,1,1610612744,GSW,201939,Curry,S. Curry,6,23,2,Made,1,14.0,12.0,26,h,Curry 2' Layup (5 PTS),Made Shot,Layup Shot,1,31,21501152,253,12.0,off_reb(14),2,1,borderline,distance: at-rim/very close
35,PT07M24.00S,1,1610612744,GSW,201939,Curry,S. Curry,12,11,2,Made,1,16.0,15.0,31,h,Curry 2' Driving Layup (7 PTS),Made Shot,Driving Layup Shot,1,36,21501152,276,12.0,final_ft(24),2,3,likely_contested,"subType: contested-like, distance: at-rim/very close"
59,PT05M44.00S,1,1610612744,GSW,201939,Curry,S. Curry,117,223,25,Missed,1,0.0,0.0,0,h,MISS Curry 25' 3PT Jump Shot,Missed Shot,Jump Shot,1,55,21501152,376,11.0,off_reb(14),3,-1,likely_open,subType: open-like
85,PT03M40.00S,1,1610612744,GSW,201939,Curry,S. Curry,86,185,20,Made,1,23.0,27.0,50,h,Curry 20' Jump Shot (9 PTS),Made Shot,Jump Shot,1,78,21501152,500,9.0,final_ft(24),2,-1,likely_open,subType: open-like
127,PT00M10.00S,1,1610612744,GSW,201939,Curry,S. Curry,9,247,25,Made,1,31.0,37.0,68,h,Curry 25' 3PT Step Back Jump Shot (14 PTS) (Green 4 AST),Made Shot,Step Back Jump shot,1,121,21501152,710,5.0,def_reb(24),3,4,likely_contested,"subType: contested-like, text: pressure-move, clock: late (<=5s)"
198,PT05M27.00S,2,1610612744,GSW,201939,Curry,S. Curry,-173,282,33,Made,1,47.0,46.0,93,h,Curry 33' 3PT Pullup Jump Shot (17 PTS),Made Shot,Pullup Jump shot,1,192,21501152,1113,8.0,def_reb(24),3,2,likely_contested,"subType: contested-like, text: pressure-move, distance: deep above-break 3 (>=27ft)"
221,PT03M49.00S,2,1610612744,GSW,201939,Curry,S. Curry,-215,139,26,Made,1,54.0,50.0,104,h,Curry 26' 3PT Jump Shot (20 PTS) (Green 5 AST),Made Shot,Jump Shot,1,207,21501152,1211,7.0,made_fg(24),3,-1,likely_open,subType: open-like
224,PT03M17.00S,2,1610612744,GSW,201939,Curry,S. Curry,-58,293,30,Missed,1,0.0,0.0,0,h,MISS Curry 30' 3PT Pullup Jump Shot,Missed Shot,Pullup Jump shot,1,210,21501152,1243,16.0,def_reb(24),3,2,likely_contested,"subType: contested-like, text: pressure-move, distance: deep above-break 3 (>=27ft)"
244,PT02M35.00S,2,1610612744,GSW,201939,Curry,S. Curry,-199,56,21,Missed,1,0.0,0.0,0,h,MISS Curry 21' Jump Shot,Missed Shot,Jump Shot,1,226,21501152,1285,11.0,off_foul(24),2,-1,likely_open,subType: open-like
288,PT10M20.00S,3,1610612744,GSW,201939,Curry,S. Curry,4,262,26,Missed,1,0.0,0.0,0,h,MISS Curry 26' 3PT Jump Shot,Missed Shot,Jump Shot,1,267,21501152,1540,12.0,turnover(24),3,-1,likely_open,subType: open-like
313,PT07M49.00S,3,1610612744,GSW,201939,Curry,S. Curry,64,111,13,Made,1,73.0,66.0,139,h,Curry 13' Step Back Jump Shot (22 PTS),Made Shot,Step Back Jump shot,1,292,21501152,1691,12.0,made_fg(24),2,4,likely_contested,"subType: contested-like, text: pressure-move, distance: mid-range"
315,PT07M22.00S,3,1610612744,GSW,201939,Curry,S. Curry,-166,208,27,Made,1,76.0,68.0,144,h,Curry 27' 3PT Jump Shot (25 PTS),Made Shot,Jump Shot,1,294,21501152,1718,12.0,made_fg(24),3,-2,likely_open,"subType: open-like, distance: deep above-break 3 (>=27ft)"
319,PT06M44.00S,3,1610612744,GSW,201939,Curry,S. Curry,-205,156,26,Made,1,79.0,70.0,149,h,Curry 26' 3PT Pullup Jump Shot (28 PTS) (Green 7 AST),Made Shot,Pullup Jump shot,1,298,21501152,1756,12.0,made_fg(24),3,3,likely_contested,"subType: contested-like, text: pressure-move"
328,PT06M15.00S,3,1610612744,GSW,201939,Curry,S. Curry,0,262,26,Made,1,82.0,71.0,153,h,Curry 26' 3PT Jump Shot (31 PTS) (Thompson 1 AST),Made Shot,Jump Shot,1,305,21501152,1785,10.0,final_ft(24),3,-1,likely_open,subType: open-like
330,PT05M55.00S,3,1610612744,GSW,201939,Curry,S. Curry,192,228,30,Made,1,85.0,73.0,158,h,Curry 30' 3PT Pullup Jump Shot (34 PTS),Made Shot,Pullup Jump shot,1,307,21501152,1805,18.0,made_fg(24),3,2,likely_contested,"subType: contested-like, text: pressure-move, distance: deep above-break 3 (>=27ft)"
332,PT05M35.00S,3,1610612744,GSW,201939,Curry,S. Curry,17,264,26,Missed,1,0.0,0.0,0,h,MISS Curry 26' 3PT Pullup Jump Shot,Missed Shot,Pullup Jump shot,1,309,21501152,1825,15.0,made_fg(24),3,3,likely_contested,"subType: contested-like, text: pressure-move"
345,PT04M20.00S,3,1610612744,GSW,201939,Curry,S. Curry,181,56,19,Missed,1,0.0,0.0,0,h,MISS Curry 19' Jump Shot,Missed Shot,Jump Shot,1,322,21501152,1900,12.0,made_fg(24),2,-1,likely_open,subType: open-like
485,PT04M46.00S,4,1610612744,GSW,201939,Curry,S. Curry,140,239,28,Made,1,120.0,105.0,225,h,Curry 28' 3PT Pullup Jump Shot (39 PTS),Made Shot,Pullup Jump shot,1,445,21501152,2594,15.0,def_reb(24),3,2,likely_contested,"subType: contested-like, text: pressure-move, distance: deep above-break 3 (>=27ft)"
11,PT10M10.00S,1,1610612744,GSW,201939,Curry,S. Curry,-43,262,27,Missed,1,0.0,0.0,0,h,MISS Curry 27' 3PT Jump Shot,Missed Shot,Jump Shot,1,13,21501163,110,5.0,made_fg(24),3,-1,likely_open,"subType: open-like, distance: deep above-break 3 (>=27ft), clock: late (<=5s)"
64,PT04M09.00S,1,1610612744,GSW,201939,Curry,S. Curry,140,208,25,Missed,1,0.0,0.0,0,h,MISS Curry 25' 3PT Jump Shot,Missed Shot,Jump Shot,1,65,21501163,471,16.0,keep_clock(21),3,-1,likely_open,subType: open-like
75,PT03M01.00S,1,1610612744,GSW,201939,Curry,S. Curry,-192,11,19,Missed,1,0.0,0.0,0,h,MISS Curry 19' Jump Shot,Missed Shot,Jump Shot,1,77,21501163,539,10.0,made_fg(24),2,-1,likely_open,subType: open-like
173,PT06M26.00S,2,1610612744,GSW,201939,Curry,S. Curry,-199,188,27,Missed,1,0.0,0.0,0,h,MISS Curry 27' 3PT Jump Shot,Missed Shot,Jump Shot,1,165,21501163,1054,17.0,def_reb(24),3,-2,likely_open,"subType: open-like, distance: deep above-break 3 (>=27ft)"
205,PT03M02.00S,2,1610612744,GSW,201939,Curry,S. Curry,168,195,26,Missed,1,0.0,0.0,0,h,MISS Curry 26' 3PT Jump Shot,Missed Shot,Jump Shot,1,193,21501163,1258,12.0,made_fg(24),3,-1,likely_open,subType: open-like
214,PT02M20.00S,2,1610612744,GSW,201939,Curry,S. Curry,20,11,2,Missed,1,0.0,0.0,0,h,MISS Curry 2' Putback Layup,Missed Shot,Putback Layup Shot,1,204,21501163,1300,0.0,made_fg(24),2,4,likely_contested,"subType: contested-like, distance: at-rim/very close, clock: late (<=5s)"
218,PT01M45.00S,2,1610612744,GSW,201939,Curry,S. Curry,27,16,3,Missed,1,0.0,0.0,0,h,MISS Curry 3' Floating Jump Shot,Missed Shot,Floating Jump shot,1,207,21501163,1335,7.0,made_fg(24),2,3,likely_contested,"subType: contested-like, distance: at-rim/very close"
238,PT00M02.30S,2,1610612744,GSW,201939,Curry,S. Curry,-204,224,30,Missed,1,0.0,0.0,0,h,MISS Curry 30' 3PT Jump Shot,Missed Shot,Jump Shot,1,227,21501163,1438,16.0,made_fg(24),3,-2,likely_open,"subType: open-like, distance: deep above-break 3 (>=27ft)"
271,PT09M11.00S,3,1610612744,GSW,201939,Curry,S. Curry,-11,249,25,Made,1,60.0,49.0,109,h,Curry 25' 3PT Pullup Jump Shot (5 PTS),Made Shot,Pullup Jump shot,1,261,21501163,1609,17.0,turnover(24),3,3,likely_contested,"subType: contested-like, text: pressure-move"
312,PT04M32.00S,3,1610612744,GSW,201939,Curry,S. Curry,9,52,5,Missed,1,0.0,0.0,0,h,MISS Curry 5' Jump Shot,Missed Shot,Jump Shot,1,301,21501163,1888,9.0,def_reb(24),2,0,likely_open,"subType: open-like, distance: at-rim/very close"
338,PT03M09.00S,3,1610612744,GSW,201939,Curry,S. Curry,200,144,25,Made,1,78.0,65.0,143,h,Curry 25' 3PT Pullup Jump Shot (8 PTS) (Bogut 4 AST),Made Shot,Pullup Jump shot,1,322,21501163,1971,4.0,final_ft(24),3,4,likely_contested,"subType: contested-like, text: pressure-move, clock: late (<=5s)"
344,PT01M51.00S,3,1610612744,GSW,201939,Curry,S. Curry,186,214,28,Made,1,81.0,70.0,151,h,Curry 28' 3PT Pullup Jump Shot (11 PTS),Made Shot,Pullup Jump shot,1,328,21501163,2049,8.0,made_fg(24),3,2,likely_contested,"subType: contested-like, text: pressure-move, distance: deep above-break 3 (>=27ft)"
346,PT01M22.00S,3,1610612744,GSW,201939,Curry,S. Curry,-1,273,27,Made,1,84.0,72.0,156,h,Curry 27' 3PT Jump Shot (14 PTS),Made Shot,Jump Shot,1,330,21501163,2078,15.0,made_fg(24),3,-2,likely_open,"subType: open-like, distance: deep above-break 3 (>=27ft)"
360,PT00M11.80S,3,1610612744,GSW,201939,Curry,S. Curry,127,257,29,Missed,1,0.0,0.0,0,h,MISS Curry 29' 3PT Jump Shot,Missed Shot,Jump Shot,1,345,21501163,2149,3.0,made_fg(24),3,-1,likely_open,"subType: open-like, distance: deep above-break 3 (>=27ft), clock: late (<=5s)"
419,PT05M39.00S,4,1610612744,GSW,201939,Curry,S. Curry,-19,80,8,Made,1,100.0,96.0,196,h,Curry 8' Floating Jump Shot (16 PTS) (Green 8 AST),Made Shot,Floating Jump shot,1,401,21501163,2541,11.0,made_fg(24),2,3,likely_contested,"subType: contested-like, distance: mid-range"
427,PT04M09.00S,4,1610612744,GSW,201939,Curry,S. Curry,-7,21,2,Made,1,104.0,98.0,202,h,Curry 2' Driving Finger Roll Layup (18 PTS),Made Shot,Driving Finger Roll Layup Shot,1,410,21501163,2631,2.0,turnover(24),2,2,likely_contested,"distance: at-rim/very close, clock: late (<=5s)"
435,PT03M25.00S,4,1610612744,GSW,201939,Curry,S. Curry,200,146,25,Missed,1,0.0,0.0,0,h,MISS Curry 25' 3PT Jump Shot,Missed Shot,Jump Shot,1,415,21501163,2675,1.0,final_ft(24),3,0,likely_open,"subType: open-like, clock: late (<=5s)"
451,PT01M24.00S,4,1610612744,GSW,201939,Curry,S. Curry,-7,257,26,Missed,1,0.0,0.0,0,h,MISS Curry 26' 3PT Pullup Jump Shot,Missed Shot,Pullup Jump shot,1,430,21501163,2796,5.0,def_reb(24),3,4,likely_contested,"subType: contested-like, text: pressure-move, clock: late (<=5s)"
482,PT04M22.00S,5,1610612744,GSW,201939,Curry,S. Curry,148,16,15,Missed,1,0.0,0.0,0,h,MISS Curry 15' Jump Shot,Missed Shot,Jump Shot,1,454,21501163,2918,4.0,final_ft(24),2,1,borderline,"subType: open-like, distance: mid-range, clock: late (<=5s)"
487,PT03M45.00S,5,1610612744,GSW,201939,Curry,S. Curry,-7,33,3,Missed,1,0.0,0.0,0,h,MISS Curry 3' Jump Shot,Missed Shot,Jump Shot,1,459,21501163,2955,8.0,made_fg(24),2,0,likely_open,"subType: open-like, distance: at-rim/very close"
505,PT02M22.00S,5,1610612744,GSW,201939,Curry,S. Curry,-99,203,23,Missed,1,0.0,0.0,0,h,MISS Curry 23' Jump Shot,Missed Shot,Jump Shot,1,476,21501163,3038,12.0,final_ft(24),2,-1,likely_open,subType: open-like
513,PT01M18.00S,5,1610612744,GSW,201939,Curry,S. Curry,-2,11,1,Made,1,113.0,116.0,229,h,Curry 1' Driving Layup (20 PTS),Made Shot,Driving Layup Shot,1,483,21501163,3102,19.0,made_fg(24),2,3,likely_contested,"subType: contested-like, distance: at-rim/very close"
523,PT00M50.90S,5,1610612744,GSW,201939,Curry,S. Curry,186,178,26,Missed,1,0.0,0.0,0,h,MISS Curry 26' 3PT Jump Shot,Missed Shot,Jump Shot,1,491,21501163,3130,17.0,def_reb(24),3,-1,likely_open,subType: open-like
530,PT00M41.80S,5,1610612744,GSW,201939,Curry,S. Curry,-9,16,2,Missed,1,0.0,0.0,0,h,MISS Curry 2' Running Layup,Missed Shot,Running Layup Shot,1,497,21501163,3139,16.0,final_ft(24),2,3,likely_contested,"subType: contested-like, distance: at-rim/very close"
551,PT00M17.10S,5,1610612744,GSW,201939,Curry,S. Curry,-171,232,29,Missed,1,0.0,0.0,0,h,MISS Curry 29' 3PT Jump Shot,Missed Shot,Jump Shot,1,513,21501163,3163,21.0,final_ft(24),3,-2,likely_open,"subType: open-like, distance: deep above-break 3 (>=27ft)"
11,PT10M33.00S,1,1610612744,GSW,201939,Curry,S. Curry,122,151,19,Missed,1,0.0,0.0,0,h,MISS Curry 19' Turnaround Jump Shot,Missed Shot,Turnaround Jump Shot,1,12,21501177,87,10.0,def_reb(24),2,0,likely_open,
59,PT03M57.00S,1,1610612744,GSW,201939,Curry,S. Curry,-124,129,18,Missed,1,0.0,0.0,0,h,MISS Curry 18' Jump Shot,Missed Shot,Jump Shot,1,63,21501177,483,14.0,def_reb(24),2,-1,likely_open,subType: open-like
62,PT03M38.00S,1,1610612744,GSW,201939,Curry,S. Curry,-9,7,1,Made,1,15.0,13.0,28,h,Curry 1' Finger Roll Layup (2 PTS),Made Shot,Finger Roll Layup Shot,1,66,21501177,502,13.0,made_fg(24),2,1,borderline,distance: at-rim/very close
78,PT02M35.00S,1,1610612744,GSW,201939,Curry,S. Curry,114,77,14,Missed,1,0.0,0.0,0,h,MISS Curry 14' Jump Bank Shot,Missed Shot,Jump Bank Shot,1,82,21501177,565,21.0,def_reb(24),2,3,likely_contested,"subType: contested-like, distance: mid-range"
88,PT01M13.00S,1,1610612744,GSW,201939,Curry,S. Curry,-16,21,3,Missed,1,0.0,0.0,0,h,MISS Curry 3' Driving Finger Roll Layup,Missed Shot,Driving Finger Roll Layup Shot,0,93,21501177,647,16.0,keep_clock(19),2,1,borderline,distance: at-rim/very close
101,PT00M13.50S,1,1610612744,GSW,201939,Curry,S. Curry,17,23,3,Made,1,20.0,15.0,35,h,Curry 3' Driving Reverse Layup (4 PTS),Made Shot,Driving Reverse Layup Shot,1,108,21501177,707,5.0,def_reb(24),2,4,likely_contested,"subType: contested-like, distance: at-rim/very close, clock: late (<=5s)"
104,PT00M00.10S,1,1610612744,GSW,201939,Curry,S. Curry,-129,675,69,Missed,1,0.0,0.0,0,h,MISS Curry 69' 3PT Jump Shot,Missed Shot,Jump Shot,1,111,21501177,720,24.0,def_reb(24),3,-2,likely_open,"subType: open-like, distance: deep above-break 3 (>=27ft)"
187,PT04M21.00S,2,1610612744,GSW,201939,Curry,S. Curry,-158,203,26,Made,1,41.0,29.0,70,h,Curry 26' 3PT Pullup Jump Shot (7 PTS) (Livingston 4 AST),Made Shot,Pullup Jump shot,1,182,21501177,1179,17.0,def_reb(24),3,3,likely_contested,"subType: contested-like, text: pressure-move"
231,PT11M44.00S,3,1610612744,GSW,201939,Curry,S. Curry,-156,193,25,Missed,1,0.0,0.0,0,h,MISS Curry 25' 3PT Jump Shot,Missed Shot,Jump Shot,1,225,21501177,1456,8.0,period_start(24),3,-1,likely_open,subType: open-like
240,PT10M34.00S,3,1610612744,GSW,201939,Curry,S. Curry,48,126,13,Made,1,56.0,44.0,100,h,Curry 13' Floating Jump Shot (9 PTS),Made Shot,Floating Jump shot,1,232,21501177,1526,15.0,made_fg(24),2,3,likely_contested,"subType: contested-like, distance: mid-range"
261,PT09M05.00S,3,1610612744,GSW,201939,Curry,S. Curry,0,13,1,Made,1,62.0,45.0,107,h,Curry 1' Running Reverse Layup (11 PTS),Made Shot,Running Reverse Layup Shot,1,249,21501177,1615,17.0,def_reb(24),2,1,borderline,distance: at-rim/very close
271,PT08M05.00S,3,1610612744,GSW,201939,Curry,S. Curry,-169,13,17,Made,1,64.0,47.0,111,h,Curry 17' Jump Bank Shot (13 PTS),Made Shot,Jump Bank Shot,1,260,21501177,1675,9.0,made_fg(24),2,2,likely_contested,subType: contested-like
277,PT07M39.00S,3,1610612744,GSW,201939,Curry,S. Curry,-4,269,27,Made,1,67.0,48.0,115,h,Curry 27' 3PT Pullup Jump Shot (16 PTS),Made Shot,Pullup Jump shot,1,265,21501177,1701,15.0,final_ft(24),3,2,likely_contested,"subType: contested-like, text: pressure-move, distance: deep above-break 3 (>=27ft)"
286,PT06M49.00S,3,1610612744,GSW,201939,Curry,S. Curry,-7,252,25,Missed,1,0.0,0.0,0,h,MISS Curry 25' 3PT Jump Shot,Missed Shot,Jump Shot,1,274,21501177,1751,17.0,def_reb(24),3,-1,likely_open,subType: open-like
312,PT03M49.00S,3,1610612744,GSW,201939,Curry,S. Curry,10,16,2,Made,1,75.0,54.0,129,h,Curry 2' Driving Layup (18 PTS) (Bogut 3 AST),Made Shot,Driving Layup Shot,1,297,21501177,1931,0.0,final_ft(24),2,4,likely_contested,"subType: contested-like, distance: at-rim/very close, clock: late (<=5s)"
314,PT03M21.00S,3,1610612744,GSW,201939,Curry,S. Curry,-1,11,1,Made,1,77.0,56.0,133,h,Curry 1' Driving Reverse Layup (20 PTS),Made Shot,Driving Reverse Layup Shot,1,299,21501177,1959,11.0,made_fg(24),2,3,likely_contested,"subType: contested-like, distance: at-rim/very close"
338,PT00M38.30S,3,1610612744,GSW,201939,Curry,S. Curry,-9,21,2,Made,1,85.0,67.0,152,h,Curry 2' Driving Finger Roll Layup (22 PTS),Made Shot,Driving Finger Roll Layup Shot,1,321,21501177,2122,16.0,made_fg(24),2,1,borderline,distance: at-rim/very close
410,PT05M09.00S,4,1610612744,GSW,201939,Curry,S. Curry,133,228,26,Missed,1,0.0,0.0,0,h,MISS Curry 26' 3PT Jump Shot,Missed Shot,Jump Shot,1,384,21501177,2571,10.0,made_fg(24),3,-1,likely_open,subType: open-like
440,PT02M19.00S,4,1610612744,GSW,201939,Curry,S. Curry,186,174,25,Made,1,112.0,95.0,207,h,Curry 25' 3PT Step Back Jump Shot (27 PTS),Made Shot,Step Back Jump shot,1,412,21501177,2741,3.0,def_foul_14(14),3,4,likely_contested,"subType: contested-like, text: pressure-move, clock: late (<=5s)"
35,PT06M59.00S,1,1610612744,GSW,201939,Curry,S. Curry,-155,75,17,Made,1,17.0,15.0,32,v,Curry 17' Step Back Bank Jump Shot (2 PTS),Made Shot,Step Back Bank Jump Shot,1,34,21501190,301,15.0,def_reb(24),2,1,borderline,text: pressure-move
42,PT06M28.00S,1,1610612744,GSW,201939,Curry,S. Curry,79,237,25,Missed,1,0.0,0.0,0,v,MISS Curry 25' 3PT Jump Shot,Missed Shot,Jump Shot,1,41,21501190,332,18.0,turnover(24),3,-1,likely_open,subType: open-like
46,PT06M07.00S,1,1610612744,GSW,201939,Curry,S. Curry,56,239,25,Missed,1,0.0,0.0,0,v,MISS Curry 25' 3PT Running Jump Shot,Missed Shot,Running Jump Shot,1,45,21501190,353,20.0,def_reb(24),3,-1,likely_open,subType: open-like
62,PT04M15.00S,1,1610612744,GSW,201939,Curry,S. Curry,15,-6,2,Made,1,19.0,24.0,43,v,Curry 2' Running Reverse Layup (4 PTS),Made Shot,Running Reverse Layup Shot,1,60,21501190,465,17.0,def_reb(24),2,1,borderline,distance: at-rim/very close
67,PT03M17.00S,1,1610612744,GSW,201939,Curry,S. Curry,-14,7,2,Made,1,21.0,28.0,49,v,Curry 2' Cutting Layup Shot (6 PTS) (Green 1 AST),Made Shot,Cutting Layup Shot,1,65,21501190,523,12.0,made_fg(24),2,1,borderline,distance: at-rim/very close
78,PT02M24.00S,1,1610612744,GSW,201939,Curry,S. Curry,235,26,24,Missed,1,0.0,0.0,0,v,MISS Curry 24' 3PT Step Back Jump Shot,Missed Shot,Step Back Jump shot,1,76,21501190,576,11.0,def_reb(24),3,3,likely_contested,"subType: contested-like, text: pressure-move, coords: corner-3"
85,PT02M02.00S,1,1610612744,GSW,201939,Curry,S. Curry,-32,0,3,Missed,1,0.0,0.0,0,v,MISS Curry 3' Cutting Layup Shot,Missed Shot,Cutting Layup Shot,1,82,21501190,598,8.0,final_ft(24),2,1,borderline,distance: at-rim/very close
205,PT03M20.00S,2,1610612744,GSW,201939,Curry,S. Curry,63,252,26,Missed,1,0.0,0.0,0,v,MISS Curry 26' 3PT Jump Shot,Missed Shot,Jump Shot,1,191,21501190,1240,1.0,keep_clock(15),3,0,likely_open,"subType: open-like, clock: late (<=5s)"
236,PT00M00.00S,2,1610612744,GSW,201939,Curry,S. Curry,159,604,62,Missed,1,0.0,0.0,0,v,MISS Curry 62' 3PT Jump Shot,Missed Shot,Jump Shot,1,222,21501190,1440,22.0,turnover(24),3,-2,likely_open,"subType: open-like, distance: deep above-break 3 (>=27ft)"
251,PT10M22.00S,3,1610612744,GSW,201939,Curry,S. Curry,184,87,20,Missed,1,0.0,0.0,0,v,MISS Curry 20' Jump Shot,Missed Shot,Jump Shot,1,235,21501190,1538,16.0,def_reb(24),2,-1,likely_open,subType: open-like
272,PT08M11.00S,3,1610612744,GSW,201939,Curry,S. Curry,32,16,4,Made,1,56.0,57.0,113,v,Curry 4' Driving Floating Bank Jump Shot (8 PTS),Made Shot,Driving Floating Bank Jump Shot,1,256,21501190,1669,4.0,made_fg(24),2,4,likely_contested,"subType: contested-like, distance: at-rim/very close, clock: late (<=5s)"
279,PT07M36.00S,3,1610612744,GSW,201939,Curry,S. Curry,9,242,24,Made,1,56.0,60.0,116,v,Curry 24' 3PT Running Jump Shot (11 PTS),Made Shot,Running Jump Shot,1,263,21501190,1704,21.0,def_reb(24),3,-1,likely_open,subType: open-like
291,PT06M45.00S,3,1610612744,GSW,201939,Curry,S. Curry,179,195,26,Missed,1,0.0,0.0,0,v,MISS Curry 26' 3PT Running Jump Shot,Missed Shot,Running Jump Shot,1,272,21501190,1755,19.0,def_reb(24),3,-1,likely_open,subType: open-like
324,PT04M08.00S,3,1610612744,GSW,201939,Curry,S. Curry,35,269,27,Missed,1,0.0,0.0,0,v,MISS Curry 27' 3PT Jump Shot,Missed Shot,Jump Shot,1,303,21501190,1912,13.0,made_fg(24),3,-2,likely_open,"subType: open-like, distance: deep above-break 3 (>=27ft)"
331,PT03M21.00S,3,1610612744,GSW,201939,Curry,S. Curry,222,193,29,Missed,1,0.0,0.0,0,v,MISS Curry 29' 3PT Jump Shot,Missed Shot,Jump Shot,1,310,21501190,1959,12.0,def_reb(24),3,-2,likely_open,"subType: open-like, distance: deep above-break 3 (>=27ft)"
337,PT02M23.00S,3,1610612744,GSW,201939,Curry,S. Curry,17,31,4,Missed,1,0.0,0.0,0,v,MISS Curry 4' Driving Layup,Missed Shot,Driving Layup Shot,1,317,21501190,2017,15.0,made_fg(24),2,3,likely_contested,"subType: contested-like, distance: at-rim/very close"
348,PT00M48.90S,3,1610612744,GSW,201939,Curry,S. Curry,-217,124,25,Missed,1,0.0,0.0,0,v,MISS Curry 25' 3PT Running Jump Shot,Missed Shot,Running Jump Shot,1,329,21501190,2112,17.0,turnover(24),3,-1,likely_open,subType: open-like
361,PT00M06.10S,3,1610612744,GSW,201939,Curry,S. Curry,218,120,25,Made,1,76.0,70.0,146,v,Curry 25' 3PT Jump Shot (14 PTS) (Livingston 2 AST),Made Shot,Jump Shot,1,339,21501190,2154,6.0,def_foul_14(14),3,-1,likely_open,subType: open-like
457,PT04M59.00S,4,1610612744,GSW,201939,Curry,S. Curry,14,257,26,Made,1,93.0,87.0,180,v,Curry 26' 3PT Jump Shot (17 PTS) (Green 4 AST),Made Shot,Jump Shot,1,418,21501190,2581,14.0,final_ft(24),3,-1,likely_open,subType: open-like
503,PT01M01.00S,4,1610612744,GSW,201939,Curry,S. Curry,19,16,2,Missed,1,0.0,0.0,0,v,MISS Curry 2' Driving Layup,Missed Shot,Driving Layup Shot,0,454,21501190,2819,12.0,final_ft(24),2,3,likely_contested,"subType: contested-like, distance: at-rim/very close"
510,PT00M30.90S,4,1610612744,GSW,201939,Curry,S. Curry,35,252,25,Missed,1,0.0,0.0,0,v,MISS Curry 25' 3PT Jump Shot,Missed Shot,Jump Shot,1,462,21501190,2850,10.0,def_reb(24),3,-1,likely_open,subType: open-like
512,PT00M08.80S,4,1610612744,GSW,201939,Curry,S. Curry,227,61,24,Missed,1,0.0,0.0,0,v,MISS Curry 24' 3PT Jump Shot,Missed Shot,Jump Shot,1,464,21501190,2872,,stale_reset(14),3,-1,likely_open,subType: open-like
14,PT10M33.00S,1,1610612744,GSW,201939,Curry,S. Curry,20,205,21,Made,1,5.0,2.0,7,v,Curry 21' Pullup Jump Shot (2 PTS),Made Shot,Pullup Jump shot,1,13,21501201,87,15.0,final_ft(24),2,3,likely_contested,"subType: contested-like, text: pressure-move"
17,PT10M00.00S,1,1610612744,GSW,201939,Curry,S. Curry,174,185,25,Missed,1,0.0,0.0,0,v,MISS Curry 25' 3PT Jump Shot,Missed Shot,Jump Shot,1,16,21501201,120,17.0,def_reb(24),3,-1,likely_open,subType: open-like
53,PT06M06.00S,1,1610612744,GSW,201939,Curry,S. Curry,79,139,16,Missed,1,0.0,0.0,0,v,MISS Curry 16' Jump Shot,Missed Shot,Jump Shot,1,50,21501201,354,14.0,def_reb(24),2,0,likely_open,"subType: open-like, distance: mid-range"
66,PT05M22.00S,1,1610612744,GSW,201939,Curry,S. Curry,171,174,24,Made,1,9.0,11.0,20,v,Curry 24' 3PT Pullup Jump Shot (5 PTS),Made Shot,Pullup Jump shot,1,60,21501201,398,5.0,def_foul_14(14),3,4,likely_contested,"subType: contested-like, text: pressure-move, clock: late (<=5s)"
140,PT11M13.00S,2,1610612744,GSW,201939,Curry,S. Curry,10,-1,1,Made,1,22.0,16.0,38,v,Curry 1' Cutting Finger Roll Layup Shot (9 PTS) (Iguodala 1 AST),Made Shot,Cutting Finger Roll Layup Shot,1,126,21501201,767,9.0,made_fg(24),2,1,borderline,distance: at-rim/very close
161,PT08M56.00S,2,1610612744,GSW,201939,Curry,S. Curry,155,203,26,Missed,1,0.0,0.0,0,v,MISS Curry 26' 3PT Jump Shot,Missed Shot,Jump Shot,1,144,21501201,904,11.0,turnover(24),3,-1,likely_open,subType: open-like
178,PT06M58.00S,2,1610612744,GSW,201939,Curry,S. Curry,-140,8,14,Missed,1,0.0,0.0,0,v,MISS Curry 14' Step Back Jump Shot,Missed Shot,Step Back Jump shot,1,162,21501201,1022,13.0,def_reb(24),2,4,likely_contested,"subType: contested-like, text: pressure-move, distance: mid-range"
250,PT01M12.00S,2,1610612744,GSW,201939,Curry,S. Curry,-94,26,10,Made,1,33.0,35.0,68,v,Curry 10' Pullup Bank Shot (11 PTS),Made Shot,Pullup Bank shot,1,229,21501201,1368,18.0,turnover(24),2,2,likely_contested,"text: pressure-move, distance: mid-range"
297,PT09M03.00S,3,1610612744,GSW,201939,Curry,S. Curry,-179,185,26,Missed,1,0.0,0.0,0,v,MISS Curry 26' 3PT Jump Shot,Missed Shot,Jump Shot,1,273,21501201,1617,14.0,def_reb(24),3,-1,likely_open,subType: open-like
301,PT08M31.00S,3,1610612744,GSW,201939,Curry,S. Curry,9,252,25,Made,1,45.0,40.0,85,v,Curry 25' 3PT Jump Shot (14 PTS) (Barnes 1 AST),Made Shot,Jump Shot,1,277,21501201,1649,9.0,def_foul_14(14),3,-1,likely_open,subType: open-like
304,PT07M59.00S,3,1610612744,GSW,201939,Curry,S. Curry,163,180,24,Made,1,45.0,43.0,88,v,Curry 24' 3PT Pullup Jump Shot (17 PTS),Made Shot,Pullup Jump shot,1,280,21501201,1681,20.0,def_reb(24),3,3,likely_contested,"subType: contested-like, text: pressure-move"
313,PT07M09.00S,3,1610612744,GSW,201939,Curry,S. Curry,236,21,24,Missed,1,0.0,0.0,0,v,MISS Curry 24' 3PT Jump Shot,Missed Shot,Jump Shot,1,290,21501201,1731,12.0,turnover(24),3,-2,likely_open,"subType: open-like, coords: corner-3, corner: catch/spot"
325,PT05M53.00S,3,1610612744,GSW,201939,Curry,S. Curry,4,85,9,Made,1,47.0,51.0,98,v,Curry 9' Driving Floating Jump Shot (19 PTS),Made Shot,Driving Floating Jump Shot,1,300,21501201,1807,12.0,final_ft(24),2,3,likely_contested,"subType: contested-like, distance: mid-range"
338,PT04M44.00S,3,1610612744,GSW,201939,Curry,S. Curry,-156,2,16,Missed,1,0.0,0.0,0,v,MISS Curry 16' Step Back Jump Shot,Missed Shot,Step Back Jump shot,1,311,21501201,1876,8.0,made_fg(24),2,4,likely_contested,"subType: contested-like, text: pressure-move, distance: mid-range"
348,PT03M39.00S,3,1610612744,GSW,201939,Curry,S. Curry,220,131,26,Made,1,53.0,57.0,110,v,Curry 26' 3PT Jump Shot (22 PTS) (Green 3 AST),Made Shot,Jump Shot,1,321,21501201,1941,12.0,def_reb(24),3,-1,likely_open,subType: open-like
355,PT03M04.00S,3,1610612744,GSW,201939,Curry,S. Curry,-78,110,13,Made,1,55.0,59.0,114,v,Curry 13' Driving Floating Jump Shot (24 PTS) (Livingston 1 AST),Made Shot,Driving Floating Jump Shot,1,326,21501201,1976,10.0,final_ft(24),2,3,likely_contested,"subType: contested-like, distance: mid-range"
360,PT02M12.00S,3,1610612744,GSW,201939,Curry,S. Curry,-12,-6,1,Made,1,57.0,61.0,118,v,Curry 1' Driving Layup (26 PTS) (Livingston 2 AST),Made Shot,Driving Layup Shot,1,332,21501201,2028,8.0,made_fg(24),2,3,likely_contested,"subType: contested-like, distance: at-rim/very close"
376,PT01M38.00S,3,1610612744,GSW,201939,Curry,S. Curry,168,134,21,Missed,1,0.0,0.0,0,v,MISS Curry 21' Jump Shot,Missed Shot,Jump Shot,1,344,21501201,2062,10.0,def_reb(24),2,-1,likely_open,subType: open-like
466,PT05M30.00S,4,1610612744,GSW,201939,Curry,S. Curry,125,129,18,Made,1,73.0,80.0,153,v,Curry 18' Jump Bank Shot (29 PTS) (Green 4 AST),Made Shot,Jump Bank Shot,1,427,21501201,2550,7.0,off_reb(14),2,2,likely_contested,subType: contested-like
481,PT03M30.00S,4,1610612744,GSW,201939,Curry,S. Curry,-165,219,27,Missed,1,0.0,0.0,0,v,MISS Curry 27' 3PT Jump Shot,Missed Shot,Jump Shot,1,443,21501201,2670,4.0,turnover(24),3,-1,likely_open,"subType: open-like, distance: deep above-break 3 (>=27ft), clock: late (<=5s)"
493,PT02M22.00S,4,1610612744,GSW,201939,Curry,S. Curry,17,11,2,Made,1,77.0,88.0,165,v,Curry 2' Driving Finger Roll Layup (33 PTS),Made Shot,Driving Finger Roll Layup Shot,1,454,21501201,2738,12.0,def_reb(24),2,1,borderline,distance: at-rim/very close
497,PT01M34.00S,4,1610612744,GSW,201939,Curry,S. Curry,27,0,3,Made,1,79.0,90.0,169,v,Curry 3' Driving Finger Roll Layup (35 PTS),Made Shot,Driving Finger Roll Layup Shot,1,458,21501201,2786,,stale_reset(14),2,1,borderline,distance: at-rim/very close
26,PT09M44.00S,1,1610612744,GSW,201939,Curry,S. Curry,-178,213,28,Missed,1,0.0,0.0,0,h,MISS Curry 28' 3PT Jump Shot,Missed Shot,Jump Shot,1,26,21501227,136,19.0,turnover(24),3,-2,likely_open,"subType: open-like, distance: deep above-break 3 (>=27ft)"
30,PT09M13.00S,1,1610612744,GSW,201939,Curry,S. Curry,123,242,27,Made,1,6.0,4.0,10,h,Curry 27' 3PT Pullup Jump Shot (3 PTS) (Green 1 AST),Made Shot,Pullup Jump shot,1,30,21501227,167,17.0,def_reb(24),3,2,likely_contested,"subType: contested-like, text: pressure-move, distance: deep above-break 3 (>=27ft)"
40,PT07M59.00S,1,1610612744,GSW,201939,Curry,S. Curry,82,242,26,Made,1,12.0,9.0,21,h,Curry 26' 3PT Pullup Jump Shot (6 PTS) (Green 2 AST),Made Shot,Pullup Jump shot,1,40,21501227,241,12.0,made_fg(24),3,3,likely_contested,"subType: contested-like, text: pressure-move"
77,PT04M44.00S,1,1610612744,GSW,201939,Curry,S. Curry,0,313,31,Made,1,21.0,16.0,37,h,Curry 31' 3PT Step Back Jump Shot (11 PTS),Made Shot,Step Back Jump shot,1,70,21501227,436,17.0,def_reb(24),3,2,likely_contested,"subType: contested-like, text: pressure-move, distance: deep above-break 3 (>=27ft)"
80,PT04M21.00S,1,1610612744,GSW,201939,Curry,S. Curry,-89,252,27,Made,1,24.0,16.0,40,h,Curry 27' 3PT Pullup Jump Shot (14 PTS) (Green 3 AST),Made Shot,Pullup Jump shot,1,74,21501227,459,18.0,def_reb(24),3,2,likely_contested,"subType: contested-like, text: pressure-move, distance: deep above-break 3 (>=27ft)"
83,PT03M47.00S,1,1610612744,GSW,201939,Curry,S. Curry,-142,237,28,Made,1,27.0,16.0,43,h,Curry 28' 3PT Jump Shot (17 PTS) (Iguodala 2 AST),Made Shot,Jump Shot,1,77,21501227,493,16.0,def_reb(24),3,-2,likely_open,"subType: open-like, distance: deep above-break 3 (>=27ft)"
90,PT03M21.00S,1,1610612744,GSW,201939,Curry,S. Curry,-22,291,29,Missed,1,0.0,0.0,0,h,MISS Curry 29' 3PT Jump Shot,Missed Shot,Jump Shot,1,84,21501227,519,17.0,def_reb(24),3,-2,likely_open,"subType: open-like, distance: deep above-break 3 (>=27ft)"
108,PT00M48.20S,1,1610612744,GSW,201939,Curry,S. Curry,171,183,25,Made,1,35.0,22.0,57,h,Curry 25' 3PT Pullup Jump Shot (20 PTS) (Iguodala 3 AST),Made Shot,Pullup Jump shot,1,103,21501227,672,10.0,made_fg(24),3,3,likely_contested,"subType: contested-like, text: pressure-move"
114,PT00M06.90S,1,1610612744,GSW,201939,Curry,S. Curry,-68,311,32,Missed,1,0.0,0.0,0,h,MISS Curry 32' 3PT Jump Shot,Missed Shot,Jump Shot,1,108,21501227,714,10.0,def_reb(24),3,-2,likely_open,"subType: open-like, distance: deep above-break 3 (>=27ft)"
225,PT03M04.00S,2,1610612744,GSW,201939,Curry,S. Curry,-25,273,27,Missed,1,0.0,0.0,0,h,MISS Curry 27' 3PT Pullup Jump Shot,Missed Shot,Pullup Jump shot,1,211,21501227,1256,17.0,def_reb(24),3,2,likely_contested,"subType: contested-like, text: pressure-move, distance: deep above-break 3 (>=27ft)"
228,PT02M48.00S,2,1610612744,GSW,201939,Curry,S. Curry,84,252,27,Made,1,64.0,42.0,106,h,Curry 27' 3PT Jump Shot (23 PTS) (Iguodala 4 AST),Made Shot,Jump Shot,1,215,21501227,1272,17.0,turnover(24),3,-2,likely_open,"subType: open-like, distance: deep above-break 3 (>=27ft)"
251,PT00M43.30S,2,1610612744,GSW,201939,Curry,S. Curry,0,21,2,Made,1,70.0,50.0,120,h,Curry 2' Cutting Layup Shot (25 PTS) (Iguodala 5 AST),Made Shot,Cutting Layup Shot,1,234,21501227,1397,10.0,made_fg(24),2,1,borderline,distance: at-rim/very close
258,PT00M08.20S,2,1610612744,GSW,201939,Curry,S. Curry,86,291,30,Missed,1,0.0,0.0,0,h,MISS Curry 30' 3PT Jump Shot,Missed Shot,Jump Shot,1,244,21501227,1432,19.0,def_reb(24),3,-2,likely_open,"subType: open-like, distance: deep above-break 3 (>=27ft)"
260,PT00M01.70S,2,1610612744,GSW,201939,Curry,S. Curry,181,188,26,Missed,1,0.0,0.0,0,h,MISS Curry 26' 3PT Jump Shot,Missed Shot,Jump Shot,1,246,21501227,1439,10.0,off_reb(14),3,-1,likely_open,subType: open-like
268,PT11M17.00S,3,1610612744,GSW,201939,Curry,S. Curry,233,51,24,Made,1,73.0,53.0,126,h,Curry 24' 3PT Pullup Jump Shot (28 PTS) (Bogut 1 AST),Made Shot,Pullup Jump shot,1,251,21501227,1483,,stale_reset(24),3,3,likely_contested,"subType: contested-like, text: pressure-move"
273,PT10M39.00S,3,1610612744,GSW,201939,Curry,S. Curry,10,23,3,Made,1,75.0,53.0,128,h,Curry 3' Driving Layup (30 PTS) (Barnes 1 AST),Made Shot,Driving Layup Shot,1,256,21501227,1521,5.0,off_reb(14),2,4,likely_contested,"subType: contested-like, distance: at-rim/very close, clock: late (<=5s)"
281,PT09M34.00S,3,1610612744,GSW,201939,Curry,S. Curry,1,308,31,Made,1,78.0,55.0,133,h,Curry 31' 3PT Jump Shot (33 PTS),Made Shot,Jump Shot,1,266,21501227,1586,16.0,def_reb(24),3,-2,likely_open,"subType: open-like, distance: deep above-break 3 (>=27ft)"
283,PT09M05.00S,3,1610612744,GSW,201939,Curry,S. Curry,-2,82,8,Made,1,80.0,58.0,138,h,Curry 8' Driving Floating Jump Shot (35 PTS),Made Shot,Driving Floating Jump Shot,1,268,21501227,1615,9.0,made_fg(24),2,3,likely_contested,"subType: contested-like, distance: mid-range"
303,PT06M57.00S,3,1610612744,GSW,201939,Curry,S. Curry,240,0,24,Missed,1,0.0,0.0,0,h,MISS Curry 24' 3PT Jump Shot,Missed Shot,Jump Shot,1,290,21501227,1743,5.0,made_fg(24),3,-1,likely_open,"subType: open-like, coords: corner-3, corner: catch/spot, clock: late (<=5s)"
322,PT05M43.00S,3,1610612744,GSW,201939,Curry,S. Curry,20,16,3,Made,1,84.0,68.0,152,h,Curry 3' Reverse Layup (37 PTS),Made Shot,Reverse Layup Shot,1,305,21501227,1817,13.0,off_reb(14),2,3,likely_contested,"subType: contested-like, distance: at-rim/very close"
350,PT02M43.00S,3,1610612744,GSW,201939,Curry,S. Curry,4,303,30,Missed,1,0.0,0.0,0,h,MISS Curry 30' 3PT Jump Shot,Missed Shot,Jump Shot,1,333,21501227,1997,13.0,turnover(24),3,-2,likely_open,"subType: open-like, distance: deep above-break 3 (>=27ft)"
364,PT01M27.00S,3,1610612744,GSW,201939,Curry,S. Curry,10,21,2,Made,1,96.0,76.0,172,h,Curry 2' Cutting Finger Roll Layup Shot (43 PTS),Made Shot,Cutting Finger Roll Layup Shot,1,345,21501227,2073,12.0,def_reb(24),2,1,borderline,distance: at-rim/very close
372,PT00M32.90S,3,1610612744,GSW,201939,Curry,S. Curry,209,183,28,Missed,1,0.0,0.0,0,h,MISS Curry 28' 3PT Step Back Jump Shot,Missed Shot,Step Back Jump shot,1,352,21501227,2128,8.0,final_ft(24),3,2,likely_contested,"subType: contested-like, text: pressure-move, distance: deep above-break 3 (>=27ft)"
375,PT00M05.10S,3,1610612744,GSW,201939,Curry,S. Curry,235,67,24,Made,1,102.0,81.0,183,h,Curry 24' 3PT Pullup Jump Shot (46 PTS) (Livingston 8 AST),Made Shot,Pullup Jump shot,1,355,21501227,2155,3.0,made_fg(24),3,4,likely_contested,"subType: contested-like, text: pressure-move, clock: late (<=5s)"
