actionNumber,clock,period,teamId,teamTricode,personId,playerName,playerNameI,xLegacy,yLegacy,shotDistance,shotResult,isFieldGoal,scoreHome,scoreAway,pointsTotal,location,description,actionType,subType,videoAvailable,actionId,gameId,ABS_TIME,SHOT_CLOCK_APPROX,SHOT_CLOCK_SOURCE,shotValue,contest_score,contest_label,contest_reasons
19,PT09M02.00S,1,1610612744,GSW,201939,Curry,S. Curry,130,257,29,Missed,1,0.0,0.0,0,h,MISS Curry 29' 3PT Jump Shot,Missed Shot,Jump Shot,1,21,21600003,178,16.0,def_reb(24),3,-2,likely_open,"subType: open-like, distance: deep above-break 3 (>=27ft)"
28,PT08M06.00S,1,1610612744,GSW,201939,Curry,S. Curry,189,174,26,Made,1,7.0,10.0,17,h,Curry 26' 3PT Step Back Jump Shot (5 PTS),Made Shot,Step Back Jump shot,1,28,21600003,234,11.0,made_fg(24),3,3,likely_contested,"subType: contested-like, text: pressure-move"
88,PT02M23.00S,1,1610612744,GSW,201939,Curry,S. Curry,159,229,28,Missed,1,0.0,0.0,0,h,MISS Curry 28' 3PT Jump Shot,Missed Shot,Jump Shot,1,87,21600003,577,9.0,turnover(24),3,-2,likely_open,"subType: open-like, distance: deep above-break 3 (>=27ft)"
91,PT02M01.00S,1,1610612744,GSW,201939,Curry,S. Curry,163,141,22,Missed,1,0.0,0.0,0,h,MISS Curry 22' Jump Shot,Missed Shot,Jump Shot,1,90,21600003,599,11.0,made_fg(24),2,-1,likely_open,subType: open-like
184,PT06M47.00S,2,1610612744,GSW,201939,Curry,S. Curry,-9,267,27,Made,1,28.0,42.0,70,h,Curry 27' 3PT Jump Shot (10 PTS),Made Shot,Jump Shot,1,177,21600003,1033,15.0,final_ft(24),3,-2,likely_open,"subType: open-like, distance: deep above-break 3 (>=27ft)"
206,PT04M58.00S,2,1610612744,GSW,201939,Curry,S. Curry,-16,70,7,Made,1,34.0,46.0,80,h,Curry 7' Driving Floating Jump Shot (12 PTS),Made Shot,Driving Floating Jump Shot,1,194,21600003,1142,6.0,turnover(24),2,2,likely_contested,subType: contested-like
218,PT03M34.00S,2,1610612744,GSW,201939,Curry,S. Curry,-1,7,1,Made,1,36.0,50.0,86,h,Curry 1' Driving Layup (14 PTS),Made Shot,Driving Layup Shot,1,206,21600003,1226,11.0,made_fg(24),2,3,likely_contested,"subType: contested-like, distance: at-rim/very close"
223,PT03M17.00S,2,1610612744,GSW,201939,Curry,S. Curry,114,247,27,Made,1,40.0,50.0,90,h,Curry 27' 3PT Running Jump Shot (18 PTS) (Durant 1 AST),Made Shot,Running Jump Shot,1,211,21600003,1243,19.0,turnover(24),3,-2,likely_open,"subType: open-like, distance: deep above-break 3 (>=27ft)"
227,PT02M55.00S,2,1610612744,GSW,201939,Curry,S. Curry,130,252,28,Missed,1,0.0,0.0,0,h,MISS Curry 28' 3PT Jump Shot,Missed Shot,Jump Shot,1,215,21600003,1265,16.0,def_reb(24),3,-2,likely_open,"subType: open-like, distance: deep above-break 3 (>=27ft)"
289,PT08M36.00S,3,1610612744,GSW,201939,Curry,S. Curry,-169,262,31,Missed,1,0.0,0.0,0,h,MISS Curry 31' 3PT Jump Shot,Missed Shot,Jump Shot,1,271,21600003,1644,12.0,made_fg(24),3,-2,likely_open,"subType: open-like, distance: deep above-break 3 (>=27ft)"
324,PT05M08.00S,3,1610612744,GSW,201939,Curry,S. Curry,-73,288,30,Missed,1,0.0,0.0,0,h,MISS Curry 30' 3PT Jump Shot,Missed Shot,Jump Shot,1,308,21600003,1852,16.0,def_reb(24),3,-2,likely_open,"subType: open-like, distance: deep above-break 3 (>=27ft)"
330,PT04M34.00S,3,1610612744,GSW,201939,Curry,S. Curry,-2,7,1,Missed,1,0.0,0.0,0,h,MISS Curry 1' Layup,Missed Shot,Layup Shot,1,316,21600003,1886,19.0,turnover(24),2,1,borderline,distance: at-rim/very close
343,PT04M06.00S,3,1610612744,GSW,201939,Curry,S. Curry,225,36,0,Missed,1,0.0,0.0,0,h,MISS Curry  3PT Jump Shot,Missed Shot,Jump Shot,1,331,21600003,1914,7.0,final_ft(24),3,-1,likely_open,"subType: open-like, distance: at-rim/very close, coords: corner-3, corner: catch/spot"
355,PT03M35.00S,3,1610612744,GSW,201939,Curry,S. Curry,8,5,1,Made,1,66.0,84.0,150,h,Curry 1' Driving Reverse Layup (20 PTS) (McCaw 1 AST),Made Shot,Driving Reverse Layup Shot,1,339,21600003,1945,12.0,final_ft(24),2,3,likely_contested,"subType: contested-like, distance: at-rim/very close"
378,PT01M16.00S,3,1610612744,GSW,201939,Curry,S. Curry,9,13,2,Made,1,73.0,89.0,162,h,Curry 2' Driving Layup (22 PTS),Made Shot,Driving Layup Shot,1,362,21600003,2084,16.0,made_fg(24),2,3,likely_contested,"subType: contested-like, distance: at-rim/very close"
386,PT00M50.90S,3,1610612744,GSW,201939,Curry,S. Curry,-214,56,22,Made,1,75.0,91.0,166,h,Curry 22' Jump Shot (24 PTS),Made Shot,Jump Shot,1,369,21600003,2110,14.0,made_fg(24),2,-1,likely_open,subType: open-like
472,PT06M46.00S,4,1610612744,GSW,201939,Curry,S. Curry,2,41,4,Made,1,91.0,115.0,206,h,Curry 4' Driving Floating Jump Shot (26 PTS) (Durant 4 AST),Made Shot,Driving Floating Jump Shot,1,446,21600003,2474,11.0,made_fg(24),2,3,likely_contested,"subType: contested-like, distance: at-rim/very close"
474,PT06M11.00S,4,1610612744,GSW,201939,Curry,S. Curry,-232,26,0,Missed,1,0.0,0.0,0,h,MISS Curry  3PT Pullup Jump Shot,Missed Shot,Pullup Jump shot,1,448,21600003,2509,9.0,made_fg(24),3,4,likely_contested,"subType: contested-like, text: pressure-move, distance: at-rim/very close, coords: corner-3"
10,PT10M53.00S,1,1610612744,GSW,201939,Curry,S. Curry,-107,228,25,Made,1,4.0,5.0,9,v,Curry 25' 3PT Jump Shot (3 PTS) (Green 2 AST),Made Shot,Jump Shot,1,10,21600025,67,10.0,made_fg(24),3,-1,likely_open,subType: open-like
22,PT09M41.00S,1,1610612744,GSW,201939,Curry,S. Curry,-22,16,3,Missed,1,0.0,0.0,0,v,MISS Curry 3' Layup,Missed Shot,Layup Shot,1,19,21600025,139,6.0,made_fg(24),2,1,borderline,distance: at-rim/very close
34,PT08M57.00S,1,1610612744,GSW,201939,Curry,S. Curry,-156,203,26,Missed,1,0.0,0.0,0,v,MISS Curry 26' 3PT Jump Shot,Missed Shot,Jump Shot,1,28,21600025,183,13.0,made_fg(24),3,-1,likely_open,subType: open-like
78,PT04M54.00S,1,1610612744,GSW,201939,Curry,S. Curry,19,247,25,Missed,1,0.0,0.0,0,v,MISS Curry 25' 3PT Jump Shot,Missed Shot,Jump Shot,1,72,21600025,426,10.0,off_reb(14),3,-1,likely_open,subType: open-like
218,PT06M36.00S,2,1610612744,GSW,201939,Curry,S. Curry,105,242,26,Made,1,34.0,46.0,80,v,Curry 26' 3PT Jump Shot (6 PTS) (Green 5 AST),Made Shot,Jump Shot,1,182,21600025,1044,2.0,def_foul_14(14),3,0,likely_open,"subType: open-like, clock: late (<=5s)"
320,PT10M14.00S,3,1610612744,GSW,201939,Curry,S. Curry,-171,90,19,Missed,1,0.0,0.0,0,v,MISS Curry 19' Jump Shot,Missed Shot,Jump Shot,1,274,21600025,1546,15.0,def_reb(24),2,-1,likely_open,subType: open-like
328,PT09M14.00S,3,1610612744,GSW,201939,Curry,S. Curry,9,26,3,Made,1,56.0,64.0,120,v,Curry 3' Cutting Finger Roll Layup Shot (8 PTS) (Pachulia 1 AST),Made Shot,Cutting Finger Roll Layup Shot,1,283,21600025,1606,10.0,made_fg(24),2,1,borderline,distance: at-rim/very close
330,PT08M55.00S,3,1610612744,GSW,201939,Curry,S. Curry,-14,7,2,Missed,1,0.0,0.0,0,v,MISS Curry 2' Reverse Layup,Missed Shot,Reverse Layup Shot,1,285,21600025,1625,13.0,made_fg(24),2,3,likely_contested,"subType: contested-like, distance: at-rim/very close"
368,PT05M00.00S,3,1610612744,GSW,201939,Curry,S. Curry,-178,200,27,Missed,1,0.0,0.0,0,v,MISS Curry 27' 3PT Jump Shot,Missed Shot,Jump Shot,1,317,21600025,1860,4.0,made_fg(24),3,-1,likely_open,"subType: open-like, distance: deep above-break 3 (>=27ft), clock: late (<=5s)"
379,PT03M57.00S,3,1610612744,GSW,201939,Curry,S. Curry,-228,-1,0,Made,1,74.0,76.0,150,v,Curry  3PT Jump Shot (11 PTS) (Looney 1 AST),Made Shot,Jump Shot,1,327,21600025,1923,8.0,off_reb(14),3,-1,likely_open,"subType: open-like, distance: at-rim/very close, coords: corner-3, corner: catch/spot"
398,PT03M12.00S,3,1610612744,GSW,201939,Curry,S. Curry,17,7,2,Made,1,74.0,80.0,154,v,Curry 2' Cutting Layup Shot (15 PTS) (Iguodala 3 AST),Made Shot,Cutting Layup Shot,1,342,21600025,1968,17.0,off_foul(24),2,1,borderline,distance: at-rim/very close
434,PT00M56.90S,3,1610612744,GSW,201939,Curry,S. Curry,-138,262,30,Made,1,79.0,90.0,169,v,Curry 30' 3PT Jump Shot (19 PTS),Made Shot,Jump Shot,1,369,21600025,2104,10.0,made_fg(24),3,-2,likely_open,"subType: open-like, distance: deep above-break 3 (>=27ft)"
437,PT00M39.90S,3,1610612744,GSW,201939,Curry,S. Curry,64,306,31,Missed,1,0.0,0.0,0,v,MISS Curry 31' 3PT Jump Shot,Missed Shot,Jump Shot,1,372,21600025,2121,19.0,def_reb(24),3,-2,likely_open,"subType: open-like, distance: deep above-break 3 (>=27ft)"
510,PT05M49.00S,4,1610612744,GSW,201939,Curry,S. Curry,-6,205,21,Made,1,92.0,107.0,199,v,Curry 21' Pullup Jump Shot (21 PTS),Made Shot,Pullup Jump shot,1,436,21600025,2531,3.0,keep_clock(15),2,4,likely_contested,"subType: contested-like, text: pressure-move, clock: late (<=5s)"
515,PT05M26.00S,4,1610612744,GSW,201939,Curry,S. Curry,-20,8,2,Missed,1,0.0,0.0,0,v,MISS Curry 2' Layup,Missed Shot,Layup Shot,1,440,21600025,2554,7.0,def_reb(24),2,1,borderline,distance: at-rim/very close
518,PT04M52.00S,4,1610612744,GSW,201939,Curry,S. Curry,135,218,26,Missed,1,0.0,0.0,0,v,MISS Curry 26' 3PT Jump Shot,Missed Shot,Jump Shot,1,443,21600025,2588,4.0,made_fg(24),3,0,likely_open,"subType: open-like, clock: late (<=5s)"
528,PT04M41.00S,4,1610612744,GSW,201939,Curry,S. Curry,19,7,2,Missed,1,0.0,0.0,0,v,MISS Curry 2' Layup,Missed Shot,Layup Shot,1,451,21600025,2599,17.0,def_reb(24),2,1,borderline,distance: at-rim/very close
565,PT01M47.00S,4,1610612744,GSW,201939,Curry,S. Curry,4,8,1,Made,1,103.0,114.0,217,v,Curry 1' Driving Layup (23 PTS),Made Shot,Driving Layup Shot,1,484,21600025,2773,10.0,made_fg(24),2,3,likely_contested,"subType: contested-like, distance: at-rim/very close"
576,PT01M22.00S,4,1610612744,GSW,201939,Curry,S. Curry,-55,257,26,Missed,1,0.0,0.0,0,v,MISS Curry 26' 3PT Jump Shot,Missed Shot,Jump Shot,1,490,21600025,2798,17.0,def_reb(24),3,-1,likely_open,subType: open-like
9,PT11M26.00S,1,1610612744,GSW,201939,Curry,S. Curry,-169,61,18,Made,1,0.0,2.0,2,v,Curry 18' Jump Shot (2 PTS) (Pachulia 1 AST),Made Shot,Jump Shot,1,9,21600036,34,11.0,off_reb(14),2,-1,likely_open,subType: open-like
19,PT10M14.00S,1,1610612744,GSW,201939,Curry,S. Curry,1,252,25,Made,1,4.0,5.0,9,v,Curry 25' 3PT Jump Shot (5 PTS) (Green 1 AST),Made Shot,Jump Shot,1,17,21600036,106,8.0,final_ft(24),3,-1,likely_open,subType: open-like
31,PT08M55.00S,1,1610612744,GSW,201939,Curry,S. Curry,58,47,7,Made,1,6.0,7.0,13,v,Curry 7' Floating Jump Shot (7 PTS) (Pachulia 2 AST),Made Shot,Floating Jump shot,1,28,21600036,185,10.0,made_fg(24),2,2,likely_contested,subType: contested-like
35,PT08M22.00S,1,1610612744,GSW,201939,Curry,S. Curry,-147,214,26,Made,1,8.0,10.0,18,v,Curry 26' 3PT Jump Shot (10 PTS) (Pachulia 3 AST),Made Shot,Jump Shot,1,32,21600036,218,12.0,made_fg(24),3,-1,likely_open,subType: open-like
80,PT04M02.00S,1,1610612744,GSW,201939,Curry,S. Curry,19,7,2,Missed,1,0.0,0.0,0,v,MISS Curry 2' Driving Layup,Missed Shot,Driving Layup Shot,1,77,21600036,478,15.0,made_fg(24),2,3,likely_contested,"subType: contested-like, distance: at-rim/very close"
89,PT03M26.00S,1,1610612744,GSW,201939,Curry,S. Curry,-232,-1,0,Missed,1,0.0,0.0,0,v,MISS Curry  3PT Pullup Jump Shot,Missed Shot,Pullup Jump shot,1,86,21600036,514,10.0,off_reb(14),3,4,likely_contested,"subType: contested-like, text: pressure-move, distance: at-rim/very close, coords: corner-3"
199,PT06M36.00S,2,1610612744,GSW,201939,Curry,S. Curry,235,120,26,Made,1,39.0,34.0,73,v,Curry 26' 3PT Jump Shot (13 PTS) (Green 2 AST),Made Shot,Jump Shot,1,182,21600036,1044,3.0,def_foul_14(14),3,0,likely_open,"subType: open-like, clock: late (<=5s)"
212,PT05M16.00S,2,1610612744,GSW,201939,Curry,S. Curry,-129,43,14,Missed,1,0.0,0.0,0,v,MISS Curry 14' Step Back Bank Jump Shot,Missed Shot,Step Back Bank Jump Shot,1,195,21600036,1124,13.0,made_fg(24),2,2,likely_contested,"text: pressure-move, distance: mid-range"
224,PT04M42.00S,2,1610612744,GSW,201939,Curry,S. Curry,251,36,25,Made,1,43.0,37.0,80,v,Curry 25' 3PT Jump Shot (16 PTS) (Green 3 AST),Made Shot,Jump Shot,1,207,21600036,1158,18.0,def_reb(24),3,-2,likely_open,"subType: open-like, coords: corner-3, corner: catch/spot"
261,PT01M46.00S,2,1610612744,GSW,201939,Curry,S. Curry,-35,36,5,Made,1,51.0,45.0,96,v,Curry 5' Running Layup (18 PTS) (Thompson 2 AST),Made Shot,Running Layup Shot,1,235,21600036,1334,19.0,def_reb(24),2,3,likely_contested,"subType: contested-like, distance: at-rim/very close"
350,PT07M29.00S,3,1610612744,GSW,201939,Curry,S. Curry,-91,252,27,Made,1,62.0,65.0,127,v,Curry 27' 3PT Pullup Jump Shot (24 PTS),Made Shot,Pullup Jump shot,1,313,21600036,1711,12.0,off_foul(24),3,2,likely_contested,"subType: contested-like, text: pressure-move, distance: deep above-break 3 (>=27ft)"
444,PT00M07.90S,3,1610612744,GSW,201939,Curry,S. Curry,151,232,28,Missed,1,0.0,0.0,0,v,MISS Curry 28' 3PT Pullup Jump Shot,Missed Shot,Pullup Jump shot,1,392,21600036,2153,9.0,final_ft(24),3,2,likely_contested,"subType: contested-like, text: pressure-move, distance: deep above-break 3 (>=27ft)"
473,PT10M00.00S,4,1610612744,GSW,201939,Curry,S. Curry,-16,72,7,Missed,1,0.0,0.0,0,v,MISS Curry 7' Driving Floating Jump Shot,Missed Shot,Driving Floating Jump Shot,1,420,21600036,2280,9.0,made_fg(24),2,2,likely_contested,subType: contested-like
476,PT09M51.00S,4,1610612744,GSW,201939,Curry,S. Curry,-2,18,2,Missed,1,0.0,0.0,0,v,MISS Curry 2' Running Layup,Missed Shot,Running Layup Shot,1,425,21600036,2289,20.0,turnover(24),2,3,likely_contested,"subType: contested-like, distance: at-rim/very close"
530,PT05M27.00S,4,1610612744,GSW,201939,Curry,S. Curry,-56,185,19,Made,1,89.0,93.0,182,v,Curry 19' Jump Shot (26 PTS),Made Shot,Jump Shot,1,471,21600036,2553,10.0,def_reb(24),2,-1,likely_open,subType: open-like
533,PT04M40.00S,4,1610612744,GSW,201939,Curry,S. Curry,-232,-21,0,Missed,1,0.0,0.0,0,v,MISS Curry  3PT Jump Shot,Missed Shot,Jump Shot,1,473,21600036,2600,0.0,made_fg(24),3,0,likely_open,"subType: open-like, distance: at-rim/very close, coords: corner-3, corner: catch/spot, clock: late (<=5s)"
587,PT00M25.40S,4,1610612744,GSW,201939,Curry,S. Curry,-169,21,17,Missed,1,0.0,0.0,0,v,MISS Curry 17' Turnaround Fadeaway Shot,Missed Shot,Turnaround Fadeaway shot,1,518,21600036,2855,1.0,made_fg(24),2,4,likely_contested,"subType: contested-like, text: pressure-move, clock: late (<=5s)"
19,PT09M51.00S,1,1610612744,GSW,201939,Curry,S. Curry,-230,3,0,Missed,1,0.0,0.0,0,v,MISS Curry  3PT Jump Shot,Missed Shot,Jump Shot,1,19,21600054,129,8.0,made_fg(24),3,-1,likely_open,"subType: open-like, distance: at-rim/very close, coords: corner-3, corner: catch/spot"
28,PT08M37.00S,1,1610612744,GSW,201939,Curry,S. Curry,-99,252,27,Missed,1,0.0,0.0,0,v,MISS Curry 27' 3PT Jump Shot,Missed Shot,Jump Shot,1,27,21600054,203,17.0,def_reb(24),3,-2,likely_open,"subType: open-like, distance: deep above-break 3 (>=27ft)"
45,PT06M45.00S,1,1610612744,GSW,201939,Curry,S. Curry,51,134,14,Missed,1,0.0,0.0,0,v,MISS Curry 14' Driving Floating Jump Shot,Missed Shot,Driving Floating Jump Shot,1,42,21600054,315,7.0,made_fg(24),2,3,likely_contested,"subType: contested-like, distance: mid-range"
202,PT05M08.00S,2,1610612744,GSW,201939,Curry,S. Curry,-22,2,2,Made,1,39.0,51.0,90,v,Curry 2' Cutting Finger Roll Layup Shot (3 PTS) (Green 6 AST),Made Shot,Cutting Finger Roll Layup Shot,1,190,21600054,1132,12.0,final_ft(24),2,1,borderline,distance: at-rim/very close
233,PT03M03.00S,2,1610612744,GSW,201939,Curry,S. Curry,10,3,1,Made,1,48.0,55.0,103,v,Curry 1' Reverse Layup (5 PTS),Made Shot,Reverse Layup Shot,1,215,21600054,1257,13.0,final_ft(24),2,3,likely_contested,"subType: contested-like, distance: at-rim/very close"
235,PT02M43.00S,2,1610612744,GSW,201939,Curry,S. Curry,82,264,28,Missed,1,0.0,0.0,0,v,MISS Curry 28' 3PT Jump Shot,Missed Shot,Jump Shot,1,217,21600054,1277,14.0,made_fg(24),3,-2,likely_open,"subType: open-like, distance: deep above-break 3 (>=27ft)"
256,PT01M23.00S,2,1610612744,GSW,201939,Curry,S. Curry,-125,174,21,Missed,1,0.0,0.0,0,v,MISS Curry 21' Fadeaway Jumper,Missed Shot,Fadeaway Jump Shot,1,241,21600054,1357,6.0,def_reb(24),2,3,likely_contested,"subType: contested-like, text: pressure-move"
279,PT00M01.50S,2,1610612744,GSW,201939,Curry,S. Curry,-53,149,16,Missed,1,0.0,0.0,0,v,MISS Curry 16' Driving Floating Jump Shot,Missed Shot,Driving Floating Jump Shot,1,259,21600054,1439,7.0,final_ft(24),2,3,likely_contested,"subType: contested-like, distance: mid-range"
282,PT00M00.10S,2,1610612744,GSW,201939,Curry,S. Curry,6,404,40,Missed,1,0.0,0.0,0,v,MISS Curry 40' 3PT Jump Shot,Missed Shot,Jump Shot,1,263,21600054,1440,24.0,turnover(24),3,-2,likely_open,"subType: open-like, distance: deep above-break 3 (>=27ft)"
303,PT09M30.00S,3,1610612744,GSW,201939,Curry,S. Curry,-210,203,29,Made,1,57.0,66.0,123,v,Curry 29' 3PT Pullup Jump Shot (8 PTS),Made Shot,Pullup Jump shot,1,283,21600054,1590,16.0,def_reb(24),3,2,likely_contested,"subType: contested-like, text: pressure-move, distance: deep above-break 3 (>=27ft)"
309,PT08M50.00S,3,1610612744,GSW,201939,Curry,S. Curry,81,232,25,Made,1,59.0,71.0,130,v,Curry 25' 3PT Jump Shot (11 PTS) (Green 8 AST),Made Shot,Jump Shot,1,289,21600054,1630,14.0,made_fg(24),3,-1,likely_open,subType: open-like
315,PT08M23.00S,3,1610612744,GSW,201939,Curry,S. Curry,12,2,1,Made,1,63.0,73.0,136,v,Curry 1' Reverse Layup (13 PTS) (Pachulia 2 AST),Made Shot,Reverse Layup Shot,1,294,21600054,1657,15.0,final_ft(24),2,3,likely_contested,"subType: contested-like, distance: at-rim/very close"
323,PT07M28.00S,3,1610612744,GSW,201939,Curry,S. Curry,-2,288,29,Made,1,63.0,76.0,139,v,Curry 29' 3PT Pullup Jump Shot (16 PTS),Made Shot,Pullup Jump shot,1,302,21600054,1712,18.0,def_reb(24),3,2,likely_contested,"subType: contested-like, text: pressure-move, distance: deep above-break 3 (>=27ft)"
333,PT06M41.00S,3,1610612744,GSW,201939,Curry,S. Curry,64,252,26,Missed,1,0.0,0.0,0,v,MISS Curry 26' 3PT Pullup Jump Shot,Missed Shot,Pullup Jump shot,1,311,21600054,1759,15.0,def_reb(24),3,3,likely_contested,"subType: contested-like, text: pressure-move"
337,PT06M19.00S,3,1610612744,GSW,201939,Curry,S. Curry,66,13,7,Missed,1,0.0,0.0,0,v,MISS Curry 7' Driving Floating Jump Shot,Missed Shot,Driving Floating Jump Shot,1,315,21600054,1781,13.0,off_foul(24),2,2,likely_contested,subType: contested-like
376,PT03M22.00S,3,1610612744,GSW,201939,Curry,S. Curry,228,11,0,Made,1,71.0,85.0,156,v,Curry  3PT Pullup Jump Shot (19 PTS) (Clark 1 AST),Made Shot,Pullup Jump shot,1,350,21600054,1958,5.0,made_fg(24),3,5,likely_contested,"subType: contested-like, text: pressure-move, distance: at-rim/very close, coords: corner-3, clock: late (<=5s)"
389,PT02M30.00S,3,1610612744,GSW,201939,Curry,S. Curry,17,2,2,Missed,1,0.0,0.0,0,v,MISS Curry 2' Layup,Missed Shot,Layup Shot,1,359,21600054,2010,11.0,def_reb(24),2,1,borderline,distance: at-rim/very close
398,PT01M30.00S,3,1610612744,GSW,201939,Curry,S. Curry,-22,7,2,Made,1,71.0,93.0,164,v,Curry 2' Reverse Layup (21 PTS) (Iguodala 3 AST),Made Shot,Reverse Layup Shot,1,369,21600054,2070,11.0,turnover(24),2,3,likely_contested,"subType: contested-like, distance: at-rim/very close"
405,PT01M11.00S,3,1610612744,GSW,201939,Curry,S. Curry,102,198,22,Missed,1,0.0,0.0,0,v,MISS Curry 22' Pullup Jump Shot,Missed Shot,Pullup Jump shot,1,375,21600054,2089,17.0,def_reb(24),2,3,likely_contested,"subType: contested-like, text: pressure-move"
412,PT00M52.00S,3,1610612744,GSW,201939,Curry,S. Curry,9,2,1,Made,1,72.0,96.0,168,v,Curry 1' Reverse Layup (24 PTS) (West 2 AST),Made Shot,Reverse Layup Shot,1,381,21600054,2108,13.0,final_ft(24),2,3,likely_contested,"subType: contested-like, distance: at-rim/very close"
418,PT00M13.00S,3,1610612744,GSW,201939,Curry,S. Curry,104,229,25,Made,1,72.0,100.0,172,v,Curry 25' 3PT Jump Shot (28 PTS) (West 3 AST),Made Shot,Jump Shot,1,386,21600054,2147,6.0,def_reb(24),3,-1,likely_open,subType: open-like
18,PT09M54.00S,1,1610612744,GSW,201939,Curry,S. Curry,-6,11,1,Made,1,5.0,6.0,11,h,Curry 1' Driving Reverse Layup (2 PTS),Made Shot,Driving Reverse Layup Shot,1,19,21600069,126,8.0,final_ft(24),2,3,likely_contested,"subType: contested-like, distance: at-rim/very close"
24,PT08M59.00S,1,1610612744,GSW,201939,Curry,S. Curry,-4,16,2,Made,1,7.0,10.0,17,h,Curry 2' Driving Finger Roll Layup (4 PTS),Made Shot,Driving Finger Roll Layup Shot,1,24,21600069,181,9.0,made_fg(24),2,1,borderline,distance: at-rim/very close
26,PT08M34.00S,1,1610612744,GSW,201939,Curry,S. Curry,151,200,25,Missed,1,0.0,0.0,0,h,MISS Curry 25' 3PT Jump Shot,Missed Shot,Jump Shot,1,26,21600069,206,12.0,made_fg(24),3,-1,likely_open,subType: open-like
55,PT06M03.00S,1,1610612744,GSW,201939,Curry,S. Curry,-227,126,26,Missed,1,0.0,0.0,0,h,MISS Curry 26' 3PT Jump Shot,Missed Shot,Jump Shot,1,52,21600069,357,14.0,def_reb(24),3,-1,likely_open,subType: open-like
64,PT05M01.00S,1,1610612744,GSW,201939,Curry,S. Curry,-34,82,9,Missed,1,0.0,0.0,0,h,MISS Curry 9' Driving Floating Jump Shot,Missed Shot,Driving Floating Jump Shot,1,61,21600069,419,9.0,def_reb(24),2,3,likely_contested,"subType: contested-like, distance: mid-range"
81,PT04M16.00S,1,1610612744,GSW,201939,Curry,S. Curry,17,26,3,Missed,1,0.0,0.0,0,h,MISS Curry 3' Jump Shot,Missed Shot,Jump Shot,1,76,21600069,464,8.0,def_reb(24),2,0,likely_open,"subType: open-like, distance: at-rim/very close"
200,PT06M48.00S,2,1610612744,GSW,201939,Curry,S. Curry,82,244,26,Missed,1,0.0,0.0,0,h,MISS Curry 26' 3PT Jump Shot,Missed Shot,Jump Shot,1,190,21600069,1032,10.0,made_fg(24),3,-1,likely_open,subType: open-like
217,PT05M25.00S,2,1610612744,GSW,201939,Curry,S. Curry,17,21,3,Missed,1,0.0,0.0,0,h,MISS Curry 3' Layup,Missed Shot,Layup Shot,1,204,21600069,1115,7.0,def_reb(24),2,1,borderline,distance: at-rim/very close
276,PT01M29.00S,2,1610612744,GSW,201939,Curry,S. Curry,32,178,18,Made,1,63.0,43.0,106,h,Curry 18' Step Back Jump Shot (13 PTS),Made Shot,Step Back Jump shot,1,265,21600069,1351,16.0,def_reb(24),2,3,likely_contested,"subType: contested-like, text: pressure-move"
362,PT06M01.00S,3,1610612744,GSW,201939,Curry,S. Curry,218,144,26,Made,1,84.0,57.0,141,h,Curry 26' 3PT Fadeaway Jumper (16 PTS) (Pachulia 5 AST),Made Shot,Fadeaway Jump Shot,1,346,21600069,1799,5.0,made_fg(24),3,4,likely_contested,"subType: contested-like, text: pressure-move, clock: late (<=5s)"
365,PT05M29.00S,3,1610612744,GSW,201939,Curry,S. Curry,-34,36,5,Missed,1,0.0,0.0,0,h,MISS Curry 5' Floating Jump Shot,Missed Shot,Floating Jump shot,1,349,21600069,1831,11.0,def_reb(24),2,3,likely_contested,"subType: contested-like, distance: at-rim/very close"
379,PT03M23.00S,3,1610612744,GSW,201939,Curry,S. Curry,230,26,0,Made,1,91.0,63.0,154,h,Curry  3PT Pullup Jump Shot (19 PTS) (Green 5 AST),Made Shot,Pullup Jump shot,1,363,21600069,1957,11.0,def_reb(24),3,4,likely_contested,"subType: contested-like, text: pressure-move, distance: at-rim/very close, coords: corner-3"
387,PT02M58.00S,3,1610612744,GSW,201939,Curry,S. Curry,-9,16,2,Made,1,93.0,65.0,158,h,Curry 2' Driving Reverse Layup (21 PTS),Made Shot,Driving Reverse Layup Shot,1,369,21600069,1982,10.0,final_ft(24),2,3,likely_contested,"subType: contested-like, distance: at-rim/very close"
389,PT02M27.00S,3,1610612744,GSW,201939,Curry,S. Curry,-7,313,31,Missed,1,0.0,0.0,0,h,MISS Curry 31' 3PT Jump Shot,Missed Shot,Jump Shot,1,371,21600069,2013,10.0,made_fg(24),3,-2,likely_open,"subType: open-like, distance: deep above-break 3 (>=27ft)"
7,PT11M11.00S,1,1610612744,GSW,201939,Curry,S. Curry,-196,168,26,Missed,1,0.0,0.0,0,v,MISS Curry 26' 3PT Jump Shot,Missed Shot,Jump Shot,1,6,21600078,49,10.0,made_fg(24),3,-1,likely_open,subType: open-like
9,PT11M04.00S,1,1610612744,GSW,201939,Curry,S. Curry,-232,114,26,Missed,1,0.0,0.0,0,v,MISS Curry 26' 3PT Jump Shot,Missed Shot,Jump Shot,1,8,21600078,56,8.0,off_reb(14),3,-1,likely_open,subType: open-like
29,PT09M44.00S,1,1610612744,GSW,201939,Curry,S. Curry,1,1,0,Made,1,8.0,2.0,10,v,Curry  Driving Layup (2 PTS),Made Shot,Driving Layup Shot,1,24,21600078,136,17.0,def_reb(24),2,3,likely_contested,"subType: contested-like, distance: at-rim/very close"
36,PT09M00.00S,1,1610612744,GSW,201939,Curry,S. Curry,-227,60,0,Missed,1,0.0,0.0,0,v,MISS Curry  3PT Jump Shot,Missed Shot,Jump Shot,1,32,21600078,180,20.0,def_reb(24),3,0,likely_open,"subType: open-like, distance: at-rim/very close"
45,PT08M04.00S,1,1610612744,GSW,201939,Curry,S. Curry,-18,1,2,Made,1,8.0,6.0,14,v,Curry 2' Driving Layup (4 PTS) (Green 1 AST),Made Shot,Driving Layup Shot,1,41,21600078,236,15.0,def_reb(24),2,3,likely_contested,"subType: contested-like, distance: at-rim/very close"
83,PT05M12.00S,1,1610612744,GSW,201939,Curry,S. Curry,-202,41,21,Missed,1,0.0,0.0,0,v,MISS Curry 21' Jump Shot,Missed Shot,Jump Shot,1,74,21600078,408,19.0,def_reb(24),2,-1,likely_open,subType: open-like
91,PT04M44.00S,1,1610612744,GSW,201939,Curry,S. Curry,-160,140,21,Made,1,16.0,12.0,28,v,Curry 21' Pullup Jump Shot (7 PTS),Made Shot,Pullup Jump shot,1,80,21600078,436,12.0,made_fg(24),2,3,likely_contested,"subType: contested-like, text: pressure-move"
177,PT08M42.00S,2,1610612744,GSW,201939,Curry,S. Curry,-246,-6,25,Missed,1,0.0,0.0,0,v,MISS Curry 25' 3PT Jump Shot,Missed Shot,Jump Shot,1,159,21600078,918,8.0,made_fg(24),3,-2,likely_open,"subType: open-like, coords: corner-3, corner: catch/spot"
209,PT06M23.00S,2,1610612744,GSW,201939,Curry,S. Curry,-116,223,25,Missed,1,0.0,0.0,0,v,MISS Curry 25' 3PT Jump Shot,Missed Shot,Jump Shot,1,187,21600078,1057,15.0,made_fg(24),3,-1,likely_open,subType: open-like
230,PT03M09.00S,2,1610612744,GSW,201939,Curry,S. Curry,-18,1,2,Made,1,52.0,41.0,93,v,Curry 2' Reverse Layup (9 PTS) (Green 3 AST),Made Shot,Reverse Layup Shot,1,208,21600078,1251,21.0,def_reb(24),2,3,likely_contested,"subType: contested-like, distance: at-rim/very close"
238,PT02M33.00S,2,1610612744,GSW,201939,Curry,S. Curry,-170,194,26,Missed,1,0.0,0.0,0,v,MISS Curry 26' 3PT Jump Shot,Missed Shot,Jump Shot,1,215,21600078,1287,8.0,turnover(24),3,-1,likely_open,subType: open-like
275,PT11M28.00S,3,1610612744,GSW,201939,Curry,S. Curry,-21,0,2,Missed,1,0.0,0.0,0,v,MISS Curry 2' Layup,Missed Shot,Layup Shot,1,247,21600078,1472,21.0,def_reb(24),2,1,borderline,distance: at-rim/very close
311,PT08M49.00S,3,1610612744,GSW,201939,Curry,S. Curry,-85,243,26,Missed,1,0.0,0.0,0,v,MISS Curry 26' 3PT Jump Shot,Missed Shot,Jump Shot,1,279,21600078,1631,19.0,def_reb(24),3,-1,likely_open,subType: open-like
356,PT04M30.00S,3,1610612744,GSW,201939,Curry,S. Curry,-245,94,26,Missed,1,0.0,0.0,0,v,MISS Curry 26' 3PT Jump Shot,Missed Shot,Jump Shot,1,315,21600078,1890,5.0,made_fg(24),3,0,likely_open,"subType: open-like, clock: late (<=5s)"
482,PT07M16.00S,4,1610612744,GSW,201939,Curry,S. Curry,37,238,24,Missed,1,0.0,0.0,0,v,MISS Curry 24' 3PT Jump Shot,Missed Shot,Jump Shot,1,429,21600078,2444,12.0,made_fg(24),3,-1,likely_open,subType: open-like
496,PT05M02.00S,4,1610612744,GSW,201939,Curry,S. Curry,-10,3,1,Made,1,107.0,91.0,198,v,Curry 1' Layup (13 PTS) (Green 4 AST),Made Shot,Layup Shot,1,446,21600078,2578,13.0,made_fg(24),2,1,borderline,distance: at-rim/very close
501,PT04M38.00S,4,1610612744,GSW,201939,Curry,S. Curry,-122,223,25,Missed,1,0.0,0.0,0,v,MISS Curry 25' 3PT Jump Shot,Missed Shot,Jump Shot,1,449,21600078,2602,13.0,made_fg(24),3,-1,likely_open,subType: open-like
18,PT10M04.00S,1,1610612744,GSW,201939,Curry,S. Curry,1,11,1,Made,1,4.0,5.0,9,h,Curry 1' Tip Layup Shot (2 PTS),Made Shot,Tip Layup Shot,1,17,21600099,116,13.0,def_reb(24),2,3,likely_contested,"subType: contested-like, distance: at-rim/very close"
47,PT07M29.00S,1,1610612744,GSW,201939,Curry,S. Curry,-196,228,30,Made,1,9.0,11.0,20,h,Curry 30' 3PT Jump Shot (5 PTS) (Durant 1 AST),Made Shot,Jump Shot,1,42,21600099,271,20.0,def_reb(24),3,-2,likely_open,"subType: open-like, distance: deep above-break 3 (>=27ft)"
53,PT07M05.00S,1,1610612744,GSW,201939,Curry,S. Curry,-53,272,28,Missed,1,0.0,0.0,0,h,MISS Curry 28' 3PT Jump Shot,Missed Shot,Jump Shot,1,46,21600099,295,16.0,final_ft(24),3,-2,likely_open,"subType: open-like, distance: deep above-break 3 (>=27ft)"
82,PT04M32.00S,1,1610612744,GSW,201939,Curry,S. Curry,-184,203,27,Made,1,17.0,17.0,34,h,Curry 27' 3PT Pullup Jump Shot (9 PTS) (Green 3 AST),Made Shot,Pullup Jump shot,1,77,21600099,448,13.0,turnover(24),3,2,likely_contested,"subType: contested-like, text: pressure-move, distance: deep above-break 3 (>=27ft)"
91,PT03M35.00S,1,1610612744,GSW,201939,Curry,S. Curry,-233,31,24,Made,1,22.0,19.0,41,h,Curry 24' 3PT Step Back Jump Shot (12 PTS) (Clark 1 AST),Made Shot,Step Back Jump shot,1,88,21600099,505,20.0,turnover(24),3,3,likely_contested,"subType: contested-like, text: pressure-move, coords: corner-3"
109,PT01M54.00S,1,1610612744,GSW,201939,Curry,S. Curry,-163,164,23,Missed,1,0.0,0.0,0,h,MISS Curry 23' Jump Shot,Missed Shot,Jump Shot,1,105,21600099,606,1.0,def_foul_14(14),2,0,likely_open,"subType: open-like, clock: late (<=5s)"
196,PT05M05.00S,2,1610612744,GSW,201939,Curry,S. Curry,-201,165,26,Made,1,47.0,40.0,87,h,Curry 26' 3PT Pullup Jump Shot (15 PTS),Made Shot,Pullup Jump shot,1,184,21600099,1135,12.0,made_fg(24),3,3,likely_contested,"subType: contested-like, text: pressure-move"
202,PT04M20.00S,2,1610612744,GSW,201939,Curry,S. Curry,-207,183,28,Made,1,50.0,40.0,90,h,Curry 28' 3PT Pullup Jump Shot (18 PTS) (Green 4 AST),Made Shot,Pullup Jump shot,1,191,21600099,1180,16.0,def_reb(24),3,2,likely_contested,"subType: contested-like, text: pressure-move, distance: deep above-break 3 (>=27ft)"
209,PT03M54.00S,2,1610612744,GSW,201939,Curry,S. Curry,-16,259,26,Made,1,53.0,40.0,93,h,Curry 26' 3PT Running Jump Shot (21 PTS),Made Shot,Running Jump Shot,1,199,21600099,1206,18.0,def_reb(24),3,-1,likely_open,subType: open-like
211,PT03M14.00S,2,1610612744,GSW,201939,Curry,S. Curry,4,75,8,Missed,1,0.0,0.0,0,h,MISS Curry 8' Jump Shot,Missed Shot,Jump Shot,1,201,21600099,1246,9.0,turnover(24),2,0,likely_open,"subType: open-like, distance: mid-range"
229,PT02M00.00S,2,1610612744,GSW,201939,Curry,S. Curry,-1,11,1,Made,1,61.0,40.0,101,h,Curry 1' Layup (23 PTS),Made Shot,Layup Shot,1,216,21600099,1320,13.0,def_reb(24),2,1,borderline,distance: at-rim/very close
254,PT00M00.80S,2,1610612744,GSW,201939,Curry,S. Curry,-153,535,56,Missed,1,0.0,0.0,0,h,MISS Curry 56' 3PT Jump Shot,Missed Shot,Jump Shot,1,239,21600099,1440,23.0,final_ft(24),3,-2,likely_open,"subType: open-like, distance: deep above-break 3 (>=27ft)"
265,PT11M13.00S,3,1610612744,GSW,201939,Curry,S. Curry,19,262,26,Made,1,66.0,49.0,115,h,Curry 26' 3PT Pullup Jump Shot (26 PTS) (Green 6 AST),Made Shot,Pullup Jump shot,1,249,21600099,1487,14.0,def_reb(24),3,3,likely_contested,"subType: contested-like, text: pressure-move"
278,PT09M13.00S,3,1610612744,GSW,201939,Curry,S. Curry,-142,16,14,Made,1,70.0,56.0,126,h,Curry 14' Turnaround Jump Shot (28 PTS) (Green 8 AST),Made Shot,Turnaround Jump Shot,1,262,21600099,1607,6.0,def_reb(24),2,1,borderline,distance: mid-range
294,PT07M43.00S,3,1610612744,GSW,201939,Curry,S. Curry,40,115,12,Missed,1,0.0,0.0,0,h,MISS Curry 12' Floating Jump Shot,Missed Shot,Floating Jump shot,1,276,21600099,1697,12.0,final_ft(24),2,3,likely_contested,"subType: contested-like, distance: mid-range"
315,PT05M59.00S,3,1610612744,GSW,201939,Curry,S. Curry,-222,121,25,Missed,1,0.0,0.0,0,h,MISS Curry 25' 3PT Jump Shot,Missed Shot,Jump Shot,1,292,21600099,1801,13.0,final_ft(24),3,-1,likely_open,subType: open-like
322,PT05M41.00S,3,1610612744,GSW,201939,Curry,S. Curry,128,144,19,Missed,1,0.0,0.0,0,h,MISS Curry 19' Step Back Jump Shot,Missed Shot,Step Back Jump shot,1,298,21600099,1819,6.0,final_ft(24),2,3,likely_contested,"subType: contested-like, text: pressure-move"
339,PT03M59.00S,3,1610612744,GSW,201939,Curry,S. Curry,-120,228,26,Made,1,75.0,73.0,148,h,Curry 26' 3PT Pullup Jump Shot (31 PTS),Made Shot,Pullup Jump shot,1,315,21600099,1921,9.0,keep_clock(16),3,3,likely_contested,"subType: contested-like, text: pressure-move"
365,PT01M41.00S,3,1610612744,GSW,201939,Curry,S. Curry,-91,252,27,Made,1,80.0,76.0,156,h,Curry 27' 3PT Jump Shot (34 PTS) (Iguodala 4 AST),Made Shot,Jump Shot,1,338,21600099,2059,20.0,def_reb(24),3,-2,likely_open,"subType: open-like, distance: deep above-break 3 (>=27ft)"
368,PT01M11.00S,3,1610612744,GSW,201939,Curry,S. Curry,2,57,6,Missed,1,0.0,0.0,0,h,MISS Curry 6' Driving Hook Shot,Missed Shot,Driving Hook Shot,1,341,21600099,2089,13.0,def_reb(24),2,2,likely_contested,subType: contested-like
388,PT00M09.50S,3,1610612744,GSW,201939,Curry,S. Curry,-196,154,25,Made,1,84.0,78.0,162,h,Curry 25' 3PT Pullup Jump Shot (37 PTS) (Clark 2 AST),Made Shot,Pullup Jump shot,1,359,21600099,2151,3.0,def_reb(24),3,4,likely_contested,"subType: contested-like, text: pressure-move, clock: late (<=5s)"
440,PT06M02.00S,4,1610612744,GSW,201939,Curry,S. Curry,127,224,26,Missed,1,0.0,0.0,0,h,MISS Curry 26' 3PT Pullup Jump Shot,Missed Shot,Pullup Jump shot,1,408,21600099,2518,4.0,off_reb(14),3,4,likely_contested,"subType: contested-like, text: pressure-move, clock: late (<=5s)"
466,PT03M34.00S,4,1610612744,GSW,201939,Curry,S. Curry,-194,159,25,Made,1,103.0,95.0,198,h,Curry 25' 3PT Jump Shot (40 PTS) (Iguodala 7 AST),Made Shot,Jump Shot,1,434,21600099,2666,11.0,keep_clock(20),3,-1,likely_open,subType: open-like
468,PT02M54.00S,4,1610612744,GSW,201939,Curry,S. Curry,-89,237,25,Made,1,106.0,97.0,203,h,Curry 25' 3PT Jump Shot (43 PTS) (Thompson 1 AST),Made Shot,Jump Shot,1,436,21600099,2706,2.0,made_fg(24),3,0,likely_open,"subType: open-like, clock: late (<=5s)"
471,PT02M23.00S,4,1610612744,GSW,201939,Curry,S. Curry,71,252,26,Made,1,109.0,97.0,206,h,Curry 26' 3PT Pullup Jump Shot (46 PTS) (Green 11 AST),Made Shot,Pullup Jump shot,1,439,21600099,2737,15.0,def_reb(24),3,3,likely_contested,"subType: contested-like, text: pressure-move"
477,PT01M28.00S,4,1610612744,GSW,201939,Curry,S. Curry,-1,57,6,Missed,1,0.0,0.0,0,h,MISS Curry 6' Floating Jump Shot,Missed Shot,Floating Jump shot,1,447,21600099,2792,9.0,made_fg(24),2,2,likely_contested,subType: contested-like
11,PT10M38.00S,1,1610612744,GSW,201939,Curry,S. Curry,-207,195,28,Missed,1,0.0,0.0,0,h,MISS Curry 28' 3PT Jump Shot,Missed Shot,Jump Shot,1,12,21600116,82,19.0,def_reb(24),3,-2,likely_open,"subType: open-like, distance: deep above-break 3 (>=27ft)"
120,PT09M39.00S,2,1610612744,GSW,201939,Curry,S. Curry,-233,2,0,Missed,1,0.0,0.0,0,h,MISS Curry  3PT Jump Shot,Missed Shot,Jump Shot,1,118,21600116,861,0.0,turnover(24),3,0,likely_open,"subType: open-like, distance: at-rim/very close, coords: corner-3, corner: catch/spot, clock: late (<=5s)"
135,PT08M42.00S,2,1610612744,GSW,201939,Curry,S. Curry,10,16,2,Made,1,40.0,20.0,60,h,Curry 2' Driving Finger Roll Layup (3 PTS) (West 1 AST),Made Shot,Driving Finger Roll Layup Shot,1,130,21600116,918,5.0,keep_clock(15),2,2,likely_contested,"distance: at-rim/very close, clock: late (<=5s)"
138,PT08M10.00S,2,1610612744,GSW,201939,Curry,S. Curry,-137,277,31,Made,1,43.0,20.0,63,h,Curry 31' 3PT Running Jump Shot (6 PTS),Made Shot,Running Jump Shot,1,134,21600116,950,19.0,def_reb(24),3,-2,likely_open,"subType: open-like, distance: deep above-break 3 (>=27ft)"
177,PT05M23.00S,2,1610612744,GSW,201939,Curry,S. Curry,182,178,25,Made,1,50.0,25.0,75,h,Curry 25' 3PT Step Back Jump Shot (9 PTS) (Green 3 AST),Made Shot,Step Back Jump shot,1,170,21600116,1117,15.0,def_reb(24),3,3,likely_contested,"subType: contested-like, text: pressure-move"
231,PT00M06.90S,2,1610612744,GSW,201939,Curry,S. Curry,-35,264,27,Missed,1,0.0,0.0,0,h,MISS Curry 27' 3PT Step Back Jump Shot,Missed Shot,Step Back Jump shot,1,218,21600116,1434,15.0,final_ft(24),3,2,likely_contested,"subType: contested-like, text: pressure-move, distance: deep above-break 3 (>=27ft)"
248,PT10M39.00S,3,1610612744,GSW,201939,Curry,S. Curry,-237,2,24,Missed,1,0.0,0.0,0,h,MISS Curry 24' 3PT Jump Shot,Missed Shot,Jump Shot,1,231,21600116,1521,,stale_reset(24),3,-2,likely_open,"subType: open-like, coords: corner-3, corner: catch/spot"
312,PT04M38.00S,3,1610612744,GSW,201939,Curry,S. Curry,-14,267,27,Made,1,76.0,56.0,132,h,Curry 27' 3PT Jump Shot (13 PTS) (McCaw 1 AST),Made Shot,Jump Shot,1,291,21600116,1882,9.0,made_fg(24),3,-2,likely_open,"subType: open-like, distance: deep above-break 3 (>=27ft)"
343,PT01M23.00S,3,1610612744,GSW,201939,Curry,S. Curry,0,28,3,Made,1,80.0,65.0,145,h,Curry 3' Driving Layup (15 PTS),Made Shot,Driving Layup Shot,1,322,21600116,2077,5.0,def_foul_14(14),2,4,likely_contested,"subType: contested-like, distance: at-rim/very close, clock: late (<=5s)"
380,PT11M05.00S,4,1610612744,GSW,201939,Curry,S. Curry,163,129,21,Made,1,86.0,68.0,154,h,Curry 21' Step Back Jump Shot (17 PTS),Made Shot,Step Back Jump shot,1,352,21600116,2215,2.0,def_reb(24),2,4,likely_contested,"subType: contested-like, text: pressure-move, clock: late (<=5s)"
393,PT09M34.00S,4,1610612744,GSW,201939,Curry,S. Curry,89,105,14,Made,1,90.0,75.0,165,h,Curry 14' Floating Jump Shot (21 PTS) (West 2 AST),Made Shot,Floating Jump shot,1,363,21600116,2306,9.0,made_fg(24),2,3,likely_contested,"subType: contested-like, distance: mid-range"
396,PT09M12.00S,4,1610612744,GSW,201939,Curry,S. Curry,127,301,33,Made,1,93.0,75.0,168,h,Curry 33' 3PT Pullup Jump Shot (24 PTS),Made Shot,Pullup Jump shot,1,366,21600116,2328,18.0,def_reb(24),3,2,likely_contested,"subType: contested-like, text: pressure-move, distance: deep above-break 3 (>=27ft)"
44,PT06M48.00S,1,1610612744,GSW,201939,Curry,S. Curry,25,7,3,Made,1,8.0,13.0,21,v,Curry 3' Layup (2 PTS),Made Shot,Layup Shot,1,43,21600119,312,4.0,turnover(24),2,2,likely_contested,"distance: at-rim/very close, clock: late (<=5s)"
46,PT06M32.00S,1,1610612744,GSW,201939,Curry,S. Curry,-147,208,25,Made,1,8.0,16.0,24,v,Curry 25' 3PT Jump Shot (5 PTS) (Durant 3 AST),Made Shot,Jump Shot,1,46,21600119,328,16.0,turnover(24),3,-1,likely_open,subType: open-like
70,PT05M21.00S,1,1610612744,GSW,201939,Curry,S. Curry,-37,267,27,Missed,1,0.0,0.0,0,v,MISS Curry 27' 3PT Jump Shot,Missed Shot,Jump Shot,1,65,21600119,399,17.0,def_reb(24),3,-2,likely_open,"subType: open-like, distance: deep above-break 3 (>=27ft)"
108,PT02M22.00S,1,1610612744,GSW,201939,Curry,S. Curry,-148,205,25,Made,1,17.0,30.0,47,v,Curry 25' 3PT Pullup Jump Shot (8 PTS) (Green 2 AST),Made Shot,Pullup Jump shot,1,98,21600119,578,17.0,turnover(24),3,3,likely_contested,"subType: contested-like, text: pressure-move"
136,PT00M37.20S,1,1610612744,GSW,201939,Curry,S. Curry,-156,198,25,Made,1,19.0,36.0,55,v,Curry 25' 3PT Jump Shot (14 PTS) (McCaw 2 AST),Made Shot,Jump Shot,1,124,21600119,683,,stale_reset(24),3,-1,likely_open,subType: open-like
231,PT04M49.00S,2,1610612744,GSW,201939,Curry,S. Curry,-147,208,25,Missed,1,0.0,0.0,0,v,MISS Curry 25' 3PT Jump Shot,Missed Shot,Jump Shot,1,202,21600119,1151,5.0,def_reb(24),3,0,likely_open,"subType: open-like, clock: late (<=5s)"
242,PT03M53.00S,2,1610612744,GSW,201939,Curry,S. Curry,-17,2,2,Made,1,36.0,54.0,90,v,Curry 2' Reverse Layup (16 PTS),Made Shot,Reverse Layup Shot,1,212,21600119,1207,4.0,made_fg(24),2,4,likely_contested,"subType: contested-like, distance: at-rim/very close, clock: late (<=5s)"
268,PT01M38.00S,2,1610612744,GSW,201939,Curry,S. Curry,-243,-11,24,Missed,1,0.0,0.0,0,v,MISS Curry 24' 3PT Jump Shot,Missed Shot,Jump Shot,1,237,21600119,1342,18.0,def_reb(24),3,-2,likely_open,"subType: open-like, coords: corner-3, corner: catch/spot"
308,PT10M37.00S,3,1610612744,GSW,201939,Curry,S. Curry,207,11,21,Missed,1,0.0,0.0,0,v,MISS Curry 21' Jump Shot,Missed Shot,Jump Shot,1,270,21600119,1523,12.0,turnover(24),2,-1,likely_open,subType: open-like
310,PT10M24.00S,3,1610612744,GSW,201939,Curry,S. Curry,-12,-6,1,Made,1,51.0,70.0,121,v,Curry 1' Layup (20 PTS) (Green 3 AST),Made Shot,Layup Shot,1,272,21600119,1536,4.0,off_reb(14),2,2,likely_contested,"distance: at-rim/very close, clock: late (<=5s)"
335,PT07M36.00S,3,1610612744,GSW,201939,Curry,S. Curry,68,242,25,Made,1,56.0,80.0,136,v,Curry 25' 3PT Pullup Jump Shot (23 PTS),Made Shot,Pullup Jump shot,1,294,21600119,1704,21.0,def_reb(24),3,3,likely_contested,"subType: contested-like, text: pressure-move"
341,PT07M02.00S,3,1610612744,GSW,201939,Curry,S. Curry,-237,-11,24,Missed,1,0.0,0.0,0,v,MISS Curry 24' 3PT Jump Shot,Missed Shot,Jump Shot,1,299,21600119,1738,7.0,def_reb(24),3,-2,likely_open,"subType: open-like, coords: corner-3, corner: catch/spot"
344,PT06M32.00S,3,1610612744,GSW,201939,Curry,S. Curry,-201,149,25,Made,1,58.0,84.0,142,v,Curry 25' 3PT Jump Shot (27 PTS) (Thompson 2 AST),Made Shot,Jump Shot,1,302,21600119,1768,9.0,made_fg(24),3,-1,likely_open,subType: open-like
370,PT04M12.00S,3,1610612744,GSW,201939,Curry,S. Curry,-176,232,29,Made,1,66.0,92.0,158,v,Curry 29' 3PT Jump Shot (30 PTS),Made Shot,Jump Shot,1,328,21600119,1908,16.0,def_reb(24),3,-2,likely_open,"subType: open-like, distance: deep above-break 3 (>=27ft)"
378,PT03M25.00S,3,1610612744,GSW,201939,Curry,S. Curry,-205,195,28,Made,1,66.0,95.0,161,v,Curry 28' 3PT Fadeaway Jumper (33 PTS),Made Shot,Fadeaway Jump Shot,1,335,21600119,1955,,stale_reset(14),3,2,likely_contested,"subType: contested-like, text: pressure-move, distance: deep above-break 3 (>=27ft)"
381,PT03M03.00S,3,1610612744,GSW,201939,Curry,S. Curry,107,321,34,Missed,1,0.0,0.0,0,v,MISS Curry 34' 3PT Jump Shot,Missed Shot,Jump Shot,1,338,21600119,1977,17.0,def_reb(24),3,-2,likely_open,"subType: open-like, distance: deep above-break 3 (>=27ft)"
412,PT00M01.80S,3,1610612744,GSW,201939,Curry,S. Curry,155,247,29,Missed,1,0.0,0.0,0,v,MISS Curry 29' 3PT Jump Shot,Missed Shot,Jump Shot,1,366,21600119,2159,12.0,def_foul_14(14),3,-2,likely_open,"subType: open-like, distance: deep above-break 3 (>=27ft)"
26,PT09M14.00S,1,1610612744,GSW,201939,Curry,S. Curry,-9,3,1,Made,1,8.0,7.0,15,h,Curry 1' Running Reverse Layup (2 PTS),Made Shot,Running Reverse Layup Shot,1,24,21600143,166,16.0,def_reb(24),2,1,borderline,distance: at-rim/very close
31,PT08M47.00S,1,1610612744,GSW,201939,Curry,S. Curry,-232,18,0,Made,1,12.0,7.0,19,h,Curry  3PT Pullup Jump Shot (6 PTS) (Green 2 AST),Made Shot,Pullup Jump shot,1,29,21600143,193,14.0,turnover(24),3,4,likely_contested,"subType: contested-like, text: pressure-move, distance: at-rim/very close, coords: corner-3"
109,PT01M48.00S,1,1610612744,GSW,201939,Curry,S. Curry,-7,21,2,Missed,1,0.0,0.0,0,h,MISS Curry 2' Driving Reverse Layup,Missed Shot,Driving Reverse Layup Shot,1,102,21600143,612,14.0,made_fg(24),2,3,likely_contested,"subType: contested-like, distance: at-rim/very close"
197,PT05M59.00S,2,1610612744,GSW,201939,Curry,S. Curry,46,252,26,Made,1,42.0,46.0,88,h,Curry 26' 3PT Pullup Jump Shot (11 PTS) (Green 4 AST),Made Shot,Pullup Jump shot,1,183,21600143,1081,12.0,def_reb(24),3,3,likely_contested,"subType: contested-like, text: pressure-move"
199,PT05M30.00S,2,1610612744,GSW,201939,Curry,S. Curry,-70,85,11,Made,1,44.0,48.0,92,h,Curry 11' Driving Bank Shot (13 PTS),Made Shot,Driving Bank shot,1,185,21600143,1110,13.0,made_fg(24),2,1,borderline,distance: mid-range
206,PT05M08.00S,2,1610612744,GSW,201939,Curry,S. Curry,114,228,25,Missed,1,0.0,0.0,0,h,MISS Curry 25' 3PT Pullup Jump Shot,Missed Shot,Pullup Jump shot,1,192,21600143,1132,17.0,keep_clock(23),3,3,likely_contested,"subType: contested-like, text: pressure-move"
239,PT02M06.00S,2,1610612744,GSW,201939,Curry,S. Curry,0,21,2,Made,1,54.0,55.0,109,h,Curry 2' Driving Layup (17 PTS) (Green 5 AST),Made Shot,Driving Layup Shot,1,226,21600143,1314,1.0,made_fg(24),2,4,likely_contested,"subType: contested-like, distance: at-rim/very close, clock: late (<=5s)"
242,PT01M38.00S,2,1610612744,GSW,201939,Curry,S. Curry,-94,249,27,Made,1,57.0,55.0,112,h,Curry 27' 3PT Jump Shot (20 PTS) (Durant 2 AST),Made Shot,Jump Shot,1,229,21600143,1342,17.0,def_reb(24),3,-2,likely_open,"subType: open-like, distance: deep above-break 3 (>=27ft)"
245,PT01M09.00S,2,1610612744,GSW,201939,Curry,S. Curry,-6,288,29,Missed,1,0.0,0.0,0,h,MISS Curry 29' 3PT Pullup Jump Shot,Missed Shot,Pullup Jump shot,1,232,21600143,1371,10.0,def_reb(24),3,2,likely_contested,"subType: contested-like, text: pressure-move, distance: deep above-break 3 (>=27ft)"
271,PT11M28.00S,3,1610612744,GSW,201939,Curry,S. Curry,-192,170,26,Missed,1,0.0,0.0,0,h,MISS Curry 26' 3PT Jump Shot,Missed Shot,Jump Shot,1,257,21600143,1472,4.0,def_reb(24),3,0,likely_open,"subType: open-like, clock: late (<=5s)"
276,PT10M42.00S,3,1610612744,GSW,201939,Curry,S. Curry,53,146,16,Missed,1,0.0,0.0,0,h,MISS Curry 16' Jump Shot,Missed Shot,Jump Shot,1,263,21600143,1518,17.0,turnover(24),2,0,likely_open,"subType: open-like, distance: mid-range"
356,PT04M09.00S,3,1610612744,GSW,201939,Curry,S. Curry,-150,242,28,Missed,1,0.0,0.0,0,h,MISS Curry 28' 3PT Pullup Jump Shot,Missed Shot,Pullup Jump shot,1,336,21600143,1911,15.0,made_fg(24),3,2,likely_contested,"subType: contested-like, text: pressure-move, distance: deep above-break 3 (>=27ft)"
365,PT02M53.00S,3,1610612744,GSW,201939,Curry,S. Curry,28,247,25,Made,1,88.0,84.0,172,h,Curry 25' 3PT Jump Shot (25 PTS) (Iguodala 3 AST),Made Shot,Jump Shot,1,347,21600143,1987,15.0,def_reb(24),3,-1,likely_open,subType: open-like
385,PT01M44.00S,3,1610612744,GSW,201939,Curry,S. Curry,15,272,27,Made,1,94.0,85.0,179,h,Curry 27' 3PT Pullup Jump Shot (28 PTS),Made Shot,Pullup Jump shot,1,363,21600143,2056,22.0,def_reb(24),3,2,likely_contested,"subType: contested-like, text: pressure-move, distance: deep above-break 3 (>=27ft)"
392,PT01M06.00S,3,1610612744,GSW,201939,Curry,S. Curry,-1,21,2,Made,1,96.0,87.0,183,h,Curry 2' Driving Finger Roll Layup (30 PTS),Made Shot,Driving Finger Roll Layup Shot,1,368,21600143,2094,2.0,final_ft(24),2,2,likely_contested,"distance: at-rim/very close, clock: late (<=5s)"
402,PT00M07.80S,3,1610612744,GSW,201939,Curry,S. Curry,33,101,11,Missed,1,0.0,0.0,0,h,MISS Curry 11' Floating Jump Shot,Missed Shot,Floating Jump shot,1,377,21600143,2153,4.0,final_ft(24),2,4,likely_contested,"subType: contested-like, distance: mid-range, clock: late (<=5s)"
478,PT05M08.00S,4,1610612744,GSW,201939,Curry,S. Curry,9,43,4,Missed,1,0.0,0.0,0,h,MISS Curry 4' Running Jump Shot,Missed Shot,Running Jump Shot,1,445,21600143,2572,15.0,turnover(24),2,0,likely_open,"subType: open-like, distance: at-rim/very close"
11,PT10M29.00S,1,1610612744,GSW,201939,Curry,S. Curry,207,151,26,Missed,1,0.0,0.0,0,v,MISS Curry 26' 3PT Jump Shot,Missed Shot,Jump Shot,1,12,21600165,91,12.0,made_fg(24),3,-1,likely_open,subType: open-like
42,PT07M22.00S,1,1610612744,GSW,201939,Curry,S. Curry,-29,11,3,Made,1,12.0,10.0,22,v,Curry 3' Driving Finger Roll Layup (2 PTS) (Durant 1 AST),Made Shot,Driving Finger Roll Layup Shot,1,40,21600165,278,14.0,def_reb(24),2,1,borderline,distance: at-rim/very close
68,PT05M11.00S,1,1610612744,GSW,201939,Curry,S. Curry,-34,8,3,Made,1,22.0,17.0,39,v,Curry 3' Driving Reverse Layup (4 PTS),Made Shot,Driving Reverse Layup Shot,1,59,21600165,409,12.0,made_fg(24),2,3,likely_contested,"subType: contested-like, distance: at-rim/very close"
91,PT03M15.00S,1,1610612744,GSW,201939,Curry,S. Curry,-97,205,23,Made,1,32.0,24.0,56,v,Curry 23' Pullup Jump Shot (6 PTS),Made Shot,Pullup Jump shot,1,80,21600165,525,11.0,made_fg(24),2,3,likely_contested,"subType: contested-like, text: pressure-move"
212,PT05M58.00S,2,1610612744,GSW,201939,Curry,S. Curry,-6,257,26,Missed,1,0.0,0.0,0,v,MISS Curry 26' 3PT Pullup Jump Shot,Missed Shot,Pullup Jump shot,1,186,21600165,1082,5.0,off_reb(14),3,4,likely_contested,"subType: contested-like, text: pressure-move, clock: late (<=5s)"
222,PT04M39.00S,2,1610612744,GSW,201939,Curry,S. Curry,192,156,25,Made,1,49.0,50.0,99,v,Curry 25' 3PT Jump Shot (12 PTS) (Green 1 AST),Made Shot,Jump Shot,1,198,21600165,1161,14.0,def_reb(24),3,-1,likely_open,subType: open-like
237,PT03M20.00S,2,1610612744,GSW,201939,Curry,S. Curry,-1,3,0,Made,1,51.0,56.0,107,v,Curry  Running Layup (14 PTS) (Livingston 1 AST),Made Shot,Running Layup Shot,1,211,21600165,1240,21.0,turnover(24),2,3,likely_contested,"subType: contested-like, distance: at-rim/very close"
256,PT01M45.00S,2,1610612744,GSW,201939,Curry,S. Curry,150,203,25,Missed,1,0.0,0.0,0,v,MISS Curry 25' 3PT Jump Shot,Missed Shot,Jump Shot,1,231,21600165,1335,18.0,turnover(24),3,-1,likely_open,subType: open-like
346,PT08M01.00S,3,1610612744,GSW,201939,Curry,S. Curry,-19,2,2,Made,1,61.0,76.0,137,v,Curry 2' Driving Layup (19 PTS),Made Shot,Driving Layup Shot,1,302,21600165,1679,11.0,def_reb(24),2,3,likely_contested,"subType: contested-like, distance: at-rim/very close"
350,PT07M27.00S,3,1610612744,GSW,201939,Curry,S. Curry,35,-6,4,Made,1,61.0,78.0,139,v,Curry 4' Running Layup (21 PTS) (Thompson 1 AST),Made Shot,Running Layup Shot,1,305,21600165,1713,18.0,def_reb(24),2,3,likely_contested,"subType: contested-like, distance: at-rim/very close"
398,PT04M51.00S,3,1610612744,GSW,201939,Curry,S. Curry,0,9,1,Missed,1,0.0,0.0,0,v,MISS Curry 1' Tip Layup Shot,Missed Shot,Tip Layup Shot,1,335,21600165,1869,24.0,def_reb(24),2,3,likely_contested,"subType: contested-like, distance: at-rim/very close"
414,PT03M12.00S,3,1610612744,GSW,201939,Curry,S. Curry,-147,219,26,Missed,1,0.0,0.0,0,v,MISS Curry 26' 3PT Jump Shot,Missed Shot,Jump Shot,1,355,21600165,1968,17.0,def_reb(24),3,-1,likely_open,subType: open-like
432,PT01M41.00S,3,1610612744,GSW,201939,Curry,S. Curry,-143,82,16,Made,1,82.0,89.0,171,v,Curry 16' Pullup Jump Shot (25 PTS),Made Shot,Pullup Jump shot,1,372,21600165,2059,11.0,made_fg(24),2,4,likely_contested,"subType: contested-like, text: pressure-move, distance: mid-range"
435,PT01M04.00S,3,1610612744,GSW,201939,Curry,S. Curry,168,205,27,Made,1,84.0,92.0,176,v,Curry 27' 3PT Jump Shot (28 PTS) (Durant 4 AST),Made Shot,Jump Shot,1,374,21600165,2096,12.0,made_fg(24),3,-2,likely_open,"subType: open-like, distance: deep above-break 3 (>=27ft)"
442,PT00M34.30S,3,1610612744,GSW,201939,Curry,S. Curry,143,208,25,Made,1,86.0,95.0,181,v,Curry 25' 3PT Jump Shot (31 PTS) (Durant 5 AST),Made Shot,Jump Shot,1,378,21600165,2126,8.0,final_ft(24),3,-1,likely_open,subType: open-like
502,PT05M49.00S,4,1610612744,GSW,201939,Curry,S. Curry,155,82,18,Missed,1,0.0,0.0,0,v,MISS Curry 18' Jump Shot,Missed Shot,Jump Shot,1,427,21600165,2531,10.0,def_reb(24),2,-1,likely_open,subType: open-like
529,PT03M16.00S,4,1610612744,GSW,201939,Curry,S. Curry,55,262,27,Missed,1,0.0,0.0,0,v,MISS Curry 27' 3PT Pullup Jump Shot,Missed Shot,Pullup Jump shot,1,455,21600165,2684,8.0,def_reb(24),3,2,likely_contested,"subType: contested-like, text: pressure-move, distance: deep above-break 3 (>=27ft)"
551,PT01M59.00S,4,1610612744,GSW,201939,Curry,S. Curry,-97,169,19,Missed,1,0.0,0.0,0,v,MISS Curry 19' Pullup Jump Shot,Missed Shot,Pullup Jump shot,1,471,21600165,2761,12.0,made_fg(24),2,3,likely_contested,"subType: contested-like, text: pressure-move"
554,PT01M38.00S,4,1610612744,GSW,201939,Curry,S. Curry,232,121,26,Missed,1,0.0,0.0,0,v,MISS Curry 26' 3PT Jump Shot,Missed Shot,Jump Shot,1,474,21600165,2782,9.0,made_fg(24),3,-1,likely_open,subType: open-like
5,PT11M06.00S,1,1610612744,GSW,201939,Curry,S. Curry,9,8,1,Missed,1,0.0,0.0,0,v,MISS Curry 1' Running Reverse Layup,Missed Shot,Running Reverse Layup Shot,1,7,21600179,54,20.0,turnover(24),2,1,borderline,distance: at-rim/very close
34,PT07M35.00S,1,1610612744,GSW,201939,Curry,S. Curry,1,16,2,Missed,1,0.0,0.0,0,v,MISS Curry 2' Layup,Missed Shot,Layup Shot,1,38,21600179,265,19.0,turnover(24),2,1,borderline,distance: at-rim/very close
36,PT07M28.00S,1,1610612744,GSW,201939,Curry,S. Curry,-27,56,6,Made,1,10.0,12.0,22,v,Curry 6' Driving Hook Shot (2 PTS) (Pachulia 3 AST),Made Shot,Driving Hook Shot,1,41,21600179,272,9.0,off_reb(14),2,2,likely_contested,subType: contested-like
79,PT03M02.00S,1,1610612744,GSW,201939,Curry,S. Curry,138,218,26,Missed,1,0.0,0.0,0,v,MISS Curry 26' 3PT Jump Shot,Missed Shot,Jump Shot,1,82,21600179,538,15.0,made_fg(24),3,-1,likely_open,subType: open-like
88,PT02M39.00S,1,1610612744,GSW,201939,Curry,S. Curry,-145,18,15,Missed,1,0.0,0.0,0,v,MISS Curry 15' Jump Shot,Missed Shot,Jump Shot,1,89,21600179,561,9.0,final_ft(24),2,0,likely_open,"subType: open-like, distance: mid-range"
91,PT02M00.00S,1,1610612744,GSW,201939,Curry,S. Curry,135,218,26,Missed,1,0.0,0.0,0,v,MISS Curry 26' 3PT Jump Shot,Missed Shot,Jump Shot,1,92,21600179,600,10.0,made_fg(24),3,-1,likely_open,subType: open-like
194,PT04M53.00S,2,1610612744,GSW,201939,Curry,S. Curry,-66,218,23,Made,1,36.0,44.0,80,v,Curry 23' Step Back Jump Shot (4 PTS),Made Shot,Step Back Jump shot,1,186,21600179,1147,4.0,keep_clock(22),2,4,likely_contested,"subType: contested-like, text: pressure-move, clock: late (<=5s)"
197,PT04M22.00S,2,1610612744,GSW,201939,Curry,S. Curry,-14,262,26,Missed,1,0.0,0.0,0,v,MISS Curry 26' 3PT Jump Shot,Missed Shot,Jump Shot,1,190,21600179,1178,16.0,def_reb(24),3,-1,likely_open,subType: open-like
226,PT01M52.00S,2,1610612744,GSW,201939,Curry,S. Curry,-25,7,3,Made,1,46.0,51.0,97,v,Curry 3' Driving Finger Roll Layup (6 PTS) (Green 5 AST),Made Shot,Driving Finger Roll Layup Shot,1,214,21600179,1328,10.0,final_ft(24),2,1,borderline,distance: at-rim/very close
247,PT00M00.20S,2,1610612744,GSW,201939,Curry,S. Curry,-181,395,43,Missed,1,0.0,0.0,0,v,MISS Curry 43' 3PT Jump Shot,Missed Shot,Jump Shot,1,233,21600179,1440,22.0,def_reb(24),3,-2,likely_open,"subType: open-like, distance: deep above-break 3 (>=27ft)"
256,PT11M25.00S,3,1610612744,GSW,201939,Curry,S. Curry,135,223,26,Missed,1,0.0,0.0,0,v,MISS Curry 26' 3PT Step Back Jump Shot,Missed Shot,Step Back Jump shot,1,241,21600179,1475,17.0,def_reb(24),3,3,likely_contested,"subType: contested-like, text: pressure-move"
284,PT07M48.00S,3,1610612744,GSW,201939,Curry,S. Curry,10,257,26,Made,1,51.0,73.0,124,v,Curry 26' 3PT Pullup Jump Shot (9 PTS),Made Shot,Pullup Jump shot,1,270,21600179,1692,18.0,turnover(24),3,3,likely_contested,"subType: contested-like, text: pressure-move"
289,PT07M18.00S,3,1610612744,GSW,201939,Curry,S. Curry,9,-5,1,Made,1,51.0,75.0,126,v,Curry 1' Driving Finger Roll Layup (11 PTS) (Durant 6 AST),Made Shot,Driving Finger Roll Layup Shot,1,274,21600179,1722,19.0,def_reb(24),2,1,borderline,distance: at-rim/very close
351,PT01M46.00S,3,1610612744,GSW,201939,Curry,S. Curry,-204,193,28,Missed,1,0.0,0.0,0,v,MISS Curry 28' 3PT Jump Shot,Missed Shot,Jump Shot,1,329,21600179,2054,17.0,def_reb(24),3,-2,likely_open,"subType: open-like, distance: deep above-break 3 (>=27ft)"
424,PT06M55.00S,4,1610612744,GSW,201939,Curry,S. Curry,-102,170,20,Missed,1,0.0,0.0,0,v,MISS Curry 20' Jump Shot,Missed Shot,Jump Shot,1,395,21600179,2465,6.0,def_reb(24),2,-1,likely_open,subType: open-like
428,PT06M18.00S,4,1610612744,GSW,201939,Curry,S. Curry,235,21,24,Missed,1,0.0,0.0,0,v,MISS Curry 24' 3PT Jump Shot,Missed Shot,Jump Shot,1,399,21600179,2502,13.0,def_reb(24),3,-2,likely_open,"subType: open-like, coords: corner-3, corner: catch/spot"
445,PT04M30.00S,4,1610612744,GSW,201939,Curry,S. Curry,-7,3,1,Missed,1,0.0,0.0,0,v,MISS Curry 1' Running Layup,Missed Shot,Running Layup Shot,1,416,21600179,2610,21.0,def_reb(24),2,3,likely_contested,"subType: contested-like, distance: at-rim/very close"
484,PT01M13.00S,4,1610612744,GSW,201939,Curry,S. Curry,233,57,24,Made,1,88.0,102.0,190,v,Curry 24' 3PT Fadeaway Jumper (14 PTS),Made Shot,Fadeaway Jump Shot,1,451,21600179,2807,11.0,final_ft(24),3,3,likely_contested,"subType: contested-like, text: pressure-move"
487,PT00M48.50S,4,1610612744,GSW,201939,Curry,S. Curry,-9,16,2,Made,1,88.0,104.0,192,v,Curry 2' Driving Finger Roll Layup (16 PTS),Made Shot,Driving Finger Roll Layup Shot,1,454,21600179,2832,10.0,def_reb(24),2,1,borderline,distance: at-rim/very close
491,PT00M12.60S,4,1610612744,GSW,201939,Curry,S. Curry,89,287,30,Missed,1,0.0,0.0,0,v,MISS Curry 30' 3PT Jump Shot,Missed Shot,Jump Shot,1,457,21600179,2868,4.0,def_reb(24),3,-1,likely_open,"subType: open-like, distance: deep above-break 3 (>=27ft), clock: late (<=5s)"
4,PT11M21.00S,1,1610612744,GSW,201939,Curry,S. Curry,79,244,26,Missed,1,0.0,0.0,0,v,MISS Curry 26' 3PT Jump Shot,Missed Shot,Jump Shot,1,5,21600191,39,5.0,def_reb(24),3,0,likely_open,"subType: open-like, clock: late (<=5s)"
54,PT06M30.00S,1,1610612744,GSW,201939,Curry,S. Curry,-197,178,27,Missed,1,0.0,0.0,0,v,MISS Curry 27' 3PT Jump Shot,Missed Shot,Jump Shot,1,49,21600191,330,8.0,def_foul_14(14),3,-2,likely_open,"subType: open-like, distance: deep above-break 3 (>=27ft)"
70,PT05M25.00S,1,1610612744,GSW,201939,Curry,S. Curry,74,62,10,Made,1,16.0,18.0,34,v,Curry 10' Floating Jump Shot (3 PTS) (Green 1 AST),Made Shot,Floating Jump shot,1,66,21600191,395,5.0,off_reb(14),2,4,likely_contested,"subType: contested-like, distance: mid-range, clock: late (<=5s)"
75,PT05M09.00S,1,1610612744,GSW,201939,Curry,S. Curry,2,0,0,Made,1,16.0,21.0,37,v,Curry  Running Layup (6 PTS),Made Shot,Running Layup Shot,1,71,21600191,411,19.0,turnover(24),2,3,likely_contested,"subType: contested-like, distance: at-rim/very close"
96,PT03M12.00S,1,1610612744,GSW,201939,Curry,S. Curry,50,7,5,Missed,1,0.0,0.0,0,v,MISS Curry 5' Floating Jump Shot,Missed Shot,Floating Jump shot,1,91,21600191,528,14.0,made_fg(24),2,3,likely_contested,"subType: contested-like, distance: at-rim/very close"
202,PT06M02.00S,2,1610612744,GSW,201939,Curry,S. Curry,-148,210,26,Missed,1,0.0,0.0,0,v,MISS Curry 26' 3PT Jump Shot,Missed Shot,Jump Shot,1,187,21600191,1078,16.0,def_reb(24),3,-1,likely_open,subType: open-like
223,PT04M15.00S,2,1610612744,GSW,201939,Curry,S. Curry,-3,-6,1,Missed,1,0.0,0.0,0,v,MISS Curry 1' Layup,Missed Shot,Layup Shot,1,204,21600191,1185,11.0,off_reb(14),2,1,borderline,distance: at-rim/very close
231,PT03M46.00S,2,1610612744,GSW,201939,Curry,S. Curry,37,262,26,Missed,1,0.0,0.0,0,v,MISS Curry 26' 3PT Jump Shot,Missed Shot,Jump Shot,1,212,21600191,1214,10.0,off_reb(14),3,-1,likely_open,subType: open-like
270,PT01M33.00S,2,1610612744,GSW,201939,Curry,S. Curry,230,41,0,Made,1,61.0,61.0,122,v,Curry  3PT Jump Shot (9 PTS) (Thompson 2 AST),Made Shot,Jump Shot,1,244,21600191,1347,20.0,def_reb(24),3,-1,likely_open,"subType: open-like, distance: at-rim/very close, coords: corner-3, corner: catch/spot"
309,PT09M25.00S,3,1610612744,GSW,201939,Curry,S. Curry,14,288,29,Missed,1,0.0,0.0,0,v,MISS Curry 29' 3PT Jump Shot,Missed Shot,Jump Shot,1,280,21600191,1595,19.0,def_reb(24),3,-2,likely_open,"subType: open-like, distance: deep above-break 3 (>=27ft)"
324,PT08M03.00S,3,1610612744,GSW,201939,Curry,S. Curry,0,7,1,Made,1,74.0,77.0,151,v,Curry 1' Cutting Layup Shot (13 PTS) (Pachulia 4 AST),Made Shot,Cutting Layup Shot,1,293,21600191,1677,4.0,made_fg(24),2,2,likely_contested,"distance: at-rim/very close, clock: late (<=5s)"
368,PT04M44.00S,3,1610612744,GSW,201939,Curry,S. Curry,-214,156,26,Missed,1,0.0,0.0,0,v,MISS Curry 26' 3PT Jump Shot,Missed Shot,Jump Shot,1,330,21600191,1876,18.0,def_reb(24),3,-1,likely_open,subType: open-like
373,PT04M20.00S,3,1610612744,GSW,201939,Curry,S. Curry,-227,31,0,Missed,1,0.0,0.0,0,v,MISS Curry  3PT Jump Shot,Missed Shot,Jump Shot,1,335,21600191,1900,6.0,def_reb(24),3,-1,likely_open,"subType: open-like, distance: at-rim/very close, coords: corner-3, corner: catch/spot"
381,PT03M18.00S,3,1610612744,GSW,201939,Curry,S. Curry,-1,2,0,Missed,1,0.0,0.0,0,v,MISS Curry  Layup,Missed Shot,Layup Shot,1,342,21600191,1962,4.0,made_fg(24),2,2,likely_contested,"distance: at-rim/very close, clock: late (<=5s)"
383,PT03M13.00S,3,1610612744,GSW,201939,Curry,S. Curry,-212,-11,21,Made,1,84.0,94.0,178,v,Curry 21' Jump Shot (16 PTS) (Iguodala 3 AST),Made Shot,Jump Shot,1,344,21600191,1967,11.0,off_reb(14),2,-1,likely_open,subType: open-like
402,PT02M16.00S,3,1610612744,GSW,201939,Curry,S. Curry,45,82,9,Missed,1,0.0,0.0,0,v,MISS Curry 9' Jump Shot,Missed Shot,Jump Shot,1,361,21600191,2024,4.0,final_ft(24),2,1,borderline,"subType: open-like, distance: mid-range, clock: late (<=5s)"
524,PT06M03.00S,4,1610612744,GSW,201939,Curry,S. Curry,-202,178,27,Missed,1,0.0,0.0,0,v,MISS Curry 27' 3PT Jump Shot,Missed Shot,Jump Shot,1,450,21600191,2517,11.0,off_reb(14),3,-2,likely_open,"subType: open-like, distance: deep above-break 3 (>=27ft)"
527,PT05M36.00S,4,1610612744,GSW,201939,Curry,S. Curry,2,7,1,Made,1,107.0,118.0,225,v,Curry 1' Cutting Finger Roll Layup Shot (18 PTS) (West 3 AST),Made Shot,Cutting Finger Roll Layup Shot,1,453,21600191,2544,4.0,made_fg(24),2,2,likely_contested,"distance: at-rim/very close, clock: late (<=5s)"
529,PT05M14.00S,4,1610612744,GSW,201939,Curry,S. Curry,-30,269,27,Missed,1,0.0,0.0,0,v,MISS Curry 27' 3PT Jump Shot,Missed Shot,Jump Shot,1,456,21600191,2566,18.0,turnover(24),3,-2,likely_open,"subType: open-like, distance: deep above-break 3 (>=27ft)"
561,PT02M47.00S,4,1610612744,GSW,201939,Curry,S. Curry,15,7,2,Made,1,117.0,122.0,239,v,Curry 2' Driving Finger Roll Layup (20 PTS),Made Shot,Driving Finger Roll Layup Shot,1,488,21600191,2713,4.0,made_fg(24),2,2,likely_contested,"distance: at-rim/very close, clock: late (<=5s)"
582,PT01M14.00S,4,1610612744,GSW,201939,Curry,S. Curry,-9,272,27,Missed,1,0.0,0.0,0,v,MISS Curry 27' 3PT Jump Shot,Missed Shot,Jump Shot,1,504,21600191,2806,5.0,def_reb(24),3,-1,likely_open,"subType: open-like, distance: deep above-break 3 (>=27ft), clock: late (<=5s)"
6,PT11M11.00S,1,1610612744,GSW,201939,Curry,S. Curry,-4,198,20,Missed,1,,,0,v,MISS Curry 20' Jump Shot,Missed Shot,Jump Shot,1,7,21600202,49,12.0,def_reb(24),2,-1,likely_open,subType: open-like
21,PT09M04.00S,1,1610612744,GSW,201939,Curry,S. Curry,-115,232,26,Missed,1,,,0,v,MISS Curry 26' 3PT Jump Shot,Missed Shot,Jump Shot,1,22,21600202,176,10.0,made_fg(24),3,-1,likely_open,subType: open-like
40,PT07M19.00S,1,1610612744,GSW,201939,Curry,S. Curry,-237,2,24,Missed,1,,,0,v,MISS Curry 24' 3PT Jump Shot,Missed Shot,Jump Shot,1,39,21600202,281,16.0,def_reb(24),3,-2,likely_open,"subType: open-like, coords: corner-3, corner: catch/spot"
205,PT05M32.00S,2,1610612744,GSW,201939,Curry,S. Curry,209,134,25,Missed,1,,,0,v,MISS Curry 25' 3PT Jump Shot,Missed Shot,Jump Shot,1,195,21600202,1108,7.0,made_fg(24),3,-1,likely_open,subType: open-like
219,PT04M05.00S,2,1610612744,GSW,201939,Curry,S. Curry,179,178,25,Made,1,34.0,47.0,81,v,Curry 25' 3PT Jump Shot (7 PTS),Made Shot,Jump Shot,1,209,21600202,1195,10.0,made_fg(24),3,-1,likely_open,subType: open-like
262,PT00M36.80S,2,1610612744,GSW,201939,Curry,S. Curry,71,3,7,Made,1,38.0,58.0,96,v,Curry 7' Turnaround Bank Shot (9 PTS),Made Shot,Turnaround Bank shot,0,249,21600202,1404,12.0,off_reb(14),2,2,likely_contested,subType: contested-like
269,PT00M10.60S,2,1610612744,GSW,201939,Curry,S. Curry,215,139,26,Made,1,40.0,61.0,101,v,Curry 26' 3PT Jump Shot (12 PTS) (Iguodala 4 AST),Made Shot,Jump Shot,1,253,21600202,1430,5.0,made_fg(24),3,0,likely_open,"subType: open-like, clock: late (<=5s)"
287,PT09M51.00S,3,1610612744,GSW,201939,Curry,S. Curry,-1,2,0,Made,1,44.0,68.0,112,v,Curry Cutting Finger Roll Layup Shot (14 PTS) (Green 6 AST),Made Shot,Cutting Finger Roll Layup Shot,1,272,21600202,1569,19.0,turnover(24),2,1,borderline,distance: at-rim/very close
325,PT06M46.00S,3,1610612744,GSW,201939,Curry,S. Curry,-110,36,12,Made,1,52.0,80.0,132,v,Curry 12' Driving Bank Shot (16 PTS) (Durant 5 AST),Made Shot,Driving Bank shot,1,308,21600202,1754,16.0,made_fg(24),2,1,borderline,distance: mid-range
335,PT05M55.00S,3,1610612744,GSW,201939,Curry,S. Curry,-99,190,21,Made,1,55.0,84.0,139,v,Curry 21' Jump Shot (20 PTS) (Durant 6 AST),Made Shot,Jump Shot,1,316,21600202,1805,6.0,def_reb(24),2,-1,likely_open,subType: open-like
375,PT03M02.00S,3,1610612744,GSW,201939,Curry,S. Curry,-6,262,26,Missed,1,,,0,v,MISS Curry 26' 3PT Jump Shot,Missed Shot,Jump Shot,1,350,21600202,1978,18.0,def_reb(24),3,-1,likely_open,subType: open-like
18,PT09M53.00S,1,1610612744,GSW,201939,Curry,S. Curry,-215,146,26,Made,1,7.0,4.0,11,h,Curry 26' 3PT Jump Shot (3 PTS) (Thompson 1 AST),Made Shot,Jump Shot,1,19,21600223,127,18.0,turnover(24),3,-1,likely_open,subType: open-like
21,PT09M20.00S,1,1610612744,GSW,201939,Curry,S. Curry,94,252,27,Made,1,10.0,4.0,14,h,Curry 27' 3PT Jump Shot (6 PTS) (Green 2 AST),Made Shot,Jump Shot,1,22,21600223,160,15.0,def_reb(24),3,-2,likely_open,"subType: open-like, distance: deep above-break 3 (>=27ft)"
58,PT06M08.00S,1,1610612744,GSW,201939,Curry,S. Curry,-22,262,26,Missed,1,0.0,0.0,0,h,MISS Curry 26' 3PT Jump Shot,Missed Shot,Jump Shot,1,52,21600223,352,16.0,def_reb(24),3,-1,likely_open,subType: open-like
90,PT03M37.00S,1,1610612744,GSW,201939,Curry,S. Curry,-169,203,26,Made,1,32.0,21.0,53,h,Curry 26' 3PT Pullup Jump Shot (9 PTS) (Iguodala 1 AST),Made Shot,Pullup Jump shot,1,83,21600223,503,10.0,made_fg(24),3,3,likely_contested,"subType: contested-like, text: pressure-move"
93,PT03M19.00S,1,1610612744,GSW,201939,Curry,S. Curry,-34,36,5,Made,1,34.0,21.0,55,h,Curry 5' Floating Jump Shot (11 PTS) (Green 4 AST),Made Shot,Floating Jump shot,1,87,21600223,521,20.0,def_reb(24),2,3,likely_contested,"subType: contested-like, distance: at-rim/very close"
117,PT01M49.00S,1,1610612744,GSW,201939,Curry,S. Curry,-187,188,27,Made,1,40.0,22.0,62,h,Curry 27' 3PT Step Back Jump Shot (15 PTS),Made Shot,Step Back Jump shot,1,108,21600223,611,12.0,def_reb(24),3,2,likely_contested,"subType: contested-like, text: pressure-move, distance: deep above-break 3 (>=27ft)"
156,PT00M04.50S,1,1610612744,GSW,201939,Curry,S. Curry,127,185,22,Missed,1,0.0,0.0,0,h,MISS Curry 22' Jump Shot,Missed Shot,Jump Shot,1,141,21600223,716,19.0,final_ft(24),2,-1,likely_open,subType: open-like
233,PT05M03.00S,2,1610612744,GSW,201939,Curry,S. Curry,-38,262,26,Made,1,61.0,45.0,106,h,Curry 26' 3PT Jump Shot (18 PTS) (Green 7 AST),Made Shot,Jump Shot,1,210,21600223,1137,20.0,def_reb(24),3,-1,likely_open,subType: open-like
249,PT03M26.00S,2,1610612744,GSW,201939,Curry,S. Curry,-199,164,26,Made,1,66.0,45.0,111,h,Curry 26' 3PT Jump Shot (21 PTS) (Livingston 1 AST),Made Shot,Jump Shot,1,224,21600223,1234,7.0,turnover(24),3,-1,likely_open,subType: open-like
263,PT02M41.00S,2,1610612744,GSW,201939,Curry,S. Curry,10,16,2,Made,1,69.0,47.0,116,h,Curry 2' Cutting Layup Shot (23 PTS) (Green 8 AST),Made Shot,Cutting Layup Shot,1,237,21600223,1279,16.0,made_fg(24),2,1,borderline,distance: at-rim/very close
285,PT00M42.90S,2,1610612744,GSW,201939,Curry,S. Curry,-196,174,26,Missed,1,0.0,0.0,0,h,MISS Curry 26' 3PT Jump Shot,Missed Shot,Jump Shot,1,260,21600223,1398,18.0,turnover(24),3,-1,likely_open,subType: open-like
294,PT00M00.60S,2,1610612744,GSW,201939,Curry,S. Curry,38,591,59,Missed,1,0.0,0.0,0,h,MISS Curry 59' 3PT Jump Shot,Missed Shot,Jump Shot,1,269,21600223,1440,21.0,turnover(24),3,-2,likely_open,"subType: open-like, distance: deep above-break 3 (>=27ft)"
313,PT09M36.00S,3,1610612744,GSW,201939,Curry,S. Curry,9,16,2,Made,1,84.0,53.0,137,h,Curry 2' Layup (26 PTS) (Green 10 AST),Made Shot,Layup Shot,1,287,21600223,1584,7.0,made_fg(24),2,1,borderline,distance: at-rim/very close
349,PT06M11.00S,3,1610612744,GSW,201939,Curry,S. Curry,232,65,24,Made,1,96.0,62.0,158,h,Curry 24' 3PT Jump Shot (29 PTS) (Durant 3 AST),Made Shot,Jump Shot,1,317,21600223,1789,11.0,final_ft(24),3,-1,likely_open,subType: open-like
355,PT04M58.00S,3,1610612744,GSW,201939,Curry,S. Curry,-176,183,25,Missed,1,0.0,0.0,0,h,MISS Curry 25' 3PT Jump Shot,Missed Shot,Jump Shot,1,323,21600223,1862,9.0,made_fg(24),3,-1,likely_open,subType: open-like
367,PT03M49.00S,3,1610612744,GSW,201939,Curry,S. Curry,17,21,3,Missed,1,0.0,0.0,0,h,MISS Curry 3' Driving Reverse Layup,Missed Shot,Driving Reverse Layup Shot,1,335,21600223,1931,8.0,made_fg(24),2,3,likely_contested,"subType: contested-like, distance: at-rim/very close"
372,PT02M55.00S,3,1610612744,GSW,201939,Curry,S. Curry,1,11,1,Made,1,103.0,73.0,176,h,Curry 1' Cutting Layup Shot (31 PTS) (Green 11 AST),Made Shot,Cutting Layup Shot,1,340,21600223,1985,10.0,made_fg(24),2,1,borderline,distance: at-rim/very close
413,PT00M02.40S,3,1610612744,GSW,201939,Curry,S. Curry,153,203,25,Missed,1,0.0,0.0,0,h,MISS Curry 25' 3PT Jump Shot,Missed Shot,Jump Shot,1,376,21600223,2158,10.0,made_fg(24),3,-1,likely_open,subType: open-like
2,PT11M43.00S,1,1610612744,GSW,201939,Curry,S. Curry,150,192,24,Missed,1,0.0,0.0,0,v,MISS Curry 24' 3PT Jump Shot,Missed Shot,Jump Shot,1,3,21600238,17,7.0,period_start(24),3,-1,likely_open,subType: open-like
33,PT09M00.00S,1,1610612744,GSW,201939,Curry,S. Curry,-2,11,1,Missed,1,0.0,0.0,0,v,MISS Curry 1' Running Layup,Missed Shot,Running Layup Shot,1,32,21600238,180,19.0,def_reb(24),2,3,likely_contested,"subType: contested-like, distance: at-rim/very close"
44,PT07M28.00S,1,1610612744,GSW,201939,Curry,S. Curry,-180,163,24,Missed,1,0.0,0.0,0,v,MISS Curry 24' 3PT Running Pull-Up Jump Shot,Missed Shot,Running Pull-Up Jump Shot,1,43,21600238,272,19.0,def_reb(24),3,3,likely_contested,"subType: contested-like, text: pressure-move"
65,PT05M36.00S,1,1610612744,GSW,201939,Curry,S. Curry,-237,1,24,Made,1,12.0,13.0,25,v,Curry 24' 3PT Jump Shot (4 PTS) (Durant 2 AST),Made Shot,Jump Shot,1,63,21600238,384,13.0,def_reb(24),3,-2,likely_open,"subType: open-like, coords: corner-3, corner: catch/spot"
100,PT02M48.00S,1,1610612744,GSW,201939,Curry,S. Curry,-131,214,25,Made,1,14.0,23.0,37,v,Curry 25' 3PT Jump Shot (7 PTS),Made Shot,Jump Shot,1,95,21600238,552,15.0,made_fg(24),3,-1,likely_open,subType: open-like
108,PT01M33.00S,1,1610612744,GSW,201939,Curry,S. Curry,-95,305,32,Missed,1,0.0,0.0,0,v,MISS Curry 32' 3PT Jump Shot,Missed Shot,Jump Shot,1,104,21600238,627,12.0,made_fg(24),3,-2,likely_open,"subType: open-like, distance: deep above-break 3 (>=27ft)"
211,PT05M57.00S,2,1610612744,GSW,201939,Curry,S. Curry,147,153,21,Missed,1,0.0,0.0,0,v,MISS Curry 21' Jump Shot,Missed Shot,Jump Shot,1,199,21600238,1083,7.0,def_reb(24),2,-1,likely_open,subType: open-like
233,PT04M17.00S,2,1610612744,GSW,201939,Curry,S. Curry,0,1,0,Missed,1,0.0,0.0,0,v,MISS Curry  Running Dunk,Missed Shot,Running Dunk Shot,1,218,21600238,1183,18.0,turnover(24),2,3,likely_contested,"subType: contested-like, distance: at-rim/very close"
263,PT01M46.00S,2,1610612744,GSW,201939,Curry,S. Curry,158,187,24,Missed,1,0.0,0.0,0,v,MISS Curry 24' 3PT Jump Shot,Missed Shot,Jump Shot,1,245,21600238,1334,10.0,keep_clock(20),3,-1,likely_open,subType: open-like
291,PT10M59.00S,3,1610612744,GSW,201939,Curry,S. Curry,13,6,1,Made,1,43.0,57.0,100,v,Curry 1' Cutting Layup Shot (9 PTS) (Green 4 AST),Made Shot,Cutting Layup Shot,1,273,21600238,1501,20.0,def_reb(24),2,1,borderline,distance: at-rim/very close
325,PT07M37.00S,3,1610612744,GSW,201939,Curry,S. Curry,0,1,0,Made,1,50.0,66.0,116,v,Curry  Running Layup (11 PTS),Made Shot,Running Layup Shot,1,307,21600238,1703,20.0,turnover(24),2,3,likely_contested,"subType: contested-like, distance: at-rim/very close"
368,PT03M20.00S,3,1610612744,GSW,201939,Curry,S. Curry,205,129,24,Missed,1,0.0,0.0,0,v,MISS Curry 24' 3PT Jump Shot,Missed Shot,Jump Shot,1,348,21600238,1960,13.0,off_reb(14),3,-1,likely_open,subType: open-like
391,PT01M59.00S,3,1610612744,GSW,201939,Curry,S. Curry,122,241,27,Made,1,58.0,77.0,135,v,Curry 27' 3PT Jump Shot (16 PTS) (Iguodala 4 AST),Made Shot,Jump Shot,1,366,21600238,2041,10.0,keep_clock(15),3,-2,likely_open,"subType: open-like, distance: deep above-break 3 (>=27ft)"
462,PT06M58.00S,4,1610612744,GSW,201939,Curry,S. Curry,5,246,25,Made,1,73.0,93.0,166,v,Curry 25' 3PT Jump Shot (19 PTS) (West 3 AST),Made Shot,Jump Shot,1,426,21600238,2462,6.0,made_fg(24),3,-1,likely_open,subType: open-like
474,PT06M09.00S,4,1610612744,GSW,201939,Curry,S. Curry,111,232,26,Missed,1,0.0,0.0,0,v,MISS Curry 26' 3PT Running Pull-Up Jump Shot,Missed Shot,Running Pull-Up Jump Shot,1,436,21600238,2511,16.0,def_reb(24),3,3,likely_contested,"subType: contested-like, text: pressure-move"
525,PT02M31.00S,4,1610612744,GSW,201939,Curry,S. Curry,8,-2,1,Made,1,82.0,102.0,184,v,Curry 1' Cutting Layup Shot (21 PTS) (Durant 9 AST),Made Shot,Cutting Layup Shot,1,478,21600238,2729,13.0,def_reb(24),2,1,borderline,distance: at-rim/very close
531,PT01M56.00S,4,1610612744,GSW,201939,Curry,S. Curry,-16,8,2,Made,1,85.0,104.0,189,v,Curry 2' Putback Layup (23 PTS),Made Shot,Putback Layup Shot,1,482,21600238,2764,14.0,off_reb(14),2,3,likely_contested,"subType: contested-like, distance: at-rim/very close"
14,PT09M47.00S,1,1610612744,GSW,201939,Curry,S. Curry,-238,70,25,Made,1,10.0,4.0,14,h,Curry 25' 3PT Running Jump Shot (3 PTS) (Thompson 1 AST),Made Shot,Running Jump Shot,1,16,21600244,133,18.0,turnover(24),3,-1,likely_open,subType: open-like
28,PT08M14.00S,1,1610612744,GSW,201939,Curry,S. Curry,-73,129,15,Made,1,16.0,9.0,25,h,Curry 15' Floating Jump Shot (5 PTS) (Durant 2 AST),Made Shot,Floating Jump shot,1,26,21600244,226,1.0,made_fg(24),2,4,likely_contested,"subType: contested-like, distance: mid-range, clock: late (<=5s)"
31,PT07M59.00S,1,1610612744,GSW,201939,Curry,S. Curry,-165,267,31,Missed,1,0.0,0.0,0,h,MISS Curry 31' 3PT Jump Shot,Missed Shot,Jump Shot,1,29,21600244,241,18.0,def_reb(24),3,-2,likely_open,"subType: open-like, distance: deep above-break 3 (>=27ft)"
73,PT03M14.00S,1,1610612744,GSW,201939,Curry,S. Curry,96,21,10,Made,1,24.0,22.0,46,h,Curry 10' Floating Jump Shot (7 PTS),Made Shot,Floating Jump shot,1,70,21600244,526,3.0,def_foul_14(14),2,4,likely_contested,"subType: contested-like, distance: mid-range, clock: late (<=5s)"
75,PT02M41.00S,1,1610612744,GSW,201939,Curry,S. Curry,12,31,3,Made,1,26.0,24.0,50,h,Curry 3' Driving Bank Shot (9 PTS),Made Shot,Driving Bank shot,1,72,21600244,559,12.0,made_fg(24),2,1,borderline,distance: at-rim/very close
80,PT01M44.00S,1,1610612744,GSW,201939,Curry,S. Curry,-187,200,27,Missed,1,0.0,0.0,0,h,MISS Curry 27' 3PT Jump Shot,Missed Shot,Jump Shot,1,78,21600244,616,11.0,made_fg(24),3,-2,likely_open,"subType: open-like, distance: deep above-break 3 (>=27ft)"
94,PT00M57.80S,1,1610612744,GSW,201939,Curry,S. Curry,87,31,9,Made,1,28.0,31.0,59,h,Curry 9' Floating Jump Shot (11 PTS),Made Shot,Floating Jump shot,1,91,21600244,663,15.0,def_reb(24),2,3,likely_contested,"subType: contested-like, distance: mid-range"
96,PT00M30.90S,1,1610612744,GSW,201939,Curry,S. Curry,9,23,2,Missed,1,0.0,0.0,0,h,MISS Curry 2' Running Reverse Layup,Missed Shot,Running Reverse Layup Shot,1,93,21600244,690,14.0,made_fg(24),2,1,borderline,distance: at-rim/very close
258,PT09M30.00S,3,1610612744,GSW,201939,Curry,S. Curry,-142,249,29,Made,1,61.0,50.0,111,h,Curry 29' 3PT Jump Shot (14 PTS) (Durant 3 AST),Made Shot,Jump Shot,1,246,21600244,1590,12.0,def_reb(24),3,-2,likely_open,"subType: open-like, distance: deep above-break 3 (>=27ft)"
273,PT08M06.00S,3,1610612744,GSW,201939,Curry,S. Curry,78,180,20,Made,1,66.0,53.0,119,h,Curry 20' Step Back Jump Shot (16 PTS),Made Shot,Step Back Jump shot,1,260,21600244,1674,5.0,made_fg(24),2,4,likely_contested,"subType: contested-like, text: pressure-move, clock: late (<=5s)"
282,PT06M49.00S,3,1610612744,GSW,201939,Curry,S. Curry,148,11,15,Missed,1,0.0,0.0,0,h,MISS Curry 15' Step Back Jump Shot,Missed Shot,Step Back Jump shot,1,269,21600244,1751,13.0,keep_clock(24),2,4,likely_contested,"subType: contested-like, text: pressure-move, distance: mid-range"
314,PT02M55.00S,3,1610612744,GSW,201939,Curry,S. Curry,4,85,9,Made,1,80.0,69.0,149,h,Curry 9' Floating Jump Shot (18 PTS) (Durant 5 AST),Made Shot,Floating Jump shot,1,304,21600244,1985,14.0,made_fg(24),2,3,likely_contested,"subType: contested-like, distance: mid-range"
320,PT02M09.00S,3,1610612744,GSW,201939,Curry,S. Curry,0,26,3,Made,1,82.0,71.0,153,h,Curry 3' Driving Finger Roll Layup (20 PTS),Made Shot,Driving Finger Roll Layup Shot,1,310,21600244,2031,3.0,made_fg(24),2,2,likely_contested,"distance: at-rim/very close, clock: late (<=5s)"
322,PT01M48.00S,3,1610612744,GSW,201939,Curry,S. Curry,9,18,2,Made,1,84.0,71.0,155,h,Curry 2' Driving Layup (22 PTS) (Iguodala 3 AST),Made Shot,Driving Layup Shot,1,313,21600244,2052,19.0,turnover(24),2,3,likely_contested,"subType: contested-like, distance: at-rim/very close"
329,PT01M16.00S,3,1610612744,GSW,201939,Curry,S. Curry,225,26,0,Made,1,87.0,71.0,158,h,Curry  3PT Pullup Jump Shot (25 PTS) (McGee 1 AST),Made Shot,Pullup Jump shot,1,318,21600244,2084,13.0,def_reb(24),3,4,likely_contested,"subType: contested-like, text: pressure-move, distance: at-rim/very close, coords: corner-3"
333,PT00M35.80S,3,1610612744,GSW,201939,Curry,S. Curry,-106,272,29,Made,1,90.0,73.0,163,h,Curry 29' 3PT Jump Shot (28 PTS),Made Shot,Jump Shot,1,322,21600244,2125,10.0,made_fg(24),3,-2,likely_open,"subType: open-like, distance: deep above-break 3 (>=27ft)"
336,PT00M03.00S,3,1610612744,GSW,201939,Curry,S. Curry,-78,259,27,Missed,1,0.0,0.0,0,h,MISS Curry 27' 3PT Jump Shot,Missed Shot,Jump Shot,1,325,21600244,2157,6.0,def_reb(24),3,-2,likely_open,"subType: open-like, distance: deep above-break 3 (>=27ft)"
412,PT05M03.00S,4,1610612744,GSW,201939,Curry,S. Curry,6,16,2,Made,1,102.0,89.0,191,h,Curry 2' Driving Finger Roll Layup (30 PTS),Made Shot,Driving Finger Roll Layup Shot,1,393,21600244,2577,4.0,turnover(24),2,2,likely_contested,"distance: at-rim/very close, clock: late (<=5s)"
426,PT03M47.00S,4,1610612744,GSW,201939,Curry,S. Curry,-30,262,26,Missed,1,0.0,0.0,0,h,MISS Curry 26' 3PT Jump Shot,Missed Shot,Jump Shot,1,407,21600244,2653,8.0,keep_clock(20),3,-1,likely_open,subType: open-like
10,PT10M32.00S,1,1610612744,GSW,201939,Curry,S. Curry,-196,170,26,Made,1,3.0,2.0,5,h,Curry 26' 3PT Jump Shot (3 PTS) (Pachulia 1 AST),Made Shot,Jump Shot,1,11,21600259,88,13.0,made_fg(24),3,-1,likely_open,subType: open-like
42,PT06M58.00S,1,1610612744,GSW,201939,Curry,S. Curry,82,242,26,Missed,1,0.0,0.0,0,h,MISS Curry 26' 3PT Jump Shot,Missed Shot,Jump Shot,1,43,21600259,302,12.0,made_fg(24),3,-1,likely_open,subType: open-like
68,PT04M42.00S,1,1610612744,GSW,201939,Curry,S. Curry,191,188,27,Missed,1,0.0,0.0,0,h,MISS Curry 27' 3PT Jump Shot,Missed Shot,Jump Shot,1,67,21600259,438,12.0,turnover(24),3,-2,likely_open,"subType: open-like, distance: deep above-break 3 (>=27ft)"
102,PT01M33.00S,1,1610612744,GSW,201939,Curry,S. Curry,-169,213,27,Made,1,28.0,24.0,52,h,Curry 27' 3PT Step Back Jump Shot (6 PTS) (Iguodala 3 AST),Made Shot,Step Back Jump shot,1,99,21600259,627,9.0,made_fg(24),3,2,likely_contested,"subType: contested-like, text: pressure-move, distance: deep above-break 3 (>=27ft)"
181,PT06M57.00S,2,1610612744,GSW,201939,Curry,S. Curry,-24,190,19,Missed,1,0.0,0.0,0,h,MISS Curry 19' Step Back Jump Shot,Missed Shot,Step Back Jump shot,1,170,21600259,1023,5.0,def_reb(24),2,4,likely_contested,"subType: contested-like, text: pressure-move, clock: late (<=5s)"
190,PT06M05.00S,2,1610612744,GSW,201939,Curry,S. Curry,156,228,28,Missed,1,0.0,0.0,0,h,MISS Curry 28' 3PT Jump Shot,Missed Shot,Jump Shot,1,180,21600259,1075,11.0,made_fg(24),3,-2,likely_open,"subType: open-like, distance: deep above-break 3 (>=27ft)"
204,PT04M37.00S,2,1610612744,GSW,201939,Curry,S. Curry,205,169,27,Missed,1,0.0,0.0,0,h,MISS Curry 27' 3PT Pullup Jump Shot,Missed Shot,Pullup Jump shot,1,193,21600259,1163,13.0,off_foul(24),3,2,likely_contested,"subType: contested-like, text: pressure-move, distance: deep above-break 3 (>=27ft)"
257,PT00M09.70S,2,1610612744,GSW,201939,Curry,S. Curry,4,36,4,Missed,1,0.0,0.0,0,h,MISS Curry 4' Jump Shot,Missed Shot,Jump Shot,1,242,21600259,1431,9.0,def_reb(24),2,0,likely_open,"subType: open-like, distance: at-rim/very close"
266,PT11M32.00S,3,1610612744,GSW,201939,Curry,S. Curry,119,120,17,Made,1,52.0,55.0,107,h,Curry 17' Pullup Jump Shot (10 PTS),Made Shot,Pullup Jump shot,1,249,21600259,1468,10.0,made_fg(24),2,3,likely_contested,"subType: contested-like, text: pressure-move"
331,PT05M33.00S,3,1610612744,GSW,201939,Curry,S. Curry,104,228,25,Made,1,65.0,67.0,132,h,Curry 25' 3PT Jump Shot (13 PTS) (Green 5 AST),Made Shot,Jump Shot,1,306,21600259,1827,9.0,final_ft(24),3,-1,likely_open,subType: open-like
335,PT04M18.00S,3,1610612744,GSW,201939,Curry,S. Curry,2,252,25,Missed,1,0.0,0.0,0,h,MISS Curry 25' 3PT Pullup Jump Shot,Missed Shot,Pullup Jump shot,1,310,21600259,1902,6.0,made_fg(24),3,3,likely_contested,"subType: contested-like, text: pressure-move"
468,PT06M33.00S,4,1610612744,GSW,201939,Curry,S. Curry,4,7,1,Missed,1,0.0,0.0,0,h,MISS Curry 1' Driving Layup,Missed Shot,Driving Layup Shot,1,423,21600259,2487,9.0,made_fg(24),2,3,likely_contested,"subType: contested-like, distance: at-rim/very close"
501,PT04M06.00S,4,1610612744,GSW,201939,Curry,S. Curry,-93,49,11,Missed,1,0.0,0.0,0,h,MISS Curry 11' Driving Floating Jump Shot,Missed Shot,Driving Floating Jump Shot,1,454,21600259,2634,18.0,turnover(24),2,3,likely_contested,"subType: contested-like, distance: mid-range"
516,PT03M29.00S,4,1610612744,GSW,201939,Curry,S. Curry,-4,46,5,Made,1,99.0,92.0,191,h,Curry 5' Driving Floating Jump Shot (21 PTS),Made Shot,Driving Floating Jump Shot,1,469,21600259,2671,7.0,final_ft(24),2,3,likely_contested,"subType: contested-like, distance: at-rim/very close"
520,PT03M00.00S,4,1610612744,GSW,201939,Curry,S. Curry,-163,229,28,Made,1,102.0,94.0,196,h,Curry 28' 3PT Pullup Jump Shot (24 PTS),Made Shot,Pullup Jump shot,1,473,21600259,2700,11.0,made_fg(24),3,2,likely_contested,"subType: contested-like, text: pressure-move, distance: deep above-break 3 (>=27ft)"
547,PT00M56.60S,4,1610612744,GSW,201939,Curry,S. Curry,25,264,27,Missed,1,0.0,0.0,0,h,MISS Curry 27' 3PT Jump Shot,Missed Shot,Jump Shot,1,496,21600259,2824,10.0,final_ft(24),3,-2,likely_open,"subType: open-like, distance: deep above-break 3 (>=27ft)"
557,PT00M20.20S,4,1610612744,GSW,201939,Curry,S. Curry,-104,249,27,Missed,1,0.0,0.0,0,h,MISS Curry 27' 3PT Jump Shot,Missed Shot,Jump Shot,1,505,21600259,2860,1.0,def_reb(24),3,-1,likely_open,"subType: open-like, distance: deep above-break 3 (>=27ft), clock: late (<=5s)"
5,PT10M48.00S,1,1610612744,GSW,201939,Curry,S. Curry,-45,115,12,Made,1,4.0,4.0,8,h,Curry 12' Floating Jump Shot (2 PTS) (Green 1 AST),Made Shot,Floating Jump shot,1,6,21600281,72,11.0,made_fg(24),2,3,likely_contested,"subType: contested-like, distance: mid-range"
38,PT07M12.00S,1,1610612744,GSW,201939,Curry,S. Curry,-66,249,26,Missed,1,0.0,0.0,0,h,MISS Curry 26' 3PT Jump Shot,Missed Shot,Jump Shot,1,43,21600281,288,13.0,def_reb(24),3,-1,likely_open,subType: open-like
188,PT06M56.00S,2,1610612744,GSW,201939,Curry,S. Curry,-179,223,29,Made,1,44.0,43.0,87,h,Curry 29' 3PT Pullup Jump Shot (5 PTS) (Livingston 1 AST),Made Shot,Pullup Jump shot,1,182,21600281,1024,11.0,turnover(24),3,2,likely_contested,"subType: contested-like, text: pressure-move, distance: deep above-break 3 (>=27ft)"
290,PT10M29.00S,3,1610612744,GSW,201939,Curry,S. Curry,-9,121,12,Missed,1,0.0,0.0,0,h,MISS Curry 12' Jump Shot,Missed Shot,Jump Shot,1,274,21600281,1531,11.0,turnover(24),2,0,likely_open,"subType: open-like, distance: mid-range"
325,PT08M01.00S,3,1610612744,GSW,201939,Curry,S. Curry,151,247,29,Missed,1,0.0,0.0,0,h,MISS Curry 29' 3PT Jump Shot,Missed Shot,Jump Shot,1,309,21600281,1679,17.0,def_reb(24),3,-2,likely_open,"subType: open-like, distance: deep above-break 3 (>=27ft)"
348,PT06M21.00S,3,1610612744,GSW,201939,Curry,S. Curry,0,21,2,Missed,1,0.0,0.0,0,h,MISS Curry 2' Layup,Missed Shot,Layup Shot,1,330,21600281,1779,16.0,made_fg(24),2,1,borderline,distance: at-rim/very close
351,PT06M15.00S,3,1610612744,GSW,201939,Curry,S. Curry,-115,228,26,Missed,1,0.0,0.0,0,h,MISS Curry 26' 3PT Jump Shot,Missed Shot,Jump Shot,1,334,21600281,1785,8.0,off_reb(14),3,-1,likely_open,subType: open-like
357,PT05M27.00S,3,1610612744,GSW,201939,Curry,S. Curry,2,7,1,Made,1,72.0,79.0,151,h,Curry 1' Cutting Finger Roll Layup Shot (8 PTS) (Green 7 AST),Made Shot,Cutting Finger Roll Layup Shot,1,341,21600281,1833,9.0,made_fg(24),2,1,borderline,distance: at-rim/very close
360,PT05M01.00S,3,1610612744,GSW,201939,Curry,S. Curry,9,16,2,Made,1,74.0,79.0,153,h,Curry 2' Running Layup (10 PTS),Made Shot,Running Layup Shot,1,344,21600281,1859,18.0,def_reb(24),2,3,likely_contested,"subType: contested-like, distance: at-rim/very close"
372,PT04M04.00S,3,1610612744,GSW,201939,Curry,S. Curry,-84,262,28,Made,1,77.0,79.0,156,h,Curry 28' 3PT Jump Shot (13 PTS) (McAdoo 1 AST),Made Shot,Jump Shot,1,355,21600281,1916,16.0,def_reb(24),3,-2,likely_open,"subType: open-like, distance: deep above-break 3 (>=27ft)"
400,PT01M47.00S,3,1610612744,GSW,201939,Curry,S. Curry,232,57,24,Missed,1,0.0,0.0,0,h,MISS Curry 24' 3PT Jump Shot,Missed Shot,Jump Shot,1,382,21600281,2053,8.0,made_fg(24),3,-1,likely_open,subType: open-like
405,PT00M40.80S,3,1610612744,GSW,201939,Curry,S. Curry,145,124,19,Missed,1,0.0,0.0,0,h,MISS Curry 19' Step Back Jump Shot,Missed Shot,Step Back Jump shot,1,387,21600281,2120,9.0,made_fg(24),2,3,likely_contested,"subType: contested-like, text: pressure-move"
468,PT07M34.00S,4,1610612744,GSW,201939,Curry,S. Curry,9,269,27,Missed,1,0.0,0.0,0,h,MISS Curry 27' 3PT Pullup Jump Shot,Missed Shot,Pullup Jump shot,1,448,21600281,2426,19.0,turnover(24),3,2,likely_contested,"subType: contested-like, text: pressure-move, distance: deep above-break 3 (>=27ft)"
509,PT04M25.00S,4,1610612744,GSW,201939,Curry,S. Curry,184,164,25,Made,1,100.0,100.0,200,h,Curry 25' 3PT Pullup Jump Shot (18 PTS) (Green 9 AST),Made Shot,Pullup Jump shot,1,485,21600281,2615,7.0,made_fg(24),3,3,likely_contested,"subType: contested-like, text: pressure-move"
528,PT02M46.00S,4,1610612744,GSW,201939,Curry,S. Curry,230,16,0,Missed,1,0.0,0.0,0,h,MISS Curry  3PT Jump Shot,Missed Shot,Jump Shot,1,500,21600281,2714,0.0,made_fg(24),3,0,likely_open,"subType: open-like, distance: at-rim/very close, coords: corner-3, corner: catch/spot, clock: late (<=5s)"
538,PT01M49.00S,4,1610612744,GSW,201939,Curry,S. Curry,110,169,20,Made,1,109.0,108.0,217,h,Curry 20' Step Back Jump Shot (22 PTS),Made Shot,Step Back Jump shot,1,509,21600281,2771,17.0,made_fg(24),2,3,likely_contested,"subType: contested-like, text: pressure-move"
540,PT01M10.00S,4,1610612744,GSW,201939,Curry,S. Curry,89,252,27,Missed,1,0.0,0.0,0,h,MISS Curry 27' 3PT Jump Shot,Missed Shot,Jump Shot,1,511,21600281,2810,9.0,made_fg(24),3,-2,likely_open,"subType: open-like, distance: deep above-break 3 (>=27ft)"
580,PT04M45.00S,5,1610612744,GSW,201939,Curry,S. Curry,-14,18,2,Made,1,115.0,113.0,228,h,Curry 2' Driving Reverse Layup (24 PTS) (Iguodala 3 AST),Made Shot,Driving Reverse Layup Shot,1,543,21600281,2895,9.0,jumpball(24),2,3,likely_contested,"subType: contested-like, distance: at-rim/very close"
586,PT04M11.00S,5,1610612744,GSW,201939,Curry,S. Curry,227,75,24,Made,1,119.0,115.0,234,h,Curry 24' 3PT Pullup Jump Shot (28 PTS) (Iguodala 4 AST),Made Shot,Pullup Jump shot,1,548,21600281,2929,6.0,made_fg(24),3,3,likely_contested,"subType: contested-like, text: pressure-move"
601,PT02M33.00S,5,1610612744,GSW,201939,Curry,S. Curry,128,218,25,Missed,1,0.0,0.0,0,h,MISS Curry 25' 3PT Step Back Jump Shot,Missed Shot,Step Back Jump shot,1,560,21600281,3027,3.0,turnover(24),3,4,likely_contested,"subType: contested-like, text: pressure-move, clock: late (<=5s)"
605,PT01M49.00S,5,1610612744,GSW,201939,Curry,S. Curry,79,237,25,Missed,1,0.0,0.0,0,h,MISS Curry 25' 3PT Jump Shot,Missed Shot,Jump Shot,1,564,21600281,3071,7.0,def_reb(24),3,-1,likely_open,subType: open-like
641,PT04M07.00S,6,1610612744,GSW,201939,Curry,S. Curry,-16,13,2,Missed,1,0.0,0.0,0,h,MISS Curry 2' Driving Finger Roll Layup,Missed Shot,Driving Finger Roll Layup Shot,1,593,21600281,3233,7.0,def_reb(24),2,1,borderline,distance: at-rim/very close
82,PT04M14.00S,1,1610612744,GSW,201939,Curry,S. Curry,97,159,19,Made,1,22.0,20.0,42,h,Curry 19' Pullup Jump Shot (3 PTS),Made Shot,Pullup Jump shot,1,79,21600299,466,15.0,made_fg(24),2,3,likely_contested,"subType: contested-like, text: pressure-move"
100,PT02M23.00S,1,1610612744,GSW,201939,Curry,S. Curry,-168,193,26,Made,1,30.0,26.0,56,h,Curry 26' 3PT Jump Shot (6 PTS) (Green 5 AST),Made Shot,Jump Shot,1,95,21600299,577,18.0,def_reb(24),3,-1,likely_open,subType: open-like
121,PT00M38.40S,1,1610612744,GSW,201939,Curry,S. Curry,-228,61,24,Made,1,35.0,30.0,65,h,Curry 24' 3PT Jump Shot (9 PTS) (Durant 3 AST),Made Shot,Jump Shot,1,113,21600299,682,2.0,made_fg(24),3,0,likely_open,"subType: open-like, clock: late (<=5s)"
135,PT00M02.60S,1,1610612744,GSW,201939,Curry,S. Curry,4,126,13,Missed,1,0.0,0.0,0,h,MISS Curry 13' Floating Jump Shot,Missed Shot,Floating Jump shot,1,125,21600299,718,19.0,def_reb(24),2,3,likely_contested,"subType: contested-like, distance: mid-range"
188,PT04M51.00S,2,1610612744,GSW,201939,Curry,S. Curry,69,267,28,Missed,1,0.0,0.0,0,h,MISS Curry 28' 3PT Jump Shot,Missed Shot,Jump Shot,1,175,21600299,1149,9.0,keep_clock(15),3,-2,likely_open,"subType: open-like, distance: deep above-break 3 (>=27ft)"
230,PT00M28.50S,2,1610612744,GSW,201939,Curry,S. Curry,10,13,2,Made,1,66.0,57.0,123,h,Curry 2' Driving Reverse Layup (11 PTS),Made Shot,Driving Reverse Layup Shot,1,215,21600299,1412,13.0,made_fg(24),2,3,likely_contested,"subType: contested-like, distance: at-rim/very close"
255,PT10M29.00S,3,1610612744,GSW,201939,Curry,S. Curry,-112,237,26,Missed,1,0.0,0.0,0,h,MISS Curry 26' 3PT Jump Shot,Missed Shot,Jump Shot,1,238,21600299,1531,13.0,keep_clock(21),3,-1,likely_open,subType: open-like
272,PT09M14.00S,3,1610612744,GSW,201939,Curry,S. Curry,0,11,1,Made,1,75.0,62.0,137,h,Curry 1' Cutting Layup Shot (14 PTS) (Green 9 AST),Made Shot,Cutting Layup Shot,1,255,21600299,1606,16.0,keep_clock(24),2,1,borderline,distance: at-rim/very close
283,PT07M48.00S,3,1610612744,GSW,201939,Curry,S. Curry,-204,154,26,Made,1,81.0,64.0,145,h,Curry 26' 3PT Pullup Jump Shot (17 PTS),Made Shot,Pullup Jump shot,1,264,21600299,1692,12.0,def_reb(24),3,3,likely_contested,"subType: contested-like, text: pressure-move"
314,PT04M43.00S,3,1610612744,GSW,201939,Curry,S. Curry,-209,154,26,Made,1,91.0,67.0,158,h,Curry 26' 3PT Jump Shot (20 PTS) (Green 11 AST),Made Shot,Jump Shot,1,299,21600299,1877,16.0,def_reb(24),3,-1,likely_open,subType: open-like
327,PT03M46.00S,3,1610612744,GSW,201939,Curry,S. Curry,92,41,10,Made,1,95.0,71.0,166,h,Curry 10' Floating Jump Shot (24 PTS) (Green 12 AST),Made Shot,Floating Jump shot,1,309,21600299,1934,8.0,made_fg(24),2,3,likely_contested,"subType: contested-like, distance: mid-range"
343,PT03M05.00S,3,1610612744,GSW,201939,Curry,S. Curry,-29,80,9,Missed,1,0.0,0.0,0,h,MISS Curry 9' Jump Shot,Missed Shot,Jump Shot,1,322,21600299,1975,12.0,off_foul(24),2,0,likely_open,"subType: open-like, distance: mid-range"
355,PT02M30.00S,3,1610612744,GSW,201939,Curry,S. Curry,115,237,26,Made,1,101.0,71.0,172,h,Curry 26' 3PT Jump Shot (28 PTS) (Green 13 AST),Made Shot,Jump Shot,1,332,21600299,2010,17.0,def_reb(24),3,-1,likely_open,subType: open-like
367,PT01M36.00S,3,1610612744,GSW,201939,Curry,S. Curry,-7,51,5,Made,1,103.0,75.0,178,h,Curry 5' Driving Floating Jump Shot (30 PTS),Made Shot,Driving Floating Jump Shot,1,341,21600299,2064,11.0,final_ft(24),2,3,likely_contested,"subType: contested-like, distance: at-rim/very close"
383,PT00M02.30S,3,1610612744,GSW,201939,Curry,S. Curry,93,34,10,Missed,1,0.0,0.0,0,h,MISS Curry 10' Floating Jump Shot,Missed Shot,Floating Jump shot,1,354,21600299,2158,11.0,made_fg(24),2,3,likely_contested,"subType: contested-like, distance: mid-range"
46,PT07M25.00S,1,1610612744,GSW,201939,Curry,S. Curry,145,218,26,Made,1,13.0,11.0,24,h,Curry 26' 3PT Pullup Jump Shot (3 PTS) (Pachulia 2 AST),Made Shot,Pullup Jump shot,1,39,21600314,275,12.0,made_fg(24),3,3,likely_contested,"subType: contested-like, text: pressure-move"
107,PT01M41.00S,1,1610612744,GSW,201939,Curry,S. Curry,-27,36,5,Missed,1,,,0,h,MISS Curry 5' Floating Jump Shot,Missed Shot,Floating Jump shot,1,99,21600314,619,12.0,made_fg(24),2,3,likely_contested,"subType: contested-like, distance: at-rim/very close"
117,PT01M06.00S,1,1610612744,GSW,201939,Curry,S. Curry,40,254,26,Missed,1,,,0,h,MISS Curry 26' 3PT Step Back Jump Shot,Missed Shot,Step Back Jump shot,1,107,21600314,654,7.0,final_ft(24),3,3,likely_contested,"subType: contested-like, text: pressure-move"
124,PT00M25.90S,1,1610612744,GSW,201939,Curry,S. Curry,76,247,26,Missed,1,,,0,h,MISS Curry 26' 3PT Jump Shot,Missed Shot,Jump Shot,1,115,21600314,695,17.0,turnover(24),3,-1,likely_open,subType: open-like
128,PT00M01.20S,1,1610612744,GSW,201939,Curry,S. Curry,-191,516,55,Missed,1,,,0,h,MISS Curry 55' 3PT Jump Shot,Missed Shot,Jump Shot,1,119,21600314,719,23.0,def_reb(24),3,-2,likely_open,"subType: open-like, distance: deep above-break 3 (>=27ft)"
223,PT04M13.00S,2,1610612744,GSW,201939,Curry,S. Curry,232,65,24,Missed,1,,,0,h,MISS Curry 24' 3PT Jump Shot,Missed Shot,Jump Shot,1,204,21600314,1187,9.0,def_reb(24),3,-1,likely_open,subType: open-like
226,PT04M02.00S,2,1610612744,GSW,201939,Curry,S. Curry,-9,16,2,Made,1,63.0,41.0,104,h,Curry 2' Running Finger Roll Layup (5 PTS),Made Shot,Running Finger Roll Layup Shot,1,209,21600314,1198,19.0,def_reb(24),2,1,borderline,distance: at-rim/very close
231,PT03M29.00S,2,1610612744,GSW,201939,Curry,S. Curry,-233,21,0,Made,1,66.0,41.0,107,h,Curry 3PT Pullup Jump Shot (8 PTS) (Thompson 1 AST),Made Shot,Pullup Jump shot,1,213,21600314,1231,8.0,def_reb(24),3,4,likely_contested,"subType: contested-like, text: pressure-move, distance: at-rim/very close, coords: corner-3"
260,PT01M10.00S,2,1610612744,GSW,201939,Curry,S. Curry,0,8,1,Made,1,74.0,46.0,120,h,Curry 1' Driving Finger Roll Layup (10 PTS),Made Shot,Driving Finger Roll Layup Shot,1,242,21600314,1370,10.0,made_fg(24),2,1,borderline,distance: at-rim/very close
317,PT08M57.00S,3,1610612744,GSW,201939,Curry,S. Curry,81,257,27,Missed,1,,,0,h,MISS Curry 27' 3PT Jump Shot,Missed Shot,Jump Shot,1,293,21600314,1623,15.0,keep_clock(24),3,-2,likely_open,"subType: open-like, distance: deep above-break 3 (>=27ft)"
47,PT08M28.00S,1,1610612744,GSW,201939,Curry,S. Curry,-47,321,32,Missed,1,0.0,0.0,0,v,MISS Curry 32' 3PT Jump Shot,Missed Shot,Jump Shot,1,45,21600330,212,17.0,def_reb(24),3,-2,likely_open,"subType: open-like, distance: deep above-break 3 (>=27ft)"
57,PT07M06.00S,1,1610612744,GSW,201939,Curry,S. Curry,25,2,3,Made,1,8.0,9.0,17,v,Curry 3' Cutting Layup Shot (3 PTS) (Green 2 AST),Made Shot,Cutting Layup Shot,1,56,21600330,294,12.0,made_fg(24),2,1,borderline,distance: at-rim/very close
84,PT04M17.00S,1,1610612744,GSW,201939,Curry,S. Curry,-6,11,1,Made,1,13.0,20.0,33,v,Curry 1' Running Layup (5 PTS) (Green 4 AST),Made Shot,Running Layup Shot,1,87,21600330,463,19.0,turnover(24),2,3,likely_contested,"subType: contested-like, distance: at-rim/very close"
87,PT03M42.00S,1,1610612744,GSW,201939,Curry,S. Curry,-165,111,20,Made,1,13.0,22.0,35,v,Curry 20' Jump Shot (7 PTS) (Iguodala 1 AST),Made Shot,Jump Shot,1,90,21600330,498,18.0,def_reb(24),2,-1,likely_open,subType: open-like
97,PT03M08.00S,1,1610612744,GSW,201939,Curry,S. Curry,-7,21,2,Made,1,13.0,24.0,37,v,Curry 2' Cutting Layup Shot (9 PTS) (Iguodala 2 AST),Made Shot,Cutting Layup Shot,1,102,21600330,532,10.0,off_reb(14),2,1,borderline,distance: at-rim/very close
103,PT02M28.00S,1,1610612744,GSW,201939,Curry,S. Curry,-230,3,0,Missed,1,0.0,0.0,0,v,MISS Curry  3PT Jump Shot,Missed Shot,Jump Shot,1,109,21600330,572,19.0,turnover(24),3,-1,likely_open,"subType: open-like, distance: at-rim/very close, coords: corner-3, corner: catch/spot"
106,PT02M10.00S,1,1610612744,GSW,201939,Curry,S. Curry,20,18,3,Made,1,15.0,29.0,44,v,Curry 3' Driving Layup (11 PTS),Made Shot,Driving Layup Shot,1,112,21600330,590,16.0,made_fg(24),2,3,likely_contested,"subType: contested-like, distance: at-rim/very close"
213,PT04M38.00S,2,1610612744,GSW,201939,Curry,S. Curry,6,21,2,Made,1,37.0,50.0,87,v,Curry 2' Cutting Layup Shot (14 PTS) (Livingston 2 AST),Made Shot,Cutting Layup Shot,1,204,21600330,1162,8.0,made_fg(24),2,1,borderline,distance: at-rim/very close
232,PT02M35.00S,2,1610612744,GSW,201939,Curry,S. Curry,-132,210,25,Missed,1,0.0,0.0,0,v,MISS Curry 25' 3PT Step Back Jump Shot,Missed Shot,Step Back Jump shot,1,221,21600330,1285,8.0,made_fg(24),3,3,likely_contested,"subType: contested-like, text: pressure-move"
279,PT00M00.70S,2,1610612744,GSW,201939,Curry,S. Curry,164,626,65,Missed,1,0.0,0.0,0,v,MISS Curry 65' 3PT Running Jump Shot,Missed Shot,Running Jump Shot,1,259,21600330,1440,23.0,final_ft(24),3,-2,likely_open,"subType: open-like, distance: deep above-break 3 (>=27ft)"
316,PT08M56.00S,3,1610612744,GSW,201939,Curry,S. Curry,240,3,24,Missed,1,0.0,0.0,0,v,MISS Curry 24' 3PT Jump Shot,Missed Shot,Jump Shot,1,289,21600330,1624,11.0,def_reb(24),3,-2,likely_open,"subType: open-like, coords: corner-3, corner: catch/spot"
323,PT08M05.00S,3,1610612744,GSW,201939,Curry,S. Curry,141,223,26,Missed,1,0.0,0.0,0,v,MISS Curry 26' 3PT Running Pull-Up Jump Shot,Missed Shot,Running Pull-Up Jump Shot,1,296,21600330,1675,19.0,turnover(24),3,3,likely_contested,"subType: contested-like, text: pressure-move"
328,PT07M47.00S,3,1610612744,GSW,201939,Curry,S. Curry,6,8,1,Made,1,54.0,73.0,127,v,Curry 1' Running Layup (17 PTS),Made Shot,Running Layup Shot,1,301,21600330,1693,21.0,turnover(24),2,3,likely_contested,"subType: contested-like, distance: at-rim/very close"
386,PT02M43.00S,3,1610612744,GSW,201939,Curry,S. Curry,-160,223,27,Missed,1,0.0,0.0,0,v,MISS Curry 27' 3PT Jump Shot,Missed Shot,Jump Shot,1,352,21600330,1997,0.0,made_fg(24),3,-1,likely_open,"subType: open-like, distance: deep above-break 3 (>=27ft), clock: late (<=5s)"
424,PT00M38.90S,3,1610612744,GSW,201939,Curry,S. Curry,-1,116,12,Missed,1,0.0,0.0,0,v,MISS Curry 12' Jump Shot,Missed Shot,Jump Shot,1,383,21600330,2122,15.0,made_fg(24),2,0,likely_open,"subType: open-like, distance: mid-range"
531,PT02M56.00S,4,1610612744,GSW,201939,Curry,S. Curry,-94,247,26,Missed,1,0.0,0.0,0,v,MISS Curry 26' 3PT Jump Shot,Missed Shot,Jump Shot,1,480,21600330,2704,10.0,made_fg(24),3,-1,likely_open,subType: open-like
24,PT09M25.00S,1,1610612744,GSW,201939,Curry,S. Curry,115,223,25,Made,1,4.0,5.0,9,v,Curry 25' 3PT Jump Shot (3 PTS) (Pachulia 1 AST),Made Shot,Jump Shot,1,24,21600335,155,10.0,off_reb(14),3,-1,likely_open,subType: open-like
29,PT08M27.00S,1,1610612744,GSW,201939,Curry,S. Curry,232,21,0,Made,1,4.0,10.0,14,v,Curry  3PT Jump Shot (6 PTS) (Durant 2 AST),Made Shot,Jump Shot,1,30,21600335,213,15.0,def_reb(24),3,-1,likely_open,"subType: open-like, distance: at-rim/very close, coords: corner-3, corner: catch/spot"
46,PT06M29.00S,1,1610612744,GSW,201939,Curry,S. Curry,-217,90,23,Made,1,4.0,16.0,20,v,Curry 23' Jump Shot (8 PTS) (Green 3 AST),Made Shot,Jump Shot,1,49,21600335,331,16.0,def_reb(24),2,-1,likely_open,subType: open-like
77,PT03M55.00S,1,1610612744,GSW,201939,Curry,S. Curry,-102,178,21,Made,1,5.0,28.0,33,v,Curry 21' Floating Jump Shot (11 PTS),Made Shot,Floating Jump shot,1,78,21600335,485,15.0,turnover(24),2,2,likely_contested,subType: contested-like
98,PT02M39.00S,1,1610612744,GSW,201939,Curry,S. Curry,-73,228,24,Missed,1,0.0,0.0,0,v,MISS Curry 24' 3PT Jump Shot,Missed Shot,Jump Shot,1,97,21600335,561,7.0,made_fg(24),3,-1,likely_open,subType: open-like
114,PT01M54.00S,1,1610612744,GSW,201939,Curry,S. Curry,220,115,25,Missed,1,0.0,0.0,0,v,MISS Curry 25' 3PT Jump Shot,Missed Shot,Jump Shot,1,111,21600335,606,13.0,made_fg(24),3,-1,likely_open,subType: open-like
240,PT00M01.90S,2,1610612744,GSW,201939,Curry,S. Curry,194,208,28,Missed,1,0.0,0.0,0,v,MISS Curry 28' 3PT Jump Shot,Missed Shot,Jump Shot,1,232,21600335,1439,11.0,keep_clock(16),3,-2,likely_open,"subType: open-like, distance: deep above-break 3 (>=27ft)"
266,PT09M21.00S,3,1610612744,GSW,201939,Curry,S. Curry,-81,11,8,Missed,1,0.0,0.0,0,v,MISS Curry 8' Fadeaway Jumper,Missed Shot,Fadeaway Jump Shot,1,257,21600335,1599,6.0,def_reb(24),2,4,likely_contested,"subType: contested-like, text: pressure-move, distance: mid-range"
291,PT07M36.00S,3,1610612744,GSW,201939,Curry,S. Curry,22,0,2,Made,1,52.0,73.0,125,v,Curry 2' Driving Finger Roll Layup (19 PTS),Made Shot,Driving Finger Roll Layup Shot,1,278,21600335,1704,14.0,def_reb(24),2,1,borderline,distance: at-rim/very close
317,PT05M28.00S,3,1610612744,GSW,201939,Curry,S. Curry,-91,185,21,Missed,1,0.0,0.0,0,v,MISS Curry 21' Jump Shot,Missed Shot,Jump Shot,1,303,21600335,1832,9.0,keep_clock(16),2,-1,likely_open,subType: open-like
339,PT02M59.00S,3,1610612744,GSW,201939,Curry,S. Curry,-232,3,0,Missed,1,0.0,0.0,0,v,MISS Curry  3PT Jump Shot,Missed Shot,Jump Shot,1,324,21600335,1981,9.0,off_reb(14),3,-1,likely_open,"subType: open-like, distance: at-rim/very close, coords: corner-3, corner: catch/spot"
343,PT02M45.00S,3,1610612744,GSW,201939,Curry,S. Curry,125,213,25,Made,1,66.0,80.0,146,v,Curry 25' 3PT Running Jump Shot (22 PTS) (Iguodala 3 AST),Made Shot,Running Jump Shot,1,328,21600335,1995,19.0,def_reb(24),3,-1,likely_open,subType: open-like
367,PT00M25.90S,3,1610612744,GSW,201939,Curry,S. Curry,232,13,0,Missed,1,0.0,0.0,0,v,MISS Curry  3PT Jump Shot,Missed Shot,Jump Shot,1,350,21600335,2135,10.0,final_ft(24),3,-1,likely_open,"subType: open-like, distance: at-rim/very close, coords: corner-3, corner: catch/spot"
447,PT05M26.00S,4,1610612744,GSW,201939,Curry,S. Curry,102,169,20,Missed,1,0.0,0.0,0,v,MISS Curry 20' Pullup Jump Shot,Missed Shot,Pullup Jump shot,1,418,21600335,2554,8.0,turnover(24),2,3,likely_contested,"subType: contested-like, text: pressure-move"
460,PT03M26.00S,4,1610612744,GSW,201939,Curry,S. Curry,-225,80,24,Missed,1,0.0,0.0,0,v,MISS Curry 24' 3PT Running Jump Shot,Missed Shot,Running Jump Shot,1,432,21600335,2674,18.0,turnover(24),3,-1,likely_open,subType: open-like
492,PT01M29.00S,4,1610612744,GSW,201939,Curry,S. Curry,19,2,2,Made,1,89.0,103.0,192,v,Curry 2' Running Layup (24 PTS),Made Shot,Running Layup Shot,1,460,21600335,2791,20.0,def_reb(24),2,3,likely_contested,"subType: contested-like, distance: at-rim/very close"
41,PT08M18.00S,1,1610612744,GSW,201939,Curry,S. Curry,-53,252,26,Missed,1,0.0,0.0,0,v,MISS Curry 26' 3PT Jump Shot,Missed Shot,Jump Shot,1,39,21600351,222,10.0,off_reb(14),3,-1,likely_open,subType: open-like
79,PT05M06.00S,1,1610612744,GSW,201939,Curry,S. Curry,-14,-1,1,Made,1,20.0,11.0,31,v,Curry 1' Layup (4 PTS),Made Shot,Layup Shot,1,69,21600351,414,11.0,final_ft(24),2,1,borderline,distance: at-rim/very close
111,PT03M23.00S,1,1610612744,GSW,201939,Curry,S. Curry,42,249,25,Missed,1,0.0,0.0,0,v,MISS Curry 25' 3PT Running Jump Shot,Missed Shot,Running Jump Shot,1,96,21600351,517,21.0,def_reb(24),3,-1,likely_open,subType: open-like
158,PT00M00.30S,1,1610612744,GSW,201939,Curry,S. Curry,4,717,72,Missed,1,0.0,0.0,0,v,MISS Curry 72' 3PT Jump Shot,Missed Shot,Jump Shot,1,139,21600351,720,24.0,made_fg(24),3,-2,likely_open,"subType: open-like, distance: deep above-break 3 (>=27ft)"
236,PT05M35.00S,2,1610612744,GSW,201939,Curry,S. Curry,125,223,26,Made,1,43.0,32.0,75,v,Curry 26' 3PT Jump Shot (7 PTS),Made Shot,Jump Shot,1,210,21600351,1105,8.0,off_reb(14),3,-1,likely_open,subType: open-like
257,PT03M52.00S,2,1610612744,GSW,201939,Curry,S. Curry,105,232,25,Missed,1,0.0,0.0,0,v,MISS Curry 25' 3PT Jump Shot,Missed Shot,Jump Shot,1,228,21600351,1208,1.0,made_fg(24),3,0,likely_open,"subType: open-like, clock: late (<=5s)"
271,PT03M03.00S,2,1610612744,GSW,201939,Curry,S. Curry,205,159,26,Missed,1,0.0,0.0,0,v,MISS Curry 26' 3PT Running Jump Shot,Missed Shot,Running Jump Shot,1,239,21600351,1257,18.0,def_reb(24),3,-1,likely_open,subType: open-like
308,PT00M03.90S,2,1610612744,GSW,201939,Curry,S. Curry,64,242,25,Missed,1,0.0,0.0,0,v,MISS Curry 25' 3PT Jump Shot,Missed Shot,Jump Shot,1,272,21600351,1437,14.0,made_fg(24),3,-1,likely_open,subType: open-like
359,PT06M41.00S,3,1610612744,GSW,201939,Curry,S. Curry,105,244,27,Made,1,77.0,54.0,131,v,Curry 27' 3PT Jump Shot (14 PTS) (Varejao 2 AST),Made Shot,Jump Shot,1,319,21600351,1759,8.0,made_fg(24),3,-2,likely_open,"subType: open-like, distance: deep above-break 3 (>=27ft)"
366,PT06M09.00S,3,1610612744,GSW,201939,Curry,S. Curry,68,242,25,Missed,1,0.0,0.0,0,v,MISS Curry 25' 3PT Jump Shot,Missed Shot,Jump Shot,1,325,21600351,1791,13.0,final_ft(24),3,-1,likely_open,subType: open-like
385,PT04M42.00S,3,1610612744,GSW,201939,Curry,S. Curry,30,7,3,Missed,1,0.0,0.0,0,v,MISS Curry 3' Running Jump Shot,Missed Shot,Running Jump Shot,1,343,21600351,1878,19.0,def_reb(24),2,0,likely_open,"subType: open-like, distance: at-rim/very close"
391,PT04M12.00S,3,1610612744,GSW,201939,Curry,S. Curry,-24,-6,2,Missed,1,0.0,0.0,0,v,MISS Curry 2' Cutting Layup Shot,Missed Shot,Cutting Layup Shot,1,350,21600351,1908,13.0,def_reb(24),2,1,borderline,distance: at-rim/very close
420,PT01M33.00S,3,1610612744,GSW,201939,Curry,S. Curry,137,214,25,Made,1,85.0,65.0,150,v,Curry 25' 3PT Jump Shot (17 PTS) (Durant 1 AST),Made Shot,Jump Shot,1,378,21600351,2067,9.0,def_reb(24),3,-1,likely_open,subType: open-like
427,PT00M36.90S,3,1610612744,GSW,201939,Curry,S. Curry,-106,234,26,Missed,1,0.0,0.0,0,v,MISS Curry 26' 3PT Jump Shot,Missed Shot,Jump Shot,1,385,21600351,2124,15.0,def_reb(24),3,-1,likely_open,subType: open-like
30,PT07M51.00S,1,1610612744,GSW,201939,Curry,S. Curry,-166,183,25,Missed,1,0.0,0.0,0,v,MISS Curry 25' 3PT Jump Shot,Missed Shot,Jump Shot,1,30,21600358,249,14.0,turnover(24),3,-1,likely_open,subType: open-like
104,PT03M24.00S,1,1610612744,GSW,201939,Curry,S. Curry,99,169,20,Missed,1,0.0,0.0,0,v,MISS Curry 20' Jump Shot,Missed Shot,Jump Shot,1,86,21600358,516,15.0,final_ft(24),2,-1,likely_open,subType: open-like
107,PT02M49.00S,1,1610612744,GSW,201939,Curry,S. Curry,133,131,19,Missed,1,0.0,0.0,0,v,MISS Curry 19' Pullup Jump Shot,Missed Shot,Pullup Jump shot,1,89,21600358,551,4.0,made_fg(24),2,4,likely_contested,"subType: contested-like, text: pressure-move, clock: late (<=5s)"
127,PT01M14.00S,1,1610612744,GSW,201939,Curry,S. Curry,6,21,2,Made,1,27.0,26.0,53,v,Curry 2' Driving Layup (4 PTS),Made Shot,Driving Layup Shot,1,106,21600358,646,9.0,made_fg(24),2,3,likely_contested,"subType: contested-like, distance: at-rim/very close"
274,PT00M29.70S,2,1610612744,GSW,201939,Curry,S. Curry,24,31,4,Missed,1,0.0,0.0,0,v,MISS Curry 4' Driving Finger Roll Layup,Missed Shot,Driving Finger Roll Layup Shot,1,235,21600358,1411,15.0,made_fg(24),2,1,borderline,distance: at-rim/very close
277,PT00M19.00S,2,1610612744,GSW,201939,Curry,S. Curry,-11,16,2,Made,1,58.0,60.0,118,v,Curry 2' Finger Roll Layup (6 PTS) (Iguodala 3 AST),Made Shot,Finger Roll Layup Shot,1,239,21600358,1421,21.0,turnover(24),2,1,borderline,distance: at-rim/very close
293,PT10M22.00S,3,1610612744,GSW,201939,Curry,S. Curry,12,7,1,Missed,1,0.0,0.0,0,v,MISS Curry 1' Driving Layup,Missed Shot,Driving Layup Shot,1,255,21600358,1538,20.0,def_reb(24),2,3,likely_contested,"subType: contested-like, distance: at-rim/very close"
328,PT07M23.00S,3,1610612744,GSW,201939,Curry,S. Curry,128,144,19,Made,1,70.0,69.0,139,v,Curry 19' Step Back Jump Shot (8 PTS),Made Shot,Step Back Jump shot,1,288,21600358,1717,8.0,made_fg(24),2,3,likely_contested,"subType: contested-like, text: pressure-move"
333,PT06M30.00S,3,1610612744,GSW,201939,Curry,S. Curry,-127,214,25,Made,1,73.0,72.0,145,v,Curry 25' 3PT Jump Shot (11 PTS) (Green 3 AST),Made Shot,Jump Shot,1,293,21600358,1770,11.0,made_fg(24),3,-1,likely_open,subType: open-like
344,PT05M58.00S,3,1610612744,GSW,201939,Curry,S. Curry,0,252,25,Made,1,74.0,75.0,149,v,Curry 25' 3PT Jump Shot (14 PTS),Made Shot,Jump Shot,1,302,21600358,1802,13.0,def_reb(24),3,-1,likely_open,subType: open-like
354,PT04M51.00S,3,1610612744,GSW,201939,Curry,S. Curry,138,213,25,Missed,1,0.0,0.0,0,v,MISS Curry 25' 3PT Jump Shot,Missed Shot,Jump Shot,1,310,21600358,1869,13.0,made_fg(24),3,-1,likely_open,subType: open-like
409,PT00M02.90S,3,1610612744,GSW,201939,Curry,S. Curry,140,213,25,Missed,1,0.0,0.0,0,v,MISS Curry 25' 3PT Jump Shot,Missed Shot,Jump Shot,1,362,21600358,2158,5.0,def_foul_14(14),3,0,likely_open,"subType: open-like, clock: late (<=5s)"
505,PT03M34.00S,4,1610612744,GSW,201939,Curry,S. Curry,14,7,2,Made,1,98.0,108.0,206,v,Curry 2' Cutting Layup Shot (18 PTS) (Green 4 AST),Made Shot,Cutting Layup Shot,1,447,21600358,2666,12.0,final_ft(24),2,1,borderline,distance: at-rim/very close
3,PT11M23.00S,1,1610612744,GSW,201939,Curry,S. Curry,-165,190,25,Missed,1,0.0,0.0,0,v,MISS Curry 25' 3PT Jump Shot,Missed Shot,Jump Shot,1,4,21600371,37,1.0,made_fg(24),3,0,likely_open,"subType: open-like, clock: late (<=5s)"
65,PT05M17.00S,1,1610612744,GSW,201939,Curry,S. Curry,130,8,13,Missed,1,0.0,0.0,0,v,MISS Curry 13' Jump Shot,Missed Shot,Jump Shot,1,61,21600371,403,,stale_reset(24),2,0,likely_open,"subType: open-like, distance: mid-range"
69,PT04M51.00S,1,1610612744,GSW,201939,Curry,S. Curry,-163,203,26,Made,1,20.0,15.0,35,v,Curry 26' 3PT Jump Shot (3 PTS) (Green 2 AST),Made Shot,Jump Shot,1,65,21600371,429,13.0,def_reb(24),3,-1,likely_open,subType: open-like
72,PT04M16.00S,1,1610612744,GSW,201939,Curry,S. Curry,-233,41,24,Made,1,20.0,18.0,38,v,Curry 24' 3PT Jump Shot (6 PTS) (Thompson 1 AST),Made Shot,Jump Shot,1,68,21600371,464,17.0,turnover(24),3,-2,likely_open,"subType: open-like, coords: corner-3, corner: catch/spot"
97,PT02M29.00S,1,1610612744,GSW,201939,Curry,S. Curry,6,267,27,Made,1,22.0,25.0,47,v,Curry 27' 3PT Jump Shot (9 PTS),Made Shot,Jump Shot,1,91,21600371,571,13.0,turnover(24),3,-2,likely_open,"subType: open-like, distance: deep above-break 3 (>=27ft)"
99,PT02M04.00S,1,1610612744,GSW,201939,Curry,S. Curry,194,183,27,Missed,1,0.0,0.0,0,v,MISS Curry 27' 3PT Jump Shot,Missed Shot,Jump Shot,1,93,21600371,596,15.0,made_fg(24),3,-2,likely_open,"subType: open-like, distance: deep above-break 3 (>=27ft)"
105,PT01M08.00S,1,1610612744,GSW,201939,Curry,S. Curry,-22,3,2,Made,1,30.0,27.0,57,v,Curry 2' Driving Layup (11 PTS),Made Shot,Driving Layup Shot,1,99,21600371,652,9.0,made_fg(24),2,3,likely_contested,"subType: contested-like, distance: at-rim/very close"
238,PT00M28.60S,2,1610612744,GSW,201939,Curry,S. Curry,24,7,3,Made,1,65.0,58.0,123,v,Curry 3' Layup (15 PTS),Made Shot,Layup Shot,1,218,21600371,1412,13.0,off_reb(14),2,1,borderline,distance: at-rim/very close
243,PT00M00.10S,2,1610612744,GSW,201939,Curry,S. Curry,-9,414,41,Missed,1,0.0,0.0,0,v,MISS Curry 41' 3PT Jump Shot,Missed Shot,Jump Shot,1,223,21600371,1440,22.0,def_reb(24),3,-2,likely_open,"subType: open-like, distance: deep above-break 3 (>=27ft)"
253,PT10M42.00S,3,1610612744,GSW,201939,Curry,S. Curry,12,8,1,Made,1,67.0,64.0,131,v,Curry 1' Driving Layup (17 PTS),Made Shot,Driving Layup Shot,1,231,21600371,1518,15.0,made_fg(24),2,3,likely_contested,"subType: contested-like, distance: at-rim/very close"
266,PT09M40.00S,3,1610612744,GSW,201939,Curry,S. Curry,-209,165,27,Made,1,72.0,68.0,140,v,Curry 27' 3PT Jump Shot (21 PTS) (Green 5 AST),Made Shot,Jump Shot,1,242,21600371,1580,5.0,made_fg(24),3,-1,likely_open,"subType: open-like, distance: deep above-break 3 (>=27ft), clock: late (<=5s)"
274,PT08M40.00S,3,1610612744,GSW,201939,Curry,S. Curry,89,249,26,Made,1,74.0,73.0,147,v,Curry 26' 3PT Jump Shot (24 PTS),Made Shot,Jump Shot,1,252,21600371,1640,11.0,turnover(24),3,-1,likely_open,subType: open-like
310,PT06M19.00S,3,1610612744,GSW,201939,Curry,S. Curry,146,169,22,Made,1,75.0,81.0,156,v,Curry 22' Jump Shot (26 PTS) (Green 7 AST),Made Shot,Jump Shot,1,281,21600371,1781,0.0,def_reb(24),2,0,likely_open,"subType: open-like, clock: late (<=5s)"
316,PT05M18.00S,3,1610612744,GSW,201939,Curry,S. Curry,115,111,16,Missed,1,0.0,0.0,0,v,MISS Curry 16' Jump Shot,Missed Shot,Jump Shot,1,287,21600371,1842,0.0,made_fg(24),2,1,borderline,"subType: open-like, distance: mid-range, clock: late (<=5s)"
327,PT03M51.00S,3,1610612744,GSW,201939,Curry,S. Curry,-20,8,2,Missed,1,0.0,0.0,0,v,MISS Curry 2' Layup,Missed Shot,Layup Shot,1,295,21600371,1929,3.0,made_fg(24),2,2,likely_contested,"distance: at-rim/very close, clock: late (<=5s)"
344,PT02M55.00S,3,1610612744,GSW,201939,Curry,S. Curry,148,16,15,Missed,1,0.0,0.0,0,v,MISS Curry 15' Jump Shot,Missed Shot,Jump Shot,1,313,21600371,1985,7.0,def_reb(24),2,0,likely_open,"subType: open-like, distance: mid-range"
357,PT02M22.00S,3,1610612744,GSW,201939,Curry,S. Curry,150,56,16,Missed,1,0.0,0.0,0,v,MISS Curry 16' Jump Shot,Missed Shot,Jump Shot,1,325,21600371,2018,13.0,final_ft(24),2,0,likely_open,"subType: open-like, distance: mid-range"
361,PT01M36.00S,3,1610612744,GSW,201939,Curry,S. Curry,15,7,2,Missed,1,0.0,0.0,0,v,MISS Curry 2' Layup,Missed Shot,Layup Shot,1,329,21600371,2064,11.0,made_fg(24),2,1,borderline,distance: at-rim/very close
451,PT05M35.00S,4,1610612744,GSW,201939,Curry,S. Curry,-14,2,1,Missed,1,0.0,0.0,0,v,MISS Curry 1' Layup,Missed Shot,Layup Shot,1,407,21600371,2545,2.0,def_foul_14(14),2,2,likely_contested,"distance: at-rim/very close, clock: late (<=5s)"
460,PT04M33.00S,4,1610612744,GSW,201939,Curry,S. Curry,97,239,26,Missed,1,0.0,0.0,0,v,MISS Curry 26' 3PT Jump Shot,Missed Shot,Jump Shot,1,413,21600371,2607,11.0,made_fg(24),3,-1,likely_open,subType: open-like
482,PT03M14.00S,4,1610612744,GSW,201939,Curry,S. Curry,-200,19,20,Made,1,108.0,109.0,217,v,Curry 20' Jump Shot (28 PTS) (Thompson 3 AST),Made Shot,Jump Shot,1,434,21600371,2686,18.0,turnover(24),2,-1,likely_open,subType: open-like
496,PT01M53.00S,4,1610612744,GSW,201939,Curry,S. Curry,-24,7,3,Made,1,108.0,111.0,219,v,Curry 3' Layup (30 PTS) (Green 10 AST),Made Shot,Layup Shot,1,450,21600371,2767,4.0,keep_clock(19),2,2,likely_contested,"distance: at-rim/very close, clock: late (<=5s)"
508,PT00M47.90S,4,1610612744,GSW,201939,Curry,S. Curry,-178,105,21,Missed,1,0.0,0.0,0,v,MISS Curry 21' Jump Shot,Missed Shot,Jump Shot,1,462,21600371,2833,,stale_reset(14),2,-1,likely_open,subType: open-like
21,PT10M13.00S,1,1610612744,GSW,201939,Curry,S. Curry,-197,195,28,Missed,1,0.0,0.0,0,h,MISS Curry 28' 3PT Jump Shot,Missed Shot,Jump Shot,1,22,21600388,107,17.0,def_reb(24),3,-2,likely_open,"subType: open-like, distance: deep above-break 3 (>=27ft)"
62,PT06M09.00S,1,1610612744,GSW,201939,Curry,S. Curry,-194,183,27,Missed,1,0.0,0.0,0,h,MISS Curry 27' 3PT Jump Shot,Missed Shot,Jump Shot,1,63,21600388,351,9.0,made_fg(24),3,-2,likely_open,"subType: open-like, distance: deep above-break 3 (>=27ft)"
131,PT11M35.00S,2,1610612744,GSW,201939,Curry,S. Curry,24,43,5,Missed,1,0.0,0.0,0,h,MISS Curry 5' Jump Shot,Missed Shot,Jump Shot,1,128,21600388,745,,no_reset_found,2,0,likely_open,"subType: open-like, distance: at-rim/very close"
143,PT10M26.00S,2,1610612744,GSW,201939,Curry,S. Curry,-97,154,18,Missed,1,0.0,0.0,0,h,MISS Curry 18' Pullup Jump Shot,Missed Shot,Pullup Jump shot,1,143,21600388,814,10.0,turnover(24),2,3,likely_contested,"subType: contested-like, text: pressure-move"
162,PT07M40.00S,2,1610612744,GSW,201939,Curry,S. Curry,9,8,1,Missed,1,0.0,0.0,0,h,MISS Curry 1' Driving Layup,Missed Shot,Driving Layup Shot,1,160,21600388,980,12.0,def_reb(24),2,3,likely_contested,"subType: contested-like, distance: at-rim/very close"
163,PT07M40.00S,2,1610612744,GSW,201939,Curry,S. Curry,-1,2,0,Missed,1,0.0,0.0,0,h,MISS Curry  Tip Layup Shot,Missed Shot,Tip Layup Shot,1,162,21600388,980,12.0,def_reb(24),2,3,likely_contested,"subType: contested-like, distance: at-rim/very close"
180,PT05M34.00S,2,1610612744,GSW,201939,Curry,S. Curry,-186,169,25,Made,1,45.0,37.0,82,h,Curry 25' 3PT Pullup Jump Shot (3 PTS) (West 3 AST),Made Shot,Pullup Jump shot,1,177,21600388,1106,6.0,made_fg(24),3,3,likely_contested,"subType: contested-like, text: pressure-move"
205,PT03M13.00S,2,1610612744,GSW,201939,Curry,S. Curry,-161,244,29,Missed,1,0.0,0.0,0,h,MISS Curry 29' 3PT Jump Shot,Missed Shot,Jump Shot,1,203,21600388,1247,9.0,jumpball(24),3,-2,likely_open,"subType: open-like, distance: deep above-break 3 (>=27ft)"
215,PT02M23.00S,2,1610612744,GSW,201939,Curry,S. Curry,230,16,0,Made,1,55.0,43.0,98,h,Curry  3PT Jump Shot (6 PTS) (Iguodala 1 AST),Made Shot,Jump Shot,1,214,21600388,1297,4.0,made_fg(24),3,0,likely_open,"subType: open-like, distance: at-rim/very close, coords: corner-3, corner: catch/spot, clock: late (<=5s)"
326,PT03M51.00S,3,1610612744,GSW,201939,Curry,S. Curry,25,21,3,Made,1,81.0,58.0,139,h,Curry 3' Cutting Finger Roll Layup Shot (8 PTS) (Green 7 AST),Made Shot,Cutting Finger Roll Layup Shot,1,322,21600388,1929,16.0,def_reb(24),2,1,borderline,distance: at-rim/very close
329,PT03M25.00S,3,1610612744,GSW,201939,Curry,S. Curry,-2,262,26,Missed,1,0.0,0.0,0,h,MISS Curry 26' 3PT Jump Shot,Missed Shot,Jump Shot,1,325,21600388,1955,9.0,turnover(24),3,-1,likely_open,subType: open-like
351,PT01M42.00S,3,1610612744,GSW,201939,Curry,S. Curry,-215,62,22,Missed,1,0.0,0.0,0,h,MISS Curry 22' Jump Shot,Missed Shot,Jump Shot,1,345,21600388,2058,6.0,final_ft(24),2,-1,likely_open,subType: open-like
441,PT05M27.00S,4,1610612744,GSW,201939,Curry,S. Curry,-155,218,27,Missed,1,0.0,0.0,0,h,MISS Curry 27' 3PT Pullup Jump Shot,Missed Shot,Pullup Jump shot,1,428,21600388,2553,13.0,turnover(24),3,2,likely_contested,"subType: contested-like, text: pressure-move, distance: deep above-break 3 (>=27ft)"
446,PT05M00.00S,4,1610612744,GSW,201939,Curry,S. Curry,6,272,27,Missed,1,0.0,0.0,0,h,MISS Curry 27' 3PT Pullup Jump Shot,Missed Shot,Pullup Jump shot,1,433,21600388,2580,11.0,keep_clock(23),3,2,likely_contested,"subType: contested-like, text: pressure-move, distance: deep above-break 3 (>=27ft)"
30,PT09M13.00S,1,1610612744,GSW,201939,Curry,S. Curry,-169,229,28,Made,1,9.0,5.0,14,h,Curry 28' 3PT Step Back Jump Shot (4 PTS) (Green 1 AST),Made Shot,Step Back Jump shot,1,31,21600405,167,5.0,keep_clock(24),3,3,likely_contested,"subType: contested-like, text: pressure-move, distance: deep above-break 3 (>=27ft), clock: late (<=5s)"
32,PT08M40.00S,1,1610612744,GSW,201939,Curry,S. Curry,-219,144,26,Made,1,12.0,7.0,19,h,Curry 26' 3PT Jump Shot (7 PTS) (Green 2 AST),Made Shot,Jump Shot,1,33,21600405,200,12.0,made_fg(24),3,-1,likely_open,subType: open-like
39,PT07M37.00S,1,1610612744,GSW,201939,Curry,S. Curry,223,87,24,Made,1,18.0,12.0,30,h,Curry 24' 3PT Jump Shot (10 PTS) (Green 3 AST),Made Shot,Jump Shot,1,39,21600405,263,2.0,made_fg(24),3,0,likely_open,"subType: open-like, clock: late (<=5s)"
73,PT04M08.00S,1,1610612744,GSW,201939,Curry,S. Curry,-220,139,26,Missed,1,0.0,0.0,0,h,MISS Curry 26' 3PT Jump Shot,Missed Shot,Jump Shot,1,72,21600405,472,6.0,def_reb(24),3,-1,likely_open,subType: open-like
84,PT03M20.00S,1,1610612744,GSW,201939,Curry,S. Curry,-1,23,2,Made,1,26.0,15.0,41,h,Curry 2' Cutting Layup Shot (12 PTS) (Green 4 AST),Made Shot,Cutting Layup Shot,1,83,21600405,520,9.0,def_reb(24),2,1,borderline,distance: at-rim/very close
193,PT05M32.00S,2,1610612744,GSW,201939,Curry,S. Curry,-9,70,7,Missed,1,0.0,0.0,0,h,MISS Curry 7' Floating Jump Shot,Missed Shot,Floating Jump shot,1,174,21600405,1108,6.0,def_reb(24),2,2,likely_contested,subType: contested-like
207,PT05M09.00S,2,1610612744,GSW,201939,Curry,S. Curry,-6,247,25,Missed,1,0.0,0.0,0,h,MISS Curry 25' 3PT Jump Shot,Missed Shot,Jump Shot,1,184,21600405,1131,11.0,final_ft(24),3,-1,likely_open,subType: open-like
235,PT02M51.00S,2,1610612744,GSW,201939,Curry,S. Curry,9,16,2,Missed,1,0.0,0.0,0,h,MISS Curry 2' Layup,Missed Shot,Layup Shot,1,212,21600405,1269,11.0,final_ft(24),2,1,borderline,distance: at-rim/very close
308,PT07M41.00S,3,1610612744,GSW,201939,Curry,S. Curry,132,282,31,Made,1,84.0,51.0,135,h,Curry 31' 3PT Pullup Jump Shot (16 PTS) (Green 9 AST),Made Shot,Pullup Jump shot,1,276,21600405,1699,15.0,def_reb(24),3,2,likely_contested,"subType: contested-like, text: pressure-move, distance: deep above-break 3 (>=27ft)"
313,PT07M11.00S,3,1610612744,GSW,201939,Curry,S. Curry,161,210,26,Missed,1,0.0,0.0,0,h,MISS Curry 26' 3PT Pullup Jump Shot,Missed Shot,Pullup Jump shot,1,282,21600405,1729,20.0,def_reb(24),3,3,likely_contested,"subType: contested-like, text: pressure-move"
393,PT00M00.10S,3,1610612744,GSW,201939,Curry,S. Curry,-142,239,28,Made,1,108.0,72.0,180,h,Curry 28' 3PT Pullup Jump Shot (19 PTS) (Durant 4 AST),Made Shot,Pullup Jump shot,1,356,21600405,2160,19.0,def_reb(24),3,2,likely_contested,"subType: contested-like, text: pressure-move, distance: deep above-break 3 (>=27ft)"
36,PT08M13.00S,1,1610612744,GSW,201939,Curry,S. Curry,127,149,20,Missed,1,0.0,0.0,0,h,MISS Curry 20' Jump Shot,Missed Shot,Jump Shot,1,34,21600427,227,13.0,made_fg(24),2,-1,likely_open,subType: open-like
42,PT07M45.00S,1,1610612744,GSW,201939,Curry,S. Curry,230,2,0,Missed,1,0.0,0.0,0,h,MISS Curry  3PT Jump Shot,Missed Shot,Jump Shot,1,41,21600427,255,21.0,turnover(24),3,-1,likely_open,"subType: open-like, distance: at-rim/very close, coords: corner-3, corner: catch/spot"
79,PT04M22.00S,1,1610612744,GSW,201939,Curry,S. Curry,-74,244,25,Made,1,11.0,8.0,19,h,Curry 25' 3PT Pullup Jump Shot (5 PTS) (Durant 1 AST),Made Shot,Pullup Jump shot,1,73,21600427,458,7.0,made_fg(24),3,3,likely_contested,"subType: contested-like, text: pressure-move"
91,PT03M28.00S,1,1610612744,GSW,201939,Curry,S. Curry,-2,7,1,Made,1,13.0,10.0,23,h,Curry 1' Running Reverse Layup (7 PTS),Made Shot,Running Reverse Layup Shot,1,85,21600427,512,19.0,turnover(24),2,1,borderline,distance: at-rim/very close
95,PT02M51.00S,1,1610612744,GSW,201939,Curry,S. Curry,-127,232,26,Missed,1,0.0,0.0,0,h,MISS Curry 26' 3PT Jump Shot,Missed Shot,Jump Shot,1,90,21600427,549,17.0,turnover(24),3,-1,likely_open,subType: open-like
103,PT01M49.00S,1,1610612744,GSW,201939,Curry,S. Curry,2,21,2,Made,1,17.0,12.0,29,h,Curry 2' Driving Finger Roll Layup (9 PTS),Made Shot,Driving Finger Roll Layup Shot,1,97,21600427,611,11.0,def_reb(24),2,1,borderline,distance: at-rim/very close
116,PT01M00.00S,1,1610612744,GSW,201939,Curry,S. Curry,-9,28,3,Missed,1,0.0,0.0,0,h,MISS Curry 3' Driving Finger Roll Layup,Missed Shot,Driving Finger Roll Layup Shot,1,110,21600427,660,7.0,off_reb(14),2,1,borderline,distance: at-rim/very close
120,PT00M38.90S,1,1610612744,GSW,201939,Curry,S. Curry,-63,178,19,Missed,1,0.0,0.0,0,h,MISS Curry 19' Jump Shot,Missed Shot,Jump Shot,1,114,21600427,682,16.0,made_fg(24),2,-1,likely_open,subType: open-like
190,PT05M29.00S,2,1610612744,GSW,201939,Curry,S. Curry,92,70,12,Missed,1,0.0,0.0,0,h,MISS Curry 12' Driving Floating Jump Shot,Missed Shot,Driving Floating Jump Shot,1,183,21600427,1111,10.0,keep_clock(17),2,3,likely_contested,"subType: contested-like, distance: mid-range"
241,PT01M36.00S,2,1610612744,GSW,201939,Curry,S. Curry,-1,16,2,Made,1,47.0,30.0,77,h,Curry 2' Cutting Layup Shot (11 PTS) (Green 3 AST),Made Shot,Cutting Layup Shot,1,226,21600427,1344,5.0,def_violation_14(14),2,2,likely_contested,"distance: at-rim/very close, clock: late (<=5s)"
268,PT00M27.50S,2,1610612744,GSW,201939,Curry,S. Curry,128,219,25,Made,1,55.0,31.0,86,h,Curry 25' 3PT Step Back Jump Shot (15 PTS),Made Shot,Step Back Jump shot,1,247,21600427,1413,18.0,def_reb(24),3,3,likely_contested,"subType: contested-like, text: pressure-move"
283,PT10M45.00S,3,1610612744,GSW,201939,Curry,S. Curry,73,247,26,Missed,1,0.0,0.0,0,h,MISS Curry 26' 3PT Jump Shot,Missed Shot,Jump Shot,1,261,21600427,1515,8.0,made_fg(24),3,-1,likely_open,subType: open-like
296,PT08M58.00S,3,1610612744,GSW,201939,Curry,S. Curry,-1,2,0,Made,1,61.0,39.0,100,h,Curry  Running Finger Roll Layup (17 PTS),Made Shot,Running Finger Roll Layup Shot,1,275,21600427,1622,18.0,turnover(24),2,1,borderline,distance: at-rim/very close
299,PT08M25.00S,3,1610612744,GSW,201939,Curry,S. Curry,32,262,26,Made,1,64.0,39.0,103,h,Curry 26' 3PT Running Jump Shot (20 PTS),Made Shot,Running Jump Shot,1,278,21600427,1655,17.0,def_reb(24),3,-1,likely_open,subType: open-like
307,PT07M30.00S,3,1610612744,GSW,201939,Curry,S. Curry,-199,144,25,Missed,1,0.0,0.0,0,h,MISS Curry 25' 3PT Jump Shot,Missed Shot,Jump Shot,1,285,21600427,1710,3.0,made_fg(24),3,0,likely_open,"subType: open-like, clock: late (<=5s)"
358,PT03M42.00S,3,1610612744,GSW,201939,Curry,S. Curry,-7,7,1,Missed,1,0.0,0.0,0,h,MISS Curry 1' Layup,Missed Shot,Layup Shot,1,332,21600427,1938,14.0,keep_clock(20),2,1,borderline,distance: at-rim/very close
377,PT01M24.00S,3,1610612744,GSW,201939,Curry,S. Curry,169,183,25,Made,1,78.0,49.0,127,h,Curry 25' 3PT Step Back Jump Shot (25 PTS),Made Shot,Step Back Jump shot,1,351,21600427,2076,3.0,made_fg(24),3,4,likely_contested,"subType: contested-like, text: pressure-move, clock: late (<=5s)"
383,PT00M03.60S,3,1610612744,GSW,201939,Curry,S. Curry,99,242,26,Missed,1,0.0,0.0,0,h,MISS Curry 26' 3PT Jump Shot,Missed Shot,Jump Shot,1,357,21600427,2157,19.0,made_fg(24),3,-1,likely_open,subType: open-like
46,PT06M58.00S,1,1610612744,GSW,201939,Curry,S. Curry,-125,213,25,Missed,1,0.0,0.0,0,v,MISS Curry 25' 3PT Jump Shot,Missed Shot,Jump Shot,1,49,21600437,302,16.0,def_reb(24),3,-1,likely_open,subType: open-like
72,PT04M50.00S,1,1610612744,GSW,201939,Curry,S. Curry,-140,36,14,Made,1,20.0,20.0,40,v,Curry 14' Fadeaway Jumper (2 PTS),Made Shot,Fadeaway Jump Shot,1,76,21600437,430,17.0,def_reb(24),2,4,likely_contested,"subType: contested-like, text: pressure-move, distance: mid-range"
96,PT02M51.00S,1,1610612744,GSW,201939,Curry,S. Curry,-232,-19,0,Missed,1,0.0,0.0,0,v,MISS Curry  3PT Jump Shot,Missed Shot,Jump Shot,1,99,21600437,549,10.0,turnover(24),3,-1,likely_open,"subType: open-like, distance: at-rim/very close, coords: corner-3, corner: catch/spot"
107,PT02M06.00S,1,1610612744,GSW,201939,Curry,S. Curry,150,205,25,Missed,1,0.0,0.0,0,v,MISS Curry 25' 3PT Jump Shot,Missed Shot,Jump Shot,1,109,21600437,594,19.0,def_reb(24),3,-1,likely_open,subType: open-like
110,PT01M40.00S,1,1610612744,GSW,201939,Curry,S. Curry,-222,77,0,Missed,1,0.0,0.0,0,v,MISS Curry  3PT Jump Shot,Missed Shot,Jump Shot,1,112,21600437,620,6.0,made_fg(24),3,0,likely_open,"subType: open-like, distance: at-rim/very close"
119,PT01M06.00S,1,1610612744,GSW,201939,Curry,S. Curry,227,-1,0,Made,1,29.0,31.0,60,v,Curry  3PT Jump Shot (5 PTS) (Durant 2 AST),Made Shot,Jump Shot,1,122,21600437,654,18.0,def_reb(24),3,-1,likely_open,"subType: open-like, distance: at-rim/very close, coords: corner-3, corner: catch/spot"
129,PT00M01.50S,1,1610612744,GSW,201939,Curry,S. Curry,9,478,48,Missed,1,0.0,0.0,0,v,MISS Curry 48' 3PT Jump Shot,Missed Shot,Jump Shot,1,132,21600437,719,24.0,def_reb(24),3,-2,likely_open,"subType: open-like, distance: deep above-break 3 (>=27ft)"
215,PT05M23.00S,2,1610612744,GSW,201939,Curry,S. Curry,86,144,17,Missed,1,0.0,0.0,0,v,MISS Curry 17' Jump Shot,Missed Shot,Jump Shot,1,211,21600437,1117,12.0,final_ft(24),2,-1,likely_open,subType: open-like
251,PT01M59.00S,2,1610612744,GSW,201939,Curry,S. Curry,-22,-6,2,Missed,1,0.0,0.0,0,v,MISS Curry 2' Running Layup,Missed Shot,Running Layup Shot,1,245,21600437,1321,20.0,turnover(24),2,3,likely_contested,"subType: contested-like, distance: at-rim/very close"
263,PT00M39.20S,2,1610612744,GSW,201939,Curry,S. Curry,-104,100,14,Made,1,63.0,49.0,112,v,Curry 14' Step Back Bank Jump Shot (7 PTS),Made Shot,Step Back Bank Jump Shot,1,258,21600437,1401,13.0,made_fg(24),2,2,likely_contested,"text: pressure-move, distance: mid-range"
269,PT00M22.90S,2,1610612744,GSW,201939,Curry,S. Curry,-233,41,24,Missed,1,0.0,0.0,0,v,MISS Curry 24' 3PT Jump Shot,Missed Shot,Jump Shot,1,265,21600437,1418,9.0,off_reb(14),3,-2,likely_open,"subType: open-like, coords: corner-3, corner: catch/spot"
279,PT00M01.00S,2,1610612744,GSW,201939,Curry,S. Curry,48,442,44,Missed,1,0.0,0.0,0,v,MISS Curry 44' 3PT Jump Shot,Missed Shot,Jump Shot,1,273,21600437,1439,23.0,final_ft(24),3,-2,likely_open,"subType: open-like, distance: deep above-break 3 (>=27ft)"
298,PT10M49.00S,3,1610612744,GSW,201939,Curry,S. Curry,94,223,24,Made,1,65.0,57.0,122,v,Curry 24' 3PT Jump Shot (10 PTS),Made Shot,Jump Shot,1,290,21600437,1511,18.0,def_reb(24),3,-1,likely_open,subType: open-like
300,PT10M15.00S,3,1610612744,GSW,201939,Curry,S. Curry,184,159,24,Missed,1,0.0,0.0,0,v,MISS Curry 24' 3PT Jump Shot,Missed Shot,Jump Shot,1,293,21600437,1545,15.0,turnover(24),3,-1,likely_open,subType: open-like
306,PT09M28.00S,3,1610612744,GSW,201939,Curry,S. Curry,-209,21,21,Made,1,65.0,61.0,126,v,Curry 21' Step Back Jump Shot (12 PTS) (Looney 3 AST),Made Shot,Step Back Jump shot,1,300,21600437,1592,5.0,off_foul(24),2,4,likely_contested,"subType: contested-like, text: pressure-move, clock: late (<=5s)"
329,PT06M45.00S,3,1610612744,GSW,201939,Curry,S. Curry,114,26,12,Missed,1,0.0,0.0,0,v,MISS Curry 12' Jump Shot,Missed Shot,Jump Shot,1,327,21600437,1755,,stale_reset(14),2,0,likely_open,"subType: open-like, distance: mid-range"
472,PT06M22.00S,4,1610612744,GSW,201939,Curry,S. Curry,-240,-6,24,Missed,1,0.0,0.0,0,v,MISS Curry 24' 3PT Jump Shot,Missed Shot,Jump Shot,1,462,21600437,2498,16.0,turnover(24),3,-2,likely_open,"subType: open-like, coords: corner-3, corner: catch/spot"
480,PT05M29.00S,4,1610612744,GSW,201939,Curry,S. Curry,94,228,25,Missed,1,0.0,0.0,0,v,MISS Curry 25' 3PT Jump Shot,Missed Shot,Jump Shot,1,471,21600437,2551,10.0,def_reb(24),3,-1,likely_open,subType: open-like
495,PT04M12.00S,4,1610612744,GSW,201939,Curry,S. Curry,-179,203,27,Made,1,93.0,108.0,201,v,Curry 27' 3PT Jump Shot (15 PTS) (Clark 1 AST),Made Shot,Jump Shot,1,486,21600437,2628,12.0,def_reb(24),3,-2,likely_open,"subType: open-like, distance: deep above-break 3 (>=27ft)"
38,PT07M44.00S,1,1610612744,GSW,201939,Curry,S. Curry,27,165,17,Made,1,13.0,15.0,28,v,Curry 17' Jump Shot (2 PTS) (Green 2 AST),Made Shot,Jump Shot,1,38,21600446,256,9.0,made_fg(24),2,-1,likely_open,subType: open-like
56,PT05M25.00S,1,1610612744,GSW,201939,Curry,S. Curry,-56,252,26,Missed,1,0.0,0.0,0,v,MISS Curry 26' 3PT Jump Shot,Missed Shot,Jump Shot,1,56,21600446,395,16.0,def_reb(24),3,-1,likely_open,subType: open-like
101,PT00M59.90S,1,1610612744,GSW,201939,Curry,S. Curry,-237,8,24,Made,1,28.0,30.0,58,v,Curry 24' 3PT Jump Shot (6 PTS),Made Shot,Jump Shot,1,100,21600446,661,2.0,made_fg(24),3,-1,likely_open,"subType: open-like, coords: corner-3, corner: catch/spot, clock: late (<=5s)"
196,PT04M46.00S,2,1610612744,GSW,201939,Curry,S. Curry,-2,-1,0,Missed,1,0.0,0.0,0,v,MISS Curry  Driving Layup,Missed Shot,Driving Layup Shot,1,182,21600446,1154,12.0,turnover(24),2,3,likely_contested,"subType: contested-like, distance: at-rim/very close"
201,PT04M14.00S,2,1610612744,GSW,201939,Curry,S. Curry,-192,159,25,Missed,1,0.0,0.0,0,v,MISS Curry 25' 3PT Jump Shot,Missed Shot,Jump Shot,1,187,21600446,1186,14.0,def_reb(24),3,-1,likely_open,subType: open-like
220,PT02M55.00S,2,1610612744,GSW,201939,Curry,S. Curry,-227,129,26,Made,1,52.0,51.0,103,v,Curry 26' 3PT Jump Shot (12 PTS) (Durant 3 AST),Made Shot,Jump Shot,1,203,21600446,1265,11.0,def_reb(24),3,-1,likely_open,subType: open-like
245,PT00M31.90S,2,1610612744,GSW,201939,Curry,S. Curry,-132,223,26,Missed,1,0.0,0.0,0,v,MISS Curry 26' 3PT Jump Shot,Missed Shot,Jump Shot,1,227,21600446,1409,18.0,made_fg(24),3,-1,likely_open,subType: open-like
268,PT10M50.00S,3,1610612744,GSW,201939,Curry,S. Curry,-7,100,10,Missed,1,0.0,0.0,0,v,MISS Curry 10' Jump Shot,Missed Shot,Jump Shot,1,247,21600446,1510,7.0,made_fg(24),2,0,likely_open,"subType: open-like, distance: mid-range"
287,PT08M47.00S,3,1610612744,GSW,201939,Curry,S. Curry,220,129,26,Missed,1,0.0,0.0,0,v,MISS Curry 26' 3PT Jump Shot,Missed Shot,Jump Shot,1,265,21600446,1633,7.0,made_fg(24),3,-1,likely_open,subType: open-like
297,PT07M25.00S,3,1610612744,GSW,201939,Curry,S. Curry,236,80,25,Made,1,69.0,67.0,136,v,Curry 25' 3PT Jump Shot (15 PTS) (Green 7 AST),Made Shot,Jump Shot,1,275,21600446,1715,12.0,made_fg(24),3,-1,likely_open,subType: open-like
350,PT03M34.00S,3,1610612744,GSW,201939,Curry,S. Curry,213,141,26,Missed,1,0.0,0.0,0,v,MISS Curry 26' 3PT Jump Shot,Missed Shot,Jump Shot,1,319,21600446,1946,2.0,made_fg(24),3,0,likely_open,"subType: open-like, clock: late (<=5s)"
362,PT02M27.00S,3,1610612744,GSW,201939,Curry,S. Curry,225,139,26,Made,1,78.0,86.0,164,v,Curry 26' 3PT Jump Shot (18 PTS) (Green 12 AST),Made Shot,Jump Shot,1,332,21600446,2013,8.0,def_reb(24),3,-1,likely_open,subType: open-like
374,PT01M21.00S,3,1610612744,GSW,201939,Curry,S. Curry,141,101,17,Missed,1,0.0,0.0,0,v,MISS Curry 17' Jump Shot,Missed Shot,Jump Shot,1,342,21600446,2079,3.0,def_reb(24),2,0,likely_open,"subType: open-like, clock: late (<=5s)"
477,PT03M48.00S,4,1610612744,GSW,201939,Curry,S. Curry,-1,3,0,Made,1,104.0,104.0,208,v,Curry  Driving Layup (20 PTS),Made Shot,Driving Layup Shot,1,435,21600446,2652,1.0,made_fg(24),2,4,likely_contested,"subType: contested-like, distance: at-rim/very close, clock: late (<=5s)"
481,PT03M14.00S,4,1610612744,GSW,201939,Curry,S. Curry,-132,228,26,Made,1,104.0,107.0,211,v,Curry 26' 3PT Jump Shot (23 PTS),Made Shot,Jump Shot,1,440,21600446,2686,8.0,off_reb(14),3,-1,likely_open,subType: open-like
488,PT02M34.00S,4,1610612744,GSW,201939,Curry,S. Curry,156,75,17,Missed,1,0.0,0.0,0,v,MISS Curry 17' Jump Shot,Missed Shot,Jump Shot,1,446,21600446,2726,4.0,made_fg(24),2,0,likely_open,"subType: open-like, clock: late (<=5s)"
86,PT04M36.00S,1,1610612744,GSW,201939,Curry,S. Curry,-235,90,25,Missed,1,0.0,0.0,0,v,MISS Curry 25' 3PT Pullup Jump Shot,Missed Shot,Pullup Jump shot,1,78,21600457,444,14.0,made_fg(24),3,3,likely_contested,"subType: contested-like, text: pressure-move"
123,PT02M07.00S,1,1610612744,GSW,201939,Curry,S. Curry,-238,115,26,Missed,1,0.0,0.0,0,v,MISS Curry 26' 3PT Jump Shot,Missed Shot,Jump Shot,1,106,21600457,593,12.0,made_fg(24),3,-1,likely_open,subType: open-like
251,PT04M15.00S,2,1610612744,GSW,201939,Curry,S. Curry,-240,2,24,Made,1,38.0,49.0,87,v,Curry 24' 3PT Jump Shot (5 PTS) (Clark 1 AST),Made Shot,Jump Shot,1,215,21600457,1185,16.0,def_reb(24),3,-2,likely_open,"subType: open-like, coords: corner-3, corner: catch/spot"
281,PT02M47.00S,2,1610612744,GSW,201939,Curry,S. Curry,-47,87,10,Missed,1,0.0,0.0,0,v,MISS Curry 10' Turnaround Jump Shot,Missed Shot,Turnaround Jump Shot,1,239,21600457,1273,17.0,def_reb(24),2,1,borderline,distance: mid-range
318,PT00M00.00S,2,1610612744,GSW,201939,Curry,S. Curry,-233,120,26,Missed,1,0.0,0.0,0,v,MISS Curry 26' 3PT Jump Shot,Missed Shot,Jump Shot,1,269,21600457,1440,13.0,off_reb(14),3,-1,likely_open,subType: open-like
352,PT09M36.00S,3,1610612744,GSW,201939,Curry,S. Curry,19,51,5,Made,1,56.0,62.0,118,v,Curry 5' Jump Shot (8 PTS) (Durant 2 AST),Made Shot,Jump Shot,1,299,21600457,1584,12.0,turnover(24),2,0,likely_open,"subType: open-like, distance: at-rim/very close"
361,PT08M43.00S,3,1610612744,GSW,201939,Curry,S. Curry,138,213,25,Missed,1,0.0,0.0,0,v,MISS Curry 25' 3PT Jump Shot,Missed Shot,Jump Shot,1,307,21600457,1637,19.0,final_ft(24),3,-1,likely_open,subType: open-like
379,PT06M54.00S,3,1610612744,GSW,201939,Curry,S. Curry,-102,121,16,Missed,1,0.0,0.0,0,v,MISS Curry 16' Pullup Jump Shot,Missed Shot,Pullup Jump shot,1,326,21600457,1746,10.0,made_fg(24),2,4,likely_contested,"subType: contested-like, text: pressure-move, distance: mid-range"
540,PT05M31.00S,4,1610612744,GSW,201939,Curry,S. Curry,195,159,25,Missed,1,0.0,0.0,0,v,MISS Curry 25' 3PT Jump Shot,Missed Shot,Jump Shot,1,467,21600457,2549,19.0,def_reb(24),3,-1,likely_open,subType: open-like
554,PT04M28.00S,4,1610612744,GSW,201939,Curry,S. Curry,1,-5,1,Made,1,97.0,101.0,198,v,Curry 1' Cutting Layup Shot (12 PTS) (Green 4 AST),Made Shot,Cutting Layup Shot,1,478,21600457,2612,11.0,made_fg(24),2,1,borderline,distance: at-rim/very close
584,PT01M14.00S,4,1610612744,GSW,201939,Curry,S. Curry,-228,116,26,Made,1,105.0,108.0,213,v,Curry 26' 3PT Jump Shot (15 PTS) (Durant 3 AST),Made Shot,Jump Shot,1,504,21600457,2806,23.0,def_reb(24),3,-1,likely_open,subType: open-like
28,PT08M46.00S,1,1610612744,GSW,201939,Curry,S. Curry,60,115,13,Made,1,13.0,4.0,17,h,Curry 13' Driving Floating Jump Shot (2 PTS) (Durant 1 AST),Made Shot,Driving Floating Jump Shot,1,31,21600485,194,10.0,final_ft(24),2,3,likely_contested,"subType: contested-like, distance: mid-range"
34,PT07M49.00S,1,1610612744,GSW,201939,Curry,S. Curry,-29,272,27,Made,1,19.0,4.0,23,h,Curry 27' 3PT Running Jump Shot (5 PTS),Made Shot,Running Jump Shot,1,37,21600485,251,19.0,def_reb(24),3,-2,likely_open,"subType: open-like, distance: deep above-break 3 (>=27ft)"
55,PT05M51.00S,1,1610612744,GSW,201939,Curry,S. Curry,74,267,28,Missed,1,0.0,0.0,0,h,MISS Curry 28' 3PT Jump Shot,Missed Shot,Jump Shot,1,56,21600485,369,8.0,def_foul_14(14),3,-2,likely_open,"subType: open-like, distance: deep above-break 3 (>=27ft)"
102,PT01M13.00S,1,1610612744,GSW,201939,Curry,S. Curry,-91,244,26,Missed,1,0.0,0.0,0,h,MISS Curry 26' 3PT Step Back Jump Shot,Missed Shot,Step Back Jump shot,1,99,21600485,647,13.0,made_fg(24),3,3,likely_contested,"subType: contested-like, text: pressure-move"
117,PT00M04.90S,1,1610612744,GSW,201939,Curry,S. Curry,-20,80,8,Missed,1,0.0,0.0,0,h,MISS Curry 8' Jump Shot,Missed Shot,Jump Shot,1,115,21600485,716,12.0,def_foul_14(14),2,0,likely_open,"subType: open-like, distance: mid-range"
230,PT02M43.00S,2,1610612744,GSW,201939,Curry,S. Curry,-2,2,0,Made,1,58.0,51.0,109,h,Curry  Driving Layup (7 PTS),Made Shot,Driving Layup Shot,1,211,21600485,1277,11.0,made_fg(24),2,3,likely_contested,"subType: contested-like, distance: at-rim/very close"
253,PT00M34.80S,2,1610612744,GSW,201939,Curry,S. Curry,-147,229,27,Made,1,69.0,55.0,124,h,Curry 27' 3PT Step Back Jump Shot (10 PTS) (Green 6 AST),Made Shot,Step Back Jump shot,1,233,21600485,1406,11.0,made_fg(24),3,2,likely_contested,"subType: contested-like, text: pressure-move, distance: deep above-break 3 (>=27ft)"
268,PT11M36.00S,3,1610612744,GSW,201939,Curry,S. Curry,-124,154,20,Missed,1,0.0,0.0,0,h,MISS Curry 20' Jump Shot,Missed Shot,Jump Shot,1,245,21600485,1464,18.0,def_reb(24),2,-1,likely_open,subType: open-like
288,PT08M52.00S,3,1610612744,GSW,201939,Curry,S. Curry,-16,183,18,Missed,1,0.0,0.0,0,h,MISS Curry 18' Jump Shot,Missed Shot,Jump Shot,1,266,21600485,1628,14.0,made_fg(24),2,-1,likely_open,subType: open-like
293,PT08M22.00S,3,1610612744,GSW,201939,Curry,S. Curry,-235,56,24,Made,1,78.0,64.0,142,h,Curry 24' 3PT Pullup Jump Shot (13 PTS) (Durant 6 AST),Made Shot,Pullup Jump shot,1,272,21600485,1658,10.0,off_reb(14),3,3,likely_contested,"subType: contested-like, text: pressure-move"
335,PT03M54.00S,3,1610612744,GSW,201939,Curry,S. Curry,-9,8,1,Made,1,97.0,78.0,175,h,Curry 1' Cutting Layup Shot (18 PTS) (Green 9 AST),Made Shot,Cutting Layup Shot,1,308,21600485,1926,19.0,final_ft(24),2,1,borderline,distance: at-rim/very close
361,PT01M36.00S,3,1610612744,GSW,201939,Curry,S. Curry,-92,51,11,Made,1,101.0,81.0,182,h,Curry 11' Driving Floating Jump Shot (20 PTS),Made Shot,Driving Floating Jump Shot,1,334,21600485,2064,6.0,def_reb(24),2,3,likely_contested,"subType: contested-like, distance: mid-range"
442,PT05M54.00S,4,1610612744,GSW,201939,Curry,S. Curry,115,139,18,Missed,1,0.0,0.0,0,h,MISS Curry 18' Jump Shot,Missed Shot,Jump Shot,1,411,21600485,2526,2.0,made_fg(24),2,0,likely_open,"subType: open-like, clock: late (<=5s)"
444,PT05M44.00S,4,1610612744,GSW,201939,Curry,S. Curry,-19,18,3,Missed,1,0.0,0.0,0,h,MISS Curry 3' Layup,Missed Shot,Layup Shot,1,413,21600485,2536,4.0,off_reb(14),2,2,likely_contested,"distance: at-rim/very close, clock: late (<=5s)"
447,PT05M24.00S,4,1610612744,GSW,201939,Curry,S. Curry,-12,11,2,Made,1,114.0,103.0,217,h,Curry 2' Driving Reverse Layup (22 PTS),Made Shot,Driving Reverse Layup Shot,1,417,21600485,2556,11.0,made_fg(24),2,3,likely_contested,"subType: contested-like, distance: at-rim/very close"
455,PT04M25.00S,4,1610612744,GSW,201939,Curry,S. Curry,207,159,26,Missed,1,0.0,0.0,0,h,MISS Curry 26' 3PT Pullup Jump Shot,Missed Shot,Pullup Jump shot,1,427,21600485,2615,6.0,made_fg(24),3,3,likely_contested,"subType: contested-like, text: pressure-move"
473,PT02M45.00S,4,1610612744,GSW,201939,Curry,S. Curry,6,21,2,Missed,1,0.0,0.0,0,h,MISS Curry 2' Layup,Missed Shot,Layup Shot,1,441,21600485,2715,8.0,made_fg(24),2,1,borderline,distance: at-rim/very close
520,PT00M13.80S,4,1610612744,GSW,201939,Curry,S. Curry,0,16,2,Made,1,121.0,111.0,232,h,Curry 2' Driving Finger Roll Layup (28 PTS),Made Shot,Driving Finger Roll Layup Shot,1,482,21600485,2867,5.0,final_ft(24),2,2,likely_contested,"distance: at-rim/very close, clock: late (<=5s)"
21,PT09M50.00S,1,1610612744,GSW,201939,Curry,S. Curry,225,65,0,Made,1,5.0,7.0,12,h,Curry  3PT Jump Shot (3 PTS) (Durant 2 AST),Made Shot,Jump Shot,1,21,21600501,130,16.0,def_reb(24),3,0,likely_open,"subType: open-like, distance: at-rim/very close"
30,PT07M58.00S,1,1610612744,GSW,201939,Curry,S. Curry,-181,237,30,Missed,1,0.0,0.0,0,h,MISS Curry 30' 3PT Jump Shot,Missed Shot,Jump Shot,1,29,21600501,242,14.0,def_reb(24),3,-2,likely_open,"subType: open-like, distance: deep above-break 3 (>=27ft)"
34,PT07M31.00S,1,1610612744,GSW,201939,Curry,S. Curry,2,7,1,Made,1,11.0,10.0,21,h,Curry 1' Driving Finger Roll Layup (5 PTS) (Durant 3 AST),Made Shot,Driving Finger Roll Layup Shot,1,34,21600501,269,9.0,keep_clock(23),2,1,borderline,distance: at-rim/very close
69,PT04M02.00S,1,1610612744,GSW,201939,Curry,S. Curry,151,218,27,Made,1,23.0,22.0,45,h,Curry 27' 3PT Jump Shot (8 PTS) (Green 3 AST),Made Shot,Jump Shot,1,68,21600501,478,16.0,final_ft(24),3,-2,likely_open,"subType: open-like, distance: deep above-break 3 (>=27ft)"
83,PT02M43.00S,1,1610612744,GSW,201939,Curry,S. Curry,50,257,26,Missed,1,0.0,0.0,0,h,MISS Curry 26' 3PT Pullup Jump Shot,Missed Shot,Pullup Jump shot,1,80,21600501,557,7.0,def_reb(24),3,3,likely_contested,"subType: contested-like, text: pressure-move"
87,PT02M06.00S,1,1610612744,GSW,201939,Curry,S. Curry,-20,19,3,Missed,1,0.0,0.0,0,h,MISS Curry 3' Driving Layup,Missed Shot,Driving Layup Shot,1,84,21600501,594,6.0,def_reb(24),2,3,likely_contested,"subType: contested-like, distance: at-rim/very close"
105,PT00M43.50S,1,1610612744,GSW,201939,Curry,S. Curry,-214,33,22,Made,1,29.0,29.0,58,h,Curry 22' Jump Shot (10 PTS) (Durant 4 AST),Made Shot,Jump Shot,1,101,21600501,677,17.0,turnover(24),2,-1,likely_open,subType: open-like
214,PT02M13.00S,2,1610612744,GSW,201939,Curry,S. Curry,-4,23,2,Missed,1,0.0,0.0,0,h,MISS Curry 2' Running Layup,Missed Shot,Running Layup Shot,1,199,21600501,1307,8.0,made_fg(24),2,3,likely_contested,"subType: contested-like, distance: at-rim/very close"
242,PT11M18.00S,3,1610612744,GSW,201939,Curry,S. Curry,205,149,25,Made,1,62.0,48.0,110,h,Curry 25' 3PT Running Jump Shot (14 PTS) (Green 4 AST),Made Shot,Running Jump Shot,1,226,21600501,1482,18.0,turnover(24),3,-1,likely_open,subType: open-like
254,PT08M54.00S,3,1610612744,GSW,201939,Curry,S. Curry,10,23,3,Missed,1,0.0,0.0,0,h,MISS Curry 3' Layup,Missed Shot,Layup Shot,1,239,21600501,1626,10.0,turnover(24),2,1,borderline,distance: at-rim/very close
317,PT01M47.00S,3,1610612744,GSW,201939,Curry,S. Curry,69,248,26,Missed,1,0.0,0.0,0,h,MISS Curry 26' 3PT Jump Shot,Missed Shot,Jump Shot,1,297,21600501,2053,19.0,def_reb(24),3,-1,likely_open,subType: open-like
323,PT01M11.00S,3,1610612744,GSW,201939,Curry,S. Curry,153,31,16,Missed,1,0.0,0.0,0,h,MISS Curry 16' Turnaround Fadeaway Shot,Missed Shot,Turnaround Fadeaway shot,1,308,21600501,2089,4.0,made_fg(24),2,5,likely_contested,"subType: contested-like, text: pressure-move, distance: mid-range, clock: late (<=5s)"
52,PT06M14.00S,1,1610612744,GSW,201939,Curry,S. Curry,-166,193,25,Made,1,19.0,15.0,34,h,Curry 25' 3PT Jump Shot (3 PTS) (Green 4 AST),Made Shot,Jump Shot,1,48,21600520,346,12.0,turnover(24),3,-1,likely_open,subType: open-like
93,PT02M24.00S,1,1610612744,GSW,201939,Curry,S. Curry,17,11,2,Missed,1,0.0,0.0,0,h,MISS Curry 2' Driving Finger Roll Layup,Missed Shot,Driving Finger Roll Layup Shot,1,89,21600520,576,5.0,made_fg(24),2,2,likely_contested,"distance: at-rim/very close, clock: late (<=5s)"
112,PT00M53.40S,1,1610612744,GSW,201939,Curry,S. Curry,1,11,1,Made,1,32.0,31.0,63,h,Curry 1' Driving Layup (5 PTS),Made Shot,Driving Layup Shot,1,106,21600520,667,18.0,made_fg(24),2,3,likely_contested,"subType: contested-like, distance: at-rim/very close"
117,PT00M27.90S,1,1610612744,GSW,201939,Curry,S. Curry,-181,203,27,Missed,1,0.0,0.0,0,h,MISS Curry 27' 3PT Pullup Jump Shot,Missed Shot,Pullup Jump shot,1,111,21600520,693,18.0,turnover(24),3,2,likely_contested,"subType: contested-like, text: pressure-move, distance: deep above-break 3 (>=27ft)"
198,PT05M16.00S,2,1610612744,GSW,201939,Curry,S. Curry,115,174,21,Made,1,53.0,52.0,105,h,Curry 21' Pullup Jump Shot (8 PTS) (Green 6 AST),Made Shot,Pullup Jump shot,1,183,21600520,1124,6.0,def_reb(24),2,3,likely_contested,"subType: contested-like, text: pressure-move"
201,PT04M54.00S,2,1610612744,GSW,201939,Curry,S. Curry,-61,332,34,Made,1,56.0,52.0,108,h,Curry 34' 3PT Pullup Jump Shot (11 PTS),Made Shot,Pullup Jump shot,1,186,21600520,1146,19.0,def_reb(24),3,2,likely_contested,"subType: contested-like, text: pressure-move, distance: deep above-break 3 (>=27ft)"
224,PT03M06.00S,2,1610612744,GSW,201939,Curry,S. Curry,-53,273,28,Missed,1,0.0,0.0,0,h,MISS Curry 28' 3PT Jump Shot,Missed Shot,Jump Shot,1,209,21600520,1254,14.0,final_ft(24),3,-2,likely_open,"subType: open-like, distance: deep above-break 3 (>=27ft)"
242,PT01M11.00S,2,1610612744,GSW,201939,Curry,S. Curry,4,26,3,Missed,1,0.0,0.0,0,h,MISS Curry 3' Driving Hook Shot,Missed Shot,Driving Hook Shot,1,226,21600520,1369,16.0,def_reb(24),2,3,likely_contested,"subType: contested-like, distance: at-rim/very close"
261,PT11M27.00S,3,1610612744,GSW,201939,Curry,S. Curry,120,151,19,Made,1,70.0,66.0,136,h,Curry 19' Pullup Jump Shot (13 PTS),Made Shot,Pullup Jump shot,1,245,21600520,1473,7.0,made_fg(24),2,3,likely_contested,"subType: contested-like, text: pressure-move"
291,PT08M35.00S,3,1610612744,GSW,201939,Curry,S. Curry,140,134,19,Missed,1,0.0,0.0,0,h,MISS Curry 19' Jump Shot,Missed Shot,Jump Shot,1,270,21600520,1645,13.0,final_ft(24),2,-1,likely_open,subType: open-like
307,PT07M28.00S,3,1610612744,GSW,201939,Curry,S. Curry,56,288,29,Missed,1,0.0,0.0,0,h,MISS Curry 29' 3PT Step Back Jump Shot,Missed Shot,Step Back Jump shot,1,281,21600520,1712,,stale_reset(24),3,2,likely_contested,"subType: contested-like, text: pressure-move, distance: deep above-break 3 (>=27ft)"
328,PT05M25.00S,3,1610612744,GSW,201939,Curry,S. Curry,-9,264,26,Missed,1,0.0,0.0,0,h,MISS Curry 26' 3PT Jump Shot,Missed Shot,Jump Shot,1,301,21600520,1835,7.0,made_fg(24),3,-1,likely_open,subType: open-like
354,PT03M06.00S,3,1610612744,GSW,201939,Curry,S. Curry,1,18,2,Made,1,88.0,80.0,168,h,Curry 2' Driving Reverse Layup (15 PTS) (Green 11 AST),Made Shot,Driving Reverse Layup Shot,1,326,21600520,1974,13.0,made_fg(24),2,3,likely_contested,"subType: contested-like, distance: at-rim/very close"
364,PT02M10.00S,3,1610612744,GSW,201939,Curry,S. Curry,27,298,30,Missed,1,0.0,0.0,0,h,MISS Curry 30' 3PT Jump Shot,Missed Shot,Jump Shot,1,342,21600520,2030,14.0,turnover(24),3,-2,likely_open,"subType: open-like, distance: deep above-break 3 (>=27ft)"
381,PT00M59.20S,3,1610612744,GSW,201939,Curry,S. Curry,4,156,16,Made,1,92.0,80.0,172,h,Curry 16' Pullup Bank Shot (19 PTS),Made Shot,Pullup Bank shot,1,359,21600520,2101,9.0,def_reb(24),2,2,likely_contested,"text: pressure-move, distance: mid-range"
481,PT03M53.00S,4,1610612744,GSW,201939,Curry,S. Curry,141,259,29,Made,1,118.0,104.0,222,h,Curry 29' 3PT Pullup Jump Shot (22 PTS) (Green 13 AST),Made Shot,Pullup Jump shot,1,443,21600520,2647,3.0,made_fg(24),3,3,likely_contested,"subType: contested-like, text: pressure-move, distance: deep above-break 3 (>=27ft), clock: late (<=5s)"
510,PT01M47.00S,4,1610612744,GSW,201939,Curry,S. Curry,61,188,20,Missed,1,0.0,0.0,0,h,MISS Curry 20' Step Back Jump Shot,Missed Shot,Step Back Jump shot,1,469,21600520,2773,9.0,made_fg(24),2,3,likely_contested,"subType: contested-like, text: pressure-move"
524,PT00M29.90S,4,1610612744,GSW,201939,Curry,S. Curry,236,56,24,Missed,1,0.0,0.0,0,h,MISS Curry 24' 3PT Jump Shot,Missed Shot,Jump Shot,1,480,21600520,2851,6.0,keep_clock(19),3,-1,likely_open,subType: open-like
4,PT11M22.00S,1,1610612744,GSW,201939,Curry,S. Curry,-29,252,25,Made,1,3.0,0.0,3,h,Curry 25' 3PT Jump Shot (3 PTS) (Green 1 AST),Made Shot,Jump Shot,1,5,21600534,38,7.0,def_reb(24),3,-1,likely_open,subType: open-like
28,PT08M55.00S,1,1610612744,GSW,201939,Curry,S. Curry,22,282,28,Missed,1,0.0,0.0,0,h,MISS Curry 28' 3PT Jump Shot,Missed Shot,Jump Shot,1,29,21600534,185,19.0,def_reb(24),3,-2,likely_open,"subType: open-like, distance: deep above-break 3 (>=27ft)"
69,PT05M53.00S,1,1610612744,GSW,201939,Curry,S. Curry,-7,26,3,Made,1,24.0,18.0,42,h,Curry 3' Driving Finger Roll Layup (7 PTS),Made Shot,Driving Finger Roll Layup Shot,1,67,21600534,367,,stale_reset(16),2,1,borderline,distance: at-rim/very close
90,PT04M27.00S,1,1610612744,GSW,201939,Curry,S. Curry,63,239,25,Missed,1,0.0,0.0,0,h,MISS Curry 25' 3PT Jump Shot,Missed Shot,Jump Shot,1,83,21600534,453,,stale_reset(24),3,-1,likely_open,subType: open-like
135,PT00M55.90S,1,1610612744,GSW,201939,Curry,S. Curry,-109,244,27,Missed,1,0.0,0.0,0,h,MISS Curry 27' 3PT Jump Shot,Missed Shot,Jump Shot,1,122,21600534,665,16.0,off_foul(24),3,-2,likely_open,"subType: open-like, distance: deep above-break 3 (>=27ft)"
145,PT00M00.50S,1,1610612744,GSW,201939,Curry,S. Curry,140,704,72,Missed,1,0.0,0.0,0,h,MISS Curry 72' 3PT Jump Shot,Missed Shot,Jump Shot,1,131,21600534,720,23.0,made_fg(24),3,-2,likely_open,"subType: open-like, distance: deep above-break 3 (>=27ft)"
238,PT04M05.00S,2,1610612744,GSW,201939,Curry,S. Curry,102,228,25,Made,1,57.0,49.0,106,h,Curry 25' 3PT Jump Shot (12 PTS) (Green 6 AST),Made Shot,Jump Shot,1,216,21600534,1195,13.0,made_fg(24),3,-1,likely_open,subType: open-like
240,PT03M42.00S,2,1610612744,GSW,201939,Curry,S. Curry,37,200,20,Missed,1,0.0,0.0,0,h,MISS Curry 20' Jump Shot,Missed Shot,Jump Shot,1,218,21600534,1218,13.0,made_fg(24),2,-1,likely_open,subType: open-like
249,PT03M21.00S,2,1610612744,GSW,201939,Curry,S. Curry,-14,61,6,Made,1,59.0,54.0,113,h,Curry 6' Floating Jump Shot (14 PTS),Made Shot,Floating Jump shot,1,225,21600534,1239,10.0,final_ft(24),2,2,likely_contested,subType: contested-like
252,PT02M52.00S,2,1610612744,GSW,201939,Curry,S. Curry,-61,85,10,Missed,1,0.0,0.0,0,h,MISS Curry 10' Running Jump Shot,Missed Shot,Running Jump Shot,1,228,21600534,1268,11.0,made_fg(24),2,0,likely_open,"subType: open-like, distance: mid-range"
278,PT01M01.00S,2,1610612744,GSW,201939,Curry,S. Curry,-119,239,27,Missed,1,0.0,0.0,0,h,MISS Curry 27' 3PT Jump Shot,Missed Shot,Jump Shot,1,248,21600534,1379,11.0,made_fg(24),3,-2,likely_open,"subType: open-like, distance: deep above-break 3 (>=27ft)"
280,PT00M59.50S,2,1610612744,GSW,201939,Curry,S. Curry,-142,219,26,Missed,1,0.0,0.0,0,h,MISS Curry 26' 3PT Jump Shot,Missed Shot,Jump Shot,1,251,21600534,1381,13.0,off_reb(14),3,-1,likely_open,subType: open-like
292,PT00M05.80S,2,1610612744,GSW,201939,Curry,S. Curry,-4,26,3,Made,1,69.0,71.0,140,h,Curry 3' Running Finger Roll Layup (16 PTS),Made Shot,Running Finger Roll Layup Shot,1,261,21600534,1435,18.0,def_reb(24),2,1,borderline,distance: at-rim/very close
308,PT11M15.00S,3,1610612744,GSW,201939,Curry,S. Curry,87,159,18,Missed,1,0.0,0.0,0,h,MISS Curry 18' Floating Jump Shot,Missed Shot,Floating Jump shot,1,274,21600534,1485,8.0,off_reb(14),2,2,likely_contested,subType: contested-like
345,PT08M41.00S,3,1610612744,GSW,201939,Curry,S. Curry,148,254,29,Made,1,79.0,74.0,153,h,Curry 29' 3PT Jump Shot (19 PTS) (Green 9 AST),Made Shot,Jump Shot,1,304,21600534,1639,14.0,off_foul(24),3,-2,likely_open,"subType: open-like, distance: deep above-break 3 (>=27ft)"
348,PT08M18.00S,3,1610612744,GSW,201939,Curry,S. Curry,9,2,1,Made,1,81.0,74.0,155,h,Curry 1' Driving Reverse Layup (21 PTS),Made Shot,Driving Reverse Layup Shot,1,308,21600534,1662,14.0,def_reb(24),2,3,likely_contested,"subType: contested-like, distance: at-rim/very close"
409,PT04M25.00S,3,1610612744,GSW,201939,Curry,S. Curry,-1,82,8,Made,1,92.0,84.0,176,h,Curry 8' Floating Jump Shot (23 PTS),Made Shot,Floating Jump shot,1,356,21600534,1895,3.0,made_fg(24),2,4,likely_contested,"subType: contested-like, distance: mid-range, clock: late (<=5s)"
416,PT03M46.00S,3,1610612744,GSW,201939,Curry,S. Curry,223,21,0,Missed,1,0.0,0.0,0,h,MISS Curry  3PT Jump Shot,Missed Shot,Jump Shot,1,362,21600534,1934,7.0,def_violation_14(14),3,-1,likely_open,"subType: open-like, distance: at-rim/very close, coords: corner-3, corner: catch/spot"
418,PT03M40.00S,3,1610612744,GSW,201939,Curry,S. Curry,228,46,0,Made,1,95.0,85.0,180,h,Curry  3PT Jump Shot (26 PTS) (Durant 1 AST),Made Shot,Jump Shot,1,364,21600534,1940,9.0,off_reb(14),3,-1,likely_open,"subType: open-like, distance: at-rim/very close, coords: corner-3, corner: catch/spot"
442,PT02M01.00S,3,1610612744,GSW,201939,Curry,S. Curry,-11,97,10,Made,1,97.0,88.0,185,h,Curry 10' Jump Shot (28 PTS) (Durant 2 AST),Made Shot,Jump Shot,1,384,21600534,2039,11.0,made_fg(24),2,0,likely_open,"subType: open-like, distance: mid-range"
530,PT05M11.00S,4,1610612744,GSW,201939,Curry,S. Curry,1,129,13,Made,1,113.0,105.0,218,h,Curry 13' Jump Shot (30 PTS),Made Shot,Jump Shot,1,469,21600534,2569,1.0,off_reb(14),2,1,borderline,"subType: open-like, distance: mid-range, clock: late (<=5s)"
539,PT04M09.00S,4,1610612744,GSW,201939,Curry,S. Curry,-7,282,28,Missed,1,0.0,0.0,0,h,MISS Curry 28' 3PT Jump Shot,Missed Shot,Jump Shot,1,478,21600534,2631,17.0,turnover(24),3,-2,likely_open,"subType: open-like, distance: deep above-break 3 (>=27ft)"
547,PT03M09.00S,4,1610612744,GSW,201939,Curry,S. Curry,228,28,0,Made,1,118.0,107.0,225,h,Curry  3PT Jump Shot (33 PTS) (Durant 3 AST),Made Shot,Jump Shot,1,487,21600534,2691,10.0,def_reb(24),3,-1,likely_open,"subType: open-like, distance: at-rim/very close, coords: corner-3, corner: catch/spot"
566,PT01M37.00S,4,1610612744,GSW,201939,Curry,S. Curry,17,198,20,Missed,1,0.0,0.0,0,h,MISS Curry 20' Jump Shot,Missed Shot,Jump Shot,1,499,21600534,2783,9.0,made_fg(24),2,-1,likely_open,subType: open-like
579,PT00M31.90S,4,1610612744,GSW,201939,Curry,S. Curry,37,234,24,Missed,1,0.0,0.0,0,h,MISS Curry 24' Jump Shot,Missed Shot,Jump Shot,1,510,21600534,2849,8.0,def_reb(24),2,-1,likely_open,subType: open-like
7,PT10M56.00S,1,1610612744,GSW,201939,Curry,S. Curry,27,31,4,Made,1,4.0,2.0,6,h,Curry 4' Driving Hook Shot (2 PTS),Made Shot,Driving Hook Shot,1,8,21600550,64,12.0,made_fg(24),2,3,likely_contested,"subType: contested-like, distance: at-rim/very close"
14,PT10M11.00S,1,1610612744,GSW,201939,Curry,S. Curry,91,234,25,Missed,1,0.0,0.0,0,h,MISS Curry 25' 3PT Jump Shot,Missed Shot,Jump Shot,1,15,21600550,109,17.0,def_reb(24),3,-1,likely_open,subType: open-like
24,PT08M39.00S,1,1610612744,GSW,201939,Curry,S. Curry,4,11,1,Made,1,8.0,6.0,14,h,Curry 1' Cutting Layup Shot (4 PTS) (Pachulia 1 AST),Made Shot,Cutting Layup Shot,1,25,21600550,201,9.0,def_foul_14(14),2,1,borderline,distance: at-rim/very close
57,PT05M35.00S,1,1610612744,GSW,201939,Curry,S. Curry,10,11,1,Made,1,16.0,8.0,24,h,Curry 1' Driving Reverse Layup (6 PTS) (Green 1 AST),Made Shot,Driving Reverse Layup Shot,1,55,21600550,385,16.0,def_reb(24),2,3,likely_contested,"subType: contested-like, distance: at-rim/very close"
74,PT04M28.00S,1,1610612744,GSW,201939,Curry,S. Curry,10,18,2,Made,1,21.0,11.0,32,h,Curry 2' Running Layup (9 PTS),Made Shot,Running Layup Shot,1,68,21600550,452,16.0,def_reb(24),2,3,likely_contested,"subType: contested-like, distance: at-rim/very close"
84,PT03M33.00S,1,1610612744,GSW,201939,Curry,S. Curry,14,23,3,Made,1,23.0,13.0,36,h,Curry 3' Driving Layup (11 PTS),Made Shot,Driving Layup Shot,1,76,21600550,507,14.0,final_ft(24),2,3,likely_contested,"subType: contested-like, distance: at-rim/very close"
103,PT02M04.00S,1,1610612744,GSW,201939,Curry,S. Curry,73,116,14,Missed,1,0.0,0.0,0,h,MISS Curry 14' Jump Shot,Missed Shot,Jump Shot,1,94,21600550,596,15.0,def_reb(24),2,0,likely_open,"subType: open-like, distance: mid-range"
117,PT01M27.00S,1,1610612744,GSW,201939,Curry,S. Curry,-16,262,26,Made,1,29.0,20.0,49,h,Curry 26' 3PT Pullup Jump Shot (14 PTS),Made Shot,Pullup Jump shot,1,106,21600550,633,10.0,final_ft(24),3,3,likely_contested,"subType: contested-like, text: pressure-move"
218,PT03M53.00S,2,1610612744,GSW,201939,Curry,S. Curry,-106,139,17,Made,1,56.0,45.0,101,h,Curry 17' Step Back Jump Shot (19 PTS) (Livingston 2 AST),Made Shot,Step Back Jump shot,1,202,21600550,1207,5.0,made_fg(24),2,4,likely_contested,"subType: contested-like, text: pressure-move, clock: late (<=5s)"
223,PT02M58.00S,2,1610612744,GSW,201939,Curry,S. Curry,187,170,25,Missed,1,0.0,0.0,0,h,MISS Curry 25' 3PT Step Back Jump Shot,Missed Shot,Step Back Jump shot,1,207,21600550,1262,9.0,def_reb(24),3,3,likely_contested,"subType: contested-like, text: pressure-move"
279,PT11M00.00S,3,1610612744,GSW,201939,Curry,S. Curry,-38,164,17,Missed,1,0.0,0.0,0,h,MISS Curry 17' Jump Shot,Missed Shot,Jump Shot,1,259,21600550,1500,11.0,made_fg(24),2,-1,likely_open,subType: open-like
295,PT09M23.00S,3,1610612744,GSW,201939,Curry,S. Curry,101,237,26,Made,1,74.0,59.0,133,h,Curry 26' 3PT Pullup Jump Shot (22 PTS) (Green 4 AST),Made Shot,Pullup Jump shot,1,275,21600550,1597,8.0,turnover(24),3,3,likely_contested,"subType: contested-like, text: pressure-move"
300,PT08M06.00S,3,1610612744,GSW,201939,Curry,S. Curry,213,151,26,Made,1,79.0,62.0,141,h,Curry 26' 3PT Pullup Jump Shot (25 PTS) (Durant 2 AST),Made Shot,Pullup Jump shot,1,280,21600550,1674,12.0,def_reb(24),3,3,likely_contested,"subType: contested-like, text: pressure-move"
313,PT06M34.00S,3,1610612744,GSW,201939,Curry,S. Curry,207,183,28,Made,1,84.0,64.0,148,h,Curry 28' 3PT Pullup Jump Shot (28 PTS) (Durant 3 AST),Made Shot,Pullup Jump shot,1,291,21600550,1766,9.0,def_reb(24),3,2,likely_contested,"subType: contested-like, text: pressure-move, distance: deep above-break 3 (>=27ft)"
329,PT05M16.00S,3,1610612744,GSW,201939,Curry,S. Curry,120,232,26,Made,1,87.0,64.0,151,h,Curry 26' 3PT Running Jump Shot (31 PTS),Made Shot,Running Jump Shot,1,306,21600550,1844,18.0,def_reb(24),3,-1,likely_open,subType: open-like
335,PT04M52.00S,3,1610612744,GSW,201939,Curry,S. Curry,1,8,1,Made,1,90.0,66.0,156,h,Curry 1' Running Finger Roll Layup (34 PTS),Made Shot,Running Finger Roll Layup Shot,1,311,21600550,1868,15.0,made_fg(24),2,1,borderline,distance: at-rim/very close
337,PT04M28.00S,3,1610612744,GSW,201939,Curry,S. Curry,166,234,29,Missed,1,0.0,0.0,0,h,MISS Curry 29' 3PT Jump Shot,Missed Shot,Jump Shot,1,313,21600550,1892,16.0,made_fg(24),3,-2,likely_open,"subType: open-like, distance: deep above-break 3 (>=27ft)"
360,PT02M50.00S,3,1610612744,GSW,201939,Curry,S. Curry,2,7,1,Missed,1,0.0,0.0,0,h,MISS Curry 1' Running Layup,Missed Shot,Running Layup Shot,1,332,21600550,1990,19.0,def_reb(24),2,3,likely_contested,"subType: contested-like, distance: at-rim/very close"
383,PT00M04.20S,3,1610612744,GSW,201939,Curry,S. Curry,59,121,13,Made,1,98.0,79.0,177,h,Curry 13' Floating Jump Shot (36 PTS),Made Shot,Floating Jump shot,1,356,21600550,2156,14.0,made_fg(24),2,3,likely_contested,"subType: contested-like, distance: mid-range"
479,PT05M14.00S,4,1610612744,GSW,201939,Curry,S. Curry,166,214,27,Missed,1,0.0,0.0,0,h,MISS Curry 27' 3PT Jump Shot,Missed Shot,Jump Shot,1,438,21600550,2566,11.0,made_fg(24),3,-2,likely_open,"subType: open-like, distance: deep above-break 3 (>=27ft)"
515,PT03M14.00S,4,1610612744,GSW,201939,Curry,S. Curry,-6,106,11,Made,1,108.0,104.0,212,h,Curry 11' Pullup Jump Shot (38 PTS),Made Shot,Pullup Jump shot,1,467,21600550,2686,10.0,final_ft(24),2,4,likely_contested,"subType: contested-like, text: pressure-move, distance: mid-range"
539,PT01M20.00S,4,1610612744,GSW,201939,Curry,S. Curry,-43,46,6,Made,1,111.0,107.0,218,h,Curry 6' Driving Bank Shot (40 PTS),Made Shot,Driving Bank shot,1,485,21600550,2800,7.0,turnover(24),2,0,likely_open,
543,PT00M41.90S,4,1610612744,GSW,201939,Curry,S. Curry,97,242,26,Missed,1,0.0,0.0,0,h,MISS Curry 26' 3PT Pullup Jump Shot,Missed Shot,Pullup Jump shot,1,489,21600550,2839,2.0,made_fg(24),3,4,likely_contested,"subType: contested-like, text: pressure-move, clock: late (<=5s)"
557,PT00M00.90S,4,1610612744,GSW,201939,Curry,S. Curry,177,301,35,Missed,1,0.0,0.0,0,h,MISS Curry 35' 3PT Jump Shot,Missed Shot,Jump Shot,1,499,21600550,2880,16.0,made_fg(24),3,-2,likely_open,"subType: open-like, distance: deep above-break 3 (>=27ft)"
573,PT02M56.00S,5,1610612744,GSW,201939,Curry,S. Curry,120,228,26,Missed,1,0.0,0.0,0,h,MISS Curry 26' 3PT Jump Shot,Missed Shot,Jump Shot,1,512,21600550,3004,2.0,made_fg(24),3,0,likely_open,"subType: open-like, clock: late (<=5s)"
594,PT00M43.50S,5,1610612744,GSW,201939,Curry,S. Curry,-9,18,2,Missed,1,0.0,0.0,0,h,MISS Curry 2' Layup,Missed Shot,Layup Shot,1,530,21600550,3137,12.0,made_fg(24),2,1,borderline,distance: at-rim/very close
617,PT00M12.00S,5,1610612744,GSW,201939,Curry,S. Curry,176,232,29,Missed,1,0.0,0.0,0,h,MISS Curry 29' 3PT Jump Shot,Missed Shot,Jump Shot,1,546,21600550,3168,21.0,final_ft(24),3,-2,likely_open,"subType: open-like, distance: deep above-break 3 (>=27ft)"
27,PT08M38.00S,1,1610612744,GSW,201939,Curry,S. Curry,-140,219,26,Made,1,12.0,9.0,21,v,Curry 26' 3PT Jump Shot (3 PTS) (Green 2 AST),Made Shot,Jump Shot,1,30,21600566,202,18.0,def_reb(24),3,-1,likely_open,subType: open-like
32,PT07M47.00S,1,1610612744,GSW,201939,Curry,S. Curry,204,156,26,Missed,1,0.0,0.0,0,v,MISS Curry 26' 3PT Jump Shot,Missed Shot,Jump Shot,1,35,21600566,253,11.0,turnover(24),3,-1,likely_open,subType: open-like
42,PT06M38.00S,1,1610612744,GSW,201939,Curry,S. Curry,-205,144,25,Made,1,15.0,14.0,29,v,Curry 25' 3PT Jump Shot (6 PTS) (Green 3 AST),Made Shot,Jump Shot,1,45,21600566,322,13.0,def_reb(24),3,-1,likely_open,subType: open-like
44,PT06M08.00S,1,1610612744,GSW,201939,Curry,S. Curry,66,65,9,Missed,1,0.0,0.0,0,v,MISS Curry 9' Floating Jump Shot,Missed Shot,Floating Jump shot,1,47,21600566,352,9.0,made_fg(24),2,3,likely_contested,"subType: contested-like, distance: mid-range"
82,PT03M30.00S,1,1610612744,GSW,201939,Curry,S. Curry,168,-1,17,Made,1,26.0,22.0,48,v,Curry 17' Jump Shot (8 PTS) (Iguodala 1 AST),Made Shot,Jump Shot,1,80,21600566,510,14.0,def_reb(24),2,-1,likely_open,subType: open-like
84,PT02M54.00S,1,1610612744,GSW,201939,Curry,S. Curry,143,3,14,Missed,1,0.0,0.0,0,v,MISS Curry 14' Running Jump Shot,Missed Shot,Running Jump Shot,1,82,21600566,546,12.0,made_fg(24),2,0,likely_open,"subType: open-like, distance: mid-range"
110,PT01M02.00S,1,1610612744,GSW,201939,Curry,S. Curry,235,7,24,Missed,1,0.0,0.0,0,v,MISS Curry 24' 3PT Jump Shot,Missed Shot,Jump Shot,1,102,21600566,658,10.0,def_reb(24),3,-2,likely_open,"subType: open-like, coords: corner-3, corner: catch/spot"
118,PT00M02.90S,1,1610612744,GSW,201939,Curry,S. Curry,176,38,18,Missed,1,0.0,0.0,0,v,MISS Curry 18' Jump Shot,Missed Shot,Jump Shot,1,110,21600566,718,3.0,def_reb(24),2,0,likely_open,"subType: open-like, clock: late (<=5s)"
163,PT07M06.00S,2,1610612744,GSW,201939,Curry,S. Curry,48,237,24,Missed,1,0.0,0.0,0,v,MISS Curry 24' 3PT Jump Shot,Missed Shot,Jump Shot,1,156,21600566,1014,18.0,def_reb(24),3,-1,likely_open,subType: open-like
205,PT03M00.00S,2,1610612744,GSW,201939,Curry,S. Curry,4,2,0,Made,1,54.0,46.0,100,v,Curry  Running Finger Roll Layup (11 PTS),Made Shot,Running Finger Roll Layup Shot,1,196,21600566,1260,21.0,turnover(24),2,1,borderline,distance: at-rim/very close
281,PT09M16.00S,3,1610612744,GSW,201939,Curry,S. Curry,15,11,2,Made,1,64.0,61.0,125,v,Curry 2' Layup (15 PTS) (Durant 2 AST),Made Shot,Layup Shot,1,260,21600566,1604,21.0,def_reb(24),2,1,borderline,distance: at-rim/very close
299,PT08M21.00S,3,1610612744,GSW,201939,Curry,S. Curry,148,144,21,Missed,1,0.0,0.0,0,v,MISS Curry 21' Pullup Jump Shot,Missed Shot,Pullup Jump shot,1,275,21600566,1659,16.0,final_ft(24),2,3,likely_contested,"subType: contested-like, text: pressure-move"
306,PT07M35.00S,3,1610612744,GSW,201939,Curry,S. Curry,-34,244,25,Made,1,65.0,68.0,133,v,Curry 25' 3PT Pullup Jump Shot (18 PTS) (Durant 3 AST),Made Shot,Pullup Jump shot,1,283,21600566,1705,20.0,def_reb(24),3,3,likely_contested,"subType: contested-like, text: pressure-move"
341,PT03M52.00S,3,1610612744,GSW,201939,Curry,S. Curry,137,223,26,Made,1,72.0,82.0,154,v,Curry 26' 3PT Jump Shot (21 PTS) (Iguodala 4 AST),Made Shot,Jump Shot,1,316,21600566,1928,12.0,final_ft(24),3,-1,likely_open,subType: open-like
348,PT03M01.00S,3,1610612744,GSW,201939,Curry,S. Curry,-2,21,2,Made,1,72.0,84.0,156,v,Curry 2' Running Layup (23 PTS) (Pachulia 2 AST),Made Shot,Running Layup Shot,1,324,21600566,1979,21.0,def_reb(24),2,3,likely_contested,"subType: contested-like, distance: at-rim/very close"
360,PT02M31.00S,3,1610612744,GSW,201939,Curry,S. Curry,-227,18,0,Missed,1,0.0,0.0,0,v,MISS Curry  3PT Jump Shot,Missed Shot,Jump Shot,1,333,21600566,2009,9.0,def_reb(24),3,-1,likely_open,"subType: open-like, distance: at-rim/very close, coords: corner-3, corner: catch/spot"
369,PT01M59.00S,3,1610612744,GSW,201939,Curry,S. Curry,24,8,3,Made,1,75.0,86.0,161,v,Curry 3' Driving Layup (25 PTS),Made Shot,Driving Layup Shot,1,340,21600566,2041,11.0,final_ft(24),2,3,likely_contested,"subType: contested-like, distance: at-rim/very close"
435,PT07M15.00S,4,1610612744,GSW,201939,Curry,S. Curry,-78,156,17,Missed,1,0.0,0.0,0,v,MISS Curry 17' Jump Shot,Missed Shot,Jump Shot,1,402,21600566,2445,0.0,def_foul_14(14),2,0,likely_open,"subType: open-like, clock: late (<=5s)"
475,PT04M23.00S,4,1610612744,GSW,201939,Curry,S. Curry,16,222,22,Made,1,89.0,99.0,188,v,Curry 22' Jump Shot (27 PTS),Made Shot,Jump Shot,1,436,21600566,2617,5.0,off_reb(14),2,0,likely_open,"subType: open-like, clock: late (<=5s)"
477,PT04M01.00S,4,1610612744,GSW,201939,Curry,S. Curry,-168,178,24,Missed,1,0.0,0.0,0,v,MISS Curry 24' 3PT Jump Shot,Missed Shot,Jump Shot,1,439,21600566,2639,16.0,turnover(24),3,-1,likely_open,subType: open-like
513,PT01M52.00S,4,1610612744,GSW,201939,Curry,S. Curry,-225,11,0,Made,1,95.0,112.0,207,v,Curry  3PT Jump Shot (30 PTS) (Thompson 2 AST),Made Shot,Jump Shot,1,468,21600566,2768,4.0,made_fg(24),3,0,likely_open,"subType: open-like, distance: at-rim/very close, coords: corner-3, corner: catch/spot, clock: late (<=5s)"
515,PT01M37.00S,4,1610612744,GSW,201939,Curry,S. Curry,2,257,26,Missed,1,0.0,0.0,0,v,MISS Curry 26' 3PT Jump Shot,Missed Shot,Jump Shot,1,470,21600566,2783,14.0,made_fg(24),3,-1,likely_open,subType: open-like
7,PT10M52.00S,1,1610612744,GSW,201939,Curry,S. Curry,-233,8,0,Missed,1,,,0,h,MISS Curry 3PT Jump Shot,Missed Shot,Jump Shot,1,9,21600578,68,,stale_reset(24),3,-1,likely_open,"subType: open-like, distance: at-rim/very close, coords: corner-3, corner: catch/spot"
17,PT10M00.00S,1,1610612744,GSW,201939,Curry,S. Curry,-4,208,21,Made,1,4.0,5.0,9,h,Curry 21' Pullup Jump Shot (2 PTS),Made Shot,Pullup Jump shot,1,18,21600578,120,13.0,made_fg(24),2,3,likely_contested,"subType: contested-like, text: pressure-move"
23,PT09M20.00S,1,1610612744,GSW,201939,Curry,S. Curry,-217,126,25,Missed,1,,,0,h,MISS Curry 25' 3PT Jump Shot,Missed Shot,Jump Shot,1,24,21600578,160,6.0,off_reb(14),3,-1,likely_open,subType: open-like
33,PT08M10.00S,1,1610612744,GSW,201939,Curry,S. Curry,10,23,3,Missed,1,,,0,h,MISS Curry 3' Layup,Missed Shot,Layup Shot,1,34,21600578,230,8.0,def_reb(24),2,1,borderline,distance: at-rim/very close
39,PT07M52.00S,1,1610612744,GSW,201939,Curry,S. Curry,-210,164,27,Made,1,9.0,10.0,19,h,Curry 27' 3PT Running Jump Shot (5 PTS) (Green 1 AST),Made Shot,Running Jump Shot,1,41,21600578,248,19.0,def_reb(24),3,-2,likely_open,"subType: open-like, distance: deep above-break 3 (>=27ft)"
87,PT02M23.00S,1,1610612744,GSW,201939,Curry,S. Curry,-117,287,31,Made,1,20.0,25.0,45,h,Curry 31' 3PT Running Jump Shot (8 PTS),Made Shot,Running Jump Shot,1,88,21600578,577,18.0,def_reb(24),3,-2,likely_open,"subType: open-like, distance: deep above-break 3 (>=27ft)"
191,PT05M02.00S,2,1610612744,GSW,201939,Curry,S. Curry,15,16,2,Missed,1,,,0,h,MISS Curry 2' Layup,Missed Shot,Layup Shot,1,185,21600578,1138,5.0,def_reb(24),2,2,likely_contested,"distance: at-rim/very close, clock: late (<=5s)"
201,PT04M03.00S,2,1610612744,GSW,201939,Curry,S. Curry,-74,237,25,Made,1,48.0,42.0,90,h,Curry 25' 3PT Jump Shot (13 PTS),Made Shot,Jump Shot,1,195,21600578,1197,10.0,keep_clock(17),3,-1,likely_open,subType: open-like
206,PT03M00.00S,2,1610612744,GSW,201939,Curry,S. Curry,97,257,27,Missed,1,,,0,h,MISS Curry 27' 3PT Jump Shot,Missed Shot,Jump Shot,1,200,21600578,1260,12.0,made_fg(24),3,-2,likely_open,"subType: open-like, distance: deep above-break 3 (>=27ft)"
224,PT01M37.00S,2,1610612744,GSW,201939,Curry,S. Curry,-19,38,4,Missed,1,,,0,h,MISS Curry 4' Hook Shot,Missed Shot,Hook Shot,1,216,21600578,1343,11.0,def_reb(24),2,3,likely_contested,"subType: contested-like, distance: at-rim/very close"
241,PT00M38.80S,2,1610612744,GSW,201939,Curry,S. Curry,58,178,19,Made,1,51.0,51.0,102,h,Curry 19' Pullup Jump Shot (15 PTS),Made Shot,Pullup Jump shot,1,232,21600578,1402,17.0,made_fg(24),2,3,likely_contested,"subType: contested-like, text: pressure-move"
276,PT11M26.00S,3,1610612744,GSW,201939,Curry,S. Curry,61,174,18,Made,1,58.0,54.0,112,h,Curry 18' Jump Shot (17 PTS) (Pachulia 2 AST),Made Shot,Jump Shot,1,258,21600578,1474,13.0,off_foul(24),2,-1,likely_open,subType: open-like
282,PT10M40.00S,3,1610612744,GSW,201939,Curry,S. Curry,-142,218,26,Missed,1,,,0,h,MISS Curry 26' 3PT Jump Shot,Missed Shot,Jump Shot,1,265,21600578,1520,19.0,def_reb(24),3,-1,likely_open,subType: open-like
290,PT09M33.00S,3,1610612744,GSW,201939,Curry,S. Curry,110,154,19,Missed,1,,,0,h,MISS Curry 19' Jump Shot,Missed Shot,Jump Shot,1,271,21600578,1587,11.0,turnover(24),2,-1,likely_open,subType: open-like
301,PT08M21.00S,3,1610612744,GSW,201939,Curry,S. Curry,-166,21,17,Missed,1,,,0,h,MISS Curry 17' Jump Shot,Missed Shot,Jump Shot,1,283,21600578,1659,12.0,def_reb(24),2,-1,likely_open,subType: open-like
319,PT05M39.00S,3,1610612744,GSW,201939,Curry,S. Curry,19,272,27,Missed,1,,,0,h,MISS Curry 27' 3PT Step Back Jump Shot,Missed Shot,Step Back Jump shot,1,304,21600578,1821,18.0,def_reb(24),3,2,likely_contested,"subType: contested-like, text: pressure-move, distance: deep above-break 3 (>=27ft)"
346,PT04M07.00S,3,1610612744,GSW,201939,Curry,S. Curry,-11,26,3,Missed,1,,,0,h,MISS Curry 3' Driving Finger Roll Layup,Missed Shot,Driving Finger Roll Layup Shot,1,325,21600578,1913,9.0,final_ft(24),2,1,borderline,distance: at-rim/very close
368,PT02M12.00S,3,1610612744,GSW,201939,Curry,S. Curry,199,154,25,Missed,1,,,0,h,MISS Curry 25' 3PT Step Back Jump Shot,Missed Shot,Step Back Jump shot,1,346,21600578,2028,2.0,def_foul_14(14),3,4,likely_contested,"subType: contested-like, text: pressure-move, clock: late (<=5s)"
479,PT03M13.00S,4,1610612744,GSW,201939,Curry,S. Curry,-176,228,29,Made,1,96.0,86.0,182,h,Curry 29' 3PT Step Back Jump Shot (22 PTS),Made Shot,Step Back Jump shot,1,443,21600578,2687,16.0,def_reb(24),3,2,likely_contested,"subType: contested-like, text: pressure-move, distance: deep above-break 3 (>=27ft)"
484,PT02M29.00S,4,1610612744,GSW,201939,Curry,S. Curry,182,193,27,Missed,1,,,0,h,MISS Curry 27' 3PT Jump Shot,Missed Shot,Jump Shot,1,449,21600578,2731,13.0,made_fg(24),3,-2,likely_open,"subType: open-like, distance: deep above-break 3 (>=27ft)"
496,PT01M18.00S,4,1610612744,GSW,201939,Curry,S. Curry,12,13,2,Made,1,100.0,89.0,189,h,Curry 2' Driving Finger Roll Layup (24 PTS),Made Shot,Driving Finger Roll Layup Shot,1,460,21600578,2802,7.0,def_reb(24),2,1,borderline,distance: at-rim/very close
11,PT10M45.00S,1,1610612744,GSW,201939,Curry,S. Curry,-83,178,20,Made,1,2.0,2.0,4,h,Curry 20' Jump Shot (2 PTS) (Green 1 AST),Made Shot,Jump Shot,1,15,21600590,75,15.0,def_reb(24),2,-1,likely_open,subType: open-like
28,PT08M17.00S,1,1610612744,GSW,201939,Curry,S. Curry,56,203,21,Made,1,10.0,11.0,21,h,Curry 21' Fadeaway Jumper (4 PTS),Made Shot,Fadeaway Jump Shot,1,30,21600590,223,4.0,made_fg(24),2,4,likely_contested,"subType: contested-like, text: pressure-move, clock: late (<=5s)"
35,PT07M53.00S,1,1610612744,GSW,201939,Curry,S. Curry,-78,252,26,Made,1,13.0,11.0,24,h,Curry 26' 3PT Running Jump Shot (7 PTS),Made Shot,Running Jump Shot,1,35,21600590,247,18.0,def_reb(24),3,-1,likely_open,subType: open-like
59,PT04M58.00S,1,1610612744,GSW,201939,Curry,S. Curry,-73,203,22,Made,1,22.0,22.0,44,h,Curry 22' Pullup Jump Shot (9 PTS),Made Shot,Pullup Jump shot,1,57,21600590,422,12.0,made_fg(24),2,3,likely_contested,"subType: contested-like, text: pressure-move"
65,PT04M28.00S,1,1610612744,GSW,201939,Curry,S. Curry,-210,190,28,Made,1,25.0,22.0,47,h,Curry 28' 3PT Running Jump Shot (12 PTS) (Durant 2 AST),Made Shot,Running Jump Shot,1,63,21600590,452,17.0,def_reb(24),3,-2,likely_open,"subType: open-like, distance: deep above-break 3 (>=27ft)"
90,PT01M32.00S,1,1610612744,GSW,201939,Curry,S. Curry,-207,165,26,Missed,1,0.0,0.0,0,h,MISS Curry 26' 3PT Jump Shot,Missed Shot,Jump Shot,1,90,21600590,628,13.0,final_ft(24),3,-1,likely_open,subType: open-like
105,PT00M53.50S,1,1610612744,GSW,201939,Curry,S. Curry,0,164,16,Made,1,31.0,30.0,61,h,Curry 16' Pullup Jump Shot (14 PTS),Made Shot,Pullup Jump shot,1,104,21600590,667,10.0,keep_clock(15),2,4,likely_contested,"subType: contested-like, text: pressure-move, distance: mid-range"
193,PT04M57.00S,2,1610612744,GSW,201939,Curry,S. Curry,-35,254,26,Missed,1,0.0,0.0,0,h,MISS Curry 26' 3PT Running Jump Shot,Missed Shot,Running Jump Shot,1,192,21600590,1143,18.0,turnover(24),3,-1,likely_open,subType: open-like
196,PT04M42.00S,2,1610612744,GSW,201939,Curry,S. Curry,9,11,1,Made,1,45.0,44.0,89,h,Curry 1' Running Layup (16 PTS) (Durant 4 AST),Made Shot,Running Layup Shot,1,196,21600590,1158,18.0,turnover(24),2,3,likely_contested,"subType: contested-like, distance: at-rim/very close"
218,PT02M10.00S,2,1610612744,GSW,201939,Curry,S. Curry,-17,244,24,Missed,1,0.0,0.0,0,h,MISS Curry 24' 3PT Pullup Jump Shot,Missed Shot,Pullup Jump shot,1,215,21600590,1310,14.0,final_ft(24),3,3,likely_contested,"subType: contested-like, text: pressure-move"
236,PT00M04.80S,2,1610612744,GSW,201939,Curry,S. Curry,2,16,2,Made,1,59.0,58.0,117,h,Curry 2' Driving Layup (18 PTS),Made Shot,Driving Layup Shot,1,233,21600590,1436,6.0,made_fg(24),2,3,likely_contested,"subType: contested-like, distance: at-rim/very close"
255,PT11M18.00S,3,1610612744,GSW,201939,Curry,S. Curry,14,13,2,Missed,1,0.0,0.0,0,h,MISS Curry 2' Running Layup,Missed Shot,Running Layup Shot,1,249,21600590,1482,17.0,def_reb(24),2,3,likely_contested,"subType: contested-like, distance: at-rim/very close"
304,PT06M49.00S,3,1610612744,GSW,201939,Curry,S. Curry,-160,214,27,Missed,1,0.0,0.0,0,h,MISS Curry 27' 3PT Jump Shot,Missed Shot,Jump Shot,1,296,21600590,1751,19.0,turnover(24),3,-2,likely_open,"subType: open-like, distance: deep above-break 3 (>=27ft)"
328,PT04M56.00S,3,1610612744,GSW,201939,Curry,S. Curry,179,193,26,Missed,1,0.0,0.0,0,h,MISS Curry 26' 3PT Jump Shot,Missed Shot,Jump Shot,1,316,21600590,1864,12.0,def_reb(24),3,-1,likely_open,subType: open-like
345,PT02M56.00S,3,1610612744,GSW,201939,Curry,S. Curry,9,13,2,Missed,1,0.0,0.0,0,h,MISS Curry 2' Driving Finger Roll Layup,Missed Shot,Driving Finger Roll Layup Shot,1,332,21600590,1984,7.0,made_fg(24),2,1,borderline,distance: at-rim/very close
354,PT02M03.00S,3,1610612744,GSW,201939,Curry,S. Curry,-143,218,26,Missed,1,0.0,0.0,0,h,MISS Curry 26' 3PT Jump Shot,Missed Shot,Jump Shot,1,341,21600590,2037,17.0,def_reb(24),3,-1,likely_open,subType: open-like
375,PT00M48.80S,3,1610612744,GSW,201939,Curry,S. Curry,-107,232,26,Made,1,98.0,75.0,173,h,Curry 26' 3PT Pullup Jump Shot (24 PTS),Made Shot,Pullup Jump shot,1,355,21600590,2112,15.0,turnover(24),3,3,likely_contested,"subType: contested-like, text: pressure-move"
2,PT11M41.00S,1,1610612744,GSW,201939,Curry,S. Curry,-20,16,3,Made,1,2.0,0.0,2,h,Curry 3' Finger Roll Layup (2 PTS) (Green 1 AST),Made Shot,Finger Roll Layup Shot,1,3,21600619,19,5.0,jumpball(24),2,2,likely_contested,"distance: at-rim/very close, clock: late (<=5s)"
7,PT10M56.00S,1,1610612744,GSW,201939,Curry,S. Curry,-19,301,30,Missed,1,0.0,0.0,0,h,MISS Curry 30' 3PT Jump Shot,Missed Shot,Jump Shot,1,9,21600619,64,18.0,turnover(24),3,-2,likely_open,"subType: open-like, distance: deep above-break 3 (>=27ft)"
18,PT10M03.00S,1,1610612744,GSW,201939,Curry,S. Curry,-228,33,0,Missed,1,0.0,0.0,0,h,MISS Curry  3PT Jump Shot,Missed Shot,Jump Shot,1,19,21600619,117,13.0,def_reb(24),3,-1,likely_open,"subType: open-like, distance: at-rim/very close, coords: corner-3, corner: catch/spot"
34,PT08M30.00S,1,1610612744,GSW,201939,Curry,S. Curry,-201,154,25,Missed,1,0.0,0.0,0,h,MISS Curry 25' 3PT Jump Shot,Missed Shot,Jump Shot,1,38,21600619,210,17.0,def_reb(24),3,-1,likely_open,subType: open-like
65,PT04M57.00S,1,1610612744,GSW,201939,Curry,S. Curry,-1,26,3,Missed,1,0.0,0.0,0,h,MISS Curry 3' Driving Finger Roll Layup,Missed Shot,Driving Finger Roll Layup Shot,1,68,21600619,423,12.0,made_fg(24),2,1,borderline,distance: at-rim/very close
83,PT03M58.00S,1,1610612744,GSW,201939,Curry,S. Curry,-202,193,28,Made,1,25.0,14.0,39,h,Curry 28' 3PT Running Jump Shot (5 PTS) (Iguodala 1 AST),Made Shot,Running Jump Shot,1,84,21600619,482,19.0,def_reb(24),3,-2,likely_open,"subType: open-like, distance: deep above-break 3 (>=27ft)"
120,PT00M12.40S,1,1610612744,GSW,201939,Curry,S. Curry,6,262,26,Made,1,37.0,22.0,59,h,Curry 26' 3PT Pullup Jump Shot (8 PTS),Made Shot,Pullup Jump shot,1,120,21600619,708,8.0,made_fg(24),3,3,likely_contested,"subType: contested-like, text: pressure-move"
220,PT04M31.00S,2,1610612744,GSW,201939,Curry,S. Curry,96,239,26,Missed,1,0.0,0.0,0,h,MISS Curry 26' 3PT Pullup Jump Shot,Missed Shot,Pullup Jump shot,1,208,21600619,1169,10.0,final_ft(24),3,3,likely_contested,"subType: contested-like, text: pressure-move"
223,PT04M18.00S,2,1610612744,GSW,201939,Curry,S. Curry,4,2,0,Missed,1,0.0,0.0,0,h,MISS Curry  Running Layup,Missed Shot,Running Layup Shot,1,212,21600619,1182,18.0,turnover(24),2,3,likely_contested,"subType: contested-like, distance: at-rim/very close"
244,PT02M34.00S,2,1610612744,GSW,201939,Curry,S. Curry,-187,120,22,Made,1,67.0,46.0,113,h,Curry 22' Pullup Jump Shot (10 PTS) (Green 7 AST),Made Shot,Pullup Jump shot,1,233,21600619,1286,6.0,keep_clock(24),2,3,likely_contested,"subType: contested-like, text: pressure-move"
268,PT00M01.50S,2,1610612744,GSW,201939,Curry,S. Curry,117,244,27,Made,1,78.0,49.0,127,h,Curry 27' 3PT Pullup Jump Shot (14 PTS) (Durant 4 AST),Made Shot,Pullup Jump shot,1,259,21600619,1439,20.0,def_reb(24),3,2,likely_contested,"subType: contested-like, text: pressure-move, distance: deep above-break 3 (>=27ft)"
280,PT10M49.00S,3,1610612744,GSW,201939,Curry,S. Curry,168,193,26,Made,1,84.0,49.0,133,h,Curry 26' 3PT Running Jump Shot (17 PTS) (Durant 5 AST),Made Shot,Running Jump Shot,1,272,21600619,1511,19.0,turnover(24),3,-1,likely_open,subType: open-like
294,PT09M32.00S,3,1610612744,GSW,201939,Curry,S. Curry,130,139,19,Missed,1,0.0,0.0,0,h,MISS Curry 19' Jump Shot,Missed Shot,Jump Shot,1,285,21600619,1588,9.0,def_reb(24),2,-1,likely_open,subType: open-like
308,PT08M10.00S,3,1610612744,GSW,201939,Curry,S. Curry,17,26,3,Missed,1,0.0,0.0,0,h,MISS Curry 3' Jump Shot,Missed Shot,Jump Shot,1,297,21600619,1670,14.0,made_fg(24),2,0,likely_open,"subType: open-like, distance: at-rim/very close"
322,PT06M23.00S,3,1610612744,GSW,201939,Curry,S. Curry,230,11,0,Missed,1,0.0,0.0,0,h,MISS Curry  3PT Jump Shot,Missed Shot,Jump Shot,1,311,21600619,1777,9.0,def_reb(24),3,-1,likely_open,"subType: open-like, distance: at-rim/very close, coords: corner-3, corner: catch/spot"
340,PT05M15.00S,3,1610612744,GSW,201939,Curry,S. Curry,107,223,25,Made,1,92.0,58.0,150,h,Curry 25' 3PT Pullup Jump Shot (20 PTS) (Green 10 AST),Made Shot,Pullup Jump shot,1,330,21600619,1845,13.0,turnover(24),3,3,likely_contested,"subType: contested-like, text: pressure-move"
368,PT02M48.00S,3,1610612744,GSW,201939,Curry,S. Curry,96,136,17,Missed,1,0.0,0.0,0,h,MISS Curry 17' Jump Shot,Missed Shot,Jump Shot,1,356,21600619,1992,9.0,made_fg(24),2,-1,likely_open,subType: open-like
381,PT01M28.00S,3,1610612744,GSW,201939,Curry,S. Curry,195,165,26,Missed,1,0.0,0.0,0,h,MISS Curry 26' 3PT Jump Shot,Missed Shot,Jump Shot,1,368,21600619,2072,11.0,final_ft(24),3,-1,likely_open,subType: open-like
398,PT00M10.90S,3,1610612744,GSW,201939,Curry,S. Curry,22,26,3,Missed,1,0.0,0.0,0,h,MISS Curry 3' Jump Shot,Missed Shot,Jump Shot,1,383,21600619,2150,5.0,def_reb(24),2,1,borderline,"subType: open-like, distance: at-rim/very close, clock: late (<=5s)"
405,PT00M01.50S,3,1610612744,GSW,201939,Curry,S. Curry,-150,210,26,Missed,1,0.0,0.0,0,h,MISS Curry 26' 3PT Jump Shot,Missed Shot,Jump Shot,1,390,21600619,2159,20.0,turnover(24),3,-1,likely_open,subType: open-like
22,PT09M32.00S,1,1610612744,GSW,201939,Curry,S. Curry,-14,77,8,Missed,1,0.0,0.0,0,h,MISS Curry 8' Jump Shot,Missed Shot,Jump Shot,1,25,21600634,148,13.0,def_reb(24),2,0,likely_open,"subType: open-like, distance: mid-range"
34,PT08M28.00S,1,1610612744,GSW,201939,Curry,S. Curry,-6,291,29,Made,1,12.0,5.0,17,h,Curry 29' 3PT Jump Shot (3 PTS),Made Shot,Jump Shot,1,37,21600634,212,19.0,def_reb(24),3,-2,likely_open,"subType: open-like, distance: deep above-break 3 (>=27ft)"
48,PT07M08.00S,1,1610612744,GSW,201939,Curry,S. Curry,-1,26,3,Made,1,14.0,8.0,22,h,Curry 3' Driving Layup (5 PTS),Made Shot,Driving Layup Shot,1,50,21600634,292,4.0,off_reb(14),2,4,likely_contested,"subType: contested-like, distance: at-rim/very close, clock: late (<=5s)"
56,PT05M58.00S,1,1610612744,GSW,201939,Curry,S. Curry,-4,2,0,Made,1,18.0,13.0,31,h,Curry  Running Finger Roll Layup (7 PTS) (Iguodala 1 AST),Made Shot,Running Finger Roll Layup Shot,1,60,21600634,362,19.0,turnover(24),2,1,borderline,distance: at-rim/very close
86,PT03M48.00S,1,1610612744,GSW,201939,Curry,S. Curry,-138,232,27,Missed,1,0.0,0.0,0,h,MISS Curry 27' 3PT Jump Shot,Missed Shot,Jump Shot,1,85,21600634,492,12.0,made_fg(24),3,-2,likely_open,"subType: open-like, distance: deep above-break 3 (>=27ft)"
108,PT02M51.00S,1,1610612744,GSW,201939,Curry,S. Curry,-11,26,3,Made,1,24.0,25.0,49,h,Curry 3' Driving Layup (9 PTS) (Clark 1 AST),Made Shot,Driving Layup Shot,1,104,21600634,549,5.0,final_ft(24),2,4,likely_contested,"subType: contested-like, distance: at-rim/very close, clock: late (<=5s)"
111,PT02M41.00S,1,1610612744,GSW,201939,Curry,S. Curry,-117,193,23,Missed,1,0.0,0.0,0,h,MISS Curry 23' Jump Shot,Missed Shot,Jump Shot,1,107,21600634,559,16.0,turnover(24),2,-1,likely_open,subType: open-like
213,PT03M51.00S,2,1610612744,GSW,201939,Curry,S. Curry,4,-5,1,Missed,1,0.0,0.0,0,h,MISS Curry 1' Layup,Missed Shot,Layup Shot,1,207,21600634,1209,19.0,def_reb(24),2,1,borderline,distance: at-rim/very close
236,PT02M52.00S,2,1610612744,GSW,201939,Curry,S. Curry,-19,13,2,Missed,1,0.0,0.0,0,h,MISS Curry 2' Layup,Missed Shot,Layup Shot,1,227,21600634,1268,11.0,off_foul(24),2,1,borderline,distance: at-rim/very close
258,PT01M01.00S,2,1610612744,GSW,201939,Curry,S. Curry,-1,21,2,Made,1,53.0,50.0,103,h,Curry 2' Layup (11 PTS) (Green 2 AST),Made Shot,Layup Shot,1,248,21600634,1379,9.0,def_reb(24),2,1,borderline,distance: at-rim/very close
260,PT00M39.40S,2,1610612744,GSW,201939,Curry,S. Curry,-43,283,29,Missed,1,0.0,0.0,0,h,MISS Curry 29' 3PT Jump Shot,Missed Shot,Jump Shot,1,250,21600634,1401,15.0,made_fg(24),3,-2,likely_open,"subType: open-like, distance: deep above-break 3 (>=27ft)"
273,PT00M14.60S,2,1610612744,GSW,201939,Curry,S. Curry,14,7,2,Made,1,56.0,52.0,108,h,Curry 2' Running Reverse Layup (13 PTS) (Green 3 AST),Made Shot,Running Reverse Layup Shot,1,263,21600634,1426,20.0,turnover(24),2,1,borderline,distance: at-rim/very close
281,PT00M00.30S,2,1610612744,GSW,201939,Curry,S. Curry,-19,522,52,Missed,1,0.0,0.0,0,h,MISS Curry 52' 3PT Jump Shot,Missed Shot,Jump Shot,1,269,21600634,1440,21.0,made_fg(24),3,-2,likely_open,"subType: open-like, distance: deep above-break 3 (>=27ft)"
347,PT05M45.00S,3,1610612744,GSW,201939,Curry,S. Curry,15,277,28,Made,1,78.0,69.0,147,h,Curry 28' 3PT Jump Shot (18 PTS),Made Shot,Jump Shot,1,329,21600634,1815,11.0,made_fg(24),3,-2,likely_open,"subType: open-like, distance: deep above-break 3 (>=27ft)"
365,PT04M21.00S,3,1610612744,GSW,201939,Curry,S. Curry,-2,3,0,Made,1,84.0,74.0,158,h,Curry  Driving Reverse Layup (20 PTS),Made Shot,Driving Reverse Layup Shot,1,346,21600634,1899,16.0,def_reb(24),2,3,likely_contested,"subType: contested-like, distance: at-rim/very close"
388,PT02M18.00S,3,1610612744,GSW,201939,Curry,S. Curry,-7,11,1,Missed,1,0.0,0.0,0,h,MISS Curry 1' Layup,Missed Shot,Layup Shot,1,365,21600634,2022,13.0,def_reb(24),2,1,borderline,distance: at-rim/very close
410,PT00M41.90S,3,1610612744,GSW,201939,Curry,S. Curry,1,16,2,Missed,1,0.0,0.0,0,h,MISS Curry 2' Reverse Layup,Missed Shot,Reverse Layup Shot,1,386,21600634,2119,13.0,def_reb(24),2,3,likely_contested,"subType: contested-like, distance: at-rim/very close"
488,PT04M48.00S,4,1610612744,GSW,201939,Curry,S. Curry,-14,269,27,Missed,1,0.0,0.0,0,h,MISS Curry 27' 3PT Jump Shot,Missed Shot,Jump Shot,1,457,21600634,2592,19.0,off_foul(24),3,-2,likely_open,"subType: open-like, distance: deep above-break 3 (>=27ft)"
510,PT02M13.00S,4,1610612744,GSW,201939,Curry,S. Curry,-2,13,1,Made,1,117.0,94.0,211,h,Curry 1' Driving Reverse Layup (24 PTS),Made Shot,Driving Reverse Layup Shot,1,478,21600634,2747,1.0,off_reb(14),2,4,likely_contested,"subType: contested-like, distance: at-rim/very close, clock: late (<=5s)"
3,PT11M25.00S,1,1610612744,GSW,201939,Curry,S. Curry,10,264,26,Missed,1,0.0,0.0,0,v,MISS Curry 26' 3PT Jump Shot,Missed Shot,Jump Shot,1,4,21600646,35,5.0,made_fg(24),3,0,likely_open,"subType: open-like, clock: late (<=5s)"
11,PT10M37.00S,1,1610612744,GSW,201939,Curry,S. Curry,15,11,2,Made,1,4.0,4.0,8,v,Curry 2' Driving Reverse Layup (2 PTS),Made Shot,Driving Reverse Layup Shot,1,12,21600646,83,10.0,made_fg(24),2,3,likely_contested,"subType: contested-like, distance: at-rim/very close"
54,PT06M04.00S,1,1610612744,GSW,201939,Curry,S. Curry,4,16,2,Made,1,15.0,16.0,31,v,Curry 2' Running Layup (5 PTS),Made Shot,Running Layup Shot,1,55,21600646,356,21.0,def_reb(24),2,3,likely_contested,"subType: contested-like, distance: at-rim/very close"
92,PT02M20.00S,1,1610612744,GSW,201939,Curry,S. Curry,-161,192,25,Made,1,22.0,30.0,52,v,Curry 25' 3PT Step Back Jump Shot (8 PTS),Made Shot,Step Back Jump shot,1,91,21600646,580,15.0,turnover(24),3,3,likely_contested,"subType: contested-like, text: pressure-move"
99,PT01M58.00S,1,1610612744,GSW,201939,Curry,S. Curry,-187,178,26,Missed,1,0.0,0.0,0,v,MISS Curry 26' 3PT Jump Shot,Missed Shot,Jump Shot,1,96,21600646,602,11.0,final_ft(24),3,-1,likely_open,subType: open-like
113,PT00M57.20S,1,1610612744,GSW,201939,Curry,S. Curry,164,110,20,Made,1,27.0,32.0,59,v,Curry 20' Pullup Jump Shot (10 PTS) (Iguodala 1 AST),Made Shot,Pullup Jump shot,1,110,21600646,663,10.0,final_ft(24),2,3,likely_contested,"subType: contested-like, text: pressure-move"
227,PT05M08.00S,2,1610612744,GSW,201939,Curry,S. Curry,169,208,27,Missed,1,0.0,0.0,0,v,MISS Curry 27' 3PT Pullup Jump Shot,Missed Shot,Pullup Jump shot,1,205,21600646,1132,21.0,def_reb(24),3,2,likely_contested,"subType: contested-like, text: pressure-move, distance: deep above-break 3 (>=27ft)"
277,PT00M39.40S,2,1610612744,GSW,201939,Curry,S. Curry,141,136,20,Missed,1,0.0,0.0,0,v,MISS Curry 20' Pullup Jump Shot,Missed Shot,Pullup Jump shot,1,249,21600646,1401,8.0,off_reb(14),2,3,likely_contested,"subType: contested-like, text: pressure-move"
284,PT00M00.50S,2,1610612744,GSW,201939,Curry,S. Curry,-81,232,25,Made,1,57.0,62.0,119,v,Curry 25' 3PT Step Back Jump Shot (14 PTS),Made Shot,Step Back Jump shot,1,256,21600646,1440,3.0,def_foul_14(14),3,4,likely_contested,"subType: contested-like, text: pressure-move, clock: late (<=5s)"
318,PT09M22.00S,3,1610612744,GSW,201939,Curry,S. Curry,-176,203,27,Missed,1,0.0,0.0,0,v,MISS Curry 27' 3PT Jump Shot,Missed Shot,Jump Shot,1,281,21600646,1598,0.0,turnover(24),3,-1,likely_open,"subType: open-like, distance: deep above-break 3 (>=27ft), clock: late (<=5s)"
340,PT06M14.00S,3,1610612744,GSW,201939,Curry,S. Curry,14,283,28,Made,1,67.0,84.0,151,v,Curry 28' 3PT Jump Shot (17 PTS) (Durant 3 AST),Made Shot,Jump Shot,1,303,21600646,1786,14.0,def_reb(24),3,-2,likely_open,"subType: open-like, distance: deep above-break 3 (>=27ft)"
346,PT05M58.00S,3,1610612744,GSW,201939,Curry,S. Curry,132,203,24,Made,1,67.0,87.0,154,v,Curry 24' 3PT Jump Shot (20 PTS) (Durant 4 AST),Made Shot,Jump Shot,1,308,21600646,1802,17.0,turnover(24),3,-1,likely_open,subType: open-like
366,PT04M10.00S,3,1610612744,GSW,201939,Curry,S. Curry,17,11,2,Missed,1,0.0,0.0,0,v,MISS Curry 2' Driving Layup,Missed Shot,Driving Layup Shot,1,325,21600646,1910,9.0,def_reb(24),2,3,likely_contested,"subType: contested-like, distance: at-rim/very close"
398,PT01M25.00S,3,1610612744,GSW,201939,Curry,S. Curry,7,273,27,Missed,1,0.0,0.0,0,v,MISS Curry 27' 3PT Jump Shot,Missed Shot,Jump Shot,1,355,21600646,2075,7.0,made_fg(24),3,-2,likely_open,"subType: open-like, distance: deep above-break 3 (>=27ft)"
410,PT00M01.90S,3,1610612744,GSW,201939,Curry,S. Curry,204,141,25,Missed,1,0.0,0.0,0,v,MISS Curry 25' 3PT Jump Shot,Missed Shot,Jump Shot,1,368,21600646,2159,3.0,def_reb(24),3,0,likely_open,"subType: open-like, clock: late (<=5s)"
502,PT05M15.00S,4,1610612744,GSW,201939,Curry,S. Curry,-187,31,19,Missed,1,0.0,0.0,0,v,MISS Curry 19' Step Back Jump Shot,Missed Shot,Step Back Jump shot,1,451,21600646,2565,,stale_reset(24),2,3,likely_contested,"subType: contested-like, text: pressure-move"
505,PT04M50.00S,4,1610612744,GSW,201939,Curry,S. Curry,184,36,19,Missed,1,0.0,0.0,0,v,MISS Curry 19' Step Back Jump Shot,Missed Shot,Step Back Jump shot,1,454,21600646,2590,5.0,turnover(24),2,4,likely_contested,"subType: contested-like, text: pressure-move, clock: late (<=5s)"
514,PT03M20.00S,4,1610612744,GSW,201939,Curry,S. Curry,-233,36,24,Made,1,93.0,117.0,210,v,Curry 24' 3PT Jump Shot (24 PTS) (Durant 7 AST),Made Shot,Jump Shot,1,463,21600646,2680,18.0,def_reb(24),3,-2,likely_open,"subType: open-like, coords: corner-3, corner: catch/spot"
30,PT08M45.00S,1,1610612744,GSW,201939,Curry,S. Curry,184,178,26,Missed,1,0.0,0.0,0,v,MISS Curry 26' 3PT Jump Shot,Missed Shot,Jump Shot,1,31,21600661,195,12.0,made_fg(24),3,-1,likely_open,subType: open-like
77,PT04M47.00S,1,1610612744,GSW,201939,Curry,S. Curry,-97,244,26,Made,1,16.0,13.0,29,v,Curry 26' 3PT Jump Shot (3 PTS),Made Shot,Jump Shot,1,76,21600661,433,11.0,made_fg(24),3,-1,likely_open,subType: open-like
80,PT04M18.00S,1,1610612744,GSW,201939,Curry,S. Curry,28,7,3,Made,1,18.0,15.0,33,v,Curry 3' Driving Reverse Layup (5 PTS),Made Shot,Driving Reverse Layup Shot,1,78,21600661,462,11.0,made_fg(24),2,3,likely_contested,"subType: contested-like, distance: at-rim/very close"
82,PT04M00.00S,1,1610612744,GSW,201939,Curry,S. Curry,132,218,25,Missed,1,0.0,0.0,0,v,MISS Curry 25' 3PT Pullup Jump Shot,Missed Shot,Pullup Jump shot,1,80,21600661,480,17.0,made_fg(24),3,3,likely_contested,"subType: contested-like, text: pressure-move"
126,PT00M00.00S,1,1610612744,GSW,201939,Curry,S. Curry,-12,8,1,Missed,1,0.0,0.0,0,v,MISS Curry 1' Driving Layup,Missed Shot,Driving Layup Shot,1,120,21600661,720,8.0,def_reb(24),2,3,likely_contested,"subType: contested-like, distance: at-rim/very close"
239,PT02M51.00S,2,1610612744,GSW,201939,Curry,S. Curry,10,282,28,Made,1,45.0,40.0,85,v,Curry 28' 3PT Running Pull-Up Jump Shot (8 PTS),Made Shot,Running Pull-Up Jump Shot,1,220,21600661,1269,21.0,def_reb(24),3,2,likely_contested,"subType: contested-like, text: pressure-move, distance: deep above-break 3 (>=27ft)"
262,PT01M03.00S,2,1610612744,GSW,201939,Curry,S. Curry,-230,11,0,Made,1,47.0,47.0,94,v,Curry  3PT Jump Shot (11 PTS) (Durant 3 AST),Made Shot,Jump Shot,1,240,21600661,1377,2.0,off_foul(24),3,0,likely_open,"subType: open-like, distance: at-rim/very close, coords: corner-3, corner: catch/spot, clock: late (<=5s)"
288,PT10M51.00S,3,1610612744,GSW,201939,Curry,S. Curry,236,11,24,Missed,1,0.0,0.0,0,v,MISS Curry 24' 3PT Jump Shot,Missed Shot,Jump Shot,1,260,21600661,1509,2.0,def_reb(24),3,-1,likely_open,"subType: open-like, coords: corner-3, corner: catch/spot, clock: late (<=5s)"
296,PT09M58.00S,3,1610612744,GSW,201939,Curry,S. Curry,238,95,26,Made,1,55.0,53.0,108,v,Curry 26' 3PT Running Jump Shot (14 PTS),Made Shot,Running Jump Shot,1,269,21600661,1562,17.0,def_reb(24),3,-1,likely_open,subType: open-like
325,PT06M54.00S,3,1610612744,GSW,201939,Curry,S. Curry,145,234,28,Made,1,57.0,69.0,126,v,Curry 28' 3PT Pullup Jump Shot (19 PTS),Made Shot,Pullup Jump shot,1,293,21600661,1746,15.0,def_reb(24),3,2,likely_contested,"subType: contested-like, text: pressure-move, distance: deep above-break 3 (>=27ft)"
340,PT05M19.00S,3,1610612744,GSW,201939,Curry,S. Curry,200,165,26,Missed,1,0.0,0.0,0,v,MISS Curry 26' 3PT Jump Shot,Missed Shot,Jump Shot,1,306,21600661,1841,7.0,made_fg(24),3,-1,likely_open,subType: open-like
377,PT02M49.00S,3,1610612744,GSW,201939,Curry,S. Curry,-17,252,25,Missed,1,0.0,0.0,0,v,MISS Curry 25' 3PT Pullup Jump Shot,Missed Shot,Pullup Jump shot,1,335,21600661,1991,9.0,def_foul_14(14),3,3,likely_contested,"subType: contested-like, text: pressure-move"
394,PT01M30.00S,3,1610612744,GSW,201939,Curry,S. Curry,-222,-11,0,Made,1,70.0,87.0,157,v,Curry  3PT Jump Shot (22 PTS),Made Shot,Jump Shot,1,351,21600661,2070,7.0,off_reb(14),3,-1,likely_open,"subType: open-like, distance: at-rim/very close, coords: corner-3, corner: catch/spot"
397,PT01M09.00S,3,1610612744,GSW,201939,Curry,S. Curry,177,239,30,Made,1,70.0,90.0,160,v,Curry 30' 3PT Running Jump Shot (25 PTS) (Iguodala 3 AST),Made Shot,Running Jump Shot,1,354,21600661,2091,18.0,def_reb(24),3,-2,likely_open,"subType: open-like, distance: deep above-break 3 (>=27ft)"
405,PT00M05.90S,3,1610612744,GSW,201939,Curry,S. Curry,-65,282,29,Missed,1,0.0,0.0,0,v,MISS Curry 29' 3PT Pullup Jump Shot,Missed Shot,Pullup Jump shot,1,360,21600661,2155,2.0,made_fg(24),3,3,likely_contested,"subType: contested-like, text: pressure-move, distance: deep above-break 3 (>=27ft), clock: late (<=5s)"
12,PT10M23.00S,1,1610612744,GSW,201939,Curry,S. Curry,9,247,25,Made,1,4.0,3.0,7,v,Curry 25' 3PT Jump Shot (3 PTS),Made Shot,Jump Shot,1,12,21600668,97,13.0,made_fg(24),3,-1,likely_open,subType: open-like
15,PT09M55.00S,1,1610612744,GSW,201939,Curry,S. Curry,-210,126,24,Missed,1,,,0,v,MISS Curry 24' 3PT Jump Shot,Missed Shot,Jump Shot,1,15,21600668,125,16.0,def_reb(24),3,-1,likely_open,subType: open-like
18,PT09M31.00S,1,1610612744,GSW,201939,Curry,S. Curry,22,8,2,Missed,1,,,0,v,MISS Curry 2' Driving Layup,Missed Shot,Driving Layup Shot,1,18,21600668,149,9.0,made_fg(24),2,3,likely_contested,"subType: contested-like, distance: at-rim/very close"
41,PT07M31.00S,1,1610612744,GSW,201939,Curry,S. Curry,0,11,1,Missed,1,,,0,v,MISS Curry 1' Cutting Layup Shot,Missed Shot,Cutting Layup Shot,1,39,21600668,269,14.0,def_reb(24),2,1,borderline,distance: at-rim/very close
68,PT05M33.00S,1,1610612744,GSW,201939,Curry,S. Curry,-133,203,24,Made,1,17.0,13.0,30,v,Curry 24' 3PT Jump Shot (6 PTS),Made Shot,Jump Shot,1,60,21600668,387,12.0,made_fg(24),3,-1,likely_open,subType: open-like
86,PT03M42.00S,1,1610612744,GSW,201939,Curry,S. Curry,22,169,17,Missed,1,,,0,v,MISS Curry 17' Jump Shot,Missed Shot,Jump Shot,1,76,21600668,498,13.0,made_fg(24),2,-1,likely_open,subType: open-like
119,PT00M48.90S,1,1610612744,GSW,201939,Curry,S. Curry,17,247,25,Missed,1,,,0,v,MISS Curry 25' 3PT Jump Shot,Missed Shot,Jump Shot,1,106,21600668,672,14.0,made_fg(24),3,-1,likely_open,subType: open-like
123,PT00M27.20S,1,1610612744,GSW,201939,Curry,S. Curry,22,252,25,Made,1,28.0,28.0,56,v,Curry 25' 3PT Jump Shot (9 PTS),Made Shot,Jump Shot,1,110,21600668,693,21.0,def_reb(24),3,-1,likely_open,subType: open-like
126,PT00M00.00S,1,1610612744,GSW,201939,Curry,S. Curry,-89,2,9,Made,1,28.0,30.0,58,v,Curry 9' Jump Bank Shot (11 PTS),Made Shot,Jump Bank Shot,1,113,21600668,720,17.0,def_reb(24),2,3,likely_contested,"subType: contested-like, distance: mid-range"
206,PT04M56.00S,2,1610612744,GSW,201939,Curry,S. Curry,164,193,25,Missed,1,,,0,v,MISS Curry 25' 3PT Jump Shot,Missed Shot,Jump Shot,1,184,21600668,1144,18.0,def_reb(24),3,-1,likely_open,subType: open-like
233,PT02M12.00S,2,1610612744,GSW,201939,Curry,S. Curry,9,2,1,Missed,1,,,0,v,MISS Curry 1' Driving Finger Roll Layup,Missed Shot,Driving Finger Roll Layup Shot,1,212,21600668,1308,8.0,turnover(24),2,1,borderline,distance: at-rim/very close
251,PT00M31.90S,2,1610612744,GSW,201939,Curry,S. Curry,0,16,2,Missed,1,,,0,v,MISS Curry 2' Driving Layup,Missed Shot,Driving Layup Shot,1,226,21600668,1409,16.0,def_reb(24),2,3,likely_contested,"subType: contested-like, distance: at-rim/very close"
307,PT06M58.00S,3,1610612744,GSW,201939,Curry,S. Curry,50,26,6,Made,1,61.0,60.0,121,v,Curry 6' Driving Bank Shot (13 PTS),Made Shot,Driving Bank shot,1,280,21600668,1742,12.0,made_fg(24),2,0,likely_open,
319,PT05M43.00S,3,1610612744,GSW,201939,Curry,S. Curry,-63,169,18,Made,1,63.0,64.0,127,v,Curry 18' Pullup Jump Shot (15 PTS),Made Shot,Pullup Jump shot,1,292,21600668,1817,14.0,made_fg(24),2,3,likely_contested,"subType: contested-like, text: pressure-move"
343,PT04M07.00S,3,1610612744,GSW,201939,Curry,S. Curry,58,239,25,Missed,1,,,0,v,MISS Curry 25' 3PT Jump Shot,Missed Shot,Jump Shot,1,312,21600668,1913,9.0,made_fg(24),3,-1,likely_open,subType: open-like
374,PT01M00.00S,3,1610612744,GSW,201939,Curry,S. Curry,-189,159,25,Missed,1,,,0,v,MISS Curry 25' 3PT Jump Shot,Missed Shot,Jump Shot,1,341,21600668,2100,5.0,made_fg(24),3,0,likely_open,"subType: open-like, clock: late (<=5s)"
378,PT00M30.30S,3,1610612744,GSW,201939,Curry,S. Curry,9,8,1,Made,1,75.0,73.0,148,v,Curry 1' Driving Reverse Layup (19 PTS),Made Shot,Driving Reverse Layup Shot,1,345,21600668,2130,19.0,def_reb(24),2,3,likely_contested,"subType: contested-like, distance: at-rim/very close"
508,PT03M52.00S,4,1610612744,GSW,201939,Curry,S. Curry,-145,213,26,Missed,1,,,0,v,MISS Curry 26' 3PT Jump Shot,Missed Shot,Jump Shot,1,454,21600668,2648,13.0,made_fg(24),3,-1,likely_open,subType: open-like
585,PT00M00.20S,4,1610612744,GSW,201939,Curry,S. Curry,-219,-6,22,Missed,1,,,0,v,MISS Curry 22' Jump Shot,Missed Shot,Jump Shot,1,507,21600668,2880,24.0,made_fg(24),2,-1,likely_open,subType: open-like
15,PT10M18.00S,1,1610612744,GSW,201939,Curry,S. Curry,63,8,6,Missed,1,0.0,0.0,0,v,MISS Curry 6' Jump Bank Shot,Missed Shot,Jump Bank Shot,1,15,21600687,102,4.0,def_foul_14(14),2,3,likely_contested,"subType: contested-like, clock: late (<=5s)"
19,PT10M02.00S,1,1610612744,GSW,201939,Curry,S. Curry,-102,121,16,Made,1,3.0,4.0,7,v,Curry 16' Step Back Jump Shot (2 PTS),Made Shot,Step Back Jump shot,1,18,21600687,118,15.0,turnover(24),2,4,likely_contested,"subType: contested-like, text: pressure-move, distance: mid-range"
36,PT08M07.00S,1,1610612744,GSW,201939,Curry,S. Curry,69,232,24,Made,1,3.0,9.0,12,v,Curry 24' 3PT Pullup Jump Shot (5 PTS),Made Shot,Pullup Jump shot,1,33,21600687,233,18.0,def_reb(24),3,3,likely_contested,"subType: contested-like, text: pressure-move"
66,PT05M29.00S,1,1610612744,GSW,201939,Curry,S. Curry,-14,7,2,Made,1,13.0,19.0,32,v,Curry 2' Driving Layup (7 PTS),Made Shot,Driving Layup Shot,1,57,21600687,391,14.0,made_fg(24),2,3,likely_contested,"subType: contested-like, distance: at-rim/very close"
68,PT05M02.00S,1,1610612744,GSW,201939,Curry,S. Curry,155,219,27,Made,1,16.0,22.0,38,v,Curry 27' 3PT Pullup Jump Shot (10 PTS),Made Shot,Pullup Jump shot,1,59,21600687,418,13.0,made_fg(24),3,2,likely_contested,"subType: contested-like, text: pressure-move, distance: deep above-break 3 (>=27ft)"
110,PT01M57.00S,1,1610612744,GSW,201939,Curry,S. Curry,127,75,15,Missed,1,0.0,0.0,0,v,MISS Curry 15' Jump Shot,Missed Shot,Jump Shot,1,96,21600687,603,16.0,def_reb(24),2,0,likely_open,"subType: open-like, distance: mid-range"
114,PT01M32.00S,1,1610612744,GSW,201939,Curry,S. Curry,145,272,31,Made,1,23.0,29.0,52,v,Curry 31' 3PT Jump Shot (13 PTS) (Durant 1 AST),Made Shot,Jump Shot,1,101,21600687,628,18.0,def_reb(24),3,-2,likely_open,"subType: open-like, distance: deep above-break 3 (>=27ft)"
117,PT01M04.00S,1,1610612744,GSW,201939,Curry,S. Curry,-70,303,31,Missed,1,0.0,0.0,0,v,MISS Curry 31' 3PT Jump Shot,Missed Shot,Jump Shot,1,104,21600687,656,16.0,def_reb(24),3,-2,likely_open,"subType: open-like, distance: deep above-break 3 (>=27ft)"
193,PT04M17.00S,2,1610612744,GSW,201939,Curry,S. Curry,-63,247,25,Missed,1,0.0,0.0,0,v,MISS Curry 25' 3PT Jump Shot,Missed Shot,Jump Shot,1,182,21600687,1183,5.0,made_fg(24),3,0,likely_open,"subType: open-like, clock: late (<=5s)"
205,PT03M16.00S,2,1610612744,GSW,201939,Curry,S. Curry,9,7,1,Missed,1,0.0,0.0,0,v,MISS Curry 1' Running Layup,Missed Shot,Running Layup Shot,1,193,21600687,1244,18.0,turnover(24),2,3,likely_contested,"subType: contested-like, distance: at-rim/very close"
242,PT00M01.90S,2,1610612744,GSW,201939,Curry,S. Curry,-12,2,1,Missed,1,0.0,0.0,0,v,MISS Curry 1' Layup,Missed Shot,Layup Shot,1,225,21600687,1439,14.0,made_fg(24),2,1,borderline,distance: at-rim/very close
255,PT11M34.00S,3,1610612744,GSW,201939,Curry,S. Curry,74,144,16,Missed,1,0.0,0.0,0,v,MISS Curry 16' Jump Shot,Missed Shot,Jump Shot,1,235,21600687,1466,11.0,final_ft(24),2,0,likely_open,"subType: open-like, distance: mid-range"
305,PT06M10.00S,3,1610612744,GSW,201939,Curry,S. Curry,78,237,25,Missed,1,0.0,0.0,0,v,MISS Curry 25' 3PT Jump Shot,Missed Shot,Jump Shot,1,284,21600687,1790,20.0,def_reb(24),3,-1,likely_open,subType: open-like
316,PT04M53.00S,3,1610612744,GSW,201939,Curry,S. Curry,69,237,25,Made,1,73.0,66.0,139,v,Curry 25' 3PT Jump Shot (16 PTS) (Green 5 AST),Made Shot,Jump Shot,1,294,21600687,1867,11.0,made_fg(24),3,-1,likely_open,subType: open-like
344,PT02M35.00S,3,1610612744,GSW,201939,Curry,S. Curry,-89,203,22,Made,1,73.0,70.0,143,v,Curry 22' Pullup Jump Shot (18 PTS),Made Shot,Pullup Jump shot,1,317,21600687,2005,18.0,def_reb(24),2,3,likely_contested,"subType: contested-like, text: pressure-move"
351,PT01M45.00S,3,1610612744,GSW,201939,Curry,S. Curry,-7,0,1,Made,1,75.0,72.0,147,v,Curry 1' Driving Reverse Layup (20 PTS),Made Shot,Driving Reverse Layup Shot,1,324,21600687,2055,13.0,turnover(24),2,3,likely_contested,"subType: contested-like, distance: at-rim/very close"
360,PT01M07.00S,3,1610612744,GSW,201939,Curry,S. Curry,125,287,31,Missed,1,0.0,0.0,0,v,MISS Curry 31' 3PT Jump Shot,Missed Shot,Jump Shot,1,334,21600687,2093,19.0,def_reb(24),3,-2,likely_open,"subType: open-like, distance: deep above-break 3 (>=27ft)"
379,PT00M00.30S,3,1610612744,GSW,201939,Curry,S. Curry,-102,665,67,Missed,1,0.0,0.0,0,v,MISS Curry 67' 3PT Jump Shot,Missed Shot,Jump Shot,1,352,21600687,2160,23.0,final_ft(24),3,-2,likely_open,"subType: open-like, distance: deep above-break 3 (>=27ft)"
487,PT04M48.00S,4,1610612744,GSW,201939,Curry,S. Curry,-12,3,1,Made,1,94.0,97.0,191,v,Curry 1' Driving Layup (22 PTS),Made Shot,Driving Layup Shot,1,436,21600687,2592,7.0,def_reb(24),2,3,likely_contested,"subType: contested-like, distance: at-rim/very close"
492,PT03M30.00S,4,1610612744,GSW,201939,Curry,S. Curry,233,31,24,Made,1,96.0,102.0,198,v,Curry 24' 3PT Jump Shot (25 PTS),Made Shot,Jump Shot,1,442,21600687,2670,8.0,def_reb(24),3,-2,likely_open,"subType: open-like, coords: corner-3, corner: catch/spot"
505,PT02M33.00S,4,1610612744,GSW,201939,Curry,S. Curry,-1,23,2,Missed,1,0.0,0.0,0,v,MISS Curry 2' Layup,Missed Shot,Layup Shot,1,453,21600687,2727,5.0,off_reb(14),2,2,likely_contested,"distance: at-rim/very close, clock: late (<=5s)"
525,PT01M08.00S,4,1610612744,GSW,201939,Curry,S. Curry,123,213,25,Made,1,101.0,113.0,214,v,Curry 25' 3PT Pullup Jump Shot (28 PTS),Made Shot,Pullup Jump shot,1,472,21600687,2812,4.0,def_reb(24),3,4,likely_contested,"subType: contested-like, text: pressure-move, clock: late (<=5s)"
528,PT00M25.90S,4,1610612744,GSW,201939,Curry,S. Curry,181,277,33,Missed,1,0.0,0.0,0,v,MISS Curry 33' 3PT Jump Shot,Missed Shot,Jump Shot,1,476,21600687,2855,4.0,def_reb(24),3,-1,likely_open,"subType: open-like, distance: deep above-break 3 (>=27ft), clock: late (<=5s)"
7,PT11M22.00S,1,1610612744,GSW,201939,Curry,S. Curry,-7,16,2,Made,1,2.0,3.0,5,h,Curry 2' Cutting Layup Shot (2 PTS) (Pachulia 1 AST),Made Shot,Cutting Layup Shot,1,7,21600707,38,7.0,keep_clock(16),2,1,borderline,distance: at-rim/very close
27,PT08M36.00S,1,1610612744,GSW,201939,Curry,S. Curry,63,287,29,Made,1,11.0,7.0,18,h,Curry 29' 3PT Running Jump Shot (5 PTS),Made Shot,Running Jump Shot,1,27,21600707,204,20.0,def_reb(24),3,-2,likely_open,"subType: open-like, distance: deep above-break 3 (>=27ft)"
50,PT06M21.00S,1,1610612744,GSW,201939,Curry,S. Curry,-7,8,1,Made,1,18.0,9.0,27,h,Curry 1' Running Layup (7 PTS) (Green 1 AST),Made Shot,Running Layup Shot,1,51,21600707,339,20.0,turnover(24),2,3,likely_contested,"subType: contested-like, distance: at-rim/very close"
58,PT05M34.00S,1,1610612744,GSW,201939,Curry,S. Curry,117,224,25,Missed,1,0.0,0.0,0,h,MISS Curry 25' 3PT Jump Shot,Missed Shot,Jump Shot,1,60,21600707,386,14.0,def_reb(24),3,-1,likely_open,subType: open-like
93,PT02M10.00S,1,1610612744,GSW,201939,Curry,S. Curry,-37,252,25,Missed,1,0.0,0.0,0,h,MISS Curry 25' 3PT Jump Shot,Missed Shot,Jump Shot,1,92,21600707,590,19.0,turnover(24),3,-1,likely_open,subType: open-like
99,PT01M34.00S,1,1610612744,GSW,201939,Curry,S. Curry,112,164,20,Missed,1,0.0,0.0,0,h,MISS Curry 20' Jump Shot,Missed Shot,Jump Shot,1,98,21600707,626,15.0,keep_clock(22),2,-1,likely_open,subType: open-like
103,PT01M05.00S,1,1610612744,GSW,201939,Curry,S. Curry,-237,13,24,Made,1,29.0,20.0,49,h,Curry 24' 3PT Jump Shot (10 PTS) (Iguodala 1 AST),Made Shot,Jump Shot,1,103,21600707,655,18.0,turnover(24),3,-2,likely_open,"subType: open-like, coords: corner-3, corner: catch/spot"
108,PT00M33.60S,1,1610612744,GSW,201939,Curry,S. Curry,-4,2,0,Made,1,31.0,20.0,51,h,Curry  Driving Reverse Layup (12 PTS),Made Shot,Driving Reverse Layup Shot,1,108,21600707,687,14.0,def_reb(24),2,3,likely_contested,"subType: contested-like, distance: at-rim/very close"
117,PT00M05.90S,1,1610612744,GSW,201939,Curry,S. Curry,127,232,26,Missed,1,0.0,0.0,0,h,MISS Curry 26' 3PT Jump Shot,Missed Shot,Jump Shot,1,115,21600707,715,8.0,final_ft(24),3,-1,likely_open,subType: open-like
193,PT04M40.00S,2,1610612744,GSW,201939,Curry,S. Curry,20,16,3,Missed,1,0.0,0.0,0,h,MISS Curry 3' Driving Layup,Missed Shot,Driving Layup Shot,1,183,21600707,1160,5.0,made_fg(24),2,4,likely_contested,"subType: contested-like, distance: at-rim/very close, clock: late (<=5s)"
212,PT02M38.00S,2,1610612744,GSW,201939,Curry,S. Curry,-212,174,27,Made,1,55.0,42.0,97,h,Curry 27' 3PT Jump Shot (15 PTS) (Green 3 AST),Made Shot,Jump Shot,1,201,21600707,1282,10.0,made_fg(24),3,-2,likely_open,"subType: open-like, distance: deep above-break 3 (>=27ft)"
244,PT00M01.70S,2,1610612744,GSW,201939,Curry,S. Curry,-102,503,51,Made,1,72.0,51.0,123,h,Curry 51' 3PT Jump Shot (18 PTS),Made Shot,Jump Shot,1,230,21600707,1439,22.0,def_reb(24),3,-2,likely_open,"subType: open-like, distance: deep above-break 3 (>=27ft)"
251,PT11M20.00S,3,1610612744,GSW,201939,Curry,S. Curry,-19,141,14,Made,1,74.0,51.0,125,h,Curry 14' Jump Shot (20 PTS) (Durant 4 AST),Made Shot,Jump Shot,1,236,21600707,1480,9.0,def_reb(24),2,0,likely_open,"subType: open-like, distance: mid-range"
269,PT09M46.00S,3,1610612744,GSW,201939,Curry,S. Curry,9,7,1,Made,1,78.0,55.0,133,h,Curry 1' Driving Layup (22 PTS),Made Shot,Driving Layup Shot,1,250,21600707,1574,6.0,def_foul_14(14),2,3,likely_contested,"subType: contested-like, distance: at-rim/very close"
303,PT06M58.00S,3,1610612744,GSW,201939,Curry,S. Curry,-66,259,27,Missed,1,0.0,0.0,0,h,MISS Curry 27' 3PT Jump Shot,Missed Shot,Jump Shot,1,279,21600707,1742,,stale_reset(24),3,-2,likely_open,"subType: open-like, distance: deep above-break 3 (>=27ft)"
312,PT05M41.00S,3,1610612744,GSW,201939,Curry,S. Curry,32,257,26,Made,1,90.0,61.0,151,h,Curry 26' 3PT Jump Shot (26 PTS) (Green 5 AST),Made Shot,Jump Shot,1,286,21600707,1819,10.0,def_reb(24),3,-1,likely_open,subType: open-like
351,PT03M07.00S,3,1610612744,GSW,201939,Curry,S. Curry,168,252,30,Made,1,100.0,67.0,167,h,Curry 30' 3PT Jump Shot (29 PTS),Made Shot,Jump Shot,1,319,21600707,1973,18.0,def_reb(24),3,-2,likely_open,"subType: open-like, distance: deep above-break 3 (>=27ft)"
353,PT02M45.00S,3,1610612744,GSW,201939,Curry,S. Curry,-168,223,28,Made,1,103.0,69.0,172,h,Curry 28' 3PT Jump Shot (32 PTS),Made Shot,Jump Shot,1,321,21600707,1995,14.0,made_fg(24),3,-2,likely_open,"subType: open-like, distance: deep above-break 3 (>=27ft)"
358,PT01M46.00S,3,1610612744,GSW,201939,Curry,S. Curry,-7,11,1,Made,1,108.0,72.0,180,h,Curry 1' Running Reverse Layup (34 PTS),Made Shot,Running Reverse Layup Shot,1,326,21600707,2054,17.0,def_reb(24),2,1,borderline,distance: at-rim/very close
369,PT01M28.00S,3,1610612744,GSW,201939,Curry,S. Curry,143,257,29,Made,1,112.0,72.0,184,h,Curry 29' 3PT Jump Shot (38 PTS) (Iguodala 4 AST),Made Shot,Jump Shot,1,335,21600707,2072,17.0,def_reb(24),3,-2,likely_open,"subType: open-like, distance: deep above-break 3 (>=27ft)"
372,PT01M05.00S,3,1610612744,GSW,201939,Curry,S. Curry,230,38,0,Missed,1,0.0,0.0,0,h,MISS Curry  3PT Jump Shot,Missed Shot,Jump Shot,1,338,21600707,2095,17.0,def_reb(24),3,-1,likely_open,"subType: open-like, distance: at-rim/very close, coords: corner-3, corner: catch/spot"
384,PT00M24.40S,3,1610612744,GSW,201939,Curry,S. Curry,168,193,26,Made,1,117.0,74.0,191,h,Curry 26' 3PT Jump Shot (43 PTS) (McCaw 1 AST),Made Shot,Jump Shot,1,348,21600707,2136,12.0,def_reb(24),3,-1,likely_open,subType: open-like
387,PT00M00.40S,3,1610612744,GSW,201939,Curry,S. Curry,33,570,57,Missed,1,0.0,0.0,0,h,MISS Curry 57' 3PT Jump Shot,Missed Shot,Jump Shot,1,351,21600707,2160,22.0,def_reb(24),3,-2,likely_open,"subType: open-like, distance: deep above-break 3 (>=27ft)"
2,PT11M38.00S,1,1610612744,GSW,201939,Curry,S. Curry,-196,183,27,Made,1,3.0,0.0,3,h,Curry 27' 3PT Jump Shot (3 PTS) (Thompson 1 AST),Made Shot,Jump Shot,1,3,21600741,22,2.0,jumpball(24),3,-1,likely_open,"subType: open-like, distance: deep above-break 3 (>=27ft), clock: late (<=5s)"
11,PT10M22.00S,1,1610612744,GSW,201939,Curry,S. Curry,-204,154,26,Made,1,6.0,3.0,9,h,Curry 26' 3PT Jump Shot (6 PTS),Made Shot,Jump Shot,1,13,21600741,98,14.0,made_fg(24),3,-1,likely_open,subType: open-like
16,PT09M32.00S,1,1610612744,GSW,201939,Curry,S. Curry,25,298,30,Made,1,12.0,5.0,17,h,Curry 30' 3PT Running Jump Shot (9 PTS) (Green 1 AST),Made Shot,Running Jump Shot,1,18,21600741,148,19.0,def_reb(24),3,-2,likely_open,"subType: open-like, distance: deep above-break 3 (>=27ft)"
37,PT06M47.00S,1,1610612744,GSW,201939,Curry,S. Curry,-210,151,26,Made,1,23.0,9.0,32,h,Curry 26' 3PT Jump Shot (12 PTS) (Durant 1 AST),Made Shot,Jump Shot,1,35,21600741,313,12.0,off_reb(14),3,-1,likely_open,subType: open-like
85,PT03M25.00S,1,1610612744,GSW,201939,Curry,S. Curry,127,244,28,Missed,1,0.0,0.0,0,h,MISS Curry 28' 3PT Jump Shot,Missed Shot,Jump Shot,1,77,21600741,515,10.0,final_ft(24),3,-2,likely_open,"subType: open-like, distance: deep above-break 3 (>=27ft)"
101,PT01M44.00S,1,1610612744,GSW,201939,Curry,S. Curry,4,7,1,Missed,1,0.0,0.0,0,h,MISS Curry 1' Layup,Missed Shot,Layup Shot,1,91,21600741,616,2.0,made_fg(24),2,2,likely_contested,"distance: at-rim/very close, clock: late (<=5s)"
107,PT01M27.00S,1,1610612744,GSW,201939,Curry,S. Curry,-196,169,26,Made,1,38.0,17.0,55,h,Curry 26' 3PT Jump Shot (15 PTS) (Durant 3 AST),Made Shot,Jump Shot,1,97,21600741,633,20.0,def_reb(24),3,-1,likely_open,subType: open-like
110,PT01M04.00S,1,1610612744,GSW,201939,Curry,S. Curry,112,237,26,Missed,1,0.0,0.0,0,h,MISS Curry 26' 3PT Jump Shot,Missed Shot,Jump Shot,1,100,21600741,656,13.0,def_reb(24),3,-1,likely_open,subType: open-like
120,PT00M01.70S,1,1610612744,GSW,201939,Curry,S. Curry,-179,234,29,Made,1,41.0,21.0,62,h,Curry 29' 3PT Pullup Jump Shot (18 PTS),Made Shot,Pullup Jump shot,1,109,21600741,719,8.0,off_reb(14),3,2,likely_contested,"subType: contested-like, text: pressure-move, distance: deep above-break 3 (>=27ft)"
214,PT03M37.00S,2,1610612744,GSW,201939,Curry,S. Curry,150,223,27,Made,1,64.0,45.0,109,h,Curry 27' 3PT Pullup Jump Shot (21 PTS),Made Shot,Pullup Jump shot,1,195,21600741,1223,7.0,def_reb(24),3,2,likely_contested,"subType: contested-like, text: pressure-move, distance: deep above-break 3 (>=27ft)"
217,PT03M12.00S,2,1610612744,GSW,201939,Curry,S. Curry,9,11,1,Made,1,66.0,45.0,111,h,Curry 1' Running Finger Roll Layup (23 PTS),Made Shot,Running Finger Roll Layup Shot,1,198,21600741,1248,18.0,def_reb(24),2,1,borderline,distance: at-rim/very close
246,PT01M19.00S,2,1610612744,GSW,201939,Curry,S. Curry,-61,306,31,Made,1,73.0,51.0,124,h,Curry 31' 3PT Running Jump Shot (26 PTS),Made Shot,Running Jump Shot,1,217,21600741,1361,17.0,made_fg(24),3,-2,likely_open,"subType: open-like, distance: deep above-break 3 (>=27ft)"
288,PT09M08.00S,3,1610612744,GSW,201939,Curry,S. Curry,-204,-5,20,Missed,1,0.0,0.0,0,h,MISS Curry 20' Jump Shot,Missed Shot,Jump Shot,1,256,21600741,1612,7.0,off_reb(14),2,-1,likely_open,subType: open-like
295,PT08M36.00S,3,1610612744,GSW,201939,Curry,S. Curry,138,228,27,Missed,1,0.0,0.0,0,h,MISS Curry 27' 3PT Jump Shot,Missed Shot,Jump Shot,1,265,21600741,1644,22.0,turnover(24),3,-2,likely_open,"subType: open-like, distance: deep above-break 3 (>=27ft)"
312,PT06M53.00S,3,1610612744,GSW,201939,Curry,S. Curry,-132,232,27,Made,1,92.0,64.0,156,h,Curry 27' 3PT Step Back Jump Shot (29 PTS) (Thompson 6 AST),Made Shot,Step Back Jump shot,1,282,21600741,1747,17.0,def_reb(24),3,2,likely_contested,"subType: contested-like, text: pressure-move, distance: deep above-break 3 (>=27ft)"
315,PT06M17.00S,3,1610612744,GSW,201939,Curry,S. Curry,-7,11,1,Made,1,94.0,64.0,158,h,Curry 1' Driving Layup (31 PTS),Made Shot,Driving Layup Shot,1,285,21600741,1783,13.0,def_reb(24),2,3,likely_contested,"subType: contested-like, distance: at-rim/very close"
327,PT04M58.00S,3,1610612744,GSW,201939,Curry,S. Curry,204,144,25,Missed,1,0.0,0.0,0,h,MISS Curry 25' 3PT Jump Shot,Missed Shot,Jump Shot,1,298,21600741,1862,11.0,made_fg(24),3,-1,likely_open,subType: open-like
368,PT01M19.00S,3,1610612744,GSW,201939,Curry,S. Curry,-110,174,21,Made,1,102.0,79.0,181,h,Curry 21' Step Back Jump Shot (33 PTS),Made Shot,Step Back Jump shot,1,337,21600741,2081,10.0,made_fg(24),2,3,likely_contested,"subType: contested-like, text: pressure-move"
371,PT00M56.10S,3,1610612744,GSW,201939,Curry,S. Curry,-214,141,26,Made,1,105.0,79.0,184,h,Curry 26' 3PT Step Back Jump Shot (36 PTS),Made Shot,Step Back Jump shot,1,340,21600741,2104,17.0,def_reb(24),3,3,likely_contested,"subType: contested-like, text: pressure-move"
387,PT00M04.20S,3,1610612744,GSW,201939,Curry,S. Curry,163,237,29,Made,1,108.0,83.0,191,h,Curry 29' 3PT Pullup Jump Shot (39 PTS) (Iguodala 3 AST),Made Shot,Pullup Jump shot,1,353,21600741,2156,10.0,final_ft(24),3,2,likely_contested,"subType: contested-like, text: pressure-move, distance: deep above-break 3 (>=27ft)"
5,PT11M13.00S,1,1610612744,GSW,201939,Curry,S. Curry,-9,282,28,Missed,1,0.0,0.0,0,v,MISS Curry 28' 3PT Running Pull-Up Jump Shot,Missed Shot,Running Pull-Up Jump Shot,1,8,21600745,47,19.0,turnover(24),3,2,likely_contested,"subType: contested-like, text: pressure-move, distance: deep above-break 3 (>=27ft)"
39,PT07M19.00S,1,1610612744,GSW,201939,Curry,S. Curry,6,18,2,Made,1,11.0,16.0,27,v,Curry 2' Reverse Layup (2 PTS) (Durant 2 AST),Made Shot,Reverse Layup Shot,1,41,21600745,281,2.0,made_fg(24),2,4,likely_contested,"subType: contested-like, distance: at-rim/very close, clock: late (<=5s)"
54,PT05M40.00S,1,1610612744,GSW,201939,Curry,S. Curry,-147,208,25,Missed,1,0.0,0.0,0,v,MISS Curry 25' 3PT Jump Shot,Missed Shot,Jump Shot,1,54,21600745,380,16.0,def_reb(24),3,-1,likely_open,subType: open-like
68,PT04M07.00S,1,1610612744,GSW,201939,Curry,S. Curry,-52,18,6,Made,1,17.0,24.0,41,v,Curry 6' Driving Bank Shot (4 PTS) (Durant 3 AST),Made Shot,Driving Bank shot,1,68,21600745,473,3.0,made_fg(24),2,1,borderline,clock: late (<=5s)
101,PT01M25.00S,1,1610612744,GSW,201939,Curry,S. Curry,-230,-16,0,Missed,1,0.0,0.0,0,v,MISS Curry  3PT Jump Shot,Missed Shot,Jump Shot,1,98,21600745,635,10.0,turnover(24),3,-1,likely_open,"subType: open-like, distance: at-rim/very close, coords: corner-3, corner: catch/spot"
114,PT00M03.90S,1,1610612744,GSW,201939,Curry,S. Curry,-60,262,27,Missed,1,0.0,0.0,0,v,MISS Curry 27' 3PT Jump Shot,Missed Shot,Jump Shot,1,110,21600745,717,7.0,made_fg(24),3,-2,likely_open,"subType: open-like, distance: deep above-break 3 (>=27ft)"
203,PT04M34.00S,2,1610612744,GSW,201939,Curry,S. Curry,84,198,22,Missed,1,0.0,0.0,0,v,MISS Curry 22' Jump Shot,Missed Shot,Jump Shot,1,186,21600745,1166,14.0,made_fg(24),2,-1,likely_open,subType: open-like
237,PT02M37.00S,2,1610612744,GSW,201939,Curry,S. Curry,128,214,25,Made,1,44.0,53.0,97,v,Curry 25' 3PT Step Back Jump Shot (8 PTS) (Durant 6 AST),Made Shot,Step Back Jump shot,1,213,21600745,1283,12.0,def_reb(24),3,3,likely_contested,"subType: contested-like, text: pressure-move"
256,PT01M19.00S,2,1610612744,GSW,201939,Curry,S. Curry,1,18,2,Made,1,49.0,61.0,110,v,Curry 2' Putback Layup (10 PTS),Made Shot,Putback Layup Shot,1,231,21600745,1361,14.0,off_reb(14),2,3,likely_contested,"subType: contested-like, distance: at-rim/very close"
265,PT00M44.60S,2,1610612744,GSW,201939,Curry,S. Curry,14,92,9,Missed,1,0.0,0.0,0,v,MISS Curry 9' Floating Jump Shot,Missed Shot,Floating Jump shot,1,238,21600745,1396,8.0,def_reb(24),2,3,likely_contested,"subType: contested-like, distance: mid-range"
298,PT11M06.00S,3,1610612744,GSW,201939,Curry,S. Curry,76,44,9,Made,1,57.0,67.0,124,v,Curry 9' Driving Floating Bank Jump Shot (14 PTS),Made Shot,Driving Floating Bank Jump Shot,1,262,21600745,1494,15.0,made_fg(24),2,3,likely_contested,"subType: contested-like, distance: mid-range"
300,PT10M54.00S,3,1610612744,GSW,201939,Curry,S. Curry,171,210,27,Made,1,57.0,70.0,127,v,Curry 27' 3PT Step Back Jump Shot (17 PTS) (Durant 8 AST),Made Shot,Step Back Jump shot,1,265,21600745,1506,18.0,turnover(24),3,2,likely_contested,"subType: contested-like, text: pressure-move, distance: deep above-break 3 (>=27ft)"
306,PT09M59.00S,3,1610612744,GSW,201939,Curry,S. Curry,25,7,3,Missed,1,0.0,0.0,0,v,MISS Curry 3' Running Layup,Missed Shot,Running Layup Shot,1,271,21600745,1561,21.0,def_reb(24),2,3,likely_contested,"subType: contested-like, distance: at-rim/very close"
344,PT07M43.00S,3,1610612744,GSW,201939,Curry,S. Curry,133,223,26,Missed,1,0.0,0.0,0,v,MISS Curry 26' 3PT Jump Shot,Missed Shot,Jump Shot,1,303,21600745,1697,21.0,def_reb(24),3,-1,likely_open,subType: open-like
370,PT06M07.00S,3,1610612744,GSW,201939,Curry,S. Curry,-1,28,3,Made,1,69.0,83.0,152,v,Curry 3' Running Layup (19 PTS),Made Shot,Running Layup Shot,1,328,21600745,1793,21.0,def_reb(24),2,3,likely_contested,"subType: contested-like, distance: at-rim/very close"
418,PT02M48.00S,3,1610612744,GSW,201939,Curry,S. Curry,94,120,15,Made,1,80.0,96.0,176,v,Curry 15' Pullup Jump Shot (22 PTS),Made Shot,Pullup Jump shot,1,368,21600745,1992,8.0,made_fg(24),2,4,likely_contested,"subType: contested-like, text: pressure-move, distance: mid-range"
420,PT02M18.00S,3,1610612744,GSW,201939,Curry,S. Curry,-38,267,27,Missed,1,0.0,0.0,0,v,MISS Curry 27' 3PT Jump Shot,Missed Shot,Jump Shot,1,370,21600745,2022,12.0,made_fg(24),3,-2,likely_open,"subType: open-like, distance: deep above-break 3 (>=27ft)"
424,PT02M01.00S,3,1610612744,GSW,201939,Curry,S. Curry,10,21,2,Missed,1,0.0,0.0,0,v,MISS Curry 2' Running Layup,Missed Shot,Running Layup Shot,1,374,21600745,2039,21.0,def_reb(24),2,3,likely_contested,"subType: contested-like, distance: at-rim/very close"
442,PT00M56.60S,3,1610612744,GSW,201939,Curry,S. Curry,60,110,13,Made,1,84.0,100.0,184,v,Curry 13' Pullup Jump Shot (24 PTS) (Iguodala 3 AST),Made Shot,Pullup Jump shot,1,388,21600745,2104,5.0,def_violation_14(14),2,5,likely_contested,"subType: contested-like, text: pressure-move, distance: mid-range, clock: late (<=5s)"
521,PT06M16.00S,4,1610612744,GSW,201939,Curry,S. Curry,22,16,3,Made,1,100.0,117.0,217,v,Curry 3' Cutting Layup Shot (26 PTS) (Clark 4 AST),Made Shot,Cutting Layup Shot,1,456,21600745,2504,6.0,final_ft(24),2,1,borderline,distance: at-rim/very close
526,PT05M14.00S,4,1610612744,GSW,201939,Curry,S. Curry,212,164,27,Made,1,103.0,122.0,225,v,Curry 27' 3PT Pullup Jump Shot (29 PTS),Made Shot,Pullup Jump shot,1,461,21600745,2566,10.0,made_fg(24),3,2,likely_contested,"subType: contested-like, text: pressure-move, distance: deep above-break 3 (>=27ft)"
546,PT03M27.00S,4,1610612744,GSW,201939,Curry,S. Curry,-202,164,26,Missed,1,0.0,0.0,0,v,MISS Curry 26' 3PT Jump Shot,Missed Shot,Jump Shot,1,480,21600745,2673,10.0,def_reb(24),3,-1,likely_open,subType: open-like
549,PT03M08.00S,4,1610612744,GSW,201939,Curry,S. Curry,-191,7,19,Missed,1,0.0,0.0,0,v,MISS Curry 19' Jump Shot,Missed Shot,Jump Shot,1,483,21600745,2692,10.0,made_fg(24),2,-1,likely_open,subType: open-like
5,PT11M04.00S,1,1610612744,GSW,201939,Curry,S. Curry,2,203,20,Missed,1,0.0,0.0,0,v,MISS Curry 20' Jump Shot,Missed Shot,Jump Shot,1,6,21600764,56,10.0,made_fg(24),2,-1,likely_open,subType: open-like
29,PT09M24.00S,1,1610612744,GSW,201939,Curry,S. Curry,-19,257,26,Made,1,6.0,9.0,15,v,Curry 26' 3PT Pullup Jump Shot (3 PTS),Made Shot,Pullup Jump shot,1,25,21600764,156,19.0,turnover(24),3,3,likely_contested,"subType: contested-like, text: pressure-move"
35,PT08M49.00S,1,1610612744,GSW,201939,Curry,S. Curry,89,175,20,Made,1,6.0,11.0,17,v,Curry 20' Pullup Jump Shot (5 PTS),Made Shot,Pullup Jump shot,1,30,21600764,191,16.0,def_reb(24),2,3,likely_contested,"subType: contested-like, text: pressure-move"
37,PT08M25.00S,1,1610612744,GSW,201939,Curry,S. Curry,-76,252,26,Missed,1,0.0,0.0,0,v,MISS Curry 26' 3PT Jump Shot,Missed Shot,Jump Shot,1,32,21600764,215,16.0,made_fg(24),3,-1,likely_open,subType: open-like
115,PT02M41.00S,1,1610612744,GSW,201939,Curry,S. Curry,-171,193,26,Made,1,22.0,26.0,48,v,Curry 26' 3PT Jump Shot (9 PTS) (McCaw 1 AST),Made Shot,Jump Shot,1,99,21600764,559,7.0,made_fg(24),3,-1,likely_open,subType: open-like
117,PT02M07.00S,1,1610612744,GSW,201939,Curry,S. Curry,-20,28,3,Made,1,24.0,28.0,52,v,Curry 3' Driving Layup (11 PTS),Made Shot,Driving Layup Shot,1,101,21600764,593,13.0,made_fg(24),2,3,likely_contested,"subType: contested-like, distance: at-rim/very close"
129,PT01M05.00S,1,1610612744,GSW,201939,Curry,S. Curry,-212,141,25,Made,1,24.0,31.0,55,v,Curry 25' 3PT Jump Shot (14 PTS) (Iguodala 1 AST),Made Shot,Jump Shot,1,117,21600764,655,18.0,def_reb(24),3,-1,likely_open,subType: open-like
132,PT00M18.90S,1,1610612744,GSW,201939,Curry,S. Curry,94,232,25,Missed,1,0.0,0.0,0,v,MISS Curry 25' 3PT Jump Shot,Missed Shot,Jump Shot,0,120,21600764,702,5.0,def_reb(24),3,0,likely_open,"subType: open-like, clock: late (<=5s)"
245,PT01M36.00S,2,1610612744,GSW,201939,Curry,S. Curry,28,2,3,Made,1,49.0,52.0,101,v,Curry 3' Driving Layup (16 PTS),Made Shot,Driving Layup Shot,1,218,21600764,1344,14.0,def_reb(24),2,3,likely_contested,"subType: contested-like, distance: at-rim/very close"
264,PT00M00.00S,2,1610612744,GSW,201939,Curry,S. Curry,1,267,27,Missed,1,0.0,0.0,0,v,MISS Curry 27' 3PT Jump Shot,Missed Shot,Jump Shot,1,235,21600764,1440,20.0,final_ft(24),3,-2,likely_open,"subType: open-like, distance: deep above-break 3 (>=27ft)"
287,PT09M25.00S,3,1610612744,GSW,201939,Curry,S. Curry,-101,228,25,Made,1,64.0,59.0,123,v,Curry 25' 3PT Pullup Jump Shot (19 PTS),Made Shot,Pullup Jump shot,1,258,21600764,1595,14.0,made_fg(24),3,3,likely_contested,"subType: contested-like, text: pressure-move"
355,PT03M17.00S,3,1610612744,GSW,201939,Curry,S. Curry,120,237,27,Made,1,78.0,76.0,154,v,Curry 27' 3PT Jump Shot (22 PTS) (Green 4 AST),Made Shot,Jump Shot,1,313,21600764,1963,7.0,final_ft(24),3,-2,likely_open,"subType: open-like, distance: deep above-break 3 (>=27ft)"
383,PT00M00.50S,3,1610612744,GSW,201939,Curry,S. Curry,135,267,30,Made,1,82.0,82.0,164,v,Curry 30' 3PT Jump Shot (25 PTS),Made Shot,Jump Shot,1,340,21600764,2160,16.0,made_fg(24),3,-2,likely_open,"subType: open-like, distance: deep above-break 3 (>=27ft)"
445,PT06M01.00S,4,1610612744,GSW,201939,Curry,S. Curry,-140,224,26,Missed,1,0.0,0.0,0,v,MISS Curry 26' 3PT Jump Shot,Missed Shot,Jump Shot,1,399,21600764,2519,20.0,def_reb(24),3,-1,likely_open,subType: open-like
461,PT03M38.00S,4,1610612744,GSW,201939,Curry,S. Curry,222,115,25,Made,1,94.0,93.0,187,v,Curry 25' 3PT Jump Shot (29 PTS) (Green 6 AST),Made Shot,Jump Shot,1,417,21600764,2662,12.0,def_reb(24),3,-1,likely_open,subType: open-like
487,PT01M30.00S,4,1610612744,GSW,201939,Curry,S. Curry,187,188,27,Missed,1,0.0,0.0,0,v,MISS Curry 27' 3PT Jump Shot,Missed Shot,Jump Shot,1,440,21600764,2790,2.0,made_fg(24),3,-1,likely_open,"subType: open-like, distance: deep above-break 3 (>=27ft), clock: late (<=5s)"
496,PT00M16.90S,4,1610612744,GSW,201939,Curry,S. Curry,-27,277,28,Missed,1,0.0,0.0,0,v,MISS Curry 28' 3PT Jump Shot,Missed Shot,Jump Shot,1,449,21600764,2864,7.0,def_reb(24),3,-2,likely_open,"subType: open-like, distance: deep above-break 3 (>=27ft)"
539,PT02M11.00S,5,1610612744,GSW,201939,Curry,S. Curry,-114,254,28,Made,1,105.0,102.0,207,v,Curry 28' 3PT Jump Shot (33 PTS),Made Shot,Jump Shot,1,482,21600764,3049,11.0,keep_clock(23),3,-2,likely_open,"subType: open-like, distance: deep above-break 3 (>=27ft)"
558,PT00M06.90S,5,1610612744,GSW,201939,Curry,S. Curry,11,36,4,Missed,1,0.0,0.0,0,v,MISS Curry 4' Driving Layup,Missed Shot,Driving Layup Shot,1,496,21600764,3174,13.0,def_reb(24),2,3,likely_contested,"subType: contested-like, distance: at-rim/very close"
564,PT00M04.90S,5,1610612744,GSW,201939,Curry,S. Curry,68,13,7,Missed,1,0.0,0.0,0,v,MISS Curry 7' Jump Shot,Missed Shot,Jump Shot,1,499,21600764,3176,12.0,off_reb(14),2,-1,likely_open,subType: open-like
21,PT09M29.00S,1,1610612744,GSW,201939,Curry,S. Curry,-232,7,0,Made,1,7.0,2.0,9,h,Curry  3PT Jump Shot (3 PTS) (Green 1 AST),Made Shot,Jump Shot,1,24,21600792,151,11.0,def_reb(24),3,-1,likely_open,"subType: open-like, distance: at-rim/very close, coords: corner-3, corner: catch/spot"
26,PT08M21.00S,1,1610612744,GSW,201939,Curry,S. Curry,-110,232,26,Missed,1,0.0,0.0,0,h,MISS Curry 26' 3PT Jump Shot,Missed Shot,Jump Shot,1,29,21600792,219,18.0,def_reb(24),3,-1,likely_open,subType: open-like
40,PT06M57.00S,1,1610612744,GSW,201939,Curry,S. Curry,-69,19,7,Missed,1,0.0,0.0,0,h,MISS Curry 7' Jump Shot,Missed Shot,Jump Shot,1,43,21600792,303,18.0,turnover(24),2,-1,likely_open,subType: open-like
77,PT03M12.00S,1,1610612744,GSW,201939,Curry,S. Curry,43,296,30,Missed,1,0.0,0.0,0,h,MISS Curry 30' 3PT Jump Shot,Missed Shot,Jump Shot,1,79,21600792,528,18.0,def_reb(24),3,-2,likely_open,"subType: open-like, distance: deep above-break 3 (>=27ft)"
111,PT00M32.80S,1,1610612744,GSW,201939,Curry,S. Curry,-142,165,22,Made,1,28.0,15.0,43,h,Curry 22' Step Back Jump Shot (5 PTS),Made Shot,Step Back Jump shot,1,112,21600792,688,14.0,def_reb(24),2,3,likely_contested,"subType: contested-like, text: pressure-move"
206,PT03M21.00S,2,1610612744,GSW,201939,Curry,S. Curry,0,154,15,Missed,1,0.0,0.0,0,h,MISS Curry 15' Jump Shot,Missed Shot,Jump Shot,1,200,21600792,1239,8.0,final_ft(24),2,0,likely_open,"subType: open-like, distance: mid-range"
227,PT01M20.00S,2,1610612744,GSW,201939,Curry,S. Curry,0,21,2,Missed,1,0.0,0.0,0,h,MISS Curry 2' Driving Layup,Missed Shot,Driving Layup Shot,1,218,21600792,1360,2.0,made_fg(24),2,4,likely_contested,"subType: contested-like, distance: at-rim/very close, clock: late (<=5s)"
271,PT09M36.00S,3,1610612744,GSW,201939,Curry,S. Curry,-9,252,25,Missed,1,0.0,0.0,0,h,MISS Curry 25' 3PT Jump Shot,Missed Shot,Jump Shot,1,260,21600792,1584,4.0,made_fg(24),3,0,likely_open,"subType: open-like, clock: late (<=5s)"
299,PT07M15.00S,3,1610612744,GSW,201939,Curry,S. Curry,-6,178,18,Made,1,71.0,56.0,127,h,Curry 18' Step Back Jump Shot (9 PTS),Made Shot,Step Back Jump shot,1,282,21600792,1725,9.0,final_ft(24),2,3,likely_contested,"subType: contested-like, text: pressure-move"
334,PT03M59.00S,3,1610612744,GSW,201939,Curry,S. Curry,87,144,17,Made,1,77.0,64.0,141,h,Curry 17' Pullup Jump Shot (11 PTS),Made Shot,Pullup Jump shot,1,315,21600792,1921,13.0,made_fg(24),2,3,likely_contested,"subType: contested-like, text: pressure-move"
339,PT03M14.00S,3,1610612744,GSW,201939,Curry,S. Curry,-55,120,13,Made,1,79.0,66.0,145,h,Curry 13' Floating Jump Shot (13 PTS) (Durant 6 AST),Made Shot,Floating Jump shot,1,321,21600792,1966,15.0,def_reb(24),2,3,likely_contested,"subType: contested-like, distance: mid-range"
21,PT09M12.00S,1,1610612744,GSW,201939,Curry,S. Curry,153,139,21,Missed,1,0.0,0.0,0,v,MISS Curry 21' Jump Shot,Missed Shot,Jump Shot,1,25,21600803,168,7.0,made_fg(24),2,-1,likely_open,subType: open-like
62,PT04M47.00S,1,1610612744,GSW,201939,Curry,S. Curry,112,175,21,Missed,1,0.0,0.0,0,v,MISS Curry 21' Jump Shot,Missed Shot,Jump Shot,1,63,21600803,433,10.0,final_ft(24),2,-1,likely_open,subType: open-like
69,PT04M21.00S,1,1610612744,GSW,201939,Curry,S. Curry,-99,237,26,Missed,1,0.0,0.0,0,v,MISS Curry 26' 3PT Jump Shot,Missed Shot,Jump Shot,1,67,21600803,459,12.0,made_fg(24),3,-1,likely_open,subType: open-like
79,PT03M50.00S,1,1610612744,GSW,201939,Curry,S. Curry,-53,100,11,Made,1,15.0,21.0,36,v,Curry 11' Floating Jump Shot (2 PTS),Made Shot,Floating Jump shot,1,76,21600803,490,8.0,def_foul_14(14),2,3,likely_contested,"subType: contested-like, distance: mid-range"
91,PT02M41.00S,1,1610612744,GSW,201939,Curry,S. Curry,24,7,3,Made,1,18.0,24.0,42,v,Curry 3' Cutting Layup Shot (4 PTS) (Iguodala 1 AST),Made Shot,Cutting Layup Shot,1,87,21600803,559,11.0,made_fg(24),2,1,borderline,distance: at-rim/very close
105,PT01M07.00S,1,1610612744,GSW,201939,Curry,S. Curry,230,-16,0,Made,1,22.0,28.0,50,v,Curry  3PT Jump Shot (7 PTS) (McCaw 1 AST),Made Shot,Jump Shot,1,101,21600803,653,3.0,made_fg(24),3,0,likely_open,"subType: open-like, distance: at-rim/very close, coords: corner-3, corner: catch/spot, clock: late (<=5s)"
111,PT00M48.90S,1,1610612744,GSW,201939,Curry,S. Curry,63,242,25,Missed,1,0.0,0.0,0,v,MISS Curry 25' 3PT Jump Shot,Missed Shot,Jump Shot,1,106,21600803,672,15.0,def_reb(24),3,-1,likely_open,subType: open-like
233,PT04M00.00S,2,1610612744,GSW,201939,Curry,S. Curry,94,239,26,Missed,1,0.0,0.0,0,v,MISS Curry 26' 3PT Jump Shot,Missed Shot,Jump Shot,1,212,21600803,1200,10.0,final_ft(24),3,-1,likely_open,subType: open-like
258,PT02M44.00S,2,1610612744,GSW,201939,Curry,S. Curry,-232,11,0,Made,1,41.0,54.0,95,v,Curry  3PT Jump Shot (11 PTS) (Thompson 1 AST),Made Shot,Jump Shot,1,235,21600803,1276,15.0,turnover(24),3,-1,likely_open,"subType: open-like, distance: at-rim/very close, coords: corner-3, corner: catch/spot"
361,PT07M05.00S,3,1610612744,GSW,201939,Curry,S. Curry,-7,2,1,Made,1,60.0,79.0,139,v,Curry 1' Running Layup (15 PTS) (Green 5 AST),Made Shot,Running Layup Shot,1,323,21600803,1735,18.0,turnover(24),2,3,likely_contested,"subType: contested-like, distance: at-rim/very close"
389,PT04M40.00S,3,1610612744,GSW,201939,Curry,S. Curry,4,2,0,Made,1,65.0,86.0,151,v,Curry  Driving Layup (17 PTS),Made Shot,Driving Layup Shot,1,349,21600803,1880,7.0,made_fg(24),2,3,likely_contested,"subType: contested-like, distance: at-rim/very close"
526,PT06M54.00S,4,1610612744,GSW,201939,Curry,S. Curry,-14,7,2,Missed,1,0.0,0.0,0,v,MISS Curry 2' Layup,Missed Shot,Layup Shot,1,469,21600803,2466,,stale_reset(14),2,1,borderline,distance: at-rim/very close
550,PT04M56.00S,4,1610612744,GSW,201939,Curry,S. Curry,61,247,25,Missed,1,0.0,0.0,0,v,MISS Curry 25' 3PT Jump Shot,Missed Shot,Jump Shot,1,490,21600803,2584,10.0,final_ft(24),3,-1,likely_open,subType: open-like
18,PT09M46.00S,1,1610612744,GSW,201939,Curry,S. Curry,79,141,16,Made,1,7.0,6.0,13,v,Curry 16' Pullup Jump Shot (2 PTS),Made Shot,Pullup Jump shot,1,18,21600813,134,15.0,made_fg(24),2,4,likely_contested,"subType: contested-like, text: pressure-move, distance: mid-range"
38,PT08M13.00S,1,1610612744,GSW,201939,Curry,S. Curry,-230,51,24,Missed,1,0.0,0.0,0,v,MISS Curry 24' 3PT Step Back Jump Shot,Missed Shot,Step Back Jump shot,1,37,21600813,227,6.0,final_ft(24),3,3,likely_contested,"subType: contested-like, text: pressure-move"
96,PT04M26.00S,1,1610612744,GSW,201939,Curry,S. Curry,82,232,25,Missed,1,0.0,0.0,0,v,MISS Curry 25' 3PT Pullup Jump Shot,Missed Shot,Pullup Jump shot,1,82,21600813,454,10.0,final_ft(24),3,3,likely_contested,"subType: contested-like, text: pressure-move"
116,PT03M19.00S,1,1610612744,GSW,201939,Curry,S. Curry,10,7,1,Made,1,19.0,18.0,37,v,Curry 1' Running Layup (6 PTS),Made Shot,Running Layup Shot,1,100,21600813,521,17.0,turnover(24),2,3,likely_contested,"subType: contested-like, distance: at-rim/very close"
133,PT01M46.00S,1,1610612744,GSW,201939,Curry,S. Curry,174,174,25,Missed,1,0.0,0.0,0,v,MISS Curry 25' 3PT Jump Shot,Missed Shot,Jump Shot,1,117,21600813,614,8.0,def_reb(24),3,-1,likely_open,subType: open-like
151,PT00M10.80S,1,1610612744,GSW,201939,Curry,S. Curry,-25,257,26,Made,1,24.0,30.0,54,v,Curry 26' 3PT Pullup Jump Shot (9 PTS),Made Shot,Pullup Jump shot,1,132,21600813,710,,stale_reset(14),3,3,likely_contested,"subType: contested-like, text: pressure-move"
154,PT00M00.00S,1,1610612744,GSW,201939,Curry,S. Curry,64,439,44,Missed,1,0.0,0.0,0,v,MISS Curry 44' 3PT Jump Shot,Missed Shot,Jump Shot,1,135,21600813,720,22.0,off_foul(24),3,-2,likely_open,"subType: open-like, distance: deep above-break 3 (>=27ft)"
246,PT04M54.00S,2,1610612744,GSW,201939,Curry,S. Curry,148,188,24,Made,1,37.0,55.0,92,v,Curry 24' 3PT Pullup Jump Shot (12 PTS) (Durant 1 AST),Made Shot,Pullup Jump shot,1,216,21600813,1146,18.0,def_reb(24),3,3,likely_contested,"subType: contested-like, text: pressure-move"
254,PT03M56.00S,2,1610612744,GSW,201939,Curry,S. Curry,-186,26,19,Made,1,39.0,59.0,98,v,Curry 19' Step Back Jump Shot (14 PTS),Made Shot,Step Back Jump shot,1,221,21600813,1204,17.0,turnover(24),2,3,likely_contested,"subType: contested-like, text: pressure-move"
296,PT01M26.00S,2,1610612744,GSW,201939,Curry,S. Curry,225,31,0,Missed,1,0.0,0.0,0,v,MISS Curry  3PT Jump Shot,Missed Shot,Jump Shot,1,253,21600813,1354,5.0,final_ft(24),3,0,likely_open,"subType: open-like, distance: at-rim/very close, coords: corner-3, corner: catch/spot, clock: late (<=5s)"
306,PT00M30.90S,2,1610612744,GSW,201939,Curry,S. Curry,-225,52,0,Made,1,50.0,71.0,121,v,Curry  3PT Pullup Jump Shot (17 PTS) (Iguodala 1 AST),Made Shot,Pullup Jump shot,1,262,21600813,1410,2.0,def_reb(24),3,5,likely_contested,"subType: contested-like, text: pressure-move, distance: at-rim/very close, clock: late (<=5s)"
369,PT06M48.00S,3,1610612744,GSW,201939,Curry,S. Curry,28,0,3,Made,1,64.0,89.0,153,v,Curry 3' Driving Layup (19 PTS),Made Shot,Driving Layup Shot,1,316,21600813,1752,10.0,final_ft(24),2,3,likely_contested,"subType: contested-like, distance: at-rim/very close"
427,PT02M09.00S,3,1610612744,GSW,201939,Curry,S. Curry,-20,61,6,Missed,1,0.0,0.0,0,v,MISS Curry 6' Jump Shot,Missed Shot,Jump Shot,1,364,21600813,2031,,stale_reset(24),2,-1,likely_open,subType: open-like
429,PT02M05.00S,3,1610612744,GSW,201939,Curry,S. Curry,0,7,1,Made,1,81.0,100.0,181,v,Curry 1' Driving Layup (21 PTS),Made Shot,Driving Layup Shot,1,367,21600813,2035,11.0,off_reb(14),2,3,likely_contested,"subType: contested-like, distance: at-rim/very close"
454,PT01M21.00S,3,1610612744,GSW,201939,Curry,S. Curry,156,126,20,Missed,1,0.0,0.0,0,v,MISS Curry 20' Step Back Jump Shot,Missed Shot,Step Back Jump shot,1,383,21600813,2079,10.0,final_ft(24),2,3,likely_contested,"subType: contested-like, text: pressure-move"
457,PT00M58.90S,3,1610612744,GSW,201939,Curry,S. Curry,-76,228,24,Missed,1,0.0,0.0,0,v,MISS Curry 24' 3PT Step Back Jump Shot,Missed Shot,Step Back Jump shot,1,386,21600813,2102,11.0,made_fg(24),3,3,likely_contested,"subType: contested-like, text: pressure-move"
472,PT00M00.00S,3,1610612744,GSW,201939,Curry,S. Curry,91,442,45,Missed,1,0.0,0.0,0,v,MISS Curry 45' 3PT Jump Shot,Missed Shot,Jump Shot,1,399,21600813,2160,22.0,made_fg(24),3,-2,likely_open,"subType: open-like, distance: deep above-break 3 (>=27ft)"
549,PT05M27.00S,4,1610612744,GSW,201939,Curry,S. Curry,25,21,3,Missed,1,0.0,0.0,0,v,MISS Curry 3' Driving Floating Jump Shot,Missed Shot,Driving Floating Jump Shot,1,468,21600813,2553,13.0,turnover(24),2,3,likely_contested,"subType: contested-like, distance: at-rim/very close"
590,PT02M19.00S,4,1610612744,GSW,201939,Curry,S. Curry,119,213,24,Made,1,108.0,130.0,238,v,Curry 24' 3PT Step Back Jump Shot (26 PTS),Made Shot,Step Back Jump shot,1,502,21600813,2741,7.0,final_ft(24),3,3,likely_contested,"subType: contested-like, text: pressure-move"
4,PT11M24.00S,1,1610612744,GSW,201939,Curry,S. Curry,30,159,16,Made,1,0.0,2.0,2,v,Curry 16' Step Back Jump Shot (2 PTS) (Durant 1 AST),Made Shot,Step Back Jump shot,1,7,21600827,36,11.0,def_reb(24),2,4,likely_contested,"subType: contested-like, text: pressure-move, distance: mid-range"
7,PT10M48.00S,1,1610612744,GSW,201939,Curry,S. Curry,204,139,25,Missed,1,0.0,0.0,0,v,MISS Curry 25' 3PT Jump Shot,Missed Shot,Jump Shot,1,10,21600827,72,6.0,def_reb(24),3,-1,likely_open,subType: open-like
40,PT08M56.00S,1,1610612744,GSW,201939,Curry,S. Curry,-127,174,22,Made,1,9.0,9.0,18,v,Curry 22' Step Back Jump Shot (4 PTS),Made Shot,Step Back Jump shot,1,40,21600827,184,15.0,made_fg(24),2,3,likely_contested,"subType: contested-like, text: pressure-move"
56,PT07M54.00S,1,1610612744,GSW,201939,Curry,S. Curry,204,144,25,Missed,1,0.0,0.0,0,v,MISS Curry 25' 3PT Jump Shot,Missed Shot,Jump Shot,1,51,21600827,246,16.0,def_reb(24),3,-1,likely_open,subType: open-like
64,PT06M52.00S,1,1610612744,GSW,201939,Curry,S. Curry,125,174,21,Missed,1,0.0,0.0,0,v,MISS Curry 21' Pullup Jump Shot,Missed Shot,Pullup Jump shot,1,59,21600827,308,9.0,def_reb(24),2,3,likely_contested,"subType: contested-like, text: pressure-move"
83,PT04M58.00S,1,1610612744,GSW,201939,Curry,S. Curry,45,252,26,Missed,1,0.0,0.0,0,v,MISS Curry 26' 3PT Jump Shot,Missed Shot,Jump Shot,1,78,21600827,422,9.0,made_fg(24),3,-1,likely_open,subType: open-like
98,PT03M59.00S,1,1610612744,GSW,201939,Curry,S. Curry,146,129,19,Made,1,27.0,17.0,44,v,Curry 19' Pullup Jump Shot (6 PTS),Made Shot,Pullup Jump shot,1,95,21600827,481,11.0,made_fg(24),2,3,likely_contested,"subType: contested-like, text: pressure-move"
132,PT00M05.90S,1,1610612744,GSW,201939,Curry,S. Curry,225,87,24,Missed,1,0.0,0.0,0,v,MISS Curry 24' 3PT Jump Shot,Missed Shot,Jump Shot,1,123,21600827,715,3.0,made_fg(24),3,0,likely_open,"subType: open-like, clock: late (<=5s)"
196,PT05M42.00S,2,1610612744,GSW,201939,Curry,S. Curry,51,70,9,Missed,1,0.0,0.0,0,v,MISS Curry 9' Jump Shot,Missed Shot,Jump Shot,1,176,21600827,1098,6.0,turnover(24),2,0,likely_open,"subType: open-like, distance: mid-range"
228,PT02M36.00S,2,1610612744,GSW,201939,Curry,S. Curry,132,229,26,Made,1,71.0,52.0,123,v,Curry 26' 3PT Pullup Jump Shot (11 PTS),Made Shot,Pullup Jump shot,1,207,21600827,1284,12.0,made_fg(24),3,3,likely_contested,"subType: contested-like, text: pressure-move"
231,PT02M09.00S,2,1610612744,GSW,201939,Curry,S. Curry,-191,164,25,Missed,1,0.0,0.0,0,v,MISS Curry 25' 3PT Jump Shot,Missed Shot,Jump Shot,1,210,21600827,1311,18.0,def_reb(24),3,-1,likely_open,subType: open-like
234,PT01M43.00S,2,1610612744,GSW,201939,Curry,S. Curry,-179,193,26,Missed,1,0.0,0.0,0,v,MISS Curry 26' 3PT Jump Shot,Missed Shot,Jump Shot,1,213,21600827,1337,12.0,made_fg(24),3,-1,likely_open,subType: open-like
250,PT00M01.90S,2,1610612744,GSW,201939,Curry,S. Curry,-168,190,25,Missed,1,0.0,0.0,0,v,MISS Curry 25' 3PT Jump Shot,Missed Shot,Jump Shot,1,226,21600827,1439,18.0,turnover(24),3,-1,likely_open,subType: open-like
255,PT11M37.00S,3,1610612744,GSW,201939,Curry,S. Curry,-233,-24,0,Missed,1,0.0,0.0,0,v,MISS Curry  3PT Jump Shot,Missed Shot,Jump Shot,1,230,21600827,1463,1.0,period_start(24),3,0,likely_open,"subType: open-like, distance: at-rim/very close, coords: corner-3, corner: catch/spot, clock: late (<=5s)"
269,PT09M44.00S,3,1610612744,GSW,201939,Curry,S. Curry,-114,219,25,Missed,1,0.0,0.0,0,v,MISS Curry 25' 3PT Jump Shot,Missed Shot,Jump Shot,1,245,21600827,1576,18.0,def_reb(24),3,-1,likely_open,subType: open-like
280,PT08M25.00S,3,1610612744,GSW,201939,Curry,S. Curry,-6,242,24,Missed,1,0.0,0.0,0,v,MISS Curry 24' 3PT Jump Shot,Missed Shot,Jump Shot,1,253,21600827,1655,9.0,def_reb(24),3,-1,likely_open,subType: open-like
322,PT04M42.00S,3,1610612744,GSW,201939,Curry,S. Curry,-29,-1,3,Missed,1,0.0,0.0,0,v,MISS Curry 3' Driving Layup,Missed Shot,Driving Layup Shot,1,293,21600827,1878,7.0,made_fg(24),2,3,likely_contested,"subType: contested-like, distance: at-rim/very close"
331,PT04M19.00S,3,1610612744,GSW,201939,Curry,S. Curry,-125,105,16,Missed,1,0.0,0.0,0,v,MISS Curry 16' Jump Bank Shot,Missed Shot,Jump Bank Shot,1,299,21600827,1901,12.0,made_fg(24),2,3,likely_contested,"subType: contested-like, distance: mid-range"
10,PT10M23.00S,1,1610612744,GSW,201939,Curry,S. Curry,-37,70,8,Missed,1,0.0,0.0,0,h,MISS Curry 8' Jump Shot,Missed Shot,Jump Shot,1,11,21600847,97,14.0,made_fg(24),2,0,likely_open,"subType: open-like, distance: mid-range"
20,PT09M28.00S,1,1610612744,GSW,201939,Curry,S. Curry,6,16,2,Made,1,6.0,6.0,12,h,Curry 2' Cutting Layup Shot (2 PTS) (Durant 3 AST),Made Shot,Cutting Layup Shot,1,21,21600847,152,9.0,def_reb(24),2,1,borderline,distance: at-rim/very close
26,PT08M34.00S,1,1610612744,GSW,201939,Curry,S. Curry,88,44,10,Made,1,10.0,9.0,19,h,Curry 10' Running Jump Shot (4 PTS),Made Shot,Running Jump Shot,1,27,21600847,206,15.0,made_fg(24),2,0,likely_open,"subType: open-like, distance: mid-range"
40,PT07M25.00S,1,1610612744,GSW,201939,Curry,S. Curry,94,149,18,Missed,1,0.0,0.0,0,h,MISS Curry 18' Jump Shot,Missed Shot,Jump Shot,1,40,21600847,275,14.0,keep_clock(24),2,-1,likely_open,subType: open-like
80,PT03M07.00S,1,1610612744,GSW,201939,Curry,S. Curry,0,242,24,Missed,1,0.0,0.0,0,h,MISS Curry 24' 3PT Jump Shot,Missed Shot,Jump Shot,1,77,21600847,533,8.0,def_foul_14(14),3,-1,likely_open,subType: open-like
87,PT02M18.00S,1,1610612744,GSW,201939,Curry,S. Curry,155,208,26,Missed,1,0.0,0.0,0,h,MISS Curry 26' 3PT Jump Shot,Missed Shot,Jump Shot,1,85,21600847,582,17.0,def_reb(24),3,-1,likely_open,subType: open-like
90,PT02M03.00S,1,1610612744,GSW,201939,Curry,S. Curry,-14,21,3,Missed,1,0.0,0.0,0,h,MISS Curry 3' Layup,Missed Shot,Layup Shot,1,89,21600847,597,16.0,turnover(24),2,1,borderline,distance: at-rim/very close
188,PT03M44.00S,2,1610612744,GSW,201939,Curry,S. Curry,-192,170,26,Made,1,45.0,41.0,86,h,Curry 26' 3PT Jump Shot (9 PTS) (Durant 6 AST),Made Shot,Jump Shot,1,179,21600847,1216,11.0,made_fg(24),3,-1,likely_open,subType: open-like
200,PT02M43.00S,2,1610612744,GSW,201939,Curry,S. Curry,109,272,29,Missed,1,0.0,0.0,0,h,MISS Curry 29' 3PT Jump Shot,Missed Shot,Jump Shot,1,190,21600847,1277,16.0,made_fg(24),3,-2,likely_open,"subType: open-like, distance: deep above-break 3 (>=27ft)"
238,PT00M00.70S,2,1610612744,GSW,201939,Curry,S. Curry,133,262,29,Missed,1,0.0,0.0,0,h,MISS Curry 29' 3PT Jump Shot,Missed Shot,Jump Shot,1,227,21600847,1440,18.0,made_fg(24),3,-2,likely_open,"subType: open-like, distance: deep above-break 3 (>=27ft)"
267,PT09M47.00S,3,1610612744,GSW,201939,Curry,S. Curry,-11,8,1,Missed,1,0.0,0.0,0,h,MISS Curry 1' Layup,Missed Shot,Layup Shot,1,252,21600847,1573,18.0,def_reb(24),2,1,borderline,distance: at-rim/very close
302,PT07M34.00S,3,1610612744,GSW,201939,Curry,S. Curry,-122,283,31,Made,1,64.0,59.0,123,h,Curry 31' 3PT Running Jump Shot (12 PTS),Made Shot,Running Jump Shot,1,282,21600847,1706,18.0,def_reb(24),3,-2,likely_open,"subType: open-like, distance: deep above-break 3 (>=27ft)"
336,PT03M51.00S,3,1610612744,GSW,201939,Curry,S. Curry,-222,156,27,Missed,1,0.0,0.0,0,h,MISS Curry 27' 3PT Step Back Jump Shot,Missed Shot,Step Back Jump shot,1,317,21600847,1929,17.0,def_reb(24),3,2,likely_contested,"subType: contested-like, text: pressure-move, distance: deep above-break 3 (>=27ft)"
386,PT00M32.90S,3,1610612744,GSW,201939,Curry,S. Curry,-30,287,29,Missed,1,0.0,0.0,0,h,MISS Curry 29' 3PT Jump Shot,Missed Shot,Jump Shot,1,361,21600847,2128,13.0,final_ft(24),3,-2,likely_open,"subType: open-like, distance: deep above-break 3 (>=27ft)"
14,PT11M04.00S,1,1610612744,GSW,201939,Curry,S. Curry,-174,16,17,Made,1,2.0,1.0,3,h,Curry 17' Jump Shot (2 PTS),Made Shot,Jump Shot,1,14,21600854,56,10.0,off_reb(14),2,-1,likely_open,subType: open-like
42,PT07M59.00S,1,1610612744,GSW,201939,Curry,S. Curry,-106,242,26,Missed,1,,,0,h,MISS Curry 26' 3PT Step Back Jump Shot,Missed Shot,Step Back Jump shot,1,40,21600854,241,14.0,def_reb(24),3,3,likely_contested,"subType: contested-like, text: pressure-move"
74,PT05M57.00S,1,1610612744,GSW,201939,Curry,S. Curry,-173,139,22,Made,1,13.0,9.0,22,h,Curry 22' Jump Shot (4 PTS),Made Shot,Jump Shot,1,69,21600854,363,11.0,made_fg(24),2,-1,likely_open,subType: open-like
83,PT04M59.00S,1,1610612744,GSW,201939,Curry,S. Curry,4,16,2,Missed,1,,,0,h,MISS Curry 2' Layup,Missed Shot,Layup Shot,1,76,21600854,421,11.0,made_fg(24),2,1,borderline,distance: at-rim/very close
115,PT02M31.00S,1,1610612744,GSW,201939,Curry,S. Curry,-99,175,20,Made,1,24.0,19.0,43,h,Curry 20' Running Jump Shot (10 PTS),Made Shot,Running Jump Shot,1,104,21600854,569,18.0,turnover(24),2,-1,likely_open,subType: open-like
120,PT01M38.00S,1,1610612744,GSW,201939,Curry,S. Curry,-32,269,27,Made,1,27.0,21.0,48,h,Curry 27' 3PT Running Jump Shot (13 PTS),Made Shot,Running Jump Shot,1,110,21600854,622,17.0,def_reb(24),3,-2,likely_open,"subType: open-like, distance: deep above-break 3 (>=27ft)"
241,PT03M27.00S,2,1610612744,GSW,201939,Curry,S. Curry,-14,65,7,Missed,1,,,0,h,MISS Curry 7' Floating Jump Shot,Missed Shot,Floating Jump shot,1,224,21600854,1233,4.0,final_ft(24),2,3,likely_contested,"subType: contested-like, clock: late (<=5s)"
309,PT11M28.00S,3,1610612744,GSW,201939,Curry,S. Curry,182,174,25,Missed,1,,,0,h,MISS Curry 25' 3PT Jump Shot,Missed Shot,Jump Shot,1,281,21600854,1472,12.0,def_reb(24),3,-1,likely_open,subType: open-like
315,PT10M29.00S,3,1610612744,GSW,201939,Curry,S. Curry,-156,213,26,Made,1,54.0,63.0,117,h,Curry 26' 3PT Pullup Jump Shot (18 PTS) (Durant 5 AST),Made Shot,Pullup Jump shot,1,288,21600854,1531,16.0,turnover(24),3,3,likely_contested,"subType: contested-like, text: pressure-move"
387,PT03M42.00S,3,1610612744,GSW,201939,Curry,S. Curry,163,205,26,Missed,1,,,0,h,MISS Curry 26' 3PT Jump Shot,Missed Shot,Jump Shot,1,354,21600854,1938,10.0,off_reb(14),3,-1,likely_open,subType: open-like
389,PT03M37.00S,3,1610612744,GSW,201939,Curry,S. Curry,230,11,0,Made,1,81.0,78.0,159,h,Curry 3PT Pullup Jump Shot (21 PTS) (Iguodala 3 AST),Made Shot,Pullup Jump shot,1,356,21600854,1943,10.0,off_reb(14),3,4,likely_contested,"subType: contested-like, text: pressure-move, distance: at-rim/very close, coords: corner-3"
391,PT03M07.00S,3,1610612744,GSW,201939,Curry,S. Curry,177,174,25,Made,1,84.0,80.0,164,h,Curry 25' 3PT Pullup Jump Shot (24 PTS),Made Shot,Pullup Jump shot,1,358,21600854,1973,12.0,made_fg(24),3,3,likely_contested,"subType: contested-like, text: pressure-move"
397,PT02M19.00S,3,1610612744,GSW,201939,Curry,S. Curry,-192,165,25,Missed,1,,,0,h,MISS Curry 25' 3PT Jump Shot,Missed Shot,Jump Shot,1,364,21600854,2021,16.0,def_reb(24),3,-1,likely_open,subType: open-like
403,PT01M52.00S,3,1610612744,GSW,201939,Curry,S. Curry,-12,16,2,Made,1,86.0,82.0,168,h,Curry 2' Driving Finger Roll Layup (26 PTS),Made Shot,Driving Finger Roll Layup Shot,1,370,21600854,2048,17.0,def_reb(24),2,1,borderline,distance: at-rim/very close
439,PT00M30.70S,3,1610612744,GSW,201939,Curry,S. Curry,-199,188,27,Made,1,95.0,85.0,180,h,Curry 27' 3PT Jump Shot (31 PTS),Made Shot,Jump Shot,1,397,21600854,2130,17.0,made_fg(24),3,-2,likely_open,"subType: open-like, distance: deep above-break 3 (>=27ft)"
453,PT00M01.70S,3,1610612744,GSW,201939,Curry,S. Curry,171,259,31,Made,1,99.0,87.0,186,h,Curry 31' 3PT Turnaround Jump Shot (35 PTS),Made Shot,Turnaround Jump Shot,1,408,21600854,2159,9.0,final_ft(24),3,-1,likely_open,distance: deep above-break 3 (>=27ft)
18,PT09M39.00S,1,1610612744,GSW,201939,Curry,S. Curry,159,232,28,Missed,1,0.0,0.0,0,h,MISS Curry 28' 3PT Pullup Jump Shot,Missed Shot,Pullup Jump shot,1,21,21600873,141,12.0,made_fg(24),3,2,likely_contested,"subType: contested-like, text: pressure-move, distance: deep above-break 3 (>=27ft)"
26,PT09M15.00S,1,1610612744,GSW,201939,Curry,S. Curry,94,232,25,Made,1,9.0,4.0,13,h,Curry 25' 3PT Jump Shot (3 PTS) (Pachulia 1 AST),Made Shot,Jump Shot,1,28,21600873,165,12.0,def_reb(24),3,-1,likely_open,subType: open-like
49,PT06M36.00S,1,1610612744,GSW,201939,Curry,S. Curry,-125,219,25,Made,1,17.0,8.0,25,h,Curry 25' 3PT Jump Shot (6 PTS),Made Shot,Jump Shot,1,55,21600873,324,15.0,made_fg(24),3,-1,likely_open,subType: open-like
52,PT05M55.00S,1,1610612744,GSW,201939,Curry,S. Curry,4,31,3,Missed,1,0.0,0.0,0,h,MISS Curry 3' Jump Shot,Missed Shot,Jump Shot,1,57,21600873,365,10.0,turnover(24),2,0,likely_open,"subType: open-like, distance: at-rim/very close"
80,PT04M17.00S,1,1610612744,GSW,201939,Curry,S. Curry,-102,237,26,Made,1,25.0,17.0,42,h,Curry 26' 3PT Pullup Jump Shot (11 PTS) (Clark 1 AST),Made Shot,Pullup Jump shot,1,83,21600873,463,20.0,def_reb(24),3,3,likely_contested,"subType: contested-like, text: pressure-move"
94,PT03M08.00S,1,1610612744,GSW,201939,Curry,S. Curry,-14,75,8,Missed,1,0.0,0.0,0,h,MISS Curry 8' Jump Shot,Missed Shot,Jump Shot,1,95,21600873,532,10.0,final_ft(24),2,0,likely_open,"subType: open-like, distance: mid-range"
102,PT02M53.00S,1,1610612744,GSW,201939,Curry,S. Curry,146,223,27,Missed,1,0.0,0.0,0,h,MISS Curry 27' 3PT Jump Shot,Missed Shot,Jump Shot,1,103,21600873,547,7.0,off_reb(14),3,-2,likely_open,"subType: open-like, distance: deep above-break 3 (>=27ft)"
110,PT01M41.00S,1,1610612744,GSW,201939,Curry,S. Curry,-71,170,18,Made,1,30.0,21.0,51,h,Curry 18' Jump Shot (13 PTS) (Iguodala 2 AST),Made Shot,Jump Shot,1,112,21600873,619,18.0,def_reb(24),2,-1,likely_open,subType: open-like
130,PT00M08.90S,1,1610612744,GSW,201939,Curry,S. Curry,-2,7,1,Missed,1,0.0,0.0,0,h,MISS Curry 1' Layup,Missed Shot,Layup Shot,1,130,21600873,712,4.0,made_fg(24),2,2,likely_contested,"distance: at-rim/very close, clock: late (<=5s)"
193,PT05M36.00S,2,1610612744,GSW,201939,Curry,S. Curry,-6,36,4,Missed,1,0.0,0.0,0,h,MISS Curry 4' Jump Shot,Missed Shot,Jump Shot,1,196,21600873,1104,16.0,made_fg(24),2,0,likely_open,"subType: open-like, distance: at-rim/very close"
246,PT00M29.90S,2,1610612744,GSW,201939,Curry,S. Curry,0,267,27,Missed,1,0.0,0.0,0,h,MISS Curry 27' 3PT Running Jump Shot,Missed Shot,Running Jump Shot,1,245,21600873,1411,18.0,def_reb(24),3,-2,likely_open,"subType: open-like, distance: deep above-break 3 (>=27ft)"
249,PT00M00.30S,2,1610612744,GSW,201939,Curry,S. Curry,-160,203,26,Made,1,61.0,51.0,112,h,Curry 26' 3PT Jump Shot (16 PTS) (Iguodala 4 AST),Made Shot,Jump Shot,1,249,21600873,1440,18.0,turnover(24),3,-1,likely_open,subType: open-like
351,PT04M48.00S,3,1610612744,GSW,201939,Curry,S. Curry,2,203,20,Missed,1,0.0,0.0,0,h,MISS Curry 20' Jump Shot,Missed Shot,Jump Shot,1,336,21600873,1872,13.0,made_fg(24),2,-1,likely_open,subType: open-like
374,PT03M02.00S,3,1610612744,GSW,201939,Curry,S. Curry,50,242,25,Missed,1,0.0,0.0,0,h,MISS Curry 25' 3PT Jump Shot,Missed Shot,Jump Shot,1,357,21600873,1978,17.0,made_fg(24),3,-1,likely_open,subType: open-like
380,PT02M32.00S,3,1610612744,GSW,201939,Curry,S. Curry,22,18,3,Missed,1,0.0,0.0,0,h,MISS Curry 3' Layup,Missed Shot,Layup Shot,1,363,21600873,2008,12.0,off_reb(14),2,1,borderline,distance: at-rim/very close
401,PT00M02.90S,3,1610612744,GSW,201939,Curry,S. Curry,20,7,2,Made,1,91.0,76.0,167,h,Curry 2' Running Layup (19 PTS),Made Shot,Running Layup Shot,1,384,21600873,2158,20.0,turnover(24),2,3,likely_contested,"subType: contested-like, distance: at-rim/very close"
483,PT05M21.00S,4,1610612744,GSW,201939,Curry,S. Curry,-215,26,22,Made,1,99.0,89.0,188,h,Curry 22' Step Back Jump Shot (21 PTS),Made Shot,Step Back Jump shot,1,466,21600873,2559,2.0,made_fg(24),2,4,likely_contested,"subType: contested-like, text: pressure-move, clock: late (<=5s)"
493,PT04M45.00S,4,1610612744,GSW,201939,Curry,S. Curry,2,31,3,Missed,1,0.0,0.0,0,h,MISS Curry 3' Driving Reverse Layup,Missed Shot,Driving Reverse Layup Shot,1,473,21600873,2595,0.0,def_reb(24),2,4,likely_contested,"subType: contested-like, distance: at-rim/very close, clock: late (<=5s)"
506,PT03M47.00S,4,1610612744,GSW,201939,Curry,S. Curry,137,219,26,Missed,1,0.0,0.0,0,h,MISS Curry 26' 3PT Jump Shot,Missed Shot,Jump Shot,1,487,21600873,2653,9.0,keep_clock(23),3,-1,likely_open,subType: open-like
518,PT02M59.00S,4,1610612744,GSW,201939,Curry,S. Curry,20,23,3,Made,1,101.0,91.0,192,h,Curry 3' Driving Finger Roll Layup (23 PTS),Made Shot,Driving Finger Roll Layup Shot,1,499,21600873,2701,3.0,keep_clock(24),2,2,likely_contested,"distance: at-rim/very close, clock: late (<=5s)"
527,PT02M31.00S,4,1610612744,GSW,201939,Curry,S. Curry,-19,259,26,Made,1,105.0,91.0,196,h,Curry 26' 3PT Pullup Jump Shot (27 PTS) (Thompson 4 AST),Made Shot,Pullup Jump shot,1,505,21600873,2729,10.0,def_reb(24),3,3,likely_contested,"subType: contested-like, text: pressure-move"
25,PT10M10.00S,1,1610612744,GSW,201939,Curry,S. Curry,78,242,25,Missed,1,0.0,0.0,0,v,MISS Curry 25' 3PT Step Back Jump Shot,Missed Shot,Step Back Jump shot,1,21,21600883,110,18.0,final_ft(24),3,3,likely_contested,"subType: contested-like, text: pressure-move"
29,PT09M29.00S,1,1610612744,GSW,201939,Curry,S. Curry,-7,-6,1,Made,1,7.0,9.0,16,v,Curry 1' Cutting Layup Shot (5 PTS) (Green 2 AST),Made Shot,Cutting Layup Shot,1,25,21600883,151,6.0,off_foul(24),2,1,borderline,distance: at-rim/very close
77,PT04M30.00S,1,1610612744,GSW,201939,Curry,S. Curry,-135,229,27,Missed,1,0.0,0.0,0,v,MISS Curry 27' 3PT Jump Shot,Missed Shot,Jump Shot,1,71,21600883,450,19.0,def_reb(24),3,-2,likely_open,"subType: open-like, distance: deep above-break 3 (>=27ft)"
99,PT02M52.00S,1,1610612744,GSW,201939,Curry,S. Curry,-210,174,27,Missed,1,0.0,0.0,0,v,MISS Curry 27' 3PT Jump Shot,Missed Shot,Jump Shot,1,90,21600883,548,12.0,off_reb(14),3,-2,likely_open,"subType: open-like, distance: deep above-break 3 (>=27ft)"
111,PT02M08.00S,1,1610612744,GSW,201939,Curry,S. Curry,236,-15,24,Missed,1,0.0,0.0,0,v,MISS Curry 24' 3PT Jump Shot,Missed Shot,Jump Shot,1,100,21600883,592,9.0,made_fg(24),3,-2,likely_open,"subType: open-like, coords: corner-3, corner: catch/spot"
120,PT01M14.00S,1,1610612744,GSW,201939,Curry,S. Curry,-192,169,26,Missed,1,0.0,0.0,0,v,MISS Curry 26' 3PT Jump Shot,Missed Shot,Jump Shot,1,111,21600883,646,9.0,def_reb(24),3,-1,likely_open,subType: open-like
147,PT00M00.30S,1,1610612744,GSW,201939,Curry,S. Curry,56,16,6,Missed,1,0.0,0.0,0,v,MISS Curry 6' Hook Shot,Missed Shot,Hook Shot,1,130,21600883,720,21.0,turnover(24),2,2,likely_contested,subType: contested-like
229,PT05M51.00S,2,1610612744,GSW,201939,Curry,S. Curry,30,264,27,Missed,1,0.0,0.0,0,v,MISS Curry 27' 3PT Jump Shot,Missed Shot,Jump Shot,1,197,21600883,1089,8.0,made_fg(24),3,-2,likely_open,"subType: open-like, distance: deep above-break 3 (>=27ft)"
237,PT04M51.00S,2,1610612744,GSW,201939,Curry,S. Curry,10,11,1,Made,1,45.0,48.0,93,v,Curry 1' Driving Layup (7 PTS),Made Shot,Driving Layup Shot,1,206,21600883,1149,0.0,made_fg(24),2,4,likely_contested,"subType: contested-like, distance: at-rim/very close, clock: late (<=5s)"
255,PT03M18.00S,2,1610612744,GSW,201939,Curry,S. Curry,114,72,13,Missed,1,0.0,0.0,0,v,MISS Curry 13' Jump Shot,Missed Shot,Jump Shot,1,226,21600883,1242,14.0,def_reb(24),2,0,likely_open,"subType: open-like, distance: mid-range"
276,PT02M30.00S,2,1610612744,GSW,201939,Curry,S. Curry,-135,219,26,Missed,1,0.0,0.0,0,v,MISS Curry 26' 3PT Jump Shot,Missed Shot,Jump Shot,1,242,21600883,1290,7.0,final_ft(24),3,-1,likely_open,subType: open-like
327,PT10M26.00S,3,1610612744,GSW,201939,Curry,S. Curry,-6,16,2,Made,1,59.0,67.0,126,v,Curry 2' Layup (11 PTS) (Durant 2 AST),Made Shot,Layup Shot,1,286,21600883,1534,16.0,def_reb(24),2,1,borderline,distance: at-rim/very close
340,PT09M01.00S,3,1610612744,GSW,201939,Curry,S. Curry,166,210,27,Missed,1,0.0,0.0,0,v,MISS Curry 27' 3PT Jump Shot,Missed Shot,Jump Shot,1,298,21600883,1619,12.0,final_ft(24),3,-2,likely_open,"subType: open-like, distance: deep above-break 3 (>=27ft)"
354,PT08M03.00S,3,1610612744,GSW,201939,Curry,S. Curry,19,2,2,Missed,1,0.0,0.0,0,v,MISS Curry 2' Driving Layup,Missed Shot,Driving Layup Shot,1,311,21600883,1677,18.0,def_reb(24),2,3,likely_contested,"subType: contested-like, distance: at-rim/very close"
369,PT06M32.00S,3,1610612744,GSW,201939,Curry,S. Curry,-9,7,1,Made,1,65.0,77.0,142,v,Curry 1' Reverse Layup (13 PTS) (Durant 3 AST),Made Shot,Reverse Layup Shot,1,327,21600883,1768,14.0,def_reb(24),2,3,likely_contested,"subType: contested-like, distance: at-rim/very close"
373,PT05M55.00S,3,1610612744,GSW,201939,Curry,S. Curry,-2,18,2,Missed,1,0.0,0.0,0,v,MISS Curry 2' Reverse Layup,Missed Shot,Reverse Layup Shot,1,333,21600883,1805,7.0,made_fg(24),2,3,likely_contested,"subType: contested-like, distance: at-rim/very close"
413,PT02M50.00S,3,1610612744,GSW,201939,Curry,S. Curry,151,195,25,Missed,1,0.0,0.0,0,v,MISS Curry 25' 3PT Jump Shot,Missed Shot,Jump Shot,1,373,21600883,1990,10.0,off_reb(14),3,-1,likely_open,subType: open-like
428,PT01M51.00S,3,1610612744,GSW,201939,Curry,S. Curry,169,151,23,Missed,1,0.0,0.0,0,v,MISS Curry 23' Jump Shot,Missed Shot,Jump Shot,1,385,21600883,2049,12.0,final_ft(24),2,-1,likely_open,subType: open-like
447,PT00M52.80S,3,1610612744,GSW,201939,Curry,S. Curry,-232,-21,0,Missed,1,0.0,0.0,0,v,MISS Curry  3PT Jump Shot,Missed Shot,Jump Shot,1,403,21600883,2108,17.0,def_reb(24),3,-1,likely_open,"subType: open-like, distance: at-rim/very close, coords: corner-3, corner: catch/spot"
461,PT00M25.40S,3,1610612744,GSW,201939,Curry,S. Curry,0,16,2,Made,1,80.0,93.0,173,v,Curry 2' Driving Finger Roll Layup (15 PTS),Made Shot,Driving Finger Roll Layup Shot,1,409,21600883,2135,,stale_reset(14),2,1,borderline,distance: at-rim/very close
522,PT05M51.00S,4,1610612744,GSW,201939,Curry,S. Curry,12,7,1,Made,1,92.0,106.0,198,v,Curry 1' Cutting Layup Shot (17 PTS) (West 3 AST),Made Shot,Cutting Layup Shot,1,470,21600883,2529,8.0,final_ft(24),2,1,borderline,distance: at-rim/very close
531,PT05M19.00S,4,1610612744,GSW,201939,Curry,S. Curry,-138,228,27,Missed,1,0.0,0.0,0,v,MISS Curry 27' 3PT Jump Shot,Missed Shot,Jump Shot,1,477,21600883,2561,5.0,final_ft(24),3,-1,likely_open,"subType: open-like, distance: deep above-break 3 (>=27ft), clock: late (<=5s)"
548,PT03M42.00S,4,1610612744,GSW,201939,Curry,S. Curry,-9,16,2,Made,1,97.0,110.0,207,v,Curry 2' Driving Layup (19 PTS) (Green 11 AST),Made Shot,Driving Layup Shot,1,491,21600883,2658,11.0,def_reb(24),2,3,likely_contested,"subType: contested-like, distance: at-rim/very close"
17,PT10M22.00S,1,1610612744,GSW,201939,Curry,S. Curry,173,129,22,Missed,1,0.0,0.0,0,v,MISS Curry 22' Jump Shot,Missed Shot,Jump Shot,1,18,21600889,98,3.0,made_fg(24),2,0,likely_open,"subType: open-like, clock: late (<=5s)"
43,PT08M00.00S,1,1610612744,GSW,201939,Curry,S. Curry,81,169,19,Made,1,16.0,6.0,22,v,Curry 19' Pullup Jump Shot (2 PTS),Made Shot,Pullup Jump shot,1,41,21600889,240,14.0,turnover(24),2,3,likely_contested,"subType: contested-like, text: pressure-move"
47,PT07M29.00S,1,1610612744,GSW,201939,Curry,S. Curry,223,124,26,Missed,1,0.0,0.0,0,v,MISS Curry 26' 3PT Jump Shot,Missed Shot,Jump Shot,1,45,21600889,271,11.0,made_fg(24),3,-1,likely_open,subType: open-like
224,PT05M05.00S,2,1610612744,GSW,201939,Curry,S. Curry,58,115,13,Missed,1,0.0,0.0,0,v,MISS Curry 13' Jump Shot,Missed Shot,Jump Shot,1,198,21600889,1135,16.0,def_reb(24),2,0,likely_open,"subType: open-like, distance: mid-range"
239,PT03M36.00S,2,1610612744,GSW,201939,Curry,S. Curry,232,139,27,Missed,1,0.0,0.0,0,v,MISS Curry 27' 3PT Jump Shot,Missed Shot,Jump Shot,1,212,21600889,1224,9.0,off_reb(14),3,-2,likely_open,"subType: open-like, distance: deep above-break 3 (>=27ft)"
254,PT02M28.00S,2,1610612744,GSW,201939,Curry,S. Curry,30,21,4,Made,1,55.0,44.0,99,v,Curry 4' Driving Floating Bank Jump Shot (6 PTS) (Green 7 AST),Made Shot,Driving Floating Bank Jump Shot,1,222,21600889,1292,3.0,made_fg(24),2,4,likely_contested,"subType: contested-like, distance: at-rim/very close, clock: late (<=5s)"
256,PT02M07.00S,2,1610612744,GSW,201939,Curry,S. Curry,207,193,28,Missed,1,0.0,0.0,0,v,MISS Curry 28' 3PT Jump Shot,Missed Shot,Jump Shot,1,224,21600889,1313,15.0,made_fg(24),3,-2,likely_open,"subType: open-like, distance: deep above-break 3 (>=27ft)"
291,PT11M18.00S,3,1610612744,GSW,201939,Curry,S. Curry,-215,134,25,Made,1,63.0,52.0,115,v,Curry 25' 3PT Jump Shot (9 PTS) (Green 10 AST),Made Shot,Jump Shot,1,258,21600889,1482,11.0,off_reb(14),3,-1,likely_open,subType: open-like
313,PT09M09.00S,3,1610612744,GSW,201939,Curry,S. Curry,-163,101,19,Made,1,65.0,61.0,126,v,Curry 19' Jump Shot (11 PTS) (Green 11 AST),Made Shot,Jump Shot,1,276,21600889,1611,5.0,made_fg(24),2,0,likely_open,"subType: open-like, clock: late (<=5s)"
324,PT07M29.00S,3,1610612744,GSW,201939,Curry,S. Curry,0,-1,0,Made,1,69.0,63.0,132,v,Curry  Layup (13 PTS) (Green 12 AST),Made Shot,Layup Shot,1,286,21600889,1711,7.0,made_fg(24),2,1,borderline,distance: at-rim/very close
327,PT07M08.00S,3,1610612744,GSW,201939,Curry,S. Curry,122,269,30,Missed,1,0.0,0.0,0,v,MISS Curry 30' 3PT Jump Shot,Missed Shot,Jump Shot,1,289,21600889,1732,20.0,def_reb(24),3,-2,likely_open,"subType: open-like, distance: deep above-break 3 (>=27ft)"
351,PT04M58.00S,3,1610612744,GSW,201939,Curry,S. Curry,-6,8,1,Made,1,75.0,72.0,147,v,Curry 1' Driving Layup (15 PTS) (Green 14 AST),Made Shot,Driving Layup Shot,1,308,21600889,1862,6.0,made_fg(24),2,3,likely_contested,"subType: contested-like, distance: at-rim/very close"
353,PT04M30.00S,3,1610612744,GSW,201939,Curry,S. Curry,-225,18,0,Missed,1,0.0,0.0,0,v,MISS Curry  3PT Jump Shot,Missed Shot,Jump Shot,1,310,21600889,1890,7.0,made_fg(24),3,-1,likely_open,"subType: open-like, distance: at-rim/very close, coords: corner-3, corner: catch/spot"
411,PT01M45.00S,3,1610612744,GSW,201939,Curry,S. Curry,15,7,2,Made,1,82.0,82.0,164,v,Curry 2' Driving Layup (18 PTS),Made Shot,Driving Layup Shot,1,356,21600889,2055,13.0,made_fg(24),2,3,likely_contested,"subType: contested-like, distance: at-rim/very close"
418,PT01M03.00S,3,1610612744,GSW,201939,Curry,S. Curry,-176,198,26,Made,1,85.0,85.0,170,v,Curry 26' 3PT Jump Shot (21 PTS) (Livingston 1 AST),Made Shot,Jump Shot,1,361,21600889,2097,4.0,made_fg(24),3,0,likely_open,"subType: open-like, clock: late (<=5s)"
428,PT00M02.90S,3,1610612744,GSW,201939,Curry,S. Curry,-155,239,28,Missed,1,0.0,0.0,0,v,MISS Curry 28' 3PT Jump Shot,Missed Shot,Jump Shot,1,372,21600889,2158,1.0,def_reb(24),3,-1,likely_open,"subType: open-like, distance: deep above-break 3 (>=27ft), clock: late (<=5s)"
513,PT06M21.00S,4,1610612744,GSW,201939,Curry,S. Curry,17,-15,2,Missed,1,0.0,0.0,0,v,MISS Curry 2' Layup,Missed Shot,Layup Shot,1,447,21600889,2499,21.0,turnover(24),2,1,borderline,distance: at-rim/very close
517,PT05M55.00S,4,1610612744,GSW,201939,Curry,S. Curry,-19,2,2,Missed,1,0.0,0.0,0,v,MISS Curry 2' Layup,Missed Shot,Layup Shot,1,452,21600889,2525,11.0,off_reb(14),2,1,borderline,distance: at-rim/very close
578,PT00M41.70S,4,1610612744,GSW,201939,Curry,S. Curry,-20,-6,2,Made,1,108.0,108.0,216,v,Curry 2' Layup (25 PTS),Made Shot,Layup Shot,1,501,21600889,2839,12.0,made_fg(24),2,1,borderline,distance: at-rim/very close
587,PT00M06.90S,4,1610612744,GSW,201939,Curry,S. Curry,10,313,31,Missed,1,0.0,0.0,0,v,MISS Curry 31' 3PT Jump Shot,Missed Shot,Jump Shot,1,507,21600889,2874,13.0,final_ft(24),3,-2,likely_open,"subType: open-like, distance: deep above-break 3 (>=27ft)"
21,PT09M35.00S,1,1610612744,GSW,201939,Curry,S. Curry,-17,8,2,Missed,1,0.0,0.0,0,v,MISS Curry 2' Running Reverse Layup,Missed Shot,Running Reverse Layup Shot,1,23,21600906,145,18.0,def_reb(24),2,1,borderline,distance: at-rim/very close
30,PT08M20.00S,1,1610612744,GSW,201939,Curry,S. Curry,120,188,22,Made,1,4.0,6.0,10,v,Curry 22' Pullup Jump Shot (2 PTS),Made Shot,Pullup Jump shot,1,33,21600906,220,7.0,made_fg(24),2,3,likely_contested,"subType: contested-like, text: pressure-move"
51,PT06M16.00S,1,1610612744,GSW,201939,Curry,S. Curry,4,38,4,Made,1,11.0,11.0,22,v,Curry 4' Driving Floating Jump Shot (5 PTS) (Green 4 AST),Made Shot,Driving Floating Jump Shot,1,52,21600906,344,3.0,keep_clock(16),2,4,likely_contested,"subType: contested-like, distance: at-rim/very close, clock: late (<=5s)"
88,PT03M49.00S,1,1610612744,GSW,201939,Curry,S. Curry,146,-1,15,Missed,1,0.0,0.0,0,v,MISS Curry 15' Pullup Jump Shot,Missed Shot,Pullup Jump shot,1,81,21600906,491,14.0,def_reb(24),2,4,likely_contested,"subType: contested-like, text: pressure-move, distance: mid-range"
108,PT01M38.00S,1,1610612744,GSW,201939,Curry,S. Curry,-161,214,27,Missed,1,0.0,0.0,0,v,MISS Curry 27' 3PT Pullup Jump Shot,Missed Shot,Pullup Jump shot,1,99,21600906,622,19.0,turnover(24),3,2,likely_contested,"subType: contested-like, text: pressure-move, distance: deep above-break 3 (>=27ft)"
130,PT00M33.90S,1,1610612744,GSW,201939,Curry,S. Curry,110,214,24,Missed,1,0.0,0.0,0,v,MISS Curry 24' 3PT Pullup Jump Shot,Missed Shot,Pullup Jump shot,1,118,21600906,687,,stale_reset(14),3,3,likely_contested,"subType: contested-like, text: pressure-move"
132,PT00M21.10S,1,1610612744,GSW,201939,Curry,S. Curry,8,5,1,Made,1,19.0,26.0,45,v,Curry 1' Driving Layup (7 PTS),Made Shot,Driving Layup Shot,1,120,21600906,699,3.0,off_reb(14),2,4,likely_contested,"subType: contested-like, distance: at-rim/very close, clock: late (<=5s)"
136,PT00M00.10S,1,1610612744,GSW,201939,Curry,S. Curry,-132,380,40,Missed,1,0.0,0.0,0,v,MISS Curry 40' 3PT Pullup Jump Shot,Missed Shot,Pullup Jump shot,1,124,21600906,720,21.0,turnover(24),3,2,likely_contested,"subType: contested-like, text: pressure-move, distance: deep above-break 3 (>=27ft)"
223,PT03M13.00S,2,1610612744,GSW,201939,Curry,S. Curry,-233,-21,0,Made,1,39.0,44.0,83,v,Curry  3PT Jump Shot (10 PTS) (McCaw 1 AST),Made Shot,Jump Shot,1,203,21600906,1247,5.0,made_fg(24),3,0,likely_open,"subType: open-like, distance: at-rim/very close, coords: corner-3, corner: catch/spot, clock: late (<=5s)"
226,PT02M38.00S,2,1610612744,GSW,201939,Curry,S. Curry,9,3,1,Made,1,41.0,46.0,87,v,Curry 1' Driving Layup (12 PTS),Made Shot,Driving Layup Shot,1,205,21600906,1282,7.0,made_fg(24),2,3,likely_contested,"subType: contested-like, distance: at-rim/very close"
235,PT02M08.00S,2,1610612744,GSW,201939,Curry,S. Curry,73,237,25,Missed,1,0.0,0.0,0,v,MISS Curry 25' 3PT Pullup Jump Shot,Missed Shot,Pullup Jump shot,1,213,21600906,1312,13.0,off_foul(24),3,3,likely_contested,"subType: contested-like, text: pressure-move"
262,PT00M00.10S,2,1610612744,GSW,201939,Curry,S. Curry,166,355,39,Missed,1,0.0,0.0,0,v,MISS Curry 39' 3PT Pullup Jump Shot,Missed Shot,Pullup Jump shot,1,233,21600906,1440,22.0,def_reb(24),3,2,likely_contested,"subType: contested-like, text: pressure-move, distance: deep above-break 3 (>=27ft)"
269,PT11M22.00S,3,1610612744,GSW,201939,Curry,S. Curry,24,11,3,Missed,1,0.0,0.0,0,v,MISS Curry 3' Driving Reverse Layup,Missed Shot,Driving Reverse Layup Shot,1,240,21600906,1478,8.0,made_fg(24),2,3,likely_contested,"subType: contested-like, distance: at-rim/very close"
310,PT07M39.00S,3,1610612744,GSW,201939,Curry,S. Curry,110,174,21,Missed,1,0.0,0.0,0,v,MISS Curry 21' Pullup Jump Shot,Missed Shot,Pullup Jump shot,1,275,21600906,1701,16.0,def_reb(24),2,3,likely_contested,"subType: contested-like, text: pressure-move"
324,PT06M28.00S,3,1610612744,GSW,201939,Curry,S. Curry,122,223,25,Made,1,59.0,63.0,122,v,Curry 25' 3PT Jump Shot (15 PTS) (Green 6 AST),Made Shot,Jump Shot,1,292,21600906,1772,14.0,off_reb(14),3,-1,likely_open,subType: open-like
341,PT04M21.00S,3,1610612744,GSW,201939,Curry,S. Curry,127,190,23,Missed,1,0.0,0.0,0,v,MISS Curry 23' Pullup Jump Shot,Missed Shot,Pullup Jump shot,1,309,21600906,1899,9.0,made_fg(24),2,3,likely_contested,"subType: contested-like, text: pressure-move"
356,PT02M48.00S,3,1610612744,GSW,201939,Curry,S. Curry,12,149,15,Made,1,71.0,67.0,138,v,Curry 15' Pullup Jump Shot (17 PTS),Made Shot,Pullup Jump shot,1,326,21600906,1992,8.0,made_fg(24),2,4,likely_contested,"subType: contested-like, text: pressure-move, distance: mid-range"
443,PT07M41.00S,4,1610612744,GSW,201939,Curry,S. Curry,-14,2,1,Made,1,82.0,79.0,161,v,Curry 1' Driving Layup (19 PTS) (Green 7 AST),Made Shot,Driving Layup Shot,1,397,21600906,2419,11.0,def_reb(24),2,3,likely_contested,"subType: contested-like, distance: at-rim/very close"
446,PT07M11.00S,4,1610612744,GSW,201939,Curry,S. Curry,-6,267,27,Missed,1,0.0,0.0,0,v,MISS Curry 27' 3PT Pullup Jump Shot,Missed Shot,Pullup Jump shot,1,399,21600906,2449,13.0,made_fg(24),3,2,likely_contested,"subType: contested-like, text: pressure-move, distance: deep above-break 3 (>=27ft)"
449,PT06M46.00S,4,1610612744,GSW,201939,Curry,S. Curry,14,3,1,Made,1,84.0,81.0,165,v,Curry 1' Driving Layup (21 PTS) (Livingston 1 AST),Made Shot,Driving Layup Shot,1,403,21600906,2474,19.0,turnover(24),2,3,likely_contested,"subType: contested-like, distance: at-rim/very close"
452,PT06M08.00S,4,1610612744,GSW,201939,Curry,S. Curry,-60,13,6,Missed,1,0.0,0.0,0,v,MISS Curry 6' Jump Shot,Missed Shot,Jump Shot,1,406,21600906,2512,8.0,def_reb(24),2,-1,likely_open,subType: open-like
454,PT06M04.00S,4,1610612744,GSW,201939,Curry,S. Curry,-186,-1,19,Made,1,84.0,83.0,167,v,Curry 19' Floating Jump Shot (23 PTS),Made Shot,Floating Jump shot,1,409,21600906,2516,13.0,off_reb(14),2,2,likely_contested,subType: contested-like
467,PT04M44.00S,4,1610612744,GSW,201939,Curry,S. Curry,-135,213,25,Missed,1,0.0,0.0,0,v,MISS Curry 25' 3PT Jump Shot,Missed Shot,Jump Shot,1,419,21600906,2596,12.0,turnover(24),3,-1,likely_open,subType: open-like
497,PT02M07.00S,4,1610612744,GSW,201939,Curry,S. Curry,135,208,25,Missed,1,0.0,0.0,0,v,MISS Curry 25' 3PT Pullup Jump Shot,Missed Shot,Pullup Jump shot,1,443,21600906,2753,12.0,made_fg(24),3,3,likely_contested,"subType: contested-like, text: pressure-move"
505,PT01M27.00S,4,1610612744,GSW,201939,Curry,S. Curry,9,21,2,Missed,1,0.0,0.0,0,v,MISS Curry 2' Driving Layup,Missed Shot,Driving Layup Shot,1,448,21600906,2793,10.0,made_fg(24),2,3,likely_contested,"subType: contested-like, distance: at-rim/very close"
509,PT01M01.00S,4,1610612744,GSW,201939,Curry,S. Curry,55,249,26,Missed,1,0.0,0.0,0,v,MISS Curry 26' 3PT Running Pull-Up Jump Shot,Missed Shot,Running Pull-Up Jump Shot,1,452,21600906,2819,20.0,def_reb(24),3,3,likely_contested,"subType: contested-like, text: pressure-move"
516,PT00M32.10S,4,1610612744,GSW,201939,Curry,S. Curry,-194,18,19,Missed,1,0.0,0.0,0,v,MISS Curry 19' Step Back Jump Shot,Missed Shot,Step Back Jump shot,1,458,21600906,2848,9.0,def_reb(24),2,3,likely_contested,"subType: contested-like, text: pressure-move"
12,PT10M54.00S,1,1610612744,GSW,201939,Curry,S. Curry,186,178,26,Missed,1,0.0,0.0,0,v,MISS Curry 26' 3PT Jump Shot,Missed Shot,Jump Shot,1,11,21600928,66,4.0,final_ft(24),3,0,likely_open,"subType: open-like, clock: late (<=5s)"
52,PT07M12.00S,1,1610612744,GSW,201939,Curry,S. Curry,-174,174,25,Missed,1,0.0,0.0,0,v,MISS Curry 25' 3PT Jump Shot,Missed Shot,Jump Shot,1,49,21600928,288,13.0,def_reb(24),3,-1,likely_open,subType: open-like
64,PT06M33.00S,1,1610612744,GSW,201939,Curry,S. Curry,19,7,2,Missed,1,0.0,0.0,0,v,MISS Curry 2' Layup,Missed Shot,Layup Shot,1,59,21600928,327,8.0,def_foul_14(14),2,1,borderline,distance: at-rim/very close
66,PT06M27.00S,1,1610612744,GSW,201939,Curry,S. Curry,-240,-36,24,Missed,1,0.0,0.0,0,v,MISS Curry 24' 3PT Jump Shot,Missed Shot,Jump Shot,1,61,21600928,333,10.0,off_reb(14),3,-2,likely_open,"subType: open-like, coords: corner-3, corner: catch/spot"
82,PT05M23.00S,1,1610612744,GSW,201939,Curry,S. Curry,-127,90,16,Made,1,6.0,12.0,18,v,Curry 16' Jump Shot (2 PTS),Made Shot,Jump Shot,1,75,21600928,397,7.0,made_fg(24),2,0,likely_open,"subType: open-like, distance: mid-range"
107,PT03M05.00S,1,1610612744,GSW,201939,Curry,S. Curry,27,11,3,Missed,1,0.0,0.0,0,v,MISS Curry 3' Layup,Missed Shot,Layup Shot,1,93,21600928,535,13.0,made_fg(24),2,1,borderline,distance: at-rim/very close
124,PT01M56.00S,1,1610612744,GSW,201939,Curry,S. Curry,-29,0,3,Made,1,14.0,25.0,39,v,Curry 3' Driving Layup (4 PTS),Made Shot,Driving Layup Shot,1,109,21600928,604,16.0,def_reb(24),2,3,likely_contested,"subType: contested-like, distance: at-rim/very close"
137,PT00M38.50S,1,1610612744,GSW,201939,Curry,S. Curry,232,-36,0,Missed,1,0.0,0.0,0,v,MISS Curry  3PT Jump Shot,Missed Shot,Jump Shot,1,120,21600928,682,4.0,def_reb(24),3,0,likely_open,"subType: open-like, distance: at-rim/very close, coords: corner-3, corner: catch/spot, clock: late (<=5s)"
230,PT05M48.00S,2,1610612744,GSW,201939,Curry,S. Curry,-88,222,24,Made,1,34.0,34.0,68,v,Curry 24' 3PT Jump Shot (9 PTS) (Green 1 AST),Made Shot,Jump Shot,1,196,21600928,1092,,stale_reset(24),3,-1,likely_open,subType: open-like
247,PT04M17.00S,2,1610612744,GSW,201939,Curry,S. Curry,240,-19,24,Missed,1,0.0,0.0,0,v,MISS Curry 24' 3PT Jump Shot,Missed Shot,Jump Shot,1,211,21600928,1183,3.0,turnover(24),3,-1,likely_open,"subType: open-like, coords: corner-3, corner: catch/spot, clock: late (<=5s)"
249,PT04M13.00S,2,1610612744,GSW,201939,Curry,S. Curry,19,-1,2,Missed,1,0.0,0.0,0,v,MISS Curry 2' Layup,Missed Shot,Layup Shot,1,213,21600928,1187,12.0,off_reb(14),2,1,borderline,distance: at-rim/very close
289,PT01M04.00S,2,1610612744,GSW,201939,Curry,S. Curry,145,203,25,Made,1,46.0,47.0,93,v,Curry 25' 3PT Jump Shot (12 PTS),Made Shot,Jump Shot,1,248,21600928,1376,13.0,made_fg(24),3,-1,likely_open,subType: open-like
296,PT00M00.40S,2,1610612744,GSW,201939,Curry,S. Curry,-155,594,61,Missed,1,0.0,0.0,0,v,MISS Curry 61' 3PT Jump Shot,Missed Shot,Jump Shot,1,256,21600928,1440,23.0,made_fg(24),3,-2,likely_open,"subType: open-like, distance: deep above-break 3 (>=27ft)"
308,PT10M56.00S,3,1610612744,GSW,201939,Curry,S. Curry,163,208,26,Made,1,53.0,52.0,105,v,Curry 26' 3PT Jump Shot (15 PTS),Made Shot,Jump Shot,1,267,21600928,1504,19.0,def_reb(24),3,-1,likely_open,subType: open-like
312,PT10M24.00S,3,1610612744,GSW,201939,Curry,S. Curry,28,11,3,Missed,1,0.0,0.0,0,v,MISS Curry 3' Jump Shot,Missed Shot,Jump Shot,1,271,21600928,1536,17.0,made_fg(24),2,0,likely_open,"subType: open-like, distance: at-rim/very close"
344,PT07M18.00S,3,1610612744,GSW,201939,Curry,S. Curry,146,198,25,Missed,1,0.0,0.0,0,v,MISS Curry 25' 3PT Jump Shot,Missed Shot,Jump Shot,1,301,21600928,1722,11.0,def_reb(24),3,-1,likely_open,subType: open-like
369,PT04M38.00S,3,1610612744,GSW,201939,Curry,S. Curry,-12,3,1,Made,1,65.0,69.0,134,v,Curry 1' Driving Layup (17 PTS),Made Shot,Driving Layup Shot,1,324,21600928,1882,7.0,turnover(24),2,3,likely_contested,"subType: contested-like, distance: at-rim/very close"
375,PT03M40.00S,3,1610612744,GSW,201939,Curry,S. Curry,19,-5,2,Made,1,69.0,73.0,142,v,Curry 2' Layup (19 PTS) (Pachulia 2 AST),Made Shot,Layup Shot,1,330,21600928,1940,15.0,made_fg(24),2,1,borderline,distance: at-rim/very close
405,PT01M23.00S,3,1610612744,GSW,201939,Curry,S. Curry,-6,3,1,Made,1,74.0,78.0,152,v,Curry 1' Driving Layup (21 PTS),Made Shot,Driving Layup Shot,1,353,21600928,2077,19.0,def_reb(24),2,3,likely_contested,"subType: contested-like, distance: at-rim/very close"
407,PT01M01.00S,3,1610612744,GSW,201939,Curry,S. Curry,-228,-11,0,Made,1,76.0,81.0,157,v,Curry  3PT Step Back Jump Shot (24 PTS),Made Shot,Step Back Jump shot,1,355,21600928,2099,8.0,made_fg(24),3,4,likely_contested,"subType: contested-like, text: pressure-move, distance: at-rim/very close, coords: corner-3"
416,PT00M03.40S,3,1610612744,GSW,201939,Curry,S. Curry,-137,213,25,Made,1,76.0,84.0,160,v,Curry 25' 3PT Jump Shot (27 PTS),Made Shot,Jump Shot,1,364,21600928,2157,18.0,def_reb(24),3,-1,likely_open,subType: open-like
485,PT06M05.00S,4,1610612744,GSW,201939,Curry,S. Curry,-20,-11,2,Missed,1,0.0,0.0,0,v,MISS Curry 2' Layup,Missed Shot,Layup Shot,1,421,21600928,2515,7.0,made_fg(24),2,1,borderline,distance: at-rim/very close
504,PT04M12.00S,4,1610612744,GSW,201939,Curry,S. Curry,-155,195,25,Missed,1,0.0,0.0,0,v,MISS Curry 25' 3PT Step Back Jump Shot,Missed Shot,Step Back Jump shot,1,438,21600928,2628,16.0,def_reb(24),3,3,likely_contested,"subType: contested-like, text: pressure-move"
528,PT01M09.00S,4,1610612744,GSW,201939,Curry,S. Curry,-147,165,22,Made,1,101.0,110.0,211,v,Curry 22' Step Back Jump Shot (29 PTS),Made Shot,Step Back Jump shot,1,462,21600928,2811,0.0,turnover(24),2,4,likely_contested,"subType: contested-like, text: pressure-move, clock: late (<=5s)"
2,PT11M45.00S,1,1610612744,GSW,201939,Curry,S. Curry,232,31,0,Missed,1,0.0,0.0,0,v,MISS Curry  3PT Jump Shot,Missed Shot,Jump Shot,1,3,21600937,15,9.0,period_start(24),3,-1,likely_open,"subType: open-like, distance: at-rim/very close, coords: corner-3, corner: catch/spot"
42,PT07M26.00S,1,1610612744,GSW,201939,Curry,S. Curry,197,85,21,Missed,1,0.0,0.0,0,v,MISS Curry 21' Pullup Jump Shot,Missed Shot,Pullup Jump shot,1,42,21600937,274,11.0,made_fg(24),2,3,likely_contested,"subType: contested-like, text: pressure-move"
85,PT04M14.00S,1,1610612744,GSW,201939,Curry,S. Curry,64,252,26,Missed,1,0.0,0.0,0,v,MISS Curry 26' 3PT Pullup Jump Shot,Missed Shot,Pullup Jump shot,1,78,21600937,466,17.0,turnover(24),3,3,likely_contested,"subType: contested-like, text: pressure-move"
126,PT01M40.00S,1,1610612744,GSW,201939,Curry,S. Curry,20,7,2,Made,1,35.0,29.0,64,v,Curry 2' Cutting Layup Shot (2 PTS) (Barnes 1 AST),Made Shot,Cutting Layup Shot,1,108,21600937,620,8.0,made_fg(24),2,1,borderline,distance: at-rim/very close
141,PT00M45.20S,1,1610612744,GSW,201939,Curry,S. Curry,125,208,24,Made,1,37.0,32.0,69,v,Curry 24' 3PT Step Back Jump Shot (5 PTS),Made Shot,Step Back Jump shot,1,120,21600937,675,15.0,final_ft(24),3,3,likely_contested,"subType: contested-like, text: pressure-move"
309,PT00M37.70S,2,1610612744,GSW,201939,Curry,S. Curry,-109,249,27,Missed,1,0.0,0.0,0,v,MISS Curry 27' 3PT Running Pull-Up Jump Shot,Missed Shot,Running Pull-Up Jump Shot,1,266,21600937,1403,20.0,def_reb(24),3,2,likely_contested,"subType: contested-like, text: pressure-move, distance: deep above-break 3 (>=27ft)"
335,PT09M39.00S,3,1610612744,GSW,201939,Curry,S. Curry,-219,134,26,Made,1,70.0,72.0,142,v,Curry 26' 3PT Jump Shot (10 PTS) (Thompson 3 AST),Made Shot,Jump Shot,0,290,21600937,1581,21.0,turnover(24),3,-1,likely_open,subType: open-like
350,PT08M13.00S,3,1610612744,GSW,201939,Curry,S. Curry,155,190,25,Missed,1,0.0,0.0,0,v,MISS Curry 25' 3PT Pullup Jump Shot,Missed Shot,Pullup Jump shot,1,306,21600937,1667,16.0,turnover(24),3,3,likely_contested,"subType: contested-like, text: pressure-move"
356,PT07M34.00S,3,1610612744,GSW,201939,Curry,S. Curry,9,247,25,Missed,1,0.0,0.0,0,v,MISS Curry 25' 3PT Pullup Jump Shot,Missed Shot,Pullup Jump shot,1,311,21600937,1706,8.0,keep_clock(19),3,3,likely_contested,"subType: contested-like, text: pressure-move"
363,PT06M36.00S,3,1610612744,GSW,201939,Curry,S. Curry,105,223,25,Made,1,74.0,83.0,157,v,Curry 25' 3PT Pullup Jump Shot (13 PTS),Made Shot,Pullup Jump shot,1,318,21600937,1764,7.0,def_violation_14(14),3,3,likely_contested,"subType: contested-like, text: pressure-move"
365,PT06M16.00S,3,1610612744,GSW,201939,Curry,S. Curry,-86,26,9,Missed,1,0.0,0.0,0,v,MISS Curry 9' Floating Jump Shot,Missed Shot,Floating Jump shot,1,321,21600937,1784,18.0,turnover(24),2,3,likely_contested,"subType: contested-like, distance: mid-range"
371,PT05M59.00S,3,1610612744,GSW,201939,Curry,S. Curry,45,247,25,Missed,1,0.0,0.0,0,v,MISS Curry 25' 3PT Pullup Jump Shot,Missed Shot,Pullup Jump shot,1,327,21600937,1801,13.0,off_foul(24),3,3,likely_contested,"subType: contested-like, text: pressure-move"
400,PT03M28.00S,3,1610612744,GSW,201939,Curry,S. Curry,-233,18,0,Missed,1,0.0,0.0,0,v,MISS Curry  3PT Jump Shot,Missed Shot,Jump Shot,1,356,21600937,1952,18.0,def_reb(24),3,-1,likely_open,"subType: open-like, distance: at-rim/very close, coords: corner-3, corner: catch/spot"
422,PT01M51.00S,3,1610612744,GSW,201939,Curry,S. Curry,187,95,21,Missed,1,0.0,0.0,0,v,MISS Curry 21' Pullup Jump Shot,Missed Shot,Pullup Jump shot,1,373,21600937,2049,14.0,made_fg(24),2,3,likely_contested,"subType: contested-like, text: pressure-move"
424,PT01M46.00S,3,1610612744,GSW,201939,Curry,S. Curry,-71,242,25,Missed,1,0.0,0.0,0,v,MISS Curry 25' 3PT Pullup Jump Shot,Missed Shot,Pullup Jump shot,1,375,21600937,2054,11.0,off_reb(14),3,3,likely_contested,"subType: contested-like, text: pressure-move"
438,PT00M45.60S,3,1610612744,GSW,201939,Curry,S. Curry,217,141,26,Made,1,87.0,94.0,181,v,Curry 26' 3PT Jump Shot (16 PTS) (Iguodala 3 AST),Made Shot,Jump Shot,1,386,21600937,2115,11.0,off_reb(14),3,-1,likely_open,subType: open-like
527,PT04M10.00S,4,1610612744,GSW,201939,Curry,S. Curry,-233,0,0,Made,1,99.0,111.0,210,v,Curry  3PT Jump Shot (19 PTS) (McCaw 1 AST),Made Shot,Jump Shot,1,472,21600937,2630,4.0,def_reb(24),3,0,likely_open,"subType: open-like, distance: at-rim/very close, coords: corner-3, corner: catch/spot, clock: late (<=5s)"
536,PT03M16.00S,4,1610612744,GSW,201939,Curry,S. Curry,197,164,26,Made,1,102.0,114.0,216,v,Curry 26' 3PT Pullup Jump Shot (22 PTS) (Green 6 AST),Made Shot,Pullup Jump shot,1,481,21600937,2684,14.0,keep_clock(20),3,3,likely_contested,"subType: contested-like, text: pressure-move"
547,PT01M59.00S,4,1610612744,GSW,201939,Curry,S. Curry,19,2,2,Made,1,106.0,119.0,225,v,Curry 2' Driving Reverse Layup (24 PTS),Made Shot,Driving Reverse Layup Shot,1,488,21600937,2761,9.0,made_fg(24),2,3,likely_contested,"subType: contested-like, distance: at-rim/very close"
569,PT00M33.90S,4,1610612744,GSW,201939,Curry,S. Curry,140,213,25,Missed,1,0.0,0.0,0,v,MISS Curry 25' 3PT Pullup Jump Shot,Missed Shot,Pullup Jump shot,1,505,21600937,2847,9.0,def_reb(24),3,3,likely_contested,"subType: contested-like, text: pressure-move"
51,PT06M55.00S,1,1610612744,GSW,201939,Curry,S. Curry,1,28,3,Made,1,12.0,5.0,17,h,Curry 3' Driving Finger Roll Layup (5 PTS),Made Shot,Driving Finger Roll Layup Shot,1,47,21600959,305,5.0,final_ft(24),2,2,likely_contested,"distance: at-rim/very close, clock: late (<=5s)"
56,PT06M17.00S,1,1610612744,GSW,201939,Curry,S. Curry,-158,208,26,Made,1,15.0,7.0,22,h,Curry 26' 3PT Jump Shot (8 PTS),Made Shot,Jump Shot,1,53,21600959,343,9.0,made_fg(24),3,-1,likely_open,subType: open-like
78,PT03M54.00S,1,1610612744,GSW,201939,Curry,S. Curry,14,11,2,Made,1,19.0,15.0,34,h,Curry 2' Layup (10 PTS),Made Shot,Layup Shot,1,77,21600959,486,13.0,off_reb(14),2,1,borderline,distance: at-rim/very close
96,PT02M06.00S,1,1610612744,GSW,201939,Curry,S. Curry,168,208,27,Missed,1,0.0,0.0,0,h,MISS Curry 27' 3PT Jump Shot,Missed Shot,Jump Shot,1,93,21600959,594,9.0,made_fg(24),3,-2,likely_open,"subType: open-like, distance: deep above-break 3 (>=27ft)"
186,PT03M20.00S,2,1610612744,GSW,201939,Curry,S. Curry,99,80,13,Made,1,42.0,45.0,87,h,Curry 13' Floating Jump Shot (12 PTS),Made Shot,Floating Jump shot,1,184,21600959,1240,5.0,off_reb(14),2,4,likely_contested,"subType: contested-like, distance: mid-range, clock: late (<=5s)"
189,PT03M04.00S,2,1610612744,GSW,201939,Curry,S. Curry,99,252,27,Missed,1,0.0,0.0,0,h,MISS Curry 27' 3PT Jump Shot,Missed Shot,Jump Shot,1,188,21600959,1256,20.0,def_reb(24),3,-2,likely_open,"subType: open-like, distance: deep above-break 3 (>=27ft)"
241,PT11M15.00S,3,1610612744,GSW,201939,Curry,S. Curry,-228,56,0,Missed,1,0.0,0.0,0,h,MISS Curry  3PT Jump Shot,Missed Shot,Jump Shot,1,236,21600959,1485,,stale_reset(24),3,0,likely_open,"subType: open-like, distance: at-rim/very close"
297,PT05M20.00S,3,1610612744,GSW,201939,Curry,S. Curry,-47,264,27,Missed,1,0.0,0.0,0,h,MISS Curry 27' 3PT Jump Shot,Missed Shot,Jump Shot,1,286,21600959,1840,12.0,final_ft(24),3,-2,likely_open,"subType: open-like, distance: deep above-break 3 (>=27ft)"
305,PT04M39.00S,3,1610612744,GSW,201939,Curry,S. Curry,-6,16,2,Made,1,65.0,61.0,126,h,Curry 2' Driving Reverse Layup (14 PTS),Made Shot,Driving Reverse Layup Shot,1,295,21600959,1881,11.0,made_fg(24),2,3,likely_contested,"subType: contested-like, distance: at-rim/very close"
307,PT04M02.00S,3,1610612744,GSW,201939,Curry,S. Curry,-11,80,8,Missed,1,0.0,0.0,0,h,MISS Curry 8' Floating Jump Shot,Missed Shot,Floating Jump shot,1,297,21600959,1918,11.0,made_fg(24),2,3,likely_contested,"subType: contested-like, distance: mid-range"
311,PT03M45.00S,3,1610612744,GSW,201939,Curry,S. Curry,-134,182,23,Made,1,67.0,63.0,130,h,Curry 23' Jump Shot (16 PTS) (Thompson 1 AST),Made Shot,Jump Shot,1,301,21600959,1935,14.0,turnover(24),2,-1,likely_open,subType: open-like
339,PT02M19.00S,3,1610612744,GSW,201939,Curry,S. Curry,102,237,26,Missed,1,0.0,0.0,0,h,MISS Curry 26' 3PT Jump Shot,Missed Shot,Jump Shot,1,324,21600959,2021,8.0,final_ft(24),3,-1,likely_open,subType: open-like
346,PT01M40.00S,3,1610612744,GSW,201939,Curry,S. Curry,15,7,2,Made,1,71.0,67.0,138,h,Curry 2' Driving Reverse Layup (20 PTS) (Iguodala 1 AST),Made Shot,Driving Reverse Layup Shot,1,331,21600959,2060,16.0,def_reb(24),2,3,likely_contested,"subType: contested-like, distance: at-rim/very close"
360,PT00M21.90S,3,1610612744,GSW,201939,Curry,S. Curry,-220,146,26,Missed,1,0.0,0.0,0,h,MISS Curry 26' 3PT Jump Shot,Missed Shot,Jump Shot,1,344,21600959,2139,18.0,turnover(24),3,-1,likely_open,subType: open-like
371,PT00M00.60S,3,1610612744,GSW,201939,Curry,S. Curry,42,257,26,Made,1,74.0,72.0,146,h,Curry 26' 3PT Pullup Jump Shot (23 PTS),Made Shot,Pullup Jump shot,1,352,21600959,2160,6.0,final_ft(24),3,3,likely_contested,"subType: contested-like, text: pressure-move"
445,PT04M27.00S,4,1610612744,GSW,201939,Curry,S. Curry,-37,264,27,Missed,1,0.0,0.0,0,h,MISS Curry 27' 3PT Pullup Jump Shot,Missed Shot,Pullup Jump shot,1,427,21600959,2613,9.0,made_fg(24),3,2,likely_contested,"subType: contested-like, text: pressure-move, distance: deep above-break 3 (>=27ft)"
4,PT11M29.00S,1,1610612744,GSW,201939,Curry,S. Curry,94,36,10,Missed,1,0.0,0.0,0,v,MISS Curry 10' Floating Jump Shot,Missed Shot,Floating Jump shot,1,5,21600968,31,15.0,def_reb(24),2,3,likely_contested,"subType: contested-like, distance: mid-range"
20,PT08M37.00S,1,1610612744,GSW,201939,Curry,S. Curry,-219,110,25,Missed,1,0.0,0.0,0,v,MISS Curry 25' 3PT Jump Shot,Missed Shot,Jump Shot,1,22,21600968,203,11.0,made_fg(24),3,-1,likely_open,subType: open-like
54,PT05M25.00S,1,1610612744,GSW,201939,Curry,S. Curry,-19,-6,2,Made,1,18.0,15.0,33,v,Curry 2' Driving Layup (2 PTS) (Green 1 AST),Made Shot,Driving Layup Shot,1,55,21600968,395,15.0,final_ft(24),2,3,likely_contested,"subType: contested-like, distance: at-rim/very close"
60,PT04M52.00S,1,1610612744,GSW,201939,Curry,S. Curry,158,190,25,Missed,1,0.0,0.0,0,v,MISS Curry 25' 3PT Jump Shot,Missed Shot,Jump Shot,1,60,21600968,428,5.0,made_fg(24),3,0,likely_open,"subType: open-like, clock: late (<=5s)"
74,PT03M50.00S,1,1610612744,GSW,201939,Curry,S. Curry,-148,149,21,Made,1,23.0,18.0,41,v,Curry 21' Step Back Jump Shot (4 PTS),Made Shot,Step Back Jump shot,1,75,21600968,490,12.0,made_fg(24),2,3,likely_contested,"subType: contested-like, text: pressure-move"
84,PT02M30.00S,1,1610612744,GSW,201939,Curry,S. Curry,107,219,24,Missed,1,0.0,0.0,0,v,MISS Curry 24' 3PT Jump Shot,Missed Shot,Jump Shot,1,86,21600968,570,17.0,def_reb(24),3,-1,likely_open,subType: open-like
95,PT01M54.00S,1,1610612744,GSW,201939,Curry,S. Curry,10,16,2,Missed,1,0.0,0.0,0,v,MISS Curry 2' Cutting Layup Shot,Missed Shot,Cutting Layup Shot,1,95,21600968,606,14.0,def_reb(24),2,1,borderline,distance: at-rim/very close
107,PT01M03.00S,1,1610612744,GSW,201939,Curry,S. Curry,1,-1,0,Made,1,30.0,22.0,52,v,Curry  Driving Finger Roll Layup (6 PTS),Made Shot,Driving Finger Roll Layup Shot,1,105,21600968,657,14.0,def_reb(24),2,1,borderline,distance: at-rim/very close
118,PT00M02.10S,1,1610612744,GSW,201939,Curry,S. Curry,-17,28,3,Made,1,34.0,24.0,58,v,Curry 3' Driving Finger Roll Layup (8 PTS),Made Shot,Driving Finger Roll Layup Shot,1,115,21600968,718,9.0,made_fg(24),2,1,borderline,distance: at-rim/very close
201,PT04M01.00S,2,1610612744,GSW,201939,Curry,S. Curry,13,9,2,Missed,1,0.0,0.0,0,v,MISS Curry 2' Layup,Missed Shot,Layup Shot,1,189,21600968,1199,13.0,made_fg(24),2,1,borderline,distance: at-rim/very close
206,PT03M29.00S,2,1610612744,GSW,201939,Curry,S. Curry,-24,193,19,Made,1,54.0,39.0,93,v,Curry 19' Jump Shot (10 PTS) (Green 4 AST),Made Shot,Jump Shot,1,194,21600968,1231,7.0,made_fg(24),2,-1,likely_open,subType: open-like
220,PT01M49.00S,2,1610612744,GSW,201939,Curry,S. Curry,-1,247,25,Missed,1,0.0,0.0,0,v,MISS Curry 25' 3PT Step Back Jump Shot,Missed Shot,Step Back Jump shot,1,205,21600968,1331,5.0,made_fg(24),3,4,likely_contested,"subType: contested-like, text: pressure-move, clock: late (<=5s)"
238,PT00M11.20S,2,1610612744,GSW,201939,Curry,S. Curry,9,-6,1,Made,1,60.0,51.0,111,v,Curry 1' Driving Layup (12 PTS),Made Shot,Driving Layup Shot,1,223,21600968,1429,21.0,turnover(24),2,3,likely_contested,"subType: contested-like, distance: at-rim/very close"
273,PT07M59.00S,3,1610612744,GSW,201939,Curry,S. Curry,104,232,25,Made,1,71.0,64.0,135,v,Curry 25' 3PT Pullup Jump Shot (15 PTS),Made Shot,Pullup Jump shot,1,256,21600968,1681,9.0,keep_clock(23),3,3,likely_contested,"subType: contested-like, text: pressure-move"
283,PT07M01.00S,3,1610612744,GSW,201939,Curry,S. Curry,56,242,25,Missed,1,0.0,0.0,0,v,MISS Curry 25' 3PT Jump Shot,Missed Shot,Jump Shot,1,265,21600968,1739,17.0,def_reb(24),3,-1,likely_open,subType: open-like
297,PT05M29.00S,3,1610612744,GSW,201939,Curry,S. Curry,11,0,1,Missed,1,0.0,0.0,0,v,MISS Curry 1' Tip Layup Shot,Missed Shot,Tip Layup Shot,1,281,21600968,1831,18.0,def_reb(24),2,3,likely_contested,"subType: contested-like, distance: at-rim/very close"
302,PT05M24.00S,3,1610612744,GSW,201939,Curry,S. Curry,212,13,21,Missed,1,0.0,0.0,0,v,MISS Curry 21' Jump Shot,Missed Shot,Jump Shot,1,285,21600968,1836,12.0,off_reb(14),2,-1,likely_open,subType: open-like
314,PT04M37.00S,3,1610612744,GSW,201939,Curry,S. Curry,56,11,6,Missed,1,0.0,0.0,0,v,MISS Curry 6' Jump Shot,Missed Shot,Jump Shot,1,297,21600968,1883,12.0,off_reb(14),2,-1,likely_open,subType: open-like
344,PT02M17.00S,3,1610612744,GSW,201939,Curry,S. Curry,150,205,25,Missed,1,0.0,0.0,0,v,MISS Curry 25' 3PT Jump Shot,Missed Shot,Jump Shot,1,323,21600968,2023,4.0,made_fg(24),3,0,likely_open,"subType: open-like, clock: late (<=5s)"
359,PT01M18.00S,3,1610612744,GSW,201939,Curry,S. Curry,28,11,3,Missed,1,0.0,0.0,0,v,MISS Curry 3' Driving Layup,Missed Shot,Driving Layup Shot,1,338,21600968,2082,11.0,final_ft(24),2,3,likely_contested,"subType: contested-like, distance: at-rim/very close"
363,PT00M49.50S,3,1610612744,GSW,201939,Curry,S. Curry,4,8,1,Made,1,83.0,74.0,157,v,Curry 1' Driving Layup (17 PTS),Made Shot,Driving Layup Shot,1,342,21600968,2111,19.0,def_reb(24),2,3,likely_contested,"subType: contested-like, distance: at-rim/very close"
431,PT05M56.00S,4,1610612744,GSW,201939,Curry,S. Curry,128,210,25,Missed,1,0.0,0.0,0,v,MISS Curry 25' 3PT Jump Shot,Missed Shot,Jump Shot,1,399,21600968,2524,4.0,def_reb(24),3,0,likely_open,"subType: open-like, clock: late (<=5s)"
444,PT04M22.00S,4,1610612744,GSW,201939,Curry,S. Curry,4,0,0,Missed,1,0.0,0.0,0,v,MISS Curry  Layup,Missed Shot,Layup Shot,1,412,21600968,2618,11.0,off_reb(14),2,1,borderline,distance: at-rim/very close
488,PT02M13.00S,4,1610612744,GSW,201939,Curry,S. Curry,15,51,5,Made,1,101.0,100.0,201,v,Curry 5' Floating Jump Shot (24 PTS),Made Shot,Floating Jump shot,1,447,21600968,2747,10.0,final_ft(24),2,3,likely_contested,"subType: contested-like, distance: at-rim/very close"
513,PT00M24.90S,4,1610612744,GSW,201939,Curry,S. Curry,-9,183,18,Missed,1,0.0,0.0,0,v,MISS Curry 18' Jump Shot,Missed Shot,Jump Shot,1,466,21600968,2856,19.0,def_reb(24),2,-1,likely_open,subType: open-like
515,PT00M19.70S,4,1610612744,GSW,201939,Curry,S. Curry,99,139,17,Made,1,101.0,102.0,203,v,Curry 17' Floating Jump Shot (26 PTS),Made Shot,Floating Jump shot,1,468,21600968,2861,10.0,off_reb(14),2,2,likely_contested,subType: contested-like
528,PT00M05.20S,4,1610612744,GSW,201939,Curry,S. Curry,-133,116,18,Missed,1,0.0,0.0,0,v,MISS Curry 18' Jump Shot,Missed Shot,Jump Shot,1,477,21600968,2875,17.0,final_ft(24),2,-1,likely_open,subType: open-like
2,PT11M49.00S,1,1610612744,GSW,201939,Curry,S. Curry,37,249,25,Missed,1,0.0,0.0,0,h,MISS Curry 25' 3PT Jump Shot,Missed Shot,Jump Shot,1,3,21601003,11,13.0,jumpball(24),3,-1,likely_open,subType: open-like
10,PT10M35.00S,1,1610612744,GSW,201939,Curry,S. Curry,102,100,14,Made,1,2.0,6.0,8,h,Curry 14' Pullup Jump Shot (2 PTS) (Pachulia 1 AST),Made Shot,Pullup Jump shot,1,12,21601003,85,8.0,made_fg(24),2,4,likely_contested,"subType: contested-like, text: pressure-move, distance: mid-range"
48,PT07M51.00S,1,1610612744,GSW,201939,Curry,S. Curry,46,264,27,Missed,1,0.0,0.0,0,h,MISS Curry 27' 3PT Jump Shot,Missed Shot,Jump Shot,1,53,21601003,249,10.0,off_reb(14),3,-2,likely_open,"subType: open-like, distance: deep above-break 3 (>=27ft)"
51,PT07M44.00S,1,1610612744,GSW,201939,Curry,S. Curry,17,18,2,Missed,1,0.0,0.0,0,h,MISS Curry 2' Layup,Missed Shot,Layup Shot,1,57,21601003,256,7.0,off_reb(14),2,1,borderline,distance: at-rim/very close
84,PT05M21.00S,1,1610612744,GSW,201939,Curry,S. Curry,10,16,2,Made,1,20.0,15.0,35,h,Curry 2' Running Layup (6 PTS) (McCaw 2 AST),Made Shot,Running Layup Shot,1,87,21601003,399,19.0,turnover(24),2,3,likely_contested,"subType: contested-like, distance: at-rim/very close"
104,PT03M13.00S,1,1610612744,GSW,201939,Curry,S. Curry,-232,47,24,Made,1,25.0,24.0,49,h,Curry 24' 3PT Jump Shot (9 PTS) (Green 4 AST),Made Shot,Jump Shot,1,105,21601003,527,4.0,made_fg(24),3,-1,likely_open,"subType: open-like, coords: corner-3, corner: catch/spot, clock: late (<=5s)"
243,PT04M02.00S,2,1610612744,GSW,201939,Curry,S. Curry,140,169,22,Missed,1,0.0,0.0,0,h,MISS Curry 22' Jump Shot,Missed Shot,Jump Shot,1,234,21601003,1198,14.0,final_ft(24),2,-1,likely_open,subType: open-like
249,PT03M15.00S,2,1610612744,GSW,201939,Curry,S. Curry,-179,267,32,Missed,1,0.0,0.0,0,h,MISS Curry 32' 3PT Jump Shot,Missed Shot,Jump Shot,1,241,21601003,1245,17.0,def_reb(24),3,-2,likely_open,"subType: open-like, distance: deep above-break 3 (>=27ft)"
263,PT02M43.00S,2,1610612744,GSW,201939,Curry,S. Curry,2,205,21,Missed,1,0.0,0.0,0,h,MISS Curry 21' Turnaround Jump Shot,Missed Shot,Turnaround Jump Shot,1,252,21601003,1277,12.0,final_ft(24),2,0,likely_open,
281,PT01M38.00S,2,1610612744,GSW,201939,Curry,S. Curry,-11,257,26,Missed,1,0.0,0.0,0,h,MISS Curry 26' 3PT Jump Shot,Missed Shot,Jump Shot,1,268,21601003,1342,22.0,turnover(24),3,-1,likely_open,subType: open-like
319,PT10M46.00S,3,1610612744,GSW,201939,Curry,S. Curry,2,249,25,Missed,1,0.0,0.0,0,h,MISS Curry 25' 3PT Jump Shot,Missed Shot,Jump Shot,1,303,21601003,1514,9.0,final_ft(24),3,-1,likely_open,subType: open-like
353,PT08M17.00S,3,1610612744,GSW,201939,Curry,S. Curry,-11,51,5,Missed,1,0.0,0.0,0,h,MISS Curry 5' Jump Shot,Missed Shot,Jump Shot,1,336,21601003,1663,15.0,made_fg(24),2,0,likely_open,"subType: open-like, distance: at-rim/very close"
368,PT07M21.00S,3,1610612744,GSW,201939,Curry,S. Curry,2,272,27,Made,1,65.0,73.0,138,h,Curry 27' 3PT Pullup Jump Shot (17 PTS),Made Shot,Pullup Jump shot,1,350,21601003,1719,7.0,off_reb(14),3,2,likely_contested,"subType: contested-like, text: pressure-move, distance: deep above-break 3 (>=27ft)"
372,PT06M28.00S,3,1610612744,GSW,201939,Curry,S. Curry,-10,24,3,Missed,1,0.0,0.0,0,h,MISS Curry 3' Jump Shot,Missed Shot,Jump Shot,1,355,21601003,1772,7.0,made_fg(24),2,0,likely_open,"subType: open-like, distance: at-rim/very close"
379,PT06M00.00S,3,1610612744,GSW,201939,Curry,S. Curry,9,7,1,Missed,1,0.0,0.0,0,h,MISS Curry 1' Driving Reverse Layup,Missed Shot,Driving Reverse Layup Shot,1,365,21601003,1800,4.0,off_reb(14),2,4,likely_contested,"subType: contested-like, distance: at-rim/very close, clock: late (<=5s)"
395,PT04M46.00S,3,1610612744,GSW,201939,Curry,S. Curry,-1,97,10,Missed,1,0.0,0.0,0,h,MISS Curry 10' Floating Jump Shot,Missed Shot,Floating Jump shot,1,380,21601003,1874,11.0,made_fg(24),2,3,likely_contested,"subType: contested-like, distance: mid-range"
464,PT00M01.40S,3,1610612744,GSW,201939,Curry,S. Curry,230,31,0,Missed,1,0.0,0.0,0,h,MISS Curry  3PT Jump Shot,Missed Shot,Jump Shot,1,438,21601003,2159,7.0,turnover(24),3,-1,likely_open,"subType: open-like, distance: at-rim/very close, coords: corner-3, corner: catch/spot"
477,PT10M43.00S,4,1610612744,GSW,201939,Curry,S. Curry,73,254,26,Made,1,83.0,90.0,173,h,Curry 26' 3PT Jump Shot (20 PTS),Made Shot,Jump Shot,1,448,21601003,2237,,stale_reset(14),3,-1,likely_open,subType: open-like
490,PT09M55.00S,4,1610612744,GSW,201939,Curry,S. Curry,-47,185,19,Made,1,86.0,90.0,176,h,Curry 19' Turnaround Jump Shot (23 PTS),Made Shot,Turnaround Jump Shot,1,462,21601003,2285,14.0,def_reb(24),2,0,likely_open,
497,PT09M18.00S,4,1610612744,GSW,201939,Curry,S. Curry,-94,242,26,Missed,1,0.0,0.0,0,h,MISS Curry 26' 3PT Step Back Jump Shot,Missed Shot,Step Back Jump shot,1,469,21601003,2322,9.0,def_reb(24),3,3,likely_contested,"subType: contested-like, text: pressure-move"
532,PT06M17.00S,4,1610612744,GSW,201939,Curry,S. Curry,176,190,26,Missed,1,0.0,0.0,0,h,MISS Curry 26' 3PT Jump Shot,Missed Shot,Jump Shot,1,503,21601003,2503,17.0,def_reb(24),3,-1,likely_open,subType: open-like
536,PT05M51.00S,4,1610612744,GSW,201939,Curry,S. Curry,-158,223,27,Made,1,98.0,96.0,194,h,Curry 27' 3PT Pullup Jump Shot (26 PTS) (Barnes 2 AST),Made Shot,Pullup Jump shot,1,508,21601003,2529,19.0,def_reb(24),3,2,likely_contested,"subType: contested-like, text: pressure-move, distance: deep above-break 3 (>=27ft)"
554,PT03M42.00S,4,1610612744,GSW,201939,Curry,S. Curry,-227,11,0,Made,1,101.0,99.0,200,h,Curry  3PT Jump Shot (29 PTS) (Iguodala 3 AST),Made Shot,Jump Shot,1,528,21601003,2658,4.0,def_reb(24),3,0,likely_open,"subType: open-like, distance: at-rim/very close, coords: corner-3, corner: catch/spot, clock: late (<=5s)"
82,PT04M26.00S,1,1610612744,GSW,201939,Curry,S. Curry,-12,2,1,Made,1,26.0,10.0,36,h,Curry 1' Layup (2 PTS) (Iguodala 1 AST),Made Shot,Layup Shot,1,80,21601019,454,16.0,turnover(24),2,1,borderline,distance: at-rim/very close
135,PT00M00.50S,1,1610612744,GSW,201939,Curry,S. Curry,-201,193,28,Missed,1,0.0,0.0,0,h,MISS Curry 28' 3PT Step Back Jump Shot,Missed Shot,Step Back Jump shot,1,129,21601019,720,13.0,made_fg(24),3,2,likely_contested,"subType: contested-like, text: pressure-move, distance: deep above-break 3 (>=27ft)"
143,PT11M06.00S,2,1610612744,GSW,201939,Curry,S. Curry,71,38,8,Made,1,36.0,20.0,56,h,Curry 8' Turnaround Bank Shot (4 PTS),Made Shot,Turnaround Bank shot,1,137,21601019,774,8.0,turnover(24),2,3,likely_contested,"subType: contested-like, distance: mid-range"
146,PT10M45.00S,2,1610612744,GSW,201939,Curry,S. Curry,-4,11,1,Made,1,38.0,20.0,58,h,Curry 1' Running Finger Roll Layup (6 PTS),Made Shot,Running Finger Roll Layup Shot,1,141,21601019,795,19.0,def_reb(24),2,1,borderline,distance: at-rim/very close
168,PT09M37.00S,2,1610612744,GSW,201939,Curry,S. Curry,-220,129,26,Missed,1,0.0,0.0,0,h,MISS Curry 26' 3PT Jump Shot,Missed Shot,Jump Shot,1,160,21601019,863,20.0,def_reb(24),3,-1,likely_open,subType: open-like
184,PT08M19.00S,2,1610612744,GSW,201939,Curry,S. Curry,-173,203,27,Missed,1,0.0,0.0,0,h,MISS Curry 27' 3PT Jump Shot,Missed Shot,Jump Shot,1,175,21601019,941,12.0,made_fg(24),3,-2,likely_open,"subType: open-like, distance: deep above-break 3 (>=27ft)"
253,PT01M55.00S,2,1610612744,GSW,201939,Curry,S. Curry,97,244,26,Missed,1,0.0,0.0,0,h,MISS Curry 26' 3PT Jump Shot,Missed Shot,Jump Shot,1,239,21601019,1325,10.0,made_fg(24),3,-1,likely_open,subType: open-like
295,PT11M36.00S,3,1610612744,GSW,201939,Curry,S. Curry,112,244,27,Made,1,70.0,50.0,120,h,Curry 27' 3PT Jump Bank Shot (12 PTS) (Green 4 AST),Made Shot,Jump Bank Shot,1,273,21601019,1464,0.0,period_start(24),3,2,likely_contested,"subType: contested-like, distance: deep above-break 3 (>=27ft), clock: late (<=5s)"
297,PT11M03.00S,3,1610612744,GSW,201939,Curry,S. Curry,110,188,22,Missed,1,0.0,0.0,0,h,MISS Curry 22' Jump Shot,Missed Shot,Jump Shot,1,275,21601019,1497,13.0,made_fg(24),2,-1,likely_open,subType: open-like
321,PT07M55.00S,3,1610612744,GSW,201939,Curry,S. Curry,0,51,5,Made,1,78.0,56.0,134,h,Curry 5' Floating Jump Shot (14 PTS) (Green 6 AST),Made Shot,Floating Jump shot,1,299,21601019,1685,7.0,made_fg(24),2,3,likely_contested,"subType: contested-like, distance: at-rim/very close"
339,PT05M51.00S,3,1610612744,GSW,201939,Curry,S. Curry,22,18,3,Missed,1,0.0,0.0,0,h,MISS Curry 3' Cutting Layup Shot,Missed Shot,Cutting Layup Shot,1,318,21601019,1809,12.0,made_fg(24),2,1,borderline,distance: at-rim/very close
366,PT03M56.00S,3,1610612744,GSW,201939,Curry,S. Curry,35,257,26,Made,1,91.0,66.0,157,h,Curry 26' 3PT Pullup Jump Shot (17 PTS) (Livingston 1 AST),Made Shot,Pullup Jump shot,1,341,21601019,1924,7.0,off_reb(14),3,3,likely_contested,"subType: contested-like, text: pressure-move"
369,PT03M14.00S,3,1610612744,GSW,201939,Curry,S. Curry,-7,13,1,Made,1,93.0,66.0,159,h,Curry 1' Driving Reverse Layup (19 PTS),Made Shot,Driving Reverse Layup Shot,1,344,21601019,1966,9.0,def_reb(24),2,3,likely_contested,"subType: contested-like, distance: at-rim/very close"
393,PT00M54.90S,3,1610612744,GSW,201939,Curry,S. Curry,19,18,3,Made,1,99.0,71.0,170,h,Curry 3' Driving Finger Roll Layup (21 PTS),Made Shot,Driving Finger Roll Layup Shot,1,370,21601019,2106,14.0,made_fg(24),2,1,borderline,distance: at-rim/very close
411,PT00M01.70S,3,1610612744,GSW,201939,Curry,S. Curry,0,639,64,Missed,1,0.0,0.0,0,h,MISS Curry 64' 3PT Jump Shot,Missed Shot,Jump Shot,1,384,21601019,2159,21.0,def_reb(24),3,-2,likely_open,"subType: open-like, distance: deep above-break 3 (>=27ft)"
21,PT09M10.00S,1,1610612744,GSW,201939,Curry,S. Curry,9,21,2,Missed,1,0.0,0.0,0,h,MISS Curry 2' Layup,Missed Shot,Layup Shot,1,21,21601035,170,20.0,def_reb(24),2,1,borderline,distance: at-rim/very close
50,PT06M51.00S,1,1610612744,GSW,201939,Curry,S. Curry,-19,7,2,Made,1,9.0,17.0,26,h,Curry 2' Running Reverse Layup (2 PTS) (Green 2 AST),Made Shot,Running Reverse Layup Shot,1,52,21601035,309,18.0,turnover(24),2,1,borderline,distance: at-rim/very close
63,PT04M53.00S,1,1610612744,GSW,201939,Curry,S. Curry,-207,156,26,Made,1,14.0,25.0,39,h,Curry 26' 3PT Pullup Jump Shot (5 PTS) (Livingston 2 AST),Made Shot,Pullup Jump shot,1,65,21601035,427,12.0,made_fg(24),3,3,likely_contested,"subType: contested-like, text: pressure-move"
74,PT03M22.00S,1,1610612744,GSW,201939,Curry,S. Curry,94,252,27,Missed,1,0.0,0.0,0,h,MISS Curry 27' 3PT Pullup Jump Shot,Missed Shot,Pullup Jump shot,1,78,21601035,518,18.0,def_reb(24),3,2,likely_contested,"subType: contested-like, text: pressure-move, distance: deep above-break 3 (>=27ft)"
93,PT01M32.00S,1,1610612744,GSW,201939,Curry,S. Curry,120,228,26,Missed,1,0.0,0.0,0,h,MISS Curry 26' 3PT Jump Shot,Missed Shot,Jump Shot,1,98,21601035,628,16.0,def_reb(24),3,-1,likely_open,subType: open-like
103,PT00M35.00S,1,1610612744,GSW,201939,Curry,S. Curry,4,16,2,Made,1,24.0,29.0,53,h,Curry 2' Running Reverse Layup (7 PTS),Made Shot,Running Reverse Layup Shot,1,107,21601035,685,21.0,made_fg(24),2,1,borderline,distance: at-rim/very close
108,PT00M03.20S,1,1610612744,GSW,201939,Curry,S. Curry,-223,139,26,Made,1,27.0,29.0,56,h,Curry 26' 3PT Fadeaway Jumper (10 PTS),Made Shot,Fadeaway Jump Shot,1,112,21601035,717,16.0,def_reb(24),3,3,likely_contested,"subType: contested-like, text: pressure-move"
211,PT01M47.00S,2,1610612744,GSW,201939,Curry,S. Curry,-63,257,26,Made,1,56.0,40.0,96,h,Curry 26' 3PT Pullup Jump Shot (13 PTS) (Iguodala 2 AST),Made Shot,Pullup Jump shot,1,207,21601035,1333,10.0,off_reb(14),3,3,likely_contested,"subType: contested-like, text: pressure-move"
222,PT00M38.10S,2,1610612744,GSW,201939,Curry,S. Curry,1,13,1,Made,1,60.0,42.0,102,h,Curry 1' Driving Layup (15 PTS),Made Shot,Driving Layup Shot,1,219,21601035,1402,14.0,def_reb(24),2,3,likely_contested,"subType: contested-like, distance: at-rim/very close"
224,PT00M27.20S,2,1610612744,GSW,201939,Curry,S. Curry,-143,298,33,Made,1,63.0,44.0,107,h,Curry 33' 3PT Running Jump Shot (18 PTS),Made Shot,Running Jump Shot,1,221,21601035,1413,19.0,made_fg(24),3,-2,likely_open,"subType: open-like, distance: deep above-break 3 (>=27ft)"
280,PT07M36.00S,3,1610612744,GSW,201939,Curry,S. Curry,-163,193,25,Made,1,76.0,49.0,125,h,Curry 25' 3PT Pullup Jump Shot (21 PTS) (Green 6 AST),Made Shot,Pullup Jump shot,1,270,21601035,1704,14.0,def_reb(24),3,3,likely_contested,"subType: contested-like, text: pressure-move"
301,PT05M16.00S,3,1610612744,GSW,201939,Curry,S. Curry,-11,7,1,Missed,1,0.0,0.0,0,h,MISS Curry 1' Driving Reverse Layup,Missed Shot,Driving Reverse Layup Shot,1,291,21601035,1844,4.0,def_foul_14(14),2,4,likely_contested,"subType: contested-like, distance: at-rim/very close, clock: late (<=5s)"
332,PT02M18.00S,3,1610612744,GSW,201939,Curry,S. Curry,138,229,27,Made,1,88.0,61.0,149,h,Curry 27' 3PT Pullup Jump Shot (24 PTS) (Green 8 AST),Made Shot,Pullup Jump shot,1,317,21601035,2022,19.0,def_reb(24),3,2,likely_contested,"subType: contested-like, text: pressure-move, distance: deep above-break 3 (>=27ft)"
6,PT10M52.00S,1,1610612744,GSW,201939,Curry,S. Curry,-178,190,26,Made,1,4.0,3.0,7,v,Curry 26' 3PT Jump Shot (3 PTS) (Green 1 AST),Made Shot,Jump Shot,1,7,21601049,68,11.0,made_fg(24),3,-1,likely_open,subType: open-like
14,PT10M09.00S,1,1610612744,GSW,201939,Curry,S. Curry,-169,174,24,Missed,1,0.0,0.0,0,v,MISS Curry 24' 3PT Running Jump Shot,Missed Shot,Running Jump Shot,1,15,21601049,111,19.0,def_reb(24),3,-1,likely_open,subType: open-like
25,PT09M13.00S,1,1610612744,GSW,201939,Curry,S. Curry,-91,126,16,Missed,1,0.0,0.0,0,v,MISS Curry 16' Jump Shot,Missed Shot,Jump Shot,1,26,21601049,167,12.0,def_reb(24),2,0,likely_open,"subType: open-like, distance: mid-range"
34,PT08M33.00S,1,1610612744,GSW,201939,Curry,S. Curry,51,234,24,Made,1,8.0,6.0,14,v,Curry 24' 3PT Running Pull-Up Jump Shot (6 PTS),Made Shot,Running Pull-Up Jump Shot,1,35,21601049,207,19.0,def_reb(24),3,3,likely_contested,"subType: contested-like, text: pressure-move"
36,PT08M13.00S,1,1610612744,GSW,201939,Curry,S. Curry,0,1,0,Made,1,8.0,8.0,16,v,Curry  Running Dunk (8 PTS),Made Shot,Running Dunk Shot,1,38,21601049,227,20.0,turnover(24),2,3,likely_contested,"subType: contested-like, distance: at-rim/very close"
55,PT06M18.00S,1,1610612744,GSW,201939,Curry,S. Curry,-228,8,0,Made,1,12.0,13.0,25,v,Curry  3PT Running Jump Shot (11 PTS) (Thompson 1 AST),Made Shot,Running Jump Shot,1,56,21601049,342,18.0,def_reb(24),3,0,likely_open,"subType: open-like, distance: at-rim/very close, coords: corner-3"
58,PT05M50.00S,1,1610612744,GSW,201939,Curry,S. Curry,-42,257,26,Missed,1,0.0,0.0,0,v,MISS Curry 26' 3PT Running Pull-Up Jump Shot,Missed Shot,Running Pull-Up Jump Shot,1,59,21601049,370,18.0,def_reb(24),3,3,likely_contested,"subType: contested-like, text: pressure-move"
105,PT01M54.00S,1,1610612744,GSW,201939,Curry,S. Curry,132,203,24,Missed,1,0.0,0.0,0,v,MISS Curry 24' 3PT Step Back Jump Shot,Missed Shot,Step Back Jump shot,1,103,21601049,606,6.0,made_fg(24),3,3,likely_contested,"subType: contested-like, text: pressure-move"
111,PT01M29.00S,1,1610612744,GSW,201939,Curry,S. Curry,-4,3,1,Missed,1,0.0,0.0,0,v,MISS Curry 1' Driving Layup,Missed Shot,Driving Layup Shot,1,109,21601049,631,16.0,def_reb(24),2,3,likely_contested,"subType: contested-like, distance: at-rim/very close"
232,PT05M18.00S,2,1610612744,GSW,201939,Curry,S. Curry,1,41,4,Missed,1,0.0,0.0,0,v,MISS Curry 4' Floating Jump Shot,Missed Shot,Floating Jump shot,1,216,21601049,1122,2.0,made_fg(24),2,4,likely_contested,"subType: contested-like, distance: at-rim/very close, clock: late (<=5s)"
261,PT03M49.00S,2,1610612744,GSW,201939,Curry,S. Curry,-225,8,0,Made,1,33.0,48.0,81,v,Curry  3PT Step Back Jump Shot (14 PTS) (Barnes 2 AST),Made Shot,Step Back Jump shot,1,235,21601049,1211,0.0,final_ft(24),3,5,likely_contested,"subType: contested-like, text: pressure-move, distance: at-rim/very close, coords: corner-3, clock: late (<=5s)"
287,PT00M26.90S,2,1610612744,GSW,201939,Curry,S. Curry,-84,213,23,Missed,1,0.0,0.0,0,v,MISS Curry 23' Pullup Jump Shot,Missed Shot,Pullup Jump shot,1,259,21601049,1414,16.0,made_fg(24),2,3,likely_contested,"subType: contested-like, text: pressure-move"
296,PT00M00.00S,2,1610612744,GSW,201939,Curry,S. Curry,110,224,25,Made,1,39.0,59.0,98,v,Curry 25' 3PT Jump Shot (17 PTS) (Thompson 2 AST),Made Shot,Jump Shot,1,268,21601049,1440,19.0,keep_clock(24),3,-1,likely_open,subType: open-like
317,PT09M42.00S,3,1610612744,GSW,201939,Curry,S. Curry,150,213,26,Missed,1,0.0,0.0,0,v,MISS Curry 26' 3PT Jump Shot,Missed Shot,Jump Shot,1,287,21601049,1578,6.0,keep_clock(18),3,-1,likely_open,subType: open-like
365,PT06M08.00S,3,1610612744,GSW,201939,Curry,S. Curry,-9,239,24,Made,1,55.0,72.0,127,v,Curry 24' 3PT Jump Shot (20 PTS) (Green 6 AST),Made Shot,Jump Shot,1,328,21601049,1792,10.0,off_reb(14),3,-1,likely_open,subType: open-like
379,PT04M55.00S,3,1610612744,GSW,201939,Curry,S. Curry,227,56,0,Missed,1,0.0,0.0,0,v,MISS Curry  3PT Jump Shot,Missed Shot,Jump Shot,1,343,21601049,1865,12.0,turnover(24),3,0,likely_open,"subType: open-like, distance: at-rim/very close"
448,PT00M00.40S,3,1610612744,GSW,201939,Curry,S. Curry,-25,249,25,Made,1,66.0,92.0,158,v,Curry 25' 3PT Step Back Jump Shot (23 PTS),Made Shot,Step Back Jump shot,1,402,21601049,2160,10.0,made_fg(24),3,3,likely_contested,"subType: contested-like, text: pressure-move"
7,PT11M24.00S,1,1610612744,GSW,201939,Curry,S. Curry,-38,203,21,Missed,1,,,0,v,MISS Curry 21' Pullup Jump Shot,Missed Shot,Pullup Jump shot,1,7,21601055,36,14.0,def_reb(24),2,3,likely_contested,"subType: contested-like, text: pressure-move"
28,PT08M40.00S,1,1610612744,GSW,201939,Curry,S. Curry,12,-1,1,Made,1,6.0,9.0,15,v,Curry 1' Cutting Layup Shot (2 PTS) (Green 1 AST),Made Shot,Cutting Layup Shot,1,28,21601055,200,16.0,def_reb(24),2,1,borderline,distance: at-rim/very close
34,PT08M07.00S,1,1610612744,GSW,201939,Curry,S. Curry,24,193,19,Made,1,9.0,11.0,20,v,Curry 19' Pullup Jump Shot (4 PTS),Made Shot,Pullup Jump shot,1,31,21601055,233,9.0,made_fg(24),2,3,likely_contested,"subType: contested-like, text: pressure-move"
75,PT04M17.00S,1,1610612744,GSW,201939,Curry,S. Curry,146,228,27,Missed,1,,,0,v,MISS Curry 27' 3PT Jump Shot,Missed Shot,Jump Shot,1,67,21601055,463,12.0,made_fg(24),3,-2,likely_open,"subType: open-like, distance: deep above-break 3 (>=27ft)"
83,PT03M39.00S,1,1610612744,GSW,201939,Curry,S. Curry,169,198,26,Missed,1,,,0,v,MISS Curry 26' 3PT Jump Shot,Missed Shot,Jump Shot,1,76,21601055,501,7.0,def_foul_14(14),3,-1,likely_open,subType: open-like
106,PT01M15.00S,1,1610612744,GSW,201939,Curry,S. Curry,-227,2,0,Made,1,27.0,26.0,53,v,Curry 3PT Jump Shot (7 PTS) (Green 3 AST),Made Shot,Jump Shot,1,94,21601055,645,9.0,off_reb(14),3,-1,likely_open,"subType: open-like, distance: at-rim/very close, coords: corner-3, corner: catch/spot"
296,PT07M24.00S,3,1610612744,GSW,201939,Curry,S. Curry,-37,72,8,Made,1,59.0,74.0,133,v,Curry 8' Turnaround Jump Shot (9 PTS) (McCaw 2 AST),Made Shot,Turnaround Jump Shot,1,253,21601055,1716,6.0,made_fg(24),2,1,borderline,distance: mid-range
299,PT06M43.00S,3,1610612744,GSW,201939,Curry,S. Curry,-124,237,27,Made,1,61.0,77.0,138,v,Curry 27' 3PT Jump Shot (12 PTS),Made Shot,Jump Shot,1,256,21601055,1757,11.0,made_fg(24),3,-2,likely_open,"subType: open-like, distance: deep above-break 3 (>=27ft)"
302,PT06M18.00S,3,1610612744,GSW,201939,Curry,S. Curry,15,7,2,Made,1,61.0,79.0,140,v,Curry 2' Running Layup (14 PTS),Made Shot,Running Layup Shot,1,259,21601055,1782,21.0,turnover(24),2,3,likely_contested,"subType: contested-like, distance: at-rim/very close"
316,PT04M48.00S,3,1610612744,GSW,201939,Curry,S. Curry,-225,41,0,Missed,1,,,0,v,MISS Curry 3PT Jump Shot,Missed Shot,Jump Shot,1,276,21601055,1872,7.0,off_reb(14),3,-1,likely_open,"subType: open-like, distance: at-rim/very close, coords: corner-3, corner: catch/spot"
325,PT03M42.00S,3,1610612744,GSW,201939,Curry,S. Curry,233,3,0,Missed,1,,,0,v,MISS Curry 3PT Step Back Jump Shot,Missed Shot,Step Back Jump shot,1,285,21601055,1938,10.0,def_reb(24),3,4,likely_contested,"subType: contested-like, text: pressure-move, distance: at-rim/very close, coords: corner-3"
358,PT01M15.00S,3,1610612744,GSW,201939,Curry,S. Curry,-135,213,25,Made,1,70.0,88.0,158,v,Curry 25' 3PT Jump Shot (17 PTS) (Barnes 4 AST),Made Shot,Jump Shot,1,307,21601055,2085,11.0,off_reb(14),3,-1,likely_open,subType: open-like
361,PT00M52.30S,3,1610612744,GSW,201939,Curry,S. Curry,-201,139,24,Missed,1,,,0,v,MISS Curry 24' 3PT Jump Shot,Missed Shot,Jump Shot,1,310,21601055,2108,18.0,def_reb(24),3,-1,likely_open,subType: open-like
378,PT00M00.30S,3,1610612744,GSW,201939,Curry,S. Curry,191,452,49,Missed,1,,,0,v,MISS Curry 49' 3PT Running Jump Shot,Missed Shot,Running Jump Shot,1,322,21601055,2160,21.0,final_ft(24),3,-2,likely_open,"subType: open-like, distance: deep above-break 3 (>=27ft)"
3,PT11M35.00S,1,1610612744,GSW,201939,Curry,S. Curry,-184,174,25,Made,1,3.0,0.0,3,h,Curry 25' 3PT Jump Shot (3 PTS) (Green 1 AST),Made Shot,Jump Shot,1,5,21601081,25,7.0,turnover(24),3,-1,likely_open,subType: open-like
24,PT08M36.00S,1,1610612744,GSW,201939,Curry,S. Curry,-17,159,16,Made,1,7.0,8.0,15,h,Curry 16' Floating Jump Shot (5 PTS),Made Shot,Floating Jump shot,1,24,21601081,204,11.0,turnover(24),2,3,likely_contested,"subType: contested-like, distance: mid-range"
34,PT07M40.00S,1,1610612744,GSW,201939,Curry,S. Curry,-142,224,27,Missed,1,0.0,0.0,0,h,MISS Curry 27' 3PT Step Back Jump Shot,Missed Shot,Step Back Jump shot,1,31,21601081,260,15.0,def_reb(24),3,2,likely_contested,"subType: contested-like, text: pressure-move, distance: deep above-break 3 (>=27ft)"
72,PT03M00.00S,1,1610612744,GSW,201939,Curry,S. Curry,73,237,25,Missed,1,0.0,0.0,0,h,MISS Curry 25' 3PT Jump Shot,Missed Shot,Jump Shot,1,66,21601081,540,14.0,def_reb(24),3,-1,likely_open,subType: open-like
79,PT02M26.00S,1,1610612744,GSW,201939,Curry,S. Curry,55,262,27,Made,1,20.0,18.0,38,h,Curry 27' 3PT Jump Shot (8 PTS) (McGee 1 AST),Made Shot,Jump Shot,1,73,21601081,574,9.0,off_reb(14),3,-2,likely_open,"subType: open-like, distance: deep above-break 3 (>=27ft)"
81,PT01M39.00S,1,1610612744,GSW,201939,Curry,S. Curry,-40,100,11,Missed,1,0.0,0.0,0,h,MISS Curry 11' Turnaround Jump Shot,Missed Shot,Turnaround Jump Shot,1,75,21601081,621,,stale_reset(24),2,1,borderline,distance: mid-range
185,PT03M33.00S,2,1610612744,GSW,201939,Curry,S. Curry,-228,11,0,Missed,1,0.0,0.0,0,h,MISS Curry  3PT Jump Shot,Missed Shot,Jump Shot,1,177,21601081,1227,12.0,def_reb(24),3,-1,likely_open,"subType: open-like, distance: at-rim/very close, coords: corner-3, corner: catch/spot"
189,PT02M58.00S,2,1610612744,GSW,201939,Curry,S. Curry,155,208,26,Missed,1,0.0,0.0,0,h,MISS Curry 26' 3PT Jump Shot,Missed Shot,Jump Shot,1,182,21601081,1262,3.0,made_fg(24),3,0,likely_open,"subType: open-like, clock: late (<=5s)"
193,PT02M33.00S,2,1610612744,GSW,201939,Curry,S. Curry,-110,105,15,Made,1,53.0,41.0,94,h,Curry 15' Jump Shot (10 PTS) (Green 5 AST),Made Shot,Jump Shot,1,186,21601081,1287,14.0,def_reb(24),2,0,likely_open,"subType: open-like, distance: mid-range"
212,PT00M29.90S,2,1610612744,GSW,201939,Curry,S. Curry,-9,301,30,Missed,1,0.0,0.0,0,h,MISS Curry 30' 3PT Pullup Jump Shot,Missed Shot,Pullup Jump shot,1,204,21601081,1411,18.0,made_fg(24),3,2,likely_contested,"subType: contested-like, text: pressure-move, distance: deep above-break 3 (>=27ft)"
248,PT09M49.00S,3,1610612744,GSW,201939,Curry,S. Curry,-22,18,3,Made,1,64.0,55.0,119,h,Curry 3' Finger Roll Layup (14 PTS),Made Shot,Finger Roll Layup Shot,1,236,21601081,1571,10.0,off_reb(14),2,1,borderline,distance: at-rim/very close
275,PT07M14.00S,3,1610612744,GSW,201939,Curry,S. Curry,184,124,22,Made,1,71.0,60.0,131,h,Curry 22' Jump Shot (16 PTS) (Green 6 AST),Made Shot,Jump Shot,1,261,21601081,1726,11.0,turnover(24),2,-1,likely_open,subType: open-like
312,PT04M34.00S,3,1610612744,GSW,201939,Curry,S. Curry,6,51,5,Missed,1,0.0,0.0,0,h,MISS Curry 5' Driving Floating Jump Shot,Missed Shot,Driving Floating Jump Shot,1,296,21601081,1886,11.0,def_reb(24),2,3,likely_contested,"subType: contested-like, distance: at-rim/very close"
343,PT00M49.90S,3,1610612744,GSW,201939,Curry,S. Curry,-201,11,20,Missed,1,0.0,0.0,0,h,MISS Curry 20' Jump Shot,Missed Shot,Jump Shot,1,329,21601081,2111,13.0,made_fg(24),2,-1,likely_open,subType: open-like
438,PT05M04.00S,4,1610612744,GSW,201939,Curry,S. Curry,-197,180,27,Made,1,102.0,88.0,190,h,Curry 27' 3PT Pullup Jump Shot (21 PTS),Made Shot,Pullup Jump shot,1,419,21601081,2576,4.0,keep_clock(23),3,3,likely_contested,"subType: contested-like, text: pressure-move, distance: deep above-break 3 (>=27ft), clock: late (<=5s)"
444,PT04M12.00S,4,1610612744,GSW,201939,Curry,S. Curry,-192,178,26,Made,1,105.0,88.0,193,h,Curry 26' 3PT Jump Shot (24 PTS) (Green 7 AST),Made Shot,Jump Shot,1,426,21601081,2628,17.0,def_reb(24),3,-1,likely_open,subType: open-like
447,PT03M45.00S,4,1610612744,GSW,201939,Curry,S. Curry,-48,277,28,Made,1,108.0,88.0,196,h,Curry 28' 3PT Step Back Jump Shot (27 PTS) (Green 8 AST),Made Shot,Step Back Jump shot,1,429,21601081,2655,15.0,def_reb(24),3,2,likely_contested,"subType: contested-like, text: pressure-move, distance: deep above-break 3 (>=27ft)"
450,PT03M12.00S,4,1610612744,GSW,201939,Curry,S. Curry,-187,244,31,Missed,1,0.0,0.0,0,h,MISS Curry 31' 3PT Jump Shot,Missed Shot,Jump Shot,1,432,21601081,2688,16.0,def_reb(24),3,-2,likely_open,"subType: open-like, distance: deep above-break 3 (>=27ft)"
12,PT10M16.00S,1,1610612744,GSW,201939,Curry,S. Curry,-117,267,29,Missed,1,0.0,0.0,0,h,MISS Curry 29' 3PT Jump Shot,Missed Shot,Jump Shot,1,15,21601094,104,15.0,made_fg(24),3,-2,likely_open,"subType: open-like, distance: deep above-break 3 (>=27ft)"
15,PT09M55.00S,1,1610612744,GSW,201939,Curry,S. Curry,-235,8,24,Made,1,6.0,4.0,10,h,Curry 24' 3PT Jump Shot (3 PTS) (Thompson 1 AST),Made Shot,Jump Shot,1,19,21601094,125,12.0,turnover(24),3,-2,likely_open,"subType: open-like, coords: corner-3, corner: catch/spot"
20,PT08M48.00S,1,1610612744,GSW,201939,Curry,S. Curry,-11,21,2,Missed,1,0.0,0.0,0,h,MISS Curry 2' Running Reverse Layup,Missed Shot,Running Reverse Layup Shot,1,24,21601094,192,15.0,def_reb(24),2,1,borderline,distance: at-rim/very close
43,PT06M49.00S,1,1610612744,GSW,201939,Curry,S. Curry,-22,272,27,Missed,1,0.0,0.0,0,h,MISS Curry 27' 3PT Jump Shot,Missed Shot,Jump Shot,1,46,21601094,311,18.0,def_reb(24),3,-2,likely_open,"subType: open-like, distance: deep above-break 3 (>=27ft)"
61,PT04M36.00S,1,1610612744,GSW,201939,Curry,S. Curry,-176,200,27,Missed,1,0.0,0.0,0,h,MISS Curry 27' 3PT Jump Shot,Missed Shot,Jump Shot,1,62,21601094,444,10.0,made_fg(24),3,-2,likely_open,"subType: open-like, distance: deep above-break 3 (>=27ft)"
98,PT01M23.00S,1,1610612744,GSW,201939,Curry,S. Curry,-209,185,28,Made,1,23.0,23.0,46,h,Curry 28' 3PT Jump Shot (6 PTS) (Livingston 1 AST),Made Shot,Jump Shot,1,94,21601094,637,2.0,off_reb(14),3,-1,likely_open,"subType: open-like, distance: deep above-break 3 (>=27ft), clock: late (<=5s)"
102,PT00M07.60S,1,1610612744,GSW,201939,Curry,S. Curry,155,208,26,Missed,1,0.0,0.0,0,h,MISS Curry 26' 3PT Jump Shot,Missed Shot,Jump Shot,1,98,21601094,713,5.0,made_fg(24),3,0,likely_open,"subType: open-like, clock: late (<=5s)"
178,PT04M42.00S,2,1610612744,GSW,201939,Curry,S. Curry,-205,26,21,Missed,1,0.0,0.0,0,h,MISS Curry 21' Jump Shot,Missed Shot,Jump Shot,1,163,21601094,1158,9.0,def_reb(24),2,-1,likely_open,subType: open-like
196,PT03M17.00S,2,1610612744,GSW,201939,Curry,S. Curry,225,16,0,Made,1,46.0,45.0,91,h,Curry  3PT Step Back Jump Shot (9 PTS) (Livingston 3 AST),Made Shot,Step Back Jump shot,1,179,21601094,1243,7.0,made_fg(24),3,4,likely_contested,"subType: contested-like, text: pressure-move, distance: at-rim/very close, coords: corner-3"
212,PT01M44.00S,2,1610612744,GSW,201939,Curry,S. Curry,2,18,2,Made,1,50.0,48.0,98,h,Curry 2' Driving Layup (11 PTS) (Barnes 1 AST),Made Shot,Driving Layup Shot,1,195,21601094,1336,16.0,turnover(24),2,3,likely_contested,"subType: contested-like, distance: at-rim/very close"
257,PT10M34.00S,3,1610612744,GSW,201939,Curry,S. Curry,-63,267,27,Missed,1,0.0,0.0,0,h,MISS Curry 27' 3PT Jump Shot,Missed Shot,Jump Shot,1,233,21601094,1526,15.0,def_reb(24),3,-2,likely_open,"subType: open-like, distance: deep above-break 3 (>=27ft)"
276,PT08M09.00S,3,1610612744,GSW,201939,Curry,S. Curry,9,21,2,Missed,1,0.0,0.0,0,h,MISS Curry 2' Cutting Layup Shot,Missed Shot,Cutting Layup Shot,1,249,21601094,1671,16.0,def_reb(24),2,1,borderline,distance: at-rim/very close
349,PT00M58.20S,3,1610612744,GSW,201939,Curry,S. Curry,104,244,27,Missed,1,0.0,0.0,0,h,MISS Curry 27' 3PT Jump Shot,Missed Shot,Jump Shot,1,312,21601094,2102,2.0,made_fg(24),3,-1,likely_open,"subType: open-like, distance: deep above-break 3 (>=27ft), clock: late (<=5s)"
357,PT00M03.00S,3,1610612744,GSW,201939,Curry,S. Curry,-35,115,12,Made,1,83.0,81.0,164,h,Curry 12' Step Back Jump Shot (13 PTS),Made Shot,Step Back Jump shot,1,318,21601094,2157,2.0,made_fg(24),2,5,likely_contested,"subType: contested-like, text: pressure-move, distance: mid-range, clock: late (<=5s)"
429,PT04M57.00S,4,1610612744,GSW,201939,Curry,S. Curry,-19,247,25,Made,1,96.0,86.0,182,h,Curry 25' 3PT Jump Shot (16 PTS) (Livingston 4 AST),Made Shot,Jump Shot,1,390,21601094,2583,15.0,def_reb(24),3,-1,likely_open,subType: open-like
439,PT03M36.00S,4,1610612744,GSW,201939,Curry,S. Curry,151,223,27,Made,1,99.0,88.0,187,h,Curry 27' 3PT Step Back Jump Shot (19 PTS),Made Shot,Step Back Jump shot,1,398,21601094,2664,7.0,def_foul_14(14),3,2,likely_contested,"subType: contested-like, text: pressure-move, distance: deep above-break 3 (>=27ft)"
448,PT02M58.00S,4,1610612744,GSW,201939,Curry,S. Curry,137,100,17,Made,1,101.0,89.0,190,h,Curry 17' Turnaround Bank Shot (21 PTS),Made Shot,Turnaround Bank shot,1,405,21601094,2702,1.0,def_reb(24),2,3,likely_contested,"subType: contested-like, clock: late (<=5s)"
467,PT00M51.90S,4,1610612744,GSW,201939,Curry,S. Curry,133,262,29,Missed,1,0.0,0.0,0,h,MISS Curry 29' 3PT Jump Shot,Missed Shot,Jump Shot,1,427,21601094,2829,8.0,def_reb(24),3,-2,likely_open,"subType: open-like, distance: deep above-break 3 (>=27ft)"
8,PT10M39.00S,1,1610612744,GSW,201939,Curry,S. Curry,233,100,25,Made,1,2.0,7.0,9,v,Curry 25' 3PT Jump Shot (3 PTS) (McCaw 1 AST),Made Shot,Jump Shot,1,10,21601108,81,7.0,made_fg(24),3,-1,likely_open,subType: open-like
30,PT07M28.00S,1,1610612744,GSW,201939,Curry,S. Curry,1,80,8,Missed,1,0.0,0.0,0,v,MISS Curry 8' Fadeaway Jumper,Missed Shot,Fadeaway Jump Shot,1,32,21601108,272,9.0,def_reb(24),2,4,likely_contested,"subType: contested-like, text: pressure-move, distance: mid-range"
69,PT03M58.00S,1,1610612744,GSW,201939,Curry,S. Curry,73,237,25,Missed,1,0.0,0.0,0,v,MISS Curry 25' 3PT Pullup Jump Shot,Missed Shot,Pullup Jump shot,1,68,21601108,482,20.0,def_reb(24),3,3,likely_contested,"subType: contested-like, text: pressure-move"
73,PT03M29.00S,1,1610612744,GSW,201939,Curry,S. Curry,-2,-11,1,Made,1,16.0,29.0,45,v,Curry 1' Running Finger Roll Layup (5 PTS) (Iguodala 1 AST),Made Shot,Running Finger Roll Layup Shot,1,73,21601108,511,21.0,def_reb(24),2,1,borderline,distance: at-rim/very close
83,PT02M44.00S,1,1610612744,GSW,201939,Curry,S. Curry,12,-6,1,Made,1,16.0,33.0,49,v,Curry 1' Running Reverse Layup (7 PTS),Made Shot,Running Reverse Layup Shot,1,81,21601108,556,18.0,def_reb(24),2,1,borderline,distance: at-rim/very close
88,PT01M52.00S,1,1610612744,GSW,201939,Curry,S. Curry,120,208,24,Missed,1,0.0,0.0,0,v,MISS Curry 24' 3PT Jump Shot,Missed Shot,Jump Shot,1,87,21601108,608,1.0,made_fg(24),3,0,likely_open,"subType: open-like, clock: late (<=5s)"
194,PT05M23.00S,2,1610612744,GSW,201939,Curry,S. Curry,-16,-5,2,Made,1,36.0,51.0,87,v,Curry 2' Layup (9 PTS) (Green 2 AST),Made Shot,Layup Shot,1,176,21601108,1117,20.0,turnover(24),2,1,borderline,distance: at-rim/very close
203,PT04M34.00S,2,1610612744,GSW,201939,Curry,S. Curry,-161,144,22,Made,1,36.0,53.0,89,v,Curry 22' Jump Shot (11 PTS) (Livingston 2 AST),Made Shot,Jump Shot,1,184,21601108,1166,6.0,def_foul_14(14),2,-1,likely_open,subType: open-like
215,PT03M56.00S,2,1610612744,GSW,201939,Curry,S. Curry,86,234,25,Missed,1,0.0,0.0,0,v,MISS Curry 25' 3PT Jump Shot,Missed Shot,Jump Shot,1,192,21601108,1204,11.0,made_fg(24),3,-1,likely_open,subType: open-like
217,PT03M53.00S,2,1610612744,GSW,201939,Curry,S. Curry,-2,2,0,Made,1,40.0,55.0,95,v,Curry  Driving Layup (13 PTS),Made Shot,Driving Layup Shot,1,195,21601108,1207,12.0,off_reb(14),2,3,likely_contested,"subType: contested-like, distance: at-rim/very close"
232,PT02M54.00S,2,1610612744,GSW,201939,Curry,S. Curry,-60,242,25,Missed,1,0.0,0.0,0,v,MISS Curry 25' 3PT Jump Shot,Missed Shot,Jump Shot,1,207,21601108,1266,11.0,made_fg(24),3,-1,likely_open,subType: open-like
235,PT02M37.00S,2,1610612744,GSW,201939,Curry,S. Curry,-237,41,24,Missed,1,0.0,0.0,0,v,MISS Curry 24' 3PT Jump Shot,Missed Shot,Jump Shot,1,211,21601108,1283,19.0,turnover(24),3,-2,likely_open,"subType: open-like, coords: corner-3, corner: catch/spot"
237,PT02M31.00S,2,1610612744,GSW,201939,Curry,S. Curry,133,213,25,Missed,1,0.0,0.0,0,v,MISS Curry 25' 3PT Jump Shot,Missed Shot,Jump Shot,1,213,21601108,1289,10.0,off_reb(14),3,-1,likely_open,subType: open-like
268,PT00M34.90S,2,1610612744,GSW,201939,Curry,S. Curry,-20,254,25,Missed,1,0.0,0.0,0,v,MISS Curry 25' 3PT Jump Shot,Missed Shot,Jump Shot,1,236,21601108,1406,6.0,final_ft(24),3,-1,likely_open,subType: open-like
332,PT08M49.00S,3,1610612744,GSW,201939,Curry,S. Curry,0,3,0,Missed,1,0.0,0.0,0,v,MISS Curry  Layup,Missed Shot,Layup Shot,1,282,21601108,1631,3.0,def_violation_14(14),2,2,likely_contested,"distance: at-rim/very close, clock: late (<=5s)"
337,PT08M12.00S,3,1610612744,GSW,201939,Curry,S. Curry,-174,178,25,Made,1,62.0,70.0,132,v,Curry 25' 3PT Step Back Jump Shot (19 PTS),Made Shot,Step Back Jump shot,1,288,21601108,1668,10.0,made_fg(24),3,3,likely_contested,"subType: contested-like, text: pressure-move"
448,PT11M01.00S,4,1610612744,GSW,201939,Curry,S. Curry,61,129,14,Missed,1,0.0,0.0,0,v,MISS Curry 14' Jump Shot,Missed Shot,Jump Shot,1,382,21601108,2219,10.0,made_fg(24),2,0,likely_open,"subType: open-like, distance: mid-range"
461,PT10M18.00S,4,1610612744,GSW,201939,Curry,S. Curry,135,3,14,Made,1,80.0,89.0,169,v,Curry 14' Jump Shot (23 PTS) (Iguodala 7 AST),Made Shot,Jump Shot,1,392,21601108,2262,10.0,def_foul_14(14),2,0,likely_open,"subType: open-like, distance: mid-range"
465,PT09M36.00S,4,1610612744,GSW,201939,Curry,S. Curry,-4,-5,1,Made,1,82.0,91.0,173,v,Curry 1' Cutting Layup Shot (25 PTS) (West 4 AST),Made Shot,Cutting Layup Shot,1,395,21601108,2304,2.0,made_fg(24),2,2,likely_contested,"distance: at-rim/very close, clock: late (<=5s)"
475,PT08M28.00S,4,1610612744,GSW,201939,Curry,S. Curry,110,219,25,Missed,1,0.0,0.0,0,v,MISS Curry 25' 3PT Jump Shot,Missed Shot,Jump Shot,1,404,21601108,2372,5.0,def_reb(24),3,0,likely_open,"subType: open-like, clock: late (<=5s)"
583,PT01M46.00S,4,1610612744,GSW,201939,Curry,S. Curry,9,259,26,Made,1,99.0,110.0,209,v,Curry 26' 3PT Jump Shot (30 PTS),Made Shot,Jump Shot,1,480,21601108,2774,8.0,def_reb(24),3,-1,likely_open,subType: open-like
592,PT00M45.40S,4,1610612744,GSW,201939,Curry,S. Curry,-53,174,18,Made,1,104.0,112.0,216,v,Curry 18' Step Back Jump Shot (32 PTS),Made Shot,Step Back Jump shot,1,486,21601108,2835,9.0,made_fg(24),2,3,likely_contested,"subType: contested-like, text: pressure-move"
28,PT09M09.00S,1,1610612744,GSW,201939,Curry,S. Curry,-97,190,21,Missed,1,0.0,0.0,0,v,MISS Curry 21' Pullup Jump Shot,Missed Shot,Pullup Jump shot,1,26,21601118,171,7.0,made_fg(24),2,3,likely_contested,"subType: contested-like, text: pressure-move"
41,PT07M46.00S,1,1610612744,GSW,201939,Curry,S. Curry,-225,115,25,Made,1,15.0,3.0,18,v,Curry 25' 3PT Step Back Jump Shot (3 PTS),Made Shot,Step Back Jump shot,1,41,21601118,254,12.0,made_fg(24),3,3,likely_contested,"subType: contested-like, text: pressure-move"
63,PT06M17.00S,1,1610612744,GSW,201939,Curry,S. Curry,117,26,12,Missed,1,0.0,0.0,0,v,MISS Curry 12' Jump Bank Shot,Missed Shot,Jump Bank Shot,1,62,21601118,343,9.0,final_ft(24),2,3,likely_contested,"subType: contested-like, distance: mid-range"
117,PT01M49.00S,1,1610612744,GSW,201939,Curry,S. Curry,-2,8,1,Missed,1,0.0,0.0,0,v,MISS Curry 1' Driving Finger Roll Layup,Missed Shot,Driving Finger Roll Layup Shot,1,108,21601118,611,12.0,def_reb(24),2,1,borderline,distance: at-rim/very close
203,PT05M19.00S,2,1610612744,GSW,201939,Curry,S. Curry,-22,2,2,Missed,1,0.0,0.0,0,v,MISS Curry 2' Reverse Layup,Missed Shot,Reverse Layup Shot,1,188,21601118,1121,13.0,made_fg(24),2,3,likely_contested,"subType: contested-like, distance: at-rim/very close"
223,PT03M00.00S,2,1610612744,GSW,201939,Curry,S. Curry,114,262,29,Missed,1,0.0,0.0,0,v,MISS Curry 29' 3PT Pullup Jump Shot,Missed Shot,Pullup Jump shot,1,210,21601118,1260,12.0,made_fg(24),3,2,likely_contested,"subType: contested-like, text: pressure-move, distance: deep above-break 3 (>=27ft)"
235,PT02M02.00S,2,1610612744,GSW,201939,Curry,S. Curry,-2,-11,1,Missed,1,0.0,0.0,0,v,MISS Curry 1' Layup,Missed Shot,Layup Shot,1,222,21601118,1318,11.0,off_reb(14),2,1,borderline,distance: at-rim/very close
239,PT01M40.00S,2,1610612744,GSW,201939,Curry,S. Curry,28,0,3,Made,1,52.0,47.0,99,v,Curry 3' Cutting Finger Roll Layup Shot (10 PTS) (Pachulia 2 AST),Made Shot,Cutting Finger Roll Layup Shot,1,227,21601118,1340,12.0,def_reb(24),2,1,borderline,distance: at-rim/very close
248,PT00M49.70S,2,1610612744,GSW,201939,Curry,S. Curry,-19,2,2,Made,1,55.0,52.0,107,v,Curry 2' Driving Finger Roll Layup (12 PTS),Made Shot,Driving Finger Roll Layup Shot,1,235,21601118,1391,17.0,turnover(24),2,1,borderline,distance: at-rim/very close
290,PT09M21.00S,3,1610612744,GSW,201939,Curry,S. Curry,173,203,27,Made,1,57.0,62.0,119,v,Curry 27' 3PT Jump Shot (17 PTS) (Barnes 3 AST),Made Shot,Jump Shot,1,276,21601118,1599,11.0,off_reb(14),3,-2,likely_open,"subType: open-like, distance: deep above-break 3 (>=27ft)"
314,PT07M34.00S,3,1610612744,GSW,201939,Curry,S. Curry,197,165,26,Made,1,59.0,67.0,126,v,Curry 26' 3PT Jump Shot (20 PTS) (Green 2 AST),Made Shot,Jump Shot,1,295,21601118,1706,14.0,def_reb(24),3,-1,likely_open,subType: open-like
321,PT06M54.00S,3,1610612744,GSW,201939,Curry,S. Curry,43,277,28,Missed,1,0.0,0.0,0,v,MISS Curry 28' 3PT Pullup Jump Shot,Missed Shot,Pullup Jump shot,1,302,21601118,1746,19.0,def_reb(24),3,2,likely_contested,"subType: contested-like, text: pressure-move, distance: deep above-break 3 (>=27ft)"
339,PT05M52.00S,3,1610612744,GSW,201939,Curry,S. Curry,194,165,25,Made,1,63.0,70.0,133,v,Curry 25' 3PT Jump Shot (23 PTS) (Iguodala 1 AST),Made Shot,Jump Shot,1,315,21601118,1808,7.0,final_ft(24),3,-1,likely_open,subType: open-like
346,PT05M22.00S,3,1610612744,GSW,201939,Curry,S. Curry,9,-5,1,Made,1,65.0,72.0,137,v,Curry 1' Driving Finger Roll Layup (25 PTS),Made Shot,Driving Finger Roll Layup Shot,1,320,21601118,1838,8.0,final_ft(24),2,1,borderline,distance: at-rim/very close
360,PT03M16.00S,3,1610612744,GSW,201939,Curry,S. Curry,-34,282,28,Missed,1,0.0,0.0,0,v,MISS Curry 28' 3PT Jump Shot,Missed Shot,Jump Shot,1,336,21601118,1964,13.0,def_reb(24),3,-2,likely_open,"subType: open-like, distance: deep above-break 3 (>=27ft)"
380,PT02M13.00S,3,1610612744,GSW,201939,Curry,S. Curry,28,-5,3,Missed,1,0.0,0.0,0,v,MISS Curry 3' Layup,Missed Shot,Layup Shot,1,353,21601118,2027,10.0,final_ft(24),2,1,borderline,distance: at-rim/very close
399,PT00M08.90S,3,1610612744,GSW,201939,Curry,S. Curry,0,1,0,Made,1,77.0,84.0,161,v,Curry  Dunk (27 PTS) (Livingston 3 AST),Made Shot,Dunk Shot,1,371,21601118,2152,23.0,def_reb(24),2,1,borderline,distance: at-rim/very close
407,PT00M01.10S,3,1610612744,GSW,201939,Curry,S. Curry,30,385,39,Missed,1,0.0,0.0,0,v,MISS Curry 39' 3PT Jump Shot,Missed Shot,Jump Shot,1,376,21601118,2159,22.0,turnover(24),3,-2,likely_open,"subType: open-like, distance: deep above-break 3 (>=27ft)"
461,PT04M43.00S,4,1610612744,GSW,201939,Curry,S. Curry,97,31,10,Missed,1,0.0,0.0,0,v,MISS Curry 10' Driving Floating Bank Jump Shot,Missed Shot,Driving Floating Bank Jump Shot,1,428,21601118,2597,16.0,def_reb(24),2,3,likely_contested,"subType: contested-like, distance: mid-range"
495,PT02M08.00S,4,1610612744,GSW,201939,Curry,S. Curry,-6,8,1,Made,1,96.0,107.0,203,v,Curry 1' Driving Layup (29 PTS) (Green 4 AST),Made Shot,Driving Layup Shot,1,457,21601118,2752,3.0,off_reb(14),2,4,likely_contested,"subType: contested-like, distance: at-rim/very close, clock: late (<=5s)"
13,PT10M41.00S,1,1610612744,GSW,201939,Curry,S. Curry,42,249,25,Made,1,7.0,2.0,9,h,Curry 25' 3PT Running Jump Shot (3 PTS) (Green 1 AST),Made Shot,Running Jump Shot,1,12,21601136,79,17.0,turnover(24),3,-1,likely_open,subType: open-like
28,PT08M30.00S,1,1610612744,GSW,201939,Curry,S. Curry,110,129,17,Missed,1,0.0,0.0,0,h,MISS Curry 17' Turnaround Fadeaway Shot,Missed Shot,Turnaround Fadeaway shot,1,27,21601136,210,14.0,final_ft(24),2,3,likely_contested,"subType: contested-like, text: pressure-move"
57,PT05M35.00S,1,1610612744,GSW,201939,Curry,S. Curry,-16,149,15,Missed,1,0.0,0.0,0,h,MISS Curry 15' Step Back Jump Shot,Missed Shot,Step Back Jump shot,1,57,21601136,385,19.0,turnover(24),2,4,likely_contested,"subType: contested-like, text: pressure-move, distance: mid-range"
77,PT03M43.00S,1,1610612744,GSW,201939,Curry,S. Curry,2,18,2,Missed,1,0.0,0.0,0,h,MISS Curry 2' Layup,Missed Shot,Layup Shot,1,80,21601136,497,18.0,turnover(24),2,1,borderline,distance: at-rim/very close
85,PT03M25.00S,1,1610612744,GSW,201939,Curry,S. Curry,-119,154,19,Made,1,18.0,20.0,38,h,Curry 19' Step Back Jump Shot (5 PTS),Made Shot,Step Back Jump shot,1,87,21601136,515,11.0,final_ft(24),2,3,likely_contested,"subType: contested-like, text: pressure-move"
97,PT02M17.00S,1,1610612744,GSW,201939,Curry,S. Curry,87,249,26,Missed,1,0.0,0.0,0,h,MISS Curry 26' 3PT Jump Shot,Missed Shot,Jump Shot,1,97,21601136,583,9.0,made_fg(24),3,-1,likely_open,subType: open-like
99,PT02M11.00S,1,1610612744,GSW,201939,Curry,S. Curry,51,116,13,Missed,1,0.0,0.0,0,h,MISS Curry 13' Jump Shot,Missed Shot,Jump Shot,1,99,21601136,589,9.0,off_reb(14),2,0,likely_open,"subType: open-like, distance: mid-range"
199,PT04M39.00S,2,1610612744,GSW,201939,Curry,S. Curry,-214,149,26,Missed,1,0.0,0.0,0,h,MISS Curry 26' 3PT Jump Shot,Missed Shot,Jump Shot,1,195,21601136,1161,13.0,turnover(24),3,-1,likely_open,subType: open-like
240,PT01M41.00S,2,1610612744,GSW,201939,Curry,S. Curry,-129,141,19,Missed,1,0.0,0.0,0,h,MISS Curry 19' Jump Shot,Missed Shot,Jump Shot,1,233,21601136,1339,6.0,made_fg(24),2,-1,likely_open,subType: open-like
285,PT09M15.00S,3,1610612744,GSW,201939,Curry,S. Curry,12,7,1,Made,1,65.0,67.0,132,h,Curry 1' Driving Finger Roll Layup (7 PTS),Made Shot,Driving Finger Roll Layup Shot,1,272,21601136,1605,7.0,def_reb(24),2,1,borderline,distance: at-rim/very close
317,PT06M22.00S,3,1610612744,GSW,201939,Curry,S. Curry,230,65,24,Made,1,70.0,72.0,142,h,Curry 24' 3PT Running Jump Shot (10 PTS) (Thompson 3 AST),Made Shot,Running Jump Shot,1,303,21601136,1778,18.0,def_reb(24),3,-1,likely_open,subType: open-like
329,PT05M31.00S,3,1610612744,GSW,201939,Curry,S. Curry,171,213,27,Missed,1,0.0,0.0,0,h,MISS Curry 27' 3PT Jump Shot,Missed Shot,Jump Shot,1,317,21601136,1829,11.0,made_fg(24),3,-2,likely_open,"subType: open-like, distance: deep above-break 3 (>=27ft)"
342,PT04M48.00S,3,1610612744,GSW,201939,Curry,S. Curry,-4,291,29,Missed,1,0.0,0.0,0,h,MISS Curry 29' 3PT Jump Shot,Missed Shot,Jump Shot,1,329,21601136,1872,7.0,off_reb(14),3,-2,likely_open,"subType: open-like, distance: deep above-break 3 (>=27ft)"
362,PT03M28.00S,3,1610612744,GSW,201939,Curry,S. Curry,-1,21,2,Made,1,75.0,78.0,153,h,Curry 2' Driving Finger Roll Layup (13 PTS),Made Shot,Driving Finger Roll Layup Shot,1,348,21601136,1952,10.0,made_fg(24),2,1,borderline,distance: at-rim/very close
366,PT02M40.00S,3,1610612744,GSW,201939,Curry,S. Curry,207,144,25,Made,1,78.0,80.0,158,h,Curry 25' 3PT Jump Shot (16 PTS) (Iguodala 3 AST),Made Shot,Jump Shot,1,353,21601136,2000,5.0,made_fg(24),3,0,likely_open,"subType: open-like, clock: late (<=5s)"
495,PT02M22.00S,4,1610612744,GSW,201939,Curry,S. Curry,161,232,28,Made,1,103.0,95.0,198,h,Curry 28' 3PT Pullup Jump Shot (22 PTS),Made Shot,Pullup Jump shot,1,471,21601136,2738,5.0,made_fg(24),3,3,likely_contested,"subType: contested-like, text: pressure-move, distance: deep above-break 3 (>=27ft), clock: late (<=5s)"
508,PT01M11.00S,4,1610612744,GSW,201939,Curry,S. Curry,76,282,29,Missed,1,0.0,0.0,0,h,MISS Curry 29' 3PT Jump Shot,Missed Shot,Jump Shot,1,483,21601136,2809,8.0,turnover(24),3,-2,likely_open,"subType: open-like, distance: deep above-break 3 (>=27ft)"
510,PT00M46.80S,4,1610612744,GSW,201939,Curry,S. Curry,-91,61,11,Made,1,105.0,96.0,201,h,Curry 11' Turnaround Bank Shot (24 PTS),Made Shot,Turnaround Bank shot,1,488,21601136,2834,12.0,off_reb(14),2,3,likely_contested,"subType: contested-like, distance: mid-range"
7,PT11M04.00S,1,1610612744,GSW,201939,Curry,S. Curry,182,183,26,Made,1,6.0,0.0,6,h,Curry 26' 3PT Pullup Jump Shot (3 PTS) (Green 1 AST),Made Shot,Pullup Jump shot,1,8,21601152,56,13.0,def_reb(24),3,3,likely_contested,"subType: contested-like, text: pressure-move"
27,PT09M12.00S,1,1610612744,GSW,201939,Curry,S. Curry,-217,164,27,Made,1,11.0,5.0,16,h,Curry 27' 3PT Pullup Jump Shot (6 PTS) (Green 2 AST),Made Shot,Pullup Jump shot,1,29,21601152,168,7.0,off_reb(14),3,2,likely_contested,"subType: contested-like, text: pressure-move, distance: deep above-break 3 (>=27ft)"
35,PT08M27.00S,1,1610612744,GSW,201939,Curry,S. Curry,-237,11,24,Made,1,14.0,8.0,22,h,Curry 24' 3PT Pullup Jump Shot (9 PTS) (McCaw 1 AST),Made Shot,Pullup Jump shot,1,37,21601152,213,5.0,final_ft(24),3,4,likely_contested,"subType: contested-like, text: pressure-move, coords: corner-3, clock: late (<=5s)"
52,PT06M16.00S,1,1610612744,GSW,201939,Curry,S. Curry,-225,146,27,Missed,1,0.0,0.0,0,h,MISS Curry 27' 3PT Pullup Jump Shot,Missed Shot,Pullup Jump shot,1,53,21601152,344,8.0,made_fg(24),3,2,likely_contested,"subType: contested-like, text: pressure-move, distance: deep above-break 3 (>=27ft)"
70,PT04M39.00S,1,1610612744,GSW,201939,Curry,S. Curry,151,219,27,Made,1,23.0,18.0,41,h,Curry 27' 3PT Jump Shot (12 PTS) (Pachulia 1 AST),Made Shot,Jump Shot,1,68,21601152,441,7.0,made_fg(24),3,-2,likely_open,"subType: open-like, distance: deep above-break 3 (>=27ft)"
106,PT00M46.30S,1,1610612744,GSW,201939,Curry,S. Curry,-39,9,4,Missed,1,0.0,0.0,0,h,MISS Curry 4' Layup,Missed Shot,Layup Shot,1,105,21601152,674,20.0,def_reb(24),2,1,borderline,distance: at-rim/very close
207,PT04M01.00S,2,1610612744,GSW,201939,Curry,S. Curry,173,193,26,Missed,1,0.0,0.0,0,h,MISS Curry 26' 3PT Jump Shot,Missed Shot,Jump Shot,1,191,21601152,1199,7.0,made_fg(24),3,-1,likely_open,subType: open-like
225,PT01M52.00S,2,1610612744,GSW,201939,Curry,S. Curry,204,160,26,Made,1,58.0,53.0,111,h,Curry 26' 3PT Jump Shot (15 PTS) (Green 7 AST),Made Shot,Jump Shot,1,211,21601152,1328,5.0,made_fg(24),3,0,likely_open,"subType: open-like, clock: late (<=5s)"
227,PT01M25.00S,2,1610612744,GSW,201939,Curry,S. Curry,63,259,27,Made,1,61.0,53.0,114,h,Curry 27' 3PT Running Jump Shot (18 PTS) (Iguodala 1 AST),Made Shot,Running Jump Shot,1,214,21601152,1355,16.0,turnover(24),3,-2,likely_open,"subType: open-like, distance: deep above-break 3 (>=27ft)"
232,PT01M14.00S,2,1610612744,GSW,201939,Curry,S. Curry,-1,28,3,Made,1,63.0,53.0,116,h,Curry 3' Running Layup (20 PTS),Made Shot,Running Layup Shot,1,220,21601152,1366,20.0,turnover(24),2,3,likely_contested,"subType: contested-like, distance: at-rim/very close"
235,PT00M50.20S,2,1610612744,GSW,201939,Curry,S. Curry,-1,7,1,Made,1,65.0,53.0,118,h,Curry 1' Cutting Layup Shot (22 PTS) (Iguodala 2 AST),Made Shot,Cutting Layup Shot,1,222,21601152,1390,14.0,turnover(24),2,1,borderline,distance: at-rim/very close
241,PT00M28.90S,2,1610612744,GSW,201939,Curry,S. Curry,130,214,25,Missed,1,0.0,0.0,0,h,MISS Curry 25' 3PT Jump Shot,Missed Shot,Jump Shot,1,226,21601152,1412,9.0,final_ft(24),3,-1,likely_open,subType: open-like
276,PT09M19.00S,3,1610612744,GSW,201939,Curry,S. Curry,189,190,27,Made,1,80.0,66.0,146,h,Curry 27' 3PT Jump Shot (25 PTS) (Green 9 AST),Made Shot,Jump Shot,1,256,21601152,1601,10.0,made_fg(24),3,-2,likely_open,"subType: open-like, distance: deep above-break 3 (>=27ft)"
279,PT08M44.00S,3,1610612744,GSW,201939,Curry,S. Curry,-107,149,18,Missed,1,0.0,0.0,0,h,MISS Curry 18' Jump Shot,Missed Shot,Jump Shot,1,259,21601152,1636,8.0,def_reb(24),2,-1,likely_open,subType: open-like
339,PT04M13.00S,3,1610612744,GSW,201939,Curry,S. Curry,15,26,3,Made,1,94.0,76.0,170,h,Curry 3' Driving Finger Roll Layup (27 PTS),Made Shot,Driving Finger Roll Layup Shot,1,315,21601152,1907,5.0,final_ft(24),2,2,likely_contested,"distance: at-rim/very close, clock: late (<=5s)"
357,PT03M36.00S,3,1610612744,GSW,201939,Curry,S. Curry,0,16,2,Made,1,97.0,78.0,175,h,Curry 2' Running Reverse Layup (30 PTS),Made Shot,Running Reverse Layup Shot,1,331,21601152,1944,14.0,final_ft(24),2,1,borderline,distance: at-rim/very close
361,PT03M06.00S,3,1610612744,GSW,201939,Curry,S. Curry,151,228,27,Made,1,100.0,78.0,178,h,Curry 27' 3PT Pullup Jump Shot (33 PTS),Made Shot,Pullup Jump shot,1,335,21601152,1974,15.0,turnover(24),3,2,likely_contested,"subType: contested-like, text: pressure-move, distance: deep above-break 3 (>=27ft)"
378,PT01M42.00S,3,1610612744,GSW,201939,Curry,S. Curry,51,249,25,Missed,1,0.0,0.0,0,h,MISS Curry 25' 3PT Jump Shot,Missed Shot,Jump Shot,1,350,21601152,2058,12.0,made_fg(24),3,-1,likely_open,subType: open-like
388,PT00M49.90S,3,1610612744,GSW,201939,Curry,S. Curry,63,97,12,Made,1,104.0,88.0,192,h,Curry 12' Floating Jump Shot (37 PTS) (Iguodala 3 AST),Made Shot,Floating Jump shot,1,358,21601152,2111,7.0,made_fg(24),2,3,likely_contested,"subType: contested-like, distance: mid-range"
467,PT05M20.00S,4,1610612744,GSW,201939,Curry,S. Curry,163,193,25,Missed,1,0.0,0.0,0,h,MISS Curry 25' 3PT Jump Shot,Missed Shot,Jump Shot,1,431,21601152,2560,4.0,made_fg(24),3,0,likely_open,"subType: open-like, clock: late (<=5s)"
495,PT02M52.00S,4,1610612744,GSW,201939,Curry,S. Curry,151,223,27,Made,1,128.0,111.0,239,h,Curry 27' 3PT Pullup Jump Shot (40 PTS),Made Shot,Pullup Jump shot,1,453,21601152,2708,7.0,def_reb(24),3,2,likely_contested,"subType: contested-like, text: pressure-move, distance: deep above-break 3 (>=27ft)"
516,PT01M20.00S,4,1610612744,GSW,201939,Curry,S. Curry,140,13,14,Made,1,132.0,115.0,247,h,Curry 14' Fadeaway Jumper (42 PTS),Made Shot,Fadeaway Jump Shot,1,475,21601152,2800,17.0,def_reb(24),2,4,likely_contested,"subType: contested-like, text: pressure-move, distance: mid-range"
12,PT10M16.00S,1,1610612744,GSW,201939,Curry,S. Curry,22,26,3,Missed,1,0.0,0.0,0,h,MISS Curry 3' Driving Finger Roll Layup,Missed Shot,Driving Finger Roll Layup Shot,1,14,21601162,104,16.0,def_reb(24),2,1,borderline,distance: at-rim/very close
16,PT09M55.00S,1,1610612744,GSW,201939,Curry,S. Curry,119,232,26,Missed,1,0.0,0.0,0,h,MISS Curry 26' 3PT Jump Shot,Missed Shot,Jump Shot,1,18,21601162,125,17.0,def_reb(24),3,-1,likely_open,subType: open-like
27,PT08M25.00S,1,1610612744,GSW,201939,Curry,S. Curry,-232,61,24,Missed,1,0.0,0.0,0,h,MISS Curry 24' 3PT Jump Shot,Missed Shot,Jump Shot,1,29,21601162,215,14.0,def_reb(24),3,-1,likely_open,subType: open-like
89,PT03M40.00S,1,1610612744,GSW,201939,Curry,S. Curry,1,267,27,Made,1,22.0,21.0,43,h,Curry 27' 3PT Running Jump Shot (4 PTS),Made Shot,Running Jump Shot,1,79,21601162,500,18.0,def_reb(24),3,-2,likely_open,"subType: open-like, distance: deep above-break 3 (>=27ft)"
91,PT03M04.00S,1,1610612744,GSW,201939,Curry,S. Curry,0,3,0,Made,1,24.0,23.0,47,h,Curry  Running Finger Roll Layup (6 PTS),Made Shot,Running Finger Roll Layup Shot,1,81,21601162,536,14.0,made_fg(24),2,1,borderline,distance: at-rim/very close
104,PT01M48.00S,1,1610612744,GSW,201939,Curry,S. Curry,107,164,20,Missed,1,0.0,0.0,0,h,MISS Curry 20' Step Back Jump Shot,Missed Shot,Step Back Jump shot,1,94,21601162,612,14.0,def_reb(24),2,3,likely_contested,"subType: contested-like, text: pressure-move"
137,PT00M00.20S,1,1610612744,GSW,201939,Curry,S. Curry,-178,228,29,Missed,1,0.0,0.0,0,h,MISS Curry 29' 3PT Jump Shot,Missed Shot,Jump Shot,1,119,21601162,720,21.0,final_ft(24),3,-2,likely_open,"subType: open-like, distance: deep above-break 3 (>=27ft)"
240,PT03M26.00S,2,1610612744,GSW,201939,Curry,S. Curry,9,26,3,Missed,1,0.0,0.0,0,h,MISS Curry 3' Layup,Missed Shot,Layup Shot,1,208,21601162,1234,16.0,turnover(24),2,1,borderline,distance: at-rim/very close
244,PT02M59.00S,2,1610612744,GSW,201939,Curry,S. Curry,-205,169,27,Missed,1,0.0,0.0,0,h,MISS Curry 27' 3PT Jump Shot,Missed Shot,Jump Shot,1,213,21601162,1261,5.0,def_foul_14(14),3,-1,likely_open,"subType: open-like, distance: deep above-break 3 (>=27ft), clock: late (<=5s)"
254,PT02M11.00S,2,1610612744,GSW,201939,Curry,S. Curry,20,57,6,Missed,1,0.0,0.0,0,h,MISS Curry 6' Driving Floating Jump Shot,Missed Shot,Driving Floating Jump Shot,1,221,21601162,1309,6.0,def_reb(24),2,2,likely_contested,subType: contested-like
308,PT08M11.00S,3,1610612744,GSW,201939,Curry,S. Curry,0,1,0,Made,1,77.0,69.0,146,h,Curry  Running Dunk (8 PTS),Made Shot,Running Dunk Shot,1,279,21601162,1669,21.0,turnover(24),2,3,likely_contested,"subType: contested-like, distance: at-rim/very close"
310,PT07M45.00S,3,1610612744,GSW,201939,Curry,S. Curry,-169,7,17,Made,1,79.0,71.0,150,h,Curry 17' Step Back Jump Shot (10 PTS),Made Shot,Step Back Jump shot,1,281,21601162,1695,7.0,made_fg(24),2,3,likely_contested,"subType: contested-like, text: pressure-move"
339,PT04M52.00S,3,1610612744,GSW,201939,Curry,S. Curry,-2,262,26,Made,1,91.0,75.0,166,h,Curry 26' 3PT Jump Shot (13 PTS),Made Shot,Jump Shot,1,306,21601162,1868,10.0,final_ft(24),3,-1,likely_open,subType: open-like
342,PT04M29.00S,3,1610612744,GSW,201939,Curry,S. Curry,-147,214,26,Made,1,94.0,75.0,169,h,Curry 26' 3PT Jump Shot (16 PTS),Made Shot,Jump Shot,1,309,21601162,1891,17.0,def_reb(24),3,-1,likely_open,subType: open-like
360,PT02M52.00S,3,1610612744,GSW,201939,Curry,S. Curry,-156,143,21,Missed,1,0.0,0.0,0,h,MISS Curry 21' Floating Jump Shot,Missed Shot,Floating Jump shot,1,326,21601162,1988,9.0,def_foul_14(14),2,2,likely_contested,subType: contested-like
368,PT02M04.00S,3,1610612744,GSW,201939,Curry,S. Curry,1,26,3,Made,1,103.0,80.0,183,h,Curry 3' Cutting Finger Roll Layup Shot (18 PTS) (Livingston 2 AST),Made Shot,Cutting Finger Roll Layup Shot,1,334,21601162,2036,2.0,keep_clock(17),2,2,likely_contested,"distance: at-rim/very close, clock: late (<=5s)"
374,PT01M39.00S,3,1610612744,GSW,201939,Curry,S. Curry,-225,16,0,Missed,1,0.0,0.0,0,h,MISS Curry  3PT Jump Shot,Missed Shot,Jump Shot,1,340,21601162,2061,11.0,final_ft(24),3,-1,likely_open,"subType: open-like, distance: at-rim/very close, coords: corner-3, corner: catch/spot"
378,PT01M12.00S,3,1610612744,GSW,201939,Curry,S. Curry,-20,75,8,Missed,1,0.0,0.0,0,h,MISS Curry 8' Jump Shot,Missed Shot,Jump Shot,1,343,21601162,2088,6.0,made_fg(24),2,0,likely_open,"subType: open-like, distance: mid-range"
9,PT11M14.00S,1,1610612744,GSW,201939,Curry,S. Curry,245,-6,25,Made,1,2.0,3.0,5,v,Curry 25' 3PT Jump Shot (3 PTS),Made Shot,Jump Shot,1,8,21601171,46,3.0,final_ft(24),3,-1,likely_open,"subType: open-like, coords: corner-3, corner: catch/spot, clock: late (<=5s)"
24,PT09M00.00S,1,1610612744,GSW,201939,Curry,S. Curry,-237,101,26,Made,1,7.0,10.0,17,v,Curry 26' 3PT Jump Shot (6 PTS) (Pachulia 1 AST),Made Shot,Jump Shot,1,24,21601171,180,11.0,made_fg(24),3,-1,likely_open,subType: open-like
35,PT07M41.00S,1,1610612744,GSW,201939,Curry,S. Curry,53,249,25,Made,1,9.0,15.0,24,v,Curry 25' 3PT Jump Shot (9 PTS),Made Shot,Jump Shot,1,35,21601171,259,9.0,off_foul(24),3,-1,likely_open,subType: open-like
51,PT06M58.00S,1,1610612744,GSW,201939,Curry,S. Curry,119,8,12,Missed,1,0.0,0.0,0,v,MISS Curry 12' Jump Shot,Missed Shot,Jump Shot,1,49,21601171,302,14.0,def_reb(24),2,0,likely_open,"subType: open-like, distance: mid-range"
53,PT06M51.00S,1,1610612744,GSW,201939,Curry,S. Curry,2,249,25,Made,1,11.0,19.0,30,v,Curry 25' 3PT Jump Shot (13 PTS) (McCaw 1 AST),Made Shot,Jump Shot,1,51,21601171,309,7.0,off_reb(14),3,-1,likely_open,subType: open-like
55,PT06M28.00S,1,1610612744,GSW,201939,Curry,S. Curry,-1,11,1,Made,1,11.0,21.0,32,v,Curry 1' Running Layup (15 PTS),Made Shot,Running Layup Shot,1,54,21601171,332,19.0,turnover(24),2,3,likely_contested,"subType: contested-like, distance: at-rim/very close"
85,PT04M01.00S,1,1610612744,GSW,201939,Curry,S. Curry,-151,124,20,Made,1,13.0,26.0,39,v,Curry 20' Step Back Jump Shot (18 PTS),Made Shot,Step Back Jump shot,1,85,21601171,479,10.0,def_reb(24),2,3,likely_contested,"subType: contested-like, text: pressure-move"
92,PT03M32.00S,1,1610612744,GSW,201939,Curry,S. Curry,-65,242,25,Made,1,13.0,29.0,42,v,Curry 25' 3PT Jump Shot (21 PTS),Made Shot,Jump Shot,1,92,21601171,508,15.0,def_reb(24),3,-1,likely_open,subType: open-like
94,PT03M04.00S,1,1610612744,GSW,201939,Curry,S. Curry,-199,169,26,Missed,1,0.0,0.0,0,v,MISS Curry 26' 3PT Jump Shot,Missed Shot,Jump Shot,1,94,21601171,536,14.0,made_fg(24),3,-1,likely_open,subType: open-like
106,PT02M31.00S,1,1610612744,GSW,201939,Curry,S. Curry,40,11,4,Made,1,15.0,31.0,46,v,Curry 4' Jump Bank Shot (23 PTS) (Livingston 1 AST),Made Shot,Jump Bank Shot,1,104,21601171,569,9.0,def_reb(24),2,3,likely_contested,"subType: contested-like, distance: at-rim/very close"
119,PT01M15.00S,1,1610612744,GSW,201939,Curry,S. Curry,233,36,24,Missed,1,0.0,0.0,0,v,MISS Curry 24' 3PT Jump Shot,Missed Shot,Jump Shot,1,115,21601171,645,20.0,made_fg(24),3,-2,likely_open,"subType: open-like, coords: corner-3, corner: catch/spot"
244,PT03M14.00S,2,1610612744,GSW,201939,Curry,S. Curry,-124,228,26,Made,1,41.0,52.0,93,v,Curry 26' 3PT Jump Shot (26 PTS) (McCaw 2 AST),Made Shot,Jump Shot,1,228,21601171,1246,6.0,made_fg(24),3,-1,likely_open,subType: open-like
246,PT02M52.00S,2,1610612744,GSW,201939,Curry,S. Curry,24,2,2,Made,1,43.0,54.0,97,v,Curry 2' Driving Layup (28 PTS),Made Shot,Driving Layup Shot,1,230,21601171,1268,12.0,made_fg(24),2,3,likely_contested,"subType: contested-like, distance: at-rim/very close"
261,PT01M44.00S,2,1610612744,GSW,201939,Curry,S. Curry,10,7,1,Missed,1,0.0,0.0,0,v,MISS Curry 1' Driving Layup,Missed Shot,Driving Layup Shot,1,243,21601171,1336,4.0,made_fg(24),2,4,likely_contested,"subType: contested-like, distance: at-rim/very close, clock: late (<=5s)"
301,PT10M24.00S,3,1610612744,GSW,201939,Curry,S. Curry,24,7,3,Made,1,56.0,62.0,118,v,Curry 3' Cutting Layup Shot (30 PTS) (Pachulia 2 AST),Made Shot,Cutting Layup Shot,1,282,21601171,1536,13.0,made_fg(24),2,1,borderline,distance: at-rim/very close
334,PT08M00.00S,3,1610612744,GSW,201939,Curry,S. Curry,-86,242,26,Missed,1,0.0,0.0,0,v,MISS Curry 26' 3PT Step Back Jump Shot,Missed Shot,Step Back Jump shot,1,314,21601171,1680,4.0,def_foul_14(14),3,4,likely_contested,"subType: contested-like, text: pressure-move, clock: late (<=5s)"
361,PT05M29.00S,3,1610612744,GSW,201939,Curry,S. Curry,27,3,3,Missed,1,0.0,0.0,0,v,MISS Curry 3' Driving Layup,Missed Shot,Driving Layup Shot,1,342,21601171,1831,2.0,made_fg(24),2,4,likely_contested,"subType: contested-like, distance: at-rim/very close, clock: late (<=5s)"
395,PT02M58.00S,3,1610612744,GSW,201939,Curry,S. Curry,-4,7,1,Missed,1,0.0,0.0,0,v,MISS Curry 1' Cutting Layup Shot,Missed Shot,Cutting Layup Shot,1,368,21601171,1982,10.0,made_fg(24),2,1,borderline,distance: at-rim/very close
419,PT01M32.00S,3,1610612744,GSW,201939,Curry,S. Curry,223,120,25,Made,1,76.0,85.0,161,v,Curry 25' 3PT Jump Shot (33 PTS) (Barnes 1 AST),Made Shot,Jump Shot,1,389,21601171,2068,5.0,final_ft(24),3,0,likely_open,"subType: open-like, clock: late (<=5s)"
422,PT01M08.00S,3,1610612744,GSW,201939,Curry,S. Curry,99,164,19,Made,1,76.0,87.0,163,v,Curry 19' Jump Shot (35 PTS) (Clark 1 AST),Made Shot,Jump Shot,1,392,21601171,2092,10.0,def_reb(24),2,-1,likely_open,subType: open-like
429,PT00M02.90S,3,1610612744,GSW,201939,Curry,S. Curry,69,252,26,Missed,1,0.0,0.0,0,v,MISS Curry 26' 3PT Jump Shot,Missed Shot,Jump Shot,1,399,21601171,2158,4.0,made_fg(24),3,0,likely_open,"subType: open-like, clock: late (<=5s)"
510,PT04M45.00S,4,1610612744,GSW,201939,Curry,S. Curry,-125,141,19,Missed,1,0.0,0.0,0,v,MISS Curry 19' Jump Bank Shot,Missed Shot,Jump Bank Shot,1,468,21601171,2595,8.0,made_fg(24),2,2,likely_contested,subType: contested-like
519,PT03M55.00S,4,1610612744,GSW,201939,Curry,S. Curry,9,259,26,Made,1,101.0,107.0,208,v,Curry 26' 3PT Jump Shot (38 PTS),Made Shot,Jump Shot,1,479,21601171,2645,11.0,off_foul(24),3,-1,likely_open,subType: open-like
572,PT00M44.90S,4,1610612744,GSW,201939,Curry,S. Curry,123,154,20,Missed,1,0.0,0.0,0,v,MISS Curry 20' Jump Shot,Missed Shot,Jump Shot,1,523,21601171,2836,10.0,made_fg(24),2,-1,likely_open,subType: open-like
574,PT00M32.30S,4,1610612744,GSW,201939,Curry,S. Curry,0,2,0,Made,1,111.0,118.0,229,v,Curry  Driving Reverse Layup (40 PTS),Made Shot,Driving Reverse Layup Shot,1,525,21601171,2848,3.0,off_reb(14),2,4,likely_contested,"subType: contested-like, distance: at-rim/very close, clock: late (<=5s)"
14,PT10M27.00S,1,1610612744,GSW,201939,Curry,S. Curry,-122,90,15,Missed,1,0.0,0.0,0,h,MISS Curry 15' Jump Shot,Missed Shot,Jump Shot,1,15,21601211,93,11.0,made_fg(24),2,0,likely_open,"subType: open-like, distance: mid-range"
25,PT09M04.00S,1,1610612744,GSW,201939,Curry,S. Curry,10,252,25,Made,1,10.0,13.0,23,h,Curry 25' 3PT Step Back Jump Shot (3 PTS) (Durant 1 AST),Made Shot,Step Back Jump shot,1,24,21601211,176,5.0,final_ft(24),3,4,likely_contested,"subType: contested-like, text: pressure-move, clock: late (<=5s)"
64,PT05M19.00S,1,1610612744,GSW,201939,Curry,S. Curry,10,264,26,Made,1,20.0,23.0,43,h,Curry 26' 3PT Step Back Jump Shot (8 PTS) (Pachulia 2 AST),Made Shot,Step Back Jump shot,1,61,21601211,401,12.0,made_fg(24),3,3,likely_contested,"subType: contested-like, text: pressure-move"
68,PT04M41.00S,1,1610612744,GSW,201939,Curry,S. Curry,176,16,18,Made,1,22.0,25.0,47,h,Curry 18' Pullup Jump Shot (10 PTS) (Pachulia 3 AST),Made Shot,Pullup Jump shot,1,65,21601211,439,13.0,made_fg(24),2,3,likely_contested,"subType: contested-like, text: pressure-move"
83,PT03M10.00S,1,1610612744,GSW,201939,Curry,S. Curry,-1,23,2,Made,1,28.0,27.0,55,h,Curry 2' Driving Finger Roll Layup (12 PTS) (Livingston 1 AST),Made Shot,Driving Finger Roll Layup Shot,1,81,21601211,530,9.0,keep_clock(22),2,1,borderline,distance: at-rim/very close
97,PT01M37.00S,1,1610612744,GSW,201939,Curry,S. Curry,218,116,25,Made,1,31.0,32.0,63,h,Curry 25' 3PT Pullup Jump Shot (15 PTS) (Livingston 2 AST),Made Shot,Pullup Jump shot,1,94,21601211,623,7.0,made_fg(24),3,3,likely_contested,"subType: contested-like, text: pressure-move"
172,PT05M26.00S,2,1610612744,GSW,201939,Curry,S. Curry,94,26,10,Missed,1,0.0,0.0,0,h,MISS Curry 10' Floating Jump Shot,Missed Shot,Floating Jump shot,1,169,21601211,1114,,stale_reset(14),2,3,likely_contested,"subType: contested-like, distance: mid-range"
181,PT04M30.00S,2,1610612744,GSW,201939,Curry,S. Curry,207,154,26,Made,1,42.0,45.0,87,h,Curry 26' 3PT Jump Shot (18 PTS) (Durant 4 AST),Made Shot,Jump Shot,1,178,21601211,1170,14.0,def_reb(24),3,-1,likely_open,subType: open-like
196,PT02M44.00S,2,1610612744,GSW,201939,Curry,S. Curry,86,257,27,Missed,1,0.0,0.0,0,h,MISS Curry 27' 3PT Running Jump Shot,Missed Shot,Running Jump Shot,1,192,21601211,1276,20.0,def_reb(24),3,-2,likely_open,"subType: open-like, distance: deep above-break 3 (>=27ft)"
208,PT01M39.00S,2,1610612744,GSW,201939,Curry,S. Curry,-11,277,28,Made,1,49.0,47.0,96,h,Curry 28' 3PT Step Back Jump Shot (21 PTS),Made Shot,Step Back Jump shot,1,205,21601211,1341,14.0,keep_clock(24),3,2,likely_contested,"subType: contested-like, text: pressure-move, distance: deep above-break 3 (>=27ft)"
220,PT00M25.90S,2,1610612744,GSW,201939,Curry,S. Curry,-1,18,2,Missed,1,0.0,0.0,0,h,MISS Curry 2' Running Reverse Layup,Missed Shot,Running Reverse Layup Shot,1,215,21601211,1415,16.0,final_ft(24),2,1,borderline,distance: at-rim/very close
223,PT00M00.30S,2,1610612744,GSW,201939,Curry,S. Curry,-132,62,15,Missed,1,0.0,0.0,0,h,MISS Curry 15' Jump Shot,Missed Shot,Jump Shot,1,219,21601211,1440,18.0,turnover(24),2,0,likely_open,"subType: open-like, distance: mid-range"
251,PT09M38.00S,3,1610612744,GSW,201939,Curry,S. Curry,-9,-6,1,Missed,1,0.0,0.0,0,h,MISS Curry 1' Running Layup,Missed Shot,Running Layup Shot,1,240,21601211,1582,19.0,turnover(24),2,3,likely_contested,"subType: contested-like, distance: at-rim/very close"
306,PT05M06.00S,3,1610612744,GSW,201939,Curry,S. Curry,22,13,3,Made,1,63.0,67.0,130,h,Curry 3' Driving Finger Roll Layup (25 PTS),Made Shot,Driving Finger Roll Layup Shot,1,293,21601211,1854,12.0,def_reb(24),2,1,borderline,distance: at-rim/very close
340,PT02M15.00S,3,1610612744,GSW,201939,Curry,S. Curry,-183,193,27,Made,1,72.0,72.0,144,h,Curry 27' 3PT Pullup Jump Shot (28 PTS),Made Shot,Pullup Jump shot,1,322,21601211,2025,11.0,final_ft(24),3,2,likely_contested,"subType: contested-like, text: pressure-move, distance: deep above-break 3 (>=27ft)"
357,PT00M51.80S,3,1610612744,GSW,201939,Curry,S. Curry,-160,267,31,Missed,1,0.0,0.0,0,h,MISS Curry 31' 3PT Running Jump Shot,Missed Shot,Running Jump Shot,1,338,21601211,2109,16.0,def_reb(24),3,-2,likely_open,"subType: open-like, distance: deep above-break 3 (>=27ft)"
2,PT11M44.00S,1,1610612744,GSW,201939,Curry,S. Curry,-153,203,25,Missed,1,0.0,0.0,0,h,MISS Curry 25' 3PT Jump Shot,Missed Shot,Jump Shot,1,3,21601229,16,8.0,jumpball(24),3,-1,likely_open,subType: open-like
29,PT09M01.00S,1,1610612744,GSW,201939,Curry,S. Curry,78,239,25,Made,1,8.0,5.0,13,h,Curry 25' 3PT Pullup Jump Shot (3 PTS) (Pachulia 1 AST),Made Shot,Pullup Jump shot,1,31,21601229,179,6.0,made_fg(24),3,3,likely_contested,"subType: contested-like, text: pressure-move"
43,PT07M57.00S,1,1610612744,GSW,201939,Curry,S. Curry,-212,141,25,Made,1,16.0,8.0,24,h,Curry 25' 3PT Step Back Jump Shot (6 PTS) (Durant 2 AST),Made Shot,Step Back Jump shot,1,43,21601229,243,12.0,turnover(24),3,3,likely_contested,"subType: contested-like, text: pressure-move"
53,PT07M09.00S,1,1610612744,GSW,201939,Curry,S. Curry,-202,178,27,Made,1,21.0,10.0,31,h,Curry 27' 3PT Step Back Jump Shot (9 PTS) (Durant 3 AST),Made Shot,Step Back Jump shot,1,52,21601229,291,15.0,def_reb(24),3,2,likely_contested,"subType: contested-like, text: pressure-move, distance: deep above-break 3 (>=27ft)"
58,PT06M05.00S,1,1610612744,GSW,201939,Curry,S. Curry,-232,80,25,Missed,1,0.0,0.0,0,h,MISS Curry 25' 3PT Jump Shot,Missed Shot,Jump Shot,1,58,21601229,355,13.0,turnover(24),3,-1,likely_open,subType: open-like
95,PT03M19.00S,1,1610612744,GSW,201939,Curry,S. Curry,-35,296,30,Missed,1,0.0,0.0,0,h,MISS Curry 30' 3PT Jump Shot,Missed Shot,Jump Shot,1,92,21601229,521,13.0,def_reb(24),3,-2,likely_open,"subType: open-like, distance: deep above-break 3 (>=27ft)"
134,PT00M04.80S,1,1610612744,GSW,201939,Curry,S. Curry,87,239,25,Missed,1,0.0,0.0,0,h,MISS Curry 25' 3PT Pullup Jump Shot,Missed Shot,Pullup Jump shot,1,126,21601229,716,11.0,made_fg(24),3,3,likely_contested,"subType: contested-like, text: pressure-move"
243,PT02M32.00S,2,1610612744,GSW,201939,Curry,S. Curry,-233,-1,0,Missed,1,0.0,0.0,0,h,MISS Curry  3PT Jump Shot,Missed Shot,Jump Shot,1,231,21601229,1288,14.0,def_reb(24),3,-1,likely_open,"subType: open-like, distance: at-rim/very close, coords: corner-3, corner: catch/spot"
275,PT00M24.90S,2,1610612744,GSW,201939,Curry,S. Curry,0,61,6,Missed,1,0.0,0.0,0,h,MISS Curry 6' Floating Jump Shot,Missed Shot,Floating Jump shot,1,260,21601229,1416,18.0,made_fg(24),2,2,likely_contested,subType: contested-like
279,PT00M00.80S,2,1610612744,GSW,201939,Curry,S. Curry,122,708,72,Missed,1,0.0,0.0,0,h,MISS Curry 72' 3PT Jump Shot,Missed Shot,Jump Shot,1,263,21601229,1440,23.0,turnover(24),3,-2,likely_open,"subType: open-like, distance: deep above-break 3 (>=27ft)"
307,PT09M35.00S,3,1610612744,GSW,201939,Curry,S. Curry,-60,65,9,Missed,1,0.0,0.0,0,h,MISS Curry 9' Driving Floating Jump Shot,Missed Shot,Driving Floating Jump Shot,1,292,21601229,1585,16.0,def_reb(24),2,3,likely_contested,"subType: contested-like, distance: mid-range"
334,PT07M18.00S,3,1610612744,GSW,201939,Curry,S. Curry,227,82,24,Made,1,78.0,58.0,136,h,Curry 24' 3PT Pullup Jump Shot (13 PTS),Made Shot,Pullup Jump shot,1,314,21601229,1722,12.0,final_ft(24),3,3,likely_contested,"subType: contested-like, text: pressure-move"
343,PT05M23.00S,3,1610612744,GSW,201939,Curry,S. Curry,184,185,26,Made,1,81.0,64.0,145,h,Curry 26' 3PT Jump Shot (16 PTS) (Thompson 2 AST),Made Shot,Jump Shot,1,323,21601229,1837,,stale_reset(24),3,-1,likely_open,subType: open-like
370,PT02M51.00S,3,1610612744,GSW,201939,Curry,S. Curry,122,224,26,Missed,1,0.0,0.0,0,h,MISS Curry 26' 3PT Pullup Jump Shot,Missed Shot,Pullup Jump shot,1,347,21601229,1989,11.0,def_reb(24),3,3,likely_contested,"subType: contested-like, text: pressure-move"
381,PT01M40.00S,3,1610612744,GSW,201939,Curry,S. Curry,-16,8,2,Made,1,91.0,68.0,159,h,Curry 2' Running Reverse Layup (18 PTS) (Durant 5 AST),Made Shot,Running Reverse Layup Shot,1,360,21601229,2060,21.0,turnover(24),2,1,borderline,distance: at-rim/very close
390,PT01M05.00S,3,1610612744,GSW,201939,Curry,S. Curry,-232,23,0,Missed,1,0.0,0.0,0,h,MISS Curry  3PT Jump Shot,Missed Shot,Jump Shot,1,368,21601229,2095,19.0,def_reb(24),3,-1,likely_open,"subType: open-like, distance: at-rim/very close, coords: corner-3, corner: catch/spot"
403,PT00M25.90S,3,1610612744,GSW,201939,Curry,S. Curry,-1,267,27,Missed,1,0.0,0.0,0,h,MISS Curry 27' 3PT Jump Shot,Missed Shot,Jump Shot,1,380,21601229,2135,18.0,made_fg(24),3,-2,likely_open,"subType: open-like, distance: deep above-break 3 (>=27ft)"
