actionNumber,clock,period,teamId,teamTricode,personId,playerName,playerNameI,xLegacy,yLegacy,shotDistance,shotResult,isFieldGoal,scoreHome,scoreAway,pointsTotal,location,description,actionType,subType,videoAvailable,actionId,gameId,ABS_TIME,SHOT_CLOCK_APPROX,SHOT_CLOCK_SOURCE,shotValue,contest_score,contest_label,contest_reasons
50,PT07M29.00S,1,1610612744,GSW,201939,Curry,S. Curry,-81,72,11,Made,1,7.0,9.0,16,v,Curry 11' Running Jump Shot (3 PTS) (Barnes 1 AST),Made Shot,Running Jump Shot,1,53,21400014,271,15.0,def_reb(24),2,0,likely_open,"subType: open-like, distance: mid-range"
74,PT05M09.00S,1,1610612744,GSW,201939,Curry,S. Curry,65,246,25,Missed,1,0.0,0.0,0,v,MISS Curry 25' 3PT Jump Shot,Missed Shot,Jump Shot,1,75,21400014,411,7.0,def_foul_14(14),3,-1,likely_open,subType: open-like
176,PT08M49.00S,2,1610612744,GSW,201939,Curry,S. Curry,23,15,3,Made,1,29.0,29.0,58,v,Curry 3' Driving Layup (7 PTS) (Thompson 3 AST),Made Shot,Driving Layup Shot,1,171,21400014,911,12.0,off_foul(24),2,3,likely_contested,"subType: contested-like, distance: at-rim/very close"
205,PT06M43.00S,2,1610612744,GSW,201939,Curry,S. Curry,-11,7,1,Made,1,31.0,36.0,67,v,Curry 1' Driving Layup (12 PTS),Made Shot,Driving Layup Shot,1,195,21400014,1037,19.0,turnover(24),2,3,likely_contested,"subType: contested-like, distance: at-rim/very close"
227,PT05M36.00S,2,1610612744,GSW,201939,Curry,S. Curry,-164,187,25,Missed,1,0.0,0.0,0,v,MISS Curry 25' 3PT Jump Shot,Missed Shot,Jump Shot,1,213,21400014,1104,18.0,def_reb(24),3,-1,likely_open,subType: open-like
238,PT04M59.00S,2,1610612744,GSW,201939,Curry,S. Curry,-4,102,10,Missed,1,0.0,0.0,0,v,MISS Curry 10' Jump Shot,Missed Shot,Jump Shot,1,221,21400014,1141,11.0,final_ft(24),2,0,likely_open,"subType: open-like, distance: mid-range"
305,PT01M06.00S,2,1610612744,GSW,201939,Curry,S. Curry,-78,34,9,Missed,1,0.0,0.0,0,v,MISS Curry 9' Jump Shot,Missed Shot,Jump Shot,1,275,21400014,1374,15.0,def_reb(24),2,0,likely_open,"subType: open-like, distance: mid-range"
349,PT10M18.00S,3,1610612744,GSW,201939,Curry,S. Curry,-229,26,0,Missed,1,0.0,0.0,0,v,MISS Curry  3PT Jump Shot,Missed Shot,Jump Shot,1,311,21400014,1542,7.0,turnover(24),3,-1,likely_open,"subType: open-like, distance: at-rim/very close, coords: corner-3, corner: catch/spot"
378,PT08M02.00S,3,1610612744,GSW,201939,Curry,S. Curry,-54,246,25,Missed,1,0.0,0.0,0,v,MISS Curry 25' 3PT Jump Shot,Missed Shot,Jump Shot,1,338,21400014,1678,13.0,keep_clock(23),3,-1,likely_open,subType: open-like
431,PT04M26.00S,3,1610612744,GSW,201939,Curry,S. Curry,-18,246,25,Made,1,54.0,60.0,114,v,Curry 25' 3PT Jump Shot (15 PTS),Made Shot,Jump Shot,1,388,21400014,1894,18.0,def_reb(24),3,-1,likely_open,subType: open-like
454,PT02M33.00S,3,1610612744,GSW,201939,Curry,S. Curry,18,19,3,Missed,1,0.0,0.0,0,v,MISS Curry 3' Layup,Missed Shot,Layup Shot,1,410,21400014,2007,,stale_reset(24),2,1,borderline,distance: at-rim/very close
492,PT00M42.90S,3,1610612744,GSW,201939,Curry,S. Curry,37,247,25,Missed,1,0.0,0.0,0,v,MISS Curry 25' 3PT Jump Shot,Missed Shot,Jump Shot,1,441,21400014,2118,20.0,def_reb(24),3,-1,likely_open,subType: open-like
566,PT05M58.00S,4,1610612744,GSW,201939,Curry,S. Curry,34,22,4,Made,1,69.0,82.0,151,v,Curry 4' Driving Layup (19 PTS),Made Shot,Driving Layup Shot,1,510,21400014,2522,17.0,def_reb(24),2,3,likely_contested,"subType: contested-like, distance: at-rim/very close"
588,PT03M27.00S,4,1610612744,GSW,201939,Curry,S. Curry,-26,17,3,Made,1,73.0,89.0,162,v,Curry 3' Driving Layup (21 PTS),Made Shot,Driving Layup Shot,1,529,21400014,2673,1.0,final_ft(24),2,4,likely_contested,"subType: contested-like, distance: at-rim/very close, clock: late (<=5s)"
599,PT02M12.00S,4,1610612744,GSW,201939,Curry,S. Curry,-164,200,26,Missed,1,0.0,0.0,0,v,MISS Curry 26' 3PT Jump Shot,Missed Shot,Jump Shot,1,537,21400014,2748,1.0,turnover(24),3,0,likely_open,"subType: open-like, clock: late (<=5s)"
605,PT01M31.00S,4,1610612744,GSW,201939,Curry,S. Curry,225,99,25,Made,1,75.0,92.0,167,v,Curry 25' 3PT Jump Shot (24 PTS) (Thompson 6 AST),Made Shot,Jump Shot,1,546,21400014,2789,2.0,turnover(24),3,0,likely_open,"subType: open-like, clock: late (<=5s)"
615,PT00M30.90S,4,1610612744,GSW,201939,Curry,S. Curry,209,126,24,Missed,1,0.0,0.0,0,v,MISS Curry 24' 3PT Jump Shot,Missed Shot,Jump Shot,1,556,21400014,2850,11.0,def_reb(24),3,-1,likely_open,subType: open-like
8,PT10M44.00S,1,1610612744,GSW,201939,Curry,S. Curry,-23,36,4,Missed,1,0.0,0.0,0,h,MISS Curry 4' Jump Shot,Missed Shot,Jump Shot,1,9,21400038,76,17.0,def_reb(24),2,0,likely_open,"subType: open-like, distance: at-rim/very close"
41,PT06M52.00S,1,1610612744,GSW,201939,Curry,S. Curry,-138,132,19,Made,1,11.0,13.0,24,h,Curry 19' Pullup Jump Shot (2 PTS),Made Shot,Pullup Jump shot,1,40,21400038,308,14.0,def_reb(24),2,3,likely_contested,"subType: contested-like, text: pressure-move"
47,PT06M21.00S,1,1610612744,GSW,201939,Curry,S. Curry,0,254,25,Missed,1,0.0,0.0,0,h,MISS Curry 25' 3PT Step Back Jump Shot,Missed Shot,Step Back Jump shot,1,45,21400038,339,13.0,keep_clock(16),3,3,likely_contested,"subType: contested-like, text: pressure-move"
50,PT06M03.00S,1,1610612744,GSW,201939,Curry,S. Curry,62,37,7,Missed,1,0.0,0.0,0,h,MISS Curry 7' Jump Shot,Missed Shot,Jump Shot,1,49,21400038,357,19.0,turnover(24),2,-1,likely_open,subType: open-like
62,PT05M02.00S,1,1610612744,GSW,201939,Curry,S. Curry,-123,230,26,Made,1,16.0,16.0,32,h,Curry 26' 3PT Jump Shot (5 PTS) (Barbosa 1 AST),Made Shot,Jump Shot,1,61,21400038,418,4.0,def_violation_14(14),3,0,likely_open,"subType: open-like, clock: late (<=5s)"
77,PT03M46.00S,1,1610612744,GSW,201939,Curry,S. Curry,-153,108,19,Made,1,20.0,22.0,42,h,Curry 19' Turnaround Bank Shot (9 PTS) (Barbosa 2 AST),Made Shot,Turnaround Bank shot,1,74,21400038,494,10.0,made_fg(24),2,2,likely_contested,subType: contested-like
79,PT03M19.00S,1,1610612744,GSW,201939,Curry,S. Curry,-37,108,11,Made,1,22.0,22.0,44,h,Curry 11' Floating Jump Shot (11 PTS),Made Shot,Floating Jump shot,1,77,21400038,521,16.0,turnover(24),2,3,likely_contested,"subType: contested-like, distance: mid-range"
88,PT02M11.00S,1,1610612744,GSW,201939,Curry,S. Curry,-123,230,26,Made,1,27.0,26.0,53,h,Curry 26' 3PT Jump Shot (14 PTS) (Barbosa 3 AST),Made Shot,Jump Shot,1,87,21400038,589,19.0,made_fg(24),3,-1,likely_open,subType: open-like
94,PT00M48.80S,1,1610612744,GSW,201939,Curry,S. Curry,-76,257,27,Missed,1,0.0,0.0,0,h,MISS Curry 27' 3PT Jump Shot,Missed Shot,Jump Shot,1,93,21400038,672,6.0,made_fg(24),3,-2,likely_open,"subType: open-like, distance: deep above-break 3 (>=27ft)"
212,PT04M12.00S,2,1610612744,GSW,201939,Curry,S. Curry,48,45,7,Made,1,51.0,45.0,96,h,Curry 7' Turnaround Bank Shot (19 PTS) (Barnes 2 AST),Made Shot,Turnaround Bank shot,1,197,21400038,1188,6.0,def_reb(24),2,2,likely_contested,subType: contested-like
253,PT01M03.00S,2,1610612744,GSW,201939,Curry,S. Curry,140,26,14,Missed,1,0.0,0.0,0,h,MISS Curry 14' Turnaround Jump Shot,Missed Shot,Turnaround Jump Shot,1,234,21400038,1377,,stale_reset(24),2,1,borderline,distance: mid-range
290,PT11M29.00S,3,1610612744,GSW,201939,Curry,S. Curry,177,173,25,Missed,1,0.0,0.0,0,h,MISS Curry 25' 3PT Step Back Jump Shot,Missed Shot,Step Back Jump shot,1,263,21400038,1471,7.0,def_reb(24),3,3,likely_contested,"subType: contested-like, text: pressure-move"
321,PT07M46.00S,3,1610612744,GSW,201939,Curry,S. Curry,18,22,3,Missed,1,0.0,0.0,0,h,MISS Curry 3' Layup,Missed Shot,Layup Shot,1,293,21400038,1694,14.0,def_reb(24),2,1,borderline,distance: at-rim/very close
330,PT06M36.00S,3,1610612744,GSW,201939,Curry,S. Curry,15,9,2,Made,1,74.0,67.0,141,h,Curry 2' Driving Reverse Layup (22 PTS),Made Shot,Driving Reverse Layup Shot,1,302,21400038,1764,16.0,off_foul(24),2,3,likely_contested,"subType: contested-like, distance: at-rim/very close"
341,PT05M08.00S,3,1610612744,GSW,201939,Curry,S. Curry,159,224,27,Made,1,79.0,73.0,152,h,Curry 27' 3PT Step Back Jump Shot (25 PTS),Made Shot,Step Back Jump shot,1,311,21400038,1852,,stale_reset(24),3,2,likely_contested,"subType: contested-like, text: pressure-move, distance: deep above-break 3 (>=27ft)"
371,PT03M27.00S,3,1610612744,GSW,201939,Curry,S. Curry,91,252,27,Missed,1,0.0,0.0,0,h,MISS Curry 27' 3PT Jump Shot,Missed Shot,Jump Shot,1,335,21400038,1953,13.0,made_fg(24),3,-2,likely_open,"subType: open-like, distance: deep above-break 3 (>=27ft)"
453,PT07M02.00S,4,1610612744,GSW,201939,Curry,S. Curry,0,37,4,Made,1,103.0,94.0,197,h,Curry 4' Floating Jump Shot (27 PTS),Made Shot,Floating Jump shot,1,409,21400038,2458,14.0,def_reb(24),2,3,likely_contested,"subType: contested-like, distance: at-rim/very close"
459,PT06M28.00S,4,1610612744,GSW,201939,Curry,S. Curry,144,228,27,Missed,1,0.0,0.0,0,h,MISS Curry 27' 3PT Pullup Jump Shot,Missed Shot,Pullup Jump shot,1,416,21400038,2492,19.0,turnover(24),3,2,likely_contested,"subType: contested-like, text: pressure-move, distance: deep above-break 3 (>=27ft)"
522,PT02M15.00S,4,1610612744,GSW,201939,Curry,S. Curry,121,14,12,Made,1,117.0,100.0,217,h,Curry 12' Turnaround Fadeaway (31 PTS),Made Shot,Turnaround Fadeaway shot,1,468,21400038,2745,15.0,def_reb(24),2,4,likely_contested,"subType: contested-like, text: pressure-move, distance: mid-range"
8,PT10M56.00S,1,1610612744,GSW,201939,Curry,S. Curry,157,93,18,Missed,1,0.0,0.0,0,v,MISS Curry 18' Jump Bank Shot,Missed Shot,Jump Bank Shot,1,10,21400042,64,1.0,made_fg(24),2,3,likely_contested,"subType: contested-like, clock: late (<=5s)"
38,PT09M23.00S,1,1610612744,GSW,201939,Curry,S. Curry,-51,242,25,Made,1,3.0,5.0,8,v,Curry 25' 3PT Pullup Jump Shot (3 PTS),Made Shot,Pullup Jump shot,1,38,21400042,157,13.0,def_reb(24),3,3,likely_contested,"subType: contested-like, text: pressure-move"
47,PT08M11.00S,1,1610612744,GSW,201939,Curry,S. Curry,-15,3,2,Made,1,7.0,9.0,16,v,Curry 2' Reverse Layup (5 PTS) (Bogut 1 AST),Made Shot,Reverse Layup Shot,1,46,21400042,229,12.0,made_fg(24),2,3,likely_contested,"subType: contested-like, distance: at-rim/very close"
50,PT07M44.00S,1,1610612744,GSW,201939,Curry,S. Curry,21,148,15,Made,1,7.0,11.0,18,v,Curry 15' Pullup Jump Shot (7 PTS),Made Shot,Pullup Jump shot,1,50,21400042,256,16.0,def_reb(24),2,4,likely_contested,"subType: contested-like, text: pressure-move, distance: mid-range"
75,PT05M53.00S,1,1610612744,GSW,201939,Curry,S. Curry,124,235,27,Missed,1,0.0,0.0,0,v,MISS Curry 27' 3PT Jump Shot,Missed Shot,Jump Shot,1,74,21400042,367,18.0,def_reb(24),3,-2,likely_open,"subType: open-like, distance: deep above-break 3 (>=27ft)"
94,PT04M10.00S,1,1610612744,GSW,201939,Curry,S. Curry,-103,173,20,Missed,1,0.0,0.0,0,v,MISS Curry 20' Jump Shot,Missed Shot,Jump Shot,1,91,21400042,470,9.0,final_ft(24),2,-1,likely_open,subType: open-like
214,PT04M57.00S,2,1610612744,GSW,201939,Curry,S. Curry,-16,211,21,Made,1,37.0,42.0,79,v,Curry 21' Pullup Jump Shot (10 PTS),Made Shot,Pullup Jump shot,1,209,21400042,1143,15.0,def_reb(24),2,3,likely_contested,"subType: contested-like, text: pressure-move"
216,PT04M20.00S,2,1610612744,GSW,201939,Curry,S. Curry,-82,179,20,Missed,1,0.0,0.0,0,v,MISS Curry 20' Jump Shot,Missed Shot,Jump Shot,1,211,21400042,1180,6.0,made_fg(24),2,-1,likely_open,subType: open-like
240,PT02M47.00S,2,1610612744,GSW,201939,Curry,S. Curry,-15,-2,2,Missed,1,0.0,0.0,0,v,MISS Curry 2' Driving Finger Roll Layup,Missed Shot,Driving Finger Roll Layup Shot,1,231,21400042,1273,17.0,def_reb(24),2,1,borderline,distance: at-rim/very close
280,PT00M20.90S,2,1610612744,GSW,201939,Curry,S. Curry,-194,41,20,Missed,1,0.0,0.0,0,v,MISS Curry 20' Pullup Jump Shot,Missed Shot,Pullup Jump shot,1,266,21400042,1420,10.0,final_ft(24),2,3,likely_contested,"subType: contested-like, text: pressure-move"
292,PT10M53.00S,3,1610612744,GSW,201939,Curry,S. Curry,9,0,1,Missed,1,0.0,0.0,0,v,MISS Curry 1' Driving Layup,Missed Shot,Driving Layup Shot,1,278,21400042,1507,17.0,turnover(24),2,3,likely_contested,"subType: contested-like, distance: at-rim/very close"
298,PT10M12.00S,3,1610612744,GSW,201939,Curry,S. Curry,-142,121,19,Made,1,52.0,57.0,109,v,Curry 19' Running Jump Shot (13 PTS),Made Shot,Running Jump Shot,1,284,21400042,1548,13.0,made_fg(24),2,-1,likely_open,subType: open-like
313,PT08M24.00S,3,1610612744,GSW,201939,Curry,S. Curry,-109,220,25,Missed,1,0.0,0.0,0,v,MISS Curry 25' 3PT Jump Shot,Missed Shot,Jump Shot,1,300,21400042,1656,11.0,off_foul(24),3,-1,likely_open,subType: open-like
331,PT06M58.00S,3,1610612744,GSW,201939,Curry,S. Curry,83,192,21,Made,1,56.0,63.0,119,v,Curry 21' Pullup Jump Shot (17 PTS),Made Shot,Pullup Jump shot,1,315,21400042,1742,10.0,def_reb(24),2,3,likely_contested,"subType: contested-like, text: pressure-move"
353,PT04M49.00S,3,1610612744,GSW,201939,Curry,S. Curry,-109,219,24,Missed,1,0.0,0.0,0,v,MISS Curry 24' 3PT Jump Shot,Missed Shot,Jump Shot,1,335,21400042,1871,11.0,off_reb(14),3,-1,likely_open,subType: open-like
357,PT04M19.00S,3,1610612744,GSW,201939,Curry,S. Curry,-232,6,0,Missed,1,0.0,0.0,0,v,MISS Curry  3PT Jump Shot,Missed Shot,Jump Shot,1,339,21400042,1901,13.0,def_reb(24),3,-1,likely_open,"subType: open-like, distance: at-rim/very close, coords: corner-3, corner: catch/spot"
464,PT03M53.00S,4,1610612744,GSW,201939,Curry,S. Curry,48,1,5,Missed,1,0.0,0.0,0,v,MISS Curry 5' Running Jump Shot,Missed Shot,Running Jump Shot,1,443,21400042,2647,8.0,made_fg(24),2,0,likely_open,"subType: open-like, distance: at-rim/very close"
478,PT02M16.00S,4,1610612744,GSW,201939,Curry,S. Curry,190,83,21,Missed,1,0.0,0.0,0,v,MISS Curry 21' Turnaround Jump Shot,Missed Shot,Turnaround Jump Shot,1,456,21400042,2744,15.0,made_fg(24),2,0,likely_open,
13,PT10M28.00S,1,1610612744,GSW,201939,Curry,S. Curry,59,241,25,Missed,1,0.0,0.0,0,h,MISS Curry 25' 3PT Jump Shot,Missed Shot,Jump Shot,1,13,21400068,92,6.0,final_ft(24),3,-1,likely_open,subType: open-like
34,PT07M43.00S,1,1610612744,GSW,201939,Curry,S. Curry,-19,33,4,Missed,1,0.0,0.0,0,h,MISS Curry 4' Jump Shot,Missed Shot,Jump Shot,1,40,21400068,257,17.0,def_reb(24),2,0,likely_open,"subType: open-like, distance: at-rim/very close"
51,PT06M19.00S,1,1610612744,GSW,201939,Curry,S. Curry,-199,148,25,Made,1,10.0,9.0,19,h,Curry 25' 3PT Jump Shot (3 PTS) (Bogut 2 AST),Made Shot,Jump Shot,1,55,21400068,341,13.0,def_reb(24),3,-1,likely_open,subType: open-like
53,PT06M11.00S,1,1610612744,GSW,201939,Curry,S. Curry,18,12,2,Made,1,12.0,9.0,21,h,Curry 2' Layup (5 PTS),Made Shot,Layup Shot,1,58,21400068,349,20.0,turnover(24),2,1,borderline,distance: at-rim/very close
64,PT04M26.00S,1,1610612744,GSW,201939,Curry,S. Curry,-2,4,0,Made,1,19.0,11.0,30,h,Curry  Layup (7 PTS),Made Shot,Layup Shot,1,67,21400068,454,18.0,def_reb(24),2,1,borderline,distance: at-rim/very close
67,PT03M50.00S,1,1610612744,GSW,201939,Curry,S. Curry,13,67,7,Missed,1,0.0,0.0,0,h,MISS Curry 7' Floating Jump Shot,Missed Shot,Floating Jump shot,1,70,21400068,490,14.0,def_reb(24),2,2,likely_contested,subType: contested-like
154,PT06M18.00S,2,1610612744,GSW,201939,Curry,S. Curry,-95,151,18,Made,1,43.0,29.0,72,h,Curry 18' Jump Shot (9 PTS),Made Shot,Jump Shot,1,156,21400068,1062,16.0,def_reb(24),2,-1,likely_open,subType: open-like
180,PT03M30.00S,2,1610612744,GSW,201939,Curry,S. Curry,166,203,26,Made,1,55.0,33.0,88,h,Curry 26' 3PT Step Back Jump Shot (12 PTS),Made Shot,Step Back Jump shot,1,178,21400068,1230,12.0,made_fg(24),3,3,likely_contested,"subType: contested-like, text: pressure-move"
183,PT03M11.00S,2,1610612744,GSW,201939,Curry,S. Curry,31,258,26,Missed,1,0.0,0.0,0,h,MISS Curry 26' 3PT Step Back Jump Shot,Missed Shot,Step Back Jump shot,1,181,21400068,1249,14.0,def_reb(24),3,3,likely_contested,"subType: contested-like, text: pressure-move"
203,PT00M22.30S,2,1610612744,GSW,201939,Curry,S. Curry,-231,74,24,Made,1,65.0,40.0,105,h,Curry 24' 3PT Pullup Jump Shot (15 PTS) (Green 4 AST),Made Shot,Pullup Jump shot,1,200,21400068,1418,0.0,made_fg(24),3,4,likely_contested,"subType: contested-like, text: pressure-move, clock: late (<=5s)"
212,PT11M13.00S,3,1610612744,GSW,201939,Curry,S. Curry,226,9,0,Missed,1,0.0,0.0,0,h,MISS Curry  3PT Jump Shot,Missed Shot,Jump Shot,1,208,21400068,1487,,stale_reset(14),3,-1,likely_open,"subType: open-like, distance: at-rim/very close, coords: corner-3, corner: catch/spot"
355,PT10M54.00S,4,1610612744,GSW,201939,Curry,S. Curry,-101,146,18,Missed,1,0.0,0.0,0,h,MISS Curry 18' Jump Shot,Missed Shot,Jump Shot,1,326,21400068,2226,9.0,made_fg(24),2,-1,likely_open,subType: open-like
359,PT10M38.00S,4,1610612744,GSW,201939,Curry,S. Curry,37,28,5,Missed,1,0.0,0.0,0,h,MISS Curry 5' Layup,Missed Shot,Layup Shot,1,330,21400068,2242,18.0,def_reb(24),2,1,borderline,distance: at-rim/very close
367,PT09M59.00S,4,1610612744,GSW,201939,Curry,S. Curry,-4,34,3,Missed,1,0.0,0.0,0,h,MISS Curry 3' Driving Jump Shot,Missed Shot,Driving Jump shot,1,337,21400068,2281,14.0,made_fg(24),2,1,borderline,distance: at-rim/very close
393,PT08M16.00S,4,1610612744,GSW,201939,Curry,S. Curry,176,34,18,Made,1,108.0,86.0,194,h,Curry 18' Step Back Jump Shot (22 PTS) (Livingston 5 AST),Made Shot,Step Back Jump shot,1,358,21400068,2384,8.0,made_fg(24),2,3,likely_contested,"subType: contested-like, text: pressure-move"
395,PT07M38.00S,4,1610612744,GSW,201939,Curry,S. Curry,192,197,28,Missed,1,0.0,0.0,0,h,MISS Curry 28' 3PT Jump Shot,Missed Shot,Jump Shot,1,360,21400068,2422,6.0,made_fg(24),3,-2,likely_open,"subType: open-like, distance: deep above-break 3 (>=27ft)"
441,PT03M41.00S,4,1610612744,GSW,201939,Curry,S. Curry,165,220,28,Made,1,111.0,95.0,206,h,Curry 28' 3PT Step Back Jump Shot (25 PTS) (Green 5 AST),Made Shot,Step Back Jump shot,1,403,21400068,2659,8.0,final_ft(24),3,2,likely_contested,"subType: contested-like, text: pressure-move, distance: deep above-break 3 (>=27ft)"
447,PT03M20.00S,4,1610612744,GSW,201939,Curry,S. Curry,122,104,16,Made,1,113.0,96.0,209,h,Curry 16' Floating Jump Shot (27 PTS),Made Shot,Floating Jump shot,1,408,21400068,2680,13.0,final_ft(24),2,3,likely_contested,"subType: contested-like, distance: mid-range"
32,PT08M09.00S,1,1610612744,GSW,201939,Curry,S. Curry,-10,6,1,Made,1,2.0,6.0,8,v,Curry 1' Reverse Layup (2 PTS) (Bogut 1 AST),Made Shot,Reverse Layup Shot,1,29,21400087,231,4.0,turnover(24),2,4,likely_contested,"subType: contested-like, distance: at-rim/very close, clock: late (<=5s)"
35,PT07M49.00S,1,1610612744,GSW,201939,Curry,S. Curry,20,-2,2,Made,1,2.0,8.0,10,v,Curry 2' Driving Layup (4 PTS),Made Shot,Driving Layup Shot,1,31,21400087,251,15.0,turnover(24),2,3,likely_contested,"subType: contested-like, distance: at-rim/very close"
46,PT07M08.00S,1,1610612744,GSW,201939,Curry,S. Curry,-8,255,26,Made,1,6.0,11.0,17,v,Curry 26' 3PT Pullup Jump Shot (7 PTS),Made Shot,Pullup Jump shot,1,40,21400087,292,12.0,def_reb(24),3,3,likely_contested,"subType: contested-like, text: pressure-move"
49,PT06M40.00S,1,1610612744,GSW,201939,Curry,S. Curry,-127,53,14,Missed,1,0.0,0.0,0,v,MISS Curry 14' Turnaround Bank Shot,Missed Shot,Turnaround Bank shot,1,42,21400087,320,7.0,made_fg(24),2,3,likely_contested,"subType: contested-like, distance: mid-range"
91,PT02M20.00S,1,1610612744,GSW,201939,Curry,S. Curry,146,170,22,Made,1,20.0,20.0,40,v,Curry 22' Jump Shot (9 PTS),Made Shot,Jump Shot,1,84,21400087,580,11.0,made_fg(24),2,-1,likely_open,subType: open-like
210,PT06M39.00S,2,1610612744,GSW,201939,Curry,S. Curry,-2,-10,1,Made,1,37.0,37.0,74,v,Curry 1' Driving Layup (11 PTS),Made Shot,Driving Layup Shot,1,180,21400087,1041,15.0,turnover(24),2,3,likely_contested,"subType: contested-like, distance: at-rim/very close"
225,PT05M39.00S,2,1610612744,GSW,201939,Curry,S. Curry,105,246,27,Missed,1,0.0,0.0,0,v,MISS Curry 27' 3PT Step Back Jump Shot,Missed Shot,Step Back Jump shot,1,193,21400087,1101,13.0,made_fg(24),3,2,likely_contested,"subType: contested-like, text: pressure-move, distance: deep above-break 3 (>=27ft)"
243,PT04M06.00S,2,1610612744,GSW,201939,Curry,S. Curry,6,6,1,Missed,1,0.0,0.0,0,v,MISS Curry 1' Driving Layup,Missed Shot,Driving Layup Shot,1,208,21400087,1194,17.0,made_fg(24),2,3,likely_contested,"subType: contested-like, distance: at-rim/very close"
274,PT01M56.00S,2,1610612744,GSW,201939,Curry,S. Curry,10,195,20,Missed,1,0.0,0.0,0,v,MISS Curry 20' Jump Shot,Missed Shot,Jump Shot,1,237,21400087,1324,10.0,def_reb(24),2,-1,likely_open,subType: open-like
328,PT10M02.00S,3,1610612744,GSW,201939,Curry,S. Curry,-155,189,24,Made,1,58.0,54.0,112,v,Curry 24' 3PT Jump Shot (14 PTS) (Green 2 AST),Made Shot,Jump Shot,1,283,21400087,1558,5.0,made_fg(24),3,0,likely_open,"subType: open-like, clock: late (<=5s)"
342,PT08M35.00S,3,1610612744,GSW,201939,Curry,S. Curry,-131,205,24,Missed,1,0.0,0.0,0,v,MISS Curry 24' 3PT Jump Shot,Missed Shot,Jump Shot,1,297,21400087,1645,9.0,def_foul_14(14),3,-1,likely_open,subType: open-like
361,PT07M13.00S,3,1610612744,GSW,201939,Curry,S. Curry,226,42,0,Made,1,60.0,61.0,121,v,Curry  3PT Jump Shot (17 PTS) (Thompson 3 AST),Made Shot,Jump Shot,1,317,21400087,1727,17.0,def_reb(24),3,-1,likely_open,"subType: open-like, distance: at-rim/very close, coords: corner-3, corner: catch/spot"
369,PT06M22.00S,3,1610612744,GSW,201939,Curry,S. Curry,122,211,24,Made,1,60.0,66.0,126,v,Curry 24' 3PT Jump Shot (20 PTS),Made Shot,Jump Shot,1,326,21400087,1778,21.0,turnover(24),3,-1,likely_open,subType: open-like
378,PT05M29.00S,3,1610612744,GSW,201939,Curry,S. Curry,100,225,25,Missed,1,0.0,0.0,0,v,MISS Curry 25' 3PT Jump Shot,Missed Shot,Jump Shot,1,334,21400087,1831,19.0,def_reb(24),3,-1,likely_open,subType: open-like
511,PT06M17.00S,4,1610612744,GSW,201939,Curry,S. Curry,-87,58,10,Made,1,82.0,84.0,166,v,Curry 10' Pullup Bank Shot (24 PTS),Made Shot,Pullup Bank shot,1,456,21400087,2503,18.0,turnover(24),2,2,likely_contested,"text: pressure-move, distance: mid-range"
530,PT04M56.00S,4,1610612744,GSW,201939,Curry,S. Curry,-2,3,0,Made,1,82.0,88.0,170,v,Curry  Reverse Layup (26 PTS),Made Shot,Reverse Layup Shot,1,472,21400087,2584,19.0,turnover(24),2,3,likely_contested,"subType: contested-like, distance: at-rim/very close"
563,PT02M18.00S,4,1610612744,GSW,201939,Curry,S. Curry,236,91,25,Made,1,82.0,91.0,173,v,Curry 25' 3PT Jump Shot (29 PTS) (Iguodala 3 AST),Made Shot,Jump Shot,1,499,21400087,2742,13.0,def_reb(24),3,-1,likely_open,subType: open-like
567,PT01M29.00S,4,1610612744,GSW,201939,Curry,S. Curry,6,30,3,Made,1,84.0,93.0,177,v,Curry 3' Driving Finger Roll Layup (31 PTS),Made Shot,Driving Finger Roll Layup Shot,1,503,21400087,2791,,stale_reset(14),2,1,borderline,distance: at-rim/very close
573,PT01M02.00S,4,1610612744,GSW,201939,Curry,S. Curry,0,252,25,Made,1,84.0,96.0,180,v,Curry 25' 3PT Step Back Jump Shot (34 PTS),Made Shot,Step Back Jump shot,1,508,21400087,2818,5.0,turnover(24),3,4,likely_contested,"subType: contested-like, text: pressure-move, clock: late (<=5s)"
22,PT09M27.00S,1,1610612744,GSW,201939,Curry,S. Curry,21,272,27,Made,1,6.0,6.0,12,v,Curry 27' 3PT Jump Shot (3 PTS) (Bogut 1 AST),Made Shot,Jump Shot,1,19,21400095,153,8.0,made_fg(24),3,-2,likely_open,"subType: open-like, distance: deep above-break 3 (>=27ft)"
25,PT09M08.00S,1,1610612744,GSW,201939,Curry,S. Curry,29,15,3,Made,1,6.0,8.0,14,v,Curry 3' Driving Finger Roll Layup (5 PTS),Made Shot,Driving Finger Roll Layup Shot,1,22,21400095,172,15.0,def_reb(24),2,1,borderline,distance: at-rim/very close
28,PT08M42.00S,1,1610612744,GSW,201939,Curry,S. Curry,-105,238,26,Missed,1,0.0,0.0,0,v,MISS Curry 26' 3PT Jump Shot,Missed Shot,Jump Shot,1,25,21400095,198,18.0,def_reb(24),3,-1,likely_open,subType: open-like
47,PT06M49.00S,1,1610612744,GSW,201939,Curry,S. Curry,-101,189,21,Missed,1,0.0,0.0,0,v,MISS Curry 21' Jump Shot,Missed Shot,Jump Shot,1,44,21400095,311,13.0,def_reb(24),2,-1,likely_open,subType: open-like
53,PT06M34.00S,1,1610612744,GSW,201939,Curry,S. Curry,233,-10,0,Made,1,8.0,17.0,25,v,Curry  3PT Jump Shot (9 PTS),Made Shot,Jump Shot,1,52,21400095,326,22.0,turnover(24),3,-1,likely_open,"subType: open-like, distance: at-rim/very close, coords: corner-3, corner: catch/spot"
68,PT04M57.00S,1,1610612744,GSW,201939,Curry,S. Curry,-128,217,25,Missed,1,0.0,0.0,0,v,MISS Curry 25' 3PT Jump Shot,Missed Shot,Jump Shot,1,65,21400095,423,19.0,def_reb(24),3,-1,likely_open,subType: open-like
172,PT06M42.00S,2,1610612744,GSW,201939,Curry,S. Curry,-86,4,9,Missed,1,0.0,0.0,0,v,MISS Curry 9' Jump Shot,Missed Shot,Jump Shot,1,160,21400095,1038,6.0,turnover(24),2,0,likely_open,"subType: open-like, distance: mid-range"
184,PT05M39.00S,2,1610612744,GSW,201939,Curry,S. Curry,-231,22,0,Made,1,37.0,44.0,81,v,Curry  3PT Jump Shot (13 PTS) (Bogut 2 AST),Made Shot,Jump Shot,1,171,21400095,1101,8.0,def_reb(24),3,-1,likely_open,"subType: open-like, distance: at-rim/very close, coords: corner-3, corner: catch/spot"
208,PT03M41.00S,2,1610612744,GSW,201939,Curry,S. Curry,28,14,3,Made,1,39.0,49.0,88,v,Curry 3' Finger Roll Layup (15 PTS),Made Shot,Finger Roll Layup Shot,1,190,21400095,1219,12.0,keep_clock(19),2,1,borderline,distance: at-rim/very close
218,PT02M48.00S,2,1610612744,GSW,201939,Curry,S. Curry,-84,230,24,Made,1,41.0,52.0,93,v,Curry 24' 3PT Jump Shot (18 PTS) (Rush 1 AST),Made Shot,Jump Shot,1,198,21400095,1272,1.0,final_ft(24),3,0,likely_open,"subType: open-like, clock: late (<=5s)"
220,PT02M39.00S,2,1610612744,GSW,201939,Curry,S. Curry,1,3,0,Made,1,41.0,54.0,95,v,Curry  Driving Reverse Layup (20 PTS),Made Shot,Driving Reverse Layup Shot,1,201,21400095,1281,21.0,turnover(24),2,3,likely_contested,"subType: contested-like, distance: at-rim/very close"
236,PT01M38.00S,2,1610612744,GSW,201939,Curry,S. Curry,17,242,24,Missed,1,0.0,0.0,0,v,MISS Curry 24' 3PT Step Back Jump Shot,Missed Shot,Step Back Jump shot,1,214,21400095,1342,1.0,def_foul_14(14),3,4,likely_contested,"subType: contested-like, text: pressure-move, clock: late (<=5s)"
263,PT11M33.00S,3,1610612744,GSW,201939,Curry,S. Curry,-7,3,1,Made,1,47.0,60.0,107,v,Curry 1' Driving Layup (24 PTS),Made Shot,Driving Layup Shot,1,239,21400095,1467,16.0,def_reb(24),2,3,likely_contested,"subType: contested-like, distance: at-rim/very close"
264,PT11M44.00S,3,1610612744,GSW,201939,Curry,S. Curry,6,251,25,Missed,1,0.0,0.0,0,v,MISS Curry 25' 3PT Jump Shot,Missed Shot,Jump Shot,1,237,21400095,1456,8.0,period_start(24),3,-1,likely_open,subType: open-like
286,PT09M20.00S,3,1610612744,GSW,201939,Curry,S. Curry,-73,157,17,Missed,1,0.0,0.0,0,v,MISS Curry 17' Jump Shot,Missed Shot,Jump Shot,1,255,21400095,1600,6.0,made_fg(24),2,-1,likely_open,subType: open-like
455,PT08M45.00S,4,1610612744,GSW,201939,Curry,S. Curry,-30,112,12,Made,1,83.0,84.0,167,v,Curry 12' Running Jump Shot (26 PTS),Made Shot,Running Jump Shot,1,399,21400095,2355,14.0,final_ft(24),2,0,likely_open,"subType: open-like, distance: mid-range"
463,PT07M52.00S,4,1610612744,GSW,201939,Curry,S. Curry,54,241,25,Missed,1,0.0,0.0,0,v,MISS Curry 25' 3PT Jump Shot,Missed Shot,Jump Shot,1,407,21400095,2408,12.0,made_fg(24),3,-1,likely_open,subType: open-like
467,PT07M29.00S,4,1610612744,GSW,201939,Curry,S. Curry,29,12,3,Made,1,85.0,86.0,171,v,Curry 3' Driving Jump Shot (28 PTS),Made Shot,Driving Jump shot,1,411,21400095,2431,15.0,def_reb(24),2,1,borderline,distance: at-rim/very close
480,PT06M16.00S,4,1610612744,GSW,201939,Curry,S. Curry,42,242,25,Missed,1,0.0,0.0,0,v,MISS Curry 25' 3PT Jump Shot,Missed Shot,Jump Shot,1,422,21400095,2504,0.0,def_foul_14(14),3,0,likely_open,"subType: open-like, clock: late (<=5s)"
526,PT02M40.00S,4,1610612744,GSW,201939,Curry,S. Curry,124,157,20,Missed,1,0.0,0.0,0,v,MISS Curry 20' Jump Shot,Missed Shot,Jump Shot,1,460,21400095,2720,12.0,made_fg(24),2,-1,likely_open,subType: open-like
22,PT09M28.00S,1,1610612744,GSW,201939,Curry,S. Curry,17,260,26,Missed,1,0.0,0.0,0,h,MISS Curry 26' 3PT Pullup Jump Shot,Missed Shot,Pullup Jump shot,1,20,21400108,152,9.0,def_foul_14(14),3,3,likely_contested,"subType: contested-like, text: pressure-move"
25,PT09M10.00S,1,1610612744,GSW,201939,Curry,S. Curry,88,80,12,Made,1,8.0,6.0,14,h,Curry 12' Running Bank Shot (2 PTS),Made Shot,Running Bank shot,1,23,21400108,170,13.0,made_fg(24),2,1,borderline,distance: mid-range
56,PT05M34.00S,1,1610612744,GSW,201939,Curry,S. Curry,26,22,3,Missed,1,0.0,0.0,0,h,MISS Curry 3' Jump Shot,Missed Shot,Jump Shot,1,54,21400108,386,18.0,def_reb(24),2,0,likely_open,"subType: open-like, distance: at-rim/very close"
73,PT03M16.00S,1,1610612744,GSW,201939,Curry,S. Curry,-8,7,1,Made,1,19.0,19.0,38,h,Curry 1' Driving Finger Roll Layup (4 PTS),Made Shot,Driving Finger Roll Layup Shot,1,73,21400108,524,21.0,def_reb(24),2,1,borderline,distance: at-rim/very close
76,PT02M44.00S,1,1610612744,GSW,201939,Curry,S. Curry,10,39,4,Made,1,21.0,19.0,40,h,Curry 4' Running Bank Shot (6 PTS),Made Shot,Running Bank shot,1,76,21400108,556,16.0,def_reb(24),2,1,borderline,distance: at-rim/very close
86,PT02M07.00S,1,1610612744,GSW,201939,Curry,S. Curry,152,242,29,Missed,1,0.0,0.0,0,h,MISS Curry 29' 3PT Jump Shot,Missed Shot,Jump Shot,1,86,21400108,593,12.0,made_fg(24),3,-2,likely_open,"subType: open-like, distance: deep above-break 3 (>=27ft)"
216,PT03M41.00S,2,1610612744,GSW,201939,Curry,S. Curry,-237,6,24,Missed,1,0.0,0.0,0,h,MISS Curry 24' 3PT Jump Shot,Missed Shot,Jump Shot,1,200,21400108,1219,16.0,def_reb(24),3,-2,likely_open,"subType: open-like, coords: corner-3, corner: catch/spot"
250,PT11M01.00S,3,1610612744,GSW,201939,Curry,S. Curry,-10,20,2,Made,1,49.0,52.0,101,h,Curry 2' Driving Finger Roll Layup (9 PTS),Made Shot,Driving Finger Roll Layup Shot,1,233,21400108,1499,12.0,made_fg(24),2,1,borderline,distance: at-rim/very close
261,PT09M23.00S,3,1610612744,GSW,201939,Curry,S. Curry,-109,143,18,Made,1,54.0,59.0,113,h,Curry 18' Floating Jump Shot (11 PTS),Made Shot,Floating Jump shot,1,245,21400108,1597,17.0,made_fg(24),2,2,likely_contested,subType: contested-like
264,PT08M52.00S,3,1610612744,GSW,201939,Curry,S. Curry,182,219,28,Missed,1,0.0,0.0,0,h,MISS Curry 28' 3PT Pullup Jump Shot,Missed Shot,Pullup Jump shot,1,247,21400108,1628,14.0,made_fg(24),3,2,likely_contested,"subType: contested-like, text: pressure-move, distance: deep above-break 3 (>=27ft)"
287,PT06M35.00S,3,1610612744,GSW,201939,Curry,S. Curry,6,4,1,Made,1,58.0,66.0,124,h,Curry 1' Driving Finger Roll Layup (13 PTS),Made Shot,Driving Finger Roll Layup Shot,1,268,21400108,1765,21.0,def_reb(24),2,1,borderline,distance: at-rim/very close
308,PT05M01.00S,3,1610612744,GSW,201939,Curry,S. Curry,-92,36,10,Made,1,61.0,68.0,129,h,Curry 10' Step Back Jump Shot (16 PTS),Made Shot,Step Back Jump shot,1,289,21400108,1859,11.0,made_fg(24),2,4,likely_contested,"subType: contested-like, text: pressure-move, distance: mid-range"
310,PT04M25.00S,3,1610612744,GSW,201939,Curry,S. Curry,-15,272,27,Missed,1,0.0,0.0,0,h,MISS Curry 27' 3PT Step Back Jump Shot,Missed Shot,Step Back Jump shot,1,291,21400108,1895,12.0,made_fg(24),3,2,likely_contested,"subType: contested-like, text: pressure-move, distance: deep above-break 3 (>=27ft)"
314,PT03M51.00S,3,1610612744,GSW,201939,Curry,S. Curry,0,37,4,Missed,1,0.0,0.0,0,h,MISS Curry 4' Jump Shot,Missed Shot,Jump Shot,1,295,21400108,1929,7.0,def_reb(24),2,0,likely_open,"subType: open-like, distance: at-rim/very close"
426,PT05M53.00S,4,1610612744,GSW,201939,Curry,S. Curry,91,42,10,Missed,1,0.0,0.0,0,h,MISS Curry 10' Floating Jump Shot,Missed Shot,Floating Jump shot,1,397,21400108,2527,15.0,final_ft(24),2,3,likely_contested,"subType: contested-like, distance: mid-range"
435,PT05M16.00S,4,1610612744,GSW,201939,Curry,S. Curry,34,254,26,Missed,1,0.0,0.0,0,h,MISS Curry 26' 3PT Step Back Jump Shot,Missed Shot,Step Back Jump shot,1,405,21400108,2564,4.0,off_reb(14),3,4,likely_contested,"subType: contested-like, text: pressure-move, clock: late (<=5s)"
444,PT04M14.00S,4,1610612744,GSW,201939,Curry,S. Curry,-108,154,19,Missed,1,0.0,0.0,0,h,MISS Curry 19' Floating Jump Shot,Missed Shot,Floating Jump shot,1,413,21400108,2626,17.0,final_ft(24),2,2,likely_contested,subType: contested-like
481,PT00M49.90S,4,1610612744,GSW,201939,Curry,S. Curry,-182,252,31,Missed,1,0.0,0.0,0,h,MISS Curry 31' 3PT Pullup Jump Shot,Missed Shot,Pullup Jump shot,1,445,21400108,2831,20.0,made_fg(24),3,2,likely_contested,"subType: contested-like, text: pressure-move, distance: deep above-break 3 (>=27ft)"
5,PT11M21.00S,1,1610612744,GSW,201939,Curry,S. Curry,94,187,21,Made,1,2.0,2.0,4,h,Curry 21' Step Back Jump Shot (2 PTS) (Barnes 1 AST),Made Shot,Step Back Jump shot,0,7,21400121,39,10.0,made_fg(24),2,3,likely_contested,"subType: contested-like, text: pressure-move"
78,PT03M34.00S,1,1610612744,GSW,201939,Curry,S. Curry,-232,26,0,Missed,1,0.0,0.0,0,h,MISS Curry  3PT Pullup Jump Shot,Missed Shot,Pullup Jump shot,0,72,21400121,506,4.0,off_reb(14),3,5,likely_contested,"subType: contested-like, text: pressure-move, distance: at-rim/very close, coords: corner-3, clock: late (<=5s)"
220,PT03M22.00S,2,1610612744,GSW,201939,Curry,S. Curry,154,71,17,Missed,1,0.0,0.0,0,h,MISS Curry 17' Turnaround Fadeaway Shot,Missed Shot,Turnaround Fadeaway shot,0,203,21400121,1238,13.0,def_reb(24),2,3,likely_contested,"subType: contested-like, text: pressure-move"
279,PT11M39.00S,3,1610612744,GSW,201939,Curry,S. Curry,222,108,25,Made,1,69.0,55.0,124,h,Curry 25' 3PT Pullup Jump Shot (5 PTS) (Bogut 2 AST),Made Shot,Pullup Jump shot,0,256,21400121,1461,3.0,period_start(24),3,4,likely_contested,"subType: contested-like, text: pressure-move, clock: late (<=5s)"
290,PT10M13.00S,3,1610612744,GSW,201939,Curry,S. Curry,-166,206,26,Missed,1,0.0,0.0,0,h,MISS Curry 26' 3PT Jump Shot,Missed Shot,Jump Shot,0,268,21400121,1547,16.0,def_reb(24),3,-1,likely_open,subType: open-like
346,PT05M08.00S,3,1610612744,GSW,201939,Curry,S. Curry,2,9,1,Made,1,80.0,65.0,145,h,Curry 1' Driving Reverse Layup (7 PTS),Made Shot,Driving Reverse Layup Shot,0,320,21400121,1852,13.0,turnover(24),2,3,likely_contested,"subType: contested-like, distance: at-rim/very close"
357,PT03M31.00S,3,1610612744,GSW,201939,Curry,S. Curry,237,15,24,Made,1,85.0,73.0,158,h,Curry 24' 3PT Pullup Jump Shot (10 PTS) (Thompson 2 AST),Made Shot,Pullup Jump shot,0,330,21400121,1949,1.0,made_fg(24),3,4,likely_contested,"subType: contested-like, text: pressure-move, coords: corner-3, clock: late (<=5s)"
423,PT09M39.00S,4,1610612744,GSW,201939,Curry,S. Curry,177,217,28,Missed,1,0.0,0.0,0,h,MISS Curry 28' 3PT Pullup Jump Shot,Missed Shot,Pullup Jump shot,0,395,21400121,2301,15.0,def_reb(24),3,2,likely_contested,"subType: contested-like, text: pressure-move, distance: deep above-break 3 (>=27ft)"
438,PT08M50.00S,4,1610612744,GSW,201939,Curry,S. Curry,10,17,2,Made,1,93.0,79.0,172,h,Curry 2' Driving Layup (12 PTS) (Bogut 4 AST),Made Shot,Driving Layup Shot,0,411,21400121,2350,23.0,def_reb(24),2,3,likely_contested,"subType: contested-like, distance: at-rim/very close"
445,PT07M53.00S,4,1610612744,GSW,201939,Curry,S. Curry,193,105,22,Missed,1,0.0,0.0,0,h,MISS Curry 22' Jump Shot,Missed Shot,Jump Shot,0,417,21400121,2407,14.0,made_fg(24),2,-1,likely_open,subType: open-like
454,PT06M27.00S,4,1610612744,GSW,201939,Curry,S. Curry,-64,255,26,Missed,1,0.0,0.0,0,h,MISS Curry 26' 3PT Pullup Jump Shot,Missed Shot,Pullup Jump shot,0,426,21400121,2493,8.0,made_fg(24),3,3,likely_contested,"subType: contested-like, text: pressure-move"
462,PT05M31.00S,4,1610612744,GSW,201939,Curry,S. Curry,163,217,27,Made,1,96.0,88.0,184,h,Curry 27' 3PT Pullup Jump Shot (15 PTS) (Iguodala 2 AST),Made Shot,Pullup Jump shot,0,433,21400121,2549,,stale_reset(14),3,2,likely_contested,"subType: contested-like, text: pressure-move, distance: deep above-break 3 (>=27ft)"
2,PT11M46.00S,1,1610612744,GSW,201939,Curry,S. Curry,89,246,26,Missed,1,0.0,0.0,0,h,MISS Curry 26' 3PT Pullup Jump Shot,Missed Shot,Pullup Jump shot,1,3,21400140,14,10.0,jumpball(24),3,3,likely_contested,"subType: contested-like, text: pressure-move"
30,PT07M44.00S,1,1610612744,GSW,201939,Curry,S. Curry,-166,206,26,Missed,1,0.0,0.0,0,h,MISS Curry 26' 3PT Step Back Jump Shot,Missed Shot,Step Back Jump shot,1,30,21400140,256,13.0,made_fg(24),3,3,likely_contested,"subType: contested-like, text: pressure-move"
40,PT06M32.00S,1,1610612744,GSW,201939,Curry,S. Curry,-158,86,18,Made,1,14.0,12.0,26,h,Curry 18' Running Bank Shot (2 PTS),Made Shot,Running Bank shot,1,39,21400140,328,11.0,made_fg(24),2,0,likely_open,
63,PT04M03.00S,1,1610612744,GSW,201939,Curry,S. Curry,-166,83,19,Made,1,20.0,18.0,38,h,Curry 19' Step Back Jump Shot (4 PTS),Made Shot,Step Back Jump shot,1,62,21400140,477,15.0,made_fg(24),2,3,likely_contested,"subType: contested-like, text: pressure-move"
65,PT03M39.00S,1,1610612744,GSW,201939,Curry,S. Curry,-136,142,20,Made,1,22.0,20.0,42,h,Curry 20' Pullup Jump Shot (6 PTS),Made Shot,Pullup Jump shot,1,64,21400140,501,17.0,made_fg(24),2,3,likely_contested,"subType: contested-like, text: pressure-move"
76,PT02M34.00S,1,1610612744,GSW,201939,Curry,S. Curry,-183,205,27,Missed,1,0.0,0.0,0,h,MISS Curry 27' 3PT Jump Shot,Missed Shot,Jump Shot,1,73,21400140,566,11.0,def_reb(24),3,-2,likely_open,"subType: open-like, distance: deep above-break 3 (>=27ft)"
80,PT02M15.00S,1,1610612744,GSW,201939,Curry,S. Curry,0,107,11,Missed,1,0.0,0.0,0,h,MISS Curry 11' Jump Shot,Missed Shot,Jump Shot,1,77,21400140,585,16.0,def_reb(24),2,0,likely_open,"subType: open-like, distance: mid-range"
196,PT04M24.00S,2,1610612744,GSW,201939,Curry,S. Curry,-10,4,1,Made,1,51.0,37.0,88,h,Curry 1' Driving Layup (8 PTS),Made Shot,Driving Layup Shot,1,185,21400140,1176,16.0,made_fg(24),2,3,likely_contested,"subType: contested-like, distance: at-rim/very close"
216,PT02M42.00S,2,1610612744,GSW,201939,Curry,S. Curry,-224,129,26,Made,1,58.0,39.0,97,h,Curry 26' 3PT Pullup Jump Shot (11 PTS) (Bogut 1 AST),Made Shot,Pullup Jump shot,1,205,21400140,1278,20.0,def_reb(24),3,3,likely_contested,"subType: contested-like, text: pressure-move"
225,PT01M23.00S,2,1610612744,GSW,201939,Curry,S. Curry,-166,230,28,Made,1,64.0,39.0,103,h,Curry 28' 3PT Pullup Jump Shot (14 PTS),Made Shot,Pullup Jump shot,1,215,21400140,1357,19.0,def_reb(24),3,2,likely_contested,"subType: contested-like, text: pressure-move, distance: deep above-break 3 (>=27ft)"
246,PT11M33.00S,3,1610612744,GSW,201939,Curry,S. Curry,135,129,19,Missed,1,0.0,0.0,0,h,MISS Curry 19' Jump Shot,Missed Shot,Jump Shot,1,233,21400140,1467,19.0,def_reb(24),2,-1,likely_open,subType: open-like
299,PT06M30.00S,3,1610612744,GSW,201939,Curry,S. Curry,141,140,20,Missed,1,0.0,0.0,0,h,MISS Curry 20' Pullup Jump Shot,Missed Shot,Pullup Jump shot,1,280,21400140,1770,8.0,made_fg(24),2,3,likely_contested,"subType: contested-like, text: pressure-move"
324,PT04M59.00S,3,1610612744,GSW,201939,Curry,S. Curry,13,17,2,Made,1,86.0,56.0,142,h,Curry 2' Reverse Layup (16 PTS),Made Shot,Reverse Layup Shot,1,306,21400140,1861,9.0,final_ft(24),2,3,likely_contested,"subType: contested-like, distance: at-rim/very close"
333,PT04M23.00S,3,1610612744,GSW,201939,Curry,S. Curry,-210,31,21,Missed,1,0.0,0.0,0,h,MISS Curry 21' Step Back Jump Shot,Missed Shot,Step Back Jump shot,1,313,21400140,1897,4.0,final_ft(24),2,4,likely_contested,"subType: contested-like, text: pressure-move, clock: late (<=5s)"
390,PT00M00.90S,3,1610612744,GSW,201939,Curry,S. Curry,-32,266,27,Made,1,96.0,68.0,164,h,Curry 27' 3PT Pullup Jump Shot (19 PTS) (Bogut 2 AST),Made Shot,Pullup Jump shot,1,363,21400140,2160,20.0,final_ft(24),3,2,likely_contested,"subType: contested-like, text: pressure-move, distance: deep above-break 3 (>=27ft)"
17,PT09M38.00S,1,1610612744,GSW,201939,Curry,S. Curry,-119,190,22,Missed,1,0.0,0.0,0,v,MISS Curry 22' Jump Shot,Missed Shot,Jump Shot,1,18,21400145,142,17.0,def_reb(24),2,-1,likely_open,subType: open-like
73,PT04M35.00S,1,1610612744,GSW,201939,Curry,S. Curry,15,260,26,Made,1,12.0,27.0,39,v,Curry 26' 3PT Jump Shot (3 PTS),Made Shot,Jump Shot,1,71,21400145,445,14.0,turnover(24),3,-1,likely_open,subType: open-like
85,PT03M30.00S,1,1610612744,GSW,201939,Curry,S. Curry,-111,-11,11,Missed,1,0.0,0.0,0,v,MISS Curry 11' Floating Jump Shot,Missed Shot,Floating Jump shot,1,82,21400145,510,1.0,final_ft(24),2,4,likely_contested,"subType: contested-like, distance: mid-range, clock: late (<=5s)"
106,PT01M07.00S,1,1610612744,GSW,201939,Curry,S. Curry,236,6,24,Missed,1,0.0,0.0,0,v,MISS Curry 24' 3PT Jump Shot,Missed Shot,Jump Shot,1,102,21400145,653,10.0,off_reb(14),3,-2,likely_open,"subType: open-like, coords: corner-3, corner: catch/spot"
242,PT04M13.00S,2,1610612744,GSW,201939,Curry,S. Curry,15,17,2,Missed,1,0.0,0.0,0,v,MISS Curry 2' Driving Layup,Missed Shot,Driving Layup Shot,1,224,21400145,1187,7.0,final_ft(24),2,3,likely_contested,"subType: contested-like, distance: at-rim/very close"
248,PT03M38.00S,2,1610612744,GSW,201939,Curry,S. Curry,138,211,25,Made,1,43.0,61.0,104,v,Curry 25' 3PT Jump Shot (8 PTS) (Thompson 2 AST),Made Shot,Jump Shot,1,230,21400145,1222,8.0,made_fg(24),3,-1,likely_open,subType: open-like
264,PT01M48.00S,2,1610612744,GSW,201939,Curry,S. Curry,13,15,2,Made,1,50.0,66.0,116,v,Curry 2' Driving Layup (10 PTS) (Bogut 1 AST),Made Shot,Driving Layup Shot,1,244,21400145,1332,8.0,made_fg(24),2,3,likely_contested,"subType: contested-like, distance: at-rim/very close"
267,PT01M28.00S,2,1610612744,GSW,201939,Curry,S. Curry,-188,214,28,Made,1,50.0,69.0,119,v,Curry 28' 3PT Jump Shot (13 PTS) (Bogut 2 AST),Made Shot,Jump Shot,1,247,21400145,1352,19.0,def_reb(24),3,-2,likely_open,"subType: open-like, distance: deep above-break 3 (>=27ft)"
300,PT00M09.90S,2,1610612744,GSW,201939,Curry,S. Curry,72,203,22,Missed,1,0.0,0.0,0,v,MISS Curry 22' Jump Shot,Missed Shot,Jump Shot,1,273,21400145,1431,3.0,final_ft(24),2,0,likely_open,"subType: open-like, clock: late (<=5s)"
324,PT10M40.00S,3,1610612744,GSW,201939,Curry,S. Curry,-171,224,28,Made,1,57.0,79.0,136,v,Curry 28' 3PT Jump Shot (16 PTS) (Thompson 3 AST),Made Shot,Jump Shot,1,293,21400145,1520,13.0,def_reb(24),3,-2,likely_open,"subType: open-like, distance: deep above-break 3 (>=27ft)"
327,PT10M10.00S,3,1610612744,GSW,201939,Curry,S. Curry,59,66,9,Missed,1,0.0,0.0,0,v,MISS Curry 9' Floating Jump Shot,Missed Shot,Floating Jump shot,1,296,21400145,1550,16.0,def_reb(24),2,3,likely_contested,"subType: contested-like, distance: mid-range"
334,PT09M33.00S,3,1610612744,GSW,201939,Curry,S. Curry,-21,26,3,Made,1,59.0,81.0,140,v,Curry 3' Driving Layup (18 PTS) (Bogut 3 AST),Made Shot,Driving Layup Shot,1,301,21400145,1587,7.0,final_ft(24),2,3,likely_contested,"subType: contested-like, distance: at-rim/very close"
339,PT08M54.00S,3,1610612744,GSW,201939,Curry,S. Curry,15,33,4,Made,1,61.0,83.0,144,v,Curry 4' Driving Reverse Layup (20 PTS),Made Shot,Driving Reverse Layup Shot,1,306,21400145,1626,15.0,made_fg(24),2,3,likely_contested,"subType: contested-like, distance: at-rim/very close"
359,PT06M47.00S,3,1610612744,GSW,201939,Curry,S. Curry,17,19,3,Made,1,67.0,93.0,160,v,Curry 3' Driving Layup (22 PTS),Made Shot,Driving Layup Shot,1,323,21400145,1753,19.0,def_reb(24),2,3,likely_contested,"subType: contested-like, distance: at-rim/very close"
369,PT06M17.00S,3,1610612744,GSW,201939,Curry,S. Curry,125,220,25,Made,1,70.0,97.0,167,v,Curry 25' 3PT Jump Shot (26 PTS),Made Shot,Jump Shot,1,331,21400145,1783,9.0,final_ft(24),3,-1,likely_open,subType: open-like
406,PT03M00.00S,3,1610612744,GSW,201939,Curry,S. Curry,7,14,2,Made,1,75.0,109.0,184,v,Curry 2' Layup (28 PTS),Made Shot,Layup Shot,1,361,21400145,1980,14.0,def_reb(24),2,1,borderline,distance: at-rim/very close
430,PT00M52.90S,3,1610612744,GSW,201939,Curry,S. Curry,174,201,27,Missed,1,0.0,0.0,0,v,MISS Curry 27' 3PT Jump Shot,Missed Shot,Jump Shot,1,384,21400145,2108,15.0,made_fg(24),3,-2,likely_open,"subType: open-like, distance: deep above-break 3 (>=27ft)"
436,PT00M19.90S,3,1610612744,GSW,201939,Curry,S. Curry,146,222,27,Missed,1,0.0,0.0,0,v,MISS Curry 27' 3PT Jump Shot,Missed Shot,Jump Shot,1,390,21400145,2141,10.0,off_reb(14),3,-2,likely_open,"subType: open-like, distance: deep above-break 3 (>=27ft)"
440,PT00M01.10S,3,1610612744,GSW,201939,Curry,S. Curry,40,518,52,Missed,1,0.0,0.0,0,v,MISS Curry 52' 3PT Jump Shot,Missed Shot,Jump Shot,1,394,21400145,2159,24.0,def_reb(24),3,-2,likely_open,"subType: open-like, distance: deep above-break 3 (>=27ft)"
13,PT10M06.00S,1,1610612744,GSW,201939,Curry,S. Curry,121,258,28,Made,1,6.0,0.0,6,h,Curry 28' 3PT Pullup Jump Shot (3 PTS) (Bogut 1 AST),Made Shot,Pullup Jump shot,1,16,21400182,114,18.0,def_reb(24),3,2,likely_contested,"subType: contested-like, text: pressure-move, distance: deep above-break 3 (>=27ft)"
18,PT09M40.00S,1,1610612744,GSW,201939,Curry,S. Curry,157,217,27,Missed,1,0.0,0.0,0,h,MISS Curry 27' 3PT Step Back Jump Shot,Missed Shot,Step Back Jump shot,1,21,21400182,140,9.0,off_reb(14),3,2,likely_contested,"subType: contested-like, text: pressure-move, distance: deep above-break 3 (>=27ft)"
30,PT08M28.00S,1,1610612744,GSW,201939,Curry,S. Curry,-108,140,18,Missed,1,0.0,0.0,0,h,MISS Curry 18' Turnaround Fadeaway Shot,Missed Shot,Turnaround Fadeaway shot,1,33,21400182,212,19.0,def_reb(24),2,3,likely_contested,"subType: contested-like, text: pressure-move"
62,PT04M59.00S,1,1610612744,GSW,201939,Curry,S. Curry,10,9,1,Made,1,19.0,6.0,25,h,Curry 1' Driving Layup (5 PTS),Made Shot,Driving Layup Shot,1,65,21400182,421,18.0,def_reb(24),2,3,likely_contested,"subType: contested-like, distance: at-rim/very close"
86,PT03M09.00S,1,1610612744,GSW,201939,Curry,S. Curry,94,258,27,Missed,1,0.0,0.0,0,h,MISS Curry 27' 3PT Pullup Jump Shot,Missed Shot,Pullup Jump shot,1,85,21400182,531,19.0,def_reb(24),3,2,likely_contested,"subType: contested-like, text: pressure-move, distance: deep above-break 3 (>=27ft)"
91,PT02M21.00S,1,1610612744,GSW,201939,Curry,S. Curry,-109,228,25,Made,1,24.0,8.0,32,h,Curry 25' 3PT Pullup Jump Shot (8 PTS) (Green 3 AST),Made Shot,Pullup Jump shot,1,90,21400182,579,8.0,def_reb(24),3,3,likely_contested,"subType: contested-like, text: pressure-move"
102,PT01M34.00S,1,1610612744,GSW,201939,Curry,S. Curry,-207,31,21,Missed,1,0.0,0.0,0,h,MISS Curry 21' Jump Shot,Missed Shot,Jump Shot,1,102,21400182,626,6.0,made_fg(24),2,-1,likely_open,subType: open-like
197,PT04M07.00S,2,1610612744,GSW,201939,Curry,S. Curry,-106,249,27,Missed,1,0.0,0.0,0,h,MISS Curry 27' 3PT Pullup Jump Shot,Missed Shot,Pullup Jump shot,1,185,21400182,1193,18.0,def_reb(24),3,2,likely_contested,"subType: contested-like, text: pressure-move, distance: deep above-break 3 (>=27ft)"
330,PT03M27.00S,3,1610612744,GSW,201939,Curry,S. Curry,-209,156,26,Missed,1,0.0,0.0,0,h,MISS Curry 26' 3PT Pullup Jump Shot,Missed Shot,Pullup Jump shot,1,314,21400182,1953,7.0,def_reb(24),3,3,likely_contested,"subType: contested-like, text: pressure-move"
5,PT11M14.00S,1,1610612744,GSW,201939,Curry,S. Curry,4,244,24,Made,1,0.0,5.0,5,v,Curry 24' 3PT Pullup Jump Shot (3 PTS) (Green 1 AST),Made Shot,Pullup Jump shot,1,6,21400196,46,17.0,def_reb(24),3,3,likely_contested,"subType: contested-like, text: pressure-move"
20,PT09M49.00S,1,1610612744,GSW,201939,Curry,S. Curry,-157,118,20,Made,1,2.0,7.0,9,v,Curry 20' Jump Shot (5 PTS) (Bogut 1 AST),Made Shot,Jump Shot,1,22,21400196,131,14.0,def_reb(24),2,-1,likely_open,subType: open-like
28,PT08M40.00S,1,1610612744,GSW,201939,Curry,S. Curry,-204,146,25,Missed,1,0.0,0.0,0,v,MISS Curry 25' 3PT Step Back Jump Shot,Missed Shot,Step Back Jump shot,1,30,21400196,200,15.0,def_reb(24),3,3,likely_contested,"subType: contested-like, text: pressure-move"
61,PT05M16.00S,1,1610612744,GSW,201939,Curry,S. Curry,9,9,1,Made,1,10.0,17.0,27,v,Curry 1' Reverse Layup (8 PTS) (Thompson 1 AST),Made Shot,Reverse Layup Shot,1,62,21400196,404,,stale_reset(24),2,3,likely_contested,"subType: contested-like, distance: at-rim/very close"
73,PT04M31.00S,1,1610612744,GSW,201939,Curry,S. Curry,-158,187,24,Made,1,12.0,21.0,33,v,Curry 24' 3PT Step Back Jump Shot (12 PTS),Made Shot,Step Back Jump shot,1,74,21400196,449,6.0,def_foul_14(14),3,3,likely_contested,"subType: contested-like, text: pressure-move"
76,PT04M01.00S,1,1610612744,GSW,201939,Curry,S. Curry,173,172,24,Missed,1,0.0,0.0,0,v,MISS Curry 24' 3PT Jump Shot,Missed Shot,Jump Shot,1,77,21400196,479,16.0,def_reb(24),3,-1,likely_open,subType: open-like
90,PT03M17.00S,1,1610612744,GSW,201939,Curry,S. Curry,18,0,2,Missed,1,0.0,0.0,0,v,MISS Curry 2' Driving Layup,Missed Shot,Driving Layup Shot,1,91,21400196,523,10.0,made_fg(24),2,3,likely_contested,"subType: contested-like, distance: at-rim/very close"
256,PT03M37.00S,2,1610612744,GSW,201939,Curry,S. Curry,0,30,3,Made,1,37.0,44.0,81,v,Curry 3' Finger Roll Layup (14 PTS) (Thompson 3 AST),Made Shot,Finger Roll Layup Shot,1,234,21400196,1223,5.0,made_fg(24),2,2,likely_contested,"distance: at-rim/very close, clock: late (<=5s)"
307,PT10M48.00S,3,1610612744,GSW,201939,Curry,S. Curry,-5,6,1,Missed,1,0.0,0.0,0,v,MISS Curry 1' Layup,Missed Shot,Layup Shot,1,279,21400196,1512,19.0,def_reb(24),2,1,borderline,distance: at-rim/very close
311,PT10M28.00S,3,1610612744,GSW,201939,Curry,S. Curry,-11,149,15,Missed,1,0.0,0.0,0,v,MISS Curry 15' Step Back Jump Shot,Missed Shot,Step Back Jump shot,1,285,21400196,1532,14.0,def_reb(24),2,4,likely_contested,"subType: contested-like, text: pressure-move, distance: mid-range"
348,PT07M33.00S,3,1610612744,GSW,201939,Curry,S. Curry,17,22,3,Missed,1,0.0,0.0,0,v,MISS Curry 3' Layup,Missed Shot,Layup Shot,1,312,21400196,1707,13.0,def_reb(24),2,1,borderline,distance: at-rim/very close
493,PT06M43.00S,4,1610612744,GSW,201939,Curry,S. Curry,-175,173,25,Missed,1,0.0,0.0,0,v,MISS Curry 25' 3PT Jump Shot,Missed Shot,Jump Shot,1,440,21400196,2477,19.0,def_reb(24),3,-1,likely_open,subType: open-like
531,PT04M07.00S,4,1610612744,GSW,201939,Curry,S. Curry,32,116,12,Missed,1,0.0,0.0,0,v,MISS Curry 12' Jump Shot,Missed Shot,Jump Shot,1,472,21400196,2633,2.0,keep_clock(15),2,1,borderline,"subType: open-like, distance: mid-range, clock: late (<=5s)"
548,PT03M08.00S,4,1610612744,GSW,201939,Curry,S. Curry,-138,205,25,Missed,1,0.0,0.0,0,v,MISS Curry 25' 3PT Jump Shot,Missed Shot,Jump Shot,1,486,21400196,2692,9.0,def_reb(24),3,-1,likely_open,subType: open-like
579,PT00M37.90S,4,1610612744,GSW,201939,Curry,S. Curry,140,172,22,Missed,1,0.0,0.0,0,v,MISS Curry 22' Jump Shot,Missed Shot,Jump Shot,1,511,21400196,2843,5.0,turnover(24),2,0,likely_open,"subType: open-like, clock: late (<=5s)"
7,PT11M12.00S,1,1610612744,GSW,201939,Curry,S. Curry,-136,203,24,Made,1,0.0,3.0,3,v,Curry 24' 3PT Jump Shot (3 PTS),Made Shot,Jump Shot,1,9,21400206,48,19.0,def_reb(24),3,-1,likely_open,subType: open-like
42,PT06M39.00S,1,1610612744,GSW,201939,Curry,S. Curry,-59,241,25,Made,1,12.0,19.0,31,v,Curry 25' 3PT Jump Shot (6 PTS),Made Shot,Jump Shot,1,42,21400206,321,13.0,def_reb(24),3,-1,likely_open,subType: open-like
50,PT05M31.00S,1,1610612744,GSW,201939,Curry,S. Curry,141,209,25,Missed,1,0.0,0.0,0,v,MISS Curry 25' 3PT Jump Shot,Missed Shot,Jump Shot,1,50,21400206,389,18.0,made_fg(24),3,-1,likely_open,subType: open-like
119,PT01M02.00S,1,1610612744,GSW,201939,Curry,S. Curry,62,121,14,Missed,1,0.0,0.0,0,v,MISS Curry 14' Jump Shot,Missed Shot,Jump Shot,1,112,21400206,658,13.0,made_fg(24),2,0,likely_open,"subType: open-like, distance: mid-range"
127,PT00M29.20S,1,1610612744,GSW,201939,Curry,S. Curry,-29,15,3,Made,1,36.0,28.0,64,v,Curry 3' Driving Layup (8 PTS),Made Shot,Driving Layup Shot,1,117,21400206,691,14.0,made_fg(24),2,3,likely_contested,"subType: contested-like, distance: at-rim/very close"
205,PT04M59.00S,2,1610612744,GSW,201939,Curry,S. Curry,-201,138,24,Made,1,54.0,44.0,98,v,Curry 24' 3PT Jump Shot (13 PTS),Made Shot,Jump Shot,1,184,21400206,1141,17.0,def_reb(24),3,-1,likely_open,subType: open-like
214,PT04M15.00S,2,1610612744,GSW,201939,Curry,S. Curry,9,26,3,Made,1,54.0,46.0,100,v,Curry 3' Driving Finger Roll Layup (15 PTS),Made Shot,Driving Finger Roll Layup Shot,1,191,21400206,1185,13.0,turnover(24),2,1,borderline,distance: at-rim/very close
234,PT02M12.00S,2,1610612744,GSW,201939,Curry,S. Curry,-127,170,21,Missed,1,0.0,0.0,0,v,MISS Curry 21' Jump Shot,Missed Shot,Jump Shot,1,210,21400206,1308,17.0,def_reb(24),2,-1,likely_open,subType: open-like
244,PT01M23.00S,2,1610612744,GSW,201939,Curry,S. Curry,-15,246,25,Made,1,60.0,57.0,117,v,Curry 25' 3PT Jump Shot (18 PTS),Made Shot,Jump Shot,1,218,21400206,1357,13.0,off_foul(24),3,-1,likely_open,subType: open-like
292,PT07M30.00S,3,1610612744,GSW,201939,Curry,S. Curry,160,194,25,Made,1,69.0,72.0,141,v,Curry 25' 3PT Jump Shot (21 PTS),Made Shot,Jump Shot,1,266,21400206,1710,15.0,made_fg(24),3,-1,likely_open,subType: open-like
300,PT06M47.00S,3,1610612744,GSW,201939,Curry,S. Curry,242,31,24,Made,1,71.0,75.0,146,v,Curry 24' 3PT Jump Shot (24 PTS) (Barnes 1 AST),Made Shot,Jump Shot,1,272,21400206,1753,7.0,made_fg(24),3,-2,likely_open,"subType: open-like, coords: corner-3, corner: catch/spot"
305,PT06M09.00S,3,1610612744,GSW,201939,Curry,S. Curry,4,6,1,Missed,1,0.0,0.0,0,v,MISS Curry 1' Driving Reverse Layup,Missed Shot,Driving Reverse Layup Shot,1,277,21400206,1791,17.0,def_reb(24),2,3,likely_contested,"subType: contested-like, distance: at-rim/very close"
330,PT03M36.00S,3,1610612744,GSW,201939,Curry,S. Curry,-168,179,25,Missed,1,0.0,0.0,0,v,MISS Curry 25' 3PT Jump Shot,Missed Shot,Jump Shot,1,301,21400206,1944,11.0,def_reb(24),3,-1,likely_open,subType: open-like
342,PT02M52.00S,3,1610612744,GSW,201939,Curry,S. Curry,23,-3,2,Made,1,80.0,83.0,163,v,Curry 2' Reverse Layup (26 PTS) (Green 3 AST),Made Shot,Reverse Layup Shot,1,311,21400206,1988,19.0,def_reb(24),2,3,likely_contested,"subType: contested-like, distance: at-rim/very close"
345,PT02M19.00S,3,1610612744,GSW,201939,Curry,S. Curry,51,247,25,Made,1,80.0,86.0,166,v,Curry 25' 3PT Jump Shot (29 PTS) (Speights 1 AST),Made Shot,Jump Shot,1,314,21400206,2021,18.0,def_reb(24),3,-1,likely_open,subType: open-like
361,PT01M26.00S,3,1610612744,GSW,201939,Curry,S. Curry,236,44,24,Missed,1,0.0,0.0,0,v,MISS Curry 24' 3PT Jump Shot,Missed Shot,Jump Shot,1,325,21400206,2074,9.0,final_ft(24),3,-2,likely_open,"subType: open-like, coords: corner-3, corner: catch/spot"
485,PT03M29.00S,4,1610612744,GSW,201939,Curry,S. Curry,-174,172,24,Made,1,95.0,104.0,199,v,Curry 24' 3PT Step Back Jump Shot (35 PTS),Made Shot,Step Back Jump shot,1,439,21400206,2671,7.0,turnover(24),3,3,likely_contested,"subType: contested-like, text: pressure-move"
501,PT02M20.00S,4,1610612744,GSW,201939,Curry,S. Curry,-10,7,1,Missed,1,0.0,0.0,0,v,MISS Curry 1' Driving Layup,Missed Shot,Driving Layup Shot,1,451,21400206,2740,9.0,final_ft(24),2,3,likely_contested,"subType: contested-like, distance: at-rim/very close"
519,PT01M13.00S,4,1610612744,GSW,201939,Curry,S. Curry,9,4,1,Made,1,97.0,111.0,208,v,Curry 1' Driving Layup (37 PTS),Made Shot,Driving Layup Shot,1,466,21400206,2807,16.0,def_reb(24),2,3,likely_contested,"subType: contested-like, distance: at-rim/very close"
24,PT08M23.00S,1,1610612744,GSW,201939,Curry,S. Curry,-64,75,10,Made,1,6.0,12.0,18,v,Curry 10' Running Jump Shot (2 PTS) (Bogut 3 AST),Made Shot,Running Jump Shot,1,25,21400212,217,,stale_reset(24),2,0,likely_open,"subType: open-like, distance: mid-range"
41,PT06M24.00S,1,1610612744,GSW,201939,Curry,S. Curry,-71,272,28,Made,1,6.0,15.0,21,v,Curry 28' 3PT Jump Shot (5 PTS),Made Shot,Jump Shot,1,42,21400212,336,15.0,turnover(24),3,-2,likely_open,"subType: open-like, distance: deep above-break 3 (>=27ft)"
56,PT05M11.00S,1,1610612744,GSW,201939,Curry,S. Curry,1,26,3,Missed,1,0.0,0.0,0,v,MISS Curry 3' Driving Layup,Missed Shot,Driving Layup Shot,1,57,21400212,409,8.0,def_foul_14(14),2,3,likely_contested,"subType: contested-like, distance: at-rim/very close"
67,PT04M19.00S,1,1610612744,GSW,201939,Curry,S. Curry,-175,176,25,Made,1,10.0,18.0,28,v,Curry 25' 3PT Jump Shot (8 PTS) (Green 1 AST),Made Shot,Jump Shot,1,69,21400212,461,8.0,def_reb(24),3,-1,likely_open,subType: open-like
84,PT03M18.00S,1,1610612744,GSW,201939,Curry,S. Curry,233,47,24,Made,1,12.0,21.0,33,v,Curry 24' 3PT Jump Shot (11 PTS) (Rush 1 AST),Made Shot,Jump Shot,1,80,21400212,522,5.0,final_ft(24),3,-1,likely_open,"subType: open-like, coords: corner-3, corner: catch/spot, clock: late (<=5s)"
95,PT02M15.00S,1,1610612744,GSW,201939,Curry,S. Curry,72,258,27,Made,1,16.0,26.0,42,v,Curry 27' 3PT Jump Shot (14 PTS),Made Shot,Jump Shot,1,90,21400212,585,12.0,final_ft(24),3,-2,likely_open,"subType: open-like, distance: deep above-break 3 (>=27ft)"
202,PT04M56.00S,2,1610612744,GSW,201939,Curry,S. Curry,103,183,21,Made,1,41.0,50.0,91,v,Curry 21' Jump Shot (16 PTS),Made Shot,Jump Shot,1,179,21400212,1144,15.0,made_fg(24),2,-1,likely_open,subType: open-like
210,PT03M27.00S,2,1610612744,GSW,201939,Curry,S. Curry,-30,290,29,Made,1,43.0,57.0,100,v,Curry 29' 3PT Jump Shot (19 PTS),Made Shot,Jump Shot,1,187,21400212,1233,17.0,def_reb(24),3,-2,likely_open,"subType: open-like, distance: deep above-break 3 (>=27ft)"
269,PT00M35.10S,2,1610612744,GSW,201939,Curry,S. Curry,-82,175,19,Made,1,50.0,63.0,113,v,Curry 19' Pullup Jump Shot (25 PTS),Made Shot,Pullup Jump shot,1,227,21400212,1405,15.0,made_fg(24),2,3,likely_contested,"subType: contested-like, text: pressure-move"
271,PT00M06.80S,2,1610612744,GSW,201939,Curry,S. Curry,24,135,14,Missed,1,0.0,0.0,0,v,MISS Curry 14' Floating Jump Shot,Missed Shot,Floating Jump shot,1,229,21400212,1434,5.0,made_fg(24),2,4,likely_contested,"subType: contested-like, distance: mid-range, clock: late (<=5s)"
320,PT07M00.00S,3,1610612744,GSW,201939,Curry,S. Curry,18,277,28,Made,1,56.0,76.0,132,v,Curry 28' 3PT Pullup Jump Shot (28 PTS),Made Shot,Pullup Jump shot,1,276,21400212,1740,18.0,turnover(24),3,2,likely_contested,"subType: contested-like, text: pressure-move, distance: deep above-break 3 (>=27ft)"
330,PT05M39.00S,3,1610612744,GSW,201939,Curry,S. Curry,151,209,26,Missed,1,0.0,0.0,0,v,MISS Curry 26' 3PT Jump Shot,Missed Shot,Jump Shot,1,287,21400212,1821,20.0,def_reb(24),3,-1,likely_open,subType: open-like
342,PT04M35.00S,3,1610612744,GSW,201939,Curry,S. Curry,-119,233,26,Missed,1,0.0,0.0,0,v,MISS Curry 26' 3PT Jump Shot,Missed Shot,Jump Shot,1,300,21400212,1885,13.0,def_reb(24),3,-1,likely_open,subType: open-like
6,PT10M46.00S,1,1610612744,GSW,201939,Curry,S. Curry,206,165,26,Made,1,2.0,5.0,7,v,Curry 26' 3PT Jump Shot (3 PTS) (Bogut 1 AST),Made Shot,Jump Shot,1,7,21400224,74,8.0,made_fg(24),3,-1,likely_open,subType: open-like
20,PT08M48.00S,1,1610612744,GSW,201939,Curry,S. Curry,157,244,29,Missed,1,0.0,0.0,0,v,MISS Curry 29' 3PT Jump Shot,Missed Shot,Jump Shot,1,21,21400224,192,6.0,made_fg(24),3,-2,likely_open,"subType: open-like, distance: deep above-break 3 (>=27ft)"
37,PT07M53.00S,1,1610612744,GSW,201939,Curry,S. Curry,1,28,3,Made,1,10.0,9.0,19,v,Curry 3' Layup (5 PTS) (Bogut 2 AST),Made Shot,Layup Shot,1,36,21400224,247,10.0,final_ft(24),2,1,borderline,distance: at-rim/very close
39,PT07M25.00S,1,1610612744,GSW,201939,Curry,S. Curry,-101,242,26,Missed,1,0.0,0.0,0,v,MISS Curry 26' 3PT Jump Shot,Missed Shot,Jump Shot,1,38,21400224,275,,stale_reset(24),3,-1,likely_open,subType: open-like
41,PT07M15.00S,1,1610612744,GSW,201939,Curry,S. Curry,108,135,17,Made,1,10.0,11.0,21,v,Curry 17' Jump Shot (7 PTS),Made Shot,Jump Shot,1,40,21400224,285,5.0,off_reb(14),2,0,likely_open,"subType: open-like, clock: late (<=5s)"
78,PT03M58.00S,1,1610612744,GSW,201939,Curry,S. Curry,-26,30,4,Missed,1,0.0,0.0,0,v,MISS Curry 4' Jump Shot,Missed Shot,Jump Shot,1,76,21400224,482,15.0,turnover(24),2,0,likely_open,"subType: open-like, distance: at-rim/very close"
94,PT02M37.00S,1,1610612744,GSW,201939,Curry,S. Curry,174,189,26,Missed,1,0.0,0.0,0,v,MISS Curry 26' 3PT Jump Shot,Missed Shot,Jump Shot,1,91,21400224,563,9.0,made_fg(24),3,-1,likely_open,subType: open-like
266,PT10M53.00S,3,1610612744,GSW,201939,Curry,S. Curry,-64,22,7,Made,1,59.0,53.0,112,v,Curry 7' Jump Bank Shot (10 PTS) (Bogut 5 AST),Made Shot,Jump Bank Shot,1,248,21400224,1507,8.0,made_fg(24),2,2,likely_contested,subType: contested-like
269,PT10M22.00S,3,1610612744,GSW,201939,Curry,S. Curry,-127,219,25,Missed,1,0.0,0.0,0,v,MISS Curry 25' 3PT Jump Shot,Missed Shot,Jump Shot,1,251,21400224,1538,18.0,def_reb(24),3,-1,likely_open,subType: open-like
283,PT08M41.00S,3,1610612744,GSW,201939,Curry,S. Curry,-15,1,2,Made,1,63.0,60.0,123,v,Curry 2' Driving Layup (12 PTS),Made Shot,Driving Layup Shot,1,267,21400224,1639,13.0,made_fg(24),2,3,likely_contested,"subType: contested-like, distance: at-rim/very close"
314,PT05M03.00S,3,1610612744,GSW,201939,Curry,S. Curry,146,222,27,Missed,1,0.0,0.0,0,v,MISS Curry 27' 3PT Jump Shot,Missed Shot,Jump Shot,1,297,21400224,1857,13.0,final_ft(24),3,-2,likely_open,"subType: open-like, distance: deep above-break 3 (>=27ft)"
320,PT04M11.00S,3,1610612744,GSW,201939,Curry,S. Curry,53,110,12,Made,1,76.0,68.0,144,v,Curry 12' Jump Shot (14 PTS),Made Shot,Jump Shot,1,305,21400224,1909,6.0,made_fg(24),2,0,likely_open,"subType: open-like, distance: mid-range"
323,PT03M47.00S,3,1610612744,GSW,201939,Curry,S. Curry,0,88,9,Missed,1,0.0,0.0,0,v,MISS Curry 9' Jump Shot,Missed Shot,Jump Shot,1,308,21400224,1933,17.0,def_reb(24),2,0,likely_open,"subType: open-like, distance: mid-range"
325,PT03M42.00S,3,1610612744,GSW,201939,Curry,S. Curry,239,26,24,Missed,1,0.0,0.0,0,v,MISS Curry 24' 3PT Jump Shot,Missed Shot,Jump Shot,1,310,21400224,1938,10.0,off_reb(14),3,-2,likely_open,"subType: open-like, coords: corner-3, corner: catch/spot"
331,PT03M15.00S,3,1610612744,GSW,201939,Curry,S. Curry,147,203,25,Missed,1,0.0,0.0,0,v,MISS Curry 25' 3PT Jump Shot,Missed Shot,Jump Shot,1,316,21400224,1965,17.0,def_reb(24),3,-1,likely_open,subType: open-like
337,PT02M45.00S,3,1610612744,GSW,201939,Curry,S. Curry,173,198,26,Missed,1,0.0,0.0,0,v,MISS Curry 26' 3PT Jump Shot,Missed Shot,Jump Shot,1,322,21400224,1995,5.0,turnover(24),3,0,likely_open,"subType: open-like, clock: late (<=5s)"
362,PT00M20.90S,3,1610612744,GSW,201939,Curry,S. Curry,-10,247,25,Missed,1,0.0,0.0,0,v,MISS Curry 25' 3PT Jump Shot,Missed Shot,Jump Shot,1,348,21400224,2140,19.0,made_fg(24),3,-1,likely_open,subType: open-like
458,PT03M39.00S,4,1610612744,GSW,201939,Curry,S. Curry,0,12,1,Made,1,90.0,95.0,185,v,Curry 1' Layup (16 PTS) (Thompson 4 AST),Made Shot,Layup Shot,1,437,21400224,2661,18.0,turnover(24),2,1,borderline,distance: at-rim/very close
464,PT02M34.00S,4,1610612744,GSW,201939,Curry,S. Curry,7,11,1,Made,1,90.0,97.0,187,v,Curry 1' Layup (18 PTS) (Iguodala 3 AST),Made Shot,Layup Shot,1,443,21400224,2726,21.0,def_reb(24),2,1,borderline,distance: at-rim/very close
474,PT01M43.00S,4,1610612744,GSW,201939,Curry,S. Curry,-8,4,1,Made,1,93.0,99.0,192,v,Curry 1' Driving Layup (20 PTS),Made Shot,Driving Layup Shot,1,452,21400224,2777,10.0,final_ft(24),2,3,likely_contested,"subType: contested-like, distance: at-rim/very close"
34,PT09M06.00S,1,1610612744,GSW,201939,Curry,S. Curry,118,241,27,Missed,1,0.0,0.0,0,v,MISS Curry 27' 3PT Jump Shot,Missed Shot,Jump Shot,1,34,21400243,174,19.0,def_reb(24),3,-2,likely_open,"subType: open-like, distance: deep above-break 3 (>=27ft)"
48,PT07M27.00S,1,1610612744,GSW,201939,Curry,S. Curry,-29,19,3,Missed,1,0.0,0.0,0,v,MISS Curry 3' Jump Shot,Missed Shot,Jump Shot,1,47,21400243,273,14.0,def_reb(24),2,0,likely_open,"subType: open-like, distance: at-rim/very close"
54,PT07M04.00S,1,1610612744,GSW,201939,Curry,S. Curry,6,7,1,Made,1,13.0,10.0,23,v,Curry 1' Driving Reverse Layup (3 PTS),Made Shot,Driving Reverse Layup Shot,1,55,21400243,296,14.0,def_reb(24),2,3,likely_contested,"subType: contested-like, distance: at-rim/very close"
90,PT03M40.00S,1,1610612744,GSW,201939,Curry,S. Curry,1,11,1,Made,1,18.0,14.0,32,v,Curry 1' Driving Layup (5 PTS),Made Shot,Driving Layup Shot,1,89,21400243,500,15.0,def_reb(24),2,3,likely_contested,"subType: contested-like, distance: at-rim/very close"
101,PT03M15.00S,1,1610612744,GSW,201939,Curry,S. Curry,-18,217,22,Missed,1,0.0,0.0,0,v,MISS Curry 22' Jump Shot,Missed Shot,Jump Shot,1,97,21400243,525,14.0,final_ft(24),2,-1,likely_open,subType: open-like
222,PT05M06.00S,2,1610612744,GSW,201939,Curry,S. Curry,-79,23,8,Made,1,30.0,37.0,67,v,Curry 8' Running Jump Shot (7 PTS),Made Shot,Running Jump Shot,1,210,21400243,1134,12.0,def_reb(24),2,0,likely_open,"subType: open-like, distance: mid-range"
251,PT01M37.00S,2,1610612744,GSW,201939,Curry,S. Curry,-19,268,27,Made,1,39.0,49.0,88,v,Curry 27' 3PT Jump Shot (10 PTS),Made Shot,Jump Shot,1,239,21400243,1343,16.0,def_reb(24),3,-2,likely_open,"subType: open-like, distance: deep above-break 3 (>=27ft)"
283,PT10M57.00S,3,1610612744,GSW,201939,Curry,S. Curry,13,175,18,Made,1,42.0,57.0,99,v,Curry 18' Jump Shot (12 PTS) (Green 1 AST),Made Shot,Jump Shot,1,265,21400243,1503,16.0,def_reb(24),2,-1,likely_open,subType: open-like
410,PT09M55.00S,4,1610612744,GSW,201939,Curry,S. Curry,200,164,26,Missed,1,0.0,0.0,0,v,MISS Curry 26' 3PT Jump Shot,Missed Shot,Jump Shot,1,378,21400243,2285,8.0,off_reb(14),3,-1,likely_open,subType: open-like
24,PT09M38.00S,1,1610612744,GSW,201939,Curry,S. Curry,230,36,0,Missed,1,0.0,0.0,0,h,MISS Curry  3PT Pullup Jump Shot,Missed Shot,Pullup Jump shot,1,22,21400262,142,10.0,made_fg(24),3,4,likely_contested,"subType: contested-like, text: pressure-move, distance: at-rim/very close, coords: corner-3"
41,PT06M49.00S,1,1610612744,GSW,201939,Curry,S. Curry,18,22,3,Made,1,8.0,11.0,19,h,Curry 3' Driving Finger Roll Layup (2 PTS),Made Shot,Driving Finger Roll Layup Shot,1,38,21400262,311,13.0,made_fg(24),2,1,borderline,distance: at-rim/very close
49,PT06M04.00S,1,1610612744,GSW,201939,Curry,S. Curry,9,272,27,Missed,1,0.0,0.0,0,h,MISS Curry 27' 3PT Jump Shot,Missed Shot,Jump Shot,1,45,21400262,356,12.0,made_fg(24),3,-2,likely_open,"subType: open-like, distance: deep above-break 3 (>=27ft)"
103,PT01M23.00S,1,1610612744,GSW,201939,Curry,S. Curry,9,25,3,Missed,1,0.0,0.0,0,h,MISS Curry 3' Layup,Missed Shot,Layup Shot,1,93,21400262,637,12.0,made_fg(24),2,1,borderline,distance: at-rim/very close
225,PT00M32.40S,2,1610612744,GSW,201939,Curry,S. Curry,-95,280,30,Made,1,56.0,44.0,100,h,Curry 30' 3PT Pullup Jump Shot (5 PTS) (Green 5 AST),Made Shot,Pullup Jump shot,1,211,21400262,1408,18.0,keep_clock(22),3,2,likely_contested,"subType: contested-like, text: pressure-move, distance: deep above-break 3 (>=27ft)"
245,PT10M29.00S,3,1610612744,GSW,201939,Curry,S. Curry,24,9,3,Made,1,58.0,48.0,106,h,Curry 3' Driving Layup (7 PTS) (Bogut 2 AST),Made Shot,Driving Layup Shot,1,229,21400262,1531,7.0,made_fg(24),2,3,likely_contested,"subType: contested-like, distance: at-rim/very close"
258,PT08M37.00S,3,1610612744,GSW,201939,Curry,S. Curry,-60,30,7,Made,1,60.0,53.0,113,h,Curry 7' Jump Shot (9 PTS),Made Shot,Jump Shot,1,243,21400262,1643,15.0,def_reb(24),2,-1,likely_open,subType: open-like
289,PT06M12.00S,3,1610612744,GSW,201939,Curry,S. Curry,-175,88,20,Missed,1,0.0,0.0,0,h,MISS Curry 20' Pullup Jump Shot,Missed Shot,Pullup Jump shot,1,277,21400262,1788,15.0,made_fg(24),2,3,likely_contested,"subType: contested-like, text: pressure-move"
294,PT05M40.00S,3,1610612744,GSW,201939,Curry,S. Curry,-46,28,5,Missed,1,0.0,0.0,0,h,MISS Curry 5' Jump Shot,Missed Shot,Jump Shot,1,282,21400262,1820,10.0,off_reb(14),2,0,likely_open,"subType: open-like, distance: at-rim/very close"
323,PT02M47.00S,3,1610612744,GSW,201939,Curry,S. Curry,12,3,1,Made,1,69.0,66.0,135,h,Curry 1' Driving Reverse Layup (12 PTS),Made Shot,Driving Reverse Layup Shot,1,310,21400262,1993,12.0,made_fg(24),2,3,likely_contested,"subType: contested-like, distance: at-rim/very close"
338,PT01M15.00S,3,1610612744,GSW,201939,Curry,S. Curry,-103,77,13,Made,1,71.0,71.0,142,h,Curry 13' Jump Bank Shot (14 PTS),Made Shot,Jump Bank Shot,1,325,21400262,2085,14.0,turnover(24),2,3,likely_contested,"subType: contested-like, distance: mid-range"
340,PT00M49.90S,3,1610612744,GSW,201939,Curry,S. Curry,-194,184,27,Missed,1,0.0,0.0,0,h,MISS Curry 27' 3PT Jump Shot,Missed Shot,Jump Shot,1,327,21400262,2111,16.0,made_fg(24),3,-2,likely_open,"subType: open-like, distance: deep above-break 3 (>=27ft)"
425,PT04M52.00S,4,1610612744,GSW,201939,Curry,S. Curry,200,167,26,Missed,1,0.0,0.0,0,h,MISS Curry 26' 3PT Pullup Jump Shot,Missed Shot,Pullup Jump shot,1,405,21400262,2588,4.0,made_fg(24),3,4,likely_contested,"subType: contested-like, text: pressure-move, clock: late (<=5s)"
437,PT04M00.00S,4,1610612744,GSW,201939,Curry,S. Curry,-171,220,28,Made,1,87.0,93.0,180,h,Curry 28' 3PT Pullup Jump Shot (17 PTS) (Thompson 5 AST),Made Shot,Pullup Jump shot,1,415,21400262,2640,13.0,made_fg(24),3,2,likely_contested,"subType: contested-like, text: pressure-move, distance: deep above-break 3 (>=27ft)"
463,PT01M01.00S,4,1610612744,GSW,201939,Curry,S. Curry,239,72,25,Missed,1,0.0,0.0,0,h,MISS Curry 25' 3PT Pullup Jump Shot,Missed Shot,Pullup Jump shot,1,440,21400262,2819,6.0,off_reb(14),3,3,likely_contested,"subType: contested-like, text: pressure-move"
465,PT00M56.90S,4,1610612744,GSW,201939,Curry,S. Curry,189,186,27,Missed,1,0.0,0.0,0,h,MISS Curry 27' 3PT Pullup Jump Shot,Missed Shot,Pullup Jump shot,1,442,21400262,2824,10.0,off_reb(14),3,2,likely_contested,"subType: contested-like, text: pressure-move, distance: deep above-break 3 (>=27ft)"
474,PT00M04.20S,4,1610612744,GSW,201939,Curry,S. Curry,174,209,27,Made,1,98.0,97.0,195,h,Curry 27' 3PT Pullup Jump Shot (22 PTS),Made Shot,Pullup Jump shot,1,450,21400262,2876,22.0,def_reb(24),3,2,likely_contested,"subType: contested-like, text: pressure-move, distance: deep above-break 3 (>=27ft)"
8,PT10M36.00S,1,1610612744,GSW,201939,Curry,S. Curry,-15,7,2,Made,1,4.0,4.0,8,h,Curry 2' Reverse Layup (2 PTS) (Bogut 1 AST),Made Shot,Reverse Layup Shot,1,11,21400275,84,1.0,made_fg(24),2,4,likely_contested,"subType: contested-like, distance: at-rim/very close, clock: late (<=5s)"
10,PT10M10.00S,1,1610612744,GSW,201939,Curry,S. Curry,-2,96,10,Missed,1,0.0,0.0,0,h,MISS Curry 10' Turnaround Jump Shot,Missed Shot,Turnaround Jump Shot,1,13,21400275,110,12.0,made_fg(24),2,1,borderline,distance: mid-range
16,PT09M32.00S,1,1610612744,GSW,201939,Curry,S. Curry,-38,266,27,Made,1,7.0,8.0,15,h,Curry 27' 3PT Pullup Jump Shot (5 PTS),Made Shot,Pullup Jump shot,1,20,21400275,148,16.0,made_fg(24),3,2,likely_contested,"subType: contested-like, text: pressure-move, distance: deep above-break 3 (>=27ft)"
51,PT06M08.00S,1,1610612744,GSW,201939,Curry,S. Curry,-2,33,3,Missed,1,0.0,0.0,0,h,MISS Curry 3' Jump Shot,Missed Shot,Jump Shot,1,52,21400275,352,,stale_reset(24),2,0,likely_open,"subType: open-like, distance: at-rim/very close"
73,PT03M39.00S,1,1610612744,GSW,201939,Curry,S. Curry,-11,14,2,Made,1,18.0,18.0,36,h,Curry 2' Driving Finger Roll Layup (7 PTS),Made Shot,Driving Finger Roll Layup Shot,1,73,21400275,501,14.0,def_reb(24),2,1,borderline,distance: at-rim/very close
86,PT02M22.00S,1,1610612744,GSW,201939,Curry,S. Curry,103,28,11,Missed,1,0.0,0.0,0,h,MISS Curry 11' Running Bank Shot,Missed Shot,Running Bank shot,1,89,21400275,578,12.0,made_fg(24),2,1,borderline,distance: mid-range
197,PT03M36.00S,2,1610612744,GSW,201939,Curry,S. Curry,119,31,12,Missed,1,0.0,0.0,0,h,MISS Curry 12' Jump Shot,Missed Shot,Jump Shot,1,200,21400275,1224,17.0,def_reb(24),2,0,likely_open,"subType: open-like, distance: mid-range"
209,PT02M38.00S,2,1610612744,GSW,201939,Curry,S. Curry,-16,4,2,Made,1,46.0,38.0,84,h,Curry 2' Driving Finger Roll Layup (9 PTS),Made Shot,Driving Finger Roll Layup Shot,1,211,21400275,1282,14.0,made_fg(24),2,1,borderline,distance: at-rim/very close
221,PT01M36.00S,2,1610612744,GSW,201939,Curry,S. Curry,187,206,28,Made,1,49.0,38.0,87,h,Curry 28' 3PT Step Back Jump Shot (12 PTS) (Thompson 2 AST),Made Shot,Step Back Jump shot,1,221,21400275,1344,7.0,def_reb(24),3,2,likely_contested,"subType: contested-like, text: pressure-move, distance: deep above-break 3 (>=27ft)"
225,PT01M10.00S,2,1610612744,GSW,201939,Curry,S. Curry,209,165,27,Missed,1,0.0,0.0,0,h,MISS Curry 27' 3PT Jump Shot,Missed Shot,Jump Shot,1,225,21400275,1370,13.0,made_fg(24),3,-2,likely_open,"subType: open-like, distance: deep above-break 3 (>=27ft)"
258,PT09M47.00S,3,1610612744,GSW,201939,Curry,S. Curry,-127,252,28,Missed,1,0.0,0.0,0,h,MISS Curry 28' 3PT Jump Shot,Missed Shot,Jump Shot,1,260,21400275,1573,15.0,made_fg(24),3,-2,likely_open,"subType: open-like, distance: deep above-break 3 (>=27ft)"
283,PT07M09.00S,3,1610612744,GSW,201939,Curry,S. Curry,-18,15,2,Missed,1,0.0,0.0,0,h,MISS Curry 2' Layup,Missed Shot,Layup Shot,1,286,21400275,1731,4.0,off_reb(14),2,2,likely_contested,"distance: at-rim/very close, clock: late (<=5s)"
297,PT05M37.00S,3,1610612744,GSW,201939,Curry,S. Curry,4,31,3,Missed,1,0.0,0.0,0,h,MISS Curry 3' Driving Finger Roll Layup,Missed Shot,Driving Finger Roll Layup Shot,1,300,21400275,1823,0.0,made_fg(24),2,2,likely_contested,"distance: at-rim/very close, clock: late (<=5s)"
304,PT05M00.00S,3,1610612744,GSW,201939,Curry,S. Curry,64,127,14,Made,1,72.0,50.0,122,h,Curry 14' Pullup Jump Shot (14 PTS) (Green 2 AST),Made Shot,Pullup Jump shot,1,306,21400275,1860,9.0,def_reb(24),2,4,likely_contested,"subType: contested-like, text: pressure-move, distance: mid-range"
317,PT03M05.00S,3,1610612744,GSW,201939,Curry,S. Curry,10,14,2,Made,1,76.0,59.0,135,h,Curry 2' Driving Finger Roll Layup (16 PTS),Made Shot,Driving Finger Roll Layup Shot,1,320,21400275,1975,13.0,made_fg(24),2,1,borderline,distance: at-rim/very close
435,PT05M23.00S,4,1610612744,GSW,201939,Curry,S. Curry,-231,50,24,Made,1,95.0,76.0,171,h,Curry 24' 3PT Pullup Jump Shot (19 PTS) (Thompson 5 AST),Made Shot,Pullup Jump shot,1,424,21400275,2557,9.0,turnover(24),3,3,likely_contested,"subType: contested-like, text: pressure-move, coords: corner-3"
444,PT04M35.00S,4,1610612744,GSW,201939,Curry,S. Curry,157,230,28,Missed,1,0.0,0.0,0,h,MISS Curry 28' 3PT Step Back Jump Shot,Missed Shot,Step Back Jump shot,1,433,21400275,2605,12.0,def_reb(24),3,2,likely_contested,"subType: contested-like, text: pressure-move, distance: deep above-break 3 (>=27ft)"
7,PT10M50.00S,1,1610612744,GSW,201939,Curry,S. Curry,-79,227,24,Missed,1,0.0,0.0,0,v,MISS Curry 24' 3PT Jump Shot,Missed Shot,Jump Shot,1,8,21400289,70,12.0,def_reb(24),3,-1,likely_open,subType: open-like
41,PT07M39.00S,1,1610612744,GSW,201939,Curry,S. Curry,-196,60,20,Made,1,6.0,7.0,13,v,Curry 20' Jump Shot (2 PTS) (Bogut 1 AST),Made Shot,Jump Shot,1,40,21400289,261,5.0,made_fg(24),2,0,likely_open,"subType: open-like, clock: late (<=5s)"
76,PT04M36.00S,1,1610612744,GSW,201939,Curry,S. Curry,-109,170,20,Missed,1,0.0,0.0,0,v,MISS Curry 20' Jump Shot,Missed Shot,Jump Shot,1,72,21400289,444,17.0,def_reb(24),2,-1,likely_open,subType: open-like
100,PT02M14.00S,1,1610612744,GSW,201939,Curry,S. Curry,-10,99,10,Missed,1,0.0,0.0,0,v,MISS Curry 10' Jump Shot,Missed Shot,Jump Shot,1,97,21400289,586,9.0,made_fg(24),2,0,likely_open,"subType: open-like, distance: mid-range"
198,PT06M16.00S,2,1610612744,GSW,201939,Curry,S. Curry,15,20,3,Made,1,36.0,38.0,74,v,Curry 3' Layup (7 PTS),Made Shot,Layup Shot,1,189,21400289,1064,5.0,turnover(24),2,2,likely_contested,"distance: at-rim/very close, clock: late (<=5s)"
284,PT10M41.00S,3,1610612744,GSW,201939,Curry,S. Curry,18,3,2,Made,1,51.0,65.0,116,v,Curry 2' Running Finger Roll Layup (9 PTS),Made Shot,Running Finger Roll Layup Shot,1,263,21400289,1519,13.0,made_fg(24),2,1,borderline,distance: at-rim/very close
302,PT08M08.00S,3,1610612744,GSW,201939,Curry,S. Curry,6,17,2,Missed,1,0.0,0.0,0,v,MISS Curry 2' Layup,Missed Shot,Layup Shot,1,280,21400289,1672,0.0,def_foul_14(14),2,2,likely_contested,"distance: at-rim/very close, clock: late (<=5s)"
307,PT07M06.00S,3,1610612744,GSW,201939,Curry,S. Curry,102,53,11,Missed,1,0.0,0.0,0,v,MISS Curry 11' Floating Jump Shot,Missed Shot,Floating Jump shot,1,285,21400289,1734,12.0,made_fg(24),2,3,likely_contested,"subType: contested-like, distance: mid-range"
318,PT05M53.00S,3,1610612744,GSW,201939,Curry,S. Curry,-152,41,16,Made,1,70.0,71.0,141,v,Curry 16' Jump Bank Shot (11 PTS),Made Shot,Jump Bank Shot,1,296,21400289,1807,14.0,made_fg(24),2,3,likely_contested,"subType: contested-like, distance: mid-range"
351,PT02M35.00S,3,1610612744,GSW,201939,Curry,S. Curry,-87,239,25,Made,1,76.0,79.0,155,v,Curry 25' 3PT Jump Shot (14 PTS) (Iguodala 4 AST),Made Shot,Jump Shot,1,328,21400289,2005,7.0,final_ft(24),3,-1,likely_open,subType: open-like
354,PT02M08.00S,3,1610612744,GSW,201939,Curry,S. Curry,86,241,26,Missed,1,0.0,0.0,0,v,MISS Curry 26' 3PT Jump Shot,Missed Shot,Jump Shot,1,331,21400289,2032,12.0,off_foul(24),3,-1,likely_open,subType: open-like
377,PT00M00.00S,3,1610612744,GSW,201939,Curry,S. Curry,-169,138,22,Missed,1,0.0,0.0,0,v,MISS Curry 22' Jump Shot,Missed Shot,Jump Shot,1,348,21400289,2160,1.0,made_fg(24),2,0,likely_open,"subType: open-like, clock: late (<=5s)"
468,PT04M49.00S,4,1610612744,GSW,201939,Curry,S. Curry,-235,25,24,Missed,1,0.0,0.0,0,v,MISS Curry 24' 3PT Jump Shot,Missed Shot,Jump Shot,1,425,21400289,2591,17.0,def_reb(24),3,-2,likely_open,"subType: open-like, coords: corner-3, corner: catch/spot"
491,PT02M41.00S,4,1610612744,GSW,201939,Curry,S. Curry,-119,222,25,Missed,1,0.0,0.0,0,v,MISS Curry 25' 3PT Jump Shot,Missed Shot,Jump Shot,1,443,21400289,2719,7.0,made_fg(24),3,-1,likely_open,subType: open-like
14,PT10M32.00S,1,1610612744,GSW,201939,Curry,S. Curry,0,1,0,Made,1,0.0,5.0,5,v,Curry  Driving Layup (2 PTS),Made Shot,Driving Layup Shot,1,16,21400305,88,20.0,turnover(24),2,3,likely_contested,"subType: contested-like, distance: at-rim/very close"
21,PT09M44.00S,1,1610612744,GSW,201939,Curry,S. Curry,1,252,25,Missed,1,0.0,0.0,0,v,MISS Curry 25' 3PT Jump Shot,Missed Shot,Jump Shot,1,24,21400305,136,20.0,def_reb(24),3,-1,likely_open,subType: open-like
45,PT07M31.00S,1,1610612744,GSW,201939,Curry,S. Curry,163,89,19,Missed,1,0.0,0.0,0,v,MISS Curry 19' Fadeaway Jumper,Missed Shot,Fadeaway Jump Shot,1,46,21400305,269,2.0,turnover(24),2,4,likely_contested,"subType: contested-like, text: pressure-move, clock: late (<=5s)"
85,PT04M38.00S,1,1610612744,GSW,201939,Curry,S. Curry,-134,154,20,Made,1,10.0,13.0,23,v,Curry 20' Jump Shot (4 PTS) (Livingston 1 AST),Made Shot,Jump Shot,1,83,21400305,442,11.0,final_ft(24),2,-1,likely_open,subType: open-like
88,PT04M07.00S,1,1610612744,GSW,201939,Curry,S. Curry,-13,124,12,Made,1,10.0,15.0,25,v,Curry 12' Jump Shot (6 PTS) (Green 2 AST),Made Shot,Jump Shot,1,87,21400305,473,16.0,def_reb(24),2,0,likely_open,"subType: open-like, distance: mid-range"
94,PT03M35.00S,1,1610612744,GSW,201939,Curry,S. Curry,-4,3,1,Made,1,10.0,17.0,27,v,Curry 1' Driving Layup (8 PTS),Made Shot,Driving Layup Shot,1,93,21400305,505,8.0,def_foul_14(14),2,3,likely_contested,"subType: contested-like, distance: at-rim/very close"
102,PT02M37.00S,1,1610612744,GSW,201939,Curry,S. Curry,-10,-2,1,Missed,1,0.0,0.0,0,v,MISS Curry 1' Driving Layup,Missed Shot,Driving Layup Shot,1,99,21400305,563,18.0,def_reb(24),2,3,likely_contested,"subType: contested-like, distance: at-rim/very close"
204,PT05M41.00S,2,1610612744,GSW,201939,Curry,S. Curry,12,247,25,Missed,1,0.0,0.0,0,v,MISS Curry 25' 3PT Jump Shot,Missed Shot,Jump Shot,1,200,21400305,1099,12.0,turnover(24),3,-1,likely_open,subType: open-like
255,PT02M13.00S,2,1610612744,GSW,201939,Curry,S. Curry,-97,138,17,Made,1,35.0,45.0,80,v,Curry 17' Step Back Jump Shot (10 PTS),Made Shot,Step Back Jump shot,1,245,21400305,1307,10.0,final_ft(24),2,3,likely_contested,"subType: contested-like, text: pressure-move"
260,PT01M32.00S,2,1610612744,GSW,201939,Curry,S. Curry,127,214,25,Missed,1,0.0,0.0,0,v,MISS Curry 25' 3PT Jump Shot,Missed Shot,Jump Shot,1,250,21400305,1348,19.0,turnover(24),3,-1,likely_open,subType: open-like
268,PT00M08.90S,2,1610612744,GSW,201939,Curry,S. Curry,-71,235,25,Missed,1,0.0,0.0,0,v,MISS Curry 25' 3PT Jump Shot,Missed Shot,Jump Shot,1,259,21400305,1432,10.0,made_fg(24),3,-1,likely_open,subType: open-like
287,PT10M12.00S,3,1610612744,GSW,201939,Curry,S. Curry,-133,137,19,Made,1,42.0,52.0,94,v,Curry 19' Jump Shot (12 PTS) (Green 3 AST),Made Shot,Jump Shot,1,274,21400305,1548,2.0,def_reb(24),2,0,likely_open,"subType: open-like, clock: late (<=5s)"
296,PT09M15.00S,3,1610612744,GSW,201939,Curry,S. Curry,6,3,1,Made,1,44.0,56.0,100,v,Curry 1' Driving Layup (14 PTS) (Barnes 1 AST),Made Shot,Driving Layup Shot,1,281,21400305,1605,18.0,def_reb(24),2,3,likely_contested,"subType: contested-like, distance: at-rim/very close"
304,PT08M19.00S,3,1610612744,GSW,201939,Curry,S. Curry,65,124,14,Made,1,46.0,58.0,104,v,Curry 14' Floating Jump Shot (16 PTS),Made Shot,Floating Jump shot,1,289,21400305,1661,12.0,made_fg(24),2,3,likely_contested,"subType: contested-like, distance: mid-range"
306,PT07M40.00S,3,1610612744,GSW,201939,Curry,S. Curry,9,1,1,Missed,1,0.0,0.0,0,v,MISS Curry 1' Layup,Missed Shot,Layup Shot,1,291,21400305,1700,3.0,made_fg(24),2,2,likely_contested,"distance: at-rim/very close, clock: late (<=5s)"
329,PT05M21.00S,3,1610612744,GSW,201939,Curry,S. Curry,147,189,24,Missed,1,0.0,0.0,0,v,MISS Curry 24' 3PT Jump Shot,Missed Shot,Jump Shot,1,314,21400305,1839,8.0,made_fg(24),3,-1,likely_open,subType: open-like
351,PT04M06.00S,3,1610612744,GSW,201939,Curry,S. Curry,-157,195,25,Made,1,56.0,69.0,125,v,Curry 25' 3PT Jump Shot (19 PTS) (Livingston 3 AST),Made Shot,Jump Shot,1,335,21400305,1914,17.0,turnover(24),3,-1,likely_open,subType: open-like
380,PT00M31.80S,3,1610612744,GSW,201939,Curry,S. Curry,15,241,24,Missed,1,0.0,0.0,0,v,MISS Curry 24' 3PT Jump Shot,Missed Shot,Jump Shot,1,376,21400305,2129,13.0,final_ft(24),3,-1,likely_open,subType: open-like
475,PT05M22.00S,4,1610612744,GSW,201939,Curry,S. Curry,75,181,20,Made,1,77.0,96.0,173,v,Curry 20' Jump Shot (21 PTS),Made Shot,Jump Shot,1,447,21400305,2558,11.0,made_fg(24),2,-1,likely_open,subType: open-like
482,PT04M04.00S,4,1610612744,GSW,201939,Curry,S. Curry,24,216,22,Missed,1,0.0,0.0,0,v,MISS Curry 22' Jump Shot,Missed Shot,Jump Shot,1,453,21400305,2636,10.0,turnover(24),2,-1,likely_open,subType: open-like
19,PT10M16.00S,1,1610612744,GSW,201939,Curry,S. Curry,-196,203,28,Missed,1,0.0,0.0,0,h,MISS Curry 28' 3PT Pullup Jump Shot,Missed Shot,Pullup Jump shot,1,15,21400324,104,18.0,def_reb(24),3,2,likely_contested,"subType: contested-like, text: pressure-move, distance: deep above-break 3 (>=27ft)"
72,PT03M53.00S,1,1610612744,GSW,201939,Curry,S. Curry,-175,25,18,Made,1,18.0,24.0,42,h,Curry 18' Fadeaway Jumper (2 PTS),Made Shot,Fadeaway Jump Shot,1,68,21400324,487,10.0,made_fg(24),2,3,likely_contested,"subType: contested-like, text: pressure-move"
79,PT03M30.00S,1,1610612744,GSW,201939,Curry,S. Curry,125,236,27,Missed,1,0.0,0.0,0,h,MISS Curry 27' 3PT Jump Shot,Missed Shot,Jump Shot,1,75,21400324,510,13.0,keep_clock(22),3,-2,likely_open,"subType: open-like, distance: deep above-break 3 (>=27ft)"
182,PT06M26.00S,2,1610612744,GSW,201939,Curry,S. Curry,23,6,2,Missed,1,0.0,0.0,0,h,MISS Curry 2' Layup,Missed Shot,Layup Shot,1,171,21400324,1054,16.0,turnover(24),2,1,borderline,distance: at-rim/very close
208,PT03M59.00S,2,1610612744,GSW,201939,Curry,S. Curry,20,172,17,Missed,1,0.0,0.0,0,h,MISS Curry 17' Step Back Jump Shot,Missed Shot,Step Back Jump shot,1,197,21400324,1201,15.0,def_reb(24),2,3,likely_contested,"subType: contested-like, text: pressure-move"
221,PT02M58.00S,2,1610612744,GSW,201939,Curry,S. Curry,-111,151,19,Missed,1,0.0,0.0,0,h,MISS Curry 19' Turnaround Jump Shot,Missed Shot,Turnaround Jump Shot,1,208,21400324,1262,12.0,def_reb(24),2,0,likely_open,
231,PT01M42.00S,2,1610612744,GSW,201939,Curry,S. Curry,-234,19,0,Made,1,40.0,44.0,84,h,Curry  3PT Pullup Jump Shot (5 PTS) (Iguodala 1 AST),Made Shot,Pullup Jump shot,1,218,21400324,1338,2.0,made_fg(24),3,5,likely_contested,"subType: contested-like, text: pressure-move, distance: at-rim/very close, coords: corner-3, clock: late (<=5s)"
238,PT00M51.00S,2,1610612744,GSW,201939,Curry,S. Curry,-38,53,7,Made,1,42.0,44.0,86,h,Curry 7' Turnaround Bank Shot (7 PTS),Made Shot,Turnaround Bank shot,1,225,21400324,1389,18.0,def_reb(24),2,2,likely_contested,subType: contested-like
244,PT00M07.00S,2,1610612744,GSW,201939,Curry,S. Curry,-40,279,28,Made,1,46.0,44.0,90,h,Curry 28' 3PT Pullup Jump Shot (11 PTS) (Livingston 3 AST),Made Shot,Pullup Jump shot,1,230,21400324,1433,3.0,def_reb(24),3,3,likely_contested,"subType: contested-like, text: pressure-move, distance: deep above-break 3 (>=27ft), clock: late (<=5s)"
283,PT08M24.00S,3,1610612744,GSW,201939,Curry,S. Curry,-160,168,23,Missed,1,0.0,0.0,0,h,MISS Curry 23' Jump Shot,Missed Shot,Jump Shot,1,265,21400324,1656,16.0,def_reb(24),2,-1,likely_open,subType: open-like
419,PT07M05.00S,4,1610612744,GSW,201939,Curry,S. Curry,20,19,3,Made,1,83.0,84.0,167,h,Curry 3' Driving Finger Roll Layup (13 PTS),Made Shot,Driving Finger Roll Layup Shot,1,394,21400324,2455,9.0,made_fg(24),2,1,borderline,distance: at-rim/very close
433,PT05M07.00S,4,1610612744,GSW,201939,Curry,S. Curry,-87,50,10,Made,1,89.0,86.0,175,h,Curry 10' Running Bank Shot (15 PTS),Made Shot,Running Bank shot,1,408,21400324,2573,7.0,def_reb(24),2,1,borderline,distance: mid-range
452,PT02M59.00S,4,1610612744,GSW,201939,Curry,S. Curry,-8,7,1,Made,1,98.0,89.0,187,h,Curry 1' Driving Reverse Layup (17 PTS) (Livingston 5 AST),Made Shot,Driving Reverse Layup Shot,1,426,21400324,2701,19.0,turnover(24),2,3,likely_contested,"subType: contested-like, distance: at-rim/very close"
475,PT00M55.50S,4,1610612744,GSW,201939,Curry,S. Curry,-52,268,27,Made,1,105.0,93.0,198,h,Curry 27' 3PT Pullup Jump Shot (20 PTS),Made Shot,Pullup Jump shot,1,446,21400324,2825,7.0,final_ft(24),3,2,likely_contested,"subType: contested-like, text: pressure-move, distance: deep above-break 3 (>=27ft)"
481,PT00M17.90S,4,1610612744,GSW,201939,Curry,S. Curry,18,15,2,Missed,1,0.0,0.0,0,h,MISS Curry 2' Driving Layup,Missed Shot,Driving Layup Shot,1,453,21400324,2863,9.0,def_reb(24),2,3,likely_contested,"subType: contested-like, distance: at-rim/very close"
10,PT10M32.00S,1,1610612744,GSW,201939,Curry,S. Curry,26,127,13,Made,1,2.0,6.0,8,v,Curry 13' Jump Shot (2 PTS),Made Shot,Jump Shot,1,11,21400340,88,15.0,made_fg(24),2,0,likely_open,"subType: open-like, distance: mid-range"
12,PT09M56.00S,1,1610612744,GSW,201939,Curry,S. Curry,108,230,25,Missed,1,0.0,0.0,0,v,MISS Curry 25' 3PT Jump Shot,Missed Shot,Jump Shot,1,13,21400340,124,9.0,turnover(24),3,-1,likely_open,subType: open-like
18,PT08M47.00S,1,1610612744,GSW,201939,Curry,S. Curry,204,137,25,Made,1,5.0,12.0,17,v,Curry 25' 3PT Step Back Jump Shot (5 PTS),Made Shot,Step Back Jump shot,1,20,21400340,193,15.0,made_fg(24),3,3,likely_contested,"subType: contested-like, text: pressure-move"
72,PT04M14.00S,1,1610612744,GSW,201939,Curry,S. Curry,203,209,29,Made,1,12.0,28.0,40,v,Curry 29' 3PT Jump Shot (8 PTS) (Iguodala 1 AST),Made Shot,Jump Shot,1,65,21400340,466,5.0,def_reb(24),3,-1,likely_open,"subType: open-like, distance: deep above-break 3 (>=27ft), clock: late (<=5s)"
83,PT03M20.00S,1,1610612744,GSW,201939,Curry,S. Curry,-149,197,25,Missed,1,0.0,0.0,0,v,MISS Curry 25' 3PT Pullup Jump Shot,Missed Shot,Pullup Jump shot,1,74,21400340,520,17.0,def_reb(24),3,3,likely_contested,"subType: contested-like, text: pressure-move"
94,PT02M43.00S,1,1610612744,GSW,201939,Curry,S. Curry,100,26,10,Missed,1,0.0,0.0,0,v,MISS Curry 10' Running Jump Shot,Missed Shot,Running Jump Shot,1,84,21400340,557,11.0,keep_clock(24),2,0,likely_open,"subType: open-like, distance: mid-range"
118,PT00M51.80S,1,1610612744,GSW,201939,Curry,S. Curry,-5,-2,1,Made,1,18.0,36.0,54,v,Curry 1' Driving Reverse Layup (10 PTS) (Livingston 1 AST),Made Shot,Driving Reverse Layup Shot,1,105,21400340,669,20.0,turnover(24),2,3,likely_contested,"subType: contested-like, distance: at-rim/very close"
121,PT00M32.90S,1,1610612744,GSW,201939,Curry,S. Curry,226,23,0,Made,1,18.0,39.0,57,v,Curry  3PT Jump Shot (13 PTS) (Iguodala 2 AST),Made Shot,Jump Shot,1,108,21400340,688,18.0,def_reb(24),3,-1,likely_open,"subType: open-like, distance: at-rim/very close, coords: corner-3, corner: catch/spot"
123,PT00M00.30S,1,1610612744,GSW,201939,Curry,S. Curry,-168,192,26,Missed,1,0.0,0.0,0,v,MISS Curry 26' 3PT Jump Shot,Missed Shot,Jump Shot,1,111,21400340,720,10.0,turnover(24),3,-1,likely_open,subType: open-like
224,PT03M43.00S,2,1610612744,GSW,201939,Curry,S. Curry,-232,3,0,Missed,1,0.0,0.0,0,v,MISS Curry  3PT Jump Shot,Missed Shot,Jump Shot,1,205,21400340,1217,19.0,turnover(24),3,-1,likely_open,"subType: open-like, distance: at-rim/very close, coords: corner-3, corner: catch/spot"
254,PT02M22.00S,2,1610612744,GSW,201939,Curry,S. Curry,-4,-10,1,Made,1,34.0,60.0,94,v,Curry 1' Driving Layup (15 PTS),Made Shot,Driving Layup Shot,1,228,21400340,1298,5.0,def_reb(24),2,4,likely_contested,"subType: contested-like, distance: at-rim/very close, clock: late (<=5s)"
275,PT00M38.90S,2,1610612744,GSW,201939,Curry,S. Curry,193,140,24,Missed,1,0.0,0.0,0,v,MISS Curry 24' 3PT Jump Shot,Missed Shot,Jump Shot,1,245,21400340,1402,9.0,made_fg(24),3,-1,likely_open,subType: open-like
279,PT00M06.90S,2,1610612744,GSW,201939,Curry,S. Curry,-56,52,8,Made,1,44.0,66.0,110,v,Curry 8' Driving Jump Shot (17 PTS),Made Shot,Driving Jump shot,1,249,21400340,1434,3.0,def_foul_14(14),2,2,likely_contested,"distance: mid-range, clock: late (<=5s)"
301,PT10M32.00S,3,1610612744,GSW,201939,Curry,S. Curry,168,181,25,Missed,1,0.0,0.0,0,v,MISS Curry 25' 3PT Jump Shot,Missed Shot,Jump Shot,1,265,21400340,1528,11.0,def_reb(24),3,-1,likely_open,subType: open-like
323,PT08M26.00S,3,1610612744,GSW,201939,Curry,S. Curry,-210,42,21,Missed,1,0.0,0.0,0,v,MISS Curry 21' Jump Shot,Missed Shot,Jump Shot,1,284,21400340,1654,11.0,made_fg(24),2,-1,likely_open,subType: open-like
346,PT05M25.00S,3,1610612744,GSW,201939,Curry,S. Curry,-149,208,26,Missed,1,0.0,0.0,0,v,MISS Curry 26' 3PT Jump Shot,Missed Shot,Jump Shot,1,306,21400340,1835,4.0,made_fg(24),3,0,likely_open,"subType: open-like, clock: late (<=5s)"
390,PT02M25.00S,3,1610612744,GSW,201939,Curry,S. Curry,0,14,1,Made,1,64.0,84.0,148,v,Curry 1' Driving Bank Shot (20 PTS),Made Shot,Driving Bank shot,1,341,21400340,2015,15.0,def_reb(24),2,1,borderline,distance: at-rim/very close
392,PT02M05.00S,3,1610612744,GSW,201939,Curry,S. Curry,-105,159,19,Missed,1,0.0,0.0,0,v,MISS Curry 19' Pullup Jump Shot,Missed Shot,Pullup Jump shot,1,343,21400340,2035,14.0,made_fg(24),2,3,likely_contested,"subType: contested-like, text: pressure-move"
479,PT07M05.00S,4,1610612744,GSW,201939,Curry,S. Curry,50,12,5,Made,1,79.0,96.0,175,v,Curry 5' Driving Bank Shot (22 PTS) (Barnes 3 AST),Made Shot,Driving Bank shot,1,421,21400340,2455,8.0,off_foul(24),2,1,borderline,distance: at-rim/very close
488,PT06M17.00S,4,1610612744,GSW,201939,Curry,S. Curry,-4,244,24,Missed,1,0.0,0.0,0,v,MISS Curry 24' 3PT Jump Shot,Missed Shot,Jump Shot,1,433,21400340,2503,7.0,keep_clock(24),3,-1,likely_open,subType: open-like
535,PT03M15.00S,4,1610612744,GSW,201939,Curry,S. Curry,-67,159,17,Missed,1,0.0,0.0,0,v,MISS Curry 17' Turnaround Jump Shot,Missed Shot,Turnaround Jump Shot,1,469,21400340,2685,10.0,final_ft(24),2,0,likely_open,
547,PT01M39.00S,4,1610612744,GSW,201939,Curry,S. Curry,65,37,7,Missed,1,0.0,0.0,0,v,MISS Curry 7' Running Jump Shot,Missed Shot,Running Jump Shot,1,484,21400340,2781,3.0,def_reb(24),2,0,likely_open,"subType: open-like, clock: late (<=5s)"
8,PT10M58.00S,1,1610612744,GSW,201939,Curry,S. Curry,-11,11,2,Missed,1,0.0,0.0,0,v,MISS Curry 2' Layup,Missed Shot,Layup Shot,1,9,21400348,62,14.0,made_fg(24),2,1,borderline,distance: at-rim/very close
15,PT10M10.00S,1,1610612744,GSW,201939,Curry,S. Curry,83,143,17,Made,1,2.0,6.0,8,v,Curry 17' Pullup Jump Shot (2 PTS),Made Shot,Pullup Jump shot,1,17,21400348,110,18.0,def_reb(24),2,3,likely_contested,"subType: contested-like, text: pressure-move"
21,PT09M15.00S,1,1610612744,GSW,201939,Curry,S. Curry,-155,198,25,Made,1,4.0,9.0,13,v,Curry 25' 3PT Jump Shot (5 PTS) (Barnes 1 AST),Made Shot,Jump Shot,1,24,21400348,165,17.0,def_reb(24),3,-1,likely_open,subType: open-like
26,PT08M44.00S,1,1610612744,GSW,201939,Curry,S. Curry,171,183,25,Missed,1,0.0,0.0,0,v,MISS Curry 25' 3PT Jump Shot,Missed Shot,Jump Shot,1,28,21400348,196,10.0,made_fg(24),3,-1,likely_open,subType: open-like
32,PT07M59.00S,1,1610612744,GSW,201939,Curry,S. Curry,-27,11,3,Made,1,8.0,11.0,19,v,Curry 3' Driving Layup (7 PTS),Made Shot,Driving Layup Shot,1,33,21400348,241,13.0,made_fg(24),2,3,likely_contested,"subType: contested-like, distance: at-rim/very close"
40,PT06M40.00S,1,1610612744,GSW,201939,Curry,S. Curry,146,200,25,Made,1,10.0,16.0,26,v,Curry 25' 3PT Jump Shot (10 PTS),Made Shot,Jump Shot,1,42,21400348,320,18.0,def_reb(24),3,-1,likely_open,subType: open-like
46,PT05M37.00S,1,1610612744,GSW,201939,Curry,S. Curry,32,257,26,Made,1,14.0,21.0,35,v,Curry 26' 3PT Jump Shot (13 PTS),Made Shot,Jump Shot,1,49,21400348,383,13.0,made_fg(24),3,-1,likely_open,subType: open-like
196,PT04M55.00S,2,1610612744,GSW,201939,Curry,S. Curry,-75,205,22,Made,1,41.0,45.0,86,v,Curry 22' Jump Shot (15 PTS) (Green 2 AST),Made Shot,Jump Shot,1,180,21400348,1145,18.0,def_reb(24),2,-1,likely_open,subType: open-like
215,PT02M57.00S,2,1610612744,GSW,201939,Curry,S. Curry,24,37,4,Missed,1,0.0,0.0,0,v,MISS Curry 4' Jump Shot,Missed Shot,Jump Shot,1,198,21400348,1263,1.0,off_reb(14),2,1,borderline,"subType: open-like, distance: at-rim/very close, clock: late (<=5s)"
258,PT00M01.50S,2,1610612744,GSW,201939,Curry,S. Curry,-27,183,18,Missed,1,0.0,0.0,0,v,MISS Curry 18' Jump Shot,Missed Shot,Jump Shot,1,231,21400348,1439,4.0,made_fg(24),2,0,likely_open,"subType: open-like, clock: late (<=5s)"
296,PT09M16.00S,3,1610612744,GSW,201939,Curry,S. Curry,-84,241,26,Made,1,61.0,71.0,132,v,Curry 26' 3PT Jump Shot (18 PTS),Made Shot,Jump Shot,1,262,21400348,1604,14.0,def_reb(24),3,-1,likely_open,subType: open-like
306,PT08M22.00S,3,1610612744,GSW,201939,Curry,S. Curry,-7,271,27,Missed,1,0.0,0.0,0,v,MISS Curry 27' 3PT Jump Shot,Missed Shot,Jump Shot,1,272,21400348,1658,13.0,made_fg(24),3,-2,likely_open,"subType: open-like, distance: deep above-break 3 (>=27ft)"
323,PT06M35.00S,3,1610612744,GSW,201939,Curry,S. Curry,-18,1,2,Made,1,67.0,77.0,144,v,Curry 2' Driving Layup (22 PTS),Made Shot,Driving Layup Shot,1,286,21400348,1765,6.0,def_foul_14(14),2,3,likely_contested,"subType: contested-like, distance: at-rim/very close"
346,PT04M29.00S,3,1610612744,GSW,201939,Curry,S. Curry,-68,189,20,Missed,1,0.0,0.0,0,v,MISS Curry 20' Jump Shot,Missed Shot,Jump Shot,1,305,21400348,1891,11.0,made_fg(24),2,-1,likely_open,subType: open-like
468,PT05M38.00S,4,1610612744,GSW,201939,Curry,S. Curry,106,225,25,Missed,1,0.0,0.0,0,v,MISS Curry 25' 3PT Jump Shot,Missed Shot,Jump Shot,1,415,21400348,2542,19.0,def_reb(24),3,-1,likely_open,subType: open-like
472,PT05M11.00S,4,1610612744,GSW,201939,Curry,S. Curry,-32,257,26,Missed,1,0.0,0.0,0,v,MISS Curry 26' 3PT Jump Shot,Missed Shot,Jump Shot,1,419,21400348,2569,9.0,off_foul(24),3,-1,likely_open,subType: open-like
510,PT01M34.00S,4,1610612744,GSW,201939,Curry,S. Curry,-89,7,9,Missed,1,0.0,0.0,0,v,MISS Curry 9' Jump Shot,Missed Shot,Jump Shot,1,451,21400348,2786,9.0,off_foul(24),2,0,likely_open,"subType: open-like, distance: mid-range"
550,PT04M35.00S,5,1610612744,GSW,201939,Curry,S. Curry,47,36,6,Made,1,111.0,113.0,224,v,Curry 6' Jump Shot (28 PTS),Made Shot,Jump Shot,1,486,21400348,2905,,no_reset_found,2,-1,likely_open,subType: open-like
570,PT03M27.00S,5,1610612744,GSW,201939,Curry,S. Curry,88,242,26,Made,1,112.0,119.0,231,v,Curry 26' 3PT Jump Shot (31 PTS),Made Shot,Jump Shot,1,503,21400348,2973,12.0,def_reb(24),3,-1,likely_open,subType: open-like
591,PT02M37.00S,5,1610612744,GSW,201939,Curry,S. Curry,-163,206,26,Made,1,114.0,123.0,237,v,Curry 26' 3PT Jump Shot (34 PTS),Made Shot,Jump Shot,1,519,21400348,3023,9.0,final_ft(24),3,-1,likely_open,subType: open-like
611,PT00M33.90S,5,1610612744,GSW,201939,Curry,S. Curry,-24,9,3,Missed,1,0.0,0.0,0,v,MISS Curry 3' Layup,Missed Shot,Layup Shot,1,536,21400348,3147,2.0,def_reb(24),2,2,likely_contested,"distance: at-rim/very close, clock: late (<=5s)"
27,PT08M26.00S,1,1610612744,GSW,201939,Curry,S. Curry,-150,138,20,Made,1,4.0,6.0,10,v,Curry 20' Pullup Jump Shot (2 PTS),Made Shot,Pullup Jump shot,1,27,21400365,214,17.0,made_fg(24),2,3,likely_contested,"subType: contested-like, text: pressure-move"
30,PT08M01.00S,1,1610612744,GSW,201939,Curry,S. Curry,77,285,30,Missed,1,0.0,0.0,0,v,MISS Curry 30' 3PT Jump Shot,Missed Shot,Jump Shot,1,30,21400365,239,15.0,def_reb(24),3,-2,likely_open,"subType: open-like, distance: deep above-break 3 (>=27ft)"
38,PT06M38.00S,1,1610612744,GSW,201939,Curry,S. Curry,-11,12,2,Made,1,10.0,11.0,21,v,Curry 2' Driving Layup (4 PTS),Made Shot,Driving Layup Shot,1,38,21400365,322,12.0,made_fg(24),2,3,likely_contested,"subType: contested-like, distance: at-rim/very close"
41,PT06M16.00S,1,1610612744,GSW,201939,Curry,S. Curry,151,91,18,Missed,1,0.0,0.0,0,v,MISS Curry 18' Pullup Jump Shot,Missed Shot,Pullup Jump shot,1,42,21400365,344,17.0,def_reb(24),2,3,likely_contested,"subType: contested-like, text: pressure-move"
57,PT04M40.00S,1,1610612744,GSW,201939,Curry,S. Curry,9,3,1,Made,1,14.0,17.0,31,v,Curry 1' Driving Layup (6 PTS),Made Shot,Driving Layup Shot,1,58,21400365,440,19.0,def_reb(24),2,3,likely_contested,"subType: contested-like, distance: at-rim/very close"
66,PT03M10.00S,1,1610612744,GSW,201939,Curry,S. Curry,113,233,26,Missed,1,0.0,0.0,0,v,MISS Curry 26' 3PT Jump Shot,Missed Shot,Jump Shot,1,67,21400365,530,7.0,keep_clock(17),3,-1,likely_open,subType: open-like
158,PT06M20.00S,2,1610612744,GSW,201939,Curry,S. Curry,-2,-3,0,Made,1,44.0,34.0,78,v,Curry  Driving Layup (8 PTS),Made Shot,Driving Layup Shot,1,154,21400365,1060,18.0,def_reb(24),2,3,likely_contested,"subType: contested-like, distance: at-rim/very close"
197,PT02M43.00S,2,1610612744,GSW,201939,Curry,S. Curry,9,3,1,Made,1,48.0,42.0,90,v,Curry 1' Driving Reverse Layup (10 PTS),Made Shot,Driving Reverse Layup Shot,1,193,21400365,1277,14.0,def_reb(24),2,3,likely_contested,"subType: contested-like, distance: at-rim/very close"
199,PT02M09.00S,2,1610612744,GSW,201939,Curry,S. Curry,220,124,25,Missed,1,0.0,0.0,0,v,MISS Curry 25' 3PT Jump Shot,Missed Shot,Jump Shot,1,195,21400365,1311,15.0,made_fg(24),3,-1,likely_open,subType: open-like
215,PT01M22.00S,2,1610612744,GSW,201939,Curry,S. Curry,-183,159,24,Missed,1,0.0,0.0,0,v,MISS Curry 24' 3PT Jump Shot,Missed Shot,Jump Shot,1,209,21400365,1358,17.0,def_reb(24),3,-1,likely_open,subType: open-like
278,PT08M16.00S,3,1610612744,GSW,201939,Curry,S. Curry,26,108,11,Made,1,61.0,53.0,114,v,Curry 11' Running Jump Shot (12 PTS),Made Shot,Running Jump Shot,1,273,21400365,1664,18.0,def_reb(24),2,0,likely_open,"subType: open-like, distance: mid-range"
282,PT07M33.00S,3,1610612744,GSW,201939,Curry,S. Curry,-2,9,1,Missed,1,0.0,0.0,0,v,MISS Curry 1' Reverse Layup,Missed Shot,Reverse Layup Shot,1,279,21400365,1707,19.0,turnover(24),2,3,likely_contested,"subType: contested-like, distance: at-rim/very close"
289,PT07M06.00S,3,1610612744,GSW,201939,Curry,S. Curry,-78,246,26,Missed,1,0.0,0.0,0,v,MISS Curry 26' 3PT Jump Shot,Missed Shot,Jump Shot,1,286,21400365,1734,15.0,def_reb(24),3,-1,likely_open,subType: open-like
302,PT05M48.00S,3,1610612744,GSW,201939,Curry,S. Curry,203,41,21,Missed,1,0.0,0.0,0,v,MISS Curry 21' Step Back Jump Shot,Missed Shot,Step Back Jump shot,1,299,21400365,1812,3.0,keep_clock(17),2,4,likely_contested,"subType: contested-like, text: pressure-move, clock: late (<=5s)"
342,PT02M34.00S,3,1610612744,GSW,201939,Curry,S. Curry,-11,4,1,Missed,1,0.0,0.0,0,v,MISS Curry 1' Driving Layup,Missed Shot,Driving Layup Shot,1,337,21400365,2006,17.0,def_reb(24),2,3,likely_contested,"subType: contested-like, distance: at-rim/very close"
345,PT02M15.00S,3,1610612744,GSW,201939,Curry,S. Curry,-89,242,26,Made,1,72.0,65.0,137,v,Curry 26' 3PT Jump Shot (15 PTS),Made Shot,Jump Shot,1,340,21400365,2025,14.0,made_fg(24),3,-1,likely_open,subType: open-like
359,PT01M30.00S,3,1610612744,GSW,201939,Curry,S. Curry,64,246,25,Missed,1,0.0,0.0,0,v,MISS Curry 25' 3PT Jump Shot,Missed Shot,Jump Shot,1,354,21400365,2070,15.0,turnover(24),3,-1,likely_open,subType: open-like
361,PT01M20.00S,3,1610612744,GSW,201939,Curry,S. Curry,12,7,1,Missed,1,0.0,0.0,0,v,MISS Curry 1' Reverse Layup,Missed Shot,Reverse Layup Shot,1,356,21400365,2080,5.0,off_reb(14),2,4,likely_contested,"subType: contested-like, distance: at-rim/very close, clock: late (<=5s)"
432,PT07M10.00S,4,1610612744,GSW,201939,Curry,S. Curry,-122,75,14,Made,1,88.0,84.0,172,v,Curry 14' Jump Bank Shot (17 PTS),Made Shot,Jump Bank Shot,1,419,21400365,2450,17.0,def_reb(24),2,3,likely_contested,"subType: contested-like, distance: mid-range"
445,PT05M55.00S,4,1610612744,GSW,201939,Curry,S. Curry,218,138,26,Missed,1,0.0,0.0,0,v,MISS Curry 26' 3PT Jump Shot,Missed Shot,Jump Shot,1,431,21400365,2525,7.0,final_ft(24),3,-1,likely_open,subType: open-like
468,PT03M15.00S,4,1610612744,GSW,201939,Curry,S. Curry,-207,-14,21,Missed,1,0.0,0.0,0,v,MISS Curry 21' Jump Shot,Missed Shot,Jump Shot,1,453,21400365,2685,15.0,turnover(24),2,-1,likely_open,subType: open-like
493,PT01M06.00S,4,1610612744,GSW,201939,Curry,S. Curry,-11,-3,1,Missed,1,0.0,0.0,0,v,MISS Curry 1' Layup,Missed Shot,Layup Shot,1,475,21400365,2814,19.0,turnover(24),2,1,borderline,distance: at-rim/very close
499,PT00M38.30S,4,1610612744,GSW,201939,Curry,S. Curry,7,4,1,Made,1,99.0,96.0,195,v,Curry 1' Driving Layup (19 PTS),Made Shot,Driving Layup Shot,1,481,21400365,2842,19.0,def_reb(24),2,3,likely_contested,"subType: contested-like, distance: at-rim/very close"
519,PT00M10.90S,4,1610612744,GSW,201939,Curry,S. Curry,-119,227,26,Missed,1,0.0,0.0,0,v,MISS Curry 26' 3PT Step Back Jump Shot,Missed Shot,Step Back Jump shot,1,497,21400365,2870,19.0,final_ft(24),3,3,likely_contested,"subType: contested-like, text: pressure-move"
521,PT00M06.90S,4,1610612744,GSW,201939,Curry,S. Curry,-128,217,25,Missed,1,0.0,0.0,0,v,MISS Curry 25' 3PT Jump Shot,Missed Shot,Jump Shot,1,499,21400365,2874,12.0,off_reb(14),3,-1,likely_open,subType: open-like
26,PT09M44.00S,1,1610612744,GSW,201939,Curry,S. Curry,64,238,25,Made,1,7.0,11.0,18,h,Curry 25' 3PT Pullup Jump Shot (3 PTS),Made Shot,Pullup Jump shot,1,25,21400382,136,17.0,final_ft(24),3,3,likely_contested,"subType: contested-like, text: pressure-move"
46,PT07M07.00S,1,1610612744,GSW,201939,Curry,S. Curry,-70,244,25,Missed,1,0.0,0.0,0,h,MISS Curry 25' 3PT Pullup Jump Shot,Missed Shot,Pullup Jump shot,1,46,21400382,293,13.0,made_fg(24),3,3,likely_contested,"subType: contested-like, text: pressure-move"
51,PT06M19.00S,1,1610612744,GSW,201939,Curry,S. Curry,0,126,13,Missed,1,0.0,0.0,0,h,MISS Curry 13' Jump Shot,Missed Shot,Jump Shot,1,51,21400382,341,14.0,made_fg(24),2,0,likely_open,"subType: open-like, distance: mid-range"
79,PT03M14.00S,1,1610612744,GSW,201939,Curry,S. Curry,-172,213,27,Made,1,25.0,34.0,59,h,Curry 27' 3PT Pullup Jump Shot (6 PTS) (Green 3 AST),Made Shot,Pullup Jump shot,1,78,21400382,526,20.0,def_reb(24),3,2,likely_contested,"subType: contested-like, text: pressure-move, distance: deep above-break 3 (>=27ft)"
129,PT11M03.00S,2,1610612744,GSW,201939,Curry,S. Curry,174,195,26,Missed,1,0.0,0.0,0,h,MISS Curry 26' 3PT Jump Shot,Missed Shot,Jump Shot,1,124,21400382,777,13.0,keep_clock(17),3,-1,likely_open,subType: open-like
146,PT08M57.00S,2,1610612744,GSW,201939,Curry,S. Curry,6,7,1,Made,1,42.0,48.0,90,h,Curry 1' Driving Layup (8 PTS) (Green 4 AST),Made Shot,Driving Layup Shot,1,141,21400382,903,6.0,made_fg(24),2,3,likely_contested,"subType: contested-like, distance: at-rim/very close"
157,PT07M37.00S,2,1610612744,GSW,201939,Curry,S. Curry,204,181,27,Made,1,47.0,48.0,95,h,Curry 27' 3PT Pullup Jump Shot (11 PTS) (Iguodala 3 AST),Made Shot,Pullup Jump shot,1,154,21400382,983,19.0,turnover(24),3,2,likely_contested,"subType: contested-like, text: pressure-move, distance: deep above-break 3 (>=27ft)"
169,PT06M22.00S,2,1610612744,GSW,201939,Curry,S. Curry,-41,288,29,Missed,1,0.0,0.0,0,h,MISS Curry 29' 3PT Pullup Jump Shot,Missed Shot,Pullup Jump shot,1,165,21400382,1058,,stale_reset(24),3,2,likely_contested,"subType: contested-like, text: pressure-move, distance: deep above-break 3 (>=27ft)"
197,PT04M28.00S,2,1610612744,GSW,201939,Curry,S. Curry,-205,189,28,Made,1,55.0,52.0,107,h,Curry 28' 3PT Pullup Jump Shot (15 PTS) (Thompson 1 AST),Made Shot,Pullup Jump shot,1,189,21400382,1172,0.0,final_ft(24),3,3,likely_contested,"subType: contested-like, text: pressure-move, distance: deep above-break 3 (>=27ft), clock: late (<=5s)"
200,PT03M57.00S,2,1610612744,GSW,201939,Curry,S. Curry,13,15,2,Made,1,57.0,52.0,109,h,Curry 2' Driving Layup (17 PTS),Made Shot,Driving Layup Shot,1,193,21400382,1203,13.0,def_reb(24),2,3,likely_contested,"subType: contested-like, distance: at-rim/very close"
202,PT03M31.00S,2,1610612744,GSW,201939,Curry,S. Curry,-40,279,28,Missed,1,0.0,0.0,0,h,MISS Curry 28' 3PT Pullup Jump Shot,Missed Shot,Pullup Jump shot,1,196,21400382,1229,19.0,turnover(24),3,2,likely_contested,"subType: contested-like, text: pressure-move, distance: deep above-break 3 (>=27ft)"
241,PT00M47.30S,2,1610612744,GSW,201939,Curry,S. Curry,23,4,2,Made,1,65.0,60.0,125,h,Curry 2' Driving Layup (19 PTS) (Green 6 AST),Made Shot,Driving Layup Shot,1,231,21400382,1393,13.0,final_ft(24),2,3,likely_contested,"subType: contested-like, distance: at-rim/very close"
274,PT10M29.00S,3,1610612744,GSW,201939,Curry,S. Curry,62,41,7,Missed,1,0.0,0.0,0,h,MISS Curry 7' Jump Shot,Missed Shot,Jump Shot,1,257,21400382,1531,11.0,def_reb(24),2,-1,likely_open,subType: open-like
286,PT09M26.00S,3,1610612744,GSW,201939,Curry,S. Curry,-2,15,2,Made,1,69.0,65.0,134,h,Curry 2' Putback Layup (21 PTS),Made Shot,Putback Layup Shot,1,271,21400382,1594,13.0,off_reb(14),2,3,likely_contested,"subType: contested-like, distance: at-rim/very close"
307,PT06M37.00S,3,1610612744,GSW,201939,Curry,S. Curry,-7,149,15,Made,1,76.0,71.0,147,h,Curry 15' Pullup Jump Shot (23 PTS) (Ezeli 1 AST),Made Shot,Pullup Jump shot,1,290,21400382,1763,6.0,def_reb(24),2,4,likely_contested,"subType: contested-like, text: pressure-move, distance: mid-range"
413,PT09M14.00S,4,1610612744,GSW,201939,Curry,S. Curry,-133,134,19,Missed,1,0.0,0.0,0,h,MISS Curry 19' Jump Shot,Missed Shot,Jump Shot,1,387,21400382,2326,3.0,off_reb(14),2,0,likely_open,"subType: open-like, clock: late (<=5s)"
426,PT08M08.00S,4,1610612744,GSW,201939,Curry,S. Curry,163,197,26,Made,1,102.0,94.0,196,h,Curry 26' 3PT Step Back Jump Shot (26 PTS) (Green 9 AST),Made Shot,Step Back Jump shot,1,398,21400382,2392,,stale_reset(24),3,3,likely_contested,"subType: contested-like, text: pressure-move"
438,PT06M42.00S,4,1610612744,GSW,201939,Curry,S. Curry,-13,4,1,Made,1,104.0,99.0,203,h,Curry 1' Driving Reverse Layup (28 PTS) (Barnes 1 AST),Made Shot,Driving Reverse Layup Shot,1,408,21400382,2478,5.0,made_fg(24),2,4,likely_contested,"subType: contested-like, distance: at-rim/very close, clock: late (<=5s)"
452,PT05M30.00S,4,1610612744,GSW,201939,Curry,S. Curry,-89,246,26,Missed,1,0.0,0.0,0,h,MISS Curry 26' 3PT Turnaround Jump Shot,Missed Shot,Turnaround Jump Shot,1,419,21400382,2550,9.0,final_ft(24),3,0,likely_open,
458,PT04M39.00S,4,1610612744,GSW,201939,Curry,S. Curry,-228,25,0,Missed,1,0.0,0.0,0,h,MISS Curry  3PT Pullup Jump Shot,Missed Shot,Pullup Jump shot,1,426,21400382,2601,10.0,def_reb(24),3,4,likely_contested,"subType: contested-like, text: pressure-move, distance: at-rim/very close, coords: corner-3"
472,PT02M41.00S,4,1610612744,GSW,201939,Curry,S. Curry,43,153,16,Made,1,106.0,105.0,211,h,Curry 16' Pullup Jump Shot (30 PTS) (Iguodala 5 AST),Made Shot,Pullup Jump shot,1,440,21400382,2719,6.0,made_fg(24),2,4,likely_contested,"subType: contested-like, text: pressure-move, distance: mid-range"
483,PT01M39.00S,4,1610612744,GSW,201939,Curry,S. Curry,-89,58,11,Made,1,110.0,105.0,215,h,Curry 11' Running Jump Shot (32 PTS),Made Shot,Running Jump Shot,1,449,21400382,2781,16.0,def_reb(24),2,0,likely_open,"subType: open-like, distance: mid-range"
488,PT01M18.00S,4,1610612744,GSW,201939,Curry,S. Curry,15,26,3,Made,1,112.0,107.0,219,h,Curry 3' Driving Finger Roll Layup (34 PTS),Made Shot,Driving Finger Roll Layup Shot,1,452,21400382,2802,9.0,made_fg(24),2,1,borderline,distance: at-rim/very close
491,PT00M50.90S,4,1610612744,GSW,201939,Curry,S. Curry,195,201,28,Missed,1,0.0,0.0,0,h,MISS Curry 28' 3PT Jump Shot,Missed Shot,Jump Shot,1,455,21400382,2830,5.0,def_reb(24),3,-1,likely_open,"subType: open-like, distance: deep above-break 3 (>=27ft), clock: late (<=5s)"
18,PT10M08.00S,1,1610612744,GSW,201939,Curry,S. Curry,-168,242,29,Missed,1,0.0,0.0,0,h,MISS Curry 29' 3PT Pullup Jump Shot,Missed Shot,Pullup Jump shot,1,20,21400415,112,19.0,turnover(24),3,2,likely_contested,"subType: contested-like, text: pressure-move, distance: deep above-break 3 (>=27ft)"
46,PT07M11.00S,1,1610612744,GSW,201939,Curry,S. Curry,95,52,11,Missed,1,0.0,0.0,0,h,MISS Curry 11' Jump Shot,Missed Shot,Jump Shot,1,51,21400415,289,13.0,made_fg(24),2,0,likely_open,"subType: open-like, distance: mid-range"
53,PT06M34.00S,1,1610612744,GSW,201939,Curry,S. Curry,13,20,2,Made,1,11.0,11.0,22,h,Curry 2' Driving Finger Roll Layup (2 PTS) (Thompson 2 AST),Made Shot,Driving Finger Roll Layup Shot,1,59,21400415,326,1.0,off_reb(14),2,2,likely_contested,"distance: at-rim/very close, clock: late (<=5s)"
94,PT02M34.00S,1,1610612744,GSW,201939,Curry,S. Curry,-60,45,8,Made,1,27.0,18.0,45,h,Curry 8' Running Bank Shot (4 PTS),Made Shot,Running Bank shot,1,97,21400415,566,20.0,def_reb(24),2,1,borderline,distance: mid-range
103,PT02M20.00S,1,1610612744,GSW,201939,Curry,S. Curry,9,9,1,Made,1,30.0,18.0,48,h,Curry 1' Reverse Layup (7 PTS),Made Shot,Reverse Layup Shot,1,105,21400415,580,20.0,turnover(24),2,3,likely_contested,"subType: contested-like, distance: at-rim/very close"
106,PT01M55.00S,1,1610612744,GSW,201939,Curry,S. Curry,-127,255,28,Made,1,33.0,18.0,51,h,Curry 28' 3PT Pullup Jump Shot (10 PTS),Made Shot,Pullup Jump shot,1,108,21400415,605,16.0,def_reb(24),3,2,likely_contested,"subType: contested-like, text: pressure-move, distance: deep above-break 3 (>=27ft)"
122,PT00M25.90S,1,1610612744,GSW,201939,Curry,S. Curry,-7,17,2,Missed,1,0.0,0.0,0,h,MISS Curry 2' Driving Reverse Layup,Missed Shot,Driving Reverse Layup Shot,1,122,21400415,695,,stale_reset(24),2,3,likely_contested,"subType: contested-like, distance: at-rim/very close"
199,PT05M25.00S,2,1610612744,GSW,201939,Curry,S. Curry,-123,255,28,Missed,1,0.0,0.0,0,h,MISS Curry 28' 3PT Pullup Jump Shot,Missed Shot,Pullup Jump shot,1,191,21400415,1115,3.0,made_fg(24),3,3,likely_contested,"subType: contested-like, text: pressure-move, distance: deep above-break 3 (>=27ft), clock: late (<=5s)"
257,PT00M32.30S,2,1610612744,GSW,201939,Curry,S. Curry,-70,105,13,Made,1,62.0,48.0,110,h,Curry 13' Floating Jump Shot (12 PTS),Made Shot,Floating Jump shot,1,249,21400415,1408,15.0,made_fg(24),2,3,likely_contested,"subType: contested-like, distance: mid-range"
268,PT11M02.00S,3,1610612744,GSW,201939,Curry,S. Curry,-123,143,19,Missed,1,0.0,0.0,0,h,MISS Curry 19' Pullup Jump Shot,Missed Shot,Pullup Jump shot,1,258,21400415,1498,18.0,turnover(24),2,3,likely_contested,"subType: contested-like, text: pressure-move"
315,PT07M38.00S,3,1610612744,GSW,201939,Curry,S. Curry,212,154,26,Missed,1,0.0,0.0,0,h,MISS Curry 26' 3PT Pullup Jump Shot,Missed Shot,Pullup Jump shot,1,298,21400415,1702,15.0,made_fg(24),3,3,likely_contested,"subType: contested-like, text: pressure-move"
333,PT06M42.00S,3,1610612744,GSW,201939,Curry,S. Curry,-231,4,0,Missed,1,0.0,0.0,0,h,MISS Curry  3PT Jump Shot,Missed Shot,Jump Shot,1,312,21400415,1758,5.0,made_fg(24),3,0,likely_open,"subType: open-like, distance: at-rim/very close, coords: corner-3, corner: catch/spot, clock: late (<=5s)"
17,PT09M37.00S,1,1610612744,GSW,201939,Curry,S. Curry,43,4,4,Made,1,3.0,5.0,8,v,Curry 4' Running Hook Shot (2 PTS),Made Shot,Running Hook Shot,1,21,21400426,143,12.0,def_reb(24),2,1,borderline,distance: at-rim/very close
55,PT05M32.00S,1,1610612744,GSW,201939,Curry,S. Curry,-117,224,25,Made,1,13.0,14.0,27,v,Curry 25' 3PT Step Back Jump Shot (5 PTS),Made Shot,Step Back Jump shot,1,58,21400426,388,14.0,turnover(24),3,3,likely_contested,"subType: contested-like, text: pressure-move"
57,PT04M58.00S,1,1610612744,GSW,201939,Curry,S. Curry,111,231,26,Missed,1,0.0,0.0,0,v,MISS Curry 26' 3PT Jump Shot,Missed Shot,Jump Shot,1,60,21400426,422,9.0,made_fg(24),3,-1,likely_open,subType: open-like
75,PT03M29.00S,1,1610612744,GSW,201939,Curry,S. Curry,2,1,0,Made,1,18.0,18.0,36,v,Curry  Driving Layup (7 PTS),Made Shot,Driving Layup Shot,1,77,21400426,511,14.0,made_fg(24),2,3,likely_contested,"subType: contested-like, distance: at-rim/very close"
180,PT06M54.00S,2,1610612744,GSW,201939,Curry,S. Curry,-10,1,1,Made,1,39.0,30.0,69,v,Curry 1' Driving Layup (9 PTS) (Green 1 AST),Made Shot,Driving Layup Shot,1,176,21400426,1026,3.0,made_fg(24),2,4,likely_contested,"subType: contested-like, distance: at-rim/very close, clock: late (<=5s)"
211,PT03M32.00S,2,1610612744,GSW,201939,Curry,S. Curry,-30,17,3,Made,1,52.0,40.0,92,v,Curry 3' Running Bank Shot (11 PTS),Made Shot,Running Bank shot,1,207,21400426,1228,12.0,made_fg(24),2,1,borderline,distance: at-rim/very close
215,PT02M30.00S,2,1610612744,GSW,201939,Curry,S. Curry,103,235,26,Missed,1,0.0,0.0,0,v,MISS Curry 26' 3PT Jump Shot,Missed Shot,Jump Shot,1,211,21400426,1290,14.0,made_fg(24),3,-1,likely_open,subType: open-like
237,PT00M51.10S,2,1610612744,GSW,201939,Curry,S. Curry,1,107,11,Made,1,58.0,46.0,104,v,Curry 11' Floating Jump Shot (13 PTS),Made Shot,Floating Jump shot,1,231,21400426,1389,17.0,turnover(24),2,3,likely_contested,"subType: contested-like, distance: mid-range"
239,PT00M35.80S,2,1610612744,GSW,201939,Curry,S. Curry,-101,72,12,Missed,1,0.0,0.0,0,v,MISS Curry 12' Jump Shot,Missed Shot,Jump Shot,1,233,21400426,1405,15.0,made_fg(24),2,0,likely_open,"subType: open-like, distance: mid-range"
279,PT08M52.00S,3,1610612744,GSW,201939,Curry,S. Curry,-81,170,19,Made,1,71.0,52.0,123,v,Curry 19' Jump Shot (15 PTS) (Speights 1 AST),Made Shot,Jump Shot,1,273,21400426,1628,8.0,made_fg(24),2,-1,likely_open,subType: open-like
281,PT08M30.00S,3,1610612744,GSW,201939,Curry,S. Curry,99,134,17,Made,1,71.0,54.0,125,v,Curry 17' Pullup Jump Shot (17 PTS),Made Shot,Pullup Jump shot,1,276,21400426,1650,19.0,turnover(24),2,3,likely_contested,"subType: contested-like, text: pressure-move"
283,PT08M02.00S,3,1610612744,GSW,201939,Curry,S. Curry,-4,257,26,Made,1,73.0,57.0,130,v,Curry 26' 3PT Jump Shot (20 PTS),Made Shot,Jump Shot,1,278,21400426,1678,16.0,made_fg(24),3,-1,likely_open,subType: open-like
286,PT07M36.00S,3,1610612744,GSW,201939,Curry,S. Curry,-136,246,28,Missed,1,0.0,0.0,0,v,MISS Curry 28' 3PT Jump Shot,Missed Shot,Jump Shot,1,281,21400426,1704,18.0,def_reb(24),3,-2,likely_open,"subType: open-like, distance: deep above-break 3 (>=27ft)"
290,PT07M10.00S,3,1610612744,GSW,201939,Curry,S. Curry,83,138,16,Made,1,73.0,59.0,132,v,Curry 16' Pullup Jump Shot (22 PTS),Made Shot,Pullup Jump shot,1,285,21400426,1730,18.0,def_reb(24),2,4,likely_contested,"subType: contested-like, text: pressure-move, distance: mid-range"
8,PT10M52.00S,1,1610612744,GSW,201939,Curry,S. Curry,1,165,17,Made,1,2.0,5.0,7,v,Curry 17' Pullup Jump Shot (2 PTS),Made Shot,Pullup Jump shot,1,11,21400431,68,18.0,turnover(24),2,3,likely_contested,"subType: contested-like, text: pressure-move"
11,PT10M38.00S,1,1610612744,GSW,201939,Curry,S. Curry,152,222,27,Made,1,2.0,8.0,10,v,Curry 27' 3PT Jump Shot (5 PTS),Made Shot,Jump Shot,1,14,21400431,82,17.0,def_reb(24),3,-2,likely_open,"subType: open-like, distance: deep above-break 3 (>=27ft)"
16,PT10M10.00S,1,1610612744,GSW,201939,Curry,S. Curry,141,213,26,Missed,1,0.0,0.0,0,v,MISS Curry 26' 3PT Jump Shot,Missed Shot,Jump Shot,1,19,21400431,110,18.0,def_reb(24),3,-1,likely_open,subType: open-like
214,PT04M37.00S,2,1610612744,GSW,201939,Curry,S. Curry,-175,181,25,Missed,1,0.0,0.0,0,v,MISS Curry 25' 3PT Jump Shot,Missed Shot,Jump Shot,1,199,21400431,1163,16.0,turnover(24),3,-1,likely_open,subType: open-like
238,PT02M42.00S,2,1610612744,GSW,201939,Curry,S. Curry,-174,119,21,Made,1,28.0,39.0,67,v,Curry 21' Jump Shot (7 PTS) (Green 2 AST),Made Shot,Jump Shot,1,221,21400431,1278,11.0,off_reb(14),2,-1,likely_open,subType: open-like
311,PT08M30.00S,3,1610612744,GSW,201939,Curry,S. Curry,-23,-3,2,Made,1,52.0,55.0,107,v,Curry 2' Finger Roll Layup (9 PTS),Made Shot,Finger Roll Layup Shot,1,288,21400431,1650,14.0,made_fg(24),2,1,borderline,distance: at-rim/very close
391,PT02M19.00S,3,1610612744,GSW,201939,Curry,S. Curry,-103,173,20,Made,1,69.0,65.0,134,v,Curry 20' Pullup Jump Shot (12 PTS),Made Shot,Pullup Jump shot,1,355,21400431,2021,17.0,def_reb(24),2,3,likely_contested,"subType: contested-like, text: pressure-move"
426,PT11M21.00S,4,1610612744,GSW,201939,Curry,S. Curry,-122,228,26,Missed,1,0.0,0.0,0,v,MISS Curry 26' 3PT Jump Shot,Missed Shot,Jump Shot,1,388,21400431,2199,8.0,def_reb(24),3,-1,likely_open,subType: open-like
433,PT10M18.00S,4,1610612744,GSW,201939,Curry,S. Curry,-7,4,1,Missed,1,0.0,0.0,0,v,MISS Curry 1' Layup,Missed Shot,Layup Shot,1,396,21400431,2262,12.0,off_reb(14),2,1,borderline,distance: at-rim/very close
436,PT09M47.00S,4,1610612744,GSW,201939,Curry,S. Curry,-16,154,15,Missed,1,0.0,0.0,0,v,MISS Curry 15' Jump Shot,Missed Shot,Jump Shot,1,399,21400431,2293,14.0,made_fg(24),2,0,likely_open,"subType: open-like, distance: mid-range"
462,PT07M47.00S,4,1610612744,GSW,201939,Curry,S. Curry,163,201,26,Missed,1,0.0,0.0,0,v,MISS Curry 26' 3PT Jump Shot,Missed Shot,Jump Shot,1,422,21400431,2413,12.0,made_fg(24),3,-1,likely_open,subType: open-like
527,PT03M21.00S,4,1610612744,GSW,201939,Curry,S. Curry,-155,162,22,Missed,1,0.0,0.0,0,v,MISS Curry 22' Jump Shot,Missed Shot,Jump Shot,1,476,21400431,2679,11.0,def_reb(24),2,-1,likely_open,subType: open-like
22,PT08M39.00S,1,1610612744,GSW,201939,Curry,S. Curry,-4,260,26,Missed,1,0.0,0.0,0,h,MISS Curry 26' 3PT Pullup Jump Shot,Missed Shot,Pullup Jump shot,1,24,21400452,201,14.0,made_fg(24),3,3,likely_contested,"subType: contested-like, text: pressure-move"
27,PT07M51.00S,1,1610612744,GSW,201939,Curry,S. Curry,24,159,16,Missed,1,0.0,0.0,0,h,MISS Curry 16' Jump Shot,Missed Shot,Jump Shot,1,30,21400452,249,15.0,made_fg(24),2,0,likely_open,"subType: open-like, distance: mid-range"
35,PT06M45.00S,1,1610612744,GSW,201939,Curry,S. Curry,218,129,25,Made,1,13.0,15.0,28,h,Curry 25' 3PT Pullup Jump Shot (3 PTS) (Green 1 AST),Made Shot,Pullup Jump shot,1,39,21400452,315,6.0,made_fg(24),3,3,likely_contested,"subType: contested-like, text: pressure-move"
79,PT03M57.00S,1,1610612744,GSW,201939,Curry,S. Curry,-15,3,2,Made,1,23.0,19.0,42,h,Curry 2' Driving Finger Roll Layup (5 PTS) (Green 3 AST),Made Shot,Driving Finger Roll Layup Shot,1,77,21400452,483,18.0,turnover(24),2,1,borderline,distance: at-rim/very close
92,PT03M13.00S,1,1610612744,GSW,201939,Curry,S. Curry,-123,129,18,Made,1,25.0,20.0,45,h,Curry 18' Step Back Jump Shot (7 PTS) (Iguodala 1 AST),Made Shot,Step Back Jump shot,1,90,21400452,527,13.0,final_ft(24),2,3,likely_contested,"subType: contested-like, text: pressure-move"
120,PT00M46.70S,1,1610612744,GSW,201939,Curry,S. Curry,-191,184,27,Made,1,31.0,23.0,54,h,Curry 27' 3PT Pullup Jump Shot (10 PTS) (Iguodala 2 AST),Made Shot,Pullup Jump shot,1,118,21400452,674,20.0,def_reb(24),3,2,likely_contested,"subType: contested-like, text: pressure-move, distance: deep above-break 3 (>=27ft)"
126,PT00M00.60S,1,1610612744,GSW,201939,Curry,S. Curry,191,418,46,Missed,1,0.0,0.0,0,h,MISS Curry 46' 3PT Pullup Jump Shot,Missed Shot,Pullup Jump shot,1,125,21400452,720,22.0,def_reb(24),3,2,likely_contested,"subType: contested-like, text: pressure-move, distance: deep above-break 3 (>=27ft)"
212,PT04M03.00S,2,1610612744,GSW,201939,Curry,S. Curry,7,9,1,Missed,1,0.0,0.0,0,h,MISS Curry 1' Driving Reverse Layup,Missed Shot,Driving Reverse Layup Shot,1,202,21400452,1197,18.0,def_reb(24),2,3,likely_contested,"subType: contested-like, distance: at-rim/very close"
239,PT02M24.00S,2,1610612744,GSW,201939,Curry,S. Curry,-18,6,2,Made,1,53.0,41.0,94,h,Curry 2' Driving Reverse Layup (12 PTS) (Thompson 3 AST),Made Shot,Driving Reverse Layup Shot,1,225,21400452,1296,18.0,turnover(24),2,3,likely_contested,"subType: contested-like, distance: at-rim/very close"
253,PT01M11.00S,2,1610612744,GSW,201939,Curry,S. Curry,77,252,26,Missed,1,0.0,0.0,0,h,MISS Curry 26' 3PT Pullup Jump Shot,Missed Shot,Pullup Jump shot,1,241,21400452,1369,20.0,def_reb(24),3,3,likely_contested,"subType: contested-like, text: pressure-move"
261,PT00M50.90S,2,1610612744,GSW,201939,Curry,S. Curry,207,165,26,Missed,1,0.0,0.0,0,h,MISS Curry 26' 3PT Jump Shot,Missed Shot,Jump Shot,1,248,21400452,1390,9.0,final_ft(24),3,-1,likely_open,subType: open-like
280,PT00M07.90S,2,1610612744,GSW,201939,Curry,S. Curry,111,146,18,Missed,1,0.0,0.0,0,h,MISS Curry 18' Pullup Jump Shot,Missed Shot,Pullup Jump shot,1,261,21400452,1433,2.0,final_ft(24),2,4,likely_contested,"subType: contested-like, text: pressure-move, clock: late (<=5s)"
304,PT09M52.00S,3,1610612744,GSW,201939,Curry,S. Curry,230,-14,0,Made,1,68.0,52.0,120,h,Curry  3PT Pullup Jump Shot (17 PTS) (Speights 4 AST),Made Shot,Pullup Jump shot,1,284,21400452,1568,11.0,off_reb(14),3,4,likely_contested,"subType: contested-like, text: pressure-move, distance: at-rim/very close, coords: corner-3"
321,PT08M23.00S,3,1610612744,GSW,201939,Curry,S. Curry,-10,20,2,Made,1,72.0,53.0,125,h,Curry 2' Driving Reverse Layup (19 PTS),Made Shot,Driving Reverse Layup Shot,1,301,21400452,1657,9.0,turnover(24),2,3,likely_contested,"subType: contested-like, distance: at-rim/very close"
342,PT06M36.00S,3,1610612744,GSW,201939,Curry,S. Curry,-117,186,22,Made,1,75.0,57.0,132,h,Curry 22' Pullup Jump Shot (22 PTS) (Green 5 AST),Made Shot,Pullup Jump shot,1,320,21400452,1764,6.0,def_foul_14(14),2,3,likely_contested,"subType: contested-like, text: pressure-move"
344,PT06M00.00S,3,1610612744,GSW,201939,Curry,S. Curry,-112,236,26,Missed,1,0.0,0.0,0,h,MISS Curry 26' 3PT Pullup Jump Shot,Missed Shot,Pullup Jump shot,1,323,21400452,1800,18.0,turnover(24),3,3,likely_contested,"subType: contested-like, text: pressure-move"
364,PT05M00.00S,3,1610612744,GSW,201939,Curry,S. Curry,236,53,24,Made,1,81.0,59.0,140,h,Curry 24' 3PT Pullup Jump Shot (25 PTS) (Iguodala 3 AST),Made Shot,Pullup Jump shot,1,340,21400452,1860,16.0,def_reb(24),3,3,likely_contested,"subType: contested-like, text: pressure-move"
408,PT00M38.90S,3,1610612744,GSW,201939,Curry,S. Curry,-19,15,2,Missed,1,0.0,0.0,0,h,MISS Curry 2' Layup,Missed Shot,Layup Shot,1,384,21400452,2122,13.0,off_reb(14),2,1,borderline,distance: at-rim/very close
41,PT06M36.00S,1,1610612744,GSW,201939,Curry,S. Curry,-201,190,28,Missed,1,0.0,0.0,0,h,MISS Curry 28' 3PT Jump Shot,Missed Shot,Jump Shot,1,46,21400474,324,18.0,def_reb(24),3,-2,likely_open,"subType: open-like, distance: deep above-break 3 (>=27ft)"
58,PT04M49.00S,1,1610612744,GSW,201939,Curry,S. Curry,-157,216,27,Made,1,18.0,11.0,29,h,Curry 27' 3PT Pullup Jump Shot (3 PTS) (Speights 3 AST),Made Shot,Pullup Jump shot,1,63,21400474,431,15.0,turnover(24),3,2,likely_contested,"subType: contested-like, text: pressure-move, distance: deep above-break 3 (>=27ft)"
80,PT03M20.00S,1,1610612744,GSW,201939,Curry,S. Curry,-201,190,28,Made,1,25.0,14.0,39,h,Curry 28' 3PT Step Back Jump Shot (6 PTS) (Green 1 AST),Made Shot,Step Back Jump shot,1,82,21400474,520,10.0,turnover(24),3,2,likely_contested,"subType: contested-like, text: pressure-move, distance: deep above-break 3 (>=27ft)"
105,PT01M42.00S,1,1610612744,GSW,201939,Curry,S. Curry,-213,148,26,Missed,1,0.0,0.0,0,h,MISS Curry 26' 3PT Pullup Jump Shot,Missed Shot,Pullup Jump shot,1,107,21400474,618,19.0,turnover(24),3,3,likely_contested,"subType: contested-like, text: pressure-move"
291,PT08M35.00S,3,1610612744,GSW,201939,Curry,S. Curry,124,132,18,Made,1,69.0,43.0,112,h,Curry 18' Step Back Jump Shot (10 PTS),Made Shot,Step Back Jump shot,1,287,21400474,1645,21.0,def_reb(24),2,3,likely_contested,"subType: contested-like, text: pressure-move"
307,PT06M42.00S,3,1610612744,GSW,201939,Curry,S. Curry,0,265,27,Missed,1,0.0,0.0,0,h,MISS Curry 27' 3PT Pullup Jump Shot,Missed Shot,Pullup Jump shot,1,299,21400474,1758,3.0,def_reb(24),3,3,likely_contested,"subType: contested-like, text: pressure-move, distance: deep above-break 3 (>=27ft), clock: late (<=5s)"
333,PT05M10.00S,3,1610612744,GSW,201939,Curry,S. Curry,-86,247,26,Made,1,77.0,47.0,124,h,Curry 26' 3PT Pullup Jump Shot (13 PTS) (Iguodala 2 AST),Made Shot,Pullup Jump shot,1,325,21400474,1850,9.0,made_fg(24),3,3,likely_contested,"subType: contested-like, text: pressure-move"
4,PT11M22.00S,1,1610612744,GSW,201939,Curry,S. Curry,-175,209,27,Made,1,6.0,2.0,8,h,Curry 27' 3PT Pullup Jump Shot (3 PTS),Made Shot,Pullup Jump shot,1,5,21400493,38,17.0,made_fg(24),3,2,likely_contested,"subType: contested-like, text: pressure-move, distance: deep above-break 3 (>=27ft)"
27,PT07M56.00S,1,1610612744,GSW,201939,Curry,S. Curry,-18,15,2,Missed,1,,,0,h,MISS Curry 2' Driving Layup,Missed Shot,Driving Layup Shot,1,26,21400493,244,18.0,def_reb(24),2,3,likely_contested,"subType: contested-like, distance: at-rim/very close"
43,PT06M53.00S,1,1610612744,GSW,201939,Curry,S. Curry,9,3,1,Made,1,18.0,13.0,31,h,Curry 1' Driving Reverse Layup (7 PTS) (Thompson 1 AST),Made Shot,Driving Reverse Layup Shot,1,40,21400493,307,19.0,turnover(24),2,3,likely_contested,"subType: contested-like, distance: at-rim/very close"
100,PT00M33.90S,1,1610612744,GSW,201939,Curry,S. Curry,-120,274,30,Missed,1,,,0,h,MISS Curry 30' 3PT Pullup Jump Shot,Missed Shot,Pullup Jump shot,1,91,21400493,687,19.0,def_reb(24),3,2,likely_contested,"subType: contested-like, text: pressure-move, distance: deep above-break 3 (>=27ft)"
238,PT00M37.90S,2,1610612744,GSW,201939,Curry,S. Curry,-152,233,28,Missed,1,,,0,h,MISS Curry 28' 3PT Jump Shot,Missed Shot,Jump Shot,1,220,21400493,1403,14.0,final_ft(24),3,-2,likely_open,"subType: open-like, distance: deep above-break 3 (>=27ft)"
247,PT00M18.80S,2,1610612744,GSW,201939,Curry,S. Curry,230,107,25,Missed,1,,,0,h,MISS Curry 25' 3PT Jump Shot,Missed Shot,Jump Shot,1,227,21400493,1422,,stale_reset(14),3,-1,likely_open,subType: open-like
250,PT00M11.80S,2,1610612744,GSW,201939,Curry,S. Curry,168,200,26,Made,1,66.0,61.0,127,h,Curry 26' 3PT Pullup Jump Shot (14 PTS) (Holiday 2 AST),Made Shot,Pullup Jump shot,1,231,21400493,1429,21.0,turnover(24),3,3,likely_contested,"subType: contested-like, text: pressure-move"
285,PT08M43.00S,3,1610612744,GSW,201939,Curry,S. Curry,-8,4,1,Made,1,77.0,63.0,140,h,Curry 1' Putback Layup (16 PTS),Made Shot,Putback Layup Shot,1,267,21400493,1637,13.0,off_reb(14),2,3,likely_contested,"subType: contested-like, distance: at-rim/very close"
324,PT05M02.00S,3,1610612744,GSW,201939,Curry,S. Curry,-13,261,26,Missed,1,,,0,h,MISS Curry 26' 3PT Pullup Jump Shot,Missed Shot,Pullup Jump shot,1,307,21400493,1858,13.0,keep_clock(16),3,3,likely_contested,"subType: contested-like, text: pressure-move"
333,PT04M02.00S,3,1610612744,GSW,201939,Curry,S. Curry,0,1,0,Made,1,93.0,73.0,166,h,Curry Driving Slam Dunk (19 PTS) (Iguodala 5 AST),Made Shot,Driving Slam Dunk Shot,1,316,21400493,1918,20.0,turnover(24),2,1,borderline,distance: at-rim/very close
342,PT02M44.00S,3,1610612744,GSW,201939,Curry,S. Curry,-34,272,27,Missed,1,,,0,h,MISS Curry 27' 3PT Jump Shot,Missed Shot,Jump Shot,1,325,21400493,1996,10.0,made_fg(24),3,-2,likely_open,"subType: open-like, distance: deep above-break 3 (>=27ft)"
363,PT00M48.90S,3,1610612744,GSW,201939,Curry,S. Curry,124,225,26,Missed,1,,,0,h,MISS Curry 26' 3PT Jump Shot,Missed Shot,Jump Shot,1,342,21400493,2112,4.0,made_fg(24),3,0,likely_open,"subType: open-like, clock: late (<=5s)"
416,PT07M39.00S,4,1610612744,GSW,201939,Curry,S. Curry,181,225,29,Made,1,106.0,92.0,198,h,Curry 29' 3PT Pullup Jump Shot (22 PTS) (Green 11 AST),Made Shot,Pullup Jump shot,1,391,21400493,2421,3.0,made_fg(24),3,3,likely_contested,"subType: contested-like, text: pressure-move, distance: deep above-break 3 (>=27ft), clock: late (<=5s)"
419,PT07M12.00S,4,1610612744,GSW,201939,Curry,S. Curry,-130,55,14,Missed,1,,,0,h,MISS Curry 14' Running Bank Shot,Missed Shot,Running Bank shot,1,394,21400493,2448,14.0,def_reb(24),2,1,borderline,distance: mid-range
446,PT04M48.00S,4,1610612744,GSW,201939,Curry,S. Curry,7,9,1,Made,1,112.0,101.0,213,h,Curry 1' Driving Layup (24 PTS),Made Shot,Driving Layup Shot,1,418,21400493,2592,12.0,made_fg(24),2,3,likely_contested,"subType: contested-like, distance: at-rim/very close"
456,PT03M45.00S,4,1610612744,GSW,201939,Curry,S. Curry,14,17,2,Made,1,116.0,101.0,217,h,Curry 2' Driving Finger Roll Layup (26 PTS),Made Shot,Driving Finger Roll Layup Shot,1,427,21400493,2655,9.0,def_reb(24),2,1,borderline,distance: at-rim/very close
468,PT02M20.00S,4,1610612744,GSW,201939,Curry,S. Curry,-234,37,24,Made,1,121.0,101.0,222,h,Curry 24' 3PT Step Back Jump Shot (29 PTS) (Green 12 AST),Made Shot,Step Back Jump shot,1,440,21400493,2740,11.0,off_reb(14),3,3,likely_contested,"subType: contested-like, text: pressure-move, coords: corner-3"
471,PT01M38.00S,4,1610612744,GSW,201939,Curry,S. Curry,176,211,27,Made,1,124.0,101.0,225,h,Curry 27' 3PT Pullup Jump Shot (32 PTS),Made Shot,Pullup Jump shot,1,443,21400493,2782,12.0,def_reb(24),3,2,likely_contested,"subType: contested-like, text: pressure-move, distance: deep above-break 3 (>=27ft)"
9,PT11M15.00S,1,1610612744,GSW,201939,Curry,S. Curry,12,1,1,Made,1,2.0,2.0,4,h,Curry 1' Driving Finger Roll Layup (2 PTS),Made Shot,Driving Finger Roll Layup Shot,1,10,21400518,45,15.0,made_fg(24),2,1,borderline,distance: at-rim/very close
12,PT10M45.00S,1,1610612744,GSW,201939,Curry,S. Curry,-95,30,10,Made,1,4.0,2.0,6,h,Curry 10' Floating Jump Shot (4 PTS),Made Shot,Floating Jump shot,1,13,21400518,75,18.0,def_reb(24),2,3,likely_contested,"subType: contested-like, distance: mid-range"
135,PT04M08.00S,1,1610612744,GSW,201939,Curry,S. Curry,-15,11,2,Made,1,26.0,16.0,42,h,Curry 2' Driving Layup (8 PTS) (Iguodala 1 AST),Made Shot,Driving Layup Shot,1,119,21400518,472,13.0,off_reb(14),2,3,likely_contested,"subType: contested-like, distance: at-rim/very close"
138,PT03M42.00S,1,1610612744,GSW,201939,Curry,S. Curry,-188,119,22,Missed,1,0.0,0.0,0,h,MISS Curry 22' Jump Shot,Missed Shot,Jump Shot,1,121,21400518,498,8.0,made_fg(24),2,-1,likely_open,subType: open-like
141,PT03M25.00S,1,1610612744,GSW,201939,Curry,S. Curry,-10,160,16,Missed,1,0.0,0.0,0,h,MISS Curry 16' Pullup Jump Shot,Missed Shot,Pullup Jump shot,1,124,21400518,515,16.0,made_fg(24),2,4,likely_contested,"subType: contested-like, text: pressure-move, distance: mid-range"
144,PT02M50.00S,1,1610612744,GSW,201939,Curry,S. Curry,6,22,2,Made,1,28.0,22.0,50,h,Curry 2' Driving Finger Roll Layup (10 PTS),Made Shot,Driving Finger Roll Layup Shot,1,127,21400518,550,5.0,made_fg(24),2,2,likely_contested,"distance: at-rim/very close, clock: late (<=5s)"
285,PT03M38.00S,2,1610612744,GSW,201939,Curry,S. Curry,-8,0,1,Made,1,59.0,40.0,99,h,Curry 1' Driving Reverse Layup (12 PTS) (Green 4 AST),Made Shot,Driving Reverse Layup Shot,1,258,21400518,1222,9.0,made_fg(24),2,3,likely_contested,"subType: contested-like, distance: at-rim/very close"
308,PT01M51.00S,2,1610612744,GSW,201939,Curry,S. Curry,0,12,1,Missed,1,0.0,0.0,0,h,MISS Curry 1' Driving Finger Roll Layup,Missed Shot,Driving Finger Roll Layup Shot,1,279,21400518,1329,8.0,keep_clock(23),2,1,borderline,distance: at-rim/very close
355,PT09M30.00S,3,1610612744,GSW,201939,Curry,S. Curry,179,192,26,Missed,1,0.0,0.0,0,h,MISS Curry 26' 3PT Jump Shot,Missed Shot,Jump Shot,1,325,21400518,1590,18.0,def_reb(24),3,-1,likely_open,subType: open-like
402,PT05M45.00S,3,1610612744,GSW,201939,Curry,S. Curry,141,236,27,Missed,1,0.0,0.0,0,h,MISS Curry 27' 3PT Pullup Jump Shot,Missed Shot,Pullup Jump shot,1,369,21400518,1815,12.0,made_fg(24),3,2,likely_contested,"subType: contested-like, text: pressure-move, distance: deep above-break 3 (>=27ft)"
406,PT05M29.00S,3,1610612744,GSW,201939,Curry,S. Curry,-4,121,12,Missed,1,0.0,0.0,0,h,MISS Curry 12' Floating Jump Shot,Missed Shot,Floating Jump shot,1,373,21400518,1831,17.0,def_reb(24),2,3,likely_contested,"subType: contested-like, distance: mid-range"
488,PT10M06.00S,4,1610612744,GSW,201939,Curry,S. Curry,88,252,27,Missed,1,0.0,0.0,0,h,MISS Curry 27' 3PT Step Back Jump Shot,Missed Shot,Step Back Jump shot,1,444,21400518,2274,2.0,made_fg(24),3,3,likely_contested,"subType: contested-like, text: pressure-move, distance: deep above-break 3 (>=27ft), clock: late (<=5s)"
508,PT07M53.00S,4,1610612744,GSW,201939,Curry,S. Curry,-146,277,31,Made,1,94.0,72.0,166,h,Curry 31' 3PT Pullup Jump Shot (15 PTS),Made Shot,Pullup Jump shot,1,462,21400518,2407,2.0,def_foul_14(14),3,3,likely_contested,"subType: contested-like, text: pressure-move, distance: deep above-break 3 (>=27ft), clock: late (<=5s)"
548,PT04M41.00S,4,1610612744,GSW,201939,Curry,S. Curry,0,22,2,Made,1,103.0,81.0,184,h,Curry 2' Driving Layup (19 PTS),Made Shot,Driving Layup Shot,1,498,21400518,2599,15.0,def_reb(24),2,3,likely_contested,"subType: contested-like, distance: at-rim/very close"
20,PT08M51.00S,1,1610612744,GSW,201939,Curry,S. Curry,62,194,20,Made,1,9.0,8.0,17,h,Curry 20' Pullup Jump Shot (2 PTS),Made Shot,Pullup Jump shot,1,23,21400533,189,16.0,made_fg(24),2,3,likely_contested,"subType: contested-like, text: pressure-move"
42,PT06M22.00S,1,1610612744,GSW,201939,Curry,S. Curry,-169,205,27,Made,1,16.0,12.0,28,h,Curry 27' 3PT Pullup Jump Shot (5 PTS) (Green 1 AST),Made Shot,Pullup Jump shot,1,49,21400533,338,19.0,def_reb(24),3,2,likely_contested,"subType: contested-like, text: pressure-move, distance: deep above-break 3 (>=27ft)"
51,PT05M31.00S,1,1610612744,GSW,201939,Curry,S. Curry,-147,154,21,Missed,1,,,0,h,MISS Curry 21' Pullup Jump Shot,Missed Shot,Pullup Jump shot,1,58,21400533,389,13.0,made_fg(24),2,3,likely_contested,"subType: contested-like, text: pressure-move"
72,PT04M43.00S,1,1610612744,GSW,201939,Curry,S. Curry,-86,110,14,Missed,1,,,0,h,MISS Curry 14' Jump Shot,Missed Shot,Jump Shot,1,75,21400533,437,13.0,def_reb(24),2,0,likely_open,"subType: open-like, distance: mid-range"
157,PT07M47.00S,2,1610612744,GSW,201939,Curry,S. Curry,-8,96,10,Missed,1,,,0,h,MISS Curry 10' Floating Jump Shot,Missed Shot,Floating Jump shot,1,155,21400533,973,7.0,off_reb(14),2,3,likely_contested,"subType: contested-like, distance: mid-range"
191,PT04M23.00S,2,1610612744,GSW,201939,Curry,S. Curry,174,257,31,Made,1,37.0,42.0,79,h,Curry 31' 3PT Pullup Jump Shot (8 PTS) (Barnes 1 AST),Made Shot,Pullup Jump shot,1,190,21400533,1177,15.0,def_reb(24),3,2,likely_contested,"subType: contested-like, text: pressure-move, distance: deep above-break 3 (>=27ft)"
193,PT03M54.00S,2,1610612744,GSW,201939,Curry,S. Curry,116,250,28,Missed,1,,,0,h,MISS Curry 28' 3PT Pullup Jump Shot,Missed Shot,Pullup Jump shot,1,192,21400533,1206,12.0,made_fg(24),3,2,likely_contested,"subType: contested-like, text: pressure-move, distance: deep above-break 3 (>=27ft)"
210,PT02M18.00S,2,1610612744,GSW,201939,Curry,S. Curry,2,0,0,Made,1,44.0,46.0,90,h,Curry Driving Finger Roll Layup (10 PTS),Made Shot,Driving Finger Roll Layup Shot,1,209,21400533,1302,19.0,turnover(24),2,1,borderline,distance: at-rim/very close
232,PT00M46.70S,2,1610612744,GSW,201939,Curry,S. Curry,108,260,28,Made,1,50.0,50.0,100,h,Curry 28' 3PT Pullup Jump Shot (13 PTS),Made Shot,Pullup Jump shot,1,226,21400533,1394,18.0,def_reb(24),3,2,likely_contested,"subType: contested-like, text: pressure-move, distance: deep above-break 3 (>=27ft)"
235,PT00M05.80S,2,1610612744,GSW,201939,Curry,S. Curry,157,233,28,Missed,1,,,0,h,MISS Curry 28' 3PT Pullup Jump Shot,Missed Shot,Pullup Jump shot,1,229,21400533,1435,7.0,def_reb(24),3,2,likely_contested,"subType: contested-like, text: pressure-move, distance: deep above-break 3 (>=27ft)"
282,PT08M07.00S,3,1610612744,GSW,201939,Curry,S. Curry,89,183,20,Missed,1,,,0,h,MISS Curry 20' Step Back Jump Shot,Missed Shot,Step Back Jump shot,1,271,21400533,1673,4.0,def_foul_14(14),2,4,likely_contested,"subType: contested-like, text: pressure-move, clock: late (<=5s)"
390,PT08M59.00S,4,1610612744,GSW,201939,Curry,S. Curry,-188,186,26,Missed,1,,,0,h,MISS Curry 26' 3PT Pullup Jump Shot,Missed Shot,Pullup Jump shot,1,367,21400533,2341,10.0,made_fg(24),3,3,likely_contested,"subType: contested-like, text: pressure-move"
432,PT05M44.00S,4,1610612744,GSW,201939,Curry,S. Curry,13,64,7,Made,1,100.0,89.0,189,h,Curry 7' Floating Jump Shot (15 PTS),Made Shot,Floating Jump shot,1,404,21400533,2536,10.0,made_fg(24),2,2,likely_contested,subType: contested-like
442,PT04M43.00S,4,1610612744,GSW,201939,Curry,S. Curry,-51,17,5,Missed,1,,,0,h,MISS Curry 5' Jump Shot,Missed Shot,Jump Shot,1,413,21400533,2597,20.0,turnover(24),2,0,likely_open,"subType: open-like, distance: at-rim/very close"
451,PT04M37.00S,4,1610612744,GSW,201939,Curry,S. Curry,-177,172,25,Made,1,105.0,93.0,198,h,Curry 25' 3PT Pullup Jump Shot (18 PTS),Made Shot,Pullup Jump shot,1,420,21400533,2603,18.0,final_ft(24),3,3,likely_contested,"subType: contested-like, text: pressure-move"
461,PT03M58.00S,4,1610612744,GSW,201939,Curry,S. Curry,91,265,28,Missed,1,,,0,h,MISS Curry 28' 3PT Pullup Jump Shot,Missed Shot,Pullup Jump shot,1,428,21400533,2642,8.0,def_foul_14(14),3,2,likely_contested,"subType: contested-like, text: pressure-move, distance: deep above-break 3 (>=27ft)"
488,PT00M53.20S,4,1610612744,GSW,201939,Curry,S. Curry,1,14,1,Made,1,114.0,98.0,212,h,Curry 1' Driving Reverse Layup (20 PTS),Made Shot,Driving Reverse Layup Shot,1,453,21400533,2827,5.0,made_fg(24),2,4,likely_contested,"subType: contested-like, distance: at-rim/very close, clock: late (<=5s)"
5,PT11M15.00S,1,1610612744,GSW,201939,Curry,S. Curry,-108,175,21,Made,1,2.0,2.0,4,h,Curry 21' Jump Shot (2 PTS),Made Shot,Jump Shot,1,6,21400547,45,13.0,made_fg(24),2,-1,likely_open,subType: open-like
8,PT10M47.00S,1,1610612744,GSW,201939,Curry,S. Curry,-221,135,26,Missed,1,0.0,0.0,0,h,MISS Curry 26' 3PT Jump Shot,Missed Shot,Jump Shot,1,10,21400547,73,15.0,def_reb(24),3,-1,likely_open,subType: open-like
12,PT10M33.00S,1,1610612744,GSW,201939,Curry,S. Curry,13,14,2,Made,1,4.0,2.0,6,h,Curry 2' Layup (4 PTS) (Green 1 AST),Made Shot,Layup Shot,1,14,21400547,87,20.0,def_reb(24),2,1,borderline,distance: at-rim/very close
24,PT09M22.00S,1,1610612744,GSW,201939,Curry,S. Curry,-2,19,2,Made,1,6.0,4.0,10,h,Curry 2' Driving Layup (6 PTS),Made Shot,Driving Layup Shot,1,27,21400547,158,20.0,turnover(24),2,3,likely_contested,"subType: contested-like, distance: at-rim/very close"
53,PT06M36.00S,1,1610612744,GSW,201939,Curry,S. Curry,13,269,27,Missed,1,0.0,0.0,0,h,MISS Curry 27' 3PT Jump Shot,Missed Shot,Jump Shot,1,51,21400547,324,17.0,made_fg(24),3,-2,likely_open,"subType: open-like, distance: deep above-break 3 (>=27ft)"
91,PT03M40.00S,1,1610612744,GSW,201939,Curry,S. Curry,-209,156,26,Made,1,18.0,20.0,38,h,Curry 26' 3PT Jump Shot (9 PTS) (Iguodala 1 AST),Made Shot,Jump Shot,1,83,21400547,500,12.0,def_reb(24),3,-1,likely_open,subType: open-like
93,PT03M18.00S,1,1610612744,GSW,201939,Curry,S. Curry,-152,241,28,Missed,1,0.0,0.0,0,h,MISS Curry 28' 3PT Jump Shot,Missed Shot,Jump Shot,1,85,21400547,522,17.0,made_fg(24),3,-2,likely_open,"subType: open-like, distance: deep above-break 3 (>=27ft)"
109,PT01M43.00S,1,1610612744,GSW,201939,Curry,S. Curry,-10,37,4,Missed,1,0.0,0.0,0,h,MISS Curry 4' Driving Jump Shot,Missed Shot,Driving Jump shot,1,98,21400547,617,11.0,made_fg(24),2,1,borderline,distance: at-rim/very close
237,PT01M53.00S,2,1610612744,GSW,201939,Curry,S. Curry,130,235,27,Made,1,56.0,50.0,106,h,Curry 27' 3PT Pullup Jump Shot (12 PTS) (Green 4 AST),Made Shot,Pullup Jump shot,1,216,21400547,1327,18.0,def_reb(24),3,2,likely_contested,"subType: contested-like, text: pressure-move, distance: deep above-break 3 (>=27ft)"
252,PT00M42.90S,2,1610612744,GSW,201939,Curry,S. Curry,-82,263,28,Missed,1,0.0,0.0,0,h,MISS Curry 28' 3PT Pullup Jump Shot,Missed Shot,Pullup Jump shot,1,229,21400547,1398,11.0,off_reb(14),3,2,likely_contested,"subType: contested-like, text: pressure-move, distance: deep above-break 3 (>=27ft)"
331,PT06M00.00S,3,1610612744,GSW,201939,Curry,S. Curry,110,230,25,Made,1,69.0,66.0,135,h,Curry 25' 3PT Jump Shot (17 PTS) (Barnes 2 AST),Made Shot,Jump Shot,1,307,21400547,1800,16.0,turnover(24),3,-1,likely_open,subType: open-like
362,PT03M25.00S,3,1610612744,GSW,201939,Curry,S. Curry,24,69,7,Missed,1,0.0,0.0,0,h,MISS Curry 7' Floating Jump Shot,Missed Shot,Floating Jump shot,1,329,21400547,1955,13.0,made_fg(24),2,2,likely_contested,subType: contested-like
386,PT00M41.80S,3,1610612744,GSW,201939,Curry,S. Curry,-108,132,17,Made,1,82.0,74.0,156,h,Curry 17' Jump Shot (19 PTS) (Iguodala 4 AST),Made Shot,Jump Shot,1,351,21400547,2119,12.0,turnover(24),2,-1,likely_open,subType: open-like
498,PT02M42.00S,4,1610612744,GSW,201939,Curry,S. Curry,-70,246,26,Missed,1,0.0,0.0,0,h,MISS Curry 26' 3PT Pullup Jump Shot,Missed Shot,Pullup Jump shot,1,446,21400547,2718,7.0,final_ft(24),3,3,likely_contested,"subType: contested-like, text: pressure-move"
511,PT00M53.00S,4,1610612744,GSW,201939,Curry,S. Curry,13,30,3,Made,1,110.0,94.0,204,h,Curry 3' Running Bank Shot (23 PTS),Made Shot,Running Bank shot,1,460,21400547,2827,9.0,def_reb(24),2,1,borderline,distance: at-rim/very close
31,PT07M50.00S,1,1610612744,GSW,201939,Curry,S. Curry,121,224,25,Made,1,7.0,11.0,18,v,Curry 25' 3PT Jump Shot (3 PTS) (Green 1 AST),Made Shot,Jump Shot,1,35,21400571,250,8.0,made_fg(24),3,-1,likely_open,subType: open-like
35,PT07M20.00S,1,1610612744,GSW,201939,Curry,S. Curry,170,190,25,Missed,1,0.0,0.0,0,v,MISS Curry 25' 3PT Jump Shot,Missed Shot,Jump Shot,1,39,21400571,280,13.0,made_fg(24),3,-1,likely_open,subType: open-like
59,PT05M13.00S,1,1610612744,GSW,201939,Curry,S. Curry,0,176,18,Made,1,12.0,15.0,27,v,Curry 18' Jump Shot (5 PTS),Made Shot,Jump Shot,1,64,21400571,407,10.0,made_fg(24),2,-1,likely_open,subType: open-like
159,PT06M57.00S,2,1610612744,GSW,201939,Curry,S. Curry,110,222,25,Missed,1,0.0,0.0,0,v,MISS Curry 25' 3PT Jump Shot,Missed Shot,Jump Shot,1,161,21400571,1023,13.0,made_fg(24),3,-1,likely_open,subType: open-like
169,PT05M31.00S,2,1610612744,GSW,201939,Curry,S. Curry,-10,0,1,Made,1,42.0,39.0,81,v,Curry 1' Layup (7 PTS) (Iguodala 3 AST),Made Shot,Layup Shot,1,170,21400571,1109,6.0,made_fg(24),2,1,borderline,distance: at-rim/very close
179,PT04M52.00S,2,1610612744,GSW,201939,Curry,S. Curry,26,0,3,Made,1,42.0,41.0,83,v,Curry 3' Layup (9 PTS) (Lee 3 AST),Made Shot,Layup Shot,1,179,21400571,1148,2.0,def_reb(24),2,2,likely_contested,"distance: at-rim/very close, clock: late (<=5s)"
197,PT02M57.00S,2,1610612744,GSW,201939,Curry,S. Curry,0,257,26,Made,1,45.0,44.0,89,v,Curry 26' 3PT Jump Shot (12 PTS) (Thompson 3 AST),Made Shot,Jump Shot,1,196,21400571,1263,1.0,def_foul_14(14),3,0,likely_open,"subType: open-like, clock: late (<=5s)"
199,PT02M29.00S,2,1610612744,GSW,201939,Curry,S. Curry,-79,246,26,Missed,1,0.0,0.0,0,v,MISS Curry 26' 3PT Jump Shot,Missed Shot,Jump Shot,1,198,21400571,1291,15.0,made_fg(24),3,-1,likely_open,subType: open-like
218,PT00M00.30S,2,1610612744,GSW,201939,Curry,S. Curry,-187,758,78,Missed,1,0.0,0.0,0,v,MISS Curry 78' 3PT Jump Shot,Missed Shot,Jump Shot,1,218,21400571,1440,24.0,turnover(24),3,-2,likely_open,"subType: open-like, distance: deep above-break 3 (>=27ft)"
235,PT10M04.00S,3,1610612744,GSW,201939,Curry,S. Curry,108,217,24,Made,1,55.0,61.0,116,v,Curry 24' 3PT Jump Shot (15 PTS) (Bogut 1 AST),Made Shot,Jump Shot,1,233,21400571,1556,14.0,def_reb(24),3,-1,likely_open,subType: open-like
239,PT08M58.00S,3,1610612744,GSW,201939,Curry,S. Curry,31,7,3,Made,1,59.0,66.0,125,v,Curry 3' Driving Jump Shot (17 PTS),Made Shot,Driving Jump shot,1,237,21400571,1622,15.0,made_fg(24),2,1,borderline,distance: at-rim/very close
243,PT08M39.00S,3,1610612744,GSW,201939,Curry,S. Curry,234,85,25,Made,1,61.0,69.0,130,v,Curry 25' 3PT Jump Shot (20 PTS) (Bogut 3 AST),Made Shot,Jump Shot,1,241,21400571,1641,16.0,made_fg(24),3,-1,likely_open,subType: open-like
258,PT07M05.00S,3,1610612744,GSW,201939,Curry,S. Curry,239,64,25,Missed,1,0.0,0.0,0,v,MISS Curry 25' 3PT Jump Shot,Missed Shot,Jump Shot,1,253,21400571,1735,13.0,made_fg(24),3,-1,likely_open,subType: open-like
285,PT04M39.00S,3,1610612744,GSW,201939,Curry,S. Curry,64,189,20,Made,1,70.0,78.0,148,v,Curry 20' Jump Shot (23 PTS),Made Shot,Jump Shot,1,279,21400571,1881,16.0,final_ft(24),2,-1,likely_open,subType: open-like
315,PT01M14.00S,3,1610612744,GSW,201939,Curry,S. Curry,53,50,7,Made,1,76.0,90.0,166,v,Curry 7' Running Bank Shot (25 PTS),Made Shot,Running Bank shot,1,311,21400571,2086,17.0,turnover(24),2,0,likely_open,
330,PT00M23.90S,3,1610612744,GSW,201939,Curry,S. Curry,47,20,5,Missed,1,0.0,0.0,0,v,MISS Curry 5' Jump Shot,Missed Shot,Jump Shot,1,322,21400571,2137,13.0,def_reb(24),2,0,likely_open,"subType: open-like, distance: at-rim/very close"
9,PT10M20.00S,1,1610612744,GSW,201939,Curry,S. Curry,7,7,1,Missed,1,0.0,0.0,0,h,MISS Curry 1' Driving Layup,Missed Shot,Driving Layup Shot,1,10,21400582,100,11.0,made_fg(24),2,3,likely_contested,"subType: contested-like, distance: at-rim/very close"
21,PT09M21.00S,1,1610612744,GSW,201939,Curry,S. Curry,-73,126,15,Made,1,3.0,4.0,7,h,Curry 15' Turnaround Jump Shot (3 PTS),Made Shot,Turnaround Jump Shot,1,23,21400582,159,9.0,off_reb(14),2,1,borderline,distance: mid-range
25,PT08M30.00S,1,1610612744,GSW,201939,Curry,S. Curry,230,48,0,Made,1,6.0,7.0,13,h,Curry  3PT Pullup Jump Shot (6 PTS) (Bogut 1 AST),Made Shot,Pullup Jump shot,1,27,21400582,210,8.0,made_fg(24),3,4,likely_contested,"subType: contested-like, text: pressure-move, distance: at-rim/very close, coords: corner-3"
28,PT07M57.00S,1,1610612744,GSW,201939,Curry,S. Curry,-134,285,31,Made,1,9.0,7.0,16,h,Curry 31' 3PT Pullup Jump Shot (9 PTS),Made Shot,Pullup Jump shot,1,30,21400582,243,18.0,def_reb(24),3,2,likely_contested,"subType: contested-like, text: pressure-move, distance: deep above-break 3 (>=27ft)"
43,PT05M55.00S,1,1610612744,GSW,201939,Curry,S. Curry,-18,258,26,Missed,1,0.0,0.0,0,h,MISS Curry 26' 3PT Pullup Jump Shot,Missed Shot,Pullup Jump shot,1,46,21400582,365,9.0,def_reb(24),3,3,likely_contested,"subType: contested-like, text: pressure-move"
185,PT03M06.00S,2,1610612744,GSW,201939,Curry,S. Curry,-120,250,28,Made,1,48.0,30.0,78,h,Curry 28' 3PT Jump Shot (12 PTS) (Barnes 1 AST),Made Shot,Jump Shot,1,181,21400582,1254,11.0,off_reb(14),3,-2,likely_open,"subType: open-like, distance: deep above-break 3 (>=27ft)"
192,PT02M24.00S,2,1610612744,GSW,201939,Curry,S. Curry,133,247,28,Made,1,51.0,32.0,83,h,Curry 28' 3PT Pullup Jump Shot (15 PTS),Made Shot,Pullup Jump shot,1,188,21400582,1296,8.0,final_ft(24),3,2,likely_contested,"subType: contested-like, text: pressure-move, distance: deep above-break 3 (>=27ft)"
196,PT01M52.00S,2,1610612744,GSW,201939,Curry,S. Curry,-18,14,2,Missed,1,0.0,0.0,0,h,MISS Curry 2' Driving Finger Roll Layup,Missed Shot,Driving Finger Roll Layup Shot,1,190,21400582,1328,12.0,made_fg(24),2,1,borderline,distance: at-rim/very close
231,PT11M37.00S,3,1610612744,GSW,201939,Curry,S. Curry,-2,149,15,Made,1,57.0,38.0,95,h,Curry 15' Pullup Jump Shot (17 PTS) (Barnes 2 AST),Made Shot,Pullup Jump shot,0,219,21400582,1463,9.0,off_reb(14),2,4,likely_contested,"subType: contested-like, text: pressure-move, distance: mid-range"
249,PT10M01.00S,3,1610612744,GSW,201939,Curry,S. Curry,-188,186,26,Missed,1,0.0,0.0,0,h,MISS Curry 26' 3PT Jump Shot,Missed Shot,Jump Shot,1,232,21400582,1559,7.0,made_fg(24),3,-1,likely_open,subType: open-like
277,PT06M50.00S,3,1610612744,GSW,201939,Curry,S. Curry,-5,15,2,Made,1,63.0,52.0,115,h,Curry 2' Driving Layup (19 PTS) (Lee 3 AST),Made Shot,Driving Layup Shot,1,257,21400582,1750,11.0,final_ft(24),2,3,likely_contested,"subType: contested-like, distance: at-rim/very close"
306,PT04M12.00S,3,1610612744,GSW,201939,Curry,S. Curry,2,209,21,Missed,1,0.0,0.0,0,h,MISS Curry 21' Pullup Jump Shot,Missed Shot,Pullup Jump shot,1,282,21400582,1908,17.0,turnover(24),2,3,likely_contested,"subType: contested-like, text: pressure-move"
312,PT03M32.00S,3,1610612744,GSW,201939,Curry,S. Curry,-101,238,26,Made,1,71.0,57.0,128,h,Curry 26' 3PT Pullup Jump Shot (23 PTS) (Iguodala 3 AST),Made Shot,Pullup Jump shot,1,287,21400582,1948,0.0,turnover(24),3,4,likely_contested,"subType: contested-like, text: pressure-move, clock: late (<=5s)"
318,PT02M32.00S,3,1610612744,GSW,201939,Curry,S. Curry,-10,30,3,Missed,1,0.0,0.0,0,h,MISS Curry 3' Jump Shot,Missed Shot,Jump Shot,1,293,21400582,2008,13.0,made_fg(24),2,0,likely_open,"subType: open-like, distance: at-rim/very close"
322,PT02M18.00S,3,1610612744,GSW,201939,Curry,S. Curry,-240,-5,24,Made,1,76.0,61.0,137,h,Curry 24' 3PT Pullup Jump Shot (26 PTS) (Barbosa 2 AST),Made Shot,Pullup Jump shot,1,298,21400582,2022,10.0,off_reb(14),3,3,likely_contested,"subType: contested-like, text: pressure-move, coords: corner-3"
333,PT01M03.00S,3,1610612744,GSW,201939,Curry,S. Curry,113,116,16,Missed,1,0.0,0.0,0,h,MISS Curry 16' Pullup Bank Shot,Missed Shot,Pullup Bank shot,1,307,21400582,2097,8.0,made_fg(24),2,2,likely_contested,"text: pressure-move, distance: mid-range"
431,PT04M47.00S,4,1610612744,GSW,201939,Curry,S. Curry,-205,149,25,Missed,1,0.0,0.0,0,h,MISS Curry 25' 3PT Pullup Jump Shot,Missed Shot,Pullup Jump shot,1,391,21400582,2593,7.0,def_reb(24),3,3,likely_contested,"subType: contested-like, text: pressure-move"
458,PT03M06.00S,4,1610612744,GSW,201939,Curry,S. Curry,-4,80,8,Made,1,98.0,84.0,182,h,Curry 8' Running Jump Shot (28 PTS),Made Shot,Running Jump Shot,1,411,21400582,2694,8.0,made_fg(24),2,0,likely_open,"subType: open-like, distance: mid-range"
491,PT00M26.30S,4,1610612744,GSW,201939,Curry,S. Curry,-239,15,24,Made,1,104.0,87.0,191,h,Curry 24' 3PT Pullup Jump Shot (32 PTS) (Iguodala 7 AST),Made Shot,Pullup Jump shot,1,441,21400582,2854,5.0,def_reb(24),3,4,likely_contested,"subType: contested-like, text: pressure-move, coords: corner-3, clock: late (<=5s)"
8,PT10M31.00S,1,1610612744,GSW,201939,Curry,S. Curry,2,246,25,Missed,1,0.0,0.0,0,v,MISS Curry 25' 3PT Pullup Jump Shot,Missed Shot,Pullup Jump shot,1,11,21400593,89,16.0,made_fg(24),3,3,likely_contested,"subType: contested-like, text: pressure-move"
27,PT08M19.00S,1,1610612744,GSW,201939,Curry,S. Curry,-51,52,7,Made,1,10.0,9.0,19,v,Curry 7' Floating Jump Shot (2 PTS) (Green 1 AST),Made Shot,Floating Jump shot,1,30,21400593,221,5.0,made_fg(24),2,3,likely_contested,"subType: contested-like, clock: late (<=5s)"
33,PT07M28.00S,1,1610612744,GSW,201939,Curry,S. Curry,73,183,20,Made,1,12.0,11.0,23,v,Curry 20' Step Back Jump Shot (4 PTS),Made Shot,Step Back Jump shot,1,36,21400593,272,14.0,made_fg(24),2,3,likely_contested,"subType: contested-like, text: pressure-move"
158,PT07M54.00S,2,1610612744,GSW,201939,Curry,S. Curry,0,23,2,Missed,1,0.0,0.0,0,v,MISS Curry 2' Layup,Missed Shot,Layup Shot,1,146,21400593,966,7.0,made_fg(24),2,1,borderline,distance: at-rim/very close
205,PT04M46.00S,2,1610612744,GSW,201939,Curry,S. Curry,-75,239,25,Missed,1,0.0,0.0,0,v,MISS Curry 25' 3PT Jump Shot,Missed Shot,Jump Shot,1,188,21400593,1154,14.0,made_fg(24),3,-1,likely_open,subType: open-like
236,PT02M10.00S,2,1610612744,GSW,201939,Curry,S. Curry,28,238,24,Missed,1,0.0,0.0,0,v,MISS Curry 24' 3PT Jump Shot,Missed Shot,Jump Shot,1,216,21400593,1310,4.0,def_reb(24),3,0,likely_open,"subType: open-like, clock: late (<=5s)"
254,PT00M52.90S,2,1610612744,GSW,201939,Curry,S. Curry,77,231,24,Missed,1,0.0,0.0,0,v,MISS Curry 24' 3PT Jump Shot,Missed Shot,Jump Shot,1,232,21400593,1388,12.0,final_ft(24),3,-1,likely_open,subType: open-like
296,PT09M49.00S,3,1610612744,GSW,201939,Curry,S. Curry,-166,178,24,Made,1,75.0,68.0,143,v,Curry 24' 3PT Pullup Jump Shot (7 PTS),Made Shot,Pullup Jump shot,1,268,21400593,1571,15.0,made_fg(24),3,3,likely_contested,"subType: contested-like, text: pressure-move"
307,PT08M52.00S,3,1610612744,GSW,201939,Curry,S. Curry,-43,187,19,Missed,1,0.0,0.0,0,v,MISS Curry 19' Pullup Jump Shot,Missed Shot,Pullup Jump shot,1,278,21400593,1628,15.0,made_fg(24),2,3,likely_contested,"subType: contested-like, text: pressure-move"
322,PT07M00.00S,3,1610612744,GSW,201939,Curry,S. Curry,230,37,0,Made,1,79.0,77.0,156,v,Curry  3PT Jump Shot (12 PTS) (Speights 2 AST),Made Shot,Jump Shot,1,292,21400593,1740,17.0,def_reb(24),3,-1,likely_open,"subType: open-like, distance: at-rim/very close, coords: corner-3, corner: catch/spot"
364,PT02M37.00S,3,1610612744,GSW,201939,Curry,S. Curry,13,1,1,Made,1,93.0,88.0,181,v,Curry 1' Layup (14 PTS),Made Shot,Layup Shot,1,334,21400593,2003,19.0,turnover(24),2,1,borderline,distance: at-rim/very close
477,PT04M34.00S,4,1610612744,GSW,201939,Curry,S. Curry,-205,82,22,Missed,1,0.0,0.0,0,v,MISS Curry 22' Jump Shot,Missed Shot,Jump Shot,1,435,21400593,2606,13.0,def_reb(24),2,-1,likely_open,subType: open-like
511,PT02M36.00S,4,1610612744,GSW,201939,Curry,S. Curry,-10,-5,1,Made,1,120.0,111.0,231,v,Curry 1' Driving Layup (19 PTS),Made Shot,Driving Layup Shot,1,461,21400593,2724,15.0,final_ft(24),2,3,likely_contested,"subType: contested-like, distance: at-rim/very close"
18,PT10M08.00S,1,1610612744,GSW,201939,Curry,S. Curry,189,113,22,Missed,1,0.0,0.0,0,v,MISS Curry 22' Pullup Jump Shot,Missed Shot,Pullup Jump shot,1,20,21400603,112,19.0,def_reb(24),2,3,likely_contested,"subType: contested-like, text: pressure-move"
20,PT10M04.00S,1,1610612744,GSW,201939,Curry,S. Curry,58,37,7,Made,1,2.0,7.0,9,v,Curry 7' Running Bank Shot (2 PTS),Made Shot,Running Bank shot,1,22,21400603,116,12.0,off_reb(14),2,0,likely_open,
68,PT06M30.00S,1,1610612744,GSW,201939,Curry,S. Curry,165,194,25,Missed,1,0.0,0.0,0,v,MISS Curry 25' 3PT Pullup Jump Shot,Missed Shot,Pullup Jump shot,1,65,21400603,330,9.0,final_ft(24),3,3,likely_contested,"subType: contested-like, text: pressure-move"
104,PT03M52.00S,1,1610612744,GSW,201939,Curry,S. Curry,-144,213,26,Missed,1,0.0,0.0,0,v,MISS Curry 26' 3PT Jump Shot,Missed Shot,Jump Shot,1,95,21400603,488,10.0,off_reb(14),3,-1,likely_open,subType: open-like
140,PT00M59.90S,1,1610612744,GSW,201939,Curry,S. Curry,13,244,24,Missed,1,0.0,0.0,0,v,MISS Curry 24' 3PT Pullup Jump Shot,Missed Shot,Pullup Jump shot,1,128,21400603,661,19.0,def_reb(24),3,3,likely_contested,"subType: contested-like, text: pressure-move"
249,PT04M02.00S,2,1610612744,GSW,201939,Curry,S. Curry,211,129,25,Missed,1,0.0,0.0,0,v,MISS Curry 25' 3PT Pullup Jump Shot,Missed Shot,Pullup Jump shot,1,217,21400603,1198,18.0,def_reb(24),3,3,likely_contested,"subType: contested-like, text: pressure-move"
251,PT03M57.00S,2,1610612744,GSW,201939,Curry,S. Curry,231,-11,0,Missed,1,0.0,0.0,0,v,MISS Curry  3PT Jump Shot,Missed Shot,Jump Shot,1,219,21400603,1203,12.0,off_reb(14),3,-1,likely_open,"subType: open-like, distance: at-rim/very close, coords: corner-3, corner: catch/spot"
306,PT01M19.00S,2,1610612744,GSW,201939,Curry,S. Curry,-133,228,26,Made,1,59.0,60.0,119,v,Curry 26' 3PT Jump Shot (7 PTS) (Speights 3 AST),Made Shot,Jump Shot,1,263,21400603,1361,17.0,def_reb(24),3,-1,likely_open,subType: open-like
339,PT10M43.00S,3,1610612744,GSW,201939,Curry,S. Curry,-21,6,2,Made,1,59.0,69.0,128,v,Curry 2' Layup (11 PTS) (Bogut 1 AST),Made Shot,Layup Shot,1,292,21400603,1517,,stale_reset(14),2,1,borderline,distance: at-rim/very close
359,PT08M24.00S,3,1610612744,GSW,201939,Curry,S. Curry,-35,9,4,Made,1,66.0,72.0,138,v,Curry 4' Running Layup (13 PTS) (Green 1 AST),Made Shot,Running Layup Shot,1,311,21400603,1656,21.0,turnover(24),2,3,likely_contested,"subType: contested-like, distance: at-rim/very close"
364,PT08M05.00S,3,1610612744,GSW,201939,Curry,S. Curry,9,142,14,Missed,1,0.0,0.0,0,v,MISS Curry 14' Running Jump Shot,Missed Shot,Running Jump Shot,1,316,21400603,1675,18.0,turnover(24),2,0,likely_open,"subType: open-like, distance: mid-range"
382,PT06M53.00S,3,1610612744,GSW,201939,Curry,S. Curry,-79,85,12,Made,1,68.0,78.0,146,v,Curry 12' Running Bank Shot (16 PTS) (Thompson 2 AST),Made Shot,Running Bank shot,1,332,21400603,1747,19.0,def_reb(24),2,1,borderline,distance: mid-range
416,PT05M05.00S,3,1610612744,GSW,201939,Curry,S. Curry,-86,33,9,Made,1,71.0,83.0,154,v,Curry 9' Running Bank Shot (18 PTS),Made Shot,Running Bank shot,1,359,21400603,1855,14.0,def_reb(24),2,1,borderline,distance: mid-range
431,PT03M44.00S,3,1610612744,GSW,201939,Curry,S. Curry,9,33,3,Made,1,75.0,87.0,162,v,Curry 3' Driving Finger Roll Layup (20 PTS),Made Shot,Driving Finger Roll Layup Shot,1,370,21400603,1936,9.0,final_ft(24),2,1,borderline,distance: at-rim/very close
559,PT06M27.00S,4,1610612744,GSW,201939,Curry,S. Curry,-38,189,19,Made,1,94.0,112.0,206,v,Curry 19' Jump Shot (24 PTS) (Bogut 2 AST),Made Shot,Jump Shot,1,473,21400603,2493,13.0,def_reb(24),2,-1,likely_open,subType: open-like
562,PT06M07.00S,4,1610612744,GSW,201939,Curry,S. Curry,-201,148,25,Missed,1,0.0,0.0,0,v,MISS Curry 25' 3PT Step Back Jump Shot,Missed Shot,Step Back Jump shot,1,476,21400603,2513,11.0,off_foul(24),3,3,likely_contested,"subType: contested-like, text: pressure-move"
570,PT05M33.00S,4,1610612744,GSW,201939,Curry,S. Curry,-166,179,24,Made,1,94.0,117.0,211,v,Curry 24' 3PT Pullup Jump Shot (27 PTS),Made Shot,Pullup Jump shot,1,484,21400603,2547,18.0,def_reb(24),3,3,likely_contested,"subType: contested-like, text: pressure-move"
577,PT04M45.00S,4,1610612744,GSW,201939,Curry,S. Curry,-16,0,2,Missed,1,0.0,0.0,0,v,MISS Curry 2' Reverse Layup,Missed Shot,Reverse Layup Shot,1,492,21400603,2595,6.0,def_reb(24),2,3,likely_contested,"subType: contested-like, distance: at-rim/very close"
10,PT10M35.00S,1,1610612744,GSW,201939,Curry,S. Curry,15,14,2,Missed,1,0.0,0.0,0,h,MISS Curry 2' Driving Layup,Missed Shot,Driving Layup Shot,1,11,21400615,85,5.0,def_violation_14(14),2,4,likely_contested,"subType: contested-like, distance: at-rim/very close, clock: late (<=5s)"
28,PT08M28.00S,1,1610612744,GSW,201939,Curry,S. Curry,-209,189,28,Made,1,3.0,3.0,6,h,Curry 28' 3PT Pullup Jump Shot (3 PTS) (Barnes 1 AST),Made Shot,Pullup Jump shot,1,30,21400615,212,15.0,jumpball(24),3,2,likely_contested,"subType: contested-like, text: pressure-move, distance: deep above-break 3 (>=27ft)"
36,PT07M33.00S,1,1610612744,GSW,201939,Curry,S. Curry,-127,45,13,Made,1,5.0,3.0,8,h,Curry 13' Pullup Bank Shot (5 PTS) (Bogut 1 AST),Made Shot,Pullup Bank shot,1,38,21400615,267,19.0,def_reb(24),2,2,likely_contested,"text: pressure-move, distance: mid-range"
66,PT04M26.00S,1,1610612744,GSW,201939,Curry,S. Curry,-35,257,26,Missed,1,0.0,0.0,0,h,MISS Curry 26' 3PT Pullup Jump Shot,Missed Shot,Pullup Jump shot,1,64,21400615,454,20.0,turnover(24),3,3,likely_contested,"subType: contested-like, text: pressure-move"
74,PT03M16.00S,1,1610612744,GSW,201939,Curry,S. Curry,-73,126,15,Made,1,18.0,9.0,27,h,Curry 15' Step Back Jump Shot (7 PTS),Made Shot,Step Back Jump shot,1,72,21400615,524,5.0,made_fg(24),2,5,likely_contested,"subType: contested-like, text: pressure-move, distance: mid-range, clock: late (<=5s)"
92,PT02M10.00S,1,1610612744,GSW,201939,Curry,S. Curry,24,17,3,Made,1,20.0,11.0,31,h,Curry 3' Driving Reverse Layup (9 PTS) (Thompson 1 AST),Made Shot,Driving Reverse Layup Shot,1,90,21400615,590,21.0,def_reb(24),2,3,likely_contested,"subType: contested-like, distance: at-rim/very close"
108,PT00M01.30S,1,1610612744,GSW,201939,Curry,S. Curry,141,299,33,Missed,1,0.0,0.0,0,h,MISS Curry 33' 3PT Turnaround Fadeaway Shot,Missed Shot,Turnaround Fadeaway shot,1,106,21400615,719,16.0,made_fg(24),3,2,likely_contested,"subType: contested-like, text: pressure-move, distance: deep above-break 3 (>=27ft)"
192,PT03M22.00S,2,1610612744,GSW,201939,Curry,S. Curry,-116,41,12,Made,1,49.0,22.0,71,h,Curry 12' Running Bank Shot (11 PTS),Made Shot,Running Bank shot,1,185,21400615,1238,14.0,made_fg(24),2,1,borderline,distance: mid-range
226,PT00M03.30S,2,1610612744,GSW,201939,Curry,S. Curry,15,25,3,Missed,1,0.0,0.0,0,h,MISS Curry 3' Layup,Missed Shot,Layup Shot,1,218,21400615,1437,17.0,def_reb(24),2,1,borderline,distance: at-rim/very close
249,PT10M00.00S,3,1610612744,GSW,201939,Curry,S. Curry,176,216,28,Made,1,63.0,30.0,93,h,Curry 28' 3PT Fadeaway Jumper (14 PTS) (Thompson 3 AST),Made Shot,Fadeaway Jump Shot,1,243,21400615,1560,6.0,keep_clock(18),3,2,likely_contested,"subType: contested-like, text: pressure-move, distance: deep above-break 3 (>=27ft)"
258,PT08M54.00S,3,1610612744,GSW,201939,Curry,S. Curry,-15,4,2,Made,1,65.0,34.0,99,h,Curry 2' Driving Reverse Layup (16 PTS) (Bogut 3 AST),Made Shot,Driving Reverse Layup Shot,1,250,21400615,1626,10.0,made_fg(24),2,3,likely_contested,"subType: contested-like, distance: at-rim/very close"
271,PT07M23.00S,3,1610612744,GSW,201939,Curry,S. Curry,105,20,11,Missed,1,0.0,0.0,0,h,MISS Curry 11' Turnaround Bank Shot,Missed Shot,Turnaround Bank shot,1,261,21400615,1717,10.0,off_reb(14),2,3,likely_contested,"subType: contested-like, distance: mid-range"
298,PT05M40.00S,3,1610612744,GSW,201939,Curry,S. Curry,189,201,28,Missed,1,0.0,0.0,0,h,MISS Curry 28' 3PT Step Back Jump Shot,Missed Shot,Step Back Jump shot,1,284,21400615,1820,8.0,turnover(24),3,2,likely_contested,"subType: contested-like, text: pressure-move, distance: deep above-break 3 (>=27ft)"
36,PT09M13.00S,1,1610612744,GSW,201939,Curry,S. Curry,-78,189,20,Made,1,8.0,6.0,14,h,Curry 20' Jump Shot (2 PTS),Made Shot,Jump Shot,1,33,21400636,167,18.0,def_reb(24),2,-1,likely_open,subType: open-like
40,PT08M44.00S,1,1610612744,GSW,201939,Curry,S. Curry,-229,34,0,Made,1,11.0,6.0,17,h,Curry  3PT Jump Shot (5 PTS),Made Shot,Jump Shot,1,36,21400636,196,8.0,off_reb(14),3,-1,likely_open,"subType: open-like, distance: at-rim/very close, coords: corner-3, corner: catch/spot"
104,PT03M59.00S,1,1610612744,GSW,201939,Curry,S. Curry,-11,-2,1,Made,1,28.0,18.0,46,h,Curry 1' Layup (8 PTS),Made Shot,Layup Shot,1,91,21400636,481,12.0,off_reb(14),2,1,borderline,distance: at-rim/very close
110,PT03M39.00S,1,1610612744,GSW,201939,Curry,S. Curry,13,11,2,Made,1,30.0,18.0,48,h,Curry 2' Driving Layup (10 PTS),Made Shot,Driving Layup Shot,1,96,21400636,501,11.0,keep_clock(24),2,3,likely_contested,"subType: contested-like, distance: at-rim/very close"
113,PT03M06.00S,1,1610612744,GSW,201939,Curry,S. Curry,129,242,27,Missed,1,0.0,0.0,0,h,MISS Curry 27' 3PT Jump Shot,Missed Shot,Jump Shot,1,99,21400636,534,10.0,made_fg(24),3,-2,likely_open,"subType: open-like, distance: deep above-break 3 (>=27ft)"
231,PT05M29.00S,2,1610612744,GSW,201939,Curry,S. Curry,-40,192,20,Made,1,51.0,39.0,90,h,Curry 20' Jump Shot (14 PTS),Made Shot,Jump Shot,1,206,21400636,1111,10.0,off_reb(14),2,-1,likely_open,subType: open-like
238,PT05M02.00S,2,1610612744,GSW,201939,Curry,S. Curry,-2,17,2,Missed,1,0.0,0.0,0,h,MISS Curry 2' Driving Layup,Missed Shot,Driving Layup Shot,1,211,21400636,1138,19.0,turnover(24),2,3,likely_contested,"subType: contested-like, distance: at-rim/very close"
390,PT04M03.00S,3,1610612744,GSW,201939,Curry,S. Curry,-82,260,27,Missed,1,0.0,0.0,0,h,MISS Curry 27' 3PT Jump Shot,Missed Shot,Jump Shot,1,347,21400636,1917,16.0,final_ft(24),3,-2,likely_open,"subType: open-like, distance: deep above-break 3 (>=27ft)"
413,PT02M36.00S,3,1610612744,GSW,201939,Curry,S. Curry,13,260,26,Made,1,93.0,64.0,157,h,Curry 26' 3PT Jump Shot (19 PTS),Made Shot,Jump Shot,1,367,21400636,2004,11.0,turnover(24),3,-1,likely_open,subType: open-like
433,PT00M50.60S,3,1610612744,GSW,201939,Curry,S. Curry,113,247,27,Made,1,100.0,73.0,173,h,Curry 27' 3PT Jump Shot (22 PTS),Made Shot,Jump Shot,1,384,21400636,2110,14.0,made_fg(24),3,-2,likely_open,"subType: open-like, distance: deep above-break 3 (>=27ft)"
443,PT00M02.80S,3,1610612744,GSW,201939,Curry,S. Curry,0,224,22,Missed,1,0.0,0.0,0,h,MISS Curry 22' Jump Shot,Missed Shot,Jump Shot,1,393,21400636,2158,5.0,made_fg(24),2,0,likely_open,"subType: open-like, clock: late (<=5s)"
564,PT02M02.00S,4,1610612744,GSW,201939,Curry,S. Curry,20,102,10,Missed,1,0.0,0.0,0,h,MISS Curry 10' Jump Shot,Missed Shot,Jump Shot,1,497,21400636,2758,14.0,def_reb(24),2,0,likely_open,"subType: open-like, distance: mid-range"
5,PT11M19.00S,1,1610612744,GSW,201939,Curry,S. Curry,7,4,1,Made,1,2.0,2.0,4,h,Curry 1' Driving Layup (2 PTS) (Bogut 1 AST),Made Shot,Driving Layup Shot,1,6,21400651,41,11.0,made_fg(24),2,3,likely_contested,"subType: contested-like, distance: at-rim/very close"
17,PT09M08.00S,1,1610612744,GSW,201939,Curry,S. Curry,-56,250,26,Missed,1,0.0,0.0,0,h,MISS Curry 26' 3PT Jump Shot,Missed Shot,Jump Shot,1,19,21400651,172,19.0,def_reb(24),3,-1,likely_open,subType: open-like
70,PT04M22.00S,1,1610612744,GSW,201939,Curry,S. Curry,29,260,26,Missed,1,0.0,0.0,0,h,MISS Curry 26' 3PT Jump Shot,Missed Shot,Jump Shot,1,67,21400651,458,15.0,made_fg(24),3,-1,likely_open,subType: open-like
110,PT00M50.50S,1,1610612744,GSW,201939,Curry,S. Curry,-114,247,27,Made,1,34.0,22.0,56,h,Curry 27' 3PT Jump Shot (5 PTS),Made Shot,Jump Shot,1,104,21400651,670,18.0,made_fg(24),3,-2,likely_open,"subType: open-like, distance: deep above-break 3 (>=27ft)"
227,PT04M24.00S,2,1610612744,GSW,201939,Curry,S. Curry,-11,22,2,Missed,1,0.0,0.0,0,h,MISS Curry 2' Layup,Missed Shot,Layup Shot,1,213,21400651,1176,11.0,final_ft(24),2,1,borderline,distance: at-rim/very close
230,PT04M04.00S,2,1610612744,GSW,201939,Curry,S. Curry,-29,263,26,Made,1,51.0,41.0,92,h,Curry 26' 3PT Jump Shot (8 PTS),Made Shot,Jump Shot,1,216,21400651,1196,15.0,made_fg(24),3,-1,likely_open,subType: open-like
235,PT03M35.00S,2,1610612744,GSW,201939,Curry,S. Curry,181,183,26,Missed,1,0.0,0.0,0,h,MISS Curry 26' 3PT Jump Shot,Missed Shot,Jump Shot,1,221,21400651,1225,11.0,off_reb(14),3,-1,likely_open,subType: open-like
266,PT00M42.80S,2,1610612744,GSW,201939,Curry,S. Curry,4,258,26,Missed,1,0.0,0.0,0,h,MISS Curry 26' 3PT Jump Shot,Missed Shot,Jump Shot,1,250,21400651,1398,10.0,final_ft(24),3,-1,likely_open,subType: open-like
313,PT08M42.00S,3,1610612744,GSW,201939,Curry,S. Curry,114,239,26,Missed,1,0.0,0.0,0,h,MISS Curry 26' 3PT Jump Shot,Missed Shot,Jump Shot,1,291,21400651,1638,3.0,final_ft(24),3,0,likely_open,"subType: open-like, clock: late (<=5s)"
318,PT07M51.00S,3,1610612744,GSW,201939,Curry,S. Curry,-100,67,12,Missed,1,0.0,0.0,0,h,MISS Curry 12' Jump Bank Shot,Missed Shot,Jump Bank Shot,1,297,21400651,1689,15.0,made_fg(24),2,3,likely_contested,"subType: contested-like, distance: mid-range"
330,PT06M43.00S,3,1610612744,GSW,201939,Curry,S. Curry,-164,0,16,Missed,1,0.0,0.0,0,h,MISS Curry 16' Jump Shot,Missed Shot,Jump Shot,1,308,21400651,1757,14.0,def_reb(24),2,0,likely_open,"subType: open-like, distance: mid-range"
34,PT07M59.00S,1,1610612744,GSW,201939,Curry,S. Curry,162,246,29,Missed,1,0.0,0.0,0,h,MISS Curry 29' 3PT Pullup Jump Shot,Missed Shot,Pullup Jump shot,1,35,21400665,241,11.0,turnover(24),3,2,likely_contested,"subType: contested-like, text: pressure-move, distance: deep above-break 3 (>=27ft)"
50,PT06M12.00S,1,1610612744,GSW,201939,Curry,S. Curry,149,39,15,Made,1,15.0,13.0,28,h,Curry 15' Fadeaway Bank Shot (2 PTS),Made Shot,Fadeaway Bank shot,1,50,21400665,348,10.0,made_fg(24),2,4,likely_contested,"subType: contested-like, text: pressure-move, distance: mid-range"
254,PT01M09.00S,2,1610612744,GSW,201939,Curry,S. Curry,-10,250,25,Missed,1,0.0,0.0,0,h,MISS Curry 25' 3PT Jump Shot,Missed Shot,Jump Shot,1,234,21400665,1371,7.0,made_fg(24),3,-1,likely_open,subType: open-like
301,PT10M40.00S,3,1610612744,GSW,201939,Curry,S. Curry,-52,263,27,Made,1,61.0,52.0,113,h,Curry 27' 3PT Pullup Jump Shot (12 PTS),Made Shot,Pullup Jump shot,1,275,21400665,1520,21.0,def_reb(24),3,2,likely_contested,"subType: contested-like, text: pressure-move, distance: deep above-break 3 (>=27ft)"
307,PT10M03.00S,3,1610612744,GSW,201939,Curry,S. Curry,-21,6,2,Missed,1,0.0,0.0,0,h,MISS Curry 2' Layup,Missed Shot,Layup Shot,1,280,21400665,1557,14.0,final_ft(24),2,1,borderline,distance: at-rim/very close
319,PT08M53.00S,3,1610612744,GSW,201939,Curry,S. Curry,-4,162,16,Made,1,63.0,57.0,120,h,Curry 16' Pullup Jump Shot (14 PTS) (Bogut 3 AST),Made Shot,Pullup Jump shot,1,292,21400665,1627,11.0,made_fg(24),2,4,likely_contested,"subType: contested-like, text: pressure-move, distance: mid-range"
334,PT07M01.00S,3,1610612744,GSW,201939,Curry,S. Curry,-209,47,21,Missed,1,0.0,0.0,0,h,MISS Curry 21' Pullup Jump Shot,Missed Shot,Pullup Jump shot,1,305,21400665,1739,18.0,def_reb(24),2,3,likely_contested,"subType: contested-like, text: pressure-move"
363,PT04M15.00S,3,1610612744,GSW,201939,Curry,S. Curry,233,34,24,Missed,1,0.0,0.0,0,h,MISS Curry 24' 3PT Pullup Jump Shot,Missed Shot,Pullup Jump shot,1,331,21400665,1905,3.0,made_fg(24),3,4,likely_contested,"subType: contested-like, text: pressure-move, coords: corner-3, clock: late (<=5s)"
378,PT02M28.00S,3,1610612744,GSW,201939,Curry,S. Curry,10,183,18,Made,1,82.0,71.0,153,h,Curry 18' Pullup Jump Shot (16 PTS),Made Shot,Pullup Jump shot,1,346,21400665,2012,18.0,turnover(24),2,3,likely_contested,"subType: contested-like, text: pressure-move"
385,PT01M54.00S,3,1610612744,GSW,201939,Curry,S. Curry,-141,137,20,Missed,1,0.0,0.0,0,h,MISS Curry 20' Jump Shot,Missed Shot,Jump Shot,1,353,21400665,2046,9.0,made_fg(24),2,-1,likely_open,subType: open-like
393,PT01M38.00S,3,1610612744,GSW,201939,Curry,S. Curry,0,1,0,Made,1,84.0,74.0,158,h,Curry  Driving Slam Dunk (18 PTS) (Lee 4 AST),Made Shot,Driving Slam Dunk Shot,1,360,21400665,2062,9.0,final_ft(24),2,1,borderline,distance: at-rim/very close
483,PT04M45.00S,4,1610612744,GSW,201939,Curry,S. Curry,140,233,27,Missed,1,0.0,0.0,0,h,MISS Curry 27' 3PT Pullup Jump Shot,Missed Shot,Pullup Jump shot,1,447,21400665,2595,12.0,def_reb(24),3,2,likely_contested,"subType: contested-like, text: pressure-move, distance: deep above-break 3 (>=27ft)"
503,PT03M06.00S,4,1610612744,GSW,201939,Curry,S. Curry,-150,104,18,Missed,1,0.0,0.0,0,h,MISS Curry 18' Pullup Jump Shot,Missed Shot,Pullup Jump shot,1,462,21400665,2694,14.0,made_fg(24),2,3,likely_contested,"subType: contested-like, text: pressure-move"
521,PT02M24.00S,4,1610612744,GSW,201939,Curry,S. Curry,15,1,2,Made,1,107.0,94.0,201,h,Curry 2' Driving Layup (22 PTS) (Bogut 4 AST),Made Shot,Driving Layup Shot,1,472,21400665,2736,10.0,def_reb(24),2,3,likely_contested,"subType: contested-like, distance: at-rim/very close"
527,PT01M45.00S,4,1610612744,GSW,201939,Curry,S. Curry,-29,30,4,Missed,1,0.0,0.0,0,h,MISS Curry 4' Running Jump Shot,Missed Shot,Running Jump Shot,1,477,21400665,2775,6.0,final_ft(24),2,0,likely_open,"subType: open-like, distance: at-rim/very close"
539,PT01M05.00S,4,1610612744,GSW,201939,Curry,S. Curry,1,20,2,Missed,1,0.0,0.0,0,h,MISS Curry 2' Driving Finger Roll Layup,Missed Shot,Driving Finger Roll Layup Shot,1,487,21400665,2815,8.0,turnover(24),2,1,borderline,distance: at-rim/very close
13,PT10M03.00S,1,1610612744,GSW,201939,Curry,S. Curry,-147,236,28,Made,1,11.0,7.0,18,h,Curry 28' 3PT Pullup Jump Shot (3 PTS),Made Shot,Pullup Jump shot,1,12,21400679,117,16.0,made_fg(24),3,2,likely_contested,"subType: contested-like, text: pressure-move, distance: deep above-break 3 (>=27ft)"
15,PT09M35.00S,1,1610612744,GSW,201939,Curry,S. Curry,-79,266,28,Missed,1,0.0,0.0,0,h,MISS Curry 28' 3PT Pullup Jump Shot,Missed Shot,Pullup Jump shot,1,14,21400679,145,15.0,made_fg(24),3,2,likely_contested,"subType: contested-like, text: pressure-move, distance: deep above-break 3 (>=27ft)"
81,PT03M29.00S,1,1610612744,GSW,201939,Curry,S. Curry,91,31,10,Missed,1,0.0,0.0,0,h,MISS Curry 10' Pullup Jump Shot,Missed Shot,Pullup Jump shot,1,78,21400679,511,14.0,made_fg(24),2,4,likely_contested,"subType: contested-like, text: pressure-move, distance: mid-range"
91,PT02M47.00S,1,1610612744,GSW,201939,Curry,S. Curry,0,23,2,Made,1,27.0,20.0,47,h,Curry 2' Driving Finger Roll Layup (5 PTS),Made Shot,Driving Finger Roll Layup Shot,1,87,21400679,553,21.0,def_reb(24),2,1,borderline,distance: at-rim/very close
97,PT02M00.00S,1,1610612744,GSW,201939,Curry,S. Curry,61,175,19,Made,1,29.0,22.0,51,h,Curry 19' Pullup Jump Shot (7 PTS) (Green 2 AST),Made Shot,Pullup Jump shot,1,95,21400679,600,14.0,made_fg(24),2,3,likely_contested,"subType: contested-like, text: pressure-move"
102,PT01M25.00S,1,1610612744,GSW,201939,Curry,S. Curry,75,257,27,Made,1,32.0,24.0,56,h,Curry 27' 3PT Pullup Jump Shot (10 PTS),Made Shot,Pullup Jump shot,1,99,21400679,635,16.0,made_fg(24),3,2,likely_contested,"subType: contested-like, text: pressure-move, distance: deep above-break 3 (>=27ft)"
185,PT05M40.00S,2,1610612744,GSW,201939,Curry,S. Curry,-183,197,27,Missed,1,0.0,0.0,0,h,MISS Curry 27' 3PT Step Back Jump Shot,Missed Shot,Step Back Jump shot,1,173,21400679,1100,12.0,def_reb(24),3,2,likely_contested,"subType: contested-like, text: pressure-move, distance: deep above-break 3 (>=27ft)"
198,PT04M09.00S,2,1610612744,GSW,201939,Curry,S. Curry,-130,127,18,Missed,1,0.0,0.0,0,h,MISS Curry 18' Jump Shot,Missed Shot,Jump Shot,1,185,21400679,1191,15.0,made_fg(24),2,-1,likely_open,subType: open-like
231,PT00M51.10S,2,1610612744,GSW,201939,Curry,S. Curry,-5,20,2,Missed,1,0.0,0.0,0,h,MISS Curry 2' Driving Layup,Missed Shot,Driving Layup Shot,1,221,21400679,1389,13.0,def_reb(24),2,3,likely_contested,"subType: contested-like, distance: at-rim/very close"
243,PT00M00.80S,2,1610612744,GSW,201939,Curry,S. Curry,-134,534,55,Missed,1,0.0,0.0,0,h,MISS Curry 55' 3PT Pullup Jump Shot,Missed Shot,Pullup Jump shot,1,236,21400679,1440,23.0,def_reb(24),3,2,likely_contested,"subType: contested-like, text: pressure-move, distance: deep above-break 3 (>=27ft)"
272,PT09M35.00S,3,1610612744,GSW,201939,Curry,S. Curry,9,17,2,Made,1,60.0,53.0,113,h,Curry 2' Driving Layup (12 PTS) (Green 3 AST),Made Shot,Driving Layup Shot,1,260,21400679,1585,14.0,turnover(24),2,3,likely_contested,"subType: contested-like, distance: at-rim/very close"
284,PT08M27.00S,3,1610612744,GSW,201939,Curry,S. Curry,-134,209,25,Missed,1,0.0,0.0,0,h,MISS Curry 25' 3PT Pullup Jump Shot,Missed Shot,Pullup Jump shot,1,272,21400679,1653,16.0,def_reb(24),3,3,likely_contested,"subType: contested-like, text: pressure-move"
321,PT04M11.00S,3,1610612744,GSW,201939,Curry,S. Curry,201,153,25,Missed,1,0.0,0.0,0,h,MISS Curry 25' 3PT Pullup Jump Shot,Missed Shot,Pullup Jump shot,1,310,21400679,1909,18.0,turnover(24),3,3,likely_contested,"subType: contested-like, text: pressure-move"
365,PT11M25.00S,4,1610612744,GSW,201939,Curry,S. Curry,-2,104,10,Made,1,83.0,79.0,162,h,Curry 10' Floating Jump Shot (14 PTS) (Lee 5 AST),Made Shot,Floating Jump shot,1,349,21400679,2195,13.0,def_reb(24),2,3,likely_contested,"subType: contested-like, distance: mid-range"
391,PT09M49.00S,4,1610612744,GSW,201939,Curry,S. Curry,94,140,17,Missed,1,0.0,0.0,0,h,MISS Curry 17' Running Jump Shot,Missed Shot,Running Jump Shot,1,371,21400679,2291,13.0,final_ft(24),2,-1,likely_open,subType: open-like
405,PT08M58.00S,4,1610612744,GSW,201939,Curry,S. Curry,0,33,3,Missed,1,0.0,0.0,0,h,MISS Curry 3' Jump Shot,Missed Shot,Jump Shot,1,385,21400679,2342,9.0,off_reb(14),2,0,likely_open,"subType: open-like, distance: at-rim/very close"
470,PT03M25.00S,4,1610612744,GSW,201939,Curry,S. Curry,132,146,20,Missed,1,0.0,0.0,0,h,MISS Curry 20' Jump Shot,Missed Shot,Jump Shot,1,440,21400679,2675,13.0,def_reb(24),2,-1,likely_open,subType: open-like
480,PT02M18.00S,4,1610612744,GSW,201939,Curry,S. Curry,100,37,11,Made,1,105.0,100.0,205,h,Curry 11' Running Bank Shot (17 PTS),Made Shot,Running Bank shot,1,450,21400679,2742,11.0,made_fg(24),2,1,borderline,distance: mid-range
483,PT01M53.00S,4,1610612744,GSW,201939,Curry,S. Curry,28,255,26,Missed,1,0.0,0.0,0,h,MISS Curry 26' 3PT Pullup Jump Shot,Missed Shot,Pullup Jump shot,1,453,21400679,2767,14.0,def_reb(24),3,3,likely_contested,"subType: contested-like, text: pressure-move"
499,PT00M49.90S,4,1610612744,GSW,201939,Curry,S. Curry,-105,179,21,Missed,1,0.0,0.0,0,h,MISS Curry 21' Pullup Jump Shot,Missed Shot,Pullup Jump shot,1,466,21400679,2831,3.0,final_ft(24),2,4,likely_contested,"subType: contested-like, text: pressure-move, clock: late (<=5s)"
537,PT03M18.00S,5,1610612744,GSW,201939,Curry,S. Curry,176,187,26,Missed,1,0.0,0.0,0,h,MISS Curry 26' 3PT Pullup Jump Shot,Missed Shot,Pullup Jump shot,1,502,21400679,2982,19.0,def_reb(24),3,3,likely_contested,"subType: contested-like, text: pressure-move"
539,PT03M10.00S,5,1610612744,GSW,201939,Curry,S. Curry,13,17,2,Made,1,109.0,109.0,218,h,Curry 2' Driving Layup (19 PTS) (Green 6 AST),Made Shot,Driving Layup Shot,1,504,21400679,2990,7.0,off_reb(14),2,3,likely_contested,"subType: contested-like, distance: at-rim/very close"
558,PT01M08.00S,5,1610612744,GSW,201939,Curry,S. Curry,21,12,2,Made,1,111.0,111.0,222,h,Curry 2' Driving Reverse Layup (21 PTS),Made Shot,Driving Reverse Layup Shot,1,525,21400679,3112,19.0,def_reb(24),2,3,likely_contested,"subType: contested-like, distance: at-rim/very close"
7,PT10M51.00S,1,1610612744,GSW,201939,Curry,S. Curry,20,4,2,Missed,1,0.0,0.0,0,v,MISS Curry 2' Layup,Missed Shot,Layup Shot,1,8,21400703,69,12.0,def_reb(24),2,1,borderline,distance: at-rim/very close
22,PT08M30.00S,1,1610612744,GSW,201939,Curry,S. Curry,209,94,23,Made,1,8.0,6.0,14,v,Curry 23' Jump Shot (2 PTS) (Bogut 1 AST),Made Shot,Jump Shot,1,26,21400703,210,13.0,turnover(24),2,-1,likely_open,subType: open-like
42,PT06M28.00S,1,1610612744,GSW,201939,Curry,S. Curry,-86,238,25,Missed,1,0.0,0.0,0,v,MISS Curry 25' 3PT Jump Shot,Missed Shot,Jump Shot,1,48,21400703,332,16.0,made_fg(24),3,-1,likely_open,subType: open-like
60,PT04M36.00S,1,1610612744,GSW,201939,Curry,S. Curry,28,31,4,Made,1,17.0,10.0,27,v,Curry 4' Driving Layup (4 PTS) (Iguodala 1 AST),Made Shot,Driving Layup Shot,1,66,21400703,444,11.0,def_foul_14(14),2,3,likely_contested,"subType: contested-like, distance: at-rim/very close"
79,PT03M18.00S,1,1610612744,GSW,201939,Curry,S. Curry,-43,11,4,Made,1,20.0,13.0,33,v,Curry 4' Running Layup (6 PTS),Made Shot,Running Layup Shot,1,83,21400703,522,20.0,def_reb(24),2,3,likely_contested,"subType: contested-like, distance: at-rim/very close"
101,PT02M08.00S,1,1610612744,GSW,201939,Curry,S. Curry,106,205,23,Missed,1,0.0,0.0,0,v,MISS Curry 23' Jump Shot,Missed Shot,Jump Shot,1,101,21400703,592,,stale_reset(14),2,-1,likely_open,subType: open-like
229,PT03M02.00S,2,1610612744,GSW,201939,Curry,S. Curry,209,138,25,Made,1,46.0,38.0,84,v,Curry 25' 3PT Jump Shot (11 PTS) (Green 1 AST),Made Shot,Jump Shot,1,219,21400703,1258,13.0,final_ft(24),3,-1,likely_open,subType: open-like
232,PT02M30.00S,2,1610612744,GSW,201939,Curry,S. Curry,114,235,26,Made,1,46.0,41.0,87,v,Curry 26' 3PT Jump Shot (14 PTS) (Bogut 2 AST),Made Shot,Jump Shot,1,222,21400703,1290,20.0,def_reb(24),3,-1,likely_open,subType: open-like
247,PT02M01.00S,2,1610612744,GSW,201939,Curry,S. Curry,122,222,25,Missed,1,0.0,0.0,0,v,MISS Curry 25' 3PT Jump Shot,Missed Shot,Jump Shot,1,235,21400703,1319,8.0,final_ft(24),3,-1,likely_open,subType: open-like
252,PT00M56.90S,2,1610612744,GSW,201939,Curry,S. Curry,-98,236,26,Missed,1,0.0,0.0,0,v,MISS Curry 26' 3PT Jump Shot,Missed Shot,Jump Shot,1,240,21400703,1384,7.0,made_fg(24),3,-1,likely_open,subType: open-like
255,PT00M13.90S,2,1610612744,GSW,201939,Curry,S. Curry,12,28,3,Made,1,54.0,45.0,99,v,Curry 3' Running Layup (16 PTS),Made Shot,Running Layup Shot,1,243,21400703,1427,6.0,made_fg(24),2,3,likely_contested,"subType: contested-like, distance: at-rim/very close"
257,PT00M03.90S,2,1610612744,GSW,201939,Curry,S. Curry,-103,238,26,Missed,1,0.0,0.0,0,v,MISS Curry 26' 3PT Jump Shot,Missed Shot,Jump Shot,1,245,21400703,1437,18.0,made_fg(24),3,-1,likely_open,subType: open-like
275,PT10M41.00S,3,1610612744,GSW,201939,Curry,S. Curry,9,12,2,Missed,1,0.0,0.0,0,v,MISS Curry 2' Layup,Missed Shot,Layup Shot,1,261,21400703,1519,5.0,def_violation_14(14),2,2,likely_contested,"distance: at-rim/very close, clock: late (<=5s)"
283,PT09M47.00S,3,1610612744,GSW,201939,Curry,S. Curry,-185,28,19,Missed,1,0.0,0.0,0,v,MISS Curry 19' Step Back Jump Shot,Missed Shot,Step Back Jump shot,1,271,21400703,1573,17.0,def_reb(24),2,3,likely_contested,"subType: contested-like, text: pressure-move"
303,PT08M02.00S,3,1610612744,GSW,201939,Curry,S. Curry,-10,112,11,Made,1,65.0,49.0,114,v,Curry 11' Floating Jump Shot (18 PTS),Made Shot,Floating Jump shot,1,288,21400703,1678,15.0,made_fg(24),2,3,likely_contested,"subType: contested-like, distance: mid-range"
315,PT07M04.00S,3,1610612744,GSW,201939,Curry,S. Curry,89,238,25,Made,1,67.0,53.0,120,v,Curry 25' 3PT Jump Shot (21 PTS),Made Shot,Jump Shot,0,300,21400703,1736,16.0,off_foul(24),3,-1,likely_open,subType: open-like
333,PT05M24.00S,3,1610612744,GSW,201939,Curry,S. Curry,61,238,25,Made,1,70.0,58.0,128,v,Curry 25' 3PT Jump Shot (24 PTS),Made Shot,Jump Shot,1,317,21400703,1836,8.0,def_foul_14(14),3,-1,likely_open,subType: open-like
338,PT04M56.00S,3,1610612744,GSW,201939,Curry,S. Curry,75,258,27,Missed,1,0.0,0.0,0,v,MISS Curry 27' 3PT Jump Shot,Missed Shot,Jump Shot,1,322,21400703,1864,17.0,keep_clock(22),3,-2,likely_open,"subType: open-like, distance: deep above-break 3 (>=27ft)"
386,PT00M50.90S,3,1610612744,GSW,201939,Curry,S. Curry,132,201,24,Made,1,79.0,66.0,145,v,Curry 24' 3PT Jump Shot (31 PTS),Made Shot,Jump Shot,1,364,21400703,2110,18.0,made_fg(24),3,-1,likely_open,subType: open-like
405,PT10M48.00S,4,1610612744,GSW,201939,Curry,S. Curry,152,154,22,Missed,1,0.0,0.0,0,v,MISS Curry 22' Jump Shot,Missed Shot,Jump Shot,1,384,21400703,2232,17.0,def_reb(24),2,-1,likely_open,subType: open-like
427,PT08M26.00S,4,1610612744,GSW,201939,Curry,S. Curry,23,11,3,Missed,1,0.0,0.0,0,v,MISS Curry 3' Layup,Missed Shot,Layup Shot,1,406,21400703,2374,9.0,made_fg(24),2,1,borderline,distance: at-rim/very close
436,PT07M47.00S,4,1610612744,GSW,201939,Curry,S. Curry,147,189,24,Missed,1,0.0,0.0,0,v,MISS Curry 24' 3PT Jump Shot,Missed Shot,Jump Shot,1,414,21400703,2413,9.0,made_fg(24),3,-1,likely_open,subType: open-like
2,PT11M43.00S,1,1610612744,GSW,201939,Curry,S. Curry,-157,28,16,Missed,1,,,0,h,MISS Curry 16' Step Back Jump Shot,Missed Shot,Step Back Jump shot,1,3,21400715,17,7.0,jumpball(24),2,4,likely_contested,"subType: contested-like, text: pressure-move, distance: mid-range"
38,PT08M10.00S,1,1610612744,GSW,201939,Curry,S. Curry,-149,160,22,Missed,1,,,0,h,MISS Curry 22' Pullup Jump Shot,Missed Shot,Pullup Jump shot,1,41,21400715,230,9.0,made_fg(24),2,3,likely_contested,"subType: contested-like, text: pressure-move"
45,PT07M20.00S,1,1610612744,GSW,201939,Curry,S. Curry,4,64,6,Made,1,4.0,11.0,15,h,Curry 6' Floating Jump Shot (2 PTS) (Barnes 1 AST),Made Shot,Floating Jump shot,1,50,21400715,280,8.0,made_fg(24),2,2,likely_contested,subType: contested-like
49,PT06M48.00S,1,1610612744,GSW,201939,Curry,S. Curry,113,228,25,Missed,1,,,0,h,MISS Curry 25' 3PT Pullup Jump Shot,Missed Shot,Pullup Jump shot,1,56,21400715,312,21.0,turnover(24),3,3,likely_contested,"subType: contested-like, text: pressure-move"
56,PT06M02.00S,1,1610612744,GSW,201939,Curry,S. Curry,-182,181,26,Missed,1,,,0,h,MISS Curry 26' 3PT Pullup Jump Shot,Missed Shot,Pullup Jump shot,1,63,21400715,358,19.0,def_reb(24),3,3,likely_contested,"subType: contested-like, text: pressure-move"
64,PT05M10.00S,1,1610612744,GSW,201939,Curry,S. Curry,6,6,1,Missed,1,,,0,h,MISS Curry 1' Driving Layup,Missed Shot,Driving Layup Shot,1,70,21400715,410,9.0,made_fg(24),2,3,likely_contested,"subType: contested-like, distance: at-rim/very close"
87,PT03M59.00S,1,1610612744,GSW,201939,Curry,S. Curry,7,3,1,Made,1,12.0,19.0,31,h,Curry 1' Driving Reverse Layup (4 PTS),Made Shot,Driving Reverse Layup Shot,1,91,21400715,481,15.0,def_reb(24),2,3,likely_contested,"subType: contested-like, distance: at-rim/very close"
102,PT02M40.00S,1,1610612744,GSW,201939,Curry,S. Curry,163,33,17,Made,1,16.0,19.0,35,h,Curry 17' Pullup Jump Shot (6 PTS) (Iguodala 1 AST),Made Shot,Pullup Jump shot,1,105,21400715,560,18.0,turnover(24),2,3,likely_contested,"subType: contested-like, text: pressure-move"
120,PT00M09.10S,1,1610612744,GSW,201939,Curry,S. Curry,200,157,25,Made,1,23.0,28.0,51,h,Curry 25' 3PT Step Back Jump Shot (9 PTS) (Iguodala 2 AST),Made Shot,Step Back Jump shot,1,124,21400715,711,3.0,made_fg(24),3,4,likely_contested,"subType: contested-like, text: pressure-move, clock: late (<=5s)"
194,PT06M19.00S,2,1610612744,GSW,201939,Curry,S. Curry,-68,255,26,Made,1,35.0,42.0,77,h,Curry 26' 3PT Jump Shot (12 PTS),Made Shot,Jump Shot,1,193,21400715,1061,14.0,made_fg(24),3,-1,likely_open,subType: open-like
197,PT05M54.00S,2,1610612744,GSW,201939,Curry,S. Curry,-224,52,0,Made,1,38.0,42.0,80,h,Curry 3PT Pullup Jump Shot (15 PTS),Made Shot,Pullup Jump shot,1,196,21400715,1086,18.0,def_reb(24),3,4,likely_contested,"subType: contested-like, text: pressure-move, distance: at-rim/very close"
208,PT05M24.00S,2,1610612744,GSW,201939,Curry,S. Curry,103,15,10,Missed,1,,,0,h,MISS Curry 10' Turnaround Hook Shot,Missed Shot,Turnaround Hook Shot,1,205,21400715,1116,12.0,final_ft(24),2,3,likely_contested,"subType: contested-like, distance: mid-range"
213,PT04M39.00S,2,1610612744,GSW,201939,Curry,S. Curry,-196,156,25,Made,1,41.0,45.0,86,h,Curry 25' 3PT Step Back Jump Shot (18 PTS) (Lee 1 AST),Made Shot,Step Back Jump shot,1,211,21400715,1161,6.0,made_fg(24),3,3,likely_contested,"subType: contested-like, text: pressure-move"
218,PT03M59.00S,2,1610612744,GSW,201939,Curry,S. Curry,-136,252,29,Missed,1,,,0,h,MISS Curry 29' 3PT Jump Shot,Missed Shot,Jump Shot,1,215,21400715,1201,13.0,made_fg(24),3,-2,likely_open,"subType: open-like, distance: deep above-break 3 (>=27ft)"
267,PT00M00.70S,2,1610612744,GSW,201939,Curry,S. Curry,-164,512,54,Missed,1,,,0,h,MISS Curry 54' 3PT Pullup Jump Shot,Missed Shot,Pullup Jump shot,1,260,21400715,1440,21.0,def_reb(24),3,2,likely_contested,"subType: contested-like, text: pressure-move, distance: deep above-break 3 (>=27ft)"
297,PT07M51.00S,3,1610612744,GSW,201939,Curry,S. Curry,125,247,28,Missed,1,,,0,h,MISS Curry 28' 3PT Pullup Jump Shot,Missed Shot,Pullup Jump shot,1,292,21400715,1689,19.0,turnover(24),3,2,likely_contested,"subType: contested-like, text: pressure-move, distance: deep above-break 3 (>=27ft)"
326,PT05M12.00S,3,1610612744,GSW,201939,Curry,S. Curry,-23,6,2,Missed,1,,,0,h,MISS Curry 2' Driving Reverse Layup,Missed Shot,Driving Reverse Layup Shot,1,316,21400715,1848,6.0,keep_clock(15),2,3,likely_contested,"subType: contested-like, distance: at-rim/very close"
331,PT04M47.00S,3,1610612744,GSW,201939,Curry,S. Curry,121,86,15,Made,1,63.0,59.0,122,h,Curry 15' Pullup Jump Shot (21 PTS),Made Shot,Pullup Jump shot,1,321,21400715,1873,14.0,made_fg(24),2,4,likely_contested,"subType: contested-like, text: pressure-move, distance: mid-range"
375,PT00M16.90S,3,1610612744,GSW,201939,Curry,S. Curry,122,189,22,Missed,1,,,0,h,MISS Curry 22' Jump Shot,Missed Shot,Jump Shot,1,360,21400715,2144,7.0,final_ft(24),2,-1,likely_open,subType: open-like
443,PT07M07.00S,4,1610612744,GSW,201939,Curry,S. Curry,18,99,10,Missed,1,,,0,h,MISS Curry 10' Jump Shot,Missed Shot,Jump Shot,1,425,21400715,2453,5.0,made_fg(24),2,1,borderline,"subType: open-like, distance: mid-range, clock: late (<=5s)"
445,PT07M04.00S,4,1610612744,GSW,201939,Curry,S. Curry,-15,53,6,Missed,1,,,0,h,MISS Curry 6' Jump Shot,Missed Shot,Jump Shot,1,428,21400715,2456,12.0,off_reb(14),2,-1,likely_open,subType: open-like
472,PT04M52.00S,4,1610612744,GSW,201939,Curry,S. Curry,47,159,17,Made,1,91.0,79.0,170,h,Curry 17' Running Bank Shot (25 PTS) (Bogut 3 AST),Made Shot,Running Bank shot,1,453,21400715,2588,11.0,def_reb(24),2,0,likely_open,
501,PT02M29.00S,4,1610612744,GSW,201939,Curry,S. Curry,-68,205,22,Missed,1,,,0,h,MISS Curry 22' Step Back Jump Shot,Missed Shot,Step Back Jump shot,1,479,21400715,2731,,stale_reset(24),2,3,likely_contested,"subType: contested-like, text: pressure-move"
12,PT09M53.00S,1,1610612744,GSW,201939,Curry,S. Curry,32,3,3,Made,1,7.0,2.0,9,v,Curry 3' Driving Layup (2 PTS) (Bogut 1 AST),Made Shot,Driving Layup Shot,1,14,21400730,127,9.0,made_fg(24),2,3,likely_contested,"subType: contested-like, distance: at-rim/very close"
25,PT08M10.00S,1,1610612744,GSW,201939,Curry,S. Curry,1,36,4,Missed,1,0.0,0.0,0,v,MISS Curry 4' Layup,Missed Shot,Layup Shot,1,28,21400730,230,16.0,def_reb(24),2,1,borderline,distance: at-rim/very close
33,PT07M12.00S,1,1610612744,GSW,201939,Curry,S. Curry,50,1,5,Missed,1,0.0,0.0,0,v,MISS Curry 5' Layup,Missed Shot,Layup Shot,1,38,21400730,288,23.0,turnover(24),2,1,borderline,distance: at-rim/very close
44,PT05M45.00S,1,1610612744,GSW,201939,Curry,S. Curry,-172,175,25,Missed,1,0.0,0.0,0,v,MISS Curry 25' 3PT Jump Shot,Missed Shot,Jump Shot,1,49,21400730,375,3.0,made_fg(24),3,0,likely_open,"subType: open-like, clock: late (<=5s)"
48,PT05M26.00S,1,1610612744,GSW,201939,Curry,S. Curry,45,6,5,Made,1,20.0,12.0,32,v,Curry 5' Driving Layup (4 PTS),Made Shot,Driving Layup Shot,1,53,21400730,394,18.0,turnover(24),2,3,likely_contested,"subType: contested-like, distance: at-rim/very close"
66,PT04M01.00S,1,1610612744,GSW,201939,Curry,S. Curry,23,255,26,Made,1,22.0,17.0,39,v,Curry 26' 3PT Jump Shot (7 PTS) (Green 2 AST),Made Shot,Jump Shot,1,68,21400730,479,18.0,turnover(24),3,-1,likely_open,subType: open-like
202,PT04M16.00S,2,1610612744,GSW,201939,Curry,S. Curry,168,4,17,Missed,1,0.0,0.0,0,v,MISS Curry 17' Jump Shot,Missed Shot,Jump Shot,1,190,21400730,1184,6.0,def_foul_14(14),2,-1,likely_open,subType: open-like
206,PT03M45.00S,2,1610612744,GSW,201939,Curry,S. Curry,-16,4,2,Made,1,38.0,54.0,92,v,Curry 2' Reverse Layup (13 PTS) (Bogut 3 AST),Made Shot,Reverse Layup Shot,1,194,21400730,1215,8.0,def_reb(24),2,3,likely_contested,"subType: contested-like, distance: at-rim/very close"
224,PT02M46.00S,2,1610612744,GSW,201939,Curry,S. Curry,-37,48,6,Missed,1,0.0,0.0,0,v,MISS Curry 6' Running Jump Shot,Missed Shot,Running Jump Shot,1,208,21400730,1274,9.0,def_foul_14(14),2,-1,likely_open,subType: open-like
242,PT00M26.90S,2,1610612744,GSW,201939,Curry,S. Curry,-111,244,27,Missed,1,0.0,0.0,0,v,MISS Curry 27' 3PT Jump Shot,Missed Shot,Jump Shot,1,226,21400730,1414,11.0,def_reb(24),3,-2,likely_open,"subType: open-like, distance: deep above-break 3 (>=27ft)"
263,PT10M51.00S,3,1610612744,GSW,201939,Curry,S. Curry,-21,255,26,Missed,1,0.0,0.0,0,v,MISS Curry 26' 3PT Jump Shot,Missed Shot,Jump Shot,1,245,21400730,1509,9.0,made_fg(24),3,-1,likely_open,subType: open-like
287,PT08M01.00S,3,1610612744,GSW,201939,Curry,S. Curry,-15,107,11,Made,1,54.0,74.0,128,v,Curry 11' Floating Jump Shot (17 PTS) (Green 4 AST),Made Shot,Floating Jump shot,1,270,21400730,1679,8.0,def_reb(24),2,3,likely_contested,"subType: contested-like, distance: mid-range"
324,PT05M20.00S,3,1610612744,GSW,201939,Curry,S. Curry,24,254,26,Missed,1,0.0,0.0,0,v,MISS Curry 26' 3PT Jump Shot,Missed Shot,Jump Shot,1,304,21400730,1840,8.0,made_fg(24),3,-1,likely_open,subType: open-like
355,PT01M41.00S,3,1610612744,GSW,201939,Curry,S. Curry,147,164,22,Missed,1,0.0,0.0,0,v,MISS Curry 22' Jump Shot,Missed Shot,Jump Shot,1,331,21400730,2059,13.0,made_fg(24),2,-1,likely_open,subType: open-like
382,PT00M01.50S,3,1610612744,GSW,201939,Curry,S. Curry,13,280,28,Made,1,80.0,94.0,174,v,Curry 28' 3PT Jump Shot (23 PTS),Made Shot,Jump Shot,1,353,21400730,2159,17.0,made_fg(24),3,-2,likely_open,"subType: open-like, distance: deep above-break 3 (>=27ft)"
16,PT09M57.00S,1,1610612744,GSW,201939,Curry,S. Curry,-4,274,27,Missed,1,0.0,0.0,0,h,MISS Curry 27' 3PT Jump Shot,Missed Shot,Jump Shot,1,17,21400741,123,18.0,made_fg(24),3,-2,likely_open,"subType: open-like, distance: deep above-break 3 (>=27ft)"
56,PT05M58.00S,1,1610612744,GSW,201939,Curry,S. Curry,7,33,3,Missed,1,0.0,0.0,0,h,MISS Curry 3' Jump Shot,Missed Shot,Jump Shot,1,53,21400741,362,11.0,made_fg(24),2,0,likely_open,"subType: open-like, distance: at-rim/very close"
65,PT05M25.00S,1,1610612744,GSW,201939,Curry,S. Curry,72,254,26,Missed,1,0.0,0.0,0,h,MISS Curry 26' 3PT Jump Shot,Missed Shot,Jump Shot,1,63,21400741,395,10.0,made_fg(24),3,-1,likely_open,subType: open-like
71,PT04M40.00S,1,1610612744,GSW,201939,Curry,S. Curry,-116,236,26,Made,1,10.0,26.0,36,h,Curry 26' 3PT Jump Shot (3 PTS),Made Shot,Jump Shot,1,69,21400741,440,16.0,made_fg(24),3,-1,likely_open,subType: open-like
78,PT04M11.00S,1,1610612744,GSW,201939,Curry,S. Curry,114,138,18,Made,1,12.0,28.0,40,h,Curry 18' Jump Shot (5 PTS),Made Shot,Jump Shot,1,75,21400741,469,13.0,made_fg(24),2,-1,likely_open,subType: open-like
80,PT03M26.00S,1,1610612744,GSW,201939,Curry,S. Curry,-112,192,22,Missed,1,0.0,0.0,0,h,MISS Curry 22' Jump Shot,Missed Shot,Jump Shot,1,77,21400741,514,,stale_reset(24),2,-1,likely_open,subType: open-like
82,PT03M21.00S,1,1610612744,GSW,201939,Curry,S. Curry,-198,164,26,Made,1,15.0,30.0,45,h,Curry 26' 3PT Jump Shot (8 PTS) (Iguodala 1 AST),Made Shot,Jump Shot,1,79,21400741,519,10.0,off_reb(14),3,-1,likely_open,subType: open-like
86,PT02M38.00S,1,1610612744,GSW,201939,Curry,S. Curry,151,209,26,Made,1,18.0,32.0,50,h,Curry 26' 3PT Step Back Jump Shot (11 PTS) (Lee 1 AST),Made Shot,Step Back Jump shot,1,82,21400741,562,4.0,made_fg(24),3,4,likely_contested,"subType: contested-like, text: pressure-move, clock: late (<=5s)"
188,PT04M44.00S,2,1610612744,GSW,201939,Curry,S. Curry,-160,45,17,Made,1,44.0,49.0,93,h,Curry 17' Fadeaway Jumper (13 PTS),Made Shot,Fadeaway Jump Shot,1,179,21400741,1156,17.0,def_reb(24),2,3,likely_contested,"subType: contested-like, text: pressure-move"
218,PT02M17.00S,2,1610612744,GSW,201939,Curry,S. Curry,-93,238,26,Missed,1,0.0,0.0,0,h,MISS Curry 26' 3PT Jump Shot,Missed Shot,Jump Shot,1,204,21400741,1303,17.0,def_reb(24),3,-1,likely_open,subType: open-like
230,PT00M12.40S,2,1610612744,GSW,201939,Curry,S. Curry,0,17,2,Made,1,58.0,62.0,120,h,Curry 2' Driving Finger Roll Layup (15 PTS),Made Shot,Driving Finger Roll Layup Shot,1,216,21400741,1428,6.0,def_reb(24),2,1,borderline,distance: at-rim/very close
237,PT11M32.00S,3,1610612744,GSW,201939,Curry,S. Curry,10,19,2,Made,1,60.0,64.0,124,h,Curry 2' Running Finger Roll Layup (17 PTS),Made Shot,Running Finger Roll Layup Shot,1,222,21400741,1468,10.0,made_fg(24),2,1,borderline,distance: at-rim/very close
249,PT10M05.00S,3,1610612744,GSW,201939,Curry,S. Curry,97,246,26,Made,1,66.0,68.0,134,h,Curry 26' 3PT Jump Shot (20 PTS) (Green 3 AST),Made Shot,Jump Shot,1,232,21400741,1555,16.0,final_ft(24),3,-1,likely_open,subType: open-like
267,PT08M25.00S,3,1610612744,GSW,201939,Curry,S. Curry,-81,249,26,Made,1,76.0,70.0,146,h,Curry 26' 3PT Jump Shot (23 PTS) (Barnes 2 AST),Made Shot,Jump Shot,1,249,21400741,1655,11.0,off_reb(14),3,-1,likely_open,subType: open-like
273,PT07M40.00S,3,1610612744,GSW,201939,Curry,S. Curry,-92,236,25,Made,1,79.0,73.0,152,h,Curry 25' 3PT Jump Shot (26 PTS),Made Shot,Jump Shot,1,255,21400741,1700,13.0,made_fg(24),3,-1,likely_open,subType: open-like
297,PT06M09.00S,3,1610612744,GSW,201939,Curry,S. Curry,146,227,27,Made,1,84.0,80.0,164,h,Curry 27' 3PT Jump Shot (29 PTS) (Barnes 3 AST),Made Shot,Jump Shot,1,274,21400741,1791,7.0,def_foul_14(14),3,-2,likely_open,"subType: open-like, distance: deep above-break 3 (>=27ft)"
300,PT05M48.00S,3,1610612744,GSW,201939,Curry,S. Curry,144,236,28,Missed,1,0.0,0.0,0,h,MISS Curry 28' 3PT Jump Shot,Missed Shot,Jump Shot,1,277,21400741,1812,17.0,def_reb(24),3,-2,likely_open,"subType: open-like, distance: deep above-break 3 (>=27ft)"
315,PT04M31.00S,3,1610612744,GSW,201939,Curry,S. Curry,-15,26,3,Missed,1,0.0,0.0,0,h,MISS Curry 3' Jump Shot,Missed Shot,Jump Shot,1,292,21400741,1889,20.0,def_reb(24),2,0,likely_open,"subType: open-like, distance: at-rim/very close"
326,PT03M40.00S,3,1610612744,GSW,201939,Curry,S. Curry,-32,261,26,Made,1,91.0,88.0,179,h,Curry 26' 3PT Jump Shot (32 PTS) (Thompson 5 AST),Made Shot,Jump Shot,1,301,21400741,1940,2.0,made_fg(24),3,0,likely_open,"subType: open-like, clock: late (<=5s)"
347,PT02M25.00S,3,1610612744,GSW,201939,Curry,S. Curry,65,104,12,Missed,1,0.0,0.0,0,h,MISS Curry 12' Floating Jump Shot,Missed Shot,Floating Jump shot,1,319,21400741,2015,16.0,def_reb(24),2,3,likely_contested,"subType: contested-like, distance: mid-range"
383,PT01M01.00S,3,1610612744,GSW,201939,Curry,S. Curry,124,252,28,Made,1,99.0,93.0,192,h,Curry 28' 3PT Jump Shot (39 PTS) (Green 5 AST),Made Shot,Jump Shot,1,347,21400741,2099,9.0,final_ft(24),3,-2,likely_open,"subType: open-like, distance: deep above-break 3 (>=27ft)"
388,PT00M27.70S,3,1610612744,GSW,201939,Curry,S. Curry,-98,189,21,Made,1,101.0,95.0,196,h,Curry 21' Step Back Jump Shot (41 PTS),Made Shot,Step Back Jump shot,1,353,21400741,2133,11.0,def_reb(24),2,3,likely_contested,"subType: contested-like, text: pressure-move"
460,PT06M41.00S,4,1610612744,GSW,201939,Curry,S. Curry,99,249,27,Missed,1,0.0,0.0,0,h,MISS Curry 27' 3PT Step Back Jump Shot,Missed Shot,Step Back Jump shot,1,418,21400741,2479,9.0,def_reb(24),3,2,likely_contested,"subType: contested-like, text: pressure-move, distance: deep above-break 3 (>=27ft)"
499,PT03M13.00S,4,1610612744,GSW,201939,Curry,S. Curry,105,60,12,Made,1,118.0,111.0,229,h,Curry 12' Floating Jump Shot (43 PTS),Made Shot,Floating Jump shot,1,456,21400741,2687,8.0,made_fg(24),2,3,likely_contested,"subType: contested-like, distance: mid-range"
506,PT02M16.00S,4,1610612744,GSW,201939,Curry,S. Curry,152,242,29,Missed,1,0.0,0.0,0,h,MISS Curry 29' 3PT Jump Shot,Missed Shot,Jump Shot,1,463,21400741,2744,14.0,def_reb(24),3,-2,likely_open,"subType: open-like, distance: deep above-break 3 (>=27ft)"
541,PT00M53.10S,4,1610612744,GSW,201939,Curry,S. Curry,-71,269,28,Made,1,128.0,114.0,242,h,Curry 28' 3PT Jump Shot (51 PTS),Made Shot,Jump Shot,1,492,21400741,2827,13.0,final_ft(24),3,-2,likely_open,"subType: open-like, distance: deep above-break 3 (>=27ft)"
25,PT08M41.00S,1,1610612744,GSW,201939,Curry,S. Curry,-202,149,25,Missed,1,0.0,0.0,0,v,MISS Curry 25' 3PT Jump Shot,Missed Shot,Jump Shot,1,28,21400749,199,10.0,def_foul_14(14),3,-1,likely_open,subType: open-like
29,PT08M07.00S,1,1610612744,GSW,201939,Curry,S. Curry,233,56,24,Missed,1,0.0,0.0,0,v,MISS Curry 24' 3PT Jump Shot,Missed Shot,Jump Shot,1,32,21400749,233,7.0,def_reb(24),3,-1,likely_open,subType: open-like
43,PT06M18.00S,1,1610612744,GSW,201939,Curry,S. Curry,144,201,25,Missed,1,0.0,0.0,0,v,MISS Curry 25' 3PT Jump Shot,Missed Shot,Jump Shot,1,45,21400749,342,12.0,off_reb(14),3,-1,likely_open,subType: open-like
60,PT04M57.00S,1,1610612744,GSW,201939,Curry,S. Curry,45,208,21,Missed,1,0.0,0.0,0,v,MISS Curry 21' Pullup Jump Shot,Missed Shot,Pullup Jump shot,1,62,21400749,423,10.0,keep_clock(15),2,3,likely_contested,"subType: contested-like, text: pressure-move"
69,PT03M55.00S,1,1610612744,GSW,201939,Curry,S. Curry,211,172,27,Made,1,11.0,16.0,27,v,Curry 27' 3PT Jump Shot (3 PTS) (Barnes 2 AST),Made Shot,Jump Shot,1,71,21400749,485,16.0,def_reb(24),3,-2,likely_open,"subType: open-like, distance: deep above-break 3 (>=27ft)"
93,PT01M51.00S,1,1610612744,GSW,201939,Curry,S. Curry,177,208,27,Missed,1,0.0,0.0,0,v,MISS Curry 27' 3PT Jump Shot,Missed Shot,Jump Shot,1,96,21400749,609,9.0,off_foul(24),3,-2,likely_open,"subType: open-like, distance: deep above-break 3 (>=27ft)"
205,PT05M07.00S,2,1610612744,GSW,201939,Curry,S. Curry,4,14,1,Made,1,36.0,40.0,76,v,Curry 1' Driving Layup (5 PTS),Made Shot,Driving Layup Shot,1,196,21400749,1133,11.0,def_reb(24),2,3,likely_contested,"subType: contested-like, distance: at-rim/very close"
235,PT01M50.00S,2,1610612744,GSW,201939,Curry,S. Curry,-8,11,1,Missed,1,0.0,0.0,0,v,MISS Curry 1' Running Layup,Missed Shot,Running Layup Shot,1,224,21400749,1330,20.0,def_reb(24),2,3,likely_contested,"subType: contested-like, distance: at-rim/very close"
251,PT00M47.50S,2,1610612744,GSW,201939,Curry,S. Curry,-10,1,1,Made,1,47.0,50.0,97,v,Curry 1' Driving Layup (7 PTS),Made Shot,Driving Layup Shot,1,237,21400749,1393,8.0,keep_clock(24),2,3,likely_contested,"subType: contested-like, distance: at-rim/very close"
291,PT10M02.00S,3,1610612744,GSW,201939,Curry,S. Curry,-21,12,2,Missed,1,0.0,0.0,0,v,MISS Curry 2' Driving Layup,Missed Shot,Driving Layup Shot,1,268,21400749,1558,14.0,made_fg(24),2,3,likely_contested,"subType: contested-like, distance: at-rim/very close"
338,PT06M29.00S,3,1610612744,GSW,201939,Curry,S. Curry,-19,246,25,Made,1,70.0,66.0,136,v,Curry 25' 3PT Jump Shot (13 PTS) (Green 5 AST),Made Shot,Jump Shot,1,309,21400749,1771,6.0,turnover(24),3,-1,likely_open,subType: open-like
346,PT06M04.00S,3,1610612744,GSW,201939,Curry,S. Curry,62,19,6,Missed,1,0.0,0.0,0,v,MISS Curry 6' Floating Jump Shot,Missed Shot,Floating Jump shot,1,314,21400749,1796,16.0,final_ft(24),2,2,likely_contested,subType: contested-like
370,PT04M23.00S,3,1610612744,GSW,201939,Curry,S. Curry,20,266,27,Made,1,74.0,74.0,148,v,Curry 27' 3PT Pullup Bank Shot (16 PTS),Made Shot,Pullup Bank shot,1,333,21400749,1897,13.0,final_ft(24),3,0,likely_open,"text: pressure-move, distance: deep above-break 3 (>=27ft)"
373,PT03M46.00S,3,1610612744,GSW,201939,Curry,S. Curry,121,236,27,Made,1,77.0,77.0,154,v,Curry 27' 3PT Pullup Jump Shot (19 PTS),Made Shot,Pullup Jump shot,1,335,21400749,1934,12.0,made_fg(24),3,2,likely_contested,"subType: contested-like, text: pressure-move, distance: deep above-break 3 (>=27ft)"
386,PT02M44.00S,3,1610612744,GSW,201939,Curry,S. Curry,-8,9,1,Missed,1,0.0,0.0,0,v,MISS Curry 1' Driving Layup,Missed Shot,Driving Layup Shot,0,344,21400749,1996,9.0,made_fg(24),2,3,likely_contested,"subType: contested-like, distance: at-rim/very close"
485,PT06M33.00S,4,1610612744,GSW,201939,Curry,S. Curry,-29,247,25,Missed,1,0.0,0.0,0,v,MISS Curry 25' 3PT Jump Shot,Missed Shot,Jump Shot,1,428,21400749,2487,10.0,keep_clock(24),3,-1,likely_open,subType: open-like
504,PT05M33.00S,4,1610612744,GSW,201939,Curry,S. Curry,-111,190,22,Missed,1,0.0,0.0,0,v,MISS Curry 22' Pullup Jump Shot,Missed Shot,Pullup Jump shot,1,442,21400749,2547,9.0,def_reb(24),2,3,likely_contested,"subType: contested-like, text: pressure-move"
514,PT04M35.00S,4,1610612744,GSW,201939,Curry,S. Curry,13,1,1,Made,1,106.0,101.0,207,v,Curry 1' Driving Layup (24 PTS),Made Shot,Driving Layup Shot,1,452,21400749,2605,10.0,made_fg(24),2,3,likely_contested,"subType: contested-like, distance: at-rim/very close"
564,PT00M50.00S,4,1610612744,GSW,201939,Curry,S. Curry,-18,4,2,Made,1,118.0,112.0,230,v,Curry 2' Running Reverse Layup (26 PTS),Made Shot,Running Reverse Layup Shot,1,494,21400749,2830,20.0,turnover(24),2,1,borderline,distance: at-rim/very close
22,PT08M56.00S,1,1610612744,GSW,201939,Curry,S. Curry,-127,236,27,Made,1,10.0,8.0,18,v,Curry 27' 3PT Jump Shot (3 PTS),Made Shot,Jump Shot,1,22,21400760,184,14.0,made_fg(24),3,-2,likely_open,"subType: open-like, distance: deep above-break 3 (>=27ft)"
27,PT08M18.00S,1,1610612744,GSW,201939,Curry,S. Curry,-243,0,24,Missed,1,0.0,0.0,0,v,MISS Curry 24' 3PT Jump Shot,Missed Shot,Jump Shot,1,27,21400760,222,10.0,off_reb(14),3,-2,likely_open,"subType: open-like, coords: corner-3, corner: catch/spot"
31,PT08M04.00S,1,1610612744,GSW,201939,Curry,S. Curry,-95,53,11,Missed,1,0.0,0.0,0,v,MISS Curry 11' Jump Bank Shot,Missed Shot,Jump Bank Shot,1,31,21400760,236,18.0,def_reb(24),2,3,likely_contested,"subType: contested-like, distance: mid-range"
59,PT05M41.00S,1,1610612744,GSW,201939,Curry,S. Curry,-185,127,22,Missed,1,0.0,0.0,0,v,MISS Curry 22' Jump Shot,Missed Shot,Jump Shot,1,56,21400760,379,16.0,def_reb(24),2,-1,likely_open,subType: open-like
244,PT01M42.00S,2,1610612744,GSW,201939,Curry,S. Curry,-4,7,1,Missed,1,0.0,0.0,0,v,MISS Curry 1' Driving Layup,Missed Shot,Driving Layup Shot,1,220,21400760,1338,10.0,made_fg(24),2,3,likely_contested,"subType: contested-like, distance: at-rim/very close"
264,PT00M43.50S,2,1610612744,GSW,201939,Curry,S. Curry,12,4,1,Made,1,45.0,61.0,106,v,Curry 1' Driving Finger Roll Layup (5 PTS),Made Shot,Driving Finger Roll Layup Shot,1,237,21400760,1397,18.0,turnover(24),2,1,borderline,distance: at-rim/very close
266,PT00M05.10S,2,1610612744,GSW,201939,Curry,S. Curry,-52,255,26,Made,1,48.0,64.0,112,v,Curry 26' 3PT Jump Shot (8 PTS),Made Shot,Jump Shot,1,239,21400760,1435,7.0,made_fg(24),3,-1,likely_open,subType: open-like
269,PT00M00.60S,2,1610612744,GSW,201939,Curry,S. Curry,-82,496,50,Missed,1,0.0,0.0,0,v,MISS Curry 50' 3PT Running Jump Shot,Missed Shot,Running Jump Shot,1,242,21400760,1440,23.0,def_reb(24),3,-2,likely_open,"subType: open-like, distance: deep above-break 3 (>=27ft)"
285,PT09M47.00S,3,1610612744,GSW,201939,Curry,S. Curry,-73,246,26,Missed,1,0.0,0.0,0,v,MISS Curry 26' 3PT Pullup Jump Shot,Missed Shot,Pullup Jump shot,1,257,21400760,1573,17.0,def_reb(24),3,3,likely_contested,"subType: contested-like, text: pressure-move"
289,PT09M26.00S,3,1610612744,GSW,201939,Curry,S. Curry,7,7,1,Made,1,52.0,72.0,124,v,Curry 1' Driving Layup (10 PTS) (Barnes 3 AST),Made Shot,Driving Layup Shot,1,261,21400760,1594,20.0,def_reb(24),2,3,likely_contested,"subType: contested-like, distance: at-rim/very close"
303,PT08M26.00S,3,1610612744,GSW,201939,Curry,S. Curry,17,260,26,Made,1,54.0,77.0,131,v,Curry 26' 3PT Jump Bank Shot (13 PTS) (Barnes 4 AST),Made Shot,Jump Bank Shot,1,270,21400760,1654,10.0,final_ft(24),3,2,likely_contested,subType: contested-like
314,PT07M13.00S,3,1610612744,GSW,201939,Curry,S. Curry,-5,-2,1,Missed,1,0.0,0.0,0,v,MISS Curry 1' Driving Layup,Missed Shot,Driving Layup Shot,1,278,21400760,1727,1.0,made_fg(24),2,4,likely_contested,"subType: contested-like, distance: at-rim/very close, clock: late (<=5s)"
450,PT07M00.00S,4,1610612744,GSW,201939,Curry,S. Curry,32,105,11,Missed,1,0.0,0.0,0,v,MISS Curry 11' Jump Shot,Missed Shot,Jump Shot,1,398,21400760,2460,15.0,def_reb(24),2,0,likely_open,"subType: open-like, distance: mid-range"
458,PT05M35.00S,4,1610612744,GSW,201939,Curry,S. Curry,-199,-3,20,Missed,1,0.0,0.0,0,v,MISS Curry 20' Jump Shot,Missed Shot,Jump Shot,1,406,21400760,2545,6.0,made_fg(24),2,-1,likely_open,subType: open-like
497,PT02M52.00S,4,1610612744,GSW,201939,Curry,S. Curry,-199,145,25,Made,1,90.0,101.0,191,v,Curry 25' 3PT Jump Shot (17 PTS),Made Shot,Jump Shot,1,441,21400760,2708,12.0,def_reb(24),3,-1,likely_open,subType: open-like
504,PT02M14.00S,4,1610612744,GSW,201939,Curry,S. Curry,-100,233,25,Made,1,92.0,104.0,196,v,Curry 25' 3PT Jump Shot (20 PTS) (Iguodala 2 AST),Made Shot,Jump Shot,1,445,21400760,2746,4.0,keep_clock(15),3,0,likely_open,"subType: open-like, clock: late (<=5s)"
513,PT01M21.00S,4,1610612744,GSW,201939,Curry,S. Curry,147,213,26,Missed,1,0.0,0.0,0,v,MISS Curry 26' 3PT Jump Shot,Missed Shot,Jump Shot,1,454,21400760,2799,10.0,def_reb(24),3,-1,likely_open,subType: open-like
518,PT00M30.80S,4,1610612744,GSW,201939,Curry,S. Curry,17,9,2,Made,1,92.0,106.0,198,v,Curry 2' Driving Layup (22 PTS),Made Shot,Driving Layup Shot,1,460,21400760,2850,,stale_reset(14),2,3,likely_contested,"subType: contested-like, distance: at-rim/very close"
2,PT11M41.00S,1,1610612744,GSW,201939,Curry,S. Curry,-163,116,20,Missed,1,0.0,0.0,0,v,MISS Curry 20' Jump Shot,Missed Shot,Jump Shot,1,3,21400775,19,5.0,period_start(24),2,0,likely_open,"subType: open-like, clock: late (<=5s)"
14,PT09M51.00S,1,1610612744,GSW,201939,Curry,S. Curry,-15,-3,2,Made,1,4.0,4.0,8,v,Curry 2' Driving Finger Roll Layup (2 PTS),Made Shot,Driving Finger Roll Layup Shot,1,16,21400775,129,16.0,def_reb(24),2,1,borderline,distance: at-rim/very close
17,PT09M33.00S,1,1610612744,GSW,201939,Curry,S. Curry,4,250,25,Missed,1,0.0,0.0,0,v,MISS Curry 25' 3PT Jump Shot,Missed Shot,Jump Shot,1,19,21400775,147,16.0,def_reb(24),3,-1,likely_open,subType: open-like
37,PT06M22.00S,1,1610612744,GSW,201939,Curry,S. Curry,-130,97,16,Missed,1,0.0,0.0,0,v,MISS Curry 16' Jump Shot,Missed Shot,Jump Shot,1,40,21400775,338,18.0,made_fg(24),2,0,likely_open,"subType: open-like, distance: mid-range"
40,PT06M12.00S,1,1610612744,GSW,201939,Curry,S. Curry,-29,0,3,Made,1,14.0,11.0,25,v,Curry 3' Layup (4 PTS),Made Shot,Layup Shot,1,44,21400775,348,21.0,turnover(24),2,1,borderline,distance: at-rim/very close
81,PT03M09.00S,1,1610612744,GSW,201939,Curry,S. Curry,124,236,27,Missed,1,0.0,0.0,0,v,MISS Curry 27' 3PT Jump Shot,Missed Shot,Jump Shot,1,81,21400775,531,17.0,def_reb(24),3,-2,likely_open,"subType: open-like, distance: deep above-break 3 (>=27ft)"
205,PT03M46.00S,2,1610612744,GSW,201939,Curry,S. Curry,18,252,25,Missed,1,0.0,0.0,0,v,MISS Curry 25' 3PT Jump Shot,Missed Shot,Jump Shot,1,204,21400775,1214,11.0,off_reb(14),3,-1,likely_open,subType: open-like
227,PT02M01.00S,2,1610612744,GSW,201939,Curry,S. Curry,146,208,25,Missed,1,0.0,0.0,0,v,MISS Curry 25' 3PT Jump Shot,Missed Shot,Jump Shot,1,221,21400775,1319,7.0,turnover(24),3,-1,likely_open,subType: open-like
239,PT00M49.90S,2,1610612744,GSW,201939,Curry,S. Curry,15,249,25,Made,1,41.0,44.0,85,v,Curry 25' 3PT Jump Shot (7 PTS) (Green 2 AST),Made Shot,Jump Shot,1,234,21400775,1391,11.0,off_reb(14),3,-1,likely_open,subType: open-like
273,PT10M51.00S,3,1610612744,GSW,201939,Curry,S. Curry,168,187,25,Missed,1,0.0,0.0,0,v,MISS Curry 25' 3PT Jump Shot,Missed Shot,Jump Shot,1,261,21400775,1509,5.0,made_fg(24),3,0,likely_open,"subType: open-like, clock: late (<=5s)"
292,PT08M55.00S,3,1610612744,GSW,201939,Curry,S. Curry,-228,1,0,Made,1,46.0,51.0,97,v,Curry  3PT Jump Shot (10 PTS) (Thompson 3 AST),Made Shot,Jump Shot,1,279,21400775,1625,10.0,turnover(24),3,-1,likely_open,"subType: open-like, distance: at-rim/very close, coords: corner-3, corner: catch/spot"
301,PT07M57.00S,3,1610612744,GSW,201939,Curry,S. Curry,-70,246,26,Missed,1,0.0,0.0,0,v,MISS Curry 26' 3PT Jump Shot,Missed Shot,Jump Shot,1,287,21400775,1683,15.0,def_reb(24),3,-1,likely_open,subType: open-like
330,PT05M42.00S,3,1610612744,GSW,201939,Curry,S. Curry,-4,250,25,Made,1,53.0,60.0,113,v,Curry 25' 3PT Jump Shot (13 PTS) (Iguodala 1 AST),Made Shot,Jump Shot,1,314,21400775,1818,8.0,def_reb(24),3,-1,likely_open,subType: open-like
334,PT05M04.00S,3,1610612744,GSW,201939,Curry,S. Curry,-149,119,19,Missed,1,0.0,0.0,0,v,MISS Curry 19' Jump Shot,Missed Shot,Jump Shot,1,318,21400775,1856,12.0,def_reb(24),2,-1,likely_open,subType: open-like
342,PT04M10.00S,3,1610612744,GSW,201939,Curry,S. Curry,-5,-2,1,Made,1,53.0,62.0,115,v,Curry 1' Reverse Layup (15 PTS) (Bogut 2 AST),Made Shot,Reverse Layup Shot,1,328,21400775,1910,11.0,off_foul(24),2,3,likely_contested,"subType: contested-like, distance: at-rim/very close"
361,PT02M00.00S,3,1610612744,GSW,201939,Curry,S. Curry,116,242,27,Missed,1,0.0,0.0,0,v,MISS Curry 27' 3PT Jump Shot,Missed Shot,Jump Shot,1,346,21400775,2040,10.0,turnover(24),3,-2,likely_open,"subType: open-like, distance: deep above-break 3 (>=27ft)"
380,PT00M00.90S,3,1610612744,GSW,201939,Curry,S. Curry,176,175,25,Missed,1,0.0,0.0,0,v,MISS Curry 25' 3PT Jump Shot,Missed Shot,Jump Shot,1,361,21400775,2160,16.0,def_reb(24),3,-1,likely_open,subType: open-like
469,PT03M29.00S,4,1610612744,GSW,201939,Curry,S. Curry,-210,145,26,Missed,1,0.0,0.0,0,v,MISS Curry 26' 3PT Jump Shot,Missed Shot,Jump Shot,1,441,21400775,2671,4.0,def_reb(24),3,0,likely_open,"subType: open-like, clock: late (<=5s)"
479,PT02M29.00S,4,1610612744,GSW,201939,Curry,S. Curry,13,-6,1,Made,1,75.0,85.0,160,v,Curry 1' Driving Layup (17 PTS),Made Shot,Driving Layup Shot,1,452,21400775,2731,17.0,def_reb(24),2,3,likely_contested,"subType: contested-like, distance: at-rim/very close"
495,PT00M47.90S,4,1610612744,GSW,201939,Curry,S. Curry,-128,140,19,Missed,1,0.0,0.0,0,v,MISS Curry 19' Jump Shot,Missed Shot,Jump Shot,1,466,21400775,2833,4.0,made_fg(24),2,0,likely_open,"subType: open-like, clock: late (<=5s)"
11,PT10M18.00S,1,1610612744,GSW,201939,Curry,S. Curry,37,242,24,Missed,1,0.0,0.0,0,v,MISS Curry 24' 3PT Jump Shot,Missed Shot,Jump Shot,1,13,21400793,102,14.0,made_fg(24),3,-1,likely_open,subType: open-like
24,PT08M51.00S,1,1610612744,GSW,201939,Curry,S. Curry,-41,56,7,Made,1,9.0,8.0,17,v,Curry 7' Running Jump Shot (2 PTS),Made Shot,Running Jump Shot,1,26,21400793,189,11.0,made_fg(24),2,-1,likely_open,subType: open-like
36,PT07M57.00S,1,1610612744,GSW,201939,Curry,S. Curry,-62,138,15,Made,1,9.0,11.0,20,v,Curry 15' Jump Shot (5 PTS),Made Shot,Jump Shot,1,37,21400793,243,19.0,def_reb(24),2,0,likely_open,"subType: open-like, distance: mid-range"
55,PT05M32.00S,1,1610612744,GSW,201939,Curry,S. Curry,124,216,25,Missed,1,0.0,0.0,0,v,MISS Curry 25' 3PT Jump Shot,Missed Shot,Jump Shot,1,56,21400793,388,19.0,turnover(24),3,-1,likely_open,subType: open-like
78,PT03M16.00S,1,1610612744,GSW,201939,Curry,S. Curry,102,34,11,Made,1,18.0,20.0,38,v,Curry 11' Fadeaway Jumper (7 PTS),Made Shot,Fadeaway Jump Shot,1,77,21400793,524,11.0,off_reb(14),2,4,likely_contested,"subType: contested-like, text: pressure-move, distance: mid-range"
88,PT02M21.00S,1,1610612744,GSW,201939,Curry,S. Curry,-16,249,25,Missed,1,0.0,0.0,0,v,MISS Curry 25' 3PT Jump Shot,Missed Shot,Jump Shot,1,86,21400793,579,12.0,made_fg(24),3,-1,likely_open,subType: open-like
96,PT01M43.00S,1,1610612744,GSW,201939,Curry,S. Curry,223,31,0,Missed,1,0.0,0.0,0,v,MISS Curry  3PT Jump Shot,Missed Shot,Jump Shot,1,95,21400793,617,11.0,off_reb(14),3,-1,likely_open,"subType: open-like, distance: at-rim/very close, coords: corner-3, corner: catch/spot"
99,PT01M18.00S,1,1610612744,GSW,201939,Curry,S. Curry,-119,131,18,Made,1,25.0,24.0,49,v,Curry 18' Jump Shot (11 PTS),Made Shot,Jump Shot,1,98,21400793,642,14.0,made_fg(24),2,-1,likely_open,subType: open-like
221,PT02M19.00S,2,1610612744,GSW,201939,Curry,S. Curry,-229,26,0,Made,1,41.0,51.0,92,v,Curry  3PT Jump Shot (14 PTS) (Green 2 AST),Made Shot,Jump Shot,1,211,21400793,1301,17.0,turnover(24),3,-1,likely_open,"subType: open-like, distance: at-rim/very close, coords: corner-3, corner: catch/spot"
228,PT01M14.00S,2,1610612744,GSW,201939,Curry,S. Curry,-136,138,19,Missed,1,0.0,0.0,0,v,MISS Curry 19' Step Back Jump Shot,Missed Shot,Step Back Jump shot,1,217,21400793,1366,10.0,made_fg(24),2,3,likely_contested,"subType: contested-like, text: pressure-move"
233,PT00M35.90S,2,1610612744,GSW,201939,Curry,S. Curry,31,134,14,Missed,1,0.0,0.0,0,v,MISS Curry 14' Floating Jump Shot,Missed Shot,Floating Jump shot,1,222,21400793,1405,16.0,def_reb(24),2,3,likely_contested,"subType: contested-like, distance: mid-range"
276,PT08M53.00S,3,1610612744,GSW,201939,Curry,S. Curry,-157,31,16,Missed,1,0.0,0.0,0,v,MISS Curry 16' Jump Shot,Missed Shot,Jump Shot,1,264,21400793,1627,11.0,def_reb(24),2,0,likely_open,"subType: open-like, distance: mid-range"
279,PT08M33.00S,3,1610612744,GSW,201939,Curry,S. Curry,159,112,19,Made,1,54.0,61.0,115,v,Curry 19' Pullup Jump Shot (16 PTS),Made Shot,Pullup Jump shot,1,267,21400793,1647,11.0,made_fg(24),2,3,likely_contested,"subType: contested-like, text: pressure-move"
298,PT06M56.00S,3,1610612744,GSW,201939,Curry,S. Curry,-27,272,27,Missed,1,0.0,0.0,0,v,MISS Curry 27' 3PT Jump Shot,Missed Shot,Jump Shot,1,282,21400793,1744,,stale_reset(24),3,-2,likely_open,"subType: open-like, distance: deep above-break 3 (>=27ft)"
301,PT06M47.00S,3,1610612744,GSW,201939,Curry,S. Curry,84,233,25,Missed,1,0.0,0.0,0,v,MISS Curry 25' 3PT Jump Shot,Missed Shot,Jump Shot,1,284,21400793,1753,6.0,off_reb(14),3,-1,likely_open,subType: open-like
321,PT05M34.00S,3,1610612744,GSW,201939,Curry,S. Curry,15,239,24,Made,1,59.0,65.0,124,v,Curry 24' 3PT Jump Shot (19 PTS) (Bogut 3 AST),Made Shot,Jump Shot,1,300,21400793,1826,8.0,final_ft(24),3,-1,likely_open,subType: open-like
331,PT04M12.00S,3,1610612744,GSW,201939,Curry,S. Curry,6,4,1,Made,1,59.0,71.0,130,v,Curry 1' Layup (21 PTS),Made Shot,Layup Shot,1,311,21400793,1908,20.0,turnover(24),2,1,borderline,distance: at-rim/very close
359,PT01M45.00S,3,1610612744,GSW,201939,Curry,S. Curry,-34,257,26,Missed,1,0.0,0.0,0,v,MISS Curry 26' 3PT Jump Shot,Missed Shot,Jump Shot,1,334,21400793,2055,10.0,made_fg(24),3,-1,likely_open,subType: open-like
368,PT00M53.90S,3,1610612744,GSW,201939,Curry,S. Curry,0,19,2,Missed,1,0.0,0.0,0,v,MISS Curry 2' Driving Layup,Missed Shot,Driving Layup Shot,1,344,21400793,2107,12.0,def_reb(24),2,3,likely_contested,"subType: contested-like, distance: at-rim/very close"
456,PT04M21.00S,4,1610612744,GSW,201939,Curry,S. Curry,119,146,19,Missed,1,0.0,0.0,0,v,MISS Curry 19' Jump Shot,Missed Shot,Jump Shot,1,423,21400793,2619,12.0,made_fg(24),2,-1,likely_open,subType: open-like
462,PT03M58.00S,4,1610612744,GSW,201939,Curry,S. Curry,237,19,24,Missed,1,0.0,0.0,0,v,MISS Curry 24' 3PT Step Back Jump Shot,Missed Shot,Step Back Jump shot,1,428,21400793,2642,7.0,made_fg(24),3,3,likely_contested,"subType: contested-like, text: pressure-move, coords: corner-3"
481,PT01M54.00S,4,1610612744,GSW,201939,Curry,S. Curry,116,34,12,Made,1,87.0,89.0,176,v,Curry 12' Floating Jump Shot (23 PTS) (Green 4 AST),Made Shot,Floating Jump shot,1,446,21400793,2766,6.0,final_ft(24),2,3,likely_contested,"subType: contested-like, distance: mid-range"
495,PT00M17.90S,4,1610612744,GSW,201939,Curry,S. Curry,102,189,21,Missed,1,0.0,0.0,0,v,MISS Curry 21' Jump Shot,Missed Shot,Jump Shot,1,458,21400793,2863,6.0,def_reb(24),2,-1,likely_open,subType: open-like
22,PT09M13.00S,1,1610612744,GSW,201939,Curry,S. Curry,-207,143,25,Missed,1,0.0,0.0,0,h,MISS Curry 25' 3PT Jump Shot,Missed Shot,Jump Shot,1,28,21400814,167,16.0,turnover(24),3,-1,likely_open,subType: open-like
26,PT08M36.00S,1,1610612744,GSW,201939,Curry,S. Curry,18,101,10,Made,1,10.0,4.0,14,h,Curry 10' Floating Jump Shot (2 PTS),Made Shot,Floating Jump shot,1,32,21400814,204,4.0,made_fg(24),2,4,likely_contested,"subType: contested-like, distance: mid-range, clock: late (<=5s)"
49,PT06M28.00S,1,1610612744,GSW,201939,Curry,S. Curry,-114,153,19,Missed,1,0.0,0.0,0,h,MISS Curry 19' Pullup Jump Shot,Missed Shot,Pullup Jump shot,1,54,21400814,332,13.0,final_ft(24),2,3,likely_contested,"subType: contested-like, text: pressure-move"
56,PT05M33.00S,1,1610612744,GSW,201939,Curry,S. Curry,6,25,3,Missed,1,0.0,0.0,0,h,MISS Curry 3' Layup,Missed Shot,Layup Shot,1,60,21400814,387,15.0,made_fg(24),2,1,borderline,distance: at-rim/very close
106,PT01M02.00S,1,1610612744,GSW,201939,Curry,S. Curry,-16,257,26,Made,1,25.0,23.0,48,h,Curry 26' 3PT Pullup Jump Shot (5 PTS),Made Shot,Pullup Jump shot,1,105,21400814,658,19.0,def_reb(24),3,3,likely_contested,"subType: contested-like, text: pressure-move"
108,PT00M42.90S,1,1610612744,GSW,201939,Curry,S. Curry,-147,213,26,Missed,1,0.0,0.0,0,h,MISS Curry 26' 3PT Jump Shot,Missed Shot,Jump Shot,1,107,21400814,678,13.0,made_fg(24),3,-1,likely_open,subType: open-like
177,PT05M56.00S,2,1610612744,GSW,201939,Curry,S. Curry,-193,183,27,Made,1,41.0,40.0,81,h,Curry 27' 3PT Pullup Jump Shot (8 PTS) (Bogut 1 AST),Made Shot,Pullup Jump shot,1,169,21400814,1084,2.0,keep_clock(16),3,3,likely_contested,"subType: contested-like, text: pressure-move, distance: deep above-break 3 (>=27ft), clock: late (<=5s)"
201,PT03M12.00S,2,1610612744,GSW,201939,Curry,S. Curry,163,224,28,Made,1,50.0,48.0,98,h,Curry 28' 3PT Pullup Jump Shot (11 PTS),Made Shot,Pullup Jump shot,1,191,21400814,1248,16.0,def_reb(24),3,2,likely_contested,"subType: contested-like, text: pressure-move, distance: deep above-break 3 (>=27ft)"
225,PT00M40.70S,2,1610612744,GSW,201939,Curry,S. Curry,1,12,1,Made,1,60.0,53.0,113,h,Curry 1' Driving Layup (15 PTS),Made Shot,Driving Layup Shot,1,214,21400814,1400,19.0,turnover(24),2,3,likely_contested,"subType: contested-like, distance: at-rim/very close"
251,PT10M41.00S,3,1610612744,GSW,201939,Curry,S. Curry,26,36,4,Made,1,66.0,55.0,121,h,Curry 4' Driving Bank Shot (19 PTS),Made Shot,Driving Bank shot,1,236,21400814,1519,11.0,def_reb(24),2,1,borderline,distance: at-rim/very close
258,PT10M21.00S,3,1610612744,GSW,201939,Curry,S. Curry,-18,50,5,Made,1,69.0,55.0,124,h,Curry 5' Floating Jump Shot (22 PTS) (Bogut 2 AST),Made Shot,Floating Jump shot,1,244,21400814,1539,8.0,off_reb(14),2,3,likely_contested,"subType: contested-like, distance: at-rim/very close"
262,PT09M56.00S,3,1610612744,GSW,201939,Curry,S. Curry,-210,162,27,Missed,1,0.0,0.0,0,h,MISS Curry 27' 3PT Jump Shot,Missed Shot,Jump Shot,1,247,21400814,1564,19.0,def_reb(24),3,-2,likely_open,"subType: open-like, distance: deep above-break 3 (>=27ft)"
289,PT07M57.00S,3,1610612744,GSW,201939,Curry,S. Curry,-16,19,2,Missed,1,0.0,0.0,0,h,MISS Curry 2' Layup,Missed Shot,Layup Shot,1,272,21400814,1683,13.0,final_ft(24),2,1,borderline,distance: at-rim/very close
297,PT07M00.00S,3,1610612744,GSW,201939,Curry,S. Curry,207,61,22,Missed,1,0.0,0.0,0,h,MISS Curry 22' Step Back Jump Shot,Missed Shot,Step Back Jump shot,1,280,21400814,1740,9.0,def_reb(24),2,3,likely_contested,"subType: contested-like, text: pressure-move"
305,PT06M18.00S,3,1610612744,GSW,201939,Curry,S. Curry,-229,52,0,Missed,1,0.0,0.0,0,h,MISS Curry  3PT Pullup Jump Shot,Missed Shot,Pullup Jump shot,1,288,21400814,1782,4.0,keep_clock(23),3,5,likely_contested,"subType: contested-like, text: pressure-move, distance: at-rim/very close, clock: late (<=5s)"
349,PT02M33.00S,3,1610612744,GSW,201939,Curry,S. Curry,10,53,5,Missed,1,0.0,0.0,0,h,MISS Curry 5' Driving Jump Shot,Missed Shot,Driving Jump shot,1,329,21400814,2007,13.0,def_reb(24),2,1,borderline,distance: at-rim/very close
366,PT00M42.00S,3,1610612744,GSW,201939,Curry,S. Curry,236,72,25,Made,1,86.0,68.0,154,h,Curry 25' 3PT Jump Shot (25 PTS),Made Shot,Jump Shot,1,345,21400814,2118,16.0,def_reb(24),3,-1,likely_open,subType: open-like
27,PT09M44.00S,1,1610612744,GSW,201939,Curry,S. Curry,86,244,26,Missed,1,0.0,0.0,0,v,MISS Curry 26' 3PT Jump Shot,Missed Shot,Jump Shot,1,25,21400838,136,18.0,turnover(24),3,-1,likely_open,subType: open-like
32,PT09M25.00S,1,1610612744,GSW,201939,Curry,S. Curry,-71,263,27,Made,1,9.0,5.0,14,v,Curry 27' 3PT Step Back Jump Shot (3 PTS),Made Shot,Step Back Jump shot,1,30,21400838,155,15.0,def_reb(24),3,2,likely_contested,"subType: contested-like, text: pressure-move, distance: deep above-break 3 (>=27ft)"
44,PT07M55.00S,1,1610612744,GSW,201939,Curry,S. Curry,0,1,0,Made,1,12.0,11.0,23,v,Curry  Dunk (5 PTS) (Barnes 1 AST),Made Shot,Dunk Shot,1,42,21400838,245,20.0,turnover(24),2,1,borderline,distance: at-rim/very close
46,PT07M29.00S,1,1610612744,GSW,201939,Curry,S. Curry,-5,17,2,Missed,1,0.0,0.0,0,v,MISS Curry 2' Layup,Missed Shot,Layup Shot,1,44,21400838,271,13.0,made_fg(24),2,1,borderline,distance: at-rim/very close
81,PT04M42.00S,1,1610612744,GSW,201939,Curry,S. Curry,-116,142,18,Made,1,18.0,15.0,33,v,Curry 18' Pullup Jump Shot (7 PTS),Made Shot,Pullup Jump shot,1,76,21400838,438,15.0,turnover(24),2,3,likely_contested,"subType: contested-like, text: pressure-move"
99,PT02M35.00S,1,1610612744,GSW,201939,Curry,S. Curry,32,261,26,Made,1,24.0,24.0,48,v,Curry 26' 3PT Pullup Jump Shot (10 PTS),Made Shot,Pullup Jump shot,1,92,21400838,565,18.0,def_reb(24),3,3,likely_contested,"subType: contested-like, text: pressure-move"
113,PT01M13.00S,1,1610612744,GSW,201939,Curry,S. Curry,54,268,27,Made,1,26.0,30.0,56,v,Curry 27' 3PT Step Back Jump Shot (13 PTS),Made Shot,Step Back Jump shot,1,104,21400838,647,12.0,turnover(24),3,2,likely_contested,"subType: contested-like, text: pressure-move, distance: deep above-break 3 (>=27ft)"
116,PT00M46.90S,1,1610612744,GSW,201939,Curry,S. Curry,-56,252,26,Missed,1,0.0,0.0,0,v,MISS Curry 26' 3PT Jump Shot,Missed Shot,Jump Shot,1,107,21400838,674,9.0,off_foul(24),3,-1,likely_open,subType: open-like
259,PT11M41.00S,3,1610612744,GSW,201939,Curry,S. Curry,-231,86,25,Made,1,51.0,57.0,108,v,Curry 25' 3PT Jump Shot (16 PTS) (Barnes 2 AST),Made Shot,Jump Shot,1,239,21400838,1459,5.0,period_start(24),3,0,likely_open,"subType: open-like, clock: late (<=5s)"
278,PT09M09.00S,3,1610612744,GSW,201939,Curry,S. Curry,-48,295,30,Missed,1,0.0,0.0,0,v,MISS Curry 30' 3PT Jump Shot,Missed Shot,Jump Shot,1,255,21400838,1611,18.0,turnover(24),3,-2,likely_open,"subType: open-like, distance: deep above-break 3 (>=27ft)"
304,PT05M37.00S,3,1610612744,GSW,201939,Curry,S. Curry,179,19,18,Made,1,68.0,70.0,138,v,Curry 18' Step Back Jump Shot (18 PTS),Made Shot,Step Back Jump shot,1,281,21400838,1823,6.0,made_fg(24),2,3,likely_contested,"subType: contested-like, text: pressure-move"
320,PT04M48.00S,3,1610612744,GSW,201939,Curry,S. Curry,-24,33,4,Missed,1,0.0,0.0,0,v,MISS Curry 4' Jump Shot,Missed Shot,Jump Shot,1,290,21400838,1872,9.0,final_ft(24),2,0,likely_open,"subType: open-like, distance: at-rim/very close"
323,PT04M38.00S,3,1610612744,GSW,201939,Curry,S. Curry,125,227,26,Missed,1,0.0,0.0,0,v,MISS Curry 26' 3PT Jump Shot,Missed Shot,Jump Shot,1,294,21400838,1882,15.0,turnover(24),3,-1,likely_open,subType: open-like
365,PT01M24.00S,3,1610612744,GSW,201939,Curry,S. Curry,-15,260,26,Made,1,81.0,82.0,163,v,Curry 26' 3PT Jump Shot (23 PTS) (Speights 1 AST),Made Shot,Jump Shot,1,330,21400838,2076,12.0,made_fg(24),3,-1,likely_open,subType: open-like
368,PT00M55.90S,3,1610612744,GSW,201939,Curry,S. Curry,173,126,21,Made,1,81.0,84.0,165,v,Curry 21' Fadeaway Jumper (25 PTS),Made Shot,Fadeaway Jump Shot,1,333,21400838,2105,17.0,def_reb(24),2,3,likely_contested,"subType: contested-like, text: pressure-move"
371,PT00M35.90S,3,1610612744,GSW,201939,Curry,S. Curry,45,9,5,Made,1,81.0,86.0,167,v,Curry 5' Floating Jump Shot (27 PTS),Made Shot,Floating Jump shot,1,336,21400838,2125,17.0,def_reb(24),2,3,likely_contested,"subType: contested-like, distance: at-rim/very close"
465,PT02M25.00S,4,1610612744,GSW,201939,Curry,S. Curry,-97,192,22,Missed,1,0.0,0.0,0,v,MISS Curry 22' Jump Shot,Missed Shot,Jump Shot,1,421,21400838,2735,8.0,def_reb(24),2,-1,likely_open,subType: open-like
473,PT01M27.00S,4,1610612744,GSW,201939,Curry,S. Curry,62,12,6,Made,1,102.0,109.0,211,v,Curry 6' Running Bank Shot (29 PTS),Made Shot,Running Bank shot,1,428,21400838,2793,9.0,made_fg(24),2,0,likely_open,
22,PT09M54.00S,1,1610612744,GSW,201939,Curry,S. Curry,193,156,25,Made,1,8.0,7.0,15,v,Curry 25' 3PT Jump Shot (3 PTS) (Bogut 1 AST),Made Shot,Jump Shot,1,20,21400854,126,15.0,made_fg(24),3,-1,likely_open,subType: open-like
29,PT09M15.00S,1,1610612744,GSW,201939,Curry,S. Curry,47,263,27,Missed,1,0.0,0.0,0,v,MISS Curry 27' 3PT Jump Shot,Missed Shot,Jump Shot,1,24,21400854,165,7.0,final_ft(24),3,-2,likely_open,"subType: open-like, distance: deep above-break 3 (>=27ft)"
57,PT06M41.00S,1,1610612744,GSW,201939,Curry,S. Curry,233,0,0,Made,1,13.0,14.0,27,v,Curry  3PT Jump Shot (6 PTS) (Bogut 2 AST),Made Shot,Jump Shot,1,53,21400854,319,9.0,off_reb(14),3,-1,likely_open,"subType: open-like, distance: at-rim/very close, coords: corner-3, corner: catch/spot"
76,PT04M42.00S,1,1610612744,GSW,201939,Curry,S. Curry,10,252,25,Made,1,17.0,19.0,36,v,Curry 25' 3PT Jump Shot (9 PTS),Made Shot,Jump Shot,1,70,21400854,438,19.0,def_reb(24),3,-1,likely_open,subType: open-like
129,PT01M30.00S,1,1610612744,GSW,201939,Curry,S. Curry,-128,205,24,Missed,1,0.0,0.0,0,v,MISS Curry 24' 3PT Jump Shot,Missed Shot,Jump Shot,1,109,21400854,630,10.0,def_reb(24),3,-1,likely_open,subType: open-like
149,PT00M01.90S,1,1610612744,GSW,201939,Curry,S. Curry,108,184,21,Missed,1,0.0,0.0,0,v,MISS Curry 21' Jump Shot,Missed Shot,Jump Shot,1,125,21400854,719,16.0,final_ft(24),2,-1,likely_open,subType: open-like
248,PT02M14.00S,2,1610612744,GSW,201939,Curry,S. Curry,-2,7,1,Made,1,51.0,49.0,100,v,Curry 1' Driving Layup (14 PTS),Made Shot,Driving Layup Shot,1,221,21400854,1306,9.0,turnover(24),2,3,likely_contested,"subType: contested-like, distance: at-rim/very close"
307,PT09M53.00S,3,1610612744,GSW,201939,Curry,S. Curry,78,230,24,Missed,1,0.0,0.0,0,v,MISS Curry 24' 3PT Jump Shot,Missed Shot,Jump Shot,1,268,21400854,1567,18.0,turnover(24),3,-1,likely_open,subType: open-like
320,PT08M32.00S,3,1610612744,GSW,201939,Curry,S. Curry,-133,20,13,Missed,1,0.0,0.0,0,v,MISS Curry 13' Jump Shot,Missed Shot,Jump Shot,1,279,21400854,1648,14.0,made_fg(24),2,0,likely_open,"subType: open-like, distance: mid-range"
327,PT08M09.00S,3,1610612744,GSW,201939,Curry,S. Curry,-29,175,18,Missed,1,0.0,0.0,0,v,MISS Curry 18' Jump Shot,Missed Shot,Jump Shot,1,283,21400854,1671,13.0,made_fg(24),2,-1,likely_open,subType: open-like
348,PT06M37.00S,3,1610612744,GSW,201939,Curry,S. Curry,-5,-2,1,Made,1,77.0,63.0,140,v,Curry 1' Driving Layup (16 PTS),Made Shot,Driving Layup Shot,1,303,21400854,1763,14.0,made_fg(24),2,3,likely_contested,"subType: contested-like, distance: at-rim/very close"
352,PT06M08.00S,3,1610612744,GSW,201939,Curry,S. Curry,-174,170,24,Missed,1,0.0,0.0,0,v,MISS Curry 24' 3PT Jump Shot,Missed Shot,Jump Shot,1,309,21400854,1792,12.0,off_reb(14),3,-1,likely_open,subType: open-like
364,PT05M17.00S,3,1610612744,GSW,201939,Curry,S. Curry,-4,0,0,Missed,1,0.0,0.0,0,v,MISS Curry  Driving Layup,Missed Shot,Driving Layup Shot,1,321,21400854,1843,9.0,keep_clock(24),2,3,likely_contested,"subType: contested-like, distance: at-rim/very close"
518,PT04M45.00S,4,1610612744,GSW,201939,Curry,S. Curry,-152,56,16,Missed,1,0.0,0.0,0,v,MISS Curry 16' Step Back Jump Shot,Missed Shot,Step Back Jump shot,1,452,21400854,2595,12.0,keep_clock(22),2,4,likely_contested,"subType: contested-like, text: pressure-move, distance: mid-range"
538,PT02M58.00S,4,1610612744,GSW,201939,Curry,S. Curry,2,20,2,Missed,1,0.0,0.0,0,v,MISS Curry 2' Layup,Missed Shot,Layup Shot,1,470,21400854,2702,11.0,made_fg(24),2,1,borderline,distance: at-rim/very close
555,PT02M00.00S,4,1610612744,GSW,201939,Curry,S. Curry,0,242,24,Missed,1,0.0,0.0,0,v,MISS Curry 24' 3PT Jump Shot,Missed Shot,Jump Shot,1,483,21400854,2760,12.0,off_reb(14),3,-1,likely_open,subType: open-like
562,PT01M04.00S,4,1610612744,GSW,201939,Curry,S. Curry,185,183,26,Missed,1,0.0,0.0,0,v,MISS Curry 26' 3PT Jump Shot,Missed Shot,Jump Shot,1,489,21400854,2816,18.0,def_reb(24),3,-1,likely_open,subType: open-like
8,PT11M15.00S,1,1610612744,GSW,201939,Curry,S. Curry,51,0,5,Made,1,0.0,2.0,2,v,Curry 5' Running Bank Shot (2 PTS),Made Shot,Running Bank shot,1,10,21400861,45,10.0,off_reb(14),2,1,borderline,distance: at-rim/very close
21,PT10M03.00S,1,1610612744,GSW,201939,Curry,S. Curry,17,3,2,Made,1,2.0,6.0,8,v,Curry 2' Driving Layup (6 PTS) (Thompson 1 AST),Made Shot,Driving Layup Shot,1,21,21400861,117,19.0,def_reb(24),2,3,likely_contested,"subType: contested-like, distance: at-rim/very close"
36,PT08M00.00S,1,1610612744,GSW,201939,Curry,S. Curry,89,173,19,Missed,1,,,0,v,MISS Curry 19' Jump Shot,Missed Shot,Jump Shot,1,37,21400861,240,7.0,turnover(24),2,-1,likely_open,subType: open-like
41,PT07M28.00S,1,1610612744,GSW,201939,Curry,S. Curry,28,1,3,Missed,1,,,0,v,MISS Curry 3' Layup,Missed Shot,Layup Shot,1,42,21400861,272,10.0,def_reb(24),2,1,borderline,distance: at-rim/very close
125,PT02M08.00S,1,1610612744,GSW,201939,Curry,S. Curry,61,198,21,Missed,1,,,0,v,MISS Curry 21' Jump Shot,Missed Shot,Jump Shot,1,110,21400861,592,13.0,final_ft(24),2,-1,likely_open,subType: open-like
140,PT01M08.00S,1,1610612744,GSW,201939,Curry,S. Curry,54,247,25,Made,1,11.0,27.0,38,v,Curry 25' 3PT Jump Shot (9 PTS),Made Shot,Jump Shot,1,123,21400861,652,15.0,def_reb(24),3,-1,likely_open,subType: open-like
250,PT03M12.00S,2,1610612744,GSW,201939,Curry,S. Curry,59,132,14,Made,1,25.0,49.0,74,v,Curry 14' Pullup Jump Shot (11 PTS),Made Shot,Pullup Jump shot,1,218,21400861,1248,9.0,off_reb(14),2,4,likely_contested,"subType: contested-like, text: pressure-move, distance: mid-range"
275,PT01M19.00S,2,1610612744,GSW,201939,Curry,S. Curry,0,99,10,Missed,1,,,0,v,MISS Curry 10' Floating Jump Shot,Missed Shot,Floating Jump shot,1,239,21400861,1361,13.0,made_fg(24),2,3,likely_contested,"subType: contested-like, distance: mid-range"
330,PT07M45.00S,3,1610612744,GSW,201939,Curry,S. Curry,-35,283,29,Missed,1,,,0,v,MISS Curry 29' 3PT Jump Shot,Missed Shot,Jump Shot,1,292,21400861,1695,14.0,def_reb(24),3,-2,likely_open,"subType: open-like, distance: deep above-break 3 (>=27ft)"
348,PT06M16.00S,3,1610612744,GSW,201939,Curry,S. Curry,21,19,3,Made,1,39.0,73.0,112,v,Curry 3' Running Layup (13 PTS) (Barnes 2 AST),Made Shot,Running Layup Shot,1,305,21400861,1784,15.0,made_fg(24),2,3,likely_contested,"subType: contested-like, distance: at-rim/very close"
358,PT04M39.00S,3,1610612744,GSW,201939,Curry,S. Curry,-19,9,2,Made,1,46.0,81.0,127,v,Curry 2' Layup (16 PTS) (Bogut 3 AST),Made Shot,Layup Shot,1,314,21400861,1881,6.0,made_fg(24),2,1,borderline,distance: at-rim/very close
366,PT04M05.00S,3,1610612744,GSW,201939,Curry,S. Curry,105,233,26,Made,1,46.0,86.0,132,v,Curry 26' 3PT Pullup Jump Shot (19 PTS),Made Shot,Pullup Jump shot,1,322,21400861,1915,19.0,turnover(24),3,3,likely_contested,"subType: contested-like, text: pressure-move"
376,PT03M08.00S,3,1610612744,GSW,201939,Curry,S. Curry,-202,167,26,Made,1,48.0,89.0,137,v,Curry 26' 3PT Jump Shot (22 PTS) (Barnes 3 AST),Made Shot,Jump Shot,1,332,21400861,1972,10.0,keep_clock(24),3,-1,likely_open,subType: open-like
4,PT11M22.00S,1,1610612744,GSW,201939,Curry,S. Curry,-2,-8,1,Made,1,0.0,2.0,2,v,Curry 1' Driving Reverse Layup (2 PTS) (Bogut 1 AST),Made Shot,Driving Reverse Layup Shot,1,5,21400880,38,16.0,turnover(24),2,3,likely_contested,"subType: contested-like, distance: at-rim/very close"
38,PT08M21.00S,1,1610612744,GSW,201939,Curry,S. Curry,7,258,26,Made,1,11.0,10.0,21,v,Curry 26' 3PT Jump Shot (5 PTS),Made Shot,Jump Shot,1,33,21400880,219,16.0,def_reb(24),3,-1,likely_open,subType: open-like
55,PT05M58.00S,1,1610612744,GSW,201939,Curry,S. Curry,10,12,2,Missed,1,0.0,0.0,0,v,MISS Curry 2' Layup,Missed Shot,Layup Shot,1,50,21400880,362,7.0,made_fg(24),2,1,borderline,distance: at-rim/very close
60,PT05M26.00S,1,1610612744,GSW,201939,Curry,S. Curry,59,260,27,Missed,1,0.0,0.0,0,v,MISS Curry 27' 3PT Jump Shot,Missed Shot,Jump Shot,1,54,21400880,394,0.0,made_fg(24),3,-1,likely_open,"subType: open-like, distance: deep above-break 3 (>=27ft), clock: late (<=5s)"
76,PT03M45.00S,1,1610612744,GSW,201939,Curry,S. Curry,-51,7,5,Made,1,26.0,18.0,44,v,Curry 5' Jump Bank Shot (7 PTS),Made Shot,Jump Bank Shot,1,71,21400880,495,15.0,def_reb(24),2,3,likely_contested,"subType: contested-like, distance: at-rim/very close"
101,PT02M15.00S,1,1610612744,GSW,201939,Curry,S. Curry,-2,9,1,Made,1,30.0,20.0,50,v,Curry 1' Running Layup (9 PTS),Made Shot,Running Layup Shot,1,91,21400880,585,8.0,final_ft(24),2,3,likely_contested,"subType: contested-like, distance: at-rim/very close"
104,PT01M59.00S,1,1610612744,GSW,201939,Curry,S. Curry,86,236,25,Made,1,30.0,23.0,53,v,Curry 25' 3PT Jump Shot (12 PTS),Made Shot,Jump Shot,1,95,21400880,601,15.0,def_reb(24),3,-1,likely_open,subType: open-like
117,PT00M56.00S,1,1610612744,GSW,201939,Curry,S. Curry,-40,26,5,Made,1,33.0,25.0,58,v,Curry 5' Jump Bank Shot (14 PTS),Made Shot,Jump Bank Shot,1,107,21400880,664,11.0,made_fg(24),2,3,likely_contested,"subType: contested-like, distance: at-rim/very close"
119,PT00M35.90S,1,1610612744,GSW,201939,Curry,S. Curry,-89,192,21,Missed,1,0.0,0.0,0,v,MISS Curry 21' Jump Shot,Missed Shot,Jump Shot,1,109,21400880,685,15.0,made_fg(24),2,-1,likely_open,subType: open-like
121,PT00M23.90S,1,1610612744,GSW,201939,Curry,S. Curry,-131,220,26,Missed,1,0.0,0.0,0,v,MISS Curry 26' 3PT Jump Shot,Missed Shot,Jump Shot,1,111,21400880,697,4.0,off_reb(14),3,0,likely_open,"subType: open-like, clock: late (<=5s)"
193,PT06M14.00S,2,1610612744,GSW,201939,Curry,S. Curry,225,0,0,Missed,1,0.0,0.0,0,v,MISS Curry  3PT Jump Shot,Missed Shot,Jump Shot,1,178,21400880,1066,16.0,def_reb(24),3,-1,likely_open,"subType: open-like, distance: at-rim/very close, coords: corner-3, corner: catch/spot"
242,PT02M07.00S,2,1610612744,GSW,201939,Curry,S. Curry,-21,36,4,Made,1,61.0,45.0,106,v,Curry 4' Running Bank Shot (16 PTS),Made Shot,Running Bank shot,1,222,21400880,1313,14.0,made_fg(24),2,1,borderline,distance: at-rim/very close
258,PT00M41.80S,2,1610612744,GSW,201939,Curry,S. Curry,-125,228,26,Made,1,63.0,48.0,111,v,Curry 26' 3PT Jump Shot (19 PTS) (Iguodala 2 AST),Made Shot,Jump Shot,1,239,21400880,1399,19.0,def_reb(24),3,-1,likely_open,subType: open-like
267,PT00M03.90S,2,1610612744,GSW,201939,Curry,S. Curry,26,19,3,Missed,1,0.0,0.0,0,v,MISS Curry 3' Jump Shot,Missed Shot,Jump Shot,1,246,21400880,1437,6.0,final_ft(24),2,0,likely_open,"subType: open-like, distance: at-rim/very close"
290,PT10M04.00S,3,1610612744,GSW,201939,Curry,S. Curry,15,0,2,Made,1,69.0,53.0,122,v,Curry 2' Driving Finger Roll Layup (21 PTS),Made Shot,Driving Finger Roll Layup Shot,1,267,21400880,1556,14.0,made_fg(24),2,1,borderline,distance: at-rim/very close
293,PT09M47.00S,3,1610612744,GSW,201939,Curry,S. Curry,-10,-8,1,Made,1,69.0,55.0,124,v,Curry 1' Driving Finger Roll Layup (23 PTS) (Green 2 AST),Made Shot,Driving Finger Roll Layup Shot,1,270,21400880,1573,20.0,def_reb(24),2,1,borderline,distance: at-rim/very close
304,PT08M40.00S,3,1610612744,GSW,201939,Curry,S. Curry,-23,252,25,Made,1,69.0,60.0,129,v,Curry 25' 3PT Jump Shot (26 PTS),Made Shot,Jump Shot,1,280,21400880,1640,20.0,turnover(24),3,-1,likely_open,subType: open-like
309,PT08M08.00S,3,1610612744,GSW,201939,Curry,S. Curry,-15,205,21,Missed,1,0.0,0.0,0,v,MISS Curry 21' Jump Shot,Missed Shot,Jump Shot,1,284,21400880,1672,10.0,def_reb(24),2,-1,likely_open,subType: open-like
431,PT09M25.00S,4,1610612744,GSW,201939,Curry,S. Curry,135,220,26,Made,1,87.0,84.0,171,v,Curry 26' 3PT Jump Shot (29 PTS) (Livingston 2 AST),Made Shot,Jump Shot,1,398,21400880,2315,15.0,def_reb(24),3,-1,likely_open,subType: open-like
452,PT07M28.00S,4,1610612744,GSW,201939,Curry,S. Curry,-112,53,12,Made,1,92.0,90.0,182,v,Curry 12' Jump Shot (31 PTS),Made Shot,Jump Shot,1,417,21400880,2432,11.0,def_reb(24),2,0,likely_open,"subType: open-like, distance: mid-range"
457,PT06M49.00S,4,1610612744,GSW,201939,Curry,S. Curry,64,224,23,Missed,1,0.0,0.0,0,v,MISS Curry 23' Jump Shot,Missed Shot,Jump Shot,1,422,21400880,2471,6.0,off_reb(14),2,-1,likely_open,subType: open-like
504,PT02M37.00S,4,1610612744,GSW,201939,Curry,S. Curry,-108,149,18,Made,1,96.0,98.0,194,v,Curry 18' Jump Shot (33 PTS),Made Shot,Jump Shot,1,468,21400880,2723,9.0,made_fg(24),2,-1,likely_open,subType: open-like
43,PT06M15.00S,1,1610612744,GSW,201939,Curry,S. Curry,234,25,24,Missed,1,0.0,0.0,0,v,MISS Curry 24' 3PT Jump Shot,Missed Shot,Jump Shot,1,46,21400886,345,13.0,made_fg(24),3,-2,likely_open,"subType: open-like, coords: corner-3, corner: catch/spot"
48,PT05M21.00S,1,1610612744,GSW,201939,Curry,S. Curry,113,102,15,Missed,1,0.0,0.0,0,v,MISS Curry 15' Jump Shot,Missed Shot,Jump Shot,1,52,21400886,399,12.0,made_fg(24),2,0,likely_open,"subType: open-like, distance: mid-range"
50,PT05M12.00S,1,1610612744,GSW,201939,Curry,S. Curry,226,-3,0,Made,1,16.0,16.0,32,v,Curry  3PT Jump Shot (3 PTS) (Thompson 1 AST),Made Shot,Jump Shot,1,54,21400886,408,6.0,off_reb(14),3,-1,likely_open,"subType: open-like, distance: at-rim/very close, coords: corner-3, corner: catch/spot"
257,PT09M11.00S,3,1610612744,GSW,201939,Curry,S. Curry,9,246,25,Missed,1,0.0,0.0,0,v,MISS Curry 25' 3PT Jump Shot,Missed Shot,Jump Shot,1,255,21400886,1609,9.0,made_fg(24),3,-1,likely_open,subType: open-like
341,PT02M04.00S,3,1610612744,GSW,201939,Curry,S. Curry,73,233,24,Missed,1,0.0,0.0,0,v,MISS Curry 24' 3PT Jump Shot,Missed Shot,Jump Shot,1,327,21400886,2036,15.0,made_fg(24),3,-1,likely_open,subType: open-like
352,PT01M31.00S,3,1610612744,GSW,201939,Curry,S. Curry,65,60,9,Missed,1,0.0,0.0,0,v,MISS Curry 9' Running Bank Shot,Missed Shot,Running Bank shot,1,335,21400886,2069,5.0,made_fg(24),2,2,likely_contested,"distance: mid-range, clock: late (<=5s)"
365,PT00M11.70S,3,1610612744,GSW,201939,Curry,S. Curry,116,224,25,Made,1,86.0,80.0,166,v,Curry 25' 3PT Jump Shot (8 PTS) (Livingston 4 AST),Made Shot,Jump Shot,1,346,21400886,2149,5.0,final_ft(24),3,0,likely_open,"subType: open-like, clock: late (<=5s)"
399,PT09M36.00S,4,1610612744,GSW,201939,Curry,S. Curry,92,228,25,Made,1,91.0,90.0,181,v,Curry 25' 3PT Jump Shot (11 PTS),Made Shot,Jump Shot,1,377,21400886,2304,18.0,def_reb(24),3,-1,likely_open,subType: open-like
402,PT08M57.00S,4,1610612744,GSW,201939,Curry,S. Curry,-11,3,1,Made,1,94.0,92.0,186,v,Curry 1' Driving Layup (13 PTS),Made Shot,Driving Layup Shot,1,380,21400886,2343,16.0,made_fg(24),2,3,likely_contested,"subType: contested-like, distance: at-rim/very close"
416,PT07M28.00S,4,1610612744,GSW,201939,Curry,S. Curry,-229,67,24,Missed,1,0.0,0.0,0,v,MISS Curry 24' 3PT Jump Shot,Missed Shot,Jump Shot,1,392,21400886,2432,18.0,turnover(24),3,-1,likely_open,subType: open-like
442,PT04M20.00S,4,1610612744,GSW,201939,Curry,S. Curry,228,14,0,Missed,1,0.0,0.0,0,v,MISS Curry  3PT Jump Shot,Missed Shot,Jump Shot,1,421,21400886,2620,18.0,turnover(24),3,-1,likely_open,"subType: open-like, distance: at-rim/very close, coords: corner-3, corner: catch/spot"
449,PT03M49.00S,4,1610612744,GSW,201939,Curry,S. Curry,-235,12,24,Made,1,106.0,99.0,205,v,Curry 24' 3PT Jump Shot (18 PTS) (Green 4 AST),Made Shot,Jump Shot,1,427,21400886,2651,13.0,made_fg(24),3,-2,likely_open,"subType: open-like, coords: corner-3, corner: catch/spot"
451,PT03M15.00S,4,1610612744,GSW,201939,Curry,S. Curry,-11,241,24,Made,1,108.0,102.0,210,v,Curry 24' 3PT Jump Shot (21 PTS),Made Shot,Jump Shot,1,429,21400886,2685,10.0,made_fg(24),3,-1,likely_open,subType: open-like
458,PT02M24.00S,4,1610612744,GSW,201939,Curry,S. Curry,-201,131,24,Made,1,108.0,105.0,213,v,Curry 24' 3PT Jump Shot (24 PTS) (Thompson 4 AST),Made Shot,Jump Shot,1,437,21400886,2736,19.0,def_reb(24),3,-1,likely_open,subType: open-like
462,PT02M08.00S,4,1610612744,GSW,201939,Curry,S. Curry,-213,121,24,Missed,1,0.0,0.0,0,v,MISS Curry 24' 3PT Jump Shot,Missed Shot,Jump Shot,1,442,21400886,2752,21.0,turnover(24),3,-1,likely_open,subType: open-like
478,PT01M09.00S,4,1610612744,GSW,201939,Curry,S. Curry,64,192,20,Made,1,108.0,108.0,216,v,Curry 20' Jump Shot (26 PTS) (Thompson 5 AST),Made Shot,Jump Shot,1,458,21400886,2811,15.0,def_reb(24),2,-1,likely_open,subType: open-like
18,PT09M48.00S,1,1610612744,GSW,201939,Curry,S. Curry,58,61,8,Missed,1,0.0,0.0,0,h,MISS Curry 8' Jump Shot,Missed Shot,Jump Shot,1,20,21400907,132,17.0,def_reb(24),2,0,likely_open,"subType: open-like, distance: mid-range"
39,PT07M23.00S,1,1610612744,GSW,201939,Curry,S. Curry,163,205,26,Missed,1,0.0,0.0,0,h,MISS Curry 26' 3PT Pullup Jump Shot,Missed Shot,Pullup Jump shot,1,45,21400907,277,17.0,def_reb(24),3,3,likely_contested,"subType: contested-like, text: pressure-move"
53,PT05M32.00S,1,1610612744,GSW,201939,Curry,S. Curry,-212,118,24,Made,1,16.0,10.0,26,h,Curry 24' 3PT Pullup Jump Shot (3 PTS) (Barnes 1 AST),Made Shot,Pullup Jump shot,1,58,21400907,388,11.0,def_reb(24),3,3,likely_contested,"subType: contested-like, text: pressure-move"
58,PT04M58.00S,1,1610612744,GSW,201939,Curry,S. Curry,-82,272,28,Made,1,19.0,10.0,29,h,Curry 28' 3PT Pullup Jump Shot (6 PTS),Made Shot,Pullup Jump shot,1,63,21400907,422,18.0,def_reb(24),3,2,likely_contested,"subType: contested-like, text: pressure-move, distance: deep above-break 3 (>=27ft)"
74,PT03M31.00S,1,1610612744,GSW,201939,Curry,S. Curry,-193,225,30,Missed,1,0.0,0.0,0,h,MISS Curry 30' 3PT Pullup Jump Shot,Missed Shot,Pullup Jump shot,1,77,21400907,509,19.0,def_reb(24),3,2,likely_contested,"subType: contested-like, text: pressure-move, distance: deep above-break 3 (>=27ft)"
113,PT00M08.90S,1,1610612744,GSW,201939,Curry,S. Curry,-146,216,26,Missed,1,0.0,0.0,0,h,MISS Curry 26' 3PT Pullup Jump Shot,Missed Shot,Pullup Jump shot,1,112,21400907,712,0.0,final_ft(24),3,4,likely_contested,"subType: contested-like, text: pressure-move, clock: late (<=5s)"
241,PT00M06.40S,2,1610612744,GSW,201939,Curry,S. Curry,-8,89,9,Missed,1,0.0,0.0,0,h,MISS Curry 9' Jump Shot,Missed Shot,Jump Shot,1,235,21400907,1434,1.0,final_ft(24),2,1,borderline,"subType: open-like, distance: mid-range, clock: late (<=5s)"
276,PT09M20.00S,3,1610612744,GSW,201939,Curry,S. Curry,-105,250,27,Missed,1,0.0,0.0,0,h,MISS Curry 27' 3PT Jump Shot,Missed Shot,Jump Shot,1,264,21400907,1600,18.0,def_reb(24),3,-2,likely_open,"subType: open-like, distance: deep above-break 3 (>=27ft)"
281,PT08M52.00S,3,1610612744,GSW,201939,Curry,S. Curry,177,183,25,Missed,1,0.0,0.0,0,h,MISS Curry 25' 3PT Jump Shot,Missed Shot,Jump Shot,1,270,21400907,1628,10.0,off_reb(14),3,-1,likely_open,subType: open-like
410,PT10M39.00S,4,1610612744,GSW,201939,Curry,S. Curry,163,187,25,Missed,1,0.0,0.0,0,h,MISS Curry 25' 3PT Pullup Jump Shot,Missed Shot,Pullup Jump shot,1,385,21400907,2241,13.0,def_reb(24),3,3,likely_contested,"subType: contested-like, text: pressure-move"
419,PT10M18.00S,4,1610612744,GSW,201939,Curry,S. Curry,-183,172,25,Made,1,79.0,73.0,152,h,Curry 25' 3PT Pullup Jump Shot (10 PTS) (Livingston 4 AST),Made Shot,Pullup Jump shot,1,393,21400907,2262,2.0,off_reb(14),3,4,likely_contested,"subType: contested-like, text: pressure-move, clock: late (<=5s)"
421,PT09M48.00S,4,1610612744,GSW,201939,Curry,S. Curry,-130,228,26,Made,1,82.0,75.0,157,h,Curry 26' 3PT Step Back Jump Shot (13 PTS),Made Shot,Step Back Jump shot,1,395,21400907,2292,14.0,made_fg(24),3,3,likely_contested,"subType: contested-like, text: pressure-move"
424,PT09M13.00S,4,1610612744,GSW,201939,Curry,S. Curry,-142,228,27,Made,1,85.0,75.0,160,h,Curry 27' 3PT Pullup Jump Shot (16 PTS) (Livingston 5 AST),Made Shot,Pullup Jump shot,1,398,21400907,2327,17.0,def_reb(24),3,2,likely_contested,"subType: contested-like, text: pressure-move, distance: deep above-break 3 (>=27ft)"
454,PT05M36.00S,4,1610612744,GSW,201939,Curry,S. Curry,-228,25,0,Missed,1,0.0,0.0,0,h,MISS Curry  3PT Pullup Jump Shot,Missed Shot,Pullup Jump shot,1,428,21400907,2544,17.0,def_reb(24),3,4,likely_contested,"subType: contested-like, text: pressure-move, distance: at-rim/very close, coords: corner-3"
465,PT05M11.00S,4,1610612744,GSW,201939,Curry,S. Curry,21,19,3,Missed,1,0.0,0.0,0,h,MISS Curry 3' Running Layup,Missed Shot,Running Layup Shot,1,435,21400907,2569,13.0,final_ft(24),2,3,likely_contested,"subType: contested-like, distance: at-rim/very close"
491,PT01M56.00S,4,1610612744,GSW,201939,Curry,S. Curry,-177,187,26,Made,1,100.0,87.0,187,h,Curry 26' 3PT Pullup Jump Shot (19 PTS) (Green 5 AST),Made Shot,Pullup Jump shot,1,461,21400907,2764,19.0,turnover(24),3,3,likely_contested,"subType: contested-like, text: pressure-move"
16,PT09M43.00S,1,1610612744,GSW,201939,Curry,S. Curry,-127,228,26,Made,1,3.0,6.0,9,h,Curry 26' 3PT Jump Shot (3 PTS) (Bogut 1 AST),Made Shot,Jump Shot,1,17,21400922,137,19.0,def_reb(24),3,-1,likely_open,subType: open-like
18,PT09M18.00S,1,1610612744,GSW,201939,Curry,S. Curry,9,15,2,Made,1,5.0,8.0,13,h,Curry 2' Driving Layup (5 PTS) (Bogut 2 AST),Made Shot,Driving Layup Shot,1,19,21400922,162,9.0,made_fg(24),2,3,likely_contested,"subType: contested-like, distance: at-rim/very close"
26,PT08M10.00S,1,1610612744,GSW,201939,Curry,S. Curry,233,36,24,Made,1,8.0,11.0,19,h,Curry 24' 3PT Jump Shot (8 PTS) (Bogut 3 AST),Made Shot,Jump Shot,1,28,21400922,230,9.0,made_fg(24),3,-2,likely_open,"subType: open-like, coords: corner-3, corner: catch/spot"
43,PT06M33.00S,1,1610612744,GSW,201939,Curry,S. Curry,-100,239,26,Missed,1,0.0,0.0,0,h,MISS Curry 26' 3PT Jump Shot,Missed Shot,Jump Shot,1,42,21400922,327,18.0,def_reb(24),3,-1,likely_open,subType: open-like
57,PT05M30.00S,1,1610612744,GSW,201939,Curry,S. Curry,86,244,26,Made,1,20.0,14.0,34,h,Curry 26' 3PT Jump Shot (12 PTS),Made Shot,Jump Shot,1,57,21400922,390,19.0,turnover(24),3,-1,likely_open,subType: open-like
66,PT04M54.00S,1,1610612744,GSW,201939,Curry,S. Curry,-7,28,3,Missed,1,0.0,0.0,0,h,MISS Curry 3' Driving Finger Roll Layup,Missed Shot,Driving Finger Roll Layup Shot,1,63,21400922,426,9.0,off_reb(14),2,1,borderline,distance: at-rim/very close
203,PT04M53.00S,2,1610612744,GSW,201939,Curry,S. Curry,209,138,25,Made,1,44.0,35.0,79,h,Curry 25' 3PT Pullup Jump Shot (16 PTS) (Thompson 1 AST),Made Shot,Pullup Jump shot,1,195,21400922,1147,7.0,made_fg(24),3,3,likely_contested,"subType: contested-like, text: pressure-move"
205,PT04M25.00S,2,1610612744,GSW,201939,Curry,S. Curry,234,26,24,Missed,1,0.0,0.0,0,h,MISS Curry 24' 3PT Pullup Jump Shot,Missed Shot,Pullup Jump shot,1,197,21400922,1175,7.0,made_fg(24),3,3,likely_contested,"subType: contested-like, text: pressure-move, coords: corner-3"
208,PT04M06.00S,2,1610612744,GSW,201939,Curry,S. Curry,-209,167,27,Missed,1,0.0,0.0,0,h,MISS Curry 27' 3PT Jump Shot,Missed Shot,Jump Shot,1,201,21400922,1194,16.0,turnover(24),3,-2,likely_open,"subType: open-like, distance: deep above-break 3 (>=27ft)"
342,PT04M34.00S,3,1610612744,GSW,201939,Curry,S. Curry,-89,39,10,Missed,1,0.0,0.0,0,h,MISS Curry 10' Driving Jump Shot,Missed Shot,Driving Jump shot,1,327,21400922,1886,18.0,turnover(24),2,1,borderline,distance: mid-range
412,PT11M27.00S,4,1610612744,GSW,201939,Curry,S. Curry,154,227,27,Made,1,85.0,66.0,151,h,Curry 27' 3PT Pullup Jump Shot (21 PTS) (Iguodala 2 AST),Made Shot,Pullup Jump shot,1,389,21400922,2193,7.0,made_fg(24),3,2,likely_contested,"subType: contested-like, text: pressure-move, distance: deep above-break 3 (>=27ft)"
27,PT08M21.00S,1,1610612744,GSW,201939,Curry,S. Curry,39,30,5,Missed,1,0.0,0.0,0,h,MISS Curry 5' Jump Shot,Missed Shot,Jump Shot,1,24,21400932,219,16.0,made_fg(24),2,0,likely_open,"subType: open-like, distance: at-rim/very close"
35,PT06M51.00S,1,1610612744,GSW,201939,Curry,S. Curry,-177,89,20,Missed,1,0.0,0.0,0,h,MISS Curry 20' Pullup Jump Shot,Missed Shot,Pullup Jump shot,1,33,21400932,309,5.0,made_fg(24),2,4,likely_contested,"subType: contested-like, text: pressure-move, clock: late (<=5s)"
64,PT03M25.00S,1,1610612744,GSW,201939,Curry,S. Curry,-146,86,17,Missed,1,0.0,0.0,0,h,MISS Curry 17' Step Back Jump Shot,Missed Shot,Step Back Jump shot,1,62,21400932,515,16.0,def_reb(24),2,3,likely_contested,"subType: contested-like, text: pressure-move"
71,PT02M18.00S,1,1610612744,GSW,201939,Curry,S. Curry,-43,107,12,Missed,1,0.0,0.0,0,h,MISS Curry 12' Running Jump Shot,Missed Shot,Running Jump Shot,1,69,21400932,582,10.0,made_fg(24),2,0,likely_open,"subType: open-like, distance: mid-range"
175,PT05M16.00S,2,1610612744,GSW,201939,Curry,S. Curry,-141,101,17,Made,1,39.0,38.0,77,h,Curry 17' Pullup Jump Shot (2 PTS),Made Shot,Pullup Jump shot,1,167,21400932,1124,16.0,def_reb(24),2,3,likely_contested,"subType: contested-like, text: pressure-move"
236,PT11M36.00S,3,1610612744,GSW,201939,Curry,S. Curry,103,63,12,Missed,1,0.0,0.0,0,h,MISS Curry 12' Turnaround Bank Shot,Missed Shot,Turnaround Bank shot,1,224,21400932,1464,0.0,period_start(24),2,4,likely_contested,"subType: contested-like, distance: mid-range, clock: late (<=5s)"
253,PT09M44.00S,3,1610612744,GSW,201939,Curry,S. Curry,196,187,27,Made,1,62.0,52.0,114,h,Curry 27' 3PT Pullup Jump Shot (7 PTS) (Green 5 AST),Made Shot,Pullup Jump shot,1,240,21400932,1576,18.0,turnover(24),3,2,likely_contested,"subType: contested-like, text: pressure-move, distance: deep above-break 3 (>=27ft)"
261,PT08M44.00S,3,1610612744,GSW,201939,Curry,S. Curry,0,255,26,Made,1,65.0,52.0,117,h,Curry 26' 3PT Step Back Jump Shot (10 PTS),Made Shot,Step Back Jump shot,1,249,21400932,1636,,stale_reset(14),3,3,likely_contested,"subType: contested-like, text: pressure-move"
401,PT06M42.00S,4,1610612744,GSW,201939,Curry,S. Curry,15,17,2,Missed,1,0.0,0.0,0,h,MISS Curry 2' Layup,Missed Shot,Layup Shot,1,382,21400932,2478,18.0,turnover(24),2,1,borderline,distance: at-rim/very close
11,PT10M05.00S,1,1610612744,GSW,201939,Curry,S. Curry,-8,-2,1,Made,1,2.0,7.0,9,v,Curry 1' Driving Layup (2 PTS),Made Shot,Driving Layup Shot,1,13,21400944,115,18.0,def_reb(24),2,3,likely_contested,"subType: contested-like, distance: at-rim/very close"
27,PT08M00.00S,1,1610612744,GSW,201939,Curry,S. Curry,152,82,17,Made,1,4.0,12.0,16,v,Curry 17' Jump Shot (4 PTS),Made Shot,Jump Shot,1,29,21400944,240,14.0,def_reb(24),2,-1,likely_open,subType: open-like
39,PT06M14.00S,1,1610612744,GSW,201939,Curry,S. Curry,-130,247,28,Missed,1,0.0,0.0,0,v,MISS Curry 28' 3PT Jump Shot,Missed Shot,Jump Shot,1,41,21400944,346,,stale_reset(24),3,-2,likely_open,"subType: open-like, distance: deep above-break 3 (>=27ft)"
58,PT05M03.00S,1,1610612744,GSW,201939,Curry,S. Curry,214,137,25,Made,1,9.0,17.0,26,v,Curry 25' 3PT Jump Shot (7 PTS) (Bogut 1 AST),Made Shot,Jump Shot,1,58,21400944,417,19.0,def_reb(24),3,-1,likely_open,subType: open-like
89,PT02M58.00S,1,1610612744,GSW,201939,Curry,S. Curry,-116,225,25,Missed,1,0.0,0.0,0,v,MISS Curry 25' 3PT Jump Shot,Missed Shot,Jump Shot,1,86,21400944,542,11.0,def_reb(24),3,-1,likely_open,subType: open-like
118,PT00M29.90S,1,1610612744,GSW,201939,Curry,S. Curry,-130,123,18,Missed,1,0.0,0.0,0,v,MISS Curry 18' Jump Shot,Missed Shot,Jump Shot,1,114,21400944,691,17.0,turnover(24),2,-1,likely_open,subType: open-like
121,PT00M00.10S,1,1610612744,GSW,201939,Curry,S. Curry,-24,3,2,Made,1,19.0,25.0,44,v,Curry 2' Driving Reverse Layup (9 PTS),Made Shot,Driving Reverse Layup Shot,1,117,21400944,720,18.0,made_fg(24),2,3,likely_contested,"subType: contested-like, distance: at-rim/very close"
227,PT02M32.00S,2,1610612744,GSW,201939,Curry,S. Curry,173,189,26,Missed,1,0.0,0.0,0,v,MISS Curry 26' 3PT Jump Shot,Missed Shot,Jump Shot,1,205,21400944,1288,12.0,off_reb(14),3,-1,likely_open,subType: open-like
232,PT01M55.00S,2,1610612744,GSW,201939,Curry,S. Curry,12,15,2,Made,1,37.0,46.0,83,v,Curry 2' Driving Layup (11 PTS),Made Shot,Driving Layup Shot,1,211,21400944,1325,17.0,turnover(24),2,3,likely_contested,"subType: contested-like, distance: at-rim/very close"
254,PT00M29.90S,2,1610612744,GSW,201939,Curry,S. Curry,-98,235,25,Missed,1,0.0,0.0,0,v,MISS Curry 25' 3PT Jump Shot,Missed Shot,Jump Shot,1,233,21400944,1411,10.0,made_fg(24),3,-1,likely_open,subType: open-like
285,PT09M03.00S,3,1610612744,GSW,201939,Curry,S. Curry,203,173,27,Missed,1,0.0,0.0,0,v,MISS Curry 27' 3PT Jump Shot,Missed Shot,Jump Shot,1,263,21400944,1617,12.0,made_fg(24),3,-2,likely_open,"subType: open-like, distance: deep above-break 3 (>=27ft)"
293,PT08M37.00S,3,1610612744,GSW,201939,Curry,S. Curry,-18,247,25,Made,1,52.0,56.0,108,v,Curry 25' 3PT Jump Shot (14 PTS) (Thompson 3 AST),Made Shot,Jump Shot,1,269,21400944,1643,12.0,final_ft(24),3,-1,likely_open,subType: open-like
295,PT08M13.00S,3,1610612744,GSW,201939,Curry,S. Curry,4,-3,1,Made,1,52.0,58.0,110,v,Curry 1' Layup (16 PTS),Made Shot,Layup Shot,1,272,21400944,1667,21.0,turnover(24),2,1,borderline,distance: at-rim/very close
303,PT07M34.00S,3,1610612744,GSW,201939,Curry,S. Curry,165,143,22,Made,1,53.0,60.0,113,v,Curry 22' Jump Shot (18 PTS),Made Shot,Jump Shot,1,278,21400944,1706,17.0,def_reb(24),2,-1,likely_open,subType: open-like
346,PT04M09.00S,3,1610612744,GSW,201939,Curry,S. Curry,28,0,3,Missed,1,0.0,0.0,0,v,MISS Curry 3' Reverse Layup,Missed Shot,Reverse Layup Shot,1,316,21400944,1911,16.0,def_reb(24),2,3,likely_contested,"subType: contested-like, distance: at-rim/very close"
356,PT03M16.00S,3,1610612744,GSW,201939,Curry,S. Curry,-218,113,25,Made,1,55.0,71.0,126,v,Curry 25' 3PT Step Back Jump Shot (21 PTS),Made Shot,Step Back Jump shot,1,328,21400944,1964,8.0,turnover(24),3,3,likely_contested,"subType: contested-like, text: pressure-move"
398,PT11M03.00S,4,1610612744,GSW,201939,Curry,S. Curry,105,165,20,Missed,1,0.0,0.0,0,v,MISS Curry 20' Step Back Jump Shot,Missed Shot,Step Back Jump shot,1,367,21400944,2217,9.0,made_fg(24),2,3,likely_contested,"subType: contested-like, text: pressure-move"
410,PT10M19.00S,4,1610612744,GSW,201939,Curry,S. Curry,110,115,16,Missed,1,0.0,0.0,0,v,MISS Curry 16' Jump Shot,Missed Shot,Jump Shot,1,377,21400944,2261,16.0,made_fg(24),2,0,likely_open,"subType: open-like, distance: mid-range"
443,PT08M15.00S,4,1610612744,GSW,201939,Curry,S. Curry,135,213,25,Made,1,67.0,84.0,151,v,Curry 25' 3PT Jump Shot (25 PTS),Made Shot,Jump Shot,1,405,21400944,2385,2.0,turnover(24),3,0,likely_open,"subType: open-like, clock: late (<=5s)"
457,PT06M47.00S,4,1610612744,GSW,201939,Curry,S. Curry,24,246,25,Made,1,71.0,87.0,158,v,Curry 25' 3PT Jump Shot (28 PTS),Made Shot,Jump Shot,1,419,21400944,2473,7.0,off_reb(14),3,-1,likely_open,subType: open-like
475,PT05M20.00S,4,1610612744,GSW,201939,Curry,S. Curry,-10,4,1,Made,1,73.0,90.0,163,v,Curry 1' Layup (30 PTS),Made Shot,Layup Shot,1,434,21400944,2560,20.0,turnover(24),2,1,borderline,distance: at-rim/very close
478,PT04M38.00S,4,1610612744,GSW,201939,Curry,S. Curry,-144,203,25,Missed,1,0.0,0.0,0,v,MISS Curry 25' 3PT Jump Shot,Missed Shot,Jump Shot,1,437,21400944,2602,8.0,def_reb(24),3,-1,likely_open,subType: open-like
487,PT03M42.00S,4,1610612744,GSW,201939,Curry,S. Curry,34,263,27,Made,1,73.0,93.0,166,v,Curry 27' 3PT Jump Shot (33 PTS),Made Shot,Jump Shot,1,447,21400944,2658,13.0,turnover(24),3,-2,likely_open,"subType: open-like, distance: deep above-break 3 (>=27ft)"
489,PT02M57.00S,4,1610612744,GSW,201939,Curry,S. Curry,-235,-10,24,Made,1,73.0,96.0,169,v,Curry 24' 3PT Jump Shot (36 PTS) (Livingston 4 AST),Made Shot,Jump Shot,1,450,21400944,2703,4.0,turnover(24),3,-1,likely_open,"subType: open-like, coords: corner-3, corner: catch/spot, clock: late (<=5s)"
11,PT09M33.00S,1,1610612744,GSW,201939,Curry,S. Curry,-127,233,27,Missed,1,0.0,0.0,0,h,MISS Curry 27' 3PT Jump Shot,Missed Shot,Jump Shot,1,13,21400960,147,15.0,made_fg(24),3,-2,likely_open,"subType: open-like, distance: deep above-break 3 (>=27ft)"
38,PT07M13.00S,1,1610612744,GSW,201939,Curry,S. Curry,133,224,26,Made,1,12.0,8.0,20,h,Curry 26' 3PT Step Back Jump Shot (3 PTS),Made Shot,Step Back Jump shot,1,40,21400960,287,13.0,def_reb(24),3,3,likely_contested,"subType: contested-like, text: pressure-move"
49,PT05M56.00S,1,1610612744,GSW,201939,Curry,S. Curry,-160,124,20,Made,1,16.0,10.0,26,h,Curry 20' Pullup Jump Shot (5 PTS),Made Shot,Pullup Jump shot,1,52,21400960,364,14.0,made_fg(24),2,3,likely_contested,"subType: contested-like, text: pressure-move"
56,PT04M20.00S,1,1610612744,GSW,201939,Curry,S. Curry,-191,170,26,Missed,1,0.0,0.0,0,h,MISS Curry 26' 3PT Jump Shot,Missed Shot,Jump Shot,1,60,21400960,460,13.0,made_fg(24),3,-1,likely_open,subType: open-like
68,PT03M21.00S,1,1610612744,GSW,201939,Curry,S. Curry,-144,36,15,Missed,1,0.0,0.0,0,h,MISS Curry 15' Jump Shot,Missed Shot,Jump Shot,1,73,21400960,519,6.0,off_foul(24),2,0,likely_open,"subType: open-like, distance: mid-range"
96,PT01M12.00S,1,1610612744,GSW,201939,Curry,S. Curry,-182,190,26,Missed,1,0.0,0.0,0,h,MISS Curry 26' 3PT Pullup Jump Shot,Missed Shot,Pullup Jump shot,1,97,21400960,648,18.0,def_reb(24),3,3,likely_contested,"subType: contested-like, text: pressure-move"
103,PT00M31.90S,1,1610612744,GSW,201939,Curry,S. Curry,-16,47,5,Missed,1,0.0,0.0,0,h,MISS Curry 5' Jump Shot,Missed Shot,Jump Shot,1,104,21400960,689,14.0,made_fg(24),2,0,likely_open,"subType: open-like, distance: at-rim/very close"
243,PT11M44.00S,3,1610612744,GSW,201939,Curry,S. Curry,118,247,27,Missed,1,0.0,0.0,0,h,MISS Curry 27' 3PT Jump Shot,Missed Shot,Jump Shot,1,231,21400960,1456,8.0,period_start(24),3,-2,likely_open,"subType: open-like, distance: deep above-break 3 (>=27ft)"
268,PT09M20.00S,3,1610612744,GSW,201939,Curry,S. Curry,157,156,22,Missed,1,0.0,0.0,0,h,MISS Curry 22' Step Back Jump Shot,Missed Shot,Step Back Jump shot,1,253,21400960,1600,15.0,made_fg(24),2,3,likely_contested,"subType: contested-like, text: pressure-move"
283,PT07M13.00S,3,1610612744,GSW,201939,Curry,S. Curry,1,201,20,Missed,1,0.0,0.0,0,h,MISS Curry 20' Step Back Jump Shot,Missed Shot,Step Back Jump shot,1,268,21400960,1727,13.0,made_fg(24),2,3,likely_contested,"subType: contested-like, text: pressure-move"
286,PT06M40.00S,3,1610612744,GSW,201939,Curry,S. Curry,2,127,13,Made,1,65.0,63.0,128,h,Curry 13' Pullup Jump Shot (7 PTS) (Barnes 1 AST),Made Shot,Pullup Jump shot,1,271,21400960,1760,5.0,made_fg(24),2,5,likely_contested,"subType: contested-like, text: pressure-move, distance: mid-range, clock: late (<=5s)"
290,PT05M54.00S,3,1610612744,GSW,201939,Curry,S. Curry,185,184,26,Missed,1,0.0,0.0,0,h,MISS Curry 26' 3PT Jump Shot,Missed Shot,Jump Shot,1,275,21400960,1806,1.0,made_fg(24),3,0,likely_open,"subType: open-like, clock: late (<=5s)"
319,PT03M03.00S,3,1610612744,GSW,201939,Curry,S. Curry,59,178,19,Made,1,69.0,71.0,140,h,Curry 19' Pullup Jump Shot (9 PTS),Made Shot,Pullup Jump shot,1,308,21400960,1977,11.0,made_fg(24),2,3,likely_contested,"subType: contested-like, text: pressure-move"
334,PT01M55.00S,3,1610612744,GSW,201939,Curry,S. Curry,110,162,20,Missed,1,0.0,0.0,0,h,MISS Curry 20' Pullup Jump Shot,Missed Shot,Pullup Jump shot,1,321,21400960,2045,15.0,made_fg(24),2,3,likely_contested,"subType: contested-like, text: pressure-move"
336,PT01M48.00S,3,1610612744,GSW,201939,Curry,S. Curry,185,178,26,Missed,1,0.0,0.0,0,h,MISS Curry 26' 3PT Pullup Jump Shot,Missed Shot,Pullup Jump shot,1,323,21400960,2052,9.0,off_reb(14),3,3,likely_contested,"subType: contested-like, text: pressure-move"
29,PT09M38.00S,1,1610612744,GSW,201939,Curry,S. Curry,-207,149,26,Made,1,5.0,5.0,10,h,Curry 26' 3PT Pullup Jump Shot (3 PTS) (Thompson 1 AST),Made Shot,Pullup Jump shot,1,28,21400981,142,11.0,def_reb(24),3,3,likely_contested,"subType: contested-like, text: pressure-move"
31,PT09M23.00S,1,1610612744,GSW,201939,Curry,S. Curry,-193,148,24,Made,1,8.0,5.0,13,h,Curry 24' 3PT Pullup Jump Shot (6 PTS) (Green 1 AST),Made Shot,Pullup Jump shot,1,31,21400981,157,18.0,turnover(24),3,3,likely_contested,"subType: contested-like, text: pressure-move"
33,PT08M53.00S,1,1610612744,GSW,201939,Curry,S. Curry,-29,265,27,Missed,1,0.0,0.0,0,h,MISS Curry 27' 3PT Pullup Jump Shot,Missed Shot,Pullup Jump shot,1,33,21400981,187,18.0,made_fg(24),3,2,likely_contested,"subType: contested-like, text: pressure-move, distance: deep above-break 3 (>=27ft)"
51,PT06M32.00S,1,1610612744,GSW,201939,Curry,S. Curry,28,17,3,Missed,1,0.0,0.0,0,h,MISS Curry 3' Turnaround Jump Shot,Missed Shot,Turnaround Jump Shot,1,53,21400981,328,13.0,made_fg(24),2,1,borderline,distance: at-rim/very close
88,PT03M21.00S,1,1610612744,GSW,201939,Curry,S. Curry,-205,151,25,Missed,1,0.0,0.0,0,h,MISS Curry 25' 3PT Pullup Jump Shot,Missed Shot,Pullup Jump shot,1,87,21400981,519,13.0,made_fg(24),3,3,likely_contested,"subType: contested-like, text: pressure-move"
97,PT02M16.00S,1,1610612744,GSW,201939,Curry,S. Curry,28,74,8,Missed,1,0.0,0.0,0,h,MISS Curry 8' Floating Jump Shot,Missed Shot,Floating Jump shot,1,96,21400981,584,7.0,turnover(24),2,3,likely_contested,"subType: contested-like, distance: mid-range"
122,PT00M30.90S,1,1610612744,GSW,201939,Curry,S. Curry,-43,257,26,Missed,1,0.0,0.0,0,h,MISS Curry 26' 3PT Pullup Jump Shot,Missed Shot,Pullup Jump shot,1,120,21400981,690,19.0,made_fg(24),3,3,likely_contested,"subType: contested-like, text: pressure-move"
224,PT01M44.00S,2,1610612744,GSW,201939,Curry,S. Curry,122,233,26,Made,1,65.0,48.0,113,h,Curry 26' 3PT Pullup Jump Shot (10 PTS) (Livingston 4 AST),Made Shot,Pullup Jump shot,1,224,21400981,1336,19.0,def_reb(24),3,3,likely_contested,"subType: contested-like, text: pressure-move"
226,PT01M13.00S,2,1610612744,GSW,201939,Curry,S. Curry,-234,6,0,Made,1,68.0,48.0,116,h,Curry  3PT Pullup Jump Shot (13 PTS) (Livingston 5 AST),Made Shot,Pullup Jump shot,1,227,21400981,1367,5.0,off_reb(14),3,5,likely_contested,"subType: contested-like, text: pressure-move, distance: at-rim/very close, coords: corner-3, clock: late (<=5s)"
239,PT00M01.60S,2,1610612744,GSW,201939,Curry,S. Curry,-190,200,28,Made,1,73.0,52.0,125,h,Curry 28' 3PT Step Back Jump Shot (16 PTS) (Bogut 1 AST),Made Shot,Step Back Jump shot,1,238,21400981,1439,23.0,made_fg(24),3,2,likely_contested,"subType: contested-like, text: pressure-move, distance: deep above-break 3 (>=27ft)"
248,PT11M25.00S,3,1610612744,GSW,201939,Curry,S. Curry,-11,115,12,Missed,1,0.0,0.0,0,h,MISS Curry 12' Jump Shot,Missed Shot,Jump Shot,1,244,21400981,1475,8.0,def_reb(24),2,0,likely_open,"subType: open-like, distance: mid-range"
295,PT06M56.00S,3,1610612744,GSW,201939,Curry,S. Curry,-52,246,25,Missed,1,0.0,0.0,0,h,MISS Curry 25' 3PT Step Back Jump Shot,Missed Shot,Step Back Jump shot,1,289,21400981,1744,12.0,made_fg(24),3,3,likely_contested,"subType: contested-like, text: pressure-move"
310,PT05M02.00S,3,1610612744,GSW,201939,Curry,S. Curry,-11,6,1,Made,1,95.0,64.0,159,h,Curry 1' Driving Layup (18 PTS),Made Shot,Driving Layup Shot,1,306,21400981,1858,19.0,turnover(24),2,3,likely_contested,"subType: contested-like, distance: at-rim/very close"
316,PT04M34.00S,3,1610612744,GSW,201939,Curry,S. Curry,113,224,25,Made,1,98.0,65.0,163,h,Curry 25' 3PT Pullup Jump Shot (21 PTS),Made Shot,Pullup Jump shot,1,312,21400981,1886,10.0,final_ft(24),3,3,likely_contested,"subType: contested-like, text: pressure-move"
318,PT04M00.00S,3,1610612744,GSW,201939,Curry,S. Curry,-10,12,2,Made,1,100.0,67.0,167,h,Curry 2' Driving Reverse Layup (23 PTS),Made Shot,Driving Reverse Layup Shot,1,314,21400981,1920,9.0,made_fg(24),2,3,likely_contested,"subType: contested-like, distance: at-rim/very close"
2,PT11M44.00S,1,1610612744,GSW,201939,Curry,S. Curry,99,203,23,Missed,1,0.0,0.0,0,h,MISS Curry 23' Step Back Jump Shot,Missed Shot,Step Back Jump shot,1,3,21400999,16,8.0,jumpball(24),2,3,likely_contested,"subType: contested-like, text: pressure-move"
50,PT05M29.00S,1,1610612744,GSW,201939,Curry,S. Curry,125,217,25,Missed,1,0.0,0.0,0,h,MISS Curry 25' 3PT Jump Shot,Missed Shot,Jump Shot,1,55,21400999,391,2.0,made_fg(24),3,0,likely_open,"subType: open-like, clock: late (<=5s)"
207,PT04M26.00S,2,1610612744,GSW,201939,Curry,S. Curry,-16,6,2,Made,1,52.0,43.0,95,h,Curry 2' Driving Finger Roll Layup (2 PTS),Made Shot,Driving Finger Roll Layup Shot,1,207,21400999,1174,15.0,def_reb(24),2,1,borderline,distance: at-rim/very close
250,PT00M40.90S,2,1610612744,GSW,201939,Curry,S. Curry,75,206,22,Missed,1,0.0,0.0,0,h,MISS Curry 22' Step Back Jump Shot,Missed Shot,Step Back Jump shot,1,245,21400999,1400,17.0,def_reb(24),2,3,likely_contested,"subType: contested-like, text: pressure-move"
265,PT10M25.00S,3,1610612744,GSW,201939,Curry,S. Curry,116,235,26,Missed,1,0.0,0.0,0,h,MISS Curry 26' 3PT Jump Shot,Missed Shot,Jump Shot,1,261,21400999,1535,4.0,made_fg(24),3,0,likely_open,"subType: open-like, clock: late (<=5s)"
271,PT09M51.00S,3,1610612744,GSW,201939,Curry,S. Curry,124,239,27,Missed,1,0.0,0.0,0,h,MISS Curry 27' 3PT Jump Shot,Missed Shot,Jump Shot,1,267,21400999,1569,12.0,def_reb(24),3,-2,likely_open,"subType: open-like, distance: deep above-break 3 (>=27ft)"
277,PT08M54.00S,3,1610612744,GSW,201939,Curry,S. Curry,132,23,13,Missed,1,0.0,0.0,0,h,MISS Curry 13' Jump Shot,Missed Shot,Jump Shot,1,273,21400999,1626,18.0,def_reb(24),2,0,likely_open,"subType: open-like, distance: mid-range"
300,PT05M51.00S,3,1610612744,GSW,201939,Curry,S. Curry,42,195,20,Made,1,67.0,65.0,132,h,Curry 20' Jump Shot (4 PTS),Made Shot,Jump Shot,1,293,21400999,1809,15.0,made_fg(24),2,-1,likely_open,subType: open-like
316,PT04M59.00S,3,1610612744,GSW,201939,Curry,S. Curry,23,12,3,Made,1,71.0,67.0,138,h,Curry 3' Driving Finger Roll Layup (6 PTS),Made Shot,Driving Finger Roll Layup Shot,1,306,21400999,1861,18.0,def_reb(24),2,1,borderline,distance: at-rim/very close
335,PT02M10.00S,3,1610612744,GSW,201939,Curry,S. Curry,149,211,26,Made,1,78.0,74.0,152,h,Curry 26' 3PT Step Back Jump Shot (9 PTS) (Bogut 3 AST),Made Shot,Step Back Jump shot,1,326,21400999,2030,4.0,made_fg(24),3,4,likely_contested,"subType: contested-like, text: pressure-move, clock: late (<=5s)"
338,PT01M31.00S,3,1610612744,GSW,201939,Curry,S. Curry,-149,222,27,Made,1,81.0,74.0,155,h,Curry 27' 3PT Jump Shot (12 PTS) (Iguodala 5 AST),Made Shot,Jump Shot,1,329,21400999,2069,13.0,def_reb(24),3,-2,likely_open,"subType: open-like, distance: deep above-break 3 (>=27ft)"
350,PT00M47.90S,3,1610612744,GSW,201939,Curry,S. Curry,103,124,16,Missed,1,0.0,0.0,0,h,MISS Curry 16' Jump Shot,Missed Shot,Jump Shot,1,337,21400999,2113,3.0,made_fg(24),2,1,borderline,"subType: open-like, distance: mid-range, clock: late (<=5s)"
455,PT03M38.00S,4,1610612744,GSW,201939,Curry,S. Curry,-120,241,27,Missed,1,0.0,0.0,0,h,MISS Curry 27' 3PT Pullup Jump Shot,Missed Shot,Pullup Jump shot,1,431,21400999,2662,16.0,turnover(24),3,2,likely_contested,"subType: contested-like, text: pressure-move, distance: deep above-break 3 (>=27ft)"
490,PT00M11.80S,4,1610612744,GSW,201939,Curry,S. Curry,147,160,22,Missed,1,0.0,0.0,0,h,MISS Curry 22' Step Back Jump Shot,Missed Shot,Step Back Jump shot,1,464,21400999,2869,5.0,def_reb(24),2,4,likely_contested,"subType: contested-like, text: pressure-move, clock: late (<=5s)"
19,PT09M33.00S,1,1610612744,GSW,201939,Curry,S. Curry,110,159,19,Missed,1,0.0,0.0,0,h,MISS Curry 19' Jump Shot,Missed Shot,Jump Shot,1,24,21401014,147,16.0,def_reb(24),2,-1,likely_open,subType: open-like
39,PT06M19.00S,1,1610612744,GSW,201939,Curry,S. Curry,197,144,24,Made,1,13.0,13.0,26,h,Curry 24' 3PT Jump Shot (3 PTS) (Barnes 1 AST),Made Shot,Jump Shot,1,48,21401014,341,12.0,def_reb(24),3,-1,likely_open,subType: open-like
49,PT05M40.00S,1,1610612744,GSW,201939,Curry,S. Curry,210,54,22,Made,1,15.0,13.0,28,h,Curry 22' Jump Shot (5 PTS) (Barbosa 1 AST),Made Shot,Jump Shot,1,55,21401014,380,15.0,def_reb(24),2,-1,likely_open,subType: open-like
55,PT04M47.00S,1,1610612744,GSW,201939,Curry,S. Curry,-213,91,23,Missed,1,0.0,0.0,0,h,MISS Curry 23' Jump Shot,Missed Shot,Jump Shot,1,61,21401014,433,13.0,def_reb(24),2,-1,likely_open,subType: open-like
199,PT05M15.00S,2,1610612744,GSW,201939,Curry,S. Curry,237,-17,24,Missed,1,0.0,0.0,0,h,MISS Curry 24' 3PT Pullup Jump Shot,Missed Shot,Pullup Jump shot,1,187,21401014,1125,0.0,final_ft(24),3,4,likely_contested,"subType: contested-like, text: pressure-move, coords: corner-3, clock: late (<=5s)"
206,PT04M22.00S,2,1610612744,GSW,201939,Curry,S. Curry,-100,244,26,Made,1,49.0,40.0,89,h,Curry 26' 3PT Pullup Jump Shot (10 PTS) (Green 1 AST),Made Shot,Pullup Jump shot,1,195,21401014,1178,22.0,def_reb(24),3,3,likely_contested,"subType: contested-like, text: pressure-move"
224,PT03M26.00S,2,1610612744,GSW,201939,Curry,S. Curry,-134,184,23,Missed,1,0.0,0.0,0,h,MISS Curry 23' Jump Shot,Missed Shot,Jump Shot,1,210,21401014,1234,6.0,def_reb(24),2,-1,likely_open,subType: open-like
302,PT09M05.00S,3,1610612744,GSW,201939,Curry,S. Curry,-2,26,3,Made,1,65.0,55.0,120,h,Curry 3' Reverse Layup (13 PTS) (Holiday 3 AST),Made Shot,Reverse Layup Shot,1,286,21401014,1615,20.0,turnover(24),2,3,likely_contested,"subType: contested-like, distance: at-rim/very close"
315,PT08M04.00S,3,1610612744,GSW,201939,Curry,S. Curry,54,244,25,Missed,1,0.0,0.0,0,h,MISS Curry 25' 3PT Jump Shot,Missed Shot,Jump Shot,1,299,21401014,1676,10.0,def_reb(24),3,-1,likely_open,subType: open-like
363,PT03M50.00S,3,1610612744,GSW,201939,Curry,S. Curry,-144,211,26,Missed,1,0.0,0.0,0,h,MISS Curry 26' 3PT Jump Shot,Missed Shot,Jump Shot,1,337,21401014,1930,,stale_reset(24),3,-1,likely_open,subType: open-like
382,PT02M14.00S,3,1610612744,GSW,201939,Curry,S. Curry,-193,205,28,Missed,1,0.0,0.0,0,h,MISS Curry 28' 3PT Jump Shot,Missed Shot,Jump Shot,1,355,21401014,2026,12.0,off_reb(14),3,-2,likely_open,"subType: open-like, distance: deep above-break 3 (>=27ft)"
26,PT09M31.00S,1,1610612744,GSW,201939,Curry,S. Curry,1,254,25,Missed,1,0.0,0.0,0,h,MISS Curry 25' 3PT Jump Shot,Missed Shot,Jump Shot,1,24,21401030,149,18.0,turnover(24),3,-1,likely_open,subType: open-like
35,PT08M51.00S,1,1610612744,GSW,201939,Curry,S. Curry,-105,190,22,Made,1,10.0,12.0,22,h,Curry 22' Pullup Jump Shot (4 PTS),Made Shot,Pullup Jump shot,1,31,21401030,189,16.0,made_fg(24),2,3,likely_contested,"subType: contested-like, text: pressure-move"
41,PT08M00.00S,1,1610612744,GSW,201939,Curry,S. Curry,163,157,23,Missed,1,0.0,0.0,0,h,MISS Curry 23' Step Back Jump Shot,Missed Shot,Step Back Jump shot,1,37,21401030,240,16.0,def_reb(24),2,3,likely_contested,"subType: contested-like, text: pressure-move"
44,PT07M25.00S,1,1610612744,GSW,201939,Curry,S. Curry,-5,22,2,Missed,1,0.0,0.0,0,h,MISS Curry 2' Running Finger Roll Layup,Missed Shot,Running Finger Roll Layup Shot,1,40,21401030,275,5.0,turnover(24),2,2,likely_contested,"distance: at-rim/very close, clock: late (<=5s)"
59,PT06M26.00S,1,1610612744,GSW,201939,Curry,S. Curry,203,162,26,Missed,1,0.0,0.0,0,h,MISS Curry 26' 3PT Pullup Jump Shot,Missed Shot,Pullup Jump shot,1,54,21401030,334,20.0,def_reb(24),3,3,likely_contested,"subType: contested-like, text: pressure-move"
76,PT05M01.00S,1,1610612744,GSW,201939,Curry,S. Curry,181,214,28,Missed,1,0.0,0.0,0,h,MISS Curry 28' 3PT Pullup Jump Shot,Missed Shot,Pullup Jump shot,1,67,21401030,419,1.0,def_reb(24),3,3,likely_contested,"subType: contested-like, text: pressure-move, distance: deep above-break 3 (>=27ft), clock: late (<=5s)"
94,PT03M25.00S,1,1610612744,GSW,201939,Curry,S. Curry,152,23,15,Missed,1,0.0,0.0,0,h,MISS Curry 15' Step Back Jump Shot,Missed Shot,Step Back Jump shot,1,85,21401030,515,15.0,final_ft(24),2,4,likely_contested,"subType: contested-like, text: pressure-move, distance: mid-range"
107,PT02M28.00S,1,1610612744,GSW,201939,Curry,S. Curry,129,146,19,Missed,1,0.0,0.0,0,h,MISS Curry 19' Pullup Jump Shot,Missed Shot,Pullup Jump shot,1,95,21401030,572,,stale_reset(16),2,3,likely_contested,"subType: contested-like, text: pressure-move"
115,PT01M08.00S,1,1610612744,GSW,201939,Curry,S. Curry,144,244,28,Missed,1,0.0,0.0,0,h,MISS Curry 28' 3PT Pullup Jump Shot,Missed Shot,Pullup Jump shot,1,103,21401030,652,17.0,def_reb(24),3,2,likely_contested,"subType: contested-like, text: pressure-move, distance: deep above-break 3 (>=27ft)"
306,PT07M01.00S,3,1610612744,GSW,201939,Curry,S. Curry,-120,266,29,Missed,1,0.0,0.0,0,h,MISS Curry 29' 3PT Jump Shot,Missed Shot,Jump Shot,1,276,21401030,1739,15.0,made_fg(24),3,-2,likely_open,"subType: open-like, distance: deep above-break 3 (>=27ft)"
309,PT06M45.00S,3,1610612744,GSW,201939,Curry,S. Curry,-122,137,18,Missed,1,0.0,0.0,0,h,MISS Curry 18' Jump Shot,Missed Shot,Jump Shot,1,279,21401030,1755,13.0,turnover(24),2,-1,likely_open,subType: open-like
328,PT05M06.00S,3,1610612744,GSW,201939,Curry,S. Curry,-97,252,27,Missed,1,0.0,0.0,0,h,MISS Curry 27' 3PT Pullup Jump Shot,Missed Shot,Pullup Jump shot,1,295,21401030,1854,5.0,final_ft(24),3,3,likely_contested,"subType: contested-like, text: pressure-move, distance: deep above-break 3 (>=27ft), clock: late (<=5s)"
336,PT04M11.00S,3,1610612744,GSW,201939,Curry,S. Curry,-209,140,25,Missed,1,0.0,0.0,0,h,MISS Curry 25' 3PT Pullup Jump Shot,Missed Shot,Pullup Jump shot,1,303,21401030,1909,19.0,def_reb(24),3,3,likely_contested,"subType: contested-like, text: pressure-move"
350,PT02M36.00S,3,1610612744,GSW,201939,Curry,S. Curry,97,261,28,Made,1,75.0,64.0,139,h,Curry 28' 3PT Step Back Jump Shot (9 PTS),Made Shot,Step Back Jump shot,1,318,21401030,2004,11.0,made_fg(24),3,2,likely_contested,"subType: contested-like, text: pressure-move, distance: deep above-break 3 (>=27ft)"
370,PT01M12.00S,3,1610612744,GSW,201939,Curry,S. Curry,20,45,5,Made,1,81.0,64.0,145,h,Curry 5' Driving Jump Shot (13 PTS),Made Shot,Driving Jump shot,1,334,21401030,2088,17.0,def_reb(24),2,1,borderline,distance: at-rim/very close
374,PT00M22.30S,3,1610612744,GSW,201939,Curry,S. Curry,-210,190,28,Made,1,86.0,66.0,152,h,Curry 28' 3PT Step Back Jump Shot (16 PTS) (Green 3 AST),Made Shot,Step Back Jump shot,1,339,21401030,2138,16.0,made_fg(24),3,2,likely_contested,"subType: contested-like, text: pressure-move, distance: deep above-break 3 (>=27ft)"
376,PT00M01.20S,3,1610612744,GSW,201939,Curry,S. Curry,-109,484,50,Missed,1,0.0,0.0,0,h,MISS Curry 50' 3PT Pullup Jump Shot,Missed Shot,Pullup Jump shot,1,341,21401030,2159,21.0,made_fg(24),3,2,likely_contested,"subType: contested-like, text: pressure-move, distance: deep above-break 3 (>=27ft)"
7,PT10M49.00S,1,1610612744,GSW,201939,Curry,S. Curry,129,118,17,Missed,1,0.0,0.0,0,h,MISS Curry 17' Step Back Jump Shot,Missed Shot,Step Back Jump shot,1,8,21401036,71,10.0,def_reb(24),2,3,likely_contested,"subType: contested-like, text: pressure-move"
29,PT07M42.00S,1,1610612744,GSW,201939,Curry,S. Curry,-15,11,2,Made,1,9.0,7.0,16,h,Curry 2' Driving Reverse Layup (2 PTS) (Bogut 1 AST),Made Shot,Driving Reverse Layup Shot,1,32,21401036,258,9.0,made_fg(24),2,3,likely_contested,"subType: contested-like, distance: at-rim/very close"
35,PT06M34.00S,1,1610612744,GSW,201939,Curry,S. Curry,143,230,27,Missed,1,0.0,0.0,0,h,MISS Curry 27' 3PT Pullup Jump Shot,Missed Shot,Pullup Jump shot,1,38,21401036,326,19.0,def_reb(24),3,2,likely_contested,"subType: contested-like, text: pressure-move, distance: deep above-break 3 (>=27ft)"
78,PT02M21.00S,1,1610612744,GSW,201939,Curry,S. Curry,1,52,5,Missed,1,0.0,0.0,0,h,MISS Curry 5' Floating Jump Shot,Missed Shot,Floating Jump shot,1,81,21401036,579,19.0,turnover(24),2,3,likely_contested,"subType: contested-like, distance: at-rim/very close"
101,PT00M28.90S,1,1610612744,GSW,201939,Curry,S. Curry,9,15,2,Missed,1,0.0,0.0,0,h,MISS Curry 2' Driving Finger Roll Layup,Missed Shot,Driving Finger Roll Layup Shot,1,100,21401036,692,11.0,def_reb(24),2,1,borderline,distance: at-rim/very close
104,PT00M00.90S,1,1610612744,GSW,201939,Curry,S. Curry,157,279,32,Missed,1,0.0,0.0,0,h,MISS Curry 32' 3PT Jump Shot,Missed Shot,Jump Shot,1,104,21401036,720,18.0,made_fg(24),3,-2,likely_open,"subType: open-like, distance: deep above-break 3 (>=27ft)"
160,PT03M26.00S,2,1610612744,GSW,201939,Curry,S. Curry,-86,45,10,Made,1,38.0,35.0,73,h,Curry 10' Floating Jump Shot (6 PTS) (Bogut 2 AST),Made Shot,Floating Jump shot,1,158,21401036,1234,12.0,made_fg(24),2,3,likely_contested,"subType: contested-like, distance: mid-range"
168,PT02M57.00S,2,1610612744,GSW,201939,Curry,S. Curry,36,247,25,Made,1,42.0,35.0,77,h,Curry 25' 3PT Pullup Jump Shot (10 PTS) (Green 3 AST),Made Shot,Pullup Jump shot,1,166,21401036,1263,7.0,keep_clock(22),3,3,likely_contested,"subType: contested-like, text: pressure-move"
185,PT00M57.80S,2,1610612744,GSW,201939,Curry,S. Curry,-157,203,26,Made,1,47.0,38.0,85,h,Curry 26' 3PT Pullup Jump Shot (13 PTS),Made Shot,Pullup Jump shot,1,184,21401036,1383,16.0,def_reb(24),3,3,likely_contested,"subType: contested-like, text: pressure-move"
187,PT00M34.20S,2,1610612744,GSW,201939,Curry,S. Curry,6,91,9,Made,1,49.0,40.0,89,h,Curry 9' Driving Bank Shot (15 PTS),Made Shot,Driving Bank shot,1,186,21401036,1406,14.0,made_fg(24),2,1,borderline,distance: mid-range
190,PT00M05.90S,2,1610612744,GSW,201939,Curry,S. Curry,6,50,5,Missed,1,0.0,0.0,0,h,MISS Curry 5' Floating Jump Shot,Missed Shot,Floating Jump shot,1,189,21401036,1435,17.0,turnover(24),2,3,likely_contested,"subType: contested-like, distance: at-rim/very close"
221,PT09M44.00S,3,1610612744,GSW,201939,Curry,S. Curry,-232,9,0,Made,1,53.0,44.0,97,h,Curry  3PT Jump Shot (18 PTS) (Holiday 1 AST),Made Shot,Jump Shot,1,220,21401036,1576,8.0,off_reb(14),3,-1,likely_open,"subType: open-like, distance: at-rim/very close, coords: corner-3, corner: catch/spot"
227,PT09M06.00S,3,1610612744,GSW,201939,Curry,S. Curry,-185,135,23,Made,1,55.0,46.0,101,h,Curry 23' Step Back Jump Shot (20 PTS),Made Shot,Step Back Jump shot,1,224,21401036,1614,13.0,final_ft(24),2,3,likely_contested,"subType: contested-like, text: pressure-move"
229,PT08M37.00S,3,1610612744,GSW,201939,Curry,S. Curry,-45,45,6,Missed,1,0.0,0.0,0,h,MISS Curry 6' Floating Jump Shot,Missed Shot,Floating Jump shot,1,226,21401036,1643,11.0,made_fg(24),2,2,likely_contested,subType: contested-like
235,PT07M26.00S,3,1610612744,GSW,201939,Curry,S. Curry,-11,7,1,Made,1,59.0,51.0,110,h,Curry 1' Driving Layup (22 PTS) (Bogut 4 AST),Made Shot,Driving Layup Shot,1,232,21401036,1714,14.0,def_reb(24),2,3,likely_contested,"subType: contested-like, distance: at-rim/very close"
274,PT04M12.00S,3,1610612744,GSW,201939,Curry,S. Curry,2,96,10,Missed,1,0.0,0.0,0,h,MISS Curry 10' Floating Jump Shot,Missed Shot,Floating Jump shot,1,266,21401036,1908,14.0,def_reb(24),2,3,likely_contested,"subType: contested-like, distance: mid-range"
445,PT02M15.00S,4,1610612744,GSW,201939,Curry,S. Curry,-78,249,26,Missed,1,0.0,0.0,0,h,MISS Curry 26' 3PT Jump Shot,Missed Shot,Jump Shot,1,414,21401036,2745,10.0,def_reb(24),3,-1,likely_open,subType: open-like
450,PT01M56.00S,4,1610612744,GSW,201939,Curry,S. Curry,-4,15,2,Missed,1,0.0,0.0,0,h,MISS Curry 2' Driving Finger Roll Layup,Missed Shot,Driving Finger Roll Layup Shot,1,420,21401036,2764,20.0,def_reb(24),2,1,borderline,distance: at-rim/very close
13,PT10M33.00S,1,1610612744,GSW,201939,Curry,S. Curry,-205,164,26,Missed,1,0.0,0.0,0,h,MISS Curry 26' 3PT Step Back Jump Shot,Missed Shot,Step Back Jump shot,1,14,21401053,87,10.0,off_reb(14),3,3,likely_contested,"subType: contested-like, text: pressure-move"
52,PT06M19.00S,1,1610612744,GSW,201939,Curry,S. Curry,69,257,27,Made,1,10.0,10.0,20,h,Curry 27' 3PT Step Back Jump Shot (3 PTS),Made Shot,Step Back Jump shot,1,53,21401053,341,15.0,def_reb(24),3,2,likely_contested,"subType: contested-like, text: pressure-move, distance: deep above-break 3 (>=27ft)"
57,PT05M57.00S,1,1610612744,GSW,201939,Curry,S. Curry,108,242,27,Made,1,13.0,10.0,23,h,Curry 27' 3PT Pullup Jump Shot (6 PTS),Made Shot,Pullup Jump shot,1,58,21401053,363,20.0,turnover(24),3,2,likely_contested,"subType: contested-like, text: pressure-move, distance: deep above-break 3 (>=27ft)"
64,PT04M56.00S,1,1610612744,GSW,201939,Curry,S. Curry,-155,31,16,Made,1,17.0,10.0,27,h,Curry 16' Pullup Jump Shot (8 PTS) (Bogut 1 AST),Made Shot,Pullup Jump shot,1,66,21401053,424,7.0,keep_clock(16),2,4,likely_contested,"subType: contested-like, text: pressure-move, distance: mid-range"
114,PT01M13.00S,1,1610612744,GSW,201939,Curry,S. Curry,110,164,20,Made,1,24.0,20.0,44,h,Curry 20' Running Jump Shot (13 PTS),Made Shot,Running Jump Shot,1,111,21401053,647,15.0,def_reb(24),2,-1,likely_open,subType: open-like
225,PT02M07.00S,2,1610612744,GSW,201939,Curry,S. Curry,17,19,3,Made,1,44.0,44.0,88,h,Curry 3' Driving Finger Roll Layup (15 PTS),Made Shot,Driving Finger Roll Layup Shot,1,215,21401053,1313,12.0,def_reb(24),2,1,borderline,distance: at-rim/very close
255,PT11M35.00S,3,1610612744,GSW,201939,Curry,S. Curry,-46,22,5,Missed,1,0.0,0.0,0,h,MISS Curry 5' Step Back Jump Shot,Missed Shot,Step Back Jump shot,1,244,21401053,1465,16.0,turnover(24),2,4,likely_contested,"subType: contested-like, text: pressure-move, distance: at-rim/very close"
275,PT09M57.00S,3,1610612744,GSW,201939,Curry,S. Curry,28,258,26,Missed,1,0.0,0.0,0,h,MISS Curry 26' 3PT Jump Shot,Missed Shot,Jump Shot,1,262,21401053,1563,18.0,def_reb(24),3,-1,likely_open,subType: open-like
307,PT06M30.00S,3,1610612744,GSW,201939,Curry,S. Curry,192,224,30,Missed,1,0.0,0.0,0,h,MISS Curry 30' 3PT Step Back Jump Shot,Missed Shot,Step Back Jump shot,1,292,21401053,1770,1.0,def_reb(24),3,3,likely_contested,"subType: contested-like, text: pressure-move, distance: deep above-break 3 (>=27ft), clock: late (<=5s)"
326,PT04M47.00S,3,1610612744,GSW,201939,Curry,S. Curry,72,124,14,Missed,1,0.0,0.0,0,h,MISS Curry 14' Jump Shot,Missed Shot,Jump Shot,1,311,21401053,1873,11.0,def_reb(24),2,0,likely_open,"subType: open-like, distance: mid-range"
330,PT04M24.00S,3,1610612744,GSW,201939,Curry,S. Curry,0,254,25,Made,1,66.0,51.0,117,h,Curry 25' 3PT Pullup Jump Shot (18 PTS),Made Shot,Pullup Jump shot,1,315,21401053,1896,16.0,def_reb(24),3,3,likely_contested,"subType: contested-like, text: pressure-move"
341,PT03M09.00S,3,1610612744,GSW,201939,Curry,S. Curry,143,231,27,Made,1,71.0,51.0,122,h,Curry 27' 3PT Pullup Jump Shot (21 PTS) (Barnes 2 AST),Made Shot,Pullup Jump shot,1,327,21401053,1971,15.0,turnover(24),3,2,likely_contested,"subType: contested-like, text: pressure-move, distance: deep above-break 3 (>=27ft)"
347,PT02M28.00S,3,1610612744,GSW,201939,Curry,S. Curry,218,190,29,Made,1,74.0,51.0,125,h,Curry 29' 3PT Pullup Jump Shot (24 PTS),Made Shot,Pullup Jump shot,1,332,21401053,2012,7.0,def_reb(24),3,2,likely_contested,"subType: contested-like, text: pressure-move, distance: deep above-break 3 (>=27ft)"
363,PT01M19.00S,3,1610612744,GSW,201939,Curry,S. Curry,149,132,20,Missed,1,0.0,0.0,0,h,MISS Curry 20' Step Back Jump Shot,Missed Shot,Step Back Jump shot,1,345,21401053,2081,14.0,final_ft(24),2,3,likely_contested,"subType: contested-like, text: pressure-move"
9,PT11M04.00S,1,1610612744,GSW,201939,Curry,S. Curry,9,258,26,Missed,1,0.0,0.0,0,v,MISS Curry 26' 3PT Jump Shot,Missed Shot,Jump Shot,1,10,21401059,56,19.0,def_reb(24),3,-1,likely_open,subType: open-like
27,PT08M47.00S,1,1610612744,GSW,201939,Curry,S. Curry,-207,-10,21,Made,1,6.0,10.0,16,v,Curry 21' Jump Shot (2 PTS) (Bogut 2 AST),Made Shot,Jump Shot,1,30,21401059,193,13.0,def_reb(24),2,-1,likely_open,subType: open-like
34,PT07M39.00S,1,1610612744,GSW,201939,Curry,S. Curry,26,-3,3,Missed,1,0.0,0.0,0,v,MISS Curry 3' Layup,Missed Shot,Layup Shot,1,38,21401059,261,15.0,made_fg(24),2,1,borderline,distance: at-rim/very close
52,PT05M33.00S,1,1610612744,GSW,201939,Curry,S. Curry,-56,183,19,Made,1,17.0,16.0,33,v,Curry 19' Jump Shot (4 PTS),Made Shot,Jump Shot,1,51,21401059,387,13.0,made_fg(24),2,-1,likely_open,subType: open-like
60,PT04M33.00S,1,1610612744,GSW,201939,Curry,S. Curry,114,154,19,Missed,1,0.0,0.0,0,v,MISS Curry 19' Jump Shot,Missed Shot,Jump Shot,1,57,21401059,447,13.0,made_fg(24),2,-1,likely_open,subType: open-like
94,PT02M33.00S,1,1610612744,GSW,201939,Curry,S. Curry,6,19,2,Made,1,28.0,22.0,50,v,Curry 2' Finger Roll Layup (6 PTS) (Ezeli 1 AST),Made Shot,Finger Roll Layup Shot,1,81,21401059,567,10.0,off_reb(14),2,1,borderline,distance: at-rim/very close
203,PT04M55.00S,2,1610612744,GSW,201939,Curry,S. Curry,-234,-3,0,Made,1,53.0,44.0,97,v,Curry  3PT Jump Shot (9 PTS) (Iguodala 2 AST),Made Shot,Jump Shot,1,172,21401059,1145,3.0,made_fg(24),3,0,likely_open,"subType: open-like, distance: at-rim/very close, coords: corner-3, corner: catch/spot, clock: late (<=5s)"
205,PT04M34.00S,2,1610612744,GSW,201939,Curry,S. Curry,2,266,27,Made,1,53.0,47.0,100,v,Curry 27' 3PT Jump Shot (12 PTS),Made Shot,Jump Shot,1,174,21401059,1166,17.0,turnover(24),3,-2,likely_open,"subType: open-like, distance: deep above-break 3 (>=27ft)"
211,PT03M47.00S,2,1610612744,GSW,201939,Curry,S. Curry,-8,-3,1,Missed,1,0.0,0.0,0,v,MISS Curry 1' Layup,Missed Shot,Layup Shot,1,178,21401059,1213,3.0,final_ft(24),2,2,likely_contested,"distance: at-rim/very close, clock: late (<=5s)"
239,PT01M03.00S,2,1610612744,GSW,201939,Curry,S. Curry,-38,170,17,Missed,1,0.0,0.0,0,v,MISS Curry 17' Jump Shot,Missed Shot,Jump Shot,1,201,21401059,1377,12.0,def_reb(24),2,-1,likely_open,subType: open-like
252,PT00M27.90S,2,1610612744,GSW,201939,Curry,S. Curry,0,1,0,Made,1,62.0,57.0,119,v,Curry  Slam Dunk (14 PTS) (Green 2 AST),Made Shot,Slam Dunk Shot,1,210,21401059,1413,23.0,def_reb(24),2,1,borderline,distance: at-rim/very close
276,PT09M33.00S,3,1610612744,GSW,201939,Curry,S. Curry,-5,-5,1,Made,1,66.0,66.0,132,v,Curry 1' Layup (16 PTS) (Bogut 5 AST),Made Shot,Layup Shot,1,233,21401059,1587,4.0,def_reb(24),2,2,likely_contested,"distance: at-rim/very close, clock: late (<=5s)"
281,PT08M47.00S,3,1610612744,GSW,201939,Curry,S. Curry,-70,260,27,Missed,1,0.0,0.0,0,v,MISS Curry 27' 3PT Jump Shot,Missed Shot,Jump Shot,1,238,21401059,1633,16.0,def_reb(24),3,-2,likely_open,"subType: open-like, distance: deep above-break 3 (>=27ft)"
287,PT08M27.00S,3,1610612744,GSW,201939,Curry,S. Curry,-232,-17,0,Made,1,66.0,69.0,135,v,Curry  3PT Jump Shot (19 PTS) (Thompson 2 AST),Made Shot,Jump Shot,1,244,21401059,1653,20.0,def_reb(24),3,-1,likely_open,"subType: open-like, distance: at-rim/very close, coords: corner-3, corner: catch/spot"
301,PT06M57.00S,3,1610612744,GSW,201939,Curry,S. Curry,-4,119,12,Made,1,69.0,73.0,142,v,Curry 12' Floating Jump Shot (21 PTS) (Bogut 6 AST),Made Shot,Floating Jump shot,1,254,21401059,1743,9.0,off_reb(14),2,3,likely_contested,"subType: contested-like, distance: mid-range"
303,PT06M41.00S,3,1610612744,GSW,201939,Curry,S. Curry,1,258,26,Missed,1,0.0,0.0,0,v,MISS Curry 26' 3PT Jump Shot,Missed Shot,Jump Shot,1,256,21401059,1759,20.0,turnover(24),3,-1,likely_open,subType: open-like
321,PT05M05.00S,3,1610612744,GSW,201939,Curry,S. Curry,-239,42,24,Made,1,69.0,80.0,149,v,Curry 24' 3PT Jump Shot (24 PTS) (Green 4 AST),Made Shot,Jump Shot,1,273,21401059,1855,6.0,def_reb(24),3,-2,likely_open,"subType: open-like, coords: corner-3, corner: catch/spot"
339,PT03M10.00S,3,1610612744,GSW,201939,Curry,S. Curry,18,186,19,Missed,1,0.0,0.0,0,v,MISS Curry 19' Jump Shot,Missed Shot,Jump Shot,1,288,21401059,1970,14.0,made_fg(24),2,-1,likely_open,subType: open-like
353,PT02M13.00S,3,1610612744,GSW,201939,Curry,S. Curry,177,173,25,Made,1,77.0,85.0,162,v,Curry 25' 3PT Jump Shot (27 PTS),Made Shot,Jump Shot,1,297,21401059,2027,10.0,keep_clock(19),3,-1,likely_open,subType: open-like
412,PT07M36.00S,4,1610612744,GSW,201939,Curry,S. Curry,61,22,6,Made,1,91.0,102.0,193,v,Curry 6' Jump Shot (29 PTS) (Iguodala 4 AST),Made Shot,Jump Shot,1,352,21401059,2424,8.0,def_foul_14(14),2,-1,likely_open,subType: open-like
429,PT06M12.00S,4,1610612744,GSW,201939,Curry,S. Curry,0,15,2,Made,1,93.0,106.0,199,v,Curry 2' Layup (31 PTS),Made Shot,Layup Shot,1,365,21401059,2508,4.0,def_foul_14(14),2,2,likely_contested,"distance: at-rim/very close, clock: late (<=5s)"
491,PT01M17.00S,4,1610612744,GSW,201939,Curry,S. Curry,-35,255,26,Missed,1,0.0,0.0,0,v,MISS Curry 26' 3PT Jump Shot,Missed Shot,Jump Shot,1,420,21401059,2803,13.0,made_fg(24),3,-1,likely_open,subType: open-like
31,PT07M51.00S,1,1610612744,GSW,201939,Curry,S. Curry,127,176,22,Made,1,7.0,11.0,18,v,Curry 22' Pullup Jump Shot (2 PTS) (Barnes 1 AST),Made Shot,Pullup Jump shot,1,33,21401082,249,16.0,def_reb(24),2,3,likely_contested,"subType: contested-like, text: pressure-move"
45,PT06M20.00S,1,1610612744,GSW,201939,Curry,S. Curry,171,198,26,Missed,1,,,0,v,MISS Curry 26' 3PT Jump Shot,Missed Shot,Jump Shot,1,47,21401082,340,18.0,turnover(24),3,-1,likely_open,subType: open-like
86,PT01M55.00S,1,1610612744,GSW,201939,Curry,S. Curry,89,28,9,Missed,1,,,0,v,MISS Curry 9' Jump Bank Shot,Missed Shot,Jump Bank Shot,1,85,21401082,605,11.0,made_fg(24),2,3,likely_contested,"subType: contested-like, distance: mid-range"
90,PT01M37.00S,1,1610612744,GSW,201939,Curry,S. Curry,-235,14,24,Made,1,22.0,28.0,50,v,Curry 24' 3PT Jump Shot (5 PTS) (Bogut 2 AST),Made Shot,Jump Shot,1,89,21401082,623,,stale_reset(14),3,-2,likely_open,"subType: open-like, coords: corner-3, corner: catch/spot"
97,PT00M59.60S,1,1610612744,GSW,201939,Curry,S. Curry,149,214,26,Made,1,22.0,31.0,53,v,Curry 26' 3PT Jump Shot (8 PTS),Made Shot,Jump Shot,1,97,21401082,661,17.0,turnover(24),3,-1,likely_open,subType: open-like
104,PT00M28.40S,1,1610612744,GSW,201939,Curry,S. Curry,129,172,22,Missed,1,,,0,v,MISS Curry 22' Jump Shot,Missed Shot,Jump Shot,1,102,21401082,692,2.0,final_ft(24),2,0,likely_open,"subType: open-like, clock: late (<=5s)"
109,PT00M03.90S,1,1610612744,GSW,201939,Curry,S. Curry,42,61,7,Missed,1,,,0,v,MISS Curry 7' Running Jump Shot,Missed Shot,Running Jump Shot,1,107,21401082,717,10.0,off_reb(14),2,-1,likely_open,subType: open-like
111,PT00M00.50S,1,1610612744,GSW,201939,Curry,S. Curry,10,1,1,Missed,1,,,0,v,MISS Curry 1' Layup,Missed Shot,Layup Shot,1,109,21401082,720,13.0,off_reb(14),2,1,borderline,distance: at-rim/very close
219,PT02M52.00S,2,1610612744,GSW,201939,Curry,S. Curry,228,20,0,Made,1,41.0,47.0,88,v,Curry 3PT Jump Shot (11 PTS) (Livingston 3 AST),Made Shot,Jump Shot,1,212,21401082,1268,,stale_reset(24),3,-1,likely_open,"subType: open-like, distance: at-rim/very close, coords: corner-3, corner: catch/spot"
235,PT01M15.00S,2,1610612744,GSW,201939,Curry,S. Curry,-147,146,21,Missed,1,,,0,v,MISS Curry 21' Pullup Jump Shot,Missed Shot,Pullup Jump shot,1,225,21401082,1365,19.0,def_reb(24),2,3,likely_contested,"subType: contested-like, text: pressure-move"
245,PT00M34.00S,2,1610612744,GSW,201939,Curry,S. Curry,7,0,1,Made,1,47.0,52.0,99,v,Curry 1' Layup (13 PTS),Made Shot,Layup Shot,1,234,21401082,1406,18.0,made_fg(24),2,1,borderline,distance: at-rim/very close
262,PT11M14.00S,3,1610612744,GSW,201939,Curry,S. Curry,-100,36,11,Made,1,49.0,56.0,105,v,Curry 11' Running Jump Shot (17 PTS),Made Shot,Running Jump Shot,1,251,21401082,1486,14.0,turnover(24),2,0,likely_open,"subType: open-like, distance: mid-range"
265,PT10M43.00S,3,1610612744,GSW,201939,Curry,S. Curry,-223,34,0,Made,1,49.0,59.0,108,v,Curry 3PT Jump Shot (20 PTS) (Green 1 AST),Made Shot,Jump Shot,1,254,21401082,1517,17.0,def_reb(24),3,-1,likely_open,"subType: open-like, distance: at-rim/very close, coords: corner-3, corner: catch/spot"
294,PT07M51.00S,3,1610612744,GSW,201939,Curry,S. Curry,163,228,28,Made,1,57.0,68.0,125,v,Curry 28' 3PT Jump Shot (23 PTS) (Green 3 AST),Made Shot,Jump Shot,1,279,21401082,1689,12.0,final_ft(24),3,-2,likely_open,"subType: open-like, distance: deep above-break 3 (>=27ft)"
309,PT05M52.00S,3,1610612744,GSW,201939,Curry,S. Curry,1,1,0,Made,1,59.0,72.0,131,v,Curry Reverse Layup (25 PTS) (Bogut 3 AST),Made Shot,Reverse Layup Shot,1,295,21401082,1808,21.0,def_reb(24),2,3,likely_contested,"subType: contested-like, distance: at-rim/very close"
318,PT04M45.00S,3,1610612744,GSW,201939,Curry,S. Curry,-21,260,26,Made,1,59.0,77.0,136,v,Curry 26' 3PT Pullup Jump Shot (28 PTS),Made Shot,Pullup Jump shot,1,304,21401082,1875,6.0,def_reb(24),3,3,likely_contested,"subType: contested-like, text: pressure-move"
320,PT04M20.00S,3,1610612744,GSW,201939,Curry,S. Curry,-97,233,25,Missed,1,,,0,v,MISS Curry 25' 3PT Jump Shot,Missed Shot,Jump Shot,1,307,21401082,1900,20.0,turnover(24),3,-1,likely_open,subType: open-like
322,PT04M03.00S,3,1610612744,GSW,201939,Curry,S. Curry,234,33,24,Made,1,59.0,80.0,139,v,Curry 24' 3PT Jump Shot (31 PTS) (Barbosa 2 AST),Made Shot,Jump Shot,1,309,21401082,1917,0.0,off_reb(14),3,-1,likely_open,"subType: open-like, coords: corner-3, corner: catch/spot, clock: late (<=5s)"
358,PT00M30.90S,3,1610612744,GSW,201939,Curry,S. Curry,135,242,28,Missed,1,,,0,v,MISS Curry 28' 3PT Jump Shot,Missed Shot,Jump Shot,1,343,21401082,2130,5.0,made_fg(24),3,-1,likely_open,"subType: open-like, distance: deep above-break 3 (>=27ft), clock: late (<=5s)"
360,PT00M10.90S,3,1610612744,GSW,201939,Curry,S. Curry,124,115,17,Missed,1,,,0,v,MISS Curry 17' Pullup Jump Shot,Missed Shot,Pullup Jump shot,1,345,21401082,2150,,stale_reset(14),2,3,likely_contested,"subType: contested-like, text: pressure-move"
437,PT04M16.00S,4,1610612744,GSW,201939,Curry,S. Curry,103,239,26,Made,1,75.0,92.0,167,v,Curry 26' 3PT Jump Shot (35 PTS),Made Shot,Jump Shot,1,420,21401082,2624,13.0,def_reb(24),3,-1,likely_open,subType: open-like
464,PT01M57.00S,4,1610612744,GSW,201939,Curry,S. Curry,-163,213,27,Missed,1,,,0,v,MISS Curry 27' 3PT Jump Shot,Missed Shot,Jump Shot,1,441,21401082,2763,9.0,made_fg(24),3,-2,likely_open,"subType: open-like, distance: deep above-break 3 (>=27ft)"
33,PT09M00.00S,1,1610612744,GSW,201939,Curry,S. Curry,214,137,25,Made,1,6.0,12.0,18,v,Curry 25' 3PT Jump Shot (3 PTS),Made Shot,Jump Shot,1,28,21401089,180,16.0,final_ft(24),3,-1,likely_open,subType: open-like
77,PT05M01.00S,1,1610612744,GSW,201939,Curry,S. Curry,-5,255,26,Missed,1,0.0,0.0,0,v,MISS Curry 26' 3PT Jump Shot,Missed Shot,Jump Shot,1,69,21401089,419,17.0,def_reb(24),3,-1,likely_open,subType: open-like
97,PT03M27.00S,1,1610612744,GSW,201939,Curry,S. Curry,237,-6,24,Missed,1,0.0,0.0,0,v,MISS Curry 24' 3PT Jump Shot,Missed Shot,Jump Shot,1,90,21401089,513,18.0,turnover(24),3,-2,likely_open,"subType: open-like, coords: corner-3, corner: catch/spot"
134,PT00M38.30S,1,1610612744,GSW,201939,Curry,S. Curry,-2,0,0,Made,1,22.0,23.0,45,v,Curry  Layup (5 PTS),Made Shot,Layup Shot,1,127,21401089,682,12.0,turnover(24),2,1,borderline,distance: at-rim/very close
265,PT02M21.00S,2,1610612744,GSW,201939,Curry,S. Curry,143,219,26,Made,1,32.0,47.0,79,v,Curry 26' 3PT Jump Shot (11 PTS) (Ezeli 1 AST),Made Shot,Jump Shot,1,242,21401089,1299,3.0,off_reb(14),3,0,likely_open,"subType: open-like, clock: late (<=5s)"
291,PT00M00.00S,2,1610612744,GSW,201939,Curry,S. Curry,212,239,32,Missed,1,0.0,0.0,0,v,MISS Curry 32' 3PT Jump Shot,Missed Shot,Jump Shot,1,264,21401089,1440,18.0,def_reb(24),3,-2,likely_open,"subType: open-like, distance: deep above-break 3 (>=27ft)"
306,PT10M02.00S,3,1610612744,GSW,201939,Curry,S. Curry,116,217,25,Made,1,44.0,53.0,97,v,Curry 25' 3PT Jump Shot (14 PTS) (Thompson 3 AST),Made Shot,Jump Shot,1,278,21401089,1558,6.0,made_fg(24),3,-1,likely_open,subType: open-like
450,PT07M45.00S,4,1610612744,GSW,201939,Curry,S. Curry,-229,89,25,Made,1,73.0,87.0,160,v,Curry 25' 3PT Jump Shot (17 PTS) (Barbosa 1 AST),Made Shot,Jump Shot,1,413,21401089,2415,3.0,made_fg(24),3,0,likely_open,"subType: open-like, clock: late (<=5s)"
453,PT07M17.00S,4,1610612744,GSW,201939,Curry,S. Curry,102,75,13,Missed,1,0.0,0.0,0,v,MISS Curry 13' Jump Shot,Missed Shot,Jump Shot,1,416,21401089,2443,14.0,def_reb(24),2,0,likely_open,"subType: open-like, distance: mid-range"
461,PT06M35.00S,4,1610612744,GSW,201939,Curry,S. Curry,230,22,0,Made,1,75.0,92.0,167,v,Curry  3PT Jump Shot (20 PTS),Made Shot,Jump Shot,1,424,21401089,2485,0.0,made_fg(24),3,0,likely_open,"subType: open-like, distance: at-rim/very close, coords: corner-3, corner: catch/spot, clock: late (<=5s)"
482,PT04M54.00S,4,1610612744,GSW,201939,Curry,S. Curry,0,3,0,Missed,1,0.0,0.0,0,v,MISS Curry  Layup,Missed Shot,Layup Shot,1,444,21401089,2586,14.0,def_reb(24),2,1,borderline,distance: at-rim/very close
486,PT04M26.00S,4,1610612744,GSW,201939,Curry,S. Curry,4,14,1,Made,1,78.0,96.0,174,v,Curry 1' Reverse Layup (22 PTS),Made Shot,Reverse Layup Shot,1,448,21401089,2614,16.0,made_fg(24),2,3,likely_contested,"subType: contested-like, distance: at-rim/very close"
491,PT03M48.00S,4,1610612744,GSW,201939,Curry,S. Curry,-217,134,26,Made,1,78.0,99.0,177,v,Curry 26' 3PT Jump Shot (25 PTS) (Livingston 7 AST),Made Shot,Jump Shot,1,453,21401089,2652,15.0,def_reb(24),3,-1,likely_open,subType: open-like
30,PT08M44.00S,1,1610612744,GSW,201939,Curry,S. Curry,-232,6,0,Made,1,11.0,8.0,19,v,Curry  3PT Jump Shot (3 PTS) (Thompson 1 AST),Made Shot,Jump Shot,1,27,21401111,196,5.0,off_reb(14),3,0,likely_open,"subType: open-like, distance: at-rim/very close, coords: corner-3, corner: catch/spot, clock: late (<=5s)"
33,PT08M20.00S,1,1610612744,GSW,201939,Curry,S. Curry,125,235,27,Missed,1,0.0,0.0,0,v,MISS Curry 27' 3PT Jump Shot,Missed Shot,Jump Shot,1,30,21401111,220,18.0,def_reb(24),3,-2,likely_open,"subType: open-like, distance: deep above-break 3 (>=27ft)"
50,PT06M30.00S,1,1610612744,GSW,201939,Curry,S. Curry,10,0,1,Missed,1,0.0,0.0,0,v,MISS Curry 1' Layup,Missed Shot,Layup Shot,1,46,21401111,330,13.0,made_fg(24),2,1,borderline,distance: at-rim/very close
59,PT05M33.00S,1,1610612744,GSW,201939,Curry,S. Curry,125,156,20,Missed,1,0.0,0.0,0,v,MISS Curry 20' Jump Shot,Missed Shot,Jump Shot,1,54,21401111,387,14.0,made_fg(24),2,-1,likely_open,subType: open-like
204,PT04M46.00S,2,1610612744,GSW,201939,Curry,S. Curry,72,242,25,Made,1,44.0,30.0,74,v,Curry 25' 3PT Jump Shot (6 PTS) (Thompson 3 AST),Made Shot,Jump Shot,1,189,21401111,1154,12.0,made_fg(24),3,-1,likely_open,subType: open-like
242,PT02M52.00S,2,1610612744,GSW,201939,Curry,S. Curry,226,71,24,Made,1,46.0,39.0,85,v,Curry 24' 3PT Jump Shot (10 PTS) (Barnes 1 AST),Made Shot,Jump Shot,1,217,21401111,1268,11.0,def_reb(24),3,-1,likely_open,subType: open-like
244,PT02M25.00S,2,1610612744,GSW,201939,Curry,S. Curry,-103,-2,10,Made,1,48.0,41.0,89,v,Curry 10' Jump Shot (12 PTS),Made Shot,Jump Shot,1,219,21401111,1295,15.0,made_fg(24),2,0,likely_open,"subType: open-like, distance: mid-range"
301,PT10M51.00S,3,1610612744,GSW,201939,Curry,S. Curry,75,61,10,Missed,1,0.0,0.0,0,v,MISS Curry 10' Jump Shot,Missed Shot,Jump Shot,1,264,21401111,1509,12.0,made_fg(24),2,0,likely_open,"subType: open-like, distance: mid-range"
312,PT09M53.00S,3,1610612744,GSW,201939,Curry,S. Curry,18,1,2,Made,1,58.0,53.0,111,v,Curry 2' Layup (16 PTS) (Bogut 3 AST),Made Shot,Layup Shot,1,272,21401111,1567,0.0,turnover(24),2,2,likely_contested,"distance: at-rim/very close, clock: late (<=5s)"
340,PT07M01.00S,3,1610612744,GSW,201939,Curry,S. Curry,185,82,20,Made,1,64.0,62.0,126,v,Curry 20' Pullup Jump Shot (18 PTS),Made Shot,Pullup Jump shot,1,293,21401111,1739,11.0,final_ft(24),2,3,likely_contested,"subType: contested-like, text: pressure-move"
352,PT05M52.00S,3,1610612744,GSW,201939,Curry,S. Curry,-75,213,23,Made,1,67.0,64.0,131,v,Curry 23' Jump Shot (20 PTS),Made Shot,Jump Shot,1,306,21401111,1808,17.0,def_reb(24),2,-1,likely_open,subType: open-like
374,PT04M02.00S,3,1610612744,GSW,201939,Curry,S. Curry,214,153,26,Made,1,71.0,72.0,143,v,Curry 26' 3PT Jump Shot (23 PTS) (Barbosa 1 AST),Made Shot,Jump Shot,1,322,21401111,1918,8.0,final_ft(24),3,-1,likely_open,subType: open-like
386,PT02M27.00S,3,1610612744,GSW,201939,Curry,S. Curry,231,-3,0,Missed,1,0.0,0.0,0,v,MISS Curry  3PT Jump Shot,Missed Shot,Jump Shot,1,334,21401111,2013,9.0,off_reb(14),3,-1,likely_open,"subType: open-like, distance: at-rim/very close, coords: corner-3, corner: catch/spot"
528,PT03M19.00S,4,1610612744,GSW,201939,Curry,S. Curry,-65,140,15,Missed,1,0.0,0.0,0,v,MISS Curry 15' Jump Shot,Missed Shot,Jump Shot,1,450,21401111,2681,16.0,def_reb(24),2,0,likely_open,"subType: open-like, distance: mid-range"
554,PT01M39.00S,4,1610612744,GSW,201939,Curry,S. Curry,151,53,16,Missed,1,0.0,0.0,0,v,MISS Curry 16' Jump Shot,Missed Shot,Jump Shot,1,467,21401111,2781,6.0,def_reb(24),2,0,likely_open,"subType: open-like, distance: mid-range"
28,PT08M44.00S,1,1610612744,GSW,201939,Curry,S. Curry,92,15,9,Missed,1,0.0,0.0,0,h,MISS Curry 9' Floating Jump Shot,Missed Shot,Floating Jump shot,1,28,21401126,196,17.0,def_reb(24),2,3,likely_contested,"subType: contested-like, distance: mid-range"
32,PT08M21.00S,1,1610612744,GSW,201939,Curry,S. Curry,234,66,24,Missed,1,0.0,0.0,0,h,MISS Curry 24' 3PT Step Back Jump Shot,Missed Shot,Step Back Jump shot,1,32,21401126,219,19.0,def_reb(24),3,3,likely_contested,"subType: contested-like, text: pressure-move"
38,PT07M54.00S,1,1610612744,GSW,201939,Curry,S. Curry,-52,254,26,Missed,1,0.0,0.0,0,h,MISS Curry 26' 3PT Pullup Jump Shot,Missed Shot,Pullup Jump shot,1,39,21401126,246,16.0,def_reb(24),3,3,likely_contested,"subType: contested-like, text: pressure-move"
68,PT04M33.00S,1,1610612744,GSW,201939,Curry,S. Curry,-16,17,2,Missed,1,0.0,0.0,0,h,MISS Curry 2' Driving Layup,Missed Shot,Driving Layup Shot,1,68,21401126,447,11.0,off_reb(14),2,3,likely_contested,"subType: contested-like, distance: at-rim/very close"
84,PT03M06.00S,1,1610612744,GSW,201939,Curry,S. Curry,136,235,27,Made,1,21.0,15.0,36,h,Curry 27' 3PT Pullup Jump Shot (3 PTS) (Barbosa 1 AST),Made Shot,Pullup Jump shot,1,85,21401126,534,19.0,turnover(24),3,2,likely_contested,"subType: contested-like, text: pressure-move, distance: deep above-break 3 (>=27ft)"
94,PT01M34.00S,1,1610612744,GSW,201939,Curry,S. Curry,-46,96,11,Made,1,23.0,20.0,43,h,Curry 11' Pullup Jump Shot (5 PTS),Made Shot,Pullup Jump shot,1,96,21401126,626,7.0,made_fg(24),2,4,likely_contested,"subType: contested-like, text: pressure-move, distance: mid-range"
216,PT04M33.00S,2,1610612744,GSW,201939,Curry,S. Curry,195,20,20,Missed,1,0.0,0.0,0,h,MISS Curry 20' Step Back Jump Shot,Missed Shot,Step Back Jump shot,1,202,21401126,1167,3.0,def_reb(24),2,4,likely_contested,"subType: contested-like, text: pressure-move, clock: late (<=5s)"
241,PT01M47.00S,2,1610612744,GSW,201939,Curry,S. Curry,2,104,10,Missed,1,0.0,0.0,0,h,MISS Curry 10' Floating Jump Shot,Missed Shot,Floating Jump shot,1,226,21401126,1333,7.0,made_fg(24),2,3,likely_contested,"subType: contested-like, distance: mid-range"
247,PT01M00.00S,2,1610612744,GSW,201939,Curry,S. Curry,233,4,0,Made,1,51.0,41.0,92,h,Curry  3PT Pullup Jump Shot (8 PTS) (Thompson 3 AST),Made Shot,Pullup Jump shot,1,233,21401126,1380,11.0,def_reb(24),3,4,likely_contested,"subType: contested-like, text: pressure-move, distance: at-rim/very close, coords: corner-3"
253,PT00M39.60S,2,1610612744,GSW,201939,Curry,S. Curry,12,12,2,Made,1,53.0,43.0,96,h,Curry 2' Driving Finger Roll Layup (10 PTS),Made Shot,Driving Finger Roll Layup Shot,1,237,21401126,1401,12.0,final_ft(24),2,1,borderline,distance: at-rim/very close
273,PT09M59.00S,3,1610612744,GSW,201939,Curry,S. Curry,2,145,15,Made,1,57.0,51.0,108,h,Curry 15' Pullup Jump Shot (12 PTS),Made Shot,Pullup Jump shot,1,255,21401126,1561,11.0,made_fg(24),2,4,likely_contested,"subType: contested-like, text: pressure-move, distance: mid-range"
277,PT09M20.00S,3,1610612744,GSW,201939,Curry,S. Curry,233,82,25,Made,1,60.0,53.0,113,h,Curry 25' 3PT Step Back Jump Shot (15 PTS) (Bogut 3 AST),Made Shot,Step Back Jump shot,1,259,21401126,1600,11.0,made_fg(24),3,3,likely_contested,"subType: contested-like, text: pressure-move"
280,PT08M39.00S,3,1610612744,GSW,201939,Curry,S. Curry,32,159,16,Missed,1,0.0,0.0,0,h,MISS Curry 16' Jump Shot,Missed Shot,Jump Shot,1,262,21401126,1641,9.0,made_fg(24),2,0,likely_open,"subType: open-like, distance: mid-range"
303,PT06M57.00S,3,1610612744,GSW,201939,Curry,S. Curry,-141,167,22,Made,1,64.0,59.0,123,h,Curry 22' Pullup Jump Shot (17 PTS) (Barnes 3 AST),Made Shot,Pullup Jump shot,1,284,21401126,1743,21.0,def_reb(24),2,3,likely_contested,"subType: contested-like, text: pressure-move"
331,PT04M14.00S,3,1610612744,GSW,201939,Curry,S. Curry,-18,88,9,Missed,1,0.0,0.0,0,h,MISS Curry 9' Jump Shot,Missed Shot,Jump Shot,1,309,21401126,1906,9.0,turnover(24),2,0,likely_open,"subType: open-like, distance: mid-range"
452,PT05M25.00S,4,1610612744,GSW,201939,Curry,S. Curry,64,254,26,Made,1,91.0,89.0,180,h,Curry 26' 3PT Pullup Jump Shot (22 PTS),Made Shot,Pullup Jump shot,1,418,21401126,2555,16.0,final_ft(24),3,3,likely_contested,"subType: contested-like, text: pressure-move"
463,PT03M56.00S,4,1610612744,GSW,201939,Curry,S. Curry,203,167,26,Missed,1,0.0,0.0,0,h,MISS Curry 26' 3PT Jump Shot,Missed Shot,Jump Shot,1,428,21401126,2644,16.0,turnover(24),3,-1,likely_open,subType: open-like
489,PT01M48.00S,4,1610612744,GSW,201939,Curry,S. Curry,121,225,26,Made,1,97.0,98.0,195,h,Curry 26' 3PT Pullup Jump Shot (25 PTS),Made Shot,Pullup Jump shot,1,449,21401126,2772,19.0,def_reb(24),3,3,likely_contested,"subType: contested-like, text: pressure-move"
493,PT01M25.00S,4,1610612744,GSW,201939,Curry,S. Curry,121,230,26,Missed,1,0.0,0.0,0,h,MISS Curry 26' 3PT Jump Shot,Missed Shot,Jump Shot,1,453,21401126,2795,20.0,made_fg(24),3,-1,likely_open,subType: open-like
501,PT01M00.00S,4,1610612744,GSW,201939,Curry,S. Curry,206,145,25,Missed,1,0.0,0.0,0,h,MISS Curry 25' 3PT Pullup Jump Shot,Missed Shot,Pullup Jump shot,1,459,21401126,2820,16.0,made_fg(24),3,3,likely_contested,"subType: contested-like, text: pressure-move"
511,PT00M16.90S,4,1610612744,GSW,201939,Curry,S. Curry,48,26,5,Missed,1,0.0,0.0,0,h,MISS Curry 5' Floating Jump Shot,Missed Shot,Floating Jump shot,1,467,21401126,2864,14.0,made_fg(24),2,3,likely_contested,"subType: contested-like, distance: at-rim/very close"
517,PT00M08.30S,4,1610612744,GSW,201939,Curry,S. Curry,228,110,25,Made,1,105.0,104.0,209,h,Curry 25' 3PT Pullup Jump Shot (28 PTS) (Thompson 6 AST),Made Shot,Pullup Jump shot,1,473,21401126,2872,13.0,off_reb(14),3,3,likely_contested,"subType: contested-like, text: pressure-move"
5,PT11M23.00S,1,1610612744,GSW,201939,Curry,S. Curry,47,6,5,Made,1,0.0,2.0,2,v,Curry 5' Driving Bank Shot (2 PTS) (Thompson 1 AST),Made Shot,Driving Bank shot,1,7,21401142,37,20.0,turnover(24),2,1,borderline,distance: at-rim/very close
16,PT10M27.00S,1,1610612744,GSW,201939,Curry,S. Curry,45,121,13,Missed,1,0.0,0.0,0,v,MISS Curry 13' Running Jump Shot,Missed Shot,Running Jump Shot,1,17,21401142,93,11.0,final_ft(24),2,0,likely_open,"subType: open-like, distance: mid-range"
22,PT09M44.00S,1,1610612744,GSW,201939,Curry,S. Curry,-5,0,1,Made,1,3.0,10.0,13,v,Curry 1' Running Layup (5 PTS) (Bogut 1 AST),Made Shot,Running Layup Shot,1,23,21401142,136,15.0,def_reb(24),2,3,likely_contested,"subType: contested-like, distance: at-rim/very close"
47,PT07M29.00S,1,1610612744,GSW,201939,Curry,S. Curry,226,6,0,Made,1,12.0,15.0,27,v,Curry  3PT Jump Shot (8 PTS) (Bogut 2 AST),Made Shot,Jump Shot,1,45,21401142,271,12.0,made_fg(24),3,-1,likely_open,"subType: open-like, distance: at-rim/very close, coords: corner-3, corner: catch/spot"
63,PT06M20.00S,1,1610612744,GSW,201939,Curry,S. Curry,119,236,26,Missed,1,0.0,0.0,0,v,MISS Curry 26' 3PT Fadeaway Jumper,Missed Shot,Fadeaway Jump Shot,1,60,21401142,340,18.0,def_reb(24),3,3,likely_contested,"subType: contested-like, text: pressure-move"
118,PT02M27.00S,1,1610612744,GSW,201939,Curry,S. Curry,6,44,4,Missed,1,0.0,0.0,0,v,MISS Curry 4' Driving Jump Shot,Missed Shot,Driving Jump shot,1,110,21401142,573,15.0,def_reb(24),2,1,borderline,distance: at-rim/very close
272,PT03M28.00S,2,1610612744,GSW,201939,Curry,S. Curry,-169,178,25,Missed,1,0.0,0.0,0,v,MISS Curry 25' 3PT Jump Shot,Missed Shot,Jump Shot,1,251,21401142,1232,17.0,def_reb(24),3,-1,likely_open,subType: open-like
276,PT03M12.00S,2,1610612744,GSW,201939,Curry,S. Curry,-21,0,2,Made,1,40.0,49.0,89,v,Curry 2' Driving Layup (10 PTS),Made Shot,Driving Layup Shot,1,255,21401142,1248,19.0,def_reb(24),2,3,likely_contested,"subType: contested-like, distance: at-rim/very close"
379,PT08M05.00S,3,1610612744,GSW,201939,Curry,S. Curry,56,4,6,Missed,1,0.0,0.0,0,v,MISS Curry 6' Driving Jump Shot,Missed Shot,Driving Jump shot,1,338,21401142,1675,8.0,final_ft(24),2,0,likely_open,
382,PT07M48.00S,3,1610612744,GSW,201939,Curry,S. Curry,-24,22,3,Missed,1,0.0,0.0,0,v,MISS Curry 3' Driving Jump Shot,Missed Shot,Driving Jump shot,1,341,21401142,1692,16.0,turnover(24),2,1,borderline,distance: at-rim/very close
451,PT03M09.00S,3,1610612744,GSW,201939,Curry,S. Curry,-13,52,5,Missed,1,0.0,0.0,0,v,MISS Curry 5' Driving Jump Shot,Missed Shot,Driving Jump shot,1,399,21401142,1971,7.0,made_fg(24),2,1,borderline,distance: at-rim/very close
481,PT00M50.80S,3,1610612744,GSW,201939,Curry,S. Curry,95,225,24,Missed,1,0.0,0.0,0,v,MISS Curry 24' 3PT Step Back Jump Shot,Missed Shot,Step Back Jump shot,1,425,21401142,2110,5.0,made_fg(24),3,4,likely_contested,"subType: contested-like, text: pressure-move, clock: late (<=5s)"
19,PT09M40.00S,1,1610612744,GSW,201939,Curry,S. Curry,-171,63,18,Missed,1,0.0,0.0,0,v,MISS Curry 18' Step Back Jump Shot,Missed Shot,Step Back Jump shot,1,18,21401150,140,15.0,made_fg(24),2,3,likely_contested,"subType: contested-like, text: pressure-move"
33,PT08M25.00S,1,1610612744,GSW,201939,Curry,S. Curry,40,6,4,Made,1,8.0,4.0,12,v,Curry 4' Jump Shot (2 PTS),Made Shot,Jump Shot,1,32,21401150,215,18.0,def_reb(24),2,0,likely_open,"subType: open-like, distance: at-rim/very close"
46,PT06M55.00S,1,1610612744,GSW,201939,Curry,S. Curry,13,1,1,Missed,1,0.0,0.0,0,v,MISS Curry 1' Layup,Missed Shot,Layup Shot,1,46,21401150,305,17.0,def_reb(24),2,1,borderline,distance: at-rim/very close
93,PT03M36.00S,1,1610612744,GSW,201939,Curry,S. Curry,173,183,25,Missed,1,0.0,0.0,0,v,MISS Curry 25' 3PT Jump Shot,Missed Shot,Jump Shot,1,90,21401150,504,9.0,off_reb(14),3,-1,likely_open,subType: open-like
107,PT01M28.00S,1,1610612744,GSW,201939,Curry,S. Curry,92,233,25,Made,1,29.0,16.0,45,v,Curry 25' 3PT Jump Shot (6 PTS) (Iguodala 1 AST),Made Shot,Jump Shot,1,106,21401150,632,18.0,def_reb(24),3,-1,likely_open,subType: open-like
181,PT06M10.00S,2,1610612744,GSW,201939,Curry,S. Curry,21,246,25,Made,1,43.0,26.0,69,v,Curry 25' 3PT Jump Shot (9 PTS) (Bogut 1 AST),Made Shot,Jump Shot,1,174,21401150,1070,12.0,off_reb(14),3,-1,likely_open,subType: open-like
189,PT04M55.00S,2,1610612744,GSW,201939,Curry,S. Curry,6,12,1,Made,1,43.0,30.0,73,v,Curry 1' Layup (11 PTS) (Green 2 AST),Made Shot,Layup Shot,1,184,21401150,1145,20.0,turnover(24),2,1,borderline,distance: at-rim/very close
197,PT04M29.00S,2,1610612744,GSW,201939,Curry,S. Curry,17,190,19,Missed,1,0.0,0.0,0,v,MISS Curry 19' Jump Shot,Missed Shot,Jump Shot,1,191,21401150,1171,15.0,def_reb(24),2,-1,likely_open,subType: open-like
211,PT02M26.00S,2,1610612744,GSW,201939,Curry,S. Curry,-60,242,25,Missed,1,0.0,0.0,0,v,MISS Curry 25' 3PT Jump Shot,Missed Shot,Jump Shot,1,205,21401150,1294,14.0,made_fg(24),3,-1,likely_open,subType: open-like
257,PT10M12.00S,3,1610612744,GSW,201939,Curry,S. Curry,-242,-8,24,Made,1,63.0,43.0,106,v,Curry 24' 3PT Jump Shot (14 PTS) (Bogut 2 AST),Made Shot,Jump Shot,1,250,21401150,1548,9.0,made_fg(24),3,-2,likely_open,"subType: open-like, coords: corner-3, corner: catch/spot"
259,PT09M40.00S,3,1610612744,GSW,201939,Curry,S. Curry,28,206,21,Made,1,65.0,45.0,110,v,Curry 21' Step Back Jump Shot (16 PTS) (Green 4 AST),Made Shot,Step Back Jump shot,1,252,21401150,1580,10.0,made_fg(24),2,3,likely_contested,"subType: contested-like, text: pressure-move"
261,PT09M07.00S,3,1610612744,GSW,201939,Curry,S. Curry,84,231,25,Made,1,67.0,48.0,115,v,Curry 25' 3PT Jump Shot (19 PTS) (Green 5 AST),Made Shot,Jump Shot,1,254,21401150,1613,12.0,made_fg(24),3,-1,likely_open,subType: open-like
264,PT08M44.00S,3,1610612744,GSW,201939,Curry,S. Curry,6,1,1,Made,1,67.0,50.0,117,v,Curry 1' Driving Layup (21 PTS),Made Shot,Driving Layup Shot,1,257,21401150,1636,16.0,off_foul(24),2,3,likely_contested,"subType: contested-like, distance: at-rim/very close"
266,PT08M17.00S,3,1610612744,GSW,201939,Curry,S. Curry,26,252,25,Made,1,67.0,53.0,120,v,Curry 25' 3PT Jump Shot (24 PTS) (Green 6 AST),Made Shot,Jump Shot,1,259,21401150,1663,,stale_reset(24),3,-1,likely_open,subType: open-like
277,PT07M06.00S,3,1610612744,GSW,201939,Curry,S. Curry,61,260,27,Missed,1,0.0,0.0,0,v,MISS Curry 27' 3PT Jump Shot,Missed Shot,Jump Shot,1,270,21401150,1734,14.0,made_fg(24),3,-2,likely_open,"subType: open-like, distance: deep above-break 3 (>=27ft)"
339,PT01M33.00S,3,1610612744,GSW,201939,Curry,S. Curry,165,235,29,Missed,1,0.0,0.0,0,v,MISS Curry 29' 3PT Jump Shot,Missed Shot,Jump Shot,1,325,21401150,2067,10.0,made_fg(24),3,-2,likely_open,"subType: open-like, distance: deep above-break 3 (>=27ft)"
356,PT00M00.50S,3,1610612744,GSW,201939,Curry,S. Curry,-202,353,41,Missed,1,0.0,0.0,0,v,MISS Curry 41' 3PT Jump Shot,Missed Shot,Jump Shot,1,339,21401150,2160,24.0,def_reb(24),3,-2,likely_open,"subType: open-like, distance: deep above-break 3 (>=27ft)"
21,PT09M35.00S,1,1610612744,GSW,201939,Curry,S. Curry,94,216,24,Missed,1,0.0,0.0,0,v,MISS Curry 24' Jump Shot,Missed Shot,Jump Shot,1,22,21401156,145,18.0,def_reb(24),2,-1,likely_open,subType: open-like
51,PT07M17.00S,1,1610612744,GSW,201939,Curry,S. Curry,129,183,22,Made,1,8.0,11.0,19,v,Curry 22' Jump Shot (2 PTS),Made Shot,Jump Shot,1,51,21401156,283,3.0,def_reb(24),2,0,likely_open,"subType: open-like, clock: late (<=5s)"
53,PT06M50.00S,1,1610612744,GSW,201939,Curry,S. Curry,122,116,17,Missed,1,0.0,0.0,0,v,MISS Curry 17' Jump Shot,Missed Shot,Jump Shot,1,53,21401156,310,15.0,turnover(24),2,-1,likely_open,subType: open-like
83,PT04M23.00S,1,1610612744,GSW,201939,Curry,S. Curry,0,1,0,Made,1,14.0,15.0,29,v,Curry  Driving Layup (4 PTS),Made Shot,Driving Layup Shot,1,77,21401156,457,11.0,final_ft(24),2,3,likely_contested,"subType: contested-like, distance: at-rim/very close"
126,PT00M02.10S,1,1610612744,GSW,201939,Curry,S. Curry,144,213,26,Made,1,19.0,27.0,46,v,Curry 26' 3PT Jump Shot (7 PTS) (Iguodala 1 AST),Made Shot,Jump Shot,1,119,21401156,718,5.0,def_reb(24),3,0,likely_open,"subType: open-like, clock: late (<=5s)"
197,PT04M17.00S,2,1610612744,GSW,201939,Curry,S. Curry,-10,151,15,Missed,1,0.0,0.0,0,v,MISS Curry 15' Jump Shot,Missed Shot,Jump Shot,1,189,21401156,1183,8.0,made_fg(24),2,0,likely_open,"subType: open-like, distance: mid-range"
222,PT02M05.00S,2,1610612744,GSW,201939,Curry,S. Curry,21,255,26,Made,1,38.0,49.0,87,v,Curry 26' 3PT Jump Shot (10 PTS) (Barnes 1 AST),Made Shot,Jump Shot,1,213,21401156,1315,18.0,def_reb(24),3,-1,likely_open,subType: open-like
227,PT01M25.00S,2,1610612744,GSW,201939,Curry,S. Curry,91,247,26,Made,1,38.0,52.0,90,v,Curry 26' 3PT Jump Shot (13 PTS),Made Shot,Jump Shot,1,219,21401156,1355,13.0,def_reb(24),3,-1,likely_open,subType: open-like
242,PT00M06.50S,2,1610612744,GSW,201939,Curry,S. Curry,147,209,26,Made,1,43.0,55.0,98,v,Curry 26' 3PT Jump Shot (16 PTS),Made Shot,Jump Shot,1,233,21401156,1434,0.0,made_fg(24),3,0,likely_open,"subType: open-like, clock: late (<=5s)"
249,PT11M38.00S,3,1610612744,GSW,201939,Curry,S. Curry,9,9,1,Missed,1,0.0,0.0,0,v,MISS Curry 1' Layup,Missed Shot,Layup Shot,1,240,21401156,1462,4.0,def_foul_14(14),2,2,likely_contested,"distance: at-rim/very close, clock: late (<=5s)"
265,PT09M35.00S,3,1610612744,GSW,201939,Curry,S. Curry,-166,186,25,Missed,1,0.0,0.0,0,v,MISS Curry 25' 3PT Jump Shot,Missed Shot,Jump Shot,1,258,21401156,1585,14.0,def_reb(24),3,-1,likely_open,subType: open-like
288,PT08M34.00S,3,1610612744,GSW,201939,Curry,S. Curry,0,12,1,Missed,1,0.0,0.0,0,v,MISS Curry 1' Layup,Missed Shot,Layup Shot,1,279,21401156,1646,19.0,def_reb(24),2,1,borderline,distance: at-rim/very close
325,PT05M08.00S,3,1610612744,GSW,201939,Curry,S. Curry,-34,287,29,Missed,1,0.0,0.0,0,v,MISS Curry 29' 3PT Jump Shot,Missed Shot,Jump Shot,1,315,21401156,1852,13.0,made_fg(24),3,-2,likely_open,"subType: open-like, distance: deep above-break 3 (>=27ft)"
442,PT04M38.00S,4,1610612744,GSW,201939,Curry,S. Curry,39,91,10,Made,1,90.0,88.0,178,v,Curry 10' Pullup Jump Shot (20 PTS),Made Shot,Pullup Jump shot,1,428,21401156,2602,8.0,def_reb(24),2,4,likely_contested,"subType: contested-like, text: pressure-move, distance: mid-range"
460,PT03M04.00S,4,1610612744,GSW,201939,Curry,S. Curry,0,-5,1,Made,1,92.0,95.0,187,v,Curry 1' Layup (22 PTS) (Green 4 AST),Made Shot,Layup Shot,1,442,21401156,2696,20.0,turnover(24),2,1,borderline,distance: at-rim/very close
496,PT00M35.60S,4,1610612744,GSW,201939,Curry,S. Curry,-125,255,28,Made,1,100.0,100.0,200,v,Curry 28' 3PT Step Back Jump Shot (25 PTS),Made Shot,Step Back Jump shot,1,473,21401156,2845,10.0,def_reb(24),3,2,likely_contested,"subType: contested-like, text: pressure-move, distance: deep above-break 3 (>=27ft)"
515,PT00M10.90S,4,1610612744,GSW,201939,Curry,S. Curry,-27,80,8,Missed,1,0.0,0.0,0,v,MISS Curry 8' Jump Shot,Missed Shot,Jump Shot,1,485,21401156,2870,19.0,def_reb(24),2,0,likely_open,"subType: open-like, distance: mid-range"
524,PT00M00.00S,4,1610612744,GSW,201939,Curry,S. Curry,146,241,28,Missed,1,0.0,0.0,0,v,MISS Curry 28' 3PT Jump Shot,Missed Shot,Jump Shot,1,491,21401156,2880,15.0,keep_clock(22),3,-2,likely_open,"subType: open-like, distance: deep above-break 3 (>=27ft)"
12,PT10M43.00S,1,1610612744,GSW,201939,Curry,S. Curry,-109,246,27,Made,1,5.0,2.0,7,h,Curry 27' 3PT Pullup Jump Shot (3 PTS),Made Shot,Pullup Jump shot,1,13,21401174,77,18.0,made_fg(24),3,2,likely_contested,"subType: contested-like, text: pressure-move, distance: deep above-break 3 (>=27ft)"
15,PT10M20.00S,1,1610612744,GSW,201939,Curry,S. Curry,-193,206,28,Made,1,8.0,2.0,10,h,Curry 28' 3PT Step Back Jump Shot (6 PTS) (Green 1 AST),Made Shot,Step Back Jump shot,1,16,21401174,100,20.0,def_reb(24),3,2,likely_contested,"subType: contested-like, text: pressure-move, distance: deep above-break 3 (>=27ft)"
22,PT10M02.00S,1,1610612744,GSW,201939,Curry,S. Curry,-52,252,26,Missed,1,0.0,0.0,0,h,MISS Curry 26' 3PT Pullup Jump Shot,Missed Shot,Pullup Jump shot,1,21,21401174,118,19.0,def_reb(24),3,3,likely_contested,"subType: contested-like, text: pressure-move"
40,PT06M36.00S,1,1610612744,GSW,201939,Curry,S. Curry,125,233,26,Made,1,19.0,11.0,30,h,Curry 26' 3PT Pullup Jump Shot (9 PTS),Made Shot,Pullup Jump shot,1,39,21401174,324,13.0,made_fg(24),3,3,likely_contested,"subType: contested-like, text: pressure-move"
50,PT04M49.00S,1,1610612744,GSW,201939,Curry,S. Curry,-190,194,27,Missed,1,0.0,0.0,0,h,MISS Curry 27' 3PT Step Back Jump Shot,Missed Shot,Step Back Jump shot,1,49,21401174,431,16.0,def_reb(24),3,2,likely_contested,"subType: contested-like, text: pressure-move, distance: deep above-break 3 (>=27ft)"
74,PT03M22.00S,1,1610612744,GSW,201939,Curry,S. Curry,-117,236,26,Missed,1,0.0,0.0,0,h,MISS Curry 26' 3PT Pullup Jump Shot,Missed Shot,Pullup Jump shot,1,75,21401174,518,21.0,def_reb(24),3,3,likely_contested,"subType: contested-like, text: pressure-move"
77,PT02M50.00S,1,1610612744,GSW,201939,Curry,S. Curry,10,6,1,Made,1,25.0,21.0,46,h,Curry 1' Driving Layup (11 PTS) (Speights 1 AST),Made Shot,Driving Layup Shot,1,78,21401174,550,5.0,made_fg(24),2,4,likely_contested,"subType: contested-like, distance: at-rim/very close, clock: late (<=5s)"
98,PT00M38.90S,1,1610612744,GSW,201939,Curry,S. Curry,-223,55,0,Missed,1,0.0,0.0,0,h,MISS Curry  3PT Pullup Jump Shot,Missed Shot,Pullup Jump shot,1,99,21401174,682,12.0,made_fg(24),3,4,likely_contested,"subType: contested-like, text: pressure-move, distance: at-rim/very close"
107,PT00M03.70S,1,1610612744,GSW,201939,Curry,S. Curry,-15,254,25,Made,1,30.0,27.0,57,h,Curry 25' 3PT Pullup Jump Shot (14 PTS) (Iguodala 1 AST),Made Shot,Pullup Jump shot,1,107,21401174,717,10.0,off_reb(14),3,3,likely_contested,"subType: contested-like, text: pressure-move"
198,PT04M28.00S,2,1610612744,GSW,201939,Curry,S. Curry,-127,246,28,Made,1,39.0,49.0,88,h,Curry 28' 3PT Pullup Jump Shot (17 PTS),Made Shot,Pullup Jump shot,1,189,21401174,1172,19.0,def_reb(24),3,2,likely_contested,"subType: contested-like, text: pressure-move, distance: deep above-break 3 (>=27ft)"
205,PT03M43.00S,2,1610612744,GSW,201939,Curry,S. Curry,-194,164,25,Made,1,42.0,49.0,91,h,Curry 25' 3PT Pullup Jump Shot (20 PTS) (Barnes 2 AST),Made Shot,Pullup Jump shot,1,196,21401174,1217,7.0,def_foul_14(14),3,3,likely_contested,"subType: contested-like, text: pressure-move"
238,PT00M05.40S,2,1610612744,GSW,201939,Curry,S. Curry,7,22,2,Made,1,57.0,54.0,111,h,Curry 2' Driving Finger Roll Layup (22 PTS),Made Shot,Driving Finger Roll Layup Shot,1,227,21401174,1435,,stale_reset(14),2,1,borderline,distance: at-rim/very close
262,PT10M10.00S,3,1610612744,GSW,201939,Curry,S. Curry,-11,12,2,Made,1,65.0,56.0,121,h,Curry 2' Driving Layup (24 PTS) (Barnes 4 AST),Made Shot,Driving Layup Shot,1,249,21401174,1550,18.0,def_reb(24),2,3,likely_contested,"subType: contested-like, distance: at-rim/very close"
280,PT07M29.00S,3,1610612744,GSW,201939,Curry,S. Curry,-232,14,0,Missed,1,0.0,0.0,0,h,MISS Curry  3PT Jump Shot,Missed Shot,Jump Shot,1,267,21401174,1711,10.0,off_reb(14),3,-1,likely_open,"subType: open-like, distance: at-rim/very close, coords: corner-3, corner: catch/spot"
289,PT06M16.00S,3,1610612744,GSW,201939,Curry,S. Curry,18,15,2,Made,1,71.0,67.0,138,h,Curry 2' Driving Reverse Layup (26 PTS),Made Shot,Driving Reverse Layup Shot,1,276,21401174,1784,11.0,made_fg(24),2,3,likely_contested,"subType: contested-like, distance: at-rim/very close"
296,PT05M34.00S,3,1610612744,GSW,201939,Curry,S. Curry,12,23,3,Missed,1,0.0,0.0,0,h,MISS Curry 3' Layup,Missed Shot,Layup Shot,1,282,21401174,1826,8.0,made_fg(24),2,1,borderline,distance: at-rim/very close
385,PT06M57.00S,4,1610612744,GSW,201939,Curry,S. Curry,94,75,12,Made,1,92.0,88.0,180,h,Curry 12' Running Bank Shot (28 PTS) (Bogut 2 AST),Made Shot,Running Bank shot,1,372,21401174,2463,7.0,made_fg(24),2,1,borderline,distance: mid-range
401,PT05M17.00S,4,1610612744,GSW,201939,Curry,S. Curry,138,227,27,Made,1,98.0,93.0,191,h,Curry 27' 3PT Pullup Jump Shot (31 PTS),Made Shot,Pullup Jump shot,1,389,21401174,2563,18.0,def_reb(24),3,2,likely_contested,"subType: contested-like, text: pressure-move, distance: deep above-break 3 (>=27ft)"
404,PT04M40.00S,4,1610612744,GSW,201939,Curry,S. Curry,136,129,19,Made,1,100.0,95.0,195,h,Curry 19' Pullup Jump Shot (33 PTS),Made Shot,Pullup Jump shot,1,392,21401174,2600,8.0,made_fg(24),2,3,likely_contested,"subType: contested-like, text: pressure-move"
409,PT03M59.00S,4,1610612744,GSW,201939,Curry,S. Curry,-16,9,2,Made,1,102.0,97.0,199,h,Curry 2' Driving Reverse Layup (35 PTS),Made Shot,Driving Reverse Layup Shot,1,396,21401174,2641,9.0,made_fg(24),2,3,likely_contested,"subType: contested-like, distance: at-rim/very close"
435,PT01M11.00S,4,1610612744,GSW,201939,Curry,S. Curry,173,56,18,Made,1,111.0,103.0,214,h,Curry 18' Step Back Jump Shot (40 PTS),Made Shot,Step Back Jump shot,1,421,21401174,2809,6.0,def_reb(24),2,3,likely_contested,"subType: contested-like, text: pressure-move"
440,PT00M54.10S,4,1610612744,GSW,201939,Curry,S. Curry,-15,17,2,Made,1,113.0,105.0,218,h,Curry 2' Driving Layup (42 PTS),Made Shot,Driving Layup Shot,1,425,21401174,2826,9.0,made_fg(24),2,3,likely_contested,"subType: contested-like, distance: at-rim/very close"
442,PT00M33.60S,4,1610612744,GSW,201939,Curry,S. Curry,132,249,28,Made,1,116.0,105.0,221,h,Curry 28' 3PT Pullup Jump Shot (45 PTS),Made Shot,Pullup Jump shot,1,427,21401174,2847,10.0,turnover(24),3,2,likely_contested,"subType: contested-like, text: pressure-move, distance: deep above-break 3 (>=27ft)"
5,PT11M16.00S,1,1610612744,GSW,201939,Curry,S. Curry,77,242,25,Made,1,3.0,0.0,3,h,Curry 25' 3PT Pullup Jump Shot (3 PTS) (Green 1 AST),Made Shot,Pullup Jump shot,1,7,21401192,44,15.0,def_reb(24),3,3,likely_contested,"subType: contested-like, text: pressure-move"
7,PT10M55.00S,1,1610612744,GSW,201939,Curry,S. Curry,-92,266,28,Missed,1,0.0,0.0,0,h,MISS Curry 28' 3PT Pullup Jump Shot,Missed Shot,Pullup Jump shot,1,9,21401192,65,15.0,made_fg(24),3,2,likely_contested,"subType: contested-like, text: pressure-move, distance: deep above-break 3 (>=27ft)"
54,PT07M25.00S,1,1610612744,GSW,201939,Curry,S. Curry,-232,26,0,Made,1,13.0,11.0,24,h,Curry  3PT Pullup Jump Shot (6 PTS) (Iguodala 1 AST),Made Shot,Pullup Jump shot,1,48,21401192,275,8.0,final_ft(24),3,4,likely_contested,"subType: contested-like, text: pressure-move, distance: at-rim/very close, coords: corner-3"
83,PT04M58.00S,1,1610612744,GSW,201939,Curry,S. Curry,21,228,23,Missed,1,0.0,0.0,0,h,MISS Curry 23' Jump Shot,Missed Shot,Jump Shot,1,75,21401192,422,11.0,def_reb(24),2,-1,likely_open,subType: open-like
98,PT03M32.00S,1,1610612744,GSW,201939,Curry,S. Curry,-23,44,5,Missed,1,0.0,0.0,0,h,MISS Curry 5' Pullup Jump Shot,Missed Shot,Pullup Jump shot,1,88,21401192,508,18.0,made_fg(24),2,4,likely_contested,"subType: contested-like, text: pressure-move, distance: at-rim/very close"
100,PT03M26.00S,1,1610612744,GSW,201939,Curry,S. Curry,-202,145,25,Made,1,22.0,18.0,40,h,Curry 25' 3PT Step Back Jump Shot (11 PTS) (Holiday 1 AST),Made Shot,Step Back Jump shot,1,91,21401192,514,8.0,off_reb(14),3,3,likely_contested,"subType: contested-like, text: pressure-move"
125,PT01M34.00S,1,1610612744,GSW,201939,Curry,S. Curry,-41,258,26,Missed,1,0.0,0.0,0,h,MISS Curry 26' 3PT Pullup Jump Shot,Missed Shot,Pullup Jump shot,1,113,21401192,626,13.0,def_reb(24),3,3,likely_contested,"subType: contested-like, text: pressure-move"
134,PT00M50.50S,1,1610612744,GSW,201939,Curry,S. Curry,102,170,20,Made,1,24.0,27.0,51,h,Curry 20' Pullup Jump Shot (13 PTS) (Speights 1 AST),Made Shot,Pullup Jump shot,1,120,21401192,670,12.0,final_ft(24),2,3,likely_contested,"subType: contested-like, text: pressure-move"
203,PT05M20.00S,2,1610612744,GSW,201939,Curry,S. Curry,10,22,2,Made,1,43.0,38.0,81,h,Curry 2' Driving Layup (17 PTS),Made Shot,Driving Layup Shot,1,180,21401192,1120,8.0,turnover(24),2,3,likely_contested,"subType: contested-like, distance: at-rim/very close"
225,PT02M22.00S,2,1610612744,GSW,201939,Curry,S. Curry,237,4,24,Made,1,53.0,46.0,99,h,Curry 24' 3PT Pullup Jump Shot (20 PTS) (Livingston 3 AST),Made Shot,Pullup Jump shot,1,201,21401192,1298,11.0,off_reb(14),3,3,likely_contested,"subType: contested-like, text: pressure-move, coords: corner-3"
290,PT07M47.00S,3,1610612744,GSW,201939,Curry,S. Curry,-160,4,16,Made,1,69.0,62.0,131,h,Curry 16' Step Back Jump Shot (22 PTS) (Green 4 AST),Made Shot,Step Back Jump shot,1,263,21401192,1693,6.0,final_ft(24),2,4,likely_contested,"subType: contested-like, text: pressure-move, distance: mid-range"
303,PT06M45.00S,3,1610612744,GSW,201939,Curry,S. Curry,-157,219,27,Missed,1,0.0,0.0,0,h,MISS Curry 27' 3PT Pullup Jump Shot,Missed Shot,Pullup Jump shot,1,274,21401192,1755,23.0,turnover(24),3,2,likely_contested,"subType: contested-like, text: pressure-move, distance: deep above-break 3 (>=27ft)"
348,PT03M40.00S,3,1610612744,GSW,201939,Curry,S. Curry,231,44,24,Missed,1,0.0,0.0,0,h,MISS Curry 24' 3PT Pullup Jump Shot,Missed Shot,Pullup Jump shot,1,318,21401192,1940,14.0,turnover(24),3,3,likely_contested,"subType: contested-like, text: pressure-move, coords: corner-3"
365,PT02M18.00S,3,1610612744,GSW,201939,Curry,S. Curry,-5,14,1,Made,1,78.0,67.0,145,h,Curry 1' Reverse Layup (25 PTS) (Barnes 2 AST),Made Shot,Reverse Layup Shot,1,334,21401192,2022,11.0,made_fg(24),2,3,likely_contested,"subType: contested-like, distance: at-rim/very close"
381,PT00M46.90S,3,1610612744,GSW,201939,Curry,S. Curry,-5,48,5,Missed,1,0.0,0.0,0,h,MISS Curry 5' Running Jump Shot,Missed Shot,Running Jump Shot,1,348,21401192,2114,17.0,def_reb(24),2,0,likely_open,"subType: open-like, distance: at-rim/very close"
389,PT00M00.20S,3,1610612744,GSW,201939,Curry,S. Curry,99,250,27,Made,1,86.0,69.0,155,h,Curry 27' 3PT Step Back Jump Shot (29 PTS),Made Shot,Step Back Jump shot,1,356,21401192,2160,20.0,def_reb(24),3,2,likely_contested,"subType: contested-like, text: pressure-move, distance: deep above-break 3 (>=27ft)"
392,PT06M11.00S,3,1610612744,GSW,201939,Curry,S. Curry,-6,22,2,Missed,1,0.0,0.0,0,h,MISS Curry 2' Driving Layup,Missed Shot,Driving Layup Shot,0,281,21401192,1789,20.0,def_reb(24),2,3,likely_contested,"subType: contested-like, distance: at-rim/very close"
460,PT05M09.00S,4,1610612744,GSW,201939,Curry,S. Curry,7,60,6,Made,1,94.0,86.0,180,h,Curry 6' Floating Jump Shot (31 PTS),Made Shot,Floating Jump shot,1,421,21401192,2571,8.0,turnover(24),2,2,likely_contested,subType: contested-like
467,PT04M24.00S,4,1610612744,GSW,201939,Curry,S. Curry,89,238,25,Missed,1,0.0,0.0,0,h,MISS Curry 25' 3PT Jump Shot,Missed Shot,Jump Shot,1,428,21401192,2616,10.0,made_fg(24),3,-1,likely_open,subType: open-like
485,PT02M14.00S,4,1610612744,GSW,201939,Curry,S. Curry,17,12,2,Made,1,104.0,95.0,199,h,Curry 2' Driving Layup (33 PTS) (Thompson 3 AST),Made Shot,Driving Layup Shot,1,447,21401192,2746,21.0,turnover(24),2,3,likely_contested,"subType: contested-like, distance: at-rim/very close"
503,PT00M54.90S,4,1610612744,GSW,201939,Curry,S. Curry,99,260,28,Missed,1,0.0,0.0,0,h,MISS Curry 28' 3PT Step Back Jump Shot,Missed Shot,Step Back Jump shot,1,463,21401192,2826,9.0,def_reb(24),3,2,likely_contested,"subType: contested-like, text: pressure-move, distance: deep above-break 3 (>=27ft)"
23,PT08M06.00S,1,1610612744,GSW,201939,Curry,S. Curry,116,181,21,Made,1,11.0,8.0,19,h,Curry 21' Step Back Jump Shot (2 PTS),Made Shot,Step Back Jump shot,1,26,21401212,234,12.0,made_fg(24),2,3,likely_contested,"subType: contested-like, text: pressure-move"
33,PT07M07.00S,1,1610612744,GSW,201939,Curry,S. Curry,13,11,2,Made,1,15.0,10.0,25,h,Curry 2' Driving Layup (4 PTS),Made Shot,Driving Layup Shot,1,33,21401212,293,5.0,made_fg(24),2,4,likely_contested,"subType: contested-like, distance: at-rim/very close, clock: late (<=5s)"
39,PT06M29.00S,1,1610612744,GSW,201939,Curry,S. Curry,179,192,26,Made,1,20.0,10.0,30,h,Curry 26' 3PT Pullup Jump Shot (7 PTS) (Barnes 1 AST),Made Shot,Pullup Jump shot,1,40,21401212,331,17.0,turnover(24),3,3,likely_contested,"subType: contested-like, text: pressure-move"
41,PT05M48.00S,1,1610612744,GSW,201939,Curry,S. Curry,138,159,21,Made,1,22.0,12.0,34,h,Curry 21' Step Back Jump Shot (9 PTS),Made Shot,Step Back Jump shot,1,42,21401212,372,5.0,made_fg(24),2,4,likely_contested,"subType: contested-like, text: pressure-move, clock: late (<=5s)"
50,PT04M46.00S,1,1610612744,GSW,201939,Curry,S. Curry,113,241,27,Missed,1,,,0,h,MISS Curry 27' 3PT Step Back Jump Shot,Missed Shot,Step Back Jump shot,1,51,21401212,434,5.0,turnover(24),3,3,likely_contested,"subType: contested-like, text: pressure-move, distance: deep above-break 3 (>=27ft), clock: late (<=5s)"
78,PT02M17.00S,1,1610612744,GSW,201939,Curry,S. Curry,-202,42,21,Missed,1,,,0,h,MISS Curry 21' Step Back Jump Shot,Missed Shot,Step Back Jump shot,1,80,21401212,583,7.0,made_fg(24),2,3,likely_contested,"subType: contested-like, text: pressure-move"
248,PT09M30.00S,3,1610612744,GSW,201939,Curry,S. Curry,114,258,28,Made,1,73.0,50.0,123,h,Curry 28' 3PT Pullup Jump Shot (12 PTS),Made Shot,Pullup Jump shot,1,241,21401212,1590,11.0,made_fg(24),3,2,likely_contested,"subType: contested-like, text: pressure-move, distance: deep above-break 3 (>=27ft)"
316,PT04M04.00S,3,1610612744,GSW,201939,Curry,S. Curry,47,261,27,Missed,1,,,0,h,MISS Curry 27' 3PT Jump Shot,Missed Shot,Jump Shot,1,300,21401212,1916,5.0,off_reb(14),3,-1,likely_open,"subType: open-like, distance: deep above-break 3 (>=27ft), clock: late (<=5s)"
348,PT01M19.00S,3,1610612744,GSW,201939,Curry,S. Curry,225,123,26,Made,1,91.0,61.0,152,h,Curry 26' 3PT Pullup Jump Shot (15 PTS) (Barbosa 2 AST),Made Shot,Pullup Jump shot,1,331,21401212,2081,17.0,final_ft(24),3,3,likely_contested,"subType: contested-like, text: pressure-move"
366,PT00M00.30S,3,1610612744,GSW,201939,Curry,S. Curry,21,455,46,Missed,1,,,0,h,MISS Curry 46' 3PT Pullup Jump Shot,Missed Shot,Pullup Jump shot,1,347,21401212,2160,22.0,made_fg(24),3,2,likely_contested,"subType: contested-like, text: pressure-move, distance: deep above-break 3 (>=27ft)"
14,PT10M15.00S,1,1610612744,GSW,201939,Curry,S. Curry,4,56,6,Missed,1,0.0,0.0,0,h,MISS Curry 6' Floating Jump Shot,Missed Shot,Floating Jump shot,1,16,21401229,105,19.0,turnover(24),2,2,likely_contested,subType: contested-like
43,PT07M27.00S,1,1610612744,GSW,201939,Curry,S. Curry,48,108,12,Made,1,15.0,7.0,22,h,Curry 12' Pullup Jump Shot (2 PTS),Made Shot,Pullup Jump shot,1,44,21401229,273,9.0,off_reb(14),2,4,likely_contested,"subType: contested-like, text: pressure-move, distance: mid-range"
56,PT06M14.00S,1,1610612744,GSW,201939,Curry,S. Curry,53,214,22,Missed,1,0.0,0.0,0,h,MISS Curry 22' Jump Shot,Missed Shot,Jump Shot,1,55,21401229,346,20.0,turnover(24),2,-1,likely_open,subType: open-like
78,PT04M30.00S,1,1610612744,GSW,201939,Curry,S. Curry,56,250,26,Missed,1,0.0,0.0,0,h,MISS Curry 26' 3PT Jump Shot,Missed Shot,Jump Shot,1,77,21401229,450,9.0,final_ft(24),3,-1,likely_open,subType: open-like
87,PT03M37.00S,1,1610612744,GSW,201939,Curry,S. Curry,-93,260,28,Made,1,25.0,15.0,40,h,Curry 28' 3PT Pullup Jump Shot (5 PTS) (Bogut 4 AST),Made Shot,Pullup Jump shot,1,86,21401229,503,7.0,off_reb(14),3,2,likely_contested,"subType: contested-like, text: pressure-move, distance: deep above-break 3 (>=27ft)"
99,PT02M29.00S,1,1610612744,GSW,201939,Curry,S. Curry,-10,14,2,Made,1,29.0,17.0,46,h,Curry 2' Driving Reverse Layup (7 PTS) (Barbosa 1 AST),Made Shot,Driving Reverse Layup Shot,1,97,21401229,571,22.0,def_reb(24),2,3,likely_contested,"subType: contested-like, distance: at-rim/very close"
105,PT01M58.00S,1,1610612744,GSW,201939,Curry,S. Curry,-146,167,22,Missed,1,0.0,0.0,0,h,MISS Curry 22' Jump Shot,Missed Shot,Jump Shot,1,102,21401229,602,10.0,made_fg(24),2,-1,likely_open,subType: open-like
261,PT03M33.00S,2,1610612744,GSW,201939,Curry,S. Curry,-190,225,29,Missed,1,0.0,0.0,0,h,MISS Curry 29' 3PT Pullup Jump Shot,Missed Shot,Pullup Jump shot,1,235,21401229,1227,19.0,turnover(24),3,2,likely_contested,"subType: contested-like, text: pressure-move, distance: deep above-break 3 (>=27ft)"
280,PT01M34.00S,2,1610612744,GSW,201939,Curry,S. Curry,135,168,22,Missed,1,0.0,0.0,0,h,MISS Curry 22' Step Back Jump Shot,Missed Shot,Step Back Jump shot,1,251,21401229,1346,12.0,made_fg(24),2,3,likely_contested,"subType: contested-like, text: pressure-move"
283,PT01M06.00S,2,1610612744,GSW,201939,Curry,S. Curry,129,225,26,Made,1,66.0,61.0,127,h,Curry 26' 3PT Step Back Jump Shot (10 PTS) (Iguodala 2 AST),Made Shot,Step Back Jump shot,1,254,21401229,1374,9.0,made_fg(24),3,3,likely_contested,"subType: contested-like, text: pressure-move"
