actionNumber,clock,period,teamId,teamTricode,personId,playerName,playerNameI,xLegacy,yLegacy,shotDistance,shotResult,isFieldGoal,scoreHome,scoreAway,pointsTotal,location,description,actionType,subType,videoAvailable,actionId,gameId,ABS_TIME,SHOT_CLOCK_APPROX,SHOT_CLOCK_SOURCE,shotValue,contest_score,contest_label,contest_reasons
23,PT09M47.00S,1,1610612744,GSW,201939,Curry,S. Curry,-52,26,6,Made,1,7.0,4.0,11,h,Curry 6' Floating Jump Shot (2 PTS),Made Shot,Floating Jump shot,0,22,21300017,133,14.0,final_ft(24),2,2,likely_contested,subType: contested-like
53,PT05M34.00S,1,1610612744,GSW,201939,Curry,S. Curry,-65,121,14,Missed,1,0.0,0.0,0,h,MISS Curry 14' Fadeaway Jumper,Missed Shot,Fadeaway Jump Shot,0,55,21300017,386,9.0,off_reb(14),2,4,likely_contested,"subType: contested-like, text: pressure-move, distance: mid-range"
88,PT02M11.00S,1,1610612744,GSW,201939,Curry,S. Curry,-144,228,27,Missed,1,0.0,0.0,0,h,MISS Curry 27' 3PT Jump Shot,Missed Shot,Jump Shot,0,89,21300017,589,14.0,def_reb(24),3,-2,likely_open,"subType: open-like, distance: deep above-break 3 (>=27ft)"
167,PT06M37.00S,2,1610612744,GSW,201939,Curry,S. Curry,-86,244,26,Made,1,44.0,25.0,69,h,Curry 26' 3PT Pullup Jump Shot (5 PTS),Made Shot,Pullup Jump shot,0,162,21300017,1043,16.0,def_reb(24),3,3,likely_contested,"subType: contested-like, text: pressure-move"
220,PT03M08.00S,2,1610612744,GSW,201939,Curry,S. Curry,-130,153,20,Missed,1,0.0,0.0,0,h,MISS Curry 20' Pullup Jump Shot,Missed Shot,Pullup Jump shot,0,205,21300017,1252,13.0,final_ft(24),2,3,likely_contested,"subType: contested-like, text: pressure-move"
270,PT11M10.00S,3,1610612744,GSW,201939,Curry,S. Curry,45,265,27,Missed,1,0.0,0.0,0,h,MISS Curry 27' 3PT Pullup Jump Shot,Missed Shot,Pullup Jump shot,0,246,21300017,1490,7.0,final_ft(24),3,2,likely_contested,"subType: contested-like, text: pressure-move, distance: deep above-break 3 (>=27ft)"
313,PT07M32.00S,3,1610612744,GSW,201939,Curry,S. Curry,72,75,10,Missed,1,0.0,0.0,0,h,MISS Curry 10' Floating Jump Shot,Missed Shot,Floating Jump shot,0,285,21300017,1708,19.0,def_reb(24),2,3,likely_contested,"subType: contested-like, distance: mid-range"
317,PT07M04.00S,3,1610612744,GSW,201939,Curry,S. Curry,-67,247,26,Made,1,76.0,52.0,128,h,Curry 26' 3PT Pullup Jump Shot (8 PTS) (Lee 3 AST),Made Shot,Pullup Jump shot,0,289,21300017,1736,11.0,def_reb(24),3,3,likely_contested,"subType: contested-like, text: pressure-move"
328,PT06M02.00S,3,1610612744,GSW,201939,Curry,S. Curry,100,175,20,Made,1,78.0,54.0,132,h,Curry 20' Step Back Jump Shot (10 PTS),Made Shot,Step Back Jump shot,0,301,21300017,1798,11.0,made_fg(24),2,3,likely_contested,"subType: contested-like, text: pressure-move"
352,PT04M28.00S,3,1610612744,GSW,201939,Curry,S. Curry,15,252,25,Missed,1,0.0,0.0,0,h,MISS Curry 25' 3PT Step Back Jump Shot,Missed Shot,Step Back Jump shot,0,321,21300017,1892,18.0,def_reb(24),3,3,likely_contested,"subType: contested-like, text: pressure-move"
31,PT09M26.00S,1,1610612744,GSW,201939,Curry,S. Curry,147,194,24,Made,1,6.0,9.0,15,v,Curry 24' 3PT Jump Shot (3 PTS),Made Shot,Jump Shot,0,26,21300019,154,17.0,def_reb(24),3,-1,likely_open,subType: open-like
75,PT04M52.00S,1,1610612744,GSW,201939,Curry,S. Curry,12,101,10,Missed,1,0.0,0.0,0,v,MISS Curry 10' Jump Shot,Missed Shot,Jump Shot,0,69,21300019,428,3.0,made_fg(24),2,1,borderline,"subType: open-like, distance: mid-range, clock: late (<=5s)"
82,PT03M50.00S,1,1610612744,GSW,201939,Curry,S. Curry,-112,222,25,Missed,1,0.0,0.0,0,v,MISS Curry 25' 3PT Jump Shot,Missed Shot,Jump Shot,0,75,21300019,490,12.0,made_fg(24),3,-1,likely_open,subType: open-like
184,PT10M54.00S,2,1610612744,GSW,201939,Curry,S. Curry,-150,190,24,Made,1,36.0,29.0,65,v,Curry 24' 3PT Jump Shot (6 PTS) (Iguodala 3 AST),Made Shot,Jump Shot,0,151,21300019,786,19.0,def_reb(24),3,-1,likely_open,subType: open-like
188,PT10M16.00S,2,1610612744,GSW,201939,Curry,S. Curry,32,1,3,Missed,1,0.0,0.0,0,v,MISS Curry 3' Layup,Missed Shot,Layup Shot,0,153,21300019,824,14.0,made_fg(24),2,1,borderline,distance: at-rim/very close
204,PT09M14.00S,2,1610612744,GSW,201939,Curry,S. Curry,108,172,20,Made,1,38.0,31.0,69,v,Curry 20' Jump Shot (8 PTS) (Iguodala 4 AST),Made Shot,Jump Shot,0,170,21300019,886,10.0,def_foul_14(14),2,-1,likely_open,subType: open-like
224,PT07M44.00S,2,1610612744,GSW,201939,Curry,S. Curry,39,186,19,Made,1,42.0,35.0,77,v,Curry 19' Jump Shot (10 PTS) (Iguodala 5 AST),Made Shot,Jump Shot,0,187,21300019,976,10.0,made_fg(24),2,-1,likely_open,subType: open-like
241,PT06M33.00S,2,1610612744,GSW,201939,Curry,S. Curry,103,241,26,Made,1,45.0,38.0,83,v,Curry 26' 3PT Jump Shot (13 PTS),Made Shot,Jump Shot,0,198,21300019,1047,19.0,def_reb(24),3,-1,likely_open,subType: open-like
257,PT05M28.00S,2,1610612744,GSW,201939,Curry,S. Curry,111,235,26,Missed,1,0.0,0.0,0,v,MISS Curry 26' 3PT Jump Shot,Missed Shot,Jump Shot,0,211,21300019,1112,11.0,final_ft(24),3,-1,likely_open,subType: open-like
277,PT03M22.00S,2,1610612744,GSW,201939,Curry,S. Curry,-153,113,19,Missed,1,0.0,0.0,0,v,MISS Curry 19' Jump Shot,Missed Shot,Jump Shot,0,229,21300019,1238,4.0,made_fg(24),2,0,likely_open,"subType: open-like, clock: late (<=5s)"
308,PT01M30.00S,2,1610612744,GSW,201939,Curry,S. Curry,-134,96,16,Made,1,65.0,49.0,114,v,Curry 16' Step Back Jump Shot (15 PTS),Made Shot,Step Back Jump shot,0,254,21300019,1350,11.0,made_fg(24),2,4,likely_contested,"subType: contested-like, text: pressure-move, distance: mid-range"
357,PT10M58.00S,3,1610612744,GSW,201939,Curry,S. Curry,151,198,25,Made,1,68.0,60.0,128,v,Curry 25' 3PT Jump Shot (18 PTS),Made Shot,Jump Shot,0,292,21300019,1502,16.0,def_reb(24),3,-1,likely_open,subType: open-like
379,PT08M26.00S,3,1610612744,GSW,201939,Curry,S. Curry,198,197,28,Made,1,74.0,65.0,139,v,Curry 28' 3PT Jump Shot (21 PTS) (Iguodala 8 AST),Made Shot,Jump Shot,0,314,21300019,1654,13.0,keep_clock(17),3,-2,likely_open,"subType: open-like, distance: deep above-break 3 (>=27ft)"
383,PT07M49.00S,3,1610612744,GSW,201939,Curry,S. Curry,-112,225,25,Missed,1,0.0,0.0,0,v,MISS Curry 25' 3PT Jump Shot,Missed Shot,Jump Shot,0,318,21300019,1691,14.0,keep_clock(20),3,-1,likely_open,subType: open-like
519,PT11M22.00S,4,1610612744,GSW,201939,Curry,S. Curry,-232,1,0,Made,1,93.0,83.0,176,v,Curry  3PT Jump Shot (24 PTS) (Bazemore 1 AST),Made Shot,Jump Shot,0,436,21300019,2198,9.0,def_reb(24),3,-1,likely_open,"subType: open-like, distance: at-rim/very close, coords: corner-3, corner: catch/spot"
538,PT10M04.00S,4,1610612744,GSW,201939,Curry,S. Curry,-169,178,25,Made,1,98.0,89.0,187,v,Curry 25' 3PT Step Back Jump Shot (27 PTS),Made Shot,Step Back Jump shot,0,452,21300019,2276,14.0,final_ft(24),3,3,likely_contested,"subType: contested-like, text: pressure-move"
566,PT07M54.00S,4,1610612744,GSW,201939,Curry,S. Curry,155,192,25,Made,1,108.0,96.0,204,v,Curry 25' 3PT Jump Shot (30 PTS),Made Shot,Jump Shot,0,476,21300019,2406,8.0,made_fg(24),3,-1,likely_open,subType: open-like
577,PT06M55.00S,4,1610612744,GSW,201939,Curry,S. Curry,-24,11,3,Made,1,110.0,98.0,208,v,Curry 3' Driving Layup (32 PTS),Made Shot,Driving Layup Shot,0,485,21300019,2465,12.0,made_fg(24),2,3,likely_contested,"subType: contested-like, distance: at-rim/very close"
582,PT06M05.00S,4,1610612744,GSW,201939,Curry,S. Curry,193,156,25,Made,1,110.0,101.0,211,v,Curry 25' 3PT Jump Shot (35 PTS) (Iguodala 10 AST),Made Shot,Jump Shot,0,490,21300019,2515,20.0,turnover(24),3,-1,likely_open,subType: open-like
592,PT05M37.00S,4,1610612744,GSW,201939,Curry,S. Curry,-111,231,26,Missed,1,0.0,0.0,0,v,MISS Curry 26' 3PT Jump Shot,Missed Shot,Jump Shot,0,497,21300019,2543,10.0,keep_clock(17),3,-1,likely_open,subType: open-like
630,PT03M20.00S,4,1610612744,GSW,201939,Curry,S. Curry,192,165,25,Missed,1,0.0,0.0,0,v,MISS Curry 25' 3PT Jump Shot,Missed Shot,Jump Shot,0,531,21300019,2680,14.0,def_reb(24),3,-1,likely_open,subType: open-like
633,PT02M56.00S,4,1610612744,GSW,201939,Curry,S. Curry,0,48,5,Missed,1,0.0,0.0,0,v,MISS Curry 5' Floating Jump Shot,Missed Shot,Floating Jump shot,0,534,21300019,2704,9.0,made_fg(24),2,3,likely_contested,"subType: contested-like, distance: at-rim/very close"
660,PT01M16.00S,4,1610612744,GSW,201939,Curry,S. Curry,-73,134,15,Made,1,124.0,115.0,239,v,Curry 15' Pullup Jump Shot (38 PTS),Made Shot,Pullup Jump shot,0,556,21300019,2804,18.0,made_fg(24),2,4,likely_contested,"subType: contested-like, text: pressure-move, distance: mid-range"
30,PT07M55.00S,1,1610612744,GSW,201939,Curry,S. Curry,-190,173,26,Missed,1,0.0,0.0,0,h,MISS Curry 26' 3PT Pullup Jump Shot,Missed Shot,Pullup Jump shot,0,31,21300040,245,11.0,made_fg(24),3,3,likely_contested,"subType: contested-like, text: pressure-move"
34,PT07M32.00S,1,1610612744,GSW,201939,Curry,S. Curry,-235,15,24,Missed,1,0.0,0.0,0,h,MISS Curry 24' 3PT Pullup Jump Shot,Missed Shot,Pullup Jump shot,0,35,21300040,268,18.0,def_reb(24),3,3,likely_contested,"subType: contested-like, text: pressure-move, coords: corner-3"
41,PT06M18.00S,1,1610612744,GSW,201939,Curry,S. Curry,-237,12,24,Made,1,11.0,7.0,18,h,Curry 24' 3PT Step Back Jump Shot (3 PTS) (Bogut 1 AST),Made Shot,Step Back Jump shot,0,42,21300040,342,9.0,def_reb(24),3,3,likely_contested,"subType: contested-like, text: pressure-move, coords: corner-3"
49,PT05M42.00S,1,1610612744,GSW,201939,Curry,S. Curry,-11,12,2,Made,1,13.0,7.0,20,h,Curry 2' Driving Finger Roll Layup (5 PTS) (Iguodala 1 AST),Made Shot,Driving Finger Roll Layup Shot,0,47,21300040,378,11.0,keep_clock(19),2,1,borderline,distance: at-rim/very close
56,PT03M59.00S,1,1610612744,GSW,201939,Curry,S. Curry,187,165,25,Made,1,18.0,12.0,30,h,Curry 25' 3PT Step Back Jump Shot (8 PTS) (Iguodala 3 AST),Made Shot,Step Back Jump shot,0,54,21300040,481,2.0,made_fg(24),3,4,likely_contested,"subType: contested-like, text: pressure-move, clock: late (<=5s)"
75,PT02M22.00S,1,1610612744,GSW,201939,Curry,S. Curry,67,183,19,Missed,1,0.0,0.0,0,h,MISS Curry 19' Jump Shot,Missed Shot,Jump Shot,0,70,21300040,578,11.0,def_reb(24),2,-1,likely_open,subType: open-like
200,PT03M11.00S,2,1610612744,GSW,201939,Curry,S. Curry,-168,203,26,Made,1,44.0,26.0,70,h,Curry 26' 3PT Step Back Jump Shot (11 PTS),Made Shot,Step Back Jump shot,0,191,21300040,1249,12.0,def_reb(24),3,3,likely_contested,"subType: contested-like, text: pressure-move"
220,PT01M32.00S,2,1610612744,GSW,201939,Curry,S. Curry,-174,224,28,Made,1,52.0,31.0,83,h,Curry 28' 3PT Pullup Jump Shot (14 PTS),Made Shot,Pullup Jump shot,0,208,21300040,1348,4.0,made_fg(24),3,3,likely_contested,"subType: contested-like, text: pressure-move, distance: deep above-break 3 (>=27ft), clock: late (<=5s)"
298,PT06M12.00S,3,1610612744,GSW,201939,Curry,S. Curry,193,181,26,Made,1,71.0,44.0,115,h,Curry 26' 3PT Pullup Jump Shot (17 PTS),Made Shot,Pullup Jump shot,0,280,21300040,1788,18.0,def_reb(24),3,3,likely_contested,"subType: contested-like, text: pressure-move"
317,PT04M13.00S,3,1610612744,GSW,201939,Curry,S. Curry,-49,274,28,Missed,1,0.0,0.0,0,h,MISS Curry 28' 3PT Pullup Jump Shot,Missed Shot,Pullup Jump shot,0,300,21300040,1907,19.0,turnover(24),3,2,likely_contested,"subType: contested-like, text: pressure-move, distance: deep above-break 3 (>=27ft)"
326,PT03M13.00S,3,1610612744,GSW,201939,Curry,S. Curry,-21,11,2,Missed,1,0.0,0.0,0,h,MISS Curry 2' Layup,Missed Shot,Layup Shot,0,310,21300040,1967,9.0,made_fg(24),2,1,borderline,distance: at-rim/very close
371,PT00M03.30S,3,1610612744,GSW,201939,Curry,S. Curry,-106,151,18,Made,1,79.0,59.0,138,h,Curry 18' Pullup Jump Shot (19 PTS) (Douglas 3 AST),Made Shot,Pullup Jump shot,0,347,21300040,2157,6.0,def_foul_14(14),2,3,likely_contested,"subType: contested-like, text: pressure-move"
460,PT04M26.00S,4,1610612744,GSW,201939,Curry,S. Curry,88,34,9,Made,1,92.0,74.0,166,h,Curry 9' Floating Jump Shot (21 PTS) (Lee 3 AST),Made Shot,Floating Jump shot,0,426,21300040,2614,10.0,final_ft(24),2,3,likely_contested,"subType: contested-like, distance: mid-range"
25,PT09M51.00S,1,1610612744,GSW,201939,Curry,S. Curry,-193,-10,19,Made,1,7.0,7.0,14,v,Curry 19' Step Back Jump Shot (2 PTS),Made Shot,Step Back Jump shot,0,21,21300048,129,12.0,made_fg(24),2,3,likely_contested,"subType: contested-like, text: pressure-move"
39,PT08M17.00S,1,1610612744,GSW,201939,Curry,S. Curry,-35,186,19,Made,1,12.0,12.0,24,v,Curry 19' Pullup Jump Shot (4 PTS),Made Shot,Pullup Jump shot,0,34,21300048,223,19.0,made_fg(24),2,3,likely_contested,"subType: contested-like, text: pressure-move"
70,PT05M41.00S,1,1610612744,GSW,201939,Curry,S. Curry,28,-10,3,Made,1,12.0,21.0,33,v,Curry 3' Driving Finger Roll Layup (6 PTS),Made Shot,Driving Finger Roll Layup Shot,0,67,21300048,379,15.0,turnover(24),2,1,borderline,distance: at-rim/very close
86,PT04M08.00S,1,1610612744,GSW,201939,Curry,S. Curry,-232,0,0,Missed,1,0.0,0.0,0,v,MISS Curry  3PT Jump Shot,Missed Shot,Jump Shot,0,83,21300048,472,7.0,made_fg(24),3,-1,likely_open,"subType: open-like, distance: at-rim/very close, coords: corner-3, corner: catch/spot"
204,PT07M35.00S,2,1610612744,GSW,201939,Curry,S. Curry,-237,-19,24,Missed,1,0.0,0.0,0,v,MISS Curry 24' 3PT Jump Shot,Missed Shot,Jump Shot,0,187,21300048,985,12.0,off_reb(14),3,-2,likely_open,"subType: open-like, coords: corner-3, corner: catch/spot"
211,PT06M48.00S,2,1610612744,GSW,201939,Curry,S. Curry,36,260,26,Missed,1,0.0,0.0,0,v,MISS Curry 26' 3PT Jump Shot,Missed Shot,Jump Shot,0,195,21300048,1032,6.0,keep_clock(21),3,-1,likely_open,subType: open-like
252,PT03M39.00S,2,1610612744,GSW,201939,Curry,S. Curry,-112,257,28,Missed,1,0.0,0.0,0,v,MISS Curry 28' 3PT Jump Shot,Missed Shot,Jump Shot,0,233,21300048,1221,11.0,final_ft(24),3,-2,likely_open,"subType: open-like, distance: deep above-break 3 (>=27ft)"
266,PT02M21.00S,2,1610612744,GSW,201939,Curry,S. Curry,12,244,24,Missed,1,0.0,0.0,0,v,MISS Curry 24' 3PT Jump Shot,Missed Shot,Jump Shot,0,248,21300048,1299,19.0,def_reb(24),3,-1,likely_open,subType: open-like
290,PT00M52.90S,2,1610612744,GSW,201939,Curry,S. Curry,-207,151,26,Missed,1,0.0,0.0,0,v,MISS Curry 26' 3PT Jump Shot,Missed Shot,Jump Shot,0,269,21300048,1388,14.0,made_fg(24),3,-1,likely_open,subType: open-like
309,PT11M37.00S,3,1610612744,GSW,201939,Curry,S. Curry,138,124,19,Made,1,42.0,68.0,110,v,Curry 19' Pullup Jump Shot (9 PTS),Made Shot,Pullup Jump shot,0,287,21300048,1463,19.0,def_reb(24),2,3,likely_contested,"subType: contested-like, text: pressure-move"
311,PT11M08.00S,3,1610612744,GSW,201939,Curry,S. Curry,7,249,25,Made,1,44.0,71.0,115,v,Curry 25' 3PT Jump Shot (12 PTS) (Iguodala 2 AST),Made Shot,Jump Shot,0,289,21300048,1492,6.0,made_fg(24),3,-1,likely_open,subType: open-like
314,PT10M47.00S,3,1610612744,GSW,201939,Curry,S. Curry,-11,1,1,Made,1,44.0,73.0,117,v,Curry 1' Reverse Layup (14 PTS),Made Shot,Reverse Layup Shot,0,292,21300048,1513,21.0,def_reb(24),2,3,likely_contested,"subType: contested-like, distance: at-rim/very close"
336,PT08M17.00S,3,1610612744,GSW,201939,Curry,S. Curry,152,113,19,Missed,1,0.0,0.0,0,v,MISS Curry 19' Jump Shot,Missed Shot,Jump Shot,0,315,21300048,1663,9.0,made_fg(24),2,-1,likely_open,subType: open-like
372,PT05M22.00S,3,1610612744,GSW,201939,Curry,S. Curry,23,257,26,Made,1,55.0,87.0,142,v,Curry 26' 3PT Jump Shot (18 PTS) (Bogut 3 AST),Made Shot,Jump Shot,0,350,21300048,1838,10.0,final_ft(24),3,-1,likely_open,subType: open-like
379,PT04M28.00S,3,1610612744,GSW,201939,Curry,S. Curry,-8,7,1,Missed,1,0.0,0.0,0,v,MISS Curry 1' Tip Shot,Missed Shot,Tip Shot,0,359,21300048,1892,9.0,turnover(24),2,1,borderline,distance: at-rim/very close
420,PT01M43.00S,3,1610612744,GSW,201939,Curry,S. Curry,211,140,25,Missed,1,0.0,0.0,0,v,MISS Curry 25' 3PT Jump Shot,Missed Shot,Jump Shot,0,395,21300048,2057,18.0,turnover(24),3,-1,likely_open,subType: open-like
31,PT08M20.00S,1,1610612744,GSW,201939,Curry,S. Curry,-226,12,0,Missed,1,0.0,0.0,0,v,MISS Curry  3PT Jump Shot,Missed Shot,Jump Shot,0,32,21300067,220,18.0,def_reb(24),3,-1,likely_open,"subType: open-like, distance: at-rim/very close, coords: corner-3, corner: catch/spot"
37,PT07M52.00S,1,1610612744,GSW,201939,Curry,S. Curry,-224,123,26,Missed,1,0.0,0.0,0,v,MISS Curry 26' 3PT Jump Shot,Missed Shot,Jump Shot,0,37,21300067,248,10.0,final_ft(24),3,-1,likely_open,subType: open-like
72,PT04M05.00S,1,1610612744,GSW,201939,Curry,S. Curry,12,-2,1,Made,1,20.0,18.0,38,v,Curry 1' Driving Layup (2 PTS) (Lee 1 AST),Made Shot,Driving Layup Shot,0,75,21300067,475,19.0,turnover(24),2,3,likely_contested,"subType: contested-like, distance: at-rim/very close"
76,PT02M55.00S,1,1610612744,GSW,201939,Curry,S. Curry,-52,175,18,Missed,1,0.0,0.0,0,v,MISS Curry 18' Jump Shot,Missed Shot,Jump Shot,0,79,21300067,545,11.0,made_fg(24),2,-1,likely_open,subType: open-like
229,PT04M10.00S,2,1610612744,GSW,201939,Curry,S. Curry,43,39,6,Missed,1,0.0,0.0,0,v,MISS Curry 6' Running Jump Shot,Missed Shot,Running Jump Shot,0,219,21300067,1190,17.0,def_reb(24),2,-1,likely_open,subType: open-like
289,PT10M33.00S,3,1610612744,GSW,201939,Curry,S. Curry,18,219,22,Made,1,52.0,54.0,106,v,Curry 22' Jump Shot (5 PTS),Made Shot,Jump Shot,0,269,21300067,1527,14.0,made_fg(24),2,-1,likely_open,subType: open-like
357,PT04M18.00S,3,1610612744,GSW,201939,Curry,S. Curry,95,233,25,Missed,1,0.0,0.0,0,v,MISS Curry 25' 3PT Jump Shot,Missed Shot,Jump Shot,0,331,21300067,1902,8.0,made_fg(24),3,-1,likely_open,subType: open-like
389,PT02M51.00S,3,1610612744,GSW,201939,Curry,S. Curry,-119,58,13,Missed,1,0.0,0.0,0,v,MISS Curry 13' Jump Shot,Missed Shot,Jump Shot,0,363,21300067,1989,20.0,def_reb(24),2,0,likely_open,"subType: open-like, distance: mid-range"
37,PT08M46.00S,1,1610612744,GSW,201939,Curry,S. Curry,-35,184,19,Missed,1,0.0,0.0,0,v,MISS Curry 19' Floating Jump Shot,Missed Shot,Floating Jump shot,0,36,21300091,194,14.0,final_ft(24),2,2,likely_contested,subType: contested-like
56,PT07M11.00S,1,1610612744,GSW,201939,Curry,S. Curry,-4,257,26,Made,1,10.0,11.0,21,v,Curry 26' 3PT Jump Shot (5 PTS) (Thompson 1 AST),Made Shot,Jump Shot,0,54,21300091,289,9.0,made_fg(24),3,-1,likely_open,subType: open-like
90,PT04M07.00S,1,1610612744,GSW,201939,Curry,S. Curry,-152,34,16,Made,1,17.0,20.0,37,v,Curry 16' Step Back Jump Shot (9 PTS),Made Shot,Step Back Jump shot,0,82,21300091,473,6.0,def_reb(24),2,4,likely_contested,"subType: contested-like, text: pressure-move, distance: mid-range"
96,PT02M56.00S,1,1610612744,GSW,201939,Curry,S. Curry,111,238,26,Missed,1,0.0,0.0,0,v,MISS Curry 26' 3PT Jump Shot,Missed Shot,Jump Shot,0,88,21300091,544,4.0,made_fg(24),3,0,likely_open,"subType: open-like, clock: late (<=5s)"
197,PT05M25.00S,2,1610612744,GSW,201939,Curry,S. Curry,231,-13,0,Made,1,44.0,39.0,83,v,Curry  3PT Jump Shot (12 PTS) (Thompson 2 AST),Made Shot,Jump Shot,0,177,21300091,1115,13.0,turnover(24),3,-1,likely_open,"subType: open-like, distance: at-rim/very close, coords: corner-3, corner: catch/spot"
231,PT02M19.00S,2,1610612744,GSW,201939,Curry,S. Curry,124,3,12,Made,1,54.0,44.0,98,v,Curry 12' Turnaround Jump Shot (14 PTS),Made Shot,Turnaround Jump Shot,0,209,21300091,1301,16.0,turnover(24),2,1,borderline,distance: mid-range
235,PT01M53.00S,2,1610612744,GSW,201939,Curry,S. Curry,-202,164,26,Missed,1,0.0,0.0,0,v,MISS Curry 26' 3PT Jump Shot,Missed Shot,Jump Shot,0,212,21300091,1327,17.0,def_reb(24),3,-1,likely_open,subType: open-like
255,PT00M52.60S,2,1610612744,GSW,201939,Curry,S. Curry,-18,246,25,Made,1,54.0,50.0,104,v,Curry 25' 3PT Jump Shot (17 PTS),Made Shot,Jump Shot,0,230,21300091,1388,19.0,turnover(24),3,-1,likely_open,subType: open-like
257,PT00M32.90S,2,1610612744,GSW,201939,Curry,S. Curry,-158,102,19,Missed,1,0.0,0.0,0,v,MISS Curry 19' Step Back Jump Shot,Missed Shot,Step Back Jump shot,0,232,21300091,1408,15.0,turnover(24),2,3,likely_contested,"subType: contested-like, text: pressure-move"
264,PT00M00.50S,2,1610612744,GSW,201939,Curry,S. Curry,228,184,29,Missed,1,0.0,0.0,0,v,MISS Curry 29' 3PT Jump Shot,Missed Shot,Jump Shot,0,238,21300091,1440,18.0,def_reb(24),3,-2,likely_open,"subType: open-like, distance: deep above-break 3 (>=27ft)"
280,PT09M49.00S,3,1610612744,GSW,201939,Curry,S. Curry,40,7,4,Missed,1,0.0,0.0,0,v,MISS Curry 4' Jump Shot,Missed Shot,Jump Shot,0,252,21300091,1571,9.0,off_reb(14),2,0,likely_open,"subType: open-like, distance: at-rim/very close"
293,PT08M50.00S,3,1610612744,GSW,201939,Curry,S. Curry,127,233,27,Missed,1,0.0,0.0,0,v,MISS Curry 27' 3PT Jump Shot,Missed Shot,Jump Shot,0,265,21300091,1630,12.0,final_ft(24),3,-2,likely_open,"subType: open-like, distance: deep above-break 3 (>=27ft)"
301,PT07M45.00S,3,1610612744,GSW,201939,Curry,S. Curry,-196,154,25,Made,1,68.0,67.0,135,v,Curry 25' 3PT Jump Shot (20 PTS) (Iguodala 4 AST),Made Shot,Jump Shot,0,274,21300091,1695,19.0,def_reb(24),3,-1,likely_open,subType: open-like
327,PT05M37.00S,3,1610612744,GSW,201939,Curry,S. Curry,204,140,25,Missed,1,0.0,0.0,0,v,MISS Curry 25' 3PT Jump Shot,Missed Shot,Jump Shot,0,300,21300091,1823,11.0,keep_clock(19),3,-1,likely_open,subType: open-like
393,PT00M00.50S,3,1610612744,GSW,201939,Curry,S. Curry,214,512,55,Missed,1,0.0,0.0,0,v,MISS Curry 55' 3PT Jump Shot,Missed Shot,Jump Shot,0,352,21300091,2160,24.0,final_ft(24),3,-2,likely_open,"subType: open-like, distance: deep above-break 3 (>=27ft)"
416,PT09M57.00S,4,1610612744,GSW,201939,Curry,S. Curry,-139,154,21,Made,1,92.0,80.0,172,v,Curry 21' Jump Shot (22 PTS),Made Shot,Jump Shot,0,374,21300091,2283,16.0,def_reb(24),2,-1,likely_open,subType: open-like
425,PT09M00.00S,4,1610612744,GSW,201939,Curry,S. Curry,-87,75,11,Missed,1,0.0,0.0,0,v,MISS Curry 11' Jump Shot,Missed Shot,Jump Shot,0,383,21300091,2340,9.0,keep_clock(24),2,0,likely_open,"subType: open-like, distance: mid-range"
464,PT06M15.00S,4,1610612744,GSW,201939,Curry,S. Curry,-19,22,3,Missed,1,0.0,0.0,0,v,MISS Curry 3' Layup,Missed Shot,Layup Shot,0,419,21300091,2505,13.0,made_fg(24),2,1,borderline,distance: at-rim/very close
22,PT09M09.00S,1,1610612744,GSW,201939,Curry,S. Curry,-168,12,17,Made,1,11.0,2.0,13,h,Curry 17' Pullup Jump Shot (2 PTS) (Iguodala 2 AST),Made Shot,Pullup Jump shot,0,22,21300109,171,10.0,off_reb(14),2,3,likely_contested,"subType: contested-like, text: pressure-move"
56,PT05M19.00S,1,1610612744,GSW,201939,Curry,S. Curry,-232,26,0,Missed,1,0.0,0.0,0,h,MISS Curry  3PT Pullup Jump Shot,Missed Shot,Pullup Jump shot,0,51,21300109,401,9.0,final_ft(24),3,4,likely_contested,"subType: contested-like, text: pressure-move, distance: at-rim/very close, coords: corner-3"
69,PT04M16.00S,1,1610612744,GSW,201939,Curry,S. Curry,-2,94,9,Missed,1,0.0,0.0,0,h,MISS Curry 9' Floating Jump Shot,Missed Shot,Floating Jump shot,0,62,21300109,464,,stale_reset(14),2,3,likely_contested,"subType: contested-like, distance: mid-range"
74,PT03M09.00S,1,1610612744,GSW,201939,Curry,S. Curry,-231,53,24,Made,1,27.0,14.0,41,h,Curry 24' 3PT Pullup Jump Shot (7 PTS) (Iguodala 3 AST),Made Shot,Pullup Jump shot,0,67,21300109,531,,stale_reset(24),3,3,likely_contested,"subType: contested-like, text: pressure-move"
207,PT03M56.00S,2,1610612744,GSW,201939,Curry,S. Curry,-59,86,10,Made,1,51.0,32.0,83,h,Curry 10' Running Bank Shot (11 PTS),Made Shot,Running Bank shot,0,182,21300109,1204,19.0,turnover(24),2,1,borderline,distance: mid-range
299,PT08M11.00S,3,1610612744,GSW,201939,Curry,S. Curry,-122,175,21,Made,1,69.0,52.0,121,h,Curry 21' Pullup Jump Shot (15 PTS),Made Shot,Pullup Jump shot,0,266,21300109,1669,14.0,turnover(24),2,3,likely_contested,"subType: contested-like, text: pressure-move"
317,PT06M37.00S,3,1610612744,GSW,201939,Curry,S. Curry,-16,266,27,Missed,1,0.0,0.0,0,h,MISS Curry 27' 3PT Jump Shot,Missed Shot,Jump Shot,0,282,21300109,1763,18.0,def_reb(24),3,-2,likely_open,"subType: open-like, distance: deep above-break 3 (>=27ft)"
332,PT05M13.00S,3,1610612744,GSW,201939,Curry,S. Curry,-2,30,3,Made,1,78.0,55.0,133,h,Curry 3' Driving Finger Roll Layup (19 PTS),Made Shot,Driving Finger Roll Layup Shot,0,295,21300109,1847,13.0,def_reb(24),2,1,borderline,distance: at-rim/very close
338,PT04M49.00S,3,1610612744,GSW,201939,Curry,S. Curry,-18,6,2,Made,1,81.0,55.0,136,h,Curry 2' Driving Reverse Layup (22 PTS),Made Shot,Driving Reverse Layup Shot,0,300,21300109,1871,15.0,def_reb(24),2,3,likely_contested,"subType: contested-like, distance: at-rim/very close"
347,PT03M58.00S,3,1610612744,GSW,201939,Curry,S. Curry,209,162,26,Made,1,84.0,57.0,141,h,Curry 26' 3PT Step Back Jump Shot (25 PTS),Made Shot,Step Back Jump shot,0,309,21300109,1922,16.0,made_fg(24),3,3,likely_contested,"subType: contested-like, text: pressure-move"
9,PT10M47.00S,1,1610612744,GSW,201939,Curry,S. Curry,-180,205,27,Made,1,5.0,3.0,8,h,Curry 27' 3PT Pullup Jump Shot (3 PTS),Made Shot,Pullup Jump shot,0,9,21300124,73,16.0,made_fg(24),3,2,likely_contested,"subType: contested-like, text: pressure-move, distance: deep above-break 3 (>=27ft)"
13,PT09M52.00S,1,1610612744,GSW,201939,Curry,S. Curry,65,236,24,Made,1,8.0,5.0,13,h,Curry 24' 3PT Pullup Jump Shot (6 PTS) (Lee 1 AST),Made Shot,Pullup Jump shot,0,13,21300124,128,3.0,made_fg(24),3,4,likely_contested,"subType: contested-like, text: pressure-move, clock: late (<=5s)"
15,PT09M21.00S,1,1610612744,GSW,201939,Curry,S. Curry,-19,19,3,Missed,1,0.0,0.0,0,h,MISS Curry 3' Driving Layup,Missed Shot,Driving Layup Shot,0,15,21300124,159,15.0,made_fg(24),2,3,likely_contested,"subType: contested-like, distance: at-rim/very close"
35,PT07M38.00S,1,1610612744,GSW,201939,Curry,S. Curry,80,153,17,Missed,1,0.0,0.0,0,h,MISS Curry 17' Jump Shot,Missed Shot,Jump Shot,0,33,21300124,262,14.0,off_foul(24),2,-1,likely_open,subType: open-like
43,PT06M18.00S,1,1610612744,GSW,201939,Curry,S. Curry,-8,164,16,Missed,1,0.0,0.0,0,h,MISS Curry 16' Pullup Jump Shot,Missed Shot,Pullup Jump shot,0,41,21300124,342,7.0,made_fg(24),2,4,likely_contested,"subType: contested-like, text: pressure-move, distance: mid-range"
129,PT10M55.00S,2,1610612744,GSW,201939,Curry,S. Curry,81,183,20,Made,1,34.0,35.0,69,h,Curry 20' Step Back Jump Shot (8 PTS),Made Shot,Step Back Jump shot,0,122,21300124,785,7.0,made_fg(24),2,3,likely_contested,"subType: contested-like, text: pressure-move"
131,PT10M32.00S,2,1610612744,GSW,201939,Curry,S. Curry,24,268,27,Made,1,37.0,38.0,75,h,Curry 27' 3PT Pullup Jump Shot (11 PTS),Made Shot,Pullup Jump shot,0,124,21300124,808,18.0,made_fg(24),3,2,likely_contested,"subType: contested-like, text: pressure-move, distance: deep above-break 3 (>=27ft)"
168,PT06M41.00S,2,1610612744,GSW,201939,Curry,S. Curry,105,160,19,Missed,1,0.0,0.0,0,h,MISS Curry 19' Jump Shot,Missed Shot,Jump Shot,0,155,21300124,1039,14.0,made_fg(24),2,-1,likely_open,subType: open-like
191,PT04M22.00S,2,1610612744,GSW,201939,Curry,S. Curry,-127,173,21,Missed,1,0.0,0.0,0,h,MISS Curry 21' Step Back Jump Shot,Missed Shot,Step Back Jump shot,0,175,21300124,1178,14.0,def_reb(24),2,3,likely_contested,"subType: contested-like, text: pressure-move"
223,PT01M43.00S,2,1610612744,GSW,201939,Curry,S. Curry,124,156,20,Missed,1,0.0,0.0,0,h,MISS Curry 20' Jump Shot,Missed Shot,Jump Shot,0,205,21300124,1337,14.0,def_reb(24),2,-1,likely_open,subType: open-like
272,PT08M49.00S,3,1610612744,GSW,201939,Curry,S. Curry,-122,154,20,Missed,1,0.0,0.0,0,h,MISS Curry 20' Jump Shot,Missed Shot,Jump Shot,0,247,21300124,1631,11.0,made_fg(24),2,-1,likely_open,subType: open-like
275,PT08M35.00S,3,1610612744,GSW,201939,Curry,S. Curry,26,28,4,Made,1,72.0,69.0,141,h,Curry 4' Running Bank Shot (14 PTS),Made Shot,Running Bank shot,0,251,21300124,1645,17.0,turnover(24),2,1,borderline,distance: at-rim/very close
277,PT08M10.00S,3,1610612744,GSW,201939,Curry,S. Curry,-13,9,2,Made,1,74.0,71.0,145,h,Curry 2' Driving Reverse Layup (16 PTS),Made Shot,Driving Reverse Layup Shot,0,253,21300124,1670,13.0,made_fg(24),2,3,likely_contested,"subType: contested-like, distance: at-rim/very close"
288,PT06M55.00S,3,1610612744,GSW,201939,Curry,S. Curry,24,75,8,Made,1,79.0,73.0,152,h,Curry 8' Floating Jump Shot (18 PTS),Made Shot,Floating Jump shot,0,262,21300124,1745,9.0,made_fg(24),2,3,likely_contested,"subType: contested-like, distance: mid-range"
291,PT06M30.00S,3,1610612744,GSW,201939,Curry,S. Curry,-127,241,27,Missed,1,0.0,0.0,0,h,MISS Curry 27' 3PT Jump Shot,Missed Shot,Jump Shot,0,265,21300124,1770,19.0,def_reb(24),3,-2,likely_open,"subType: open-like, distance: deep above-break 3 (>=27ft)"
305,PT04M56.00S,3,1610612744,GSW,201939,Curry,S. Curry,-196,179,27,Made,1,84.0,77.0,161,h,Curry 27' 3PT Pullup Jump Shot (21 PTS) (Barnes 1 AST),Made Shot,Pullup Jump shot,0,281,21300124,1864,13.0,turnover(24),3,2,likely_contested,"subType: contested-like, text: pressure-move, distance: deep above-break 3 (>=27ft)"
317,PT04M02.00S,3,1610612744,GSW,201939,Curry,S. Curry,-2,276,28,Missed,1,0.0,0.0,0,h,MISS Curry 28' 3PT Pullup Jump Shot,Missed Shot,Pullup Jump shot,0,294,21300124,1918,5.0,final_ft(24),3,3,likely_contested,"subType: contested-like, text: pressure-move, distance: deep above-break 3 (>=27ft), clock: late (<=5s)"
381,PT10M47.00S,4,1610612744,GSW,201939,Curry,S. Curry,-37,211,21,Missed,1,0.0,0.0,0,h,MISS Curry 21' Step Back Jump Shot,Missed Shot,Step Back Jump shot,0,350,21300124,2233,11.0,def_reb(24),2,3,likely_contested,"subType: contested-like, text: pressure-move"
442,PT05M41.00S,4,1610612744,GSW,201939,Curry,S. Curry,-81,269,28,Missed,1,0.0,0.0,0,h,MISS Curry 28' 3PT Jump Shot,Missed Shot,Jump Shot,0,402,21300124,2539,,stale_reset(24),3,-2,likely_open,"subType: open-like, distance: deep above-break 3 (>=27ft)"
466,PT03M48.00S,4,1610612744,GSW,201939,Curry,S. Curry,-64,206,22,Missed,1,0.0,0.0,0,h,MISS Curry 22' Step Back Jump Shot,Missed Shot,Step Back Jump shot,0,425,21300124,2652,5.0,off_reb(14),2,4,likely_contested,"subType: contested-like, text: pressure-move, clock: late (<=5s)"
475,PT03M01.00S,4,1610612744,GSW,201939,Curry,S. Curry,185,178,26,Missed,1,0.0,0.0,0,h,MISS Curry 26' 3PT Jump Shot,Missed Shot,Jump Shot,0,432,21300124,2699,6.0,made_fg(24),3,-1,likely_open,subType: open-like
511,PT00M14.90S,4,1610612744,GSW,201939,Curry,S. Curry,-84,197,21,Missed,1,0.0,0.0,0,h,MISS Curry 21' Step Back Jump Shot,Missed Shot,Step Back Jump shot,0,462,21300124,2866,2.0,made_fg(24),2,4,likely_contested,"subType: contested-like, text: pressure-move, clock: late (<=5s)"
4,PT11M24.00S,1,1610612744,GSW,201939,Curry,S. Curry,-193,7,19,Made,1,2.0,0.0,2,h,Curry 19' Step Back Jump Shot (2 PTS),Made Shot,Step Back Jump shot,0,5,21300145,36,3.0,def_reb(24),2,4,likely_contested,"subType: contested-like, text: pressure-move, clock: late (<=5s)"
7,PT10M55.00S,1,1610612744,GSW,201939,Curry,S. Curry,23,41,5,Made,1,4.0,0.0,4,h,Curry 5' Running Bank Shot (4 PTS),Made Shot,Running Bank shot,0,8,21300145,65,13.0,def_reb(24),2,1,borderline,distance: at-rim/very close
20,PT09M13.00S,1,1610612744,GSW,201939,Curry,S. Curry,195,187,27,Missed,1,0.0,0.0,0,h,MISS Curry 27' 3PT Step Back Jump Shot,Missed Shot,Step Back Jump shot,0,20,21300145,167,11.0,made_fg(24),3,2,likely_contested,"subType: contested-like, text: pressure-move, distance: deep above-break 3 (>=27ft)"
57,PT04M48.00S,1,1610612744,GSW,201939,Curry,S. Curry,12,22,3,Made,1,19.0,6.0,25,h,Curry 3' Driving Finger Roll Layup (6 PTS),Made Shot,Driving Finger Roll Layup Shot,0,57,21300145,432,,stale_reset(24),2,1,borderline,distance: at-rim/very close
71,PT03M48.00S,1,1610612744,GSW,201939,Curry,S. Curry,144,126,19,Missed,1,0.0,0.0,0,h,MISS Curry 19' Jump Shot,Missed Shot,Jump Shot,0,71,21300145,492,11.0,keep_clock(19),2,-1,likely_open,subType: open-like
80,PT02M45.00S,1,1610612744,GSW,201939,Curry,S. Curry,133,142,19,Made,1,23.0,11.0,34,h,Curry 19' Step Back Jump Shot (8 PTS),Made Shot,Step Back Jump shot,0,80,21300145,555,16.0,made_fg(24),2,3,likely_contested,"subType: contested-like, text: pressure-move"
82,PT02M08.00S,1,1610612744,GSW,201939,Curry,S. Curry,6,165,17,Missed,1,0.0,0.0,0,h,MISS Curry 17' Jump Shot,Missed Shot,Jump Shot,0,82,21300145,592,15.0,made_fg(24),2,-1,likely_open,subType: open-like
103,PT00M04.90S,1,1610612744,GSW,201939,Curry,S. Curry,12,33,4,Missed,1,0.0,0.0,0,h,MISS Curry 4' Floating Jump Shot,Missed Shot,Floating Jump shot,0,103,21300145,716,7.0,def_reb(24),2,3,likely_contested,"subType: contested-like, distance: at-rim/very close"
176,PT04M49.00S,2,1610612744,GSW,201939,Curry,S. Curry,-46,247,25,Missed,1,0.0,0.0,0,h,MISS Curry 25' 3PT Pullup Jump Shot,Missed Shot,Pullup Jump shot,0,174,21300145,1151,10.0,def_reb(24),3,3,likely_contested,"subType: contested-like, text: pressure-move"
187,PT03M24.00S,2,1610612744,GSW,201939,Curry,S. Curry,144,131,19,Missed,1,0.0,0.0,0,h,MISS Curry 19' Jump Shot,Missed Shot,Jump Shot,0,183,21300145,1236,9.0,def_reb(24),2,-1,likely_open,subType: open-like
209,PT00M53.90S,2,1610612744,GSW,201939,Curry,S. Curry,231,20,0,Missed,1,0.0,0.0,0,h,MISS Curry  3PT Jump Shot,Missed Shot,Jump Shot,0,204,21300145,1387,17.0,turnover(24),3,-1,likely_open,"subType: open-like, distance: at-rim/very close, coords: corner-3, corner: catch/spot"
235,PT09M45.00S,3,1610612744,GSW,201939,Curry,S. Curry,-2,175,18,Missed,1,0.0,0.0,0,h,MISS Curry 18' Jump Shot,Missed Shot,Jump Shot,0,229,21300145,1575,11.0,made_fg(24),2,-1,likely_open,subType: open-like
255,PT07M49.00S,3,1610612744,GSW,201939,Curry,S. Curry,18,74,8,Missed,1,0.0,0.0,0,h,MISS Curry 8' Jump Shot,Missed Shot,Jump Shot,0,247,21300145,1691,13.0,def_reb(24),2,0,likely_open,"subType: open-like, distance: mid-range"
270,PT05M23.00S,3,1610612744,GSW,201939,Curry,S. Curry,-54,219,23,Made,1,63.0,54.0,117,h,Curry 23' Step Back Jump Shot (11 PTS),Made Shot,Step Back Jump shot,0,264,21300145,1837,10.0,made_fg(24),2,3,likely_contested,"subType: contested-like, text: pressure-move"
277,PT04M43.00S,3,1610612744,GSW,201939,Curry,S. Curry,58,41,7,Missed,1,0.0,0.0,0,h,MISS Curry 7' Floating Jump Shot,Missed Shot,Floating Jump shot,0,269,21300145,1877,8.0,made_fg(24),2,2,likely_contested,subType: contested-like
346,PT11M01.00S,4,1610612744,GSW,201939,Curry,S. Curry,99,164,19,Missed,1,0.0,0.0,0,h,MISS Curry 19' Jump Shot,Missed Shot,Jump Shot,0,328,21300145,2219,13.0,made_fg(24),2,-1,likely_open,subType: open-like
362,PT08M46.00S,4,1610612744,GSW,201939,Curry,S. Curry,6,123,12,Made,1,82.0,70.0,152,h,Curry 12' Floating Jump Shot (13 PTS),Made Shot,Floating Jump shot,0,345,21300145,2354,7.0,made_fg(24),2,3,likely_contested,"subType: contested-like, distance: mid-range"
365,PT08M24.00S,4,1610612744,GSW,201939,Curry,S. Curry,231,25,0,Missed,1,0.0,0.0,0,h,MISS Curry  3PT Pullup Jump Shot,Missed Shot,Pullup Jump shot,0,348,21300145,2376,18.0,def_reb(24),3,4,likely_contested,"subType: contested-like, text: pressure-move, distance: at-rim/very close, coords: corner-3"
398,PT05M06.00S,4,1610612744,GSW,201939,Curry,S. Curry,-138,269,30,Missed,1,0.0,0.0,0,h,MISS Curry 30' 3PT Jump Shot,Missed Shot,Jump Shot,0,377,21300145,2574,2.0,def_reb(24),3,-1,likely_open,"subType: open-like, distance: deep above-break 3 (>=27ft), clock: late (<=5s)"
402,PT04M39.00S,4,1610612744,GSW,201939,Curry,S. Curry,-4,28,3,Made,1,94.0,77.0,171,h,Curry 3' Driving Finger Roll Layup (15 PTS) (Lee 1 AST),Made Shot,Driving Finger Roll Layup Shot,0,381,21300145,2601,11.0,def_reb(24),2,1,borderline,distance: at-rim/very close
13,PT10M39.00S,1,1610612744,GSW,201939,Curry,S. Curry,17,6,2,Missed,1,0.0,0.0,0,v,MISS Curry 2' Layup,Missed Shot,Layup Shot,0,10,21300154,81,17.0,def_reb(24),2,1,borderline,distance: at-rim/very close
24,PT09M18.00S,1,1610612744,GSW,201939,Curry,S. Curry,-23,28,4,Missed,1,0.0,0.0,0,v,MISS Curry 4' Jump Shot,Missed Shot,Jump Shot,0,20,21300154,162,12.0,made_fg(24),2,0,likely_open,"subType: open-like, distance: at-rim/very close"
49,PT07M13.00S,1,1610612744,GSW,201939,Curry,S. Curry,-59,222,23,Missed,1,0.0,0.0,0,v,MISS Curry 23' Jump Shot,Missed Shot,Jump Shot,0,43,21300154,287,17.0,def_reb(24),2,-1,likely_open,subType: open-like
74,PT04M10.00S,1,1610612744,GSW,201939,Curry,S. Curry,-112,217,24,Missed,1,0.0,0.0,0,v,MISS Curry 24' 3PT Jump Shot,Missed Shot,Jump Shot,0,67,21300154,470,20.0,def_reb(24),3,-1,likely_open,subType: open-like
137,PT09M57.00S,2,1610612744,GSW,201939,Curry,S. Curry,80,156,18,Made,1,22.0,26.0,48,v,Curry 18' Jump Shot (2 PTS),Made Shot,Jump Shot,0,127,21300154,843,17.0,def_reb(24),2,-1,likely_open,subType: open-like
145,PT09M18.00S,2,1610612744,GSW,201939,Curry,S. Curry,176,173,25,Made,1,24.0,29.0,53,v,Curry 25' 3PT Jump Shot (5 PTS) (Barnes 1 AST),Made Shot,Jump Shot,0,133,21300154,882,9.0,keep_clock(16),3,-1,likely_open,subType: open-like
147,PT08M46.00S,2,1610612744,GSW,201939,Curry,S. Curry,18,249,25,Made,1,27.0,32.0,59,v,Curry 25' 3PT Jump Shot (8 PTS),Made Shot,Jump Shot,0,135,21300154,914,10.0,made_fg(24),3,-1,likely_open,subType: open-like
163,PT06M34.00S,2,1610612744,GSW,201939,Curry,S. Curry,0,244,24,Missed,1,0.0,0.0,0,v,MISS Curry 24' 3PT Jump Shot,Missed Shot,Jump Shot,0,153,21300154,1046,19.0,def_reb(24),3,-1,likely_open,subType: open-like
181,PT04M37.00S,2,1610612744,GSW,201939,Curry,S. Curry,-205,127,24,Made,1,33.0,48.0,81,v,Curry 24' 3PT Jump Shot (11 PTS) (Lee 2 AST),Made Shot,Jump Shot,0,170,21300154,1163,,stale_reset(14),3,-1,likely_open,subType: open-like
228,PT00M36.90S,2,1610612744,GSW,201939,Curry,S. Curry,-133,216,25,Missed,1,0.0,0.0,0,v,MISS Curry 25' 3PT Jump Shot,Missed Shot,Jump Shot,0,217,21300154,1404,18.0,def_reb(24),3,-1,likely_open,subType: open-like
258,PT09M57.00S,3,1610612744,GSW,201939,Curry,S. Curry,-127,165,21,Made,1,40.0,65.0,105,v,Curry 21' Jump Shot (17 PTS),Made Shot,Jump Shot,0,244,21300154,1563,13.0,made_fg(24),2,-1,likely_open,subType: open-like
278,PT07M39.00S,3,1610612744,GSW,201939,Curry,S. Curry,24,4,2,Missed,1,0.0,0.0,0,v,MISS Curry 2' Layup,Missed Shot,Layup Shot,0,264,21300154,1701,11.0,made_fg(24),2,1,borderline,distance: at-rim/very close
291,PT06M01.00S,3,1610612744,GSW,201939,Curry,S. Curry,-204,26,21,Missed,1,0.0,0.0,0,v,MISS Curry 21' Jump Shot,Missed Shot,Jump Shot,0,278,21300154,1799,10.0,def_reb(24),2,-1,likely_open,subType: open-like
370,PT11M26.00S,4,1610612744,GSW,201939,Curry,S. Curry,84,214,23,Made,1,65.0,80.0,145,v,Curry 23' Jump Shot (19 PTS),Made Shot,Jump Shot,0,346,21300154,2194,5.0,off_reb(14),2,0,likely_open,"subType: open-like, clock: late (<=5s)"
376,PT10M18.00S,4,1610612744,GSW,201939,Curry,S. Curry,73,241,25,Made,1,65.0,85.0,150,v,Curry 25' 3PT Jump Shot (22 PTS),Made Shot,Jump Shot,0,352,21300154,2262,15.0,def_reb(24),3,-1,likely_open,subType: open-like
25,PT07M29.00S,1,1610612744,GSW,201939,Curry,S. Curry,-188,235,30,Missed,1,0.0,0.0,0,h,MISS Curry 30' 3PT Pullup Jump Shot,Missed Shot,Pullup Jump shot,0,28,21300196,271,16.0,def_reb(24),3,2,likely_contested,"subType: contested-like, text: pressure-move, distance: deep above-break 3 (>=27ft)"
34,PT06M19.00S,1,1610612744,GSW,201939,Curry,S. Curry,215,134,25,Missed,1,0.0,0.0,0,h,MISS Curry 25' 3PT Pullup Jump Shot,Missed Shot,Pullup Jump shot,0,35,21300196,341,9.0,final_ft(24),3,3,likely_contested,"subType: contested-like, text: pressure-move"
50,PT05M33.00S,1,1610612744,GSW,201939,Curry,S. Curry,6,77,8,Missed,1,0.0,0.0,0,h,MISS Curry 8' Jump Shot,Missed Shot,Jump Shot,0,50,21300196,387,11.0,def_reb(24),2,0,likely_open,"subType: open-like, distance: mid-range"
54,PT05M13.00S,1,1610612744,GSW,201939,Curry,S. Curry,-111,121,16,Made,1,14.0,19.0,33,h,Curry 16' Pullup Bank Shot (2 PTS),Made Shot,Pullup Bank shot,0,55,21300196,407,12.0,def_reb(24),2,2,likely_contested,"text: pressure-move, distance: mid-range"
57,PT04M38.00S,1,1610612744,GSW,201939,Curry,S. Curry,-114,142,18,Missed,1,0.0,0.0,0,h,MISS Curry 18' Jump Shot,Missed Shot,Jump Shot,0,58,21300196,442,11.0,def_reb(24),2,-1,likely_open,subType: open-like
70,PT03M14.00S,1,1610612744,GSW,201939,Curry,S. Curry,-157,146,21,Made,1,18.0,19.0,37,h,Curry 21' Step Back Jump Shot (4 PTS),Made Shot,Step Back Jump shot,0,71,21300196,526,14.0,def_reb(24),2,3,likely_contested,"subType: contested-like, text: pressure-move"
163,PT07M18.00S,2,1610612744,GSW,201939,Curry,S. Curry,-172,203,27,Missed,1,0.0,0.0,0,h,MISS Curry 27' 3PT Jump Shot,Missed Shot,Jump Shot,0,158,21300196,1002,16.0,def_reb(24),3,-2,likely_open,"subType: open-like, distance: deep above-break 3 (>=27ft)"
194,PT04M59.00S,2,1610612744,GSW,201939,Curry,S. Curry,-229,7,0,Missed,1,0.0,0.0,0,h,MISS Curry  3PT Jump Shot,Missed Shot,Jump Shot,0,186,21300196,1141,11.0,def_reb(24),3,-1,likely_open,"subType: open-like, distance: at-rim/very close, coords: corner-3, corner: catch/spot"
211,PT03M05.00S,2,1610612744,GSW,201939,Curry,S. Curry,-7,11,1,Made,1,49.0,37.0,86,h,Curry 1' Driving Layup (6 PTS),Made Shot,Driving Layup Shot,0,203,21300196,1255,15.0,off_foul(24),2,3,likely_contested,"subType: contested-like, distance: at-rim/very close"
226,PT01M38.00S,2,1610612744,GSW,201939,Curry,S. Curry,9,37,4,Missed,1,0.0,0.0,0,h,MISS Curry 4' Jump Shot,Missed Shot,Jump Shot,0,215,21300196,1342,8.0,made_fg(24),2,0,likely_open,"subType: open-like, distance: at-rim/very close"
281,PT09M00.00S,3,1610612744,GSW,201939,Curry,S. Curry,-111,228,25,Made,1,65.0,56.0,121,h,Curry 25' 3PT Pullup Jump Shot (10 PTS),Made Shot,Pullup Jump shot,0,262,21300196,1620,13.0,made_fg(24),3,3,likely_contested,"subType: contested-like, text: pressure-move"
284,PT08M44.00S,3,1610612744,GSW,201939,Curry,S. Curry,151,225,27,Made,1,68.0,56.0,124,h,Curry 27' 3PT Pullup Jump Shot (13 PTS),Made Shot,Pullup Jump shot,0,265,21300196,1636,18.0,def_reb(24),3,2,likely_contested,"subType: contested-like, text: pressure-move, distance: deep above-break 3 (>=27ft)"
294,PT07M53.00S,3,1610612744,GSW,201939,Curry,S. Curry,-117,149,19,Made,1,70.0,56.0,126,h,Curry 19' Jump Shot (15 PTS),Made Shot,Jump Shot,0,273,21300196,1687,16.0,def_reb(24),2,-1,likely_open,subType: open-like
324,PT04M53.00S,3,1610612744,GSW,201939,Curry,S. Curry,129,227,26,Missed,1,0.0,0.0,0,h,MISS Curry 26' 3PT Pullup Jump Shot,Missed Shot,Pullup Jump shot,0,301,21300196,1867,9.0,made_fg(24),3,3,likely_contested,"subType: contested-like, text: pressure-move"
333,PT03M55.00S,3,1610612744,GSW,201939,Curry,S. Curry,-123,12,12,Made,1,79.0,69.0,148,h,Curry 12' Floating Jump Shot (18 PTS),Made Shot,Floating Jump shot,0,310,21300196,1925,9.0,made_fg(24),2,3,likely_contested,"subType: contested-like, distance: mid-range"
371,PT02M39.00S,3,1610612744,GSW,201939,Curry,S. Curry,182,19,18,Missed,1,0.0,0.0,0,h,MISS Curry 18' Fadeaway Jumper,Missed Shot,Fadeaway Jump Shot,0,339,21300196,2001,9.0,final_ft(24),2,3,likely_contested,"subType: contested-like, text: pressure-move"
437,PT09M20.00S,4,1610612744,GSW,201939,Curry,S. Curry,7,261,26,Missed,1,0.0,0.0,0,h,MISS Curry 26' 3PT Pullup Jump Shot,Missed Shot,Pullup Jump shot,0,400,21300196,2320,11.0,def_reb(24),3,3,likely_contested,"subType: contested-like, text: pressure-move"
457,PT08M45.00S,4,1610612744,GSW,201939,Curry,S. Curry,4,126,13,Made,1,92.0,90.0,182,h,Curry 13' Floating Jump Shot (22 PTS),Made Shot,Floating Jump shot,0,417,21300196,2355,8.0,final_ft(24),2,3,likely_contested,"subType: contested-like, distance: mid-range"
470,PT07M21.00S,4,1610612744,GSW,201939,Curry,S. Curry,114,159,20,Missed,1,0.0,0.0,0,h,MISS Curry 20' Step Back Jump Shot,Missed Shot,Step Back Jump shot,0,428,21300196,2439,11.0,made_fg(24),2,3,likely_contested,"subType: contested-like, text: pressure-move"
477,PT06M14.00S,4,1610612744,GSW,201939,Curry,S. Curry,228,63,24,Missed,1,0.0,0.0,0,h,MISS Curry 24' 3PT Step Back Jump Shot,Missed Shot,Step Back Jump shot,0,435,21300196,2506,15.0,def_reb(24),3,3,likely_contested,"subType: contested-like, text: pressure-move"
516,PT03M17.00S,4,1610612744,GSW,201939,Curry,S. Curry,-11,59,6,Missed,1,0.0,0.0,0,h,MISS Curry 6' Floating Jump Shot,Missed Shot,Floating Jump shot,0,468,21300196,2683,9.0,made_fg(24),2,2,likely_contested,subType: contested-like
28,PT08M27.00S,1,1610612744,GSW,201939,Curry,S. Curry,133,58,15,Missed,1,0.0,0.0,0,v,MISS Curry 15' Jump Shot,Missed Shot,Jump Shot,0,28,21300214,213,11.0,made_fg(24),2,0,likely_open,"subType: open-like, distance: mid-range"
49,PT06M58.00S,1,1610612744,GSW,201939,Curry,S. Curry,-75,230,24,Missed,1,0.0,0.0,0,v,MISS Curry 24' 3PT Jump Shot,Missed Shot,Jump Shot,0,43,21300214,302,14.0,made_fg(24),3,-1,likely_open,subType: open-like
79,PT03M17.00S,1,1610612744,GSW,201939,Curry,S. Curry,-224,28,0,Missed,1,0.0,0.0,0,v,MISS Curry  3PT Jump Shot,Missed Shot,Jump Shot,0,73,21300214,523,9.0,made_fg(24),3,-1,likely_open,"subType: open-like, distance: at-rim/very close, coords: corner-3, corner: catch/spot"
82,PT03M03.00S,1,1610612744,GSW,201939,Curry,S. Curry,18,15,2,Made,1,18.0,19.0,37,v,Curry 2' Layup (2 PTS) (Thompson 5 AST),Made Shot,Layup Shot,0,77,21300214,537,20.0,turnover(24),2,1,borderline,distance: at-rim/very close
85,PT02M40.00S,1,1610612744,GSW,201939,Curry,S. Curry,154,17,15,Made,1,18.0,21.0,39,v,Curry 15' Jump Shot (4 PTS),Made Shot,Jump Shot,0,81,21300214,560,14.0,def_reb(24),2,0,likely_open,"subType: open-like, distance: mid-range"
192,PT08M20.00S,2,1610612744,GSW,201939,Curry,S. Curry,-226,14,0,Made,1,27.0,36.0,63,v,Curry  3PT Jump Shot (7 PTS) (Thompson 6 AST),Made Shot,Jump Shot,0,177,21300214,940,9.0,turnover(24),3,-1,likely_open,"subType: open-like, distance: at-rim/very close, coords: corner-3, corner: catch/spot"
195,PT07M43.00S,2,1610612744,GSW,201939,Curry,S. Curry,103,39,11,Made,1,27.0,38.0,65,v,Curry 11' Floating Jump Shot (9 PTS),Made Shot,Floating Jump shot,0,180,21300214,977,12.0,def_reb(24),2,3,likely_contested,"subType: contested-like, distance: mid-range"
197,PT07M18.00S,2,1610612744,GSW,201939,Curry,S. Curry,102,53,11,Missed,1,0.0,0.0,0,v,MISS Curry 11' Jump Shot,Missed Shot,Jump Shot,0,183,21300214,1002,15.0,turnover(24),2,0,likely_open,"subType: open-like, distance: mid-range"
227,PT04M00.00S,2,1610612744,GSW,201939,Curry,S. Curry,61,34,7,Missed,1,0.0,0.0,0,v,MISS Curry 7' Jump Shot,Missed Shot,Jump Shot,0,212,21300214,1200,8.0,made_fg(24),2,-1,likely_open,subType: open-like
242,PT02M58.00S,2,1610612744,GSW,201939,Curry,S. Curry,-24,19,3,Missed,1,0.0,0.0,0,v,MISS Curry 3' Jump Shot,Missed Shot,Jump Shot,0,225,21300214,1262,12.0,made_fg(24),2,0,likely_open,"subType: open-like, distance: at-rim/very close"
280,PT10M41.00S,3,1610612744,GSW,201939,Curry,S. Curry,7,197,20,Missed,1,0.0,0.0,0,v,MISS Curry 20' Jump Shot,Missed Shot,Jump Shot,0,256,21300214,1519,0.0,made_fg(24),2,0,likely_open,"subType: open-like, clock: late (<=5s)"
334,PT04M31.00S,3,1610612744,GSW,201939,Curry,S. Curry,-100,162,19,Missed,1,0.0,0.0,0,v,MISS Curry 19' Jump Shot,Missed Shot,Jump Shot,0,305,21300214,1889,12.0,made_fg(24),2,-1,likely_open,subType: open-like
388,PT11M44.00S,4,1610612744,GSW,201939,Curry,S. Curry,-5,39,4,Made,1,77.0,78.0,155,v,Curry 4' Floating Jump Shot (11 PTS),Made Shot,Floating Jump shot,0,356,21300214,2176,8.0,period_start(24),2,3,likely_contested,"subType: contested-like, distance: at-rim/very close"
398,PT10M48.00S,4,1610612744,GSW,201939,Curry,S. Curry,-150,86,17,Missed,1,0.0,0.0,0,v,MISS Curry 17' Jump Shot,Missed Shot,Jump Shot,0,362,21300214,2232,6.0,def_foul_14(14),2,-1,likely_open,subType: open-like
416,PT09M01.00S,4,1610612744,GSW,201939,Curry,S. Curry,-175,96,20,Missed,1,0.0,0.0,0,v,MISS Curry 20' Jump Shot,Missed Shot,Jump Shot,0,379,21300214,2339,5.0,made_fg(24),2,0,likely_open,"subType: open-like, clock: late (<=5s)"
421,PT08M35.00S,4,1610612744,GSW,201939,Curry,S. Curry,77,242,25,Made,1,85.0,86.0,171,v,Curry 25' 3PT Jump Shot (14 PTS) (Thompson 8 AST),Made Shot,Jump Shot,0,384,21300214,2365,7.0,made_fg(24),3,-1,likely_open,subType: open-like
442,PT06M39.00S,4,1610612744,GSW,201939,Curry,S. Curry,15,255,26,Missed,1,0.0,0.0,0,v,MISS Curry 26' 3PT Jump Shot,Missed Shot,Jump Shot,0,406,21300214,2481,6.0,keep_clock(15),3,-1,likely_open,subType: open-like
445,PT06M21.00S,4,1610612744,GSW,201939,Curry,S. Curry,65,197,21,Made,1,85.0,91.0,176,v,Curry 21' Jump Shot (16 PTS),Made Shot,Jump Shot,0,410,21300214,2499,12.0,turnover(24),2,-1,likely_open,subType: open-like
448,PT05M40.00S,4,1610612744,GSW,201939,Curry,S. Curry,21,198,20,Missed,1,0.0,0.0,0,v,MISS Curry 20' Jump Shot,Missed Shot,Jump Shot,0,413,21300214,2540,4.0,made_fg(24),2,0,likely_open,"subType: open-like, clock: late (<=5s)"
488,PT01M29.00S,4,1610612744,GSW,201939,Curry,S. Curry,-19,14,2,Missed,1,0.0,0.0,0,v,MISS Curry 2' Layup,Missed Shot,Layup Shot,0,448,21300214,2791,4.0,def_reb(24),2,2,likely_contested,"distance: at-rim/very close, clock: late (<=5s)"
31,PT07M58.00S,1,1610612744,GSW,201939,Curry,S. Curry,36,241,24,Made,1,13.0,12.0,25,v,Curry 24' 3PT Jump Shot (3 PTS) (Lee 1 AST),Made Shot,Jump Shot,0,32,21300225,242,16.0,made_fg(24),3,-1,likely_open,subType: open-like
44,PT06M50.00S,1,1610612744,GSW,201939,Curry,S. Curry,-228,6,0,Missed,1,0.0,0.0,0,v,MISS Curry  3PT Jump Shot,Missed Shot,Jump Shot,0,44,21300225,310,15.0,made_fg(24),3,-1,likely_open,"subType: open-like, distance: at-rim/very close, coords: corner-3, corner: catch/spot"
119,PT00M02.90S,1,1610612744,GSW,201939,Curry,S. Curry,-52,162,17,Made,1,28.0,22.0,50,v,Curry 17' Step Back Jump Shot (5 PTS),Made Shot,Step Back Jump shot,0,117,21300225,718,11.0,keep_clock(15),2,3,likely_contested,"subType: contested-like, text: pressure-move"
125,PT11M28.00S,2,1610612744,GSW,201939,Curry,S. Curry,0,219,22,Missed,1,0.0,0.0,0,v,MISS Curry 22' Jump Shot,Missed Shot,Jump Shot,0,123,21300225,752,11.0,def_reb(24),2,-1,likely_open,subType: open-like
139,PT09M31.00S,2,1610612744,GSW,201939,Curry,S. Curry,37,9,4,Missed,1,0.0,0.0,0,v,MISS Curry 4' Driving Jump Shot,Missed Shot,Driving Jump shot,0,137,21300225,869,8.0,made_fg(24),2,1,borderline,distance: at-rim/very close
236,PT02M23.00S,2,1610612744,GSW,201939,Curry,S. Curry,-223,3,0,Missed,1,0.0,0.0,0,v,MISS Curry  3PT Jump Shot,Missed Shot,Jump Shot,0,214,21300225,1297,10.0,off_reb(14),3,-1,likely_open,"subType: open-like, distance: at-rim/very close, coords: corner-3, corner: catch/spot"
244,PT01M30.00S,2,1610612744,GSW,201939,Curry,S. Curry,-26,244,25,Made,1,53.0,41.0,94,v,Curry 25' 3PT Jump Shot (8 PTS),Made Shot,Jump Shot,0,222,21300225,1350,13.0,turnover(24),3,-1,likely_open,subType: open-like
248,PT00M59.70S,2,1610612744,GSW,201939,Curry,S. Curry,26,250,25,Made,1,53.0,44.0,97,v,Curry 25' 3PT Pullup Jump Shot (11 PTS),Made Shot,Pullup Jump shot,0,225,21300225,1381,17.0,def_reb(24),3,3,likely_contested,"subType: contested-like, text: pressure-move"
251,PT00M35.90S,2,1610612744,GSW,201939,Curry,S. Curry,0,1,0,Missed,1,0.0,0.0,0,v,MISS Curry  Driving Reverse Layup,Missed Shot,Driving Reverse Layup Shot,0,228,21300225,1405,17.0,def_reb(24),2,3,likely_contested,"subType: contested-like, distance: at-rim/very close"
271,PT10M33.00S,3,1610612744,GSW,201939,Curry,S. Curry,7,77,8,Missed,1,0.0,0.0,0,v,MISS Curry 8' Driving Jump Shot,Missed Shot,Driving Jump shot,0,245,21300225,1527,13.0,final_ft(24),2,1,borderline,distance: mid-range
294,PT08M05.00S,3,1610612744,GSW,201939,Curry,S. Curry,-179,168,25,Made,1,59.0,55.0,114,v,Curry 25' 3PT Jump Shot (14 PTS) (Thompson 2 AST),Made Shot,Jump Shot,0,267,21300225,1675,17.0,def_reb(24),3,-1,likely_open,subType: open-like
301,PT07M36.00S,3,1610612744,GSW,201939,Curry,S. Curry,114,190,22,Missed,1,0.0,0.0,0,v,MISS Curry 22' Jump Shot,Missed Shot,Jump Shot,0,271,21300225,1704,17.0,def_reb(24),2,-1,likely_open,subType: open-like
330,PT04M20.00S,3,1610612744,GSW,201939,Curry,S. Curry,-210,157,26,Missed,1,0.0,0.0,0,v,MISS Curry 26' 3PT Jump Shot,Missed Shot,Jump Shot,0,295,21300225,1900,1.0,def_reb(24),3,0,likely_open,"subType: open-like, clock: late (<=5s)"
393,PT11M45.00S,4,1610612744,GSW,201939,Curry,S. Curry,106,219,24,Made,1,82.0,74.0,156,v,Curry 24' 3PT Jump Shot (19 PTS) (Nedovic 1 AST),Made Shot,Jump Shot,0,350,21300225,2175,9.0,period_start(24),3,-1,likely_open,subType: open-like
419,PT09M16.00S,4,1610612744,GSW,201939,Curry,S. Curry,47,31,6,Missed,1,0.0,0.0,0,v,MISS Curry 6' Driving Jump Shot,Missed Shot,Driving Jump shot,0,374,21300225,2324,15.0,off_foul(24),2,0,likely_open,
423,PT08M54.00S,4,1610612744,GSW,201939,Curry,S. Curry,-177,164,24,Missed,1,0.0,0.0,0,v,MISS Curry 24' 3PT Jump Shot,Missed Shot,Jump Shot,0,378,21300225,2346,13.0,def_reb(24),3,-1,likely_open,subType: open-like
442,PT07M25.00S,4,1610612744,GSW,201939,Curry,S. Curry,190,146,24,Made,1,94.0,80.0,174,v,Curry 24' 3PT Jump Shot (22 PTS),Made Shot,Jump Shot,0,394,21300225,2435,,stale_reset(24),3,-1,likely_open,subType: open-like
457,PT05M59.00S,4,1610612744,GSW,201939,Curry,S. Curry,1,1,0,Made,1,97.0,82.0,179,v,Curry  Driving Layup (24 PTS),Made Shot,Driving Layup Shot,0,409,21300225,2521,17.0,turnover(24),2,3,likely_contested,"subType: contested-like, distance: at-rim/very close"
503,PT02M34.00S,4,1610612744,GSW,201939,Curry,S. Curry,-131,167,21,Made,1,99.0,95.0,194,v,Curry 21' Jump Shot (27 PTS),Made Shot,Jump Shot,0,449,21300225,2726,16.0,def_reb(24),2,-1,likely_open,subType: open-like
36,PT08M25.00S,1,1610612744,GSW,201939,Curry,S. Curry,-90,85,12,Made,1,8.0,6.0,14,v,Curry 12' Pullup Bank Shot (2 PTS),Made Shot,Pullup Bank shot,0,32,21300235,215,8.0,turnover(24),2,2,likely_contested,"text: pressure-move, distance: mid-range"
41,PT07M55.00S,1,1610612744,GSW,201939,Curry,S. Curry,-5,241,24,Made,1,8.0,9.0,17,v,Curry 24' 3PT Jump Shot (5 PTS) (Thompson 1 AST),Made Shot,Jump Shot,0,37,21300235,245,8.0,off_reb(14),3,-1,likely_open,subType: open-like
43,PT07M30.00S,1,1610612744,GSW,201939,Curry,S. Curry,-86,246,26,Made,1,10.0,12.0,22,v,Curry 26' 3PT Pullup Jump Shot (8 PTS),Made Shot,Pullup Jump shot,0,39,21300235,270,13.0,made_fg(24),3,3,likely_contested,"subType: contested-like, text: pressure-move"
47,PT06M31.00S,1,1610612744,GSW,201939,Curry,S. Curry,-11,42,4,Missed,1,0.0,0.0,0,v,MISS Curry 4' Floating Jump Shot,Missed Shot,Floating Jump shot,0,43,21300235,329,11.0,made_fg(24),2,3,likely_contested,"subType: contested-like, distance: at-rim/very close"
59,PT04M55.00S,1,1610612744,GSW,201939,Curry,S. Curry,-19,22,3,Missed,1,0.0,0.0,0,v,MISS Curry 3' Driving Layup,Missed Shot,Driving Layup Shot,0,53,21300235,425,13.0,def_reb(24),2,3,likely_contested,"subType: contested-like, distance: at-rim/very close"
65,PT04M28.00S,1,1610612744,GSW,201939,Curry,S. Curry,1,186,19,Missed,1,0.0,0.0,0,v,MISS Curry 19' Step Back Jump Shot,Missed Shot,Step Back Jump shot,0,60,21300235,452,16.0,def_reb(24),2,3,likely_contested,"subType: contested-like, text: pressure-move"
155,PT09M44.00S,2,1610612744,GSW,201939,Curry,S. Curry,136,205,25,Made,1,38.0,35.0,73,v,Curry 25' 3PT Jump Shot (12 PTS) (Nedovic 2 AST),Made Shot,Jump Shot,0,134,21300235,856,14.0,final_ft(24),3,-1,likely_open,subType: open-like
158,PT09M16.00S,2,1610612744,GSW,201939,Curry,S. Curry,192,153,25,Missed,1,0.0,0.0,0,v,MISS Curry 25' 3PT Jump Shot,Missed Shot,Jump Shot,0,137,21300235,884,11.0,def_reb(24),3,-1,likely_open,subType: open-like
174,PT07M25.00S,2,1610612744,GSW,201939,Curry,S. Curry,29,61,7,Missed,1,0.0,0.0,0,v,MISS Curry 7' Floating Jump Shot,Missed Shot,Floating Jump shot,0,153,21300235,995,9.0,def_reb(24),2,2,likely_contested,subType: contested-like
194,PT05M31.00S,2,1610612744,GSW,201939,Curry,S. Curry,62,157,17,Missed,1,0.0,0.0,0,v,MISS Curry 17' Jump Shot,Missed Shot,Jump Shot,0,173,21300235,1109,12.0,made_fg(24),2,-1,likely_open,subType: open-like
263,PT00M02.60S,2,1610612744,GSW,201939,Curry,S. Curry,196,66,21,Made,1,54.0,51.0,105,v,Curry 21' Step Back Jump Shot (14 PTS),Made Shot,Step Back Jump shot,0,241,21300235,1438,17.0,final_ft(24),2,3,likely_contested,"subType: contested-like, text: pressure-move"
296,PT09M35.00S,3,1610612744,GSW,201939,Curry,S. Curry,149,200,25,Missed,1,0.0,0.0,0,v,MISS Curry 25' 3PT Jump Shot,Missed Shot,Jump Shot,0,269,21300235,1585,12.0,off_foul(24),3,-1,likely_open,subType: open-like
311,PT08M11.00S,3,1610612744,GSW,201939,Curry,S. Curry,29,132,14,Made,1,55.0,61.0,116,v,Curry 14' Running Jump Shot (16 PTS),Made Shot,Running Jump Shot,0,283,21300235,1669,16.0,def_reb(24),2,0,likely_open,"subType: open-like, distance: mid-range"
318,PT07M21.00S,3,1610612744,GSW,201939,Curry,S. Curry,157,41,16,Made,1,57.0,64.0,121,v,Curry 16' Jump Shot (19 PTS),Made Shot,Jump Shot,0,289,21300235,1719,1.0,def_foul_14(14),2,1,borderline,"subType: open-like, distance: mid-range, clock: late (<=5s)"
343,PT05M16.00S,3,1610612744,GSW,201939,Curry,S. Curry,212,14,21,Made,1,62.0,69.0,131,v,Curry 21' Jump Shot (21 PTS),Made Shot,Jump Shot,0,313,21300235,1844,9.0,def_reb(24),2,-1,likely_open,subType: open-like
450,PT08M53.00S,4,1610612744,GSW,201939,Curry,S. Curry,12,249,25,Made,1,83.0,87.0,170,v,Curry 25' 3PT Pullup Jump Shot (24 PTS),Made Shot,Pullup Jump shot,0,404,21300235,2347,18.0,def_reb(24),3,3,likely_contested,"subType: contested-like, text: pressure-move"
454,PT08M19.00S,4,1610612744,GSW,201939,Curry,S. Curry,67,42,8,Missed,1,0.0,0.0,0,v,MISS Curry 8' Jump Shot,Missed Shot,Jump Shot,0,408,21300235,2381,10.0,made_fg(24),2,0,likely_open,"subType: open-like, distance: mid-range"
467,PT07M19.00S,4,1610612744,GSW,201939,Curry,S. Curry,13,-3,1,Made,1,90.0,90.0,180,v,Curry 1' Driving Layup (26 PTS),Made Shot,Driving Layup Shot,0,421,21300235,2441,10.0,made_fg(24),2,3,likely_contested,"subType: contested-like, distance: at-rim/very close"
475,PT06M57.00S,4,1610612744,GSW,201939,Curry,S. Curry,1,239,24,Missed,1,0.0,0.0,0,v,MISS Curry 24' 3PT Jump Shot,Missed Shot,Jump Shot,0,428,21300235,2463,16.0,def_reb(24),3,-1,likely_open,subType: open-like
498,PT04M17.00S,4,1610612744,GSW,201939,Curry,S. Curry,-54,184,19,Made,1,94.0,98.0,192,v,Curry 19' Jump Shot (28 PTS),Made Shot,Jump Shot,0,449,21300235,2623,5.0,final_ft(24),2,0,likely_open,"subType: open-like, clock: late (<=5s)"
509,PT03M12.00S,4,1610612744,GSW,201939,Curry,S. Curry,223,0,0,Missed,1,0.0,0.0,0,v,MISS Curry  3PT Jump Shot,Missed Shot,Jump Shot,0,458,21300235,2688,8.0,def_reb(24),3,-1,likely_open,"subType: open-like, distance: at-rim/very close, coords: corner-3, corner: catch/spot"
548,PT01M31.00S,4,1610612744,GSW,201939,Curry,S. Curry,-123,78,15,Made,1,102.0,103.0,205,v,Curry 15' Jump Bank Shot (30 PTS),Made Shot,Jump Bank Shot,0,488,21300235,2789,6.0,final_ft(24),2,3,likely_contested,"subType: contested-like, distance: mid-range"
577,PT04M40.00S,5,1610612744,GSW,201939,Curry,S. Curry,21,26,3,Made,1,104.0,106.0,210,v,Curry 3' Jump Bank Shot (32 PTS),Made Shot,Jump Bank Shot,0,512,21300235,2900,13.0,off_reb(14),2,3,likely_contested,"subType: contested-like, distance: at-rim/very close"
594,PT03M19.00S,5,1610612744,GSW,201939,Curry,S. Curry,64,249,26,Missed,1,0.0,0.0,0,v,MISS Curry 26' 3PT Jump Shot,Missed Shot,Jump Shot,0,526,21300235,2981,16.0,final_ft(24),3,-1,likely_open,subType: open-like
602,PT02M49.00S,5,1610612744,GSW,201939,Curry,S. Curry,185,172,25,Missed,1,0.0,0.0,0,v,MISS Curry 25' 3PT Jump Shot,Missed Shot,Jump Shot,0,531,21300235,3011,10.0,def_reb(24),3,-1,likely_open,subType: open-like
605,PT02M20.00S,5,1610612744,GSW,201939,Curry,S. Curry,-67,33,7,Missed,1,0.0,0.0,0,v,MISS Curry 7' Running Jump Shot,Missed Shot,Running Jump Shot,0,534,21300235,3040,13.0,made_fg(24),2,-1,likely_open,subType: open-like
17,PT10M29.00S,1,1610612744,GSW,201939,Curry,S. Curry,28,15,3,Missed,1,0.0,0.0,0,v,MISS Curry 3' Layup,Missed Shot,Layup Shot,0,18,21300251,91,15.0,def_reb(24),2,1,borderline,distance: at-rim/very close
62,PT05M25.00S,1,1610612744,GSW,201939,Curry,S. Curry,-155,145,21,Missed,1,0.0,0.0,0,v,MISS Curry 21' Jump Shot,Missed Shot,Jump Shot,0,57,21300251,395,13.0,made_fg(24),2,-1,likely_open,subType: open-like
83,PT04M26.00S,1,1610612744,GSW,201939,Curry,S. Curry,59,241,25,Made,1,18.0,14.0,32,v,Curry 25' 3PT Jump Shot (3 PTS),Made Shot,Jump Shot,0,71,21300251,454,9.0,final_ft(24),3,-1,likely_open,subType: open-like
164,PT07M56.00S,2,1610612744,GSW,201939,Curry,S. Curry,67,165,18,Made,1,33.0,32.0,65,v,Curry 18' Jump Shot (5 PTS),Made Shot,Jump Shot,0,143,21300251,964,8.0,made_fg(24),2,-1,likely_open,subType: open-like
168,PT07M16.00S,2,1610612744,GSW,201939,Curry,S. Curry,-161,179,24,Made,1,33.0,37.0,70,v,Curry 24' 3PT Jump Shot (8 PTS),Made Shot,Jump Shot,0,149,21300251,1004,18.0,turnover(24),3,-1,likely_open,subType: open-like
231,PT02M33.00S,2,1610612744,GSW,201939,Curry,S. Curry,7,78,8,Missed,1,0.0,0.0,0,v,MISS Curry 8' Jump Shot,Missed Shot,Jump Shot,0,207,21300251,1287,10.0,final_ft(24),2,0,likely_open,"subType: open-like, distance: mid-range"
233,PT02M25.00S,2,1610612744,GSW,201939,Curry,S. Curry,-81,247,26,Missed,1,0.0,0.0,0,v,MISS Curry 26' 3PT Jump Shot,Missed Shot,Jump Shot,0,209,21300251,1295,7.0,off_reb(14),3,-1,likely_open,subType: open-like
242,PT01M19.00S,2,1610612744,GSW,201939,Curry,S. Curry,-51,241,25,Made,1,49.0,49.0,98,v,Curry 25' 3PT Jump Shot (11 PTS) (Green 2 AST),Made Shot,Jump Shot,0,218,21300251,1361,9.0,off_reb(14),3,-1,likely_open,subType: open-like
250,PT00M33.30S,2,1610612744,GSW,201939,Curry,S. Curry,42,14,4,Made,1,51.0,53.0,104,v,Curry 4' Driving Layup (13 PTS),Made Shot,Driving Layup Shot,0,225,21300251,1407,18.0,turnover(24),2,3,likely_contested,"subType: contested-like, distance: at-rim/very close"
272,PT10M26.00S,3,1610612744,GSW,201939,Curry,S. Curry,-138,211,25,Missed,1,0.0,0.0,0,v,MISS Curry 25' 3PT Jump Shot,Missed Shot,Jump Shot,0,245,21300251,1534,10.0,made_fg(24),3,-1,likely_open,subType: open-like
303,PT08M03.00S,3,1610612744,GSW,201939,Curry,S. Curry,132,131,19,Made,1,59.0,65.0,124,v,Curry 19' Step Back Jump Shot (15 PTS),Made Shot,Step Back Jump shot,0,275,21300251,1677,6.0,def_reb(24),2,3,likely_contested,"subType: contested-like, text: pressure-move"
339,PT05M35.00S,3,1610612744,GSW,201939,Curry,S. Curry,2,146,15,Missed,1,0.0,0.0,0,v,MISS Curry 15' Jump Shot,Missed Shot,Jump Shot,0,306,21300251,1825,11.0,made_fg(24),2,0,likely_open,"subType: open-like, distance: mid-range"
372,PT02M56.00S,3,1610612744,GSW,201939,Curry,S. Curry,-68,249,26,Made,1,72.0,84.0,156,v,Curry 26' 3PT Jump Shot (19 PTS),Made Shot,Jump Shot,0,332,21300251,1984,2.0,made_fg(24),3,0,likely_open,"subType: open-like, clock: late (<=5s)"
383,PT02M08.00S,3,1610612744,GSW,201939,Curry,S. Curry,-21,252,25,Made,1,72.0,88.0,160,v,Curry 25' 3PT Jump Shot (22 PTS),Made Shot,Jump Shot,0,343,21300251,2032,17.0,def_reb(24),3,-1,likely_open,subType: open-like
392,PT01M11.00S,3,1610612744,GSW,201939,Curry,S. Curry,99,135,17,Made,1,77.0,90.0,167,v,Curry 17' Jump Shot (24 PTS) (Green 4 AST),Made Shot,Jump Shot,0,350,21300251,2089,12.0,final_ft(24),2,-1,likely_open,subType: open-like
394,PT00M37.80S,3,1610612744,GSW,201939,Curry,S. Curry,147,170,22,Missed,1,0.0,0.0,0,v,MISS Curry 22' Jump Shot,Missed Shot,Jump Shot,0,352,21300251,2123,10.0,made_fg(24),2,-1,likely_open,subType: open-like
458,PT07M08.00S,4,1610612744,GSW,201939,Curry,S. Curry,-97,64,12,Made,1,92.0,100.0,192,v,Curry 12' Jump Shot (26 PTS),Made Shot,Jump Shot,0,411,21300251,2452,3.0,made_fg(24),2,1,borderline,"subType: open-like, distance: mid-range, clock: late (<=5s)"
477,PT05M37.00S,4,1610612744,GSW,201939,Curry,S. Curry,20,192,19,Missed,1,0.0,0.0,0,v,MISS Curry 19' Jump Shot,Missed Shot,Jump Shot,0,425,21300251,2543,13.0,final_ft(24),2,-1,likely_open,subType: open-like
482,PT04M58.00S,4,1610612744,GSW,201939,Curry,S. Curry,51,203,21,Made,1,99.0,102.0,201,v,Curry 21' Fadeaway Jumper (28 PTS) (Bogut 1 AST),Made Shot,Fadeaway Jump Shot,0,431,21300251,2582,7.0,keep_clock(16),2,3,likely_contested,"subType: contested-like, text: pressure-move"
494,PT03M39.00S,4,1610612744,GSW,201939,Curry,S. Curry,23,246,25,Missed,1,0.0,0.0,0,v,MISS Curry 25' 3PT Jump Shot,Missed Shot,Jump Shot,0,442,21300251,2661,12.0,made_fg(24),3,-1,likely_open,subType: open-like
509,PT02M21.00S,4,1610612744,GSW,201939,Curry,S. Curry,-97,60,11,Made,1,106.0,107.0,213,v,Curry 11' Jump Bank Shot (30 PTS),Made Shot,Jump Bank Shot,0,457,21300251,2739,12.0,made_fg(24),2,3,likely_contested,"subType: contested-like, distance: mid-range"
519,PT01M39.00S,4,1610612744,GSW,201939,Curry,S. Curry,4,36,4,Made,1,109.0,109.0,218,v,Curry 4' Driving Finger Roll Layup (32 PTS),Made Shot,Driving Finger Roll Layup Shot,0,464,21300251,2781,5.0,made_fg(24),2,2,likely_contested,"distance: at-rim/very close, clock: late (<=5s)"
525,PT01M01.00S,4,1610612744,GSW,201939,Curry,S. Curry,119,148,19,Made,1,109.0,111.0,220,v,Curry 19' Jump Shot (34 PTS),Made Shot,Jump Shot,0,468,21300251,2819,8.0,def_reb(24),2,-1,likely_open,subType: open-like
533,PT00M28.70S,4,1610612744,GSW,201939,Curry,S. Curry,-79,63,10,Missed,1,0.0,0.0,0,v,MISS Curry 10' Jump Shot,Missed Shot,Jump Shot,0,473,21300251,2852,5.0,made_fg(24),2,1,borderline,"subType: open-like, distance: mid-range, clock: late (<=5s)"
2,PT11M48.00S,1,1610612744,GSW,201939,Curry,S. Curry,-57,154,16,Made,1,2.0,0.0,2,h,Curry 16' Pullup Jump Shot (2 PTS) (Thompson 1 AST),Made Shot,Pullup Jump shot,0,3,21300268,12,12.0,jumpball(24),2,4,likely_contested,"subType: contested-like, text: pressure-move, distance: mid-range"
5,PT11M18.00S,1,1610612744,GSW,201939,Curry,S. Curry,-169,198,26,Missed,1,0.0,0.0,0,h,MISS Curry 26' 3PT Pullup Jump Shot,Missed Shot,Pullup Jump shot,0,6,21300268,42,16.0,def_reb(24),3,3,likely_contested,"subType: contested-like, text: pressure-move"
47,PT05M33.00S,1,1610612744,GSW,201939,Curry,S. Curry,-111,85,14,Made,1,12.0,14.0,26,h,Curry 14' Driving Bank Shot (4 PTS) (Thompson 2 AST),Made Shot,Driving Bank shot,0,47,21300268,387,6.0,def_foul_14(14),2,1,borderline,distance: mid-range
58,PT04M09.00S,1,1610612744,GSW,201939,Curry,S. Curry,-116,135,18,Missed,1,0.0,0.0,0,h,MISS Curry 18' Jump Shot,Missed Shot,Jump Shot,0,59,21300268,471,8.0,made_fg(24),2,-1,likely_open,subType: open-like
155,PT07M18.00S,2,1610612744,GSW,201939,Curry,S. Curry,65,265,27,Missed,1,0.0,0.0,0,h,MISS Curry 27' 3PT Pullup Jump Shot,Missed Shot,Pullup Jump shot,0,144,21300268,1002,17.0,turnover(24),3,2,likely_contested,"subType: contested-like, text: pressure-move, distance: deep above-break 3 (>=27ft)"
195,PT04M49.00S,2,1610612744,GSW,201939,Curry,S. Curry,-21,41,5,Missed,1,0.0,0.0,0,h,MISS Curry 5' Jump Shot,Missed Shot,Jump Shot,0,176,21300268,1151,12.0,def_reb(24),2,0,likely_open,"subType: open-like, distance: at-rim/very close"
253,PT11M03.00S,3,1610612744,GSW,201939,Curry,S. Curry,-60,173,18,Missed,1,0.0,0.0,0,h,MISS Curry 18' Pullup Jump Shot,Missed Shot,Pullup Jump shot,0,228,21300268,1497,14.0,made_fg(24),2,3,likely_contested,"subType: contested-like, text: pressure-move"
275,PT08M34.00S,3,1610612744,GSW,201939,Curry,S. Curry,-103,19,10,Made,1,52.0,75.0,127,h,Curry 10' Running Bank Shot (6 PTS),Made Shot,Running Bank shot,0,248,21300268,1646,16.0,def_reb(24),2,1,borderline,distance: mid-range
277,PT07M53.00S,3,1610612744,GSW,201939,Curry,S. Curry,-234,63,24,Made,1,55.0,77.0,132,h,Curry 24' 3PT Step Back Jump Shot (9 PTS),Made Shot,Step Back Jump shot,0,250,21300268,1687,13.0,made_fg(24),3,3,likely_contested,"subType: contested-like, text: pressure-move"
280,PT07M27.00S,3,1610612744,GSW,201939,Curry,S. Curry,171,211,27,Missed,1,0.0,0.0,0,h,MISS Curry 27' 3PT Jump Shot,Missed Shot,Jump Shot,0,253,21300268,1713,14.0,def_reb(24),3,-2,likely_open,"subType: open-like, distance: deep above-break 3 (>=27ft)"
292,PT06M32.00S,3,1610612744,GSW,201939,Curry,S. Curry,0,63,6,Made,1,57.0,79.0,136,h,Curry 6' Floating Jump Shot (11 PTS),Made Shot,Floating Jump shot,0,265,21300268,1768,13.0,made_fg(24),2,2,likely_contested,subType: contested-like
361,PT00M30.90S,3,1610612744,GSW,201939,Curry,S. Curry,155,211,26,Missed,1,0.0,0.0,0,h,MISS Curry 26' 3PT Pullup Jump Shot,Missed Shot,Pullup Jump shot,0,322,21300268,2130,14.0,def_reb(24),3,3,likely_contested,"subType: contested-like, text: pressure-move"
417,PT05M44.00S,4,1610612744,GSW,201939,Curry,S. Curry,12,36,4,Made,1,91.0,97.0,188,h,Curry 4' Running Jump Shot (15 PTS),Made Shot,Running Jump Shot,0,378,21300268,2536,10.0,made_fg(24),2,0,likely_open,"subType: open-like, distance: at-rim/very close"
439,PT03M48.00S,4,1610612744,GSW,201939,Curry,S. Curry,-125,222,25,Made,1,98.0,99.0,197,h,Curry 25' 3PT Step Back Jump Shot (19 PTS),Made Shot,Step Back Jump shot,0,395,21300268,2652,,stale_reset(14),3,3,likely_contested,"subType: contested-like, text: pressure-move"
445,PT03M01.00S,4,1610612744,GSW,201939,Curry,S. Curry,-169,206,27,Made,1,101.0,99.0,200,h,Curry 27' 3PT Pullup Jump Shot (22 PTS) (Thompson 7 AST),Made Shot,Pullup Jump shot,0,400,21300268,2699,8.0,off_reb(14),3,2,likely_contested,"subType: contested-like, text: pressure-move, distance: deep above-break 3 (>=27ft)"
32,PT08M29.00S,1,1610612744,GSW,201939,Curry,S. Curry,215,142,26,Missed,1,0.0,0.0,0,v,MISS Curry 26' 3PT Jump Shot,Missed Shot,Jump Shot,0,32,21300285,211,7.0,off_reb(14),3,-1,likely_open,subType: open-like
64,PT05M38.00S,1,1610612744,GSW,201939,Curry,S. Curry,125,145,19,Missed,1,0.0,0.0,0,v,MISS Curry 19' Jump Shot,Missed Shot,Jump Shot,0,60,21300285,382,1.0,made_fg(24),2,0,likely_open,"subType: open-like, clock: late (<=5s)"
72,PT04M46.00S,1,1610612744,GSW,201939,Curry,S. Curry,147,-10,15,Missed,1,0.0,0.0,0,v,MISS Curry 15' Jump Shot,Missed Shot,Jump Shot,0,69,21300285,434,9.0,def_reb(24),2,0,likely_open,"subType: open-like, distance: mid-range"
150,PT10M49.00S,2,1610612744,GSW,201939,Curry,S. Curry,192,146,24,Made,1,31.0,17.0,48,v,Curry 24' 3PT Pullup Jump Shot (7 PTS),Made Shot,Pullup Jump shot,0,139,21300285,791,18.0,turnover(24),3,3,likely_contested,"subType: contested-like, text: pressure-move"
188,PT08M08.00S,2,1610612744,GSW,201939,Curry,S. Curry,6,9,1,Missed,1,0.0,0.0,0,v,MISS Curry 1' Pullup Jump Shot,Missed Shot,Pullup Jump shot,0,170,21300285,952,11.0,made_fg(24),2,4,likely_contested,"subType: contested-like, text: pressure-move, distance: at-rim/very close"
257,PT03M17.00S,2,1610612744,GSW,201939,Curry,S. Curry,-71,37,8,Missed,1,0.0,0.0,0,v,MISS Curry 8' Running Jump Shot,Missed Shot,Running Jump Shot,0,225,21300285,1243,19.0,def_reb(24),2,0,likely_open,"subType: open-like, distance: mid-range"
281,PT01M39.00S,2,1610612744,GSW,201939,Curry,S. Curry,230,3,0,Missed,1,0.0,0.0,0,v,MISS Curry  3PT Jump Shot,Missed Shot,Jump Shot,0,244,21300285,1341,14.0,off_foul(24),3,-1,likely_open,"subType: open-like, distance: at-rim/very close, coords: corner-3, corner: catch/spot"
293,PT01M20.00S,2,1610612744,GSW,201939,Curry,S. Curry,113,157,19,Made,1,55.0,32.0,87,v,Curry 19' Pullup Jump Shot (11 PTS),Made Shot,Pullup Jump shot,0,255,21300285,1360,14.0,made_fg(24),2,3,likely_contested,"subType: contested-like, text: pressure-move"
296,PT01M02.00S,2,1610612744,GSW,201939,Curry,S. Curry,2,23,2,Made,1,55.0,34.0,89,v,Curry 2' Driving Finger Roll Layup (13 PTS),Made Shot,Driving Finger Roll Layup Shot,0,257,21300285,1378,,stale_reset(24),2,1,borderline,distance: at-rim/very close
332,PT11M19.00S,3,1610612744,GSW,201939,Curry,S. Curry,-40,247,25,Missed,1,0.0,0.0,0,v,MISS Curry 25' 3PT Jump Shot,Missed Shot,Jump Shot,0,283,21300285,1481,13.0,def_reb(24),3,-1,likely_open,subType: open-like
378,PT06M27.00S,3,1610612744,GSW,201939,Curry,S. Curry,67,6,7,Made,1,74.0,48.0,122,v,Curry 7' Running Bank Shot (18 PTS),Made Shot,Running Bank shot,0,329,21300285,1773,12.0,made_fg(24),2,0,likely_open,
391,PT05M26.00S,3,1610612744,GSW,201939,Curry,S. Curry,-136,129,19,Made,1,75.0,52.0,127,v,Curry 19' Step Back Jump Shot (20 PTS),Made Shot,Step Back Jump shot,0,339,21300285,1834,10.0,def_reb(24),2,3,likely_contested,"subType: contested-like, text: pressure-move"
397,PT05M10.00S,3,1610612744,GSW,201939,Curry,S. Curry,1,45,5,Missed,1,0.0,0.0,0,v,MISS Curry 5' Running Jump Shot,Missed Shot,Running Jump Shot,0,344,21300285,1850,15.0,final_ft(24),2,0,likely_open,"subType: open-like, distance: at-rim/very close"
457,PT01M25.00S,3,1610612744,GSW,201939,Curry,S. Curry,65,239,25,Missed,1,0.0,0.0,0,v,MISS Curry 25' 3PT Jump Shot,Missed Shot,Jump Shot,0,394,21300285,2075,15.0,def_reb(24),3,-1,likely_open,subType: open-like
113,PT10M47.00S,2,1610612744,GSW,201939,Curry,S. Curry,166,187,25,Missed,1,0.0,0.0,0,v,MISS Curry 25' 3PT Jump Shot,Missed Shot,Jump Shot,0,111,21300293,793,11.0,def_reb(24),3,-1,likely_open,subType: open-like
143,PT07M39.00S,2,1610612744,GSW,201939,Curry,S. Curry,-153,93,18,Missed,1,0.0,0.0,0,v,MISS Curry 18' Pullup Jump Shot,Missed Shot,Pullup Jump shot,0,139,21300293,981,10.0,def_reb(24),2,3,likely_contested,"subType: contested-like, text: pressure-move"
164,PT05M31.00S,2,1610612744,GSW,201939,Curry,S. Curry,-128,228,26,Missed,1,0.0,0.0,0,v,MISS Curry 26' 3PT Jump Shot,Missed Shot,Jump Shot,0,159,21300293,1109,4.0,made_fg(24),3,0,likely_open,"subType: open-like, clock: late (<=5s)"
178,PT04M28.00S,2,1610612744,GSW,201939,Curry,S. Curry,65,113,13,Missed,1,0.0,0.0,0,v,MISS Curry 13' Pullup Jump Shot,Missed Shot,Pullup Jump shot,0,174,21300293,1172,9.0,made_fg(24),2,4,likely_contested,"subType: contested-like, text: pressure-move, distance: mid-range"
184,PT04M10.00S,2,1610612744,GSW,201939,Curry,S. Curry,20,3,2,Missed,1,0.0,0.0,0,v,MISS Curry 2' Driving Layup,Missed Shot,Driving Layup Shot,0,180,21300293,1190,1.0,off_reb(14),2,4,likely_contested,"subType: contested-like, distance: at-rim/very close, clock: late (<=5s)"
228,PT00M01.00S,2,1610612744,GSW,201939,Curry,S. Curry,127,231,26,Missed,1,0.0,0.0,0,v,MISS Curry 26' 3PT Jump Shot,Missed Shot,Jump Shot,0,217,21300293,1439,21.0,turnover(24),3,-1,likely_open,subType: open-like
234,PT11M24.00S,3,1610612744,GSW,201939,Curry,S. Curry,166,198,26,Made,1,45.0,52.0,97,v,Curry 26' 3PT Jump Shot (5 PTS) (Thompson 4 AST),Made Shot,Jump Shot,0,222,21300293,1476,8.0,made_fg(24),3,-1,likely_open,subType: open-like
237,PT10M50.00S,3,1610612744,GSW,201939,Curry,S. Curry,159,209,26,Made,1,45.0,55.0,100,v,Curry 26' 3PT Pullup Jump Shot (8 PTS),Made Shot,Pullup Jump shot,0,225,21300293,1510,19.0,def_reb(24),3,3,likely_contested,"subType: contested-like, text: pressure-move"
256,PT08M29.00S,3,1610612744,GSW,201939,Curry,S. Curry,-95,239,26,Missed,1,0.0,0.0,0,v,MISS Curry 26' 3PT Jump Shot,Missed Shot,Jump Shot,0,245,21300293,1651,19.0,def_reb(24),3,-1,likely_open,subType: open-like
264,PT07M39.00S,3,1610612744,GSW,201939,Curry,S. Curry,9,17,2,Made,1,49.0,59.0,108,v,Curry 2' Driving Layup (10 PTS),Made Shot,Driving Layup Shot,0,255,21300293,1701,21.0,def_reb(24),2,3,likely_contested,"subType: contested-like, distance: at-rim/very close"
316,PT03M16.00S,3,1610612744,GSW,201939,Curry,S. Curry,9,123,12,Made,1,53.0,69.0,122,v,Curry 12' Floating Jump Shot (12 PTS),Made Shot,Floating Jump shot,0,302,21300293,1964,11.0,turnover(24),2,3,likely_contested,"subType: contested-like, distance: mid-range"
343,PT00M06.90S,3,1610612744,GSW,201939,Curry,S. Curry,-35,206,21,Missed,1,0.0,0.0,0,v,MISS Curry 21' Jump Shot,Missed Shot,Jump Shot,0,326,21300293,2154,6.0,def_reb(24),2,-1,likely_open,subType: open-like
361,PT10M00.00S,4,1610612744,GSW,201939,Curry,S. Curry,9,183,18,Made,1,62.0,84.0,146,v,Curry 18' Jump Shot (14 PTS),Made Shot,Jump Shot,0,343,21300293,2280,3.0,made_fg(24),2,0,likely_open,"subType: open-like, clock: late (<=5s)"
427,PT05M05.00S,4,1610612744,GSW,201939,Curry,S. Curry,21,250,25,Missed,1,0.0,0.0,0,v,MISS Curry 25' 3PT Jump Shot,Missed Shot,Jump Shot,0,398,21300293,2575,12.0,keep_clock(24),3,-1,likely_open,subType: open-like
436,PT03M49.00S,4,1610612744,GSW,201939,Curry,S. Curry,65,78,10,Made,1,73.0,97.0,170,v,Curry 10' Jump Bank Shot (20 PTS),Made Shot,Jump Bank Shot,0,409,21300293,2651,15.0,def_reb(24),2,3,likely_contested,"subType: contested-like, distance: mid-range"
438,PT03M23.00S,4,1610612744,GSW,201939,Curry,S. Curry,13,3,1,Made,1,75.0,99.0,174,v,Curry 1' Finger Roll Layup (22 PTS),Made Shot,Finger Roll Layup Shot,0,411,21300293,2677,12.0,made_fg(24),2,1,borderline,distance: at-rim/very close
11,PT10M11.00S,1,1610612744,GSW,201939,Curry,S. Curry,-40,247,25,Missed,1,0.0,0.0,0,v,MISS Curry 25' 3PT Jump Shot,Missed Shot,Jump Shot,0,12,21300304,109,19.0,def_reb(24),3,-1,likely_open,subType: open-like
33,PT07M33.00S,1,1610612744,GSW,201939,Curry,S. Curry,233,86,25,Missed,1,0.0,0.0,0,v,MISS Curry 25' 3PT Jump Shot,Missed Shot,Jump Shot,0,36,21300304,267,15.0,made_fg(24),3,-1,likely_open,subType: open-like
38,PT06M41.00S,1,1610612744,GSW,201939,Curry,S. Curry,-116,113,16,Missed,1,0.0,0.0,0,v,MISS Curry 16' Jump Shot,Missed Shot,Jump Shot,0,41,21300304,319,16.0,made_fg(24),2,0,likely_open,"subType: open-like, distance: mid-range"
81,PT03M33.00S,1,1610612744,GSW,201939,Curry,S. Curry,136,112,18,Made,1,17.0,16.0,33,v,Curry 18' Turnaround Jump Shot (4 PTS),Made Shot,Turnaround Jump Shot,0,77,21300304,507,,stale_reset(14),2,0,likely_open,
84,PT03M14.00S,1,1610612744,GSW,201939,Curry,S. Curry,105,235,26,Missed,1,0.0,0.0,0,v,MISS Curry 26' 3PT Jump Shot,Missed Shot,Jump Shot,0,80,21300304,526,12.0,def_reb(24),3,-1,likely_open,subType: open-like
190,PT08M04.00S,2,1610612744,GSW,201939,Curry,S. Curry,15,45,5,Missed,1,0.0,0.0,0,v,MISS Curry 5' Driving Jump Shot,Missed Shot,Driving Jump shot,0,168,21300304,956,,stale_reset(24),2,1,borderline,distance: at-rim/very close
194,PT07M31.00S,2,1610612744,GSW,201939,Curry,S. Curry,-70,157,17,Missed,1,0.0,0.0,0,v,MISS Curry 17' Jump Shot,Missed Shot,Jump Shot,0,172,21300304,989,7.0,def_reb(24),2,-1,likely_open,subType: open-like
223,PT05M50.00S,2,1610612744,GSW,201939,Curry,S. Curry,157,137,21,Missed,1,0.0,0.0,0,v,MISS Curry 21' Jump Shot,Missed Shot,Jump Shot,0,197,21300304,1090,19.0,turnover(24),2,-1,likely_open,subType: open-like
246,PT04M27.00S,2,1610612744,GSW,201939,Curry,S. Curry,24,1,2,Made,1,43.0,33.0,76,v,Curry 2' Driving Layup (9 PTS),Made Shot,Driving Layup Shot,0,214,21300304,1173,18.0,def_reb(24),2,3,likely_contested,"subType: contested-like, distance: at-rim/very close"
272,PT01M13.00S,2,1610612744,GSW,201939,Curry,S. Curry,37,206,21,Made,1,51.0,41.0,92,v,Curry 21' Jump Shot (11 PTS),Made Shot,Jump Shot,0,236,21300304,1367,10.0,made_fg(24),2,-1,likely_open,subType: open-like
285,PT00M01.00S,2,1610612744,GSW,201939,Curry,S. Curry,-93,231,25,Missed,1,0.0,0.0,0,v,MISS Curry 25' 3PT Jump Shot,Missed Shot,Jump Shot,0,251,21300304,1439,12.0,off_reb(14),3,-1,likely_open,subType: open-like
295,PT11M11.00S,3,1610612744,GSW,201939,Curry,S. Curry,-232,9,0,Made,1,53.0,44.0,97,v,Curry  3PT Jump Shot (14 PTS) (Thompson 2 AST),Made Shot,Jump Shot,0,260,21300304,1489,8.0,def_reb(24),3,-1,likely_open,"subType: open-like, distance: at-rim/very close, coords: corner-3, corner: catch/spot"
328,PT07M24.00S,3,1610612744,GSW,201939,Curry,S. Curry,61,246,25,Missed,1,0.0,0.0,0,v,MISS Curry 25' 3PT Jump Shot,Missed Shot,Jump Shot,0,290,21300304,1716,18.0,def_reb(24),3,-1,likely_open,subType: open-like
349,PT06M27.00S,3,1610612744,GSW,201939,Curry,S. Curry,-125,101,16,Missed,1,0.0,0.0,0,v,MISS Curry 16' Jump Shot,Missed Shot,Jump Shot,0,306,21300304,1773,15.0,def_reb(24),2,0,likely_open,"subType: open-like, distance: mid-range"
355,PT05M46.00S,3,1610612744,GSW,201939,Curry,S. Curry,12,7,1,Made,1,70.0,60.0,130,v,Curry 1' Driving Layup (16 PTS) (Thompson 4 AST),Made Shot,Driving Layup Shot,0,311,21300304,1814,13.0,made_fg(24),2,3,likely_contested,"subType: contested-like, distance: at-rim/very close"
365,PT04M35.00S,3,1610612744,GSW,201939,Curry,S. Curry,-16,7,2,Missed,1,0.0,0.0,0,v,MISS Curry 2' Layup,Missed Shot,Layup Shot,0,322,21300304,1885,20.0,def_reb(24),2,1,borderline,distance: at-rim/very close
399,PT02M17.00S,3,1610612744,GSW,201939,Curry,S. Curry,-7,254,25,Made,1,79.0,70.0,149,v,Curry 25' 3PT Jump Shot (19 PTS),Made Shot,Jump Shot,0,351,21300304,2023,15.0,made_fg(24),3,-1,likely_open,subType: open-like
408,PT00M53.00S,3,1610612744,GSW,201939,Curry,S. Curry,108,227,25,Made,1,83.0,75.0,158,v,Curry 25' 3PT Jump Shot (22 PTS),Made Shot,Jump Shot,0,361,21300304,2107,16.0,made_fg(24),3,-1,likely_open,subType: open-like
417,PT00M00.90S,3,1610612744,GSW,201939,Curry,S. Curry,-38,15,4,Made,1,83.0,77.0,160,v,Curry 4' Driving Jump Shot (24 PTS),Made Shot,Driving Jump shot,0,367,21300304,2160,13.0,def_reb(24),2,1,borderline,distance: at-rim/very close
424,PT11M21.00S,4,1610612744,GSW,201939,Curry,S. Curry,-142,239,28,Missed,1,0.0,0.0,0,v,MISS Curry 28' 3PT Jump Shot,Missed Shot,Jump Shot,0,373,21300304,2199,18.0,def_reb(24),3,-2,likely_open,"subType: open-like, distance: deep above-break 3 (>=27ft)"
438,PT10M23.00S,4,1610612744,GSW,201939,Curry,S. Curry,-19,7,2,Made,1,84.0,82.0,166,v,Curry 2' Driving Layup (26 PTS),Made Shot,Driving Layup Shot,0,386,21300304,2257,16.0,def_reb(24),2,3,likely_contested,"subType: contested-like, distance: at-rim/very close"
465,PT07M46.00S,4,1610612744,GSW,201939,Curry,S. Curry,70,246,26,Missed,1,0.0,0.0,0,v,MISS Curry 26' 3PT Jump Shot,Missed Shot,Jump Shot,0,406,21300304,2414,8.0,made_fg(24),3,-1,likely_open,subType: open-like
484,PT05M26.00S,4,1610612744,GSW,201939,Curry,S. Curry,-172,102,20,Made,1,100.0,92.0,192,v,Curry 20' Jump Shot (32 PTS) (Bogut 1 AST),Made Shot,Jump Shot,0,425,21300304,2554,10.0,made_fg(24),2,-1,likely_open,subType: open-like
488,PT04M12.00S,4,1610612744,GSW,201939,Curry,S. Curry,13,4,1,Made,1,105.0,96.0,201,v,Curry 1' Driving Layup (34 PTS),Made Shot,Driving Layup Shot,0,429,21300304,2628,14.0,made_fg(24),2,3,likely_contested,"subType: contested-like, distance: at-rim/very close"
506,PT02M28.00S,4,1610612744,GSW,201939,Curry,S. Curry,-218,138,26,Made,1,107.0,102.0,209,v,Curry 26' 3PT Jump Shot (38 PTS) (Barnes 2 AST),Made Shot,Jump Shot,0,443,21300304,2732,6.0,def_foul_14(14),3,-1,likely_open,subType: open-like
509,PT02M04.00S,4,1610612744,GSW,201939,Curry,S. Curry,2,279,28,Missed,1,0.0,0.0,0,v,MISS Curry 28' 3PT Jump Shot,Missed Shot,Jump Shot,0,447,21300304,2756,19.0,def_reb(24),3,-2,likely_open,"subType: open-like, distance: deep above-break 3 (>=27ft)"
518,PT00M49.90S,4,1610612744,GSW,201939,Curry,S. Curry,18,0,2,Missed,1,0.0,0.0,0,v,MISS Curry 2' Driving Layup,Missed Shot,Driving Layup Shot,0,455,21300304,2831,14.0,def_reb(24),2,3,likely_contested,"subType: contested-like, distance: at-rim/very close"
522,PT00M32.90S,4,1610612744,GSW,201939,Curry,S. Curry,233,33,24,Missed,1,0.0,0.0,0,v,MISS Curry 24' 3PT Jump Shot,Missed Shot,Jump Shot,0,459,21300304,2848,7.0,off_reb(14),3,-2,likely_open,"subType: open-like, coords: corner-3, corner: catch/spot"
534,PT00M21.60S,4,1610612744,GSW,201939,Curry,S. Curry,-10,9,1,Made,1,110.0,106.0,216,v,Curry 1' Layup (40 PTS) (Barnes 3 AST),Made Shot,Layup Shot,0,467,21300304,2859,21.0,final_ft(24),2,1,borderline,distance: at-rim/very close
542,PT00M11.00S,4,1610612744,GSW,201939,Curry,S. Curry,-84,268,28,Made,1,111.0,109.0,220,v,Curry 28' 3PT Jump Shot (43 PTS) (Thompson 5 AST),Made Shot,Jump Shot,0,473,21300304,2869,14.0,final_ft(24),3,-2,likely_open,"subType: open-like, distance: deep above-break 3 (>=27ft)"
552,PT00M05.90S,4,1610612744,GSW,201939,Curry,S. Curry,-166,181,25,Missed,1,0.0,0.0,0,v,MISS Curry 25' 3PT Jump Shot,Missed Shot,Jump Shot,0,478,21300304,2875,19.0,final_ft(24),3,-1,likely_open,subType: open-like
560,PT00M00.30S,4,1610612744,GSW,201939,Curry,S. Curry,176,359,40,Missed,1,0.0,0.0,0,v,MISS Curry 40' 3PT Jump Shot,Missed Shot,Jump Shot,0,484,21300304,2880,22.0,final_ft(24),3,-2,likely_open,"subType: open-like, distance: deep above-break 3 (>=27ft)"
26,PT09M33.00S,1,1610612744,GSW,201939,Curry,S. Curry,4,184,18,Missed,1,0.0,0.0,0,h,MISS Curry 18' Jump Shot,Missed Shot,Jump Shot,0,25,21300326,147,10.0,made_fg(24),2,-1,likely_open,subType: open-like
51,PT07M17.00S,1,1610612744,GSW,201939,Curry,S. Curry,-4,148,15,Missed,1,0.0,0.0,0,h,MISS Curry 15' Jump Shot,Missed Shot,Jump Shot,0,47,21300326,283,17.0,def_reb(24),2,0,likely_open,"subType: open-like, distance: mid-range"
154,PT10M54.00S,2,1610612744,GSW,201939,Curry,S. Curry,-40,206,21,Missed,1,0.0,0.0,0,h,MISS Curry 21' Pullup Jump Shot,Missed Shot,Pullup Jump shot,0,147,21300326,786,18.0,def_reb(24),2,3,likely_contested,"subType: contested-like, text: pressure-move"
162,PT09M47.00S,2,1610612744,GSW,201939,Curry,S. Curry,80,173,19,Made,1,18.0,29.0,47,h,Curry 19' Step Back Jump Shot (2 PTS),Made Shot,Step Back Jump shot,0,154,21300326,853,1.0,made_fg(24),2,4,likely_contested,"subType: contested-like, text: pressure-move, clock: late (<=5s)"
196,PT06M40.00S,2,1610612744,GSW,201939,Curry,S. Curry,-2,83,8,Made,1,27.0,33.0,60,h,Curry 8' Driving Bank Shot (4 PTS),Made Shot,Driving Bank shot,0,186,21300326,1040,7.0,made_fg(24),2,1,borderline,distance: mid-range
212,PT04M17.00S,2,1610612744,GSW,201939,Curry,S. Curry,233,39,24,Made,1,34.0,42.0,76,h,Curry 24' 3PT Pullup Jump Shot (7 PTS),Made Shot,Pullup Jump shot,0,204,21300326,1183,9.0,made_fg(24),3,3,likely_contested,"subType: contested-like, text: pressure-move, coords: corner-3"
236,PT01M04.00S,2,1610612744,GSW,201939,Curry,S. Curry,-2,19,2,Made,1,38.0,52.0,90,h,Curry 2' Driving Layup (9 PTS),Made Shot,Driving Layup Shot,0,229,21300326,1376,15.0,def_reb(24),2,3,likely_contested,"subType: contested-like, distance: at-rim/very close"
258,PT11M26.00S,3,1610612744,GSW,201939,Curry,S. Curry,-4,230,23,Made,1,46.0,57.0,103,h,Curry 23' Jump Shot (11 PTS) (Bogut 1 AST),Made Shot,Jump Shot,0,250,21300326,1474,9.0,made_fg(24),2,-1,likely_open,subType: open-like
270,PT10M21.00S,3,1610612744,GSW,201939,Curry,S. Curry,58,254,26,Missed,1,0.0,0.0,0,h,MISS Curry 26' 3PT Jump Shot,Missed Shot,Jump Shot,0,260,21300326,1539,5.0,keep_clock(24),3,0,likely_open,"subType: open-like, clock: late (<=5s)"
287,PT08M23.00S,3,1610612744,GSW,201939,Curry,S. Curry,-59,252,26,Made,1,51.0,61.0,112,h,Curry 26' 3PT Jump Shot (14 PTS) (Barnes 1 AST),Made Shot,Jump Shot,0,277,21300326,1657,15.0,def_reb(24),3,-1,likely_open,subType: open-like
309,PT06M38.00S,3,1610612744,GSW,201939,Curry,S. Curry,45,250,25,Made,1,56.0,62.0,118,h,Curry 25' 3PT Jump Shot (17 PTS) (Lee 2 AST),Made Shot,Jump Shot,0,298,21300326,1762,11.0,def_reb(24),3,-1,likely_open,subType: open-like
333,PT03M43.00S,3,1610612744,GSW,201939,Curry,S. Curry,1,6,1,Missed,1,0.0,0.0,0,h,MISS Curry 1' Layup,Missed Shot,Layup Shot,0,318,21300326,1937,18.0,def_reb(24),2,1,borderline,distance: at-rim/very close
355,PT02M05.00S,3,1610612744,GSW,201939,Curry,S. Curry,129,219,25,Missed,1,0.0,0.0,0,h,MISS Curry 25' 3PT Jump Shot,Missed Shot,Jump Shot,0,337,21300326,2035,15.0,turnover(24),3,-1,likely_open,subType: open-like
378,PT00M08.90S,3,1610612744,GSW,201939,Curry,S. Curry,-76,184,20,Missed,1,0.0,0.0,0,h,MISS Curry 20' Jump Shot,Missed Shot,Jump Shot,0,360,21300326,2152,6.0,turnover(24),2,-1,likely_open,subType: open-like
406,PT09M07.00S,4,1610612744,GSW,201939,Curry,S. Curry,-235,56,24,Missed,1,0.0,0.0,0,h,MISS Curry 24' 3PT Jump Shot,Missed Shot,Jump Shot,0,388,21300326,2333,13.0,def_reb(24),3,-1,likely_open,subType: open-like
409,PT08M35.00S,4,1610612744,GSW,201939,Curry,S. Curry,106,47,12,Made,1,72.0,80.0,152,h,Curry 12' Running Bank Shot (19 PTS) (Thompson 1 AST),Made Shot,Running Bank shot,0,391,21300326,2365,4.0,made_fg(24),2,2,likely_contested,"distance: mid-range, clock: late (<=5s)"
419,PT07M24.00S,4,1610612744,GSW,201939,Curry,S. Curry,119,233,26,Missed,1,0.0,0.0,0,h,MISS Curry 26' 3PT Pullup Jump Shot,Missed Shot,Pullup Jump shot,0,400,21300326,2436,9.0,def_reb(24),3,3,likely_contested,"subType: contested-like, text: pressure-move"
424,PT06M39.00S,4,1610612744,GSW,201939,Curry,S. Curry,88,97,13,Missed,1,0.0,0.0,0,h,MISS Curry 13' Floating Jump Shot,Missed Shot,Floating Jump shot,0,406,21300326,2481,4.0,turnover(24),2,4,likely_contested,"subType: contested-like, distance: mid-range, clock: late (<=5s)"
438,PT05M35.00S,4,1610612744,GSW,201939,Curry,S. Curry,236,26,24,Made,1,79.0,82.0,161,h,Curry 24' 3PT Pullup Jump Shot (22 PTS) (Green 3 AST),Made Shot,Pullup Jump shot,0,419,21300326,2545,9.0,turnover(24),3,3,likely_contested,"subType: contested-like, text: pressure-move, coords: corner-3"
446,PT05M09.00S,4,1610612744,GSW,201939,Curry,S. Curry,-71,257,27,Made,1,82.0,82.0,164,h,Curry 27' 3PT Pullup Jump Shot (25 PTS) (Green 4 AST),Made Shot,Pullup Jump shot,0,426,21300326,2571,14.0,off_foul(24),3,2,likely_contested,"subType: contested-like, text: pressure-move, distance: deep above-break 3 (>=27ft)"
460,PT04M05.00S,4,1610612744,GSW,201939,Curry,S. Curry,-68,119,14,Made,1,84.0,86.0,170,h,Curry 14' Pullup Jump Shot (27 PTS),Made Shot,Pullup Jump shot,0,436,21300326,2635,15.0,def_reb(24),2,4,likely_contested,"subType: contested-like, text: pressure-move, distance: mid-range"
466,PT02M53.00S,4,1610612744,GSW,201939,Curry,S. Curry,187,183,26,Missed,1,0.0,0.0,0,h,MISS Curry 26' 3PT Pullup Jump Shot,Missed Shot,Pullup Jump shot,0,442,21300326,2707,7.0,made_fg(24),3,3,likely_contested,"subType: contested-like, text: pressure-move"
480,PT01M16.00S,4,1610612744,GSW,201939,Curry,S. Curry,-15,244,24,Made,1,89.0,92.0,181,h,Curry 24' 3PT Pullup Jump Shot (30 PTS),Made Shot,Pullup Jump shot,0,453,21300326,2804,14.0,made_fg(24),3,3,likely_contested,"subType: contested-like, text: pressure-move"
503,PT00M37.90S,4,1610612744,GSW,201939,Curry,S. Curry,-15,22,3,Missed,1,0.0,0.0,0,h,MISS Curry 3' Driving Layup,Missed Shot,Driving Layup Shot,0,473,21300326,2843,15.0,final_ft(24),2,3,likely_contested,"subType: contested-like, distance: at-rim/very close"
510,PT00M03.00S,4,1610612744,GSW,201939,Curry,S. Curry,119,151,19,Made,1,95.0,93.0,188,h,Curry 19' Pullup Jump Shot (33 PTS),Made Shot,Pullup Jump shot,0,480,21300326,2877,4.0,def_reb(24),2,4,likely_contested,"subType: contested-like, text: pressure-move, clock: late (<=5s)"
60,PT05M52.00S,1,1610612744,GSW,201939,Curry,S. Curry,-141,83,16,Made,1,13.0,11.0,24,h,Curry 16' Jump Bank Shot (2 PTS),Made Shot,Jump Bank Shot,0,57,21300341,368,9.0,def_reb(24),2,3,likely_contested,"subType: contested-like, distance: mid-range"
140,PT10M39.00S,2,1610612744,GSW,201939,Curry,S. Curry,-235,37,24,Missed,1,0.0,0.0,0,h,MISS Curry 24' 3PT Pullup Jump Shot,Missed Shot,Pullup Jump shot,0,132,21300341,801,11.0,final_ft(24),3,3,likely_contested,"subType: contested-like, text: pressure-move, coords: corner-3"
152,PT09M19.00S,2,1610612744,GSW,201939,Curry,S. Curry,-114,131,17,Missed,1,0.0,0.0,0,h,MISS Curry 17' Turnaround Jump Shot,Missed Shot,Turnaround Jump Shot,0,143,21300341,881,9.0,made_fg(24),2,0,likely_open,
163,PT08M02.00S,2,1610612744,GSW,201939,Curry,S. Curry,-37,219,22,Made,1,35.0,41.0,76,h,Curry 22' Pullup Jump Shot (4 PTS),Made Shot,Pullup Jump shot,0,155,21300341,958,15.0,def_reb(24),2,3,likely_contested,"subType: contested-like, text: pressure-move"
305,PT07M02.00S,3,1610612744,GSW,201939,Curry,S. Curry,-23,225,23,Missed,1,0.0,0.0,0,h,MISS Curry 23' Jump Shot,Missed Shot,Jump Shot,0,286,21300341,1738,15.0,def_reb(24),2,-1,likely_open,subType: open-like
309,PT06M43.00S,3,1610612744,GSW,201939,Curry,S. Curry,2,25,3,Missed,1,0.0,0.0,0,h,MISS Curry 3' Layup,Missed Shot,Layup Shot,0,290,21300341,1757,14.0,turnover(24),2,1,borderline,distance: at-rim/very close
351,PT02M21.00S,3,1610612744,GSW,201939,Curry,S. Curry,-45,176,18,Made,1,69.0,77.0,146,h,Curry 18' Step Back Jump Shot (10 PTS),Made Shot,Step Back Jump shot,0,332,21300341,2019,2.0,def_foul_14(14),2,4,likely_contested,"subType: contested-like, text: pressure-move, clock: late (<=5s)"
358,PT01M15.00S,3,1610612744,GSW,201939,Curry,S. Curry,91,254,27,Missed,1,0.0,0.0,0,h,MISS Curry 27' 3PT Jump Shot,Missed Shot,Jump Shot,0,339,21300341,2085,17.0,def_reb(24),3,-2,likely_open,"subType: open-like, distance: deep above-break 3 (>=27ft)"
464,PT04M53.00S,4,1610612744,GSW,201939,Curry,S. Curry,80,254,27,Made,1,96.0,96.0,192,h,Curry 27' 3PT Step Back Jump Shot (17 PTS),Made Shot,Step Back Jump shot,0,434,21300341,2587,1.0,keep_clock(24),3,3,likely_contested,"subType: contested-like, text: pressure-move, distance: deep above-break 3 (>=27ft), clock: late (<=5s)"
489,PT02M40.00S,4,1610612744,GSW,201939,Curry,S. Curry,182,208,28,Missed,1,0.0,0.0,0,h,MISS Curry 28' 3PT Pullup Jump Shot,Missed Shot,Pullup Jump shot,0,459,21300341,2720,13.0,def_reb(24),3,2,likely_contested,"subType: contested-like, text: pressure-move, distance: deep above-break 3 (>=27ft)"
501,PT01M36.00S,4,1610612744,GSW,201939,Curry,S. Curry,17,6,2,Made,1,100.0,103.0,203,h,Curry 2' Driving Reverse Layup (19 PTS),Made Shot,Driving Reverse Layup Shot,0,470,21300341,2784,16.0,def_reb(24),2,3,likely_contested,"subType: contested-like, distance: at-rim/very close"
505,PT01M09.00S,4,1610612744,GSW,201939,Curry,S. Curry,-13,268,27,Missed,1,0.0,0.0,0,h,MISS Curry 27' 3PT Pullup Jump Shot,Missed Shot,Pullup Jump shot,0,473,21300341,2811,18.0,made_fg(24),3,2,likely_contested,"subType: contested-like, text: pressure-move, distance: deep above-break 3 (>=27ft)"
26,PT08M16.00S,1,1610612744,GSW,201939,Curry,S. Curry,0,6,1,Made,1,9.0,10.0,19,v,Curry 1' Driving Layup (2 PTS),Made Shot,Driving Layup Shot,0,29,21300355,224,18.0,turnover(24),2,3,likely_contested,"subType: contested-like, distance: at-rim/very close"
64,PT04M35.00S,1,1610612744,GSW,201939,Curry,S. Curry,-155,72,17,Missed,1,0.0,0.0,0,v,MISS Curry 17' Jump Bank Shot,Missed Shot,Jump Bank Shot,0,62,21300355,445,16.0,def_reb(24),2,2,likely_contested,subType: contested-like
171,PT06M48.00S,2,1610612744,GSW,201939,Curry,S. Curry,-34,9,4,Missed,1,0.0,0.0,0,v,MISS Curry 4' Running Jump Shot,Missed Shot,Running Jump Shot,0,158,21300355,1032,17.0,def_reb(24),2,0,likely_open,"subType: open-like, distance: at-rim/very close"
222,PT02M49.00S,2,1610612744,GSW,201939,Curry,S. Curry,147,82,17,Missed,1,0.0,0.0,0,v,MISS Curry 17' Turnaround Jump Shot,Missed Shot,Turnaround Jump Shot,0,201,21300355,1271,10.0,final_ft(24),2,0,likely_open,
238,PT01M40.00S,2,1610612744,GSW,201939,Curry,S. Curry,179,160,24,Missed,1,0.0,0.0,0,v,MISS Curry 24' 3PT Jump Shot,Missed Shot,Jump Shot,0,214,21300355,1340,15.0,made_fg(24),3,-1,likely_open,subType: open-like
252,PT00M57.80S,2,1610612744,GSW,201939,Curry,S. Curry,13,-2,1,Made,1,59.0,48.0,107,v,Curry 1' Driving Reverse Layup (7 PTS),Made Shot,Driving Reverse Layup Shot,0,227,21300355,1383,19.0,def_reb(24),2,3,likely_contested,"subType: contested-like, distance: at-rim/very close"
258,PT00M01.90S,2,1610612744,GSW,201939,Curry,S. Curry,211,148,26,Made,1,59.0,53.0,112,v,Curry 26' 3PT Jump Shot (10 PTS) (Bogut 2 AST),Made Shot,Jump Shot,0,233,21300355,1439,19.0,def_reb(24),3,-1,likely_open,subType: open-like
297,PT08M55.00S,3,1610612744,GSW,201939,Curry,S. Curry,0,252,25,Missed,1,0.0,0.0,0,v,MISS Curry 25' 3PT Jump Shot,Missed Shot,Jump Shot,0,265,21300355,1625,14.0,final_ft(24),3,-1,likely_open,subType: open-like
323,PT06M30.00S,3,1610612744,GSW,201939,Curry,S. Curry,-153,28,16,Made,1,69.0,65.0,134,v,Curry 16' Pullup Jump Shot (12 PTS),Made Shot,Pullup Jump shot,0,293,21300355,1770,17.0,def_reb(24),2,4,likely_contested,"subType: contested-like, text: pressure-move, distance: mid-range"
377,PT03M04.00S,3,1610612744,GSW,201939,Curry,S. Curry,-223,113,25,Made,1,76.0,75.0,151,v,Curry 25' 3PT Jump Shot (19 PTS) (Green 1 AST),Made Shot,Jump Shot,0,342,21300355,1976,17.0,turnover(24),3,-1,likely_open,subType: open-like
408,PT00M42.90S,3,1610612744,GSW,201939,Curry,S. Curry,54,14,6,Missed,1,0.0,0.0,0,v,MISS Curry 6' Jump Shot,Missed Shot,Jump Shot,0,364,21300355,2118,10.0,def_reb(24),2,-1,likely_open,subType: open-like
432,PT10M58.00S,4,1610612744,GSW,201939,Curry,S. Curry,174,61,18,Missed,1,0.0,0.0,0,v,MISS Curry 18' Jump Bank Shot,Missed Shot,Jump Bank Shot,0,386,21300355,2222,8.0,made_fg(24),2,2,likely_contested,subType: contested-like
447,PT09M30.00S,4,1610612744,GSW,201939,Curry,S. Curry,-103,233,25,Missed,1,0.0,0.0,0,v,MISS Curry 25' 3PT Jump Shot,Missed Shot,Jump Shot,0,401,21300355,2310,17.0,def_reb(24),3,-1,likely_open,subType: open-like
472,PT07M49.00S,4,1610612744,GSW,201939,Curry,S. Curry,-239,96,26,Made,1,92.0,91.0,183,v,Curry 26' 3PT Jump Shot (24 PTS),Made Shot,Jump Shot,0,419,21300355,2411,8.0,made_fg(24),3,-1,likely_open,subType: open-like
547,PT01M37.00S,4,1610612744,GSW,201939,Curry,S. Curry,114,220,25,Made,1,102.0,100.0,202,v,Curry 25' 3PT Jump Shot (28 PTS),Made Shot,Jump Shot,0,488,21300355,2783,15.0,def_reb(24),3,-1,likely_open,subType: open-like
556,PT00M23.90S,4,1610612744,GSW,201939,Curry,S. Curry,-81,159,18,Missed,1,0.0,0.0,0,v,MISS Curry 18' Jump Shot,Missed Shot,Jump Shot,0,496,21300355,2857,4.0,turnover(24),2,0,likely_open,"subType: open-like, clock: late (<=5s)"
580,PT00M00.10S,4,1610612744,GSW,201939,Curry,S. Curry,37,222,23,Made,1,106.0,102.0,208,v,Curry 23' Jump Shot (30 PTS) (Green 3 AST),Made Shot,Jump Shot,0,512,21300355,2880,14.0,final_ft(24),2,-1,likely_open,subType: open-like
14,PT09M15.00S,1,1610612744,GSW,201939,Curry,S. Curry,-15,14,2,Made,1,8.0,4.0,12,h,Curry 2' Driving Finger Roll Layup (2 PTS),Made Shot,Driving Finger Roll Layup Shot,0,14,21300368,165,1.0,def_reb(24),2,2,likely_contested,"distance: at-rim/very close, clock: late (<=5s)"
33,PT07M11.00S,1,1610612744,GSW,201939,Curry,S. Curry,80,156,18,Made,1,14.0,6.0,20,h,Curry 18' Pullup Jump Shot (4 PTS) (Iguodala 1 AST),Made Shot,Pullup Jump shot,0,30,21300368,289,16.0,def_reb(24),2,3,likely_contested,"subType: contested-like, text: pressure-move"
39,PT06M38.00S,1,1610612744,GSW,201939,Curry,S. Curry,173,201,27,Missed,1,0.0,0.0,0,h,MISS Curry 27' 3PT Jump Shot,Missed Shot,Jump Shot,0,37,21300368,322,7.0,def_reb(24),3,-2,likely_open,"subType: open-like, distance: deep above-break 3 (>=27ft)"
75,PT03M19.00S,1,1610612744,GSW,201939,Curry,S. Curry,-109,173,20,Made,1,20.0,16.0,36,h,Curry 20' Step Back Jump Shot (6 PTS),Made Shot,Step Back Jump shot,0,71,21300368,521,13.0,made_fg(24),2,3,likely_contested,"subType: contested-like, text: pressure-move"
157,PT07M51.00S,2,1610612744,GSW,201939,Curry,S. Curry,-19,9,2,Made,1,36.0,27.0,63,h,Curry 2' Running Hook Shot (8 PTS),Made Shot,Running Hook Shot,0,142,21300368,969,11.0,made_fg(24),2,1,borderline,distance: at-rim/very close
170,PT06M42.00S,2,1610612744,GSW,201939,Curry,S. Curry,182,203,27,Made,1,39.0,29.0,68,h,Curry 27' 3PT Step Back Jump Shot (11 PTS),Made Shot,Step Back Jump shot,0,156,21300368,1038,20.0,def_reb(24),3,2,likely_contested,"subType: contested-like, text: pressure-move, distance: deep above-break 3 (>=27ft)"
176,PT06M00.00S,2,1610612744,GSW,201939,Curry,S. Curry,-160,214,27,Missed,1,0.0,0.0,0,h,MISS Curry 27' 3PT Jump Shot,Missed Shot,Jump Shot,0,163,21300368,1080,9.0,def_foul_14(14),3,-2,likely_open,"subType: open-like, distance: deep above-break 3 (>=27ft)"
184,PT05M31.00S,2,1610612744,GSW,201939,Curry,S. Curry,162,219,27,Missed,1,0.0,0.0,0,h,MISS Curry 27' 3PT Jump Shot,Missed Shot,Jump Shot,0,170,21300368,1109,5.0,keep_clock(15),3,-1,likely_open,"subType: open-like, distance: deep above-break 3 (>=27ft), clock: late (<=5s)"
188,PT04M59.00S,2,1610612744,GSW,201939,Curry,S. Curry,-5,11,1,Made,1,41.0,31.0,72,h,Curry 1' Driving Layup (13 PTS) (Thompson 2 AST),Made Shot,Driving Layup Shot,0,175,21300368,1141,20.0,turnover(24),2,3,likely_contested,"subType: contested-like, distance: at-rim/very close"
209,PT02M58.00S,2,1610612744,GSW,201939,Curry,S. Curry,-183,7,18,Made,1,49.0,35.0,84,h,Curry 18' Fadeaway Jumper (15 PTS),Made Shot,Fadeaway Jump Shot,0,192,21300368,1262,10.0,made_fg(24),2,3,likely_contested,"subType: contested-like, text: pressure-move"
218,PT02M00.00S,2,1610612744,GSW,201939,Curry,S. Curry,149,230,27,Missed,1,0.0,0.0,0,h,MISS Curry 27' 3PT Step Back Jump Shot,Missed Shot,Step Back Jump shot,0,201,21300368,1320,15.0,def_reb(24),3,2,likely_contested,"subType: contested-like, text: pressure-move, distance: deep above-break 3 (>=27ft)"
226,PT01M00.00S,2,1610612744,GSW,201939,Curry,S. Curry,-2,97,10,Missed,1,0.0,0.0,0,h,MISS Curry 10' Floating Jump Shot,Missed Shot,Floating Jump shot,0,208,21300368,1380,13.0,def_reb(24),2,3,likely_contested,"subType: contested-like, distance: mid-range"
236,PT00M02.30S,2,1610612744,GSW,201939,Curry,S. Curry,15,17,2,Made,1,57.0,39.0,96,h,Curry 2' Driving Finger Roll Layup (17 PTS),Made Shot,Driving Finger Roll Layup Shot,0,218,21300368,1438,9.0,def_reb(24),2,1,borderline,distance: at-rim/very close
242,PT11M29.00S,3,1610612744,GSW,201939,Curry,S. Curry,91,172,19,Made,1,59.0,41.0,100,h,Curry 19' Step Back Jump Shot (19 PTS) (Iguodala 2 AST),Made Shot,Step Back Jump shot,0,222,21300368,1471,8.0,made_fg(24),2,3,likely_contested,"subType: contested-like, text: pressure-move"
244,PT10M54.00S,3,1610612744,GSW,201939,Curry,S. Curry,-144,112,18,Made,1,61.0,43.0,104,h,Curry 18' Step Back Jump Shot (21 PTS),Made Shot,Step Back Jump shot,0,224,21300368,1506,5.0,made_fg(24),2,4,likely_contested,"subType: contested-like, text: pressure-move, clock: late (<=5s)"
326,PT05M08.00S,3,1610612744,GSW,201939,Curry,S. Curry,124,224,26,Made,1,81.0,56.0,137,h,Curry 26' 3PT Step Back Jump Shot (26 PTS),Made Shot,Step Back Jump shot,0,291,21300368,1852,13.0,turnover(24),3,3,likely_contested,"subType: contested-like, text: pressure-move"
503,PT05M12.00S,4,1610612744,GSW,201939,Curry,S. Curry,54,249,25,Missed,1,0.0,0.0,0,h,MISS Curry 25' 3PT Jump Shot,Missed Shot,Jump Shot,0,449,21300368,2568,8.0,def_reb(24),3,-1,likely_open,subType: open-like
528,PT03M16.00S,4,1610612744,GSW,201939,Curry,S. Curry,7,37,4,Missed,1,0.0,0.0,0,h,MISS Curry 4' Jump Shot,Missed Shot,Jump Shot,0,471,21300368,2684,6.0,def_reb(24),2,0,likely_open,"subType: open-like, distance: at-rim/very close"
545,PT02M26.00S,4,1610612744,GSW,201939,Curry,S. Curry,118,176,21,Missed,1,0.0,0.0,0,h,MISS Curry 21' Jump Shot,Missed Shot,Jump Shot,0,486,21300368,2734,1.0,off_reb(14),2,0,likely_open,"subType: open-like, clock: late (<=5s)"
13,PT09M56.00S,1,1610612744,GSW,201939,Curry,S. Curry,125,249,28,Made,1,7.0,4.0,11,h,Curry 28' 3PT Pullup Jump Shot (3 PTS),Made Shot,Pullup Jump shot,0,15,21300382,124,5.0,off_reb(14),3,3,likely_contested,"subType: contested-like, text: pressure-move, distance: deep above-break 3 (>=27ft), clock: late (<=5s)"
62,PT05M06.00S,1,1610612744,GSW,201939,Curry,S. Curry,-32,268,27,Missed,1,0.0,0.0,0,h,MISS Curry 27' 3PT Jump Shot,Missed Shot,Jump Shot,0,66,21300382,414,20.0,def_reb(24),3,-2,likely_open,"subType: open-like, distance: deep above-break 3 (>=27ft)"
76,PT03M41.00S,1,1610612744,GSW,201939,Curry,S. Curry,-112,129,17,Made,1,21.0,11.0,32,h,Curry 17' Step Back Jump Shot (5 PTS),Made Shot,Step Back Jump shot,0,80,21300382,499,10.0,def_reb(24),2,3,likely_contested,"subType: contested-like, text: pressure-move"
157,PT08M10.00S,2,1610612744,GSW,201939,Curry,S. Curry,62,183,19,Made,1,36.0,25.0,61,h,Curry 19' Pullup Jump Shot (7 PTS),Made Shot,Pullup Jump shot,0,155,21300382,950,9.0,made_fg(24),2,3,likely_contested,"subType: contested-like, text: pressure-move"
173,PT06M25.00S,2,1610612744,GSW,201939,Curry,S. Curry,162,94,19,Missed,1,0.0,0.0,0,h,MISS Curry 19' Pullup Jump Shot,Missed Shot,Pullup Jump shot,0,170,21300382,1055,5.0,keep_clock(17),2,4,likely_contested,"subType: contested-like, text: pressure-move, clock: late (<=5s)"
210,PT02M35.00S,2,1610612744,GSW,201939,Curry,S. Curry,78,160,18,Missed,1,0.0,0.0,0,h,MISS Curry 18' Pullup Jump Shot,Missed Shot,Pullup Jump shot,0,201,21300382,1285,16.0,def_reb(24),2,3,likely_contested,"subType: contested-like, text: pressure-move"
232,PT00M31.90S,2,1610612744,GSW,201939,Curry,S. Curry,36,91,10,Missed,1,0.0,0.0,0,h,MISS Curry 10' Jump Shot,Missed Shot,Jump Shot,0,225,21300382,1409,11.0,made_fg(24),2,0,likely_open,"subType: open-like, distance: mid-range"
234,PT00M29.90S,2,1610612744,GSW,201939,Curry,S. Curry,32,260,26,Made,1,51.0,50.0,101,h,Curry 26' 3PT Step Back Jump Shot (10 PTS) (Lee 1 AST),Made Shot,Step Back Jump shot,0,227,21300382,1411,13.0,off_reb(14),3,3,likely_contested,"subType: contested-like, text: pressure-move"
236,PT00M01.90S,2,1610612744,GSW,201939,Curry,S. Curry,-134,235,27,Missed,1,0.0,0.0,0,h,MISS Curry 27' 3PT Jump Shot,Missed Shot,Jump Shot,0,229,21300382,1439,18.0,made_fg(24),3,-2,likely_open,"subType: open-like, distance: deep above-break 3 (>=27ft)"
241,PT11M46.00S,3,1610612744,GSW,201939,Curry,S. Curry,-158,225,27,Missed,1,0.0,0.0,0,h,MISS Curry 27' 3PT Jump Shot,Missed Shot,Jump Shot,0,233,21300382,1454,10.0,period_start(24),3,-2,likely_open,"subType: open-like, distance: deep above-break 3 (>=27ft)"
246,PT11M24.00S,3,1610612744,GSW,201939,Curry,S. Curry,147,112,18,Missed,1,0.0,0.0,0,h,MISS Curry 18' Jump Shot,Missed Shot,Jump Shot,0,238,21300382,1476,17.0,def_reb(24),2,-1,likely_open,subType: open-like
255,PT10M23.00S,3,1610612744,GSW,201939,Curry,S. Curry,-232,39,24,Missed,1,0.0,0.0,0,h,MISS Curry 24' 3PT Jump Shot,Missed Shot,Jump Shot,0,247,21300382,1537,10.0,turnover(24),3,-2,likely_open,"subType: open-like, coords: corner-3, corner: catch/spot"
272,PT09M05.00S,3,1610612744,GSW,201939,Curry,S. Curry,-171,138,22,Made,1,57.0,57.0,114,h,Curry 22' Pullup Jump Shot (12 PTS) (Lee 2 AST),Made Shot,Pullup Jump shot,0,263,21300382,1615,5.0,made_fg(24),2,4,likely_contested,"subType: contested-like, text: pressure-move, clock: late (<=5s)"
301,PT05M43.00S,3,1610612744,GSW,201939,Curry,S. Curry,23,260,26,Missed,1,0.0,0.0,0,h,MISS Curry 26' 3PT Jump Shot,Missed Shot,Jump Shot,0,292,21300382,1817,16.0,def_reb(24),3,-1,likely_open,subType: open-like
315,PT04M22.00S,3,1610612744,GSW,201939,Curry,S. Curry,-45,266,27,Made,1,64.0,67.0,131,h,Curry 27' 3PT Pullup Jump Shot (15 PTS),Made Shot,Pullup Jump shot,0,306,21300382,1898,15.0,made_fg(24),3,2,likely_contested,"subType: contested-like, text: pressure-move, distance: deep above-break 3 (>=27ft)"
336,PT02M40.00S,3,1610612744,GSW,201939,Curry,S. Curry,-164,200,26,Missed,1,0.0,0.0,0,h,MISS Curry 26' 3PT Jump Shot,Missed Shot,Jump Shot,0,325,21300382,2000,12.0,turnover(24),3,-1,likely_open,subType: open-like
346,PT02M13.00S,3,1610612744,GSW,201939,Curry,S. Curry,-2,101,10,Made,1,68.0,75.0,143,h,Curry 10' Running Bank Shot (17 PTS),Made Shot,Running Bank shot,0,334,21300382,2027,15.0,made_fg(24),2,1,borderline,distance: mid-range
353,PT01M09.00S,3,1610612744,GSW,201939,Curry,S. Curry,-100,244,26,Made,1,71.0,75.0,146,h,Curry 26' 3PT Pullup Jump Shot (20 PTS),Made Shot,Pullup Jump shot,0,343,21300382,2091,5.0,off_reb(14),3,4,likely_contested,"subType: contested-like, text: pressure-move, clock: late (<=5s)"
358,PT00M46.90S,3,1610612744,GSW,201939,Curry,S. Curry,-106,244,27,Missed,1,0.0,0.0,0,h,MISS Curry 27' 3PT Jump Shot,Missed Shot,Jump Shot,0,347,21300382,2114,11.0,final_ft(24),3,-2,likely_open,"subType: open-like, distance: deep above-break 3 (>=27ft)"
442,PT07M02.00S,4,1610612744,GSW,201939,Curry,S. Curry,81,257,27,Made,1,91.0,89.0,180,h,Curry 27' 3PT Pullup Jump Shot (23 PTS) (Bogut 1 AST),Made Shot,Pullup Jump shot,0,421,21300382,2458,12.0,def_reb(24),3,2,likely_contested,"subType: contested-like, text: pressure-move, distance: deep above-break 3 (>=27ft)"
444,PT06M31.00S,4,1610612744,GSW,201939,Curry,S. Curry,-71,254,26,Missed,1,0.0,0.0,0,h,MISS Curry 26' 3PT Pullup Jump Shot,Missed Shot,Pullup Jump shot,0,423,21300382,2489,13.0,made_fg(24),3,3,likely_contested,"subType: contested-like, text: pressure-move"
454,PT05M37.00S,4,1610612744,GSW,201939,Curry,S. Curry,13,12,2,Made,1,93.0,94.0,187,h,Curry 2' Driving Layup (25 PTS),Made Shot,Driving Layup Shot,0,433,21300382,2543,6.0,made_fg(24),2,3,likely_contested,"subType: contested-like, distance: at-rim/very close"
456,PT05M13.00S,4,1610612744,GSW,201939,Curry,S. Curry,-10,168,17,Made,1,95.0,96.0,191,h,Curry 17' Pullup Jump Shot (27 PTS),Made Shot,Pullup Jump shot,0,435,21300382,2567,10.0,made_fg(24),2,3,likely_contested,"subType: contested-like, text: pressure-move"
482,PT03M09.00S,4,1610612744,GSW,201939,Curry,S. Curry,-78,290,30,Missed,1,0.0,0.0,0,h,MISS Curry 30' 3PT Pullup Jump Shot,Missed Shot,Pullup Jump shot,0,456,21300382,2691,3.0,final_ft(24),3,3,likely_contested,"subType: contested-like, text: pressure-move, distance: deep above-break 3 (>=27ft), clock: late (<=5s)"
492,PT01M42.00S,4,1610612744,GSW,201939,Curry,S. Curry,-13,30,3,Missed,1,0.0,0.0,0,h,MISS Curry 3' Jump Shot,Missed Shot,Jump Shot,0,467,21300382,2778,20.0,turnover(24),2,0,likely_open,"subType: open-like, distance: at-rim/very close"
507,PT00M33.80S,4,1610612744,GSW,201939,Curry,S. Curry,-2,85,9,Missed,1,0.0,0.0,0,h,MISS Curry 9' Floating Jump Shot,Missed Shot,Floating Jump shot,0,479,21300382,2847,10.0,made_fg(24),2,3,likely_contested,"subType: contested-like, distance: mid-range"
509,PT00M28.70S,4,1610612744,GSW,201939,Curry,S. Curry,-101,250,27,Made,1,102.0,102.0,204,h,Curry 27' 3PT Pullup Jump Shot (30 PTS) (Iguodala 2 AST),Made Shot,Pullup Jump shot,0,481,21300382,2852,11.0,off_reb(14),3,2,likely_contested,"subType: contested-like, text: pressure-move, distance: deep above-break 3 (>=27ft)"
522,PT00M00.50S,4,1610612744,GSW,201939,Curry,S. Curry,-196,258,32,Missed,1,0.0,0.0,0,h,MISS Curry 32' 3PT Jump Shot,Missed Shot,Jump Shot,0,492,21300382,2880,22.0,made_fg(24),3,-2,likely_open,"subType: open-like, distance: deep above-break 3 (>=27ft)"
34,PT08M34.00S,1,1610612744,GSW,201939,Curry,S. Curry,0,41,4,Missed,1,0.0,0.0,0,h,MISS Curry 4' Jump Shot,Missed Shot,Jump Shot,0,36,21300402,206,16.0,def_reb(24),2,0,likely_open,"subType: open-like, distance: at-rim/very close"
61,PT06M44.00S,1,1610612744,GSW,201939,Curry,S. Curry,64,252,26,Made,1,12.0,14.0,26,h,Curry 26' 3PT Pullup Jump Shot (3 PTS),Made Shot,Pullup Jump shot,0,58,21300402,316,13.0,made_fg(24),3,3,likely_contested,"subType: contested-like, text: pressure-move"
64,PT06M25.00S,1,1610612744,GSW,201939,Curry,S. Curry,-138,236,27,Made,1,15.0,14.0,29,h,Curry 27' 3PT Pullup Jump Shot (6 PTS),Made Shot,Pullup Jump shot,0,61,21300402,335,18.0,def_reb(24),3,2,likely_contested,"subType: contested-like, text: pressure-move, distance: deep above-break 3 (>=27ft)"
73,PT05M49.00S,1,1610612744,GSW,201939,Curry,S. Curry,162,220,27,Missed,1,0.0,0.0,0,h,MISS Curry 27' 3PT Jump Shot,Missed Shot,Jump Shot,0,71,21300402,371,10.0,off_reb(14),3,-2,likely_open,"subType: open-like, distance: deep above-break 3 (>=27ft)"
216,PT05M35.00S,2,1610612744,GSW,201939,Curry,S. Curry,116,225,25,Missed,1,0.0,0.0,0,h,MISS Curry 25' 3PT Pullup Jump Shot,Missed Shot,Pullup Jump shot,0,209,21300402,1105,8.0,def_reb(24),3,3,likely_contested,"subType: contested-like, text: pressure-move"
220,PT05M00.00S,2,1610612744,GSW,201939,Curry,S. Curry,-239,26,24,Missed,1,0.0,0.0,0,h,MISS Curry 24' 3PT Pullup Jump Shot,Missed Shot,Pullup Jump shot,0,213,21300402,1140,7.0,def_reb(24),3,3,likely_contested,"subType: contested-like, text: pressure-move, coords: corner-3"
241,PT02M37.00S,2,1610612744,GSW,201939,Curry,S. Curry,-19,67,7,Missed,1,0.0,0.0,0,h,MISS Curry 7' Floating Jump Shot,Missed Shot,Floating Jump shot,0,234,21300402,1283,5.0,made_fg(24),2,3,likely_contested,"subType: contested-like, clock: late (<=5s)"
258,PT01M44.00S,2,1610612744,GSW,201939,Curry,S. Curry,-130,146,20,Missed,1,0.0,0.0,0,h,MISS Curry 20' Pullup Jump Shot,Missed Shot,Pullup Jump shot,0,249,21300402,1336,14.0,def_reb(24),2,3,likely_contested,"subType: contested-like, text: pressure-move"
291,PT00M00.50S,2,1610612744,GSW,201939,Curry,S. Curry,217,386,44,Missed,1,0.0,0.0,0,h,MISS Curry 44' 3PT Jump Shot,Missed Shot,Jump Shot,0,280,21300402,1440,22.0,keep_clock(23),3,-2,likely_open,"subType: open-like, distance: deep above-break 3 (>=27ft)"
299,PT11M20.00S,3,1610612744,GSW,201939,Curry,S. Curry,-180,126,22,Missed,1,0.0,0.0,0,h,MISS Curry 22' Jump Shot,Missed Shot,Jump Shot,0,287,21300402,1480,6.0,def_reb(24),2,-1,likely_open,subType: open-like
386,PT04M18.00S,3,1610612744,GSW,201939,Curry,S. Curry,106,151,18,Made,1,64.0,48.0,112,h,Curry 18' Pullup Jump Shot (10 PTS),Made Shot,Pullup Jump shot,0,368,21300402,1902,17.0,def_reb(24),2,3,likely_contested,"subType: contested-like, text: pressure-move"
389,PT03M58.00S,3,1610612744,GSW,201939,Curry,S. Curry,-179,181,25,Missed,1,0.0,0.0,0,h,MISS Curry 25' 3PT Jump Shot,Missed Shot,Jump Shot,0,371,21300402,1922,18.0,def_reb(24),3,-1,likely_open,subType: open-like
410,PT02M36.00S,3,1610612744,GSW,201939,Curry,S. Curry,147,151,21,Missed,1,0.0,0.0,0,h,MISS Curry 21' Jump Shot,Missed Shot,Jump Shot,0,389,21300402,2004,1.0,def_foul_14(14),2,0,likely_open,"subType: open-like, clock: late (<=5s)"
510,PT07M45.00S,4,1610612744,GSW,201939,Curry,S. Curry,129,239,27,Made,1,88.0,67.0,155,h,Curry 27' 3PT Pullup Jump Shot (13 PTS),Made Shot,Pullup Jump shot,0,468,21300402,2415,16.0,def_reb(24),3,2,likely_contested,"subType: contested-like, text: pressure-move, distance: deep above-break 3 (>=27ft)"
554,PT04M03.00S,4,1610612744,GSW,201939,Curry,S. Curry,-240,15,24,Made,1,97.0,74.0,171,h,Curry 24' 3PT Pullup Jump Shot (18 PTS),Made Shot,Pullup Jump shot,0,508,21300402,2637,21.0,turnover(24),3,3,likely_contested,"subType: contested-like, text: pressure-move, coords: corner-3"
5,PT11M15.00S,1,1610612744,GSW,201939,Curry,S. Curry,-15,6,2,Made,1,0.0,4.0,4,v,Curry 2' Driving Layup (2 PTS),Made Shot,Driving Layup Shot,0,6,21300415,45,13.0,def_reb(24),2,3,likely_contested,"subType: contested-like, distance: at-rim/very close"
9,PT10M23.00S,1,1610612744,GSW,201939,Curry,S. Curry,215,134,25,Made,1,2.0,9.0,11,v,Curry 25' 3PT Jump Shot (5 PTS),Made Shot,Jump Shot,0,10,21300415,97,14.0,made_fg(24),3,-1,likely_open,subType: open-like
67,PT05M15.00S,1,1610612744,GSW,201939,Curry,S. Curry,217,132,25,Made,1,9.0,24.0,33,v,Curry 25' 3PT Jump Shot (8 PTS),Made Shot,Jump Shot,0,60,21300415,405,18.0,turnover(24),3,-1,likely_open,subType: open-like
73,PT04M50.00S,1,1610612744,GSW,201939,Curry,S. Curry,7,33,3,Missed,1,,,0,v,MISS Curry 3' Jump Shot,Missed Shot,Jump Shot,0,65,21300415,430,11.0,final_ft(24),2,0,likely_open,"subType: open-like, distance: at-rim/very close"
244,PT03M56.00S,2,1610612744,GSW,201939,Curry,S. Curry,-138,11,14,Missed,1,,,0,v,MISS Curry 14' Jump Shot,Missed Shot,Jump Shot,0,213,21300415,1204,0.0,off_reb(14),2,1,borderline,"subType: open-like, distance: mid-range, clock: late (<=5s)"
299,PT09M50.00S,3,1610612744,GSW,201939,Curry,S. Curry,45,178,18,Missed,1,,,0,v,MISS Curry 18' Jump Shot,Missed Shot,Jump Shot,0,265,21300415,1570,13.0,turnover(24),2,-1,likely_open,subType: open-like
320,PT08M04.00S,3,1610612744,GSW,201939,Curry,S. Curry,225,121,26,Missed,1,,,0,v,MISS Curry 26' 3PT Jump Shot,Missed Shot,Jump Shot,0,286,21300415,1676,8.0,made_fg(24),3,-1,likely_open,subType: open-like
326,PT07M23.00S,3,1610612744,GSW,201939,Curry,S. Curry,-136,154,21,Missed,1,,,0,v,MISS Curry 21' Jump Shot,Missed Shot,Jump Shot,0,293,21300415,1717,11.0,def_reb(24),2,-1,likely_open,subType: open-like
333,PT06M37.00S,3,1610612744,GSW,201939,Curry,S. Curry,54,30,6,Missed,1,,,0,v,MISS Curry 6' Running Jump Shot,Missed Shot,Running Jump Shot,0,300,21300415,1763,18.0,def_reb(24),2,-1,likely_open,subType: open-like
341,PT06M13.00S,3,1610612744,GSW,201939,Curry,S. Curry,-7,11,1,Missed,1,,,0,v,MISS Curry 1' Driving Finger Roll Layup,Missed Shot,Driving Finger Roll Layup Shot,0,308,21300415,1787,11.0,made_fg(24),2,1,borderline,distance: at-rim/very close
422,PT10M25.00S,4,1610612744,GSW,201939,Curry,S. Curry,29,58,6,Made,1,69.0,68.0,137,v,Curry 6' Running Jump Shot (10 PTS),Made Shot,Running Jump Shot,0,385,21300415,2255,11.0,def_reb(24),2,-1,likely_open,subType: open-like
437,PT08M40.00S,4,1610612744,GSW,201939,Curry,S. Curry,-183,118,22,Made,1,71.0,70.0,141,v,Curry 22' Step Back Jump Shot (12 PTS),Made Shot,Step Back Jump shot,0,400,21300415,2360,16.0,def_reb(24),2,3,likely_contested,"subType: contested-like, text: pressure-move"
450,PT07M33.00S,4,1610612744,GSW,201939,Curry,S. Curry,-11,9,1,Missed,1,,,0,v,MISS Curry 1' Reverse Layup,Missed Shot,Reverse Layup Shot,0,410,21300415,2427,20.0,turnover(24),2,3,likely_contested,"subType: contested-like, distance: at-rim/very close"
511,PT01M02.00S,4,1610612744,GSW,201939,Curry,S. Curry,9,192,19,Missed,1,,,0,v,MISS Curry 19' Jump Shot,Missed Shot,Jump Shot,0,463,21300415,2818,4.0,turnover(24),2,0,likely_open,"subType: open-like, clock: late (<=5s)"
20,PT09M33.00S,1,1610612744,GSW,201939,Curry,S. Curry,56,156,17,Missed,1,0.0,0.0,0,h,MISS Curry 17' Jump Shot,Missed Shot,Jump Shot,0,22,21300422,147,13.0,made_fg(24),2,-1,likely_open,subType: open-like
161,PT09M16.00S,2,1610612744,GSW,201939,Curry,S. Curry,-73,263,27,Missed,1,0.0,0.0,0,h,MISS Curry 27' 3PT Pullup Jump Shot,Missed Shot,Pullup Jump shot,0,151,21300422,884,10.0,made_fg(24),3,2,likely_contested,"subType: contested-like, text: pressure-move, distance: deep above-break 3 (>=27ft)"
186,PT06M27.00S,2,1610612744,GSW,201939,Curry,S. Curry,84,176,20,Missed,1,0.0,0.0,0,h,MISS Curry 20' Jump Shot,Missed Shot,Jump Shot,0,177,21300422,1053,17.0,def_reb(24),2,-1,likely_open,subType: open-like
188,PT06M23.00S,2,1610612744,GSW,201939,Curry,S. Curry,-21,268,27,Missed,1,0.0,0.0,0,h,MISS Curry 27' 3PT Jump Shot,Missed Shot,Jump Shot,0,179,21300422,1057,11.0,off_reb(14),3,-2,likely_open,"subType: open-like, distance: deep above-break 3 (>=27ft)"
207,PT03M16.00S,2,1610612744,GSW,201939,Curry,S. Curry,-16,260,26,Made,1,45.0,49.0,94,h,Curry 26' 3PT Jump Shot (3 PTS),Made Shot,Jump Shot,0,198,21300422,1244,8.0,off_reb(14),3,-1,likely_open,subType: open-like
210,PT02M57.00S,2,1610612744,GSW,201939,Curry,S. Curry,102,23,10,Missed,1,0.0,0.0,0,h,MISS Curry 10' Jump Shot,Missed Shot,Jump Shot,0,201,21300422,1263,13.0,off_foul(24),2,0,likely_open,"subType: open-like, distance: mid-range"
225,PT01M29.00S,2,1610612744,GSW,201939,Curry,S. Curry,-84,249,26,Missed,1,0.0,0.0,0,h,MISS Curry 26' 3PT Pullup Jump Shot,Missed Shot,Pullup Jump shot,0,214,21300422,1351,15.0,def_reb(24),3,3,likely_contested,"subType: contested-like, text: pressure-move"
231,PT00M53.30S,2,1610612744,GSW,201939,Curry,S. Curry,-8,19,2,Made,1,49.0,53.0,102,h,Curry 2' Driving Finger Roll Layup (5 PTS),Made Shot,Driving Finger Roll Layup Shot,0,220,21300422,1387,10.0,made_fg(24),2,1,borderline,distance: at-rim/very close
271,PT08M47.00S,3,1610612744,GSW,201939,Curry,S. Curry,-116,55,13,Missed,1,0.0,0.0,0,h,MISS Curry 13' Jump Shot,Missed Shot,Jump Shot,0,256,21300422,1633,16.0,def_reb(24),2,0,likely_open,"subType: open-like, distance: mid-range"
285,PT07M42.00S,3,1610612744,GSW,201939,Curry,S. Curry,181,37,18,Missed,1,0.0,0.0,0,h,MISS Curry 18' Jump Shot,Missed Shot,Jump Shot,0,269,21300422,1698,3.0,made_fg(24),2,0,likely_open,"subType: open-like, clock: late (<=5s)"
298,PT06M01.00S,3,1610612744,GSW,201939,Curry,S. Curry,-10,247,25,Missed,1,0.0,0.0,0,h,MISS Curry 25' 3PT Jump Shot,Missed Shot,Jump Shot,0,287,21300422,1799,10.0,made_fg(24),3,-1,likely_open,subType: open-like
335,PT02M56.00S,3,1610612744,GSW,201939,Curry,S. Curry,0,19,2,Missed,1,0.0,0.0,0,h,MISS Curry 2' Layup,Missed Shot,Layup Shot,0,317,21300422,1984,15.0,def_reb(24),2,1,borderline,distance: at-rim/very close
407,PT10M09.00S,4,1610612744,GSW,201939,Curry,S. Curry,-100,165,19,Missed,1,0.0,0.0,0,h,MISS Curry 19' Jump Shot,Missed Shot,Jump Shot,0,381,21300422,2271,2.0,made_fg(24),2,0,likely_open,"subType: open-like, clock: late (<=5s)"
479,PT05M19.00S,4,1610612744,GSW,201939,Curry,S. Curry,18,7,2,Made,1,94.0,91.0,185,h,Curry 2' Driving Layup (8 PTS) (Lee 3 AST),Made Shot,Driving Layup Shot,0,441,21300422,2561,2.0,made_fg(24),2,4,likely_contested,"subType: contested-like, distance: at-rim/very close, clock: late (<=5s)"
514,PT02M23.00S,4,1610612744,GSW,201939,Curry,S. Curry,-51,252,26,Made,1,101.0,99.0,200,h,Curry 26' 3PT Step Back Jump Shot (13 PTS),Made Shot,Step Back Jump shot,0,469,21300422,2737,9.0,made_fg(24),3,3,likely_contested,"subType: contested-like, text: pressure-move"
516,PT01M56.00S,4,1610612744,GSW,201939,Curry,S. Curry,-2,11,1,Made,1,103.0,101.0,204,h,Curry 1' Driving Reverse Layup (15 PTS),Made Shot,Driving Reverse Layup Shot,0,471,21300422,2764,12.0,made_fg(24),2,3,likely_contested,"subType: contested-like, distance: at-rim/very close"
525,PT01M21.00S,4,1610612744,GSW,201939,Curry,S. Curry,-125,124,18,Missed,1,0.0,0.0,0,h,MISS Curry 18' Running Jump Shot,Missed Shot,Running Jump Shot,0,478,21300422,2799,9.0,final_ft(24),2,-1,likely_open,subType: open-like
28,PT08M27.00S,1,1610612744,GSW,201939,Curry,S. Curry,-92,137,17,Made,1,8.0,7.0,15,h,Curry 17' Pullup Jump Shot (2 PTS),Made Shot,Pullup Jump shot,0,29,21300435,213,5.0,made_fg(24),2,4,likely_contested,"subType: contested-like, text: pressure-move, clock: late (<=5s)"
36,PT07M44.00S,1,1610612744,GSW,201939,Curry,S. Curry,-191,220,29,Made,1,13.0,10.0,23,h,Curry 29' 3PT Pullup Jump Shot (5 PTS),Made Shot,Pullup Jump shot,0,36,21300435,256,10.0,final_ft(24),3,2,likely_contested,"subType: contested-like, text: pressure-move, distance: deep above-break 3 (>=27ft)"
63,PT05M02.00S,1,1610612744,GSW,201939,Curry,S. Curry,132,119,18,Made,1,21.0,15.0,36,h,Curry 18' Step Back Jump Shot (7 PTS),Made Shot,Step Back Jump shot,0,59,21300435,418,8.0,made_fg(24),2,3,likely_contested,"subType: contested-like, text: pressure-move"
69,PT04M32.00S,1,1610612744,GSW,201939,Curry,S. Curry,-97,238,26,Missed,1,0.0,0.0,0,h,MISS Curry 26' 3PT Jump Shot,Missed Shot,Jump Shot,0,64,21300435,448,7.0,turnover(24),3,-1,likely_open,subType: open-like
98,PT02M22.00S,1,1610612744,GSW,201939,Curry,S. Curry,21,247,25,Missed,1,0.0,0.0,0,h,MISS Curry 25' 3PT Pullup Jump Shot,Missed Shot,Pullup Jump shot,0,94,21300435,578,17.0,turnover(24),3,3,likely_contested,"subType: contested-like, text: pressure-move"
117,PT00M41.80S,1,1610612744,GSW,201939,Curry,S. Curry,-207,167,27,Missed,1,0.0,0.0,0,h,MISS Curry 27' 3PT Jump Shot,Missed Shot,Jump Shot,0,114,21300435,679,10.0,off_reb(14),3,-2,likely_open,"subType: open-like, distance: deep above-break 3 (>=27ft)"
128,PT00M00.50S,1,1610612744,GSW,201939,Curry,S. Curry,-8,17,2,Missed,1,0.0,0.0,0,h,MISS Curry 2' Driving Layup,Missed Shot,Driving Layup Shot,0,121,21300435,720,8.0,made_fg(24),2,3,likely_contested,"subType: contested-like, distance: at-rim/very close"
178,PT08M14.00S,2,1610612744,GSW,201939,Curry,S. Curry,45,66,8,Missed,1,0.0,0.0,0,h,MISS Curry 8' Running Hook Shot,Missed Shot,Running Hook Shot,0,169,21300435,946,6.0,def_reb(24),2,1,borderline,distance: mid-range
212,PT05M04.00S,2,1610612744,GSW,201939,Curry,S. Curry,77,198,21,Made,1,46.0,34.0,80,h,Curry 21' Pullup Jump Shot (10 PTS),Made Shot,Pullup Jump shot,0,200,21300435,1136,19.0,def_reb(24),2,3,likely_contested,"subType: contested-like, text: pressure-move"
214,PT04M37.00S,2,1610612744,GSW,201939,Curry,S. Curry,20,15,3,Made,1,48.0,34.0,82,h,Curry 3' Driving Finger Roll Layup (12 PTS),Made Shot,Driving Finger Roll Layup Shot,0,202,21300435,1163,9.0,turnover(24),2,1,borderline,distance: at-rim/very close
224,PT03M27.00S,2,1610612744,GSW,201939,Curry,S. Curry,36,260,26,Missed,1,0.0,0.0,0,h,MISS Curry 26' 3PT Pullup Jump Shot,Missed Shot,Pullup Jump shot,0,211,21300435,1233,12.0,made_fg(24),3,3,likely_contested,"subType: contested-like, text: pressure-move"
292,PT10M01.00S,3,1610612744,GSW,201939,Curry,S. Curry,-11,77,8,Missed,1,0.0,0.0,0,h,MISS Curry 8' Floating Jump Shot,Missed Shot,Floating Jump shot,0,272,21300435,1559,17.0,def_reb(24),2,3,likely_contested,"subType: contested-like, distance: mid-range"
301,PT09M40.00S,3,1610612744,GSW,201939,Curry,S. Curry,-57,53,8,Missed,1,0.0,0.0,0,h,MISS Curry 8' Jump Shot,Missed Shot,Jump Shot,0,279,21300435,1580,12.0,final_ft(24),2,0,likely_open,"subType: open-like, distance: mid-range"
333,PT07M04.00S,3,1610612744,GSW,201939,Curry,S. Curry,228,3,0,Missed,1,0.0,0.0,0,h,MISS Curry  3PT Jump Shot,Missed Shot,Jump Shot,0,309,21300435,1736,17.0,def_reb(24),3,-1,likely_open,"subType: open-like, distance: at-rim/very close, coords: corner-3, corner: catch/spot"
336,PT07M12.00S,3,1610612744,GSW,201939,Curry,S. Curry,-11,17,2,Missed,1,0.0,0.0,0,h,MISS Curry 2' Driving Layup,Missed Shot,Driving Layup Shot,0,307,21300435,1728,13.0,turnover(24),2,3,likely_contested,"subType: contested-like, distance: at-rim/very close"
373,PT03M02.00S,3,1610612744,GSW,201939,Curry,S. Curry,7,23,2,Missed,1,0.0,0.0,0,h,MISS Curry 2' Layup,Missed Shot,Layup Shot,0,347,21300435,1978,10.0,made_fg(24),2,1,borderline,distance: at-rim/very close
405,PT00M13.90S,3,1610612744,GSW,201939,Curry,S. Curry,-15,42,4,Missed,1,0.0,0.0,0,h,MISS Curry 4' Jump Shot,Missed Shot,Jump Shot,0,376,21300435,2147,8.0,def_reb(24),2,0,likely_open,"subType: open-like, distance: at-rim/very close"
25,PT09M35.00S,1,1610612744,GSW,201939,Curry,S. Curry,176,181,25,Made,1,7.0,11.0,18,v,Curry 25' 3PT Jump Shot (5 PTS),Made Shot,Jump Shot,0,21,21300448,145,16.0,def_reb(24),3,-1,likely_open,subType: open-like
28,PT09M12.00S,1,1610612744,GSW,201939,Curry,S. Curry,-134,211,25,Made,1,7.0,14.0,21,v,Curry 25' 3PT Jump Shot (8 PTS) (Bogut 1 AST),Made Shot,Jump Shot,0,24,21300448,168,19.0,def_reb(24),3,-1,likely_open,subType: open-like
42,PT07M28.00S,1,1610612744,GSW,201939,Curry,S. Curry,121,187,22,Made,1,15.0,18.0,33,v,Curry 22' Jump Shot (10 PTS),Made Shot,Jump Shot,0,35,21300448,272,12.0,made_fg(24),2,-1,likely_open,subType: open-like
64,PT06M10.00S,1,1610612744,GSW,201939,Curry,S. Curry,-111,17,11,Missed,1,0.0,0.0,0,v,MISS Curry 11' Step Back Jump Shot,Missed Shot,Step Back Jump shot,0,55,21300448,350,10.0,final_ft(24),2,4,likely_contested,"subType: contested-like, text: pressure-move, distance: mid-range"
84,PT04M37.00S,1,1610612744,GSW,201939,Curry,S. Curry,-213,-10,21,Missed,1,0.0,0.0,0,v,MISS Curry 21' Fadeaway Jumper,Missed Shot,Fadeaway Jump Shot,0,72,21300448,443,2.0,made_fg(24),2,4,likely_contested,"subType: contested-like, text: pressure-move, clock: late (<=5s)"
162,PT11M47.00S,2,1610612744,GSW,201939,Curry,S. Curry,-144,238,28,Made,1,35.0,29.0,64,v,Curry 28' 3PT Jump Shot (13 PTS) (Bazemore 1 AST),Made Shot,Jump Shot,0,138,21300448,733,11.0,period_start(24),3,-2,likely_open,"subType: open-like, distance: deep above-break 3 (>=27ft)"
186,PT09M13.00S,2,1610612744,GSW,201939,Curry,S. Curry,84,162,18,Missed,1,0.0,0.0,0,v,MISS Curry 18' Jump Shot,Missed Shot,Jump Shot,0,163,21300448,887,18.0,def_reb(24),2,-1,likely_open,subType: open-like
232,PT05M41.00S,2,1610612744,GSW,201939,Curry,S. Curry,-142,15,14,Made,1,49.0,35.0,84,v,Curry 14' Running Jump Shot (16 PTS) (Iguodala 1 AST),Made Shot,Running Jump Shot,0,202,21300448,1099,11.0,off_reb(14),2,0,likely_open,"subType: open-like, distance: mid-range"
270,PT01M28.00S,2,1610612744,GSW,201939,Curry,S. Curry,-117,173,21,Made,1,61.0,47.0,108,v,Curry 21' Jump Shot (18 PTS) (Iguodala 5 AST),Made Shot,Jump Shot,0,232,21300448,1352,7.0,made_fg(24),2,-1,likely_open,subType: open-like
273,PT00M53.90S,2,1610612744,GSW,201939,Curry,S. Curry,23,261,26,Made,1,64.0,50.0,114,v,Curry 26' 3PT Jump Shot (21 PTS) (Thompson 1 AST),Made Shot,Jump Shot,0,234,21300448,1387,4.0,made_fg(24),3,0,likely_open,"subType: open-like, clock: late (<=5s)"
279,PT00M02.00S,2,1610612744,GSW,201939,Curry,S. Curry,91,236,25,Made,1,64.0,55.0,119,v,Curry 25' 3PT Step Back Jump Shot (24 PTS),Made Shot,Step Back Jump shot,0,240,21300448,1438,11.0,def_reb(24),3,3,likely_contested,"subType: contested-like, text: pressure-move"
304,PT09M23.00S,3,1610612744,GSW,201939,Curry,S. Curry,103,241,26,Missed,1,0.0,0.0,0,v,MISS Curry 26' 3PT Jump Shot,Missed Shot,Jump Shot,0,265,21300448,1597,12.0,made_fg(24),3,-1,likely_open,subType: open-like
354,PT04M36.00S,3,1610612744,GSW,201939,Curry,S. Curry,2,228,23,Missed,1,0.0,0.0,0,v,MISS Curry 23' Jump Shot,Missed Shot,Jump Shot,0,307,21300448,1884,13.0,made_fg(24),2,-1,likely_open,subType: open-like
369,PT03M47.00S,3,1610612744,GSW,201939,Curry,S. Curry,0,3,0,Made,1,82.0,77.0,159,v,Curry  Layup (26 PTS) (Green 2 AST),Made Shot,Layup Shot,0,318,21300448,1933,20.0,def_reb(24),2,1,borderline,distance: at-rim/very close
404,PT00M40.90S,3,1610612744,GSW,201939,Curry,S. Curry,-144,216,26,Missed,1,0.0,0.0,0,v,MISS Curry 26' 3PT Step Back Jump Shot,Missed Shot,Step Back Jump shot,0,352,21300448,2120,9.0,made_fg(24),3,3,likely_contested,"subType: contested-like, text: pressure-move"
459,PT06M59.00S,4,1610612744,GSW,201939,Curry,S. Curry,84,241,26,Missed,1,0.0,0.0,0,v,MISS Curry 26' 3PT Jump Shot,Missed Shot,Jump Shot,0,409,21300448,2461,,stale_reset(24),3,-1,likely_open,subType: open-like
461,PT06M54.00S,4,1610612744,GSW,201939,Curry,S. Curry,-13,258,26,Missed,1,0.0,0.0,0,v,MISS Curry 26' 3PT Jump Shot,Missed Shot,Jump Shot,0,411,21300448,2466,10.0,off_reb(14),3,-1,likely_open,subType: open-like
495,PT04M16.00S,4,1610612744,GSW,201939,Curry,S. Curry,-4,82,8,Missed,1,0.0,0.0,0,v,MISS Curry 8' Running Jump Shot,Missed Shot,Running Jump Shot,0,434,21300448,2624,8.0,def_reb(24),2,0,likely_open,"subType: open-like, distance: mid-range"
535,PT00M00.90S,4,1610612744,GSW,201939,Curry,S. Curry,-16,80,8,Missed,1,0.0,0.0,0,v,MISS Curry 8' Jump Shot,Missed Shot,Jump Shot,0,468,21300448,2880,15.0,made_fg(24),2,0,likely_open,"subType: open-like, distance: mid-range"
558,PT03M20.00S,5,1610612744,GSW,201939,Curry,S. Curry,162,201,26,Missed,1,0.0,0.0,0,v,MISS Curry 26' 3PT Jump Shot,Missed Shot,Jump Shot,0,487,21300448,2980,13.0,final_ft(24),3,-1,likely_open,subType: open-like
563,PT03M04.00S,5,1610612744,GSW,201939,Curry,S. Curry,4,9,1,Missed,1,0.0,0.0,0,v,MISS Curry 1' Driving Layup,Missed Shot,Driving Layup Shot,0,493,21300448,2996,17.0,turnover(24),2,3,likely_contested,"subType: contested-like, distance: at-rim/very close"
574,PT02M11.00S,5,1610612744,GSW,201939,Curry,S. Curry,0,20,2,Missed,1,0.0,0.0,0,v,MISS Curry 2' Driving Layup,Missed Shot,Driving Layup Shot,0,504,21300448,3049,16.0,def_reb(24),2,3,likely_contested,"subType: contested-like, distance: at-rim/very close"
600,PT00M13.50S,5,1610612744,GSW,201939,Curry,S. Curry,-190,126,23,Made,1,104.0,108.0,212,v,Curry 23' Jump Shot (29 PTS),Made Shot,Jump Shot,0,525,21300448,3167,4.0,def_reb(24),2,0,likely_open,"subType: open-like, clock: late (<=5s)"
11,PT09M42.00S,1,1610612744,GSW,201939,Curry,S. Curry,7,246,25,Missed,1,0.0,0.0,0,v,MISS Curry 25' 3PT Jump Shot,Missed Shot,Jump Shot,0,12,21300462,138,11.0,made_fg(24),3,-1,likely_open,subType: open-like
25,PT08M16.00S,1,1610612744,GSW,201939,Curry,S. Curry,129,211,25,Missed,1,0.0,0.0,0,v,MISS Curry 25' 3PT Jump Shot,Missed Shot,Jump Shot,0,27,21300462,224,20.0,def_reb(24),3,-1,likely_open,subType: open-like
42,PT06M16.00S,1,1610612744,GSW,201939,Curry,S. Curry,-149,55,16,Made,1,10.0,17.0,27,v,Curry 16' Running Bank Shot (2 PTS) (Iguodala 1 AST),Made Shot,Running Bank shot,0,43,21300462,344,9.0,made_fg(24),2,1,borderline,distance: mid-range
174,PT07M06.00S,2,1610612744,GSW,201939,Curry,S. Curry,118,173,21,Made,1,26.0,40.0,66,v,Curry 21' Pullup Jump Shot (4 PTS),Made Shot,Pullup Jump shot,0,162,21300462,1014,15.0,def_reb(24),2,3,likely_contested,"subType: contested-like, text: pressure-move"
202,PT03M34.00S,2,1610612744,GSW,201939,Curry,S. Curry,-163,205,26,Made,1,28.0,52.0,80,v,Curry 26' 3PT Jump Shot (7 PTS),Made Shot,Jump Shot,0,188,21300462,1226,20.0,def_reb(24),3,-1,likely_open,subType: open-like
240,PT00M00.00S,2,1610612744,GSW,201939,Curry,S. Curry,-149,582,60,Missed,1,0.0,0.0,0,v,MISS Curry 60' 3PT Jump Shot,Missed Shot,Jump Shot,0,221,21300462,1440,23.0,turnover(24),3,-2,likely_open,"subType: open-like, distance: deep above-break 3 (>=27ft)"
251,PT10M56.00S,3,1610612744,GSW,201939,Curry,S. Curry,69,110,13,Made,1,37.0,60.0,97,v,Curry 13' Running Jump Shot (9 PTS),Made Shot,Running Jump Shot,0,230,21300462,1504,6.0,off_reb(14),2,0,likely_open,"subType: open-like, distance: mid-range"
256,PT09M50.00S,3,1610612744,GSW,201939,Curry,S. Curry,196,85,21,Missed,1,0.0,0.0,0,v,MISS Curry 21' Pullup Jump Shot,Missed Shot,Pullup Jump shot,0,235,21300462,1570,12.0,made_fg(24),2,3,likely_contested,"subType: contested-like, text: pressure-move"
273,PT08M15.00S,3,1610612744,GSW,201939,Curry,S. Curry,-65,246,25,Missed,1,0.0,0.0,0,v,MISS Curry 25' 3PT Jump Shot,Missed Shot,Jump Shot,0,251,21300462,1665,18.0,def_reb(24),3,-1,likely_open,subType: open-like
324,PT02M48.00S,3,1610612744,GSW,201939,Curry,S. Curry,-199,6,20,Missed,1,0.0,0.0,0,v,MISS Curry 20' Step Back Jump Shot,Missed Shot,Step Back Jump shot,0,297,21300462,1992,,stale_reset(24),2,3,likely_contested,"subType: contested-like, text: pressure-move"
28,PT07M57.00S,1,1610612744,GSW,201939,Curry,S. Curry,133,211,25,Made,1,8.0,16.0,24,v,Curry 25' 3PT Pullup Jump Shot (3 PTS),Made Shot,Pullup Jump shot,0,30,21300474,243,13.0,made_fg(24),3,3,likely_contested,"subType: contested-like, text: pressure-move"
84,PT01M57.00S,1,1610612744,GSW,201939,Curry,S. Curry,181,183,26,Made,1,29.0,33.0,62,v,Curry 26' 3PT Jump Shot (6 PTS) (Green 1 AST),Made Shot,Jump Shot,0,81,21300474,603,19.0,def_reb(24),3,-1,likely_open,subType: open-like
98,PT01M02.00S,1,1610612744,GSW,201939,Curry,S. Curry,-201,135,24,Made,1,33.0,36.0,69,v,Curry 24' 3PT Jump Shot (9 PTS),Made Shot,Jump Shot,0,93,21300474,658,15.0,made_fg(24),3,-1,likely_open,subType: open-like
154,PT08M57.00S,2,1610612744,GSW,201939,Curry,S. Curry,154,205,26,Missed,1,0.0,0.0,0,v,MISS Curry 26' 3PT Jump Shot,Missed Shot,Jump Shot,0,141,21300474,903,21.0,def_reb(24),3,-1,likely_open,subType: open-like
231,PT03M22.00S,2,1610612744,GSW,201939,Curry,S. Curry,2,12,1,Made,1,53.0,56.0,109,v,Curry 1' Driving Finger Roll Layup (11 PTS),Made Shot,Driving Finger Roll Layup Shot,0,205,21300474,1238,7.0,made_fg(24),2,1,borderline,distance: at-rim/very close
248,PT01M58.00S,2,1610612744,GSW,201939,Curry,S. Curry,-155,192,25,Made,1,56.0,62.0,118,v,Curry 25' 3PT Jump Shot (14 PTS),Made Shot,Jump Shot,0,218,21300474,1322,11.0,def_reb(24),3,-1,likely_open,subType: open-like
265,PT00M02.10S,2,1610612744,GSW,201939,Curry,S. Curry,7,15,2,Missed,1,0.0,0.0,0,v,MISS Curry 2' Driving Finger Roll Layup,Missed Shot,Driving Finger Roll Layup Shot,0,233,21300474,1438,6.0,def_reb(24),2,1,borderline,distance: at-rim/very close
278,PT10M35.00S,3,1610612744,GSW,201939,Curry,S. Curry,118,156,20,Made,1,61.0,69.0,130,v,Curry 20' Jump Shot (16 PTS),Made Shot,Jump Shot,0,246,21300474,1525,19.0,turnover(24),2,-1,likely_open,subType: open-like
281,PT10M05.00S,3,1610612744,GSW,201939,Curry,S. Curry,111,146,18,Made,1,61.0,71.0,132,v,Curry 18' Jump Shot (18 PTS),Made Shot,Jump Shot,0,249,21300474,1555,17.0,def_reb(24),2,-1,likely_open,subType: open-like
290,PT09M31.00S,3,1610612744,GSW,201939,Curry,S. Curry,193,164,25,Made,1,61.0,74.0,135,v,Curry 25' 3PT Jump Shot (21 PTS),Made Shot,Jump Shot,0,255,21300474,1589,16.0,def_reb(24),3,-1,likely_open,subType: open-like
298,PT08M20.00S,3,1610612744,GSW,201939,Curry,S. Curry,204,159,26,Made,1,65.0,77.0,142,v,Curry 26' 3PT Jump Shot (24 PTS) (Iguodala 4 AST),Made Shot,Jump Shot,0,264,21300474,1660,7.0,made_fg(24),3,-1,likely_open,subType: open-like
304,PT08M06.00S,3,1610612744,GSW,201939,Curry,S. Curry,-169,168,24,Missed,1,0.0,0.0,0,v,MISS Curry 24' 3PT Jump Shot,Missed Shot,Jump Shot,0,268,21300474,1674,16.0,final_ft(24),3,-1,likely_open,subType: open-like
330,PT05M15.00S,3,1610612744,GSW,201939,Curry,S. Curry,217,143,26,Missed,1,0.0,0.0,0,v,MISS Curry 26' 3PT Jump Shot,Missed Shot,Jump Shot,0,291,21300474,1845,0.0,made_fg(24),3,0,likely_open,"subType: open-like, clock: late (<=5s)"
349,PT03M27.00S,3,1610612744,GSW,201939,Curry,S. Curry,236,52,24,Made,1,76.0,91.0,167,v,Curry 24' 3PT Jump Shot (27 PTS) (Thompson 3 AST),Made Shot,Jump Shot,0,311,21300474,1953,,stale_reset(24),3,-1,likely_open,subType: open-like
358,PT02M54.00S,3,1610612744,GSW,201939,Curry,S. Curry,94,9,9,Missed,1,0.0,0.0,0,v,MISS Curry 9' Driving Hook Shot,Missed Shot,Driving Hook Shot,0,317,21300474,1986,9.0,final_ft(24),2,3,likely_contested,"subType: contested-like, distance: mid-range"
382,PT00M47.90S,3,1610612744,GSW,201939,Curry,S. Curry,-232,39,24,Missed,1,0.0,0.0,0,v,MISS Curry 24' 3PT Jump Shot,Missed Shot,Jump Shot,0,338,21300474,2113,10.0,made_fg(24),3,-2,likely_open,"subType: open-like, coords: corner-3, corner: catch/spot"
397,PT00M00.20S,3,1610612744,GSW,201939,Curry,S. Curry,54,291,30,Missed,1,0.0,0.0,0,v,MISS Curry 30' 3PT Jump Shot,Missed Shot,Jump Shot,0,350,21300474,2160,22.0,keep_clock(23),3,-2,likely_open,"subType: open-like, distance: deep above-break 3 (>=27ft)"
418,PT09M58.00S,4,1610612744,GSW,201939,Curry,S. Curry,28,291,29,Missed,1,0.0,0.0,0,v,MISS Curry 29' 3PT Jump Shot,Missed Shot,Jump Shot,0,369,21300474,2282,6.0,off_foul(24),3,-2,likely_open,"subType: open-like, distance: deep above-break 3 (>=27ft)"
458,PT06M21.00S,4,1610612744,GSW,201939,Curry,S. Curry,6,3,1,Made,1,99.0,109.0,208,v,Curry 1' Layup (30 PTS) (Lee 3 AST),Made Shot,Layup Shot,0,403,21300474,2499,10.0,def_reb(24),2,1,borderline,distance: at-rim/very close
468,PT05M36.00S,4,1610612744,GSW,201939,Curry,S. Curry,34,189,19,Made,1,102.0,111.0,213,v,Curry 19' Jump Shot (32 PTS),Made Shot,Jump Shot,0,411,21300474,2544,19.0,def_reb(24),2,-1,likely_open,subType: open-like
480,PT03M32.00S,4,1610612744,GSW,201939,Curry,S. Curry,-131,211,25,Missed,1,0.0,0.0,0,v,MISS Curry 25' 3PT Jump Shot,Missed Shot,Jump Shot,0,423,21300474,2668,19.0,turnover(24),3,-1,likely_open,subType: open-like
489,PT02M57.00S,4,1610612744,GSW,201939,Curry,S. Curry,-207,127,24,Made,1,107.0,116.0,223,v,Curry 24' 3PT Jump Shot (35 PTS) (Thompson 4 AST),Made Shot,Jump Shot,0,431,21300474,2703,6.0,def_reb(24),3,-1,likely_open,subType: open-like
30,PT07M28.00S,1,1610612744,GSW,201939,Curry,S. Curry,125,91,15,Made,1,11.0,14.0,25,v,Curry 15' Running Jump Shot (2 PTS) (Lee 1 AST),Made Shot,Running Jump Shot,0,29,21300483,272,20.0,def_reb(24),2,0,likely_open,"subType: open-like, distance: mid-range"
50,PT06M02.00S,1,1610612744,GSW,201939,Curry,S. Curry,207,148,25,Missed,1,0.0,0.0,0,v,MISS Curry 25' 3PT Jump Shot,Missed Shot,Jump Shot,0,49,21300483,358,5.0,off_reb(14),3,0,likely_open,"subType: open-like, clock: late (<=5s)"
187,PT05M22.00S,2,1610612744,GSW,201939,Curry,S. Curry,218,126,25,Missed,1,0.0,0.0,0,v,MISS Curry 25' 3PT Jump Shot,Missed Shot,Jump Shot,0,184,21300483,1118,7.0,def_reb(24),3,-1,likely_open,subType: open-like
197,PT04M14.00S,2,1610612744,GSW,201939,Curry,S. Curry,69,175,19,Missed,1,0.0,0.0,0,v,MISS Curry 19' Turnaround Jump Shot,Missed Shot,Turnaround Jump Shot,0,194,21300483,1186,19.0,def_reb(24),2,0,likely_open,
209,PT03M23.00S,2,1610612744,GSW,201939,Curry,S. Curry,0,53,5,Made,1,36.0,39.0,75,v,Curry 5' Running Jump Shot (5 PTS),Made Shot,Running Jump Shot,0,207,21300483,1237,22.0,def_reb(24),2,0,likely_open,"subType: open-like, distance: at-rim/very close"
255,PT00M00.90S,2,1610612744,GSW,201939,Curry,S. Curry,234,6,0,Missed,1,0.0,0.0,0,v,MISS Curry  3PT Jump Shot,Missed Shot,Jump Shot,0,245,21300483,1440,14.0,def_reb(24),3,-1,likely_open,"subType: open-like, distance: at-rim/very close, coords: corner-3, corner: catch/spot"
391,PT10M32.00S,4,1610612744,GSW,201939,Curry,S. Curry,-89,252,27,Missed,1,0.0,0.0,0,v,MISS Curry 27' 3PT Jump Shot,Missed Shot,Jump Shot,0,376,21300483,2248,14.0,made_fg(24),3,-2,likely_open,"subType: open-like, distance: deep above-break 3 (>=27ft)"
397,PT09M52.00S,4,1610612744,GSW,201939,Curry,S. Curry,-73,1,7,Missed,1,0.0,0.0,0,v,MISS Curry 7' Driving Jump Shot,Missed Shot,Driving Jump shot,0,381,21300483,2288,11.0,made_fg(24),2,0,likely_open,
399,PT09M46.00S,4,1610612744,GSW,201939,Curry,S. Curry,192,101,22,Made,1,78.0,68.0,146,v,Curry 22' Jump Shot (10 PTS) (Barnes 2 AST),Made Shot,Jump Shot,0,383,21300483,2294,10.0,off_reb(14),2,-1,likely_open,subType: open-like
450,PT06M10.00S,4,1610612744,GSW,201939,Curry,S. Curry,-10,0,1,Made,1,91.0,80.0,171,v,Curry 1' Running Layup (15 PTS),Made Shot,Running Layup Shot,0,422,21300483,2510,19.0,def_reb(24),2,3,likely_contested,"subType: contested-like, distance: at-rim/very close"
474,PT05M05.00S,4,1610612744,GSW,201939,Curry,S. Curry,122,219,25,Made,1,93.0,87.0,180,v,Curry 25' 3PT Jump Shot (18 PTS),Made Shot,Jump Shot,0,439,21300483,2575,16.0,final_ft(24),3,-1,likely_open,subType: open-like
496,PT03M18.00S,4,1610612744,GSW,201939,Curry,S. Curry,28,247,25,Missed,1,0.0,0.0,0,v,MISS Curry 25' 3PT Jump Shot,Missed Shot,Jump Shot,0,459,21300483,2682,17.0,def_reb(24),3,-1,likely_open,subType: open-like
508,PT02M12.00S,4,1610612744,GSW,201939,Curry,S. Curry,9,0,1,Made,1,95.0,96.0,191,v,Curry 1' Running Layup (20 PTS) (Thompson 6 AST),Made Shot,Running Layup Shot,0,470,21300483,2748,19.0,turnover(24),2,3,likely_contested,"subType: contested-like, distance: at-rim/very close"
520,PT01M08.00S,4,1610612744,GSW,201939,Curry,S. Curry,23,271,27,Missed,1,0.0,0.0,0,v,MISS Curry 27' 3PT Jump Shot,Missed Shot,Jump Shot,0,478,21300483,2812,2.0,made_fg(24),3,-1,likely_open,"subType: open-like, distance: deep above-break 3 (>=27ft), clock: late (<=5s)"
534,PT00M29.30S,4,1610612744,GSW,201939,Curry,S. Curry,-38,26,5,Made,1,100.0,98.0,198,v,Curry 5' Driving Jump Shot (22 PTS) (Iguodala 5 AST),Made Shot,Driving Jump shot,0,492,21300483,2851,22.0,def_reb(24),2,1,borderline,distance: at-rim/very close
29,PT08M13.00S,1,1610612744,GSW,201939,Curry,S. Curry,34,268,27,Missed,1,0.0,0.0,0,v,MISS Curry 27' 3PT Jump Shot,Missed Shot,Jump Shot,0,30,21300501,227,14.0,made_fg(24),3,-2,likely_open,"subType: open-like, distance: deep above-break 3 (>=27ft)"
34,PT07M10.00S,1,1610612744,GSW,201939,Curry,S. Curry,-62,28,7,Made,1,11.0,13.0,24,v,Curry 7' Running Bank Shot (2 PTS),Made Shot,Running Bank shot,0,36,21300501,290,16.0,made_fg(24),2,0,likely_open,
42,PT06M14.00S,1,1610612744,GSW,201939,Curry,S. Curry,171,12,17,Missed,1,0.0,0.0,0,v,MISS Curry 17' Jump Shot,Missed Shot,Jump Shot,0,45,21300501,346,2.0,off_reb(14),2,0,likely_open,"subType: open-like, clock: late (<=5s)"
47,PT05M41.00S,1,1610612744,GSW,201939,Curry,S. Curry,-10,0,1,Made,1,16.0,17.0,33,v,Curry 1' Reverse Layup (4 PTS) (Bogut 1 AST),Made Shot,Reverse Layup Shot,0,49,21300501,379,11.0,made_fg(24),2,3,likely_contested,"subType: contested-like, distance: at-rim/very close"
49,PT05M16.00S,1,1610612744,GSW,201939,Curry,S. Curry,42,14,4,Missed,1,0.0,0.0,0,v,MISS Curry 4' Jump Shot,Missed Shot,Jump Shot,0,51,21300501,404,14.0,made_fg(24),2,0,likely_open,"subType: open-like, distance: at-rim/very close"
66,PT03M22.00S,1,1610612744,GSW,201939,Curry,S. Curry,211,142,25,Missed,1,0.0,0.0,0,v,MISS Curry 25' 3PT Jump Shot,Missed Shot,Jump Shot,0,67,21300501,518,7.0,def_reb(24),3,-1,likely_open,subType: open-like
132,PT09M40.00S,2,1610612744,GSW,201939,Curry,S. Curry,15,17,2,Missed,1,0.0,0.0,0,v,MISS Curry 2' Layup,Missed Shot,Layup Shot,0,121,21300501,860,15.0,def_reb(24),2,1,borderline,distance: at-rim/very close
234,PT02M24.00S,2,1610612744,GSW,201939,Curry,S. Curry,-78,137,16,Missed,1,0.0,0.0,0,v,MISS Curry 16' Jump Shot,Missed Shot,Jump Shot,0,205,21300501,1296,17.0,made_fg(24),2,0,likely_open,"subType: open-like, distance: mid-range"
257,PT00M33.90S,2,1610612744,GSW,201939,Curry,S. Curry,163,146,22,Missed,1,0.0,0.0,0,v,MISS Curry 22' Jump Shot,Missed Shot,Jump Shot,0,225,21300501,1407,16.0,def_reb(24),2,-1,likely_open,subType: open-like
286,PT09M59.00S,3,1610612744,GSW,201939,Curry,S. Curry,4,4,1,Made,1,58.0,64.0,122,v,Curry 1' Running Layup (7 PTS),Made Shot,Running Layup Shot,0,248,21300501,1561,19.0,def_reb(24),2,3,likely_contested,"subType: contested-like, distance: at-rim/very close"
289,PT09M32.00S,3,1610612744,GSW,201939,Curry,S. Curry,127,244,28,Missed,1,0.0,0.0,0,v,MISS Curry 28' 3PT Jump Shot,Missed Shot,Jump Shot,0,251,21300501,1588,18.0,def_reb(24),3,-2,likely_open,"subType: open-like, distance: deep above-break 3 (>=27ft)"
315,PT06M16.00S,3,1610612744,GSW,201939,Curry,S. Curry,65,206,22,Missed,1,0.0,0.0,0,v,MISS Curry 22' Jump Shot,Missed Shot,Jump Shot,0,275,21300501,1784,3.0,def_foul_14(14),2,0,likely_open,"subType: open-like, clock: late (<=5s)"
323,PT05M45.00S,3,1610612744,GSW,201939,Curry,S. Curry,-4,-5,1,Made,1,61.0,75.0,136,v,Curry 1' Driving Finger Roll Layup (9 PTS),Made Shot,Driving Finger Roll Layup Shot,0,281,21300501,1815,4.0,def_reb(24),2,2,likely_contested,"distance: at-rim/very close, clock: late (<=5s)"
349,PT04M04.00S,3,1610612744,GSW,201939,Curry,S. Curry,-150,220,27,Made,1,63.0,84.0,147,v,Curry 27' 3PT Jump Shot (12 PTS) (Barnes 2 AST),Made Shot,Jump Shot,0,305,21300501,1916,16.0,def_reb(24),3,-2,likely_open,"subType: open-like, distance: deep above-break 3 (>=27ft)"
376,PT00M32.90S,3,1610612744,GSW,201939,Curry,S. Curry,-46,4,5,Missed,1,0.0,0.0,0,v,MISS Curry 5' Jump Shot,Missed Shot,Jump Shot,0,328,21300501,2128,17.0,made_fg(24),2,0,likely_open,"subType: open-like, distance: at-rim/very close"
385,PT00M01.20S,3,1610612744,GSW,201939,Curry,S. Curry,-134,250,28,Missed,1,0.0,0.0,0,v,MISS Curry 28' 3PT Jump Shot,Missed Shot,Jump Shot,0,336,21300501,2159,15.0,keep_clock(19),3,-2,likely_open,"subType: open-like, distance: deep above-break 3 (>=27ft)"
441,PT07M34.00S,4,1610612744,GSW,201939,Curry,S. Curry,-15,11,2,Missed,1,0.0,0.0,0,v,MISS Curry 2' Layup,Missed Shot,Layup Shot,0,388,21300501,2426,14.0,turnover(24),2,1,borderline,distance: at-rim/very close
17,PT09M38.00S,1,1610612744,GSW,201939,Curry,S. Curry,206,146,25,Missed,1,0.0,0.0,0,v,MISS Curry 25' 3PT Jump Shot,Missed Shot,Jump Shot,0,19,21300515,142,20.0,def_reb(24),3,-1,likely_open,subType: open-like
40,PT06M28.00S,1,1610612744,GSW,201939,Curry,S. Curry,133,104,17,Missed,1,0.0,0.0,0,v,MISS Curry 17' Jump Shot,Missed Shot,Jump Shot,0,39,21300515,332,15.0,def_reb(24),2,-1,likely_open,subType: open-like
53,PT05M21.00S,1,1610612744,GSW,201939,Curry,S. Curry,103,37,11,Made,1,13.0,15.0,28,v,Curry 11' Jump Bank Shot (2 PTS),Made Shot,Jump Bank Shot,0,50,21300515,399,8.0,def_reb(24),2,3,likely_contested,"subType: contested-like, distance: mid-range"
81,PT02M49.00S,1,1610612744,GSW,201939,Curry,S. Curry,217,137,26,Missed,1,0.0,0.0,0,v,MISS Curry 26' 3PT Jump Shot,Missed Shot,Jump Shot,0,80,21300515,551,19.0,def_reb(24),3,-1,likely_open,subType: open-like
90,PT01M32.00S,1,1610612744,GSW,201939,Curry,S. Curry,-134,220,26,Made,1,27.0,26.0,53,v,Curry 26' 3PT Jump Shot (7 PTS),Made Shot,Jump Shot,0,88,21300515,628,14.0,made_fg(24),3,-1,likely_open,subType: open-like
212,PT03M19.00S,2,1610612744,GSW,201939,Curry,S. Curry,-128,236,27,Missed,1,0.0,0.0,0,v,MISS Curry 27' 3PT Jump Shot,Missed Shot,Jump Shot,0,186,21300515,1241,7.0,def_foul_14(14),3,-2,likely_open,"subType: open-like, distance: deep above-break 3 (>=27ft)"
226,PT02M45.00S,2,1610612744,GSW,201939,Curry,S. Curry,-243,39,25,Missed,1,0.0,0.0,0,v,MISS Curry 25' 3PT Jump Shot,Missed Shot,Jump Shot,0,195,21300515,1275,12.0,final_ft(24),3,-2,likely_open,"subType: open-like, coords: corner-3, corner: catch/spot"
254,PT00M00.20S,2,1610612744,GSW,201939,Curry,S. Curry,50,383,39,Missed,1,0.0,0.0,0,v,MISS Curry 39' 3PT Jump Shot,Missed Shot,Jump Shot,0,222,21300515,1440,20.0,turnover(24),3,-2,likely_open,"subType: open-like, distance: deep above-break 3 (>=27ft)"
267,PT10M43.00S,3,1610612744,GSW,201939,Curry,S. Curry,-180,-2,18,Made,1,48.0,54.0,102,v,Curry 18' Jump Shot (9 PTS),Made Shot,Jump Shot,0,234,21300515,1517,19.0,def_reb(24),2,-1,likely_open,subType: open-like
288,PT08M44.00S,3,1610612744,GSW,201939,Curry,S. Curry,89,246,26,Missed,1,0.0,0.0,0,v,MISS Curry 26' 3PT Jump Shot,Missed Shot,Jump Shot,0,252,21300515,1636,19.0,def_reb(24),3,-1,likely_open,subType: open-like
299,PT07M03.00S,3,1610612744,GSW,201939,Curry,S. Curry,-250,28,25,Made,1,55.0,66.0,121,v,Curry 25' 3PT Jump Shot (13 PTS) (Bogut 3 AST),Made Shot,Jump Shot,0,263,21300515,1737,14.0,def_reb(24),3,-2,likely_open,"subType: open-like, coords: corner-3, corner: catch/spot"
302,PT06M34.00S,3,1610612744,GSW,201939,Curry,S. Curry,228,-2,0,Missed,1,0.0,0.0,0,v,MISS Curry  3PT Jump Shot,Missed Shot,Jump Shot,0,266,21300515,1766,10.0,def_reb(24),3,-1,likely_open,"subType: open-like, distance: at-rim/very close, coords: corner-3, corner: catch/spot"
340,PT03M26.00S,3,1610612744,GSW,201939,Curry,S. Curry,-15,-2,2,Missed,1,0.0,0.0,0,v,MISS Curry 2' Layup,Missed Shot,Layup Shot,0,299,21300515,1954,10.0,made_fg(24),2,1,borderline,distance: at-rim/very close
348,PT02M42.00S,3,1610612744,GSW,201939,Curry,S. Curry,-19,0,2,Made,1,60.0,79.0,139,v,Curry 2' Layup (15 PTS),Made Shot,Layup Shot,0,307,21300515,1998,11.0,off_reb(14),2,1,borderline,distance: at-rim/very close
358,PT01M52.00S,3,1610612744,GSW,201939,Curry,S. Curry,110,227,25,Missed,1,0.0,0.0,0,v,MISS Curry 25' 3PT Jump Shot,Missed Shot,Jump Shot,0,315,21300515,2048,1.0,made_fg(24),3,0,likely_open,"subType: open-like, clock: late (<=5s)"
361,PT01M32.00S,3,1610612744,GSW,201939,Curry,S. Curry,-13,-2,1,Missed,1,0.0,0.0,0,v,MISS Curry 1' Layup,Missed Shot,Layup Shot,0,319,21300515,2068,17.0,turnover(24),2,1,borderline,distance: at-rim/very close
467,PT04M42.00S,4,1610612744,GSW,201939,Curry,S. Curry,-32,187,19,Missed,1,0.0,0.0,0,v,MISS Curry 19' Jump Shot,Missed Shot,Jump Shot,0,418,21300515,2598,3.0,def_reb(24),2,0,likely_open,"subType: open-like, clock: late (<=5s)"
487,PT02M20.00S,4,1610612744,GSW,201939,Curry,S. Curry,-246,-14,25,Missed,1,0.0,0.0,0,v,MISS Curry 25' 3PT Jump Shot,Missed Shot,Jump Shot,0,437,21300515,2740,1.0,def_reb(24),3,-1,likely_open,"subType: open-like, coords: corner-3, corner: catch/spot, clock: late (<=5s)"
14,PT09M22.00S,1,1610612744,GSW,201939,Curry,S. Curry,-15,4,2,Made,1,6.0,6.0,12,v,Curry 2' Reverse Layup (2 PTS),Made Shot,Reverse Layup Shot,0,16,21300523,158,15.0,made_fg(24),2,3,likely_contested,"subType: contested-like, distance: at-rim/very close"
22,PT08M24.00S,1,1610612744,GSW,201939,Curry,S. Curry,-67,265,27,Made,1,6.0,9.0,15,v,Curry 27' 3PT Jump Shot (5 PTS),Made Shot,Jump Shot,0,23,21300523,216,18.0,def_reb(24),3,-2,likely_open,"subType: open-like, distance: deep above-break 3 (>=27ft)"
58,PT04M22.00S,1,1610612744,GSW,201939,Curry,S. Curry,-224,42,0,Made,1,12.0,25.0,37,v,Curry  3PT Jump Shot (8 PTS) (Iguodala 3 AST),Made Shot,Jump Shot,0,60,21300523,458,20.0,def_reb(24),3,-1,likely_open,"subType: open-like, distance: at-rim/very close, coords: corner-3, corner: catch/spot"
65,PT03M47.00S,1,1610612744,GSW,201939,Curry,S. Curry,12,153,15,Missed,1,0.0,0.0,0,v,MISS Curry 15' Step Back Jump Shot,Missed Shot,Step Back Jump shot,0,67,21300523,493,12.0,def_reb(24),2,4,likely_contested,"subType: contested-like, text: pressure-move, distance: mid-range"
97,PT00M00.70S,1,1610612744,GSW,201939,Curry,S. Curry,100,452,46,Missed,1,0.0,0.0,0,v,MISS Curry 46' 3PT Jump Shot,Missed Shot,Jump Shot,0,100,21300523,720,22.0,made_fg(24),3,-2,likely_open,"subType: open-like, distance: deep above-break 3 (>=27ft)"
172,PT04M40.00S,2,1610612744,GSW,201939,Curry,S. Curry,-136,214,25,Missed,1,0.0,0.0,0,v,MISS Curry 25' 3PT Jump Shot,Missed Shot,Jump Shot,0,169,21300523,1160,14.0,made_fg(24),3,-1,likely_open,subType: open-like
177,PT04M22.00S,2,1610612744,GSW,201939,Curry,S. Curry,-23,15,3,Made,1,42.0,46.0,88,v,Curry 3' Layup (10 PTS),Made Shot,Layup Shot,0,175,21300523,1178,18.0,turnover(24),2,1,borderline,distance: at-rim/very close
182,PT03M13.00S,2,1610612744,GSW,201939,Curry,S. Curry,-54,249,25,Missed,1,0.0,0.0,0,v,MISS Curry 25' 3PT Jump Shot,Missed Shot,Jump Shot,0,181,21300523,1247,15.0,made_fg(24),3,-1,likely_open,subType: open-like
219,PT01M31.00S,2,1610612744,GSW,201939,Curry,S. Curry,28,209,21,Missed,1,0.0,0.0,0,v,MISS Curry 21' Jump Shot,Missed Shot,Jump Shot,0,209,21300523,1349,14.0,final_ft(24),2,-1,likely_open,subType: open-like
226,PT00M45.90S,2,1610612744,GSW,201939,Curry,S. Curry,118,153,19,Missed,1,0.0,0.0,0,v,MISS Curry 19' Turnaround Jump Shot,Missed Shot,Turnaround Jump Shot,0,216,21300523,1395,17.0,def_reb(24),2,0,likely_open,
242,PT10M49.00S,3,1610612744,GSW,201939,Curry,S. Curry,-5,31,3,Made,1,61.0,56.0,117,v,Curry 3' Finger Roll Layup (14 PTS),Made Shot,Finger Roll Layup Shot,0,232,21300523,1511,8.0,def_foul_14(14),2,1,borderline,distance: at-rim/very close
265,PT08M27.00S,3,1610612744,GSW,201939,Curry,S. Curry,-158,7,16,Missed,1,0.0,0.0,0,v,MISS Curry 16' Jump Shot,Missed Shot,Jump Shot,0,254,21300523,1653,,stale_reset(14),2,0,likely_open,"subType: open-like, distance: mid-range"
296,PT05M31.00S,3,1610612744,GSW,201939,Curry,S. Curry,-105,236,26,Missed,1,0.0,0.0,0,v,MISS Curry 26' 3PT Jump Shot,Missed Shot,Jump Shot,0,283,21300523,1829,13.0,final_ft(24),3,-1,likely_open,subType: open-like
358,PT01M22.00S,3,1610612744,GSW,201939,Curry,S. Curry,-41,58,7,Made,1,74.0,72.0,146,v,Curry 7' Floating Jump Shot (18 PTS),Made Shot,Floating Jump shot,0,332,21300523,2078,12.0,final_ft(24),2,2,likely_contested,subType: contested-like
374,PT00M02.90S,3,1610612744,GSW,201939,Curry,S. Curry,-41,242,25,Missed,1,0.0,0.0,0,v,MISS Curry 25' 3PT Jump Shot,Missed Shot,Jump Shot,0,346,21300523,2158,13.0,turnover(24),3,-1,likely_open,subType: open-like
385,PT10M54.00S,4,1610612744,GSW,201939,Curry,S. Curry,1,28,3,Made,1,80.0,80.0,160,v,Curry 3' Finger Roll Layup (21 PTS),Made Shot,Finger Roll Layup Shot,0,355,21300523,2226,9.0,made_fg(24),2,1,borderline,distance: at-rim/very close
387,PT10M22.00S,4,1610612744,GSW,201939,Curry,S. Curry,13,255,26,Missed,1,0.0,0.0,0,v,MISS Curry 26' 3PT Jump Shot,Missed Shot,Jump Shot,0,357,21300523,2258,15.0,turnover(24),3,-1,likely_open,subType: open-like
392,PT09M25.00S,4,1610612744,GSW,201939,Curry,S. Curry,-23,12,3,Missed,1,0.0,0.0,0,v,MISS Curry 3' Layup,Missed Shot,Layup Shot,0,362,21300523,2315,8.0,made_fg(24),2,1,borderline,distance: at-rim/very close
417,PT07M18.00S,4,1610612744,GSW,201939,Curry,S. Curry,-106,175,20,Made,1,86.0,86.0,172,v,Curry 20' Jump Shot (25 PTS),Made Shot,Jump Shot,0,384,21300523,2442,8.0,made_fg(24),2,-1,likely_open,subType: open-like
424,PT06M48.00S,4,1610612744,GSW,201939,Curry,S. Curry,-23,3,2,Made,1,87.0,88.0,175,v,Curry 2' Driving Layup (27 PTS),Made Shot,Driving Layup Shot,0,389,21300523,2472,9.0,def_reb(24),2,3,likely_contested,"subType: contested-like, distance: at-rim/very close"
427,PT06M22.00S,4,1610612744,GSW,201939,Curry,S. Curry,48,183,19,Missed,1,0.0,0.0,0,v,MISS Curry 19' Jump Shot,Missed Shot,Jump Shot,0,392,21300523,2498,13.0,def_reb(24),2,-1,likely_open,subType: open-like
444,PT05M11.00S,4,1610612744,GSW,201939,Curry,S. Curry,64,44,8,Made,1,89.0,90.0,179,v,Curry 8' Floating Jump Shot (29 PTS),Made Shot,Floating Jump shot,0,408,21300523,2569,6.0,def_reb(24),2,3,likely_contested,"subType: contested-like, distance: mid-range"
463,PT02M45.00S,4,1610612744,GSW,201939,Curry,S. Curry,108,224,25,Missed,1,0.0,0.0,0,v,MISS Curry 25' 3PT Jump Shot,Missed Shot,Jump Shot,0,428,21300523,2715,7.0,def_reb(24),3,-1,likely_open,subType: open-like
531,PT00M05.80S,4,1610612744,GSW,201939,Curry,S. Curry,-112,200,23,Made,1,100.0,98.0,198,v,Curry 23' Jump Shot (34 PTS),Made Shot,Jump Shot,0,482,21300523,2875,21.0,keep_clock(24),2,-1,likely_open,subType: open-like
538,PT00M02.50S,4,1610612744,GSW,201939,Curry,S. Curry,165,247,30,Missed,1,0.0,0.0,0,v,MISS Curry 30' 3PT Jump Shot,Missed Shot,Jump Shot,0,487,21300523,2878,21.0,final_ft(24),3,-2,likely_open,"subType: open-like, distance: deep above-break 3 (>=27ft)"
10,PT10M24.00S,1,1610612744,GSW,201939,Curry,S. Curry,2,17,2,Made,1,6.0,2.0,8,h,Curry 2' Driving Finger Roll Layup (2 PTS),Made Shot,Driving Finger Roll Layup Shot,0,11,21300541,96,16.0,def_reb(24),2,1,borderline,distance: at-rim/very close
14,PT09M45.00S,1,1610612744,GSW,201939,Curry,S. Curry,26,96,10,Missed,1,0.0,0.0,0,h,MISS Curry 10' Jump Shot,Missed Shot,Jump Shot,0,14,21300541,135,0.0,off_foul(24),2,1,borderline,"subType: open-like, distance: mid-range, clock: late (<=5s)"
20,PT09M10.00S,1,1610612744,GSW,201939,Curry,S. Curry,-11,7,1,Made,1,10.0,2.0,12,h,Curry 1' Slam Dunk (4 PTS) (Lee 1 AST),Made Shot,Slam Dunk Shot,0,21,21300541,170,20.0,turnover(24),2,1,borderline,distance: at-rim/very close
131,PT09M38.00S,2,1610612744,GSW,201939,Curry,S. Curry,-127,153,20,Made,1,28.0,28.0,56,h,Curry 20' Pullup Jump Shot (6 PTS) (Iguodala 2 AST),Made Shot,Pullup Jump shot,0,127,21300541,862,7.0,def_foul_14(14),2,3,likely_contested,"subType: contested-like, text: pressure-move"
144,PT08M23.00S,2,1610612744,GSW,201939,Curry,S. Curry,-26,28,4,Missed,1,0.0,0.0,0,h,MISS Curry 4' Jump Shot,Missed Shot,Jump Shot,0,141,21300541,937,8.0,made_fg(24),2,0,likely_open,"subType: open-like, distance: at-rim/very close"
172,PT06M08.00S,2,1610612744,GSW,201939,Curry,S. Curry,9,14,2,Missed,1,0.0,0.0,0,h,MISS Curry 2' Driving Finger Roll Layup,Missed Shot,Driving Finger Roll Layup Shot,0,171,21300541,1072,,stale_reset(14),2,1,borderline,distance: at-rim/very close
228,PT00M39.90S,2,1610612744,GSW,201939,Curry,S. Curry,204,154,26,Missed,1,0.0,0.0,0,h,MISS Curry 26' 3PT Jump Shot,Missed Shot,Jump Shot,0,222,21300541,1401,11.0,off_reb(14),3,-1,likely_open,subType: open-like
248,PT10M49.00S,3,1610612744,GSW,201939,Curry,S. Curry,24,282,28,Made,1,52.0,51.0,103,h,Curry 28' 3PT Pullup Jump Shot (10 PTS),Made Shot,Pullup Jump shot,0,240,21300541,1511,18.0,def_reb(24),3,2,likely_contested,"subType: contested-like, text: pressure-move, distance: deep above-break 3 (>=27ft)"
253,PT10M06.00S,3,1610612744,GSW,201939,Curry,S. Curry,236,83,25,Missed,1,0.0,0.0,0,h,MISS Curry 25' 3PT Jump Shot,Missed Shot,Jump Shot,0,245,21300541,1554,10.0,off_reb(14),3,-1,likely_open,subType: open-like
266,PT09M03.00S,3,1610612744,GSW,201939,Curry,S. Curry,-231,4,0,Made,1,57.0,56.0,113,h,Curry  3PT Step Back Jump Shot (13 PTS) (Iguodala 5 AST),Made Shot,Step Back Jump shot,0,255,21300541,1617,7.0,def_reb(24),3,4,likely_contested,"subType: contested-like, text: pressure-move, distance: at-rim/very close, coords: corner-3"
301,PT05M33.00S,3,1610612744,GSW,201939,Curry,S. Curry,2,14,1,Missed,1,0.0,0.0,0,h,MISS Curry 1' Finger Roll Layup,Missed Shot,Finger Roll Layup Shot,0,289,21300541,1827,5.0,made_fg(24),2,2,likely_contested,"distance: at-rim/very close, clock: late (<=5s)"
386,PT10M53.00S,4,1610612744,GSW,201939,Curry,S. Curry,62,272,28,Made,1,79.0,69.0,148,h,Curry 28' 3PT Pullup Jump Shot (16 PTS),Made Shot,Pullup Jump shot,0,363,21300541,2227,19.0,def_reb(24),3,2,likely_contested,"subType: contested-like, text: pressure-move, distance: deep above-break 3 (>=27ft)"
422,PT07M15.00S,4,1610612744,GSW,201939,Curry,S. Curry,-182,203,27,Missed,1,0.0,0.0,0,h,MISS Curry 27' 3PT Jump Shot,Missed Shot,Jump Shot,0,396,21300541,2445,17.0,def_reb(24),3,-2,likely_open,"subType: open-like, distance: deep above-break 3 (>=27ft)"
424,PT07M07.00S,4,1610612744,GSW,201939,Curry,S. Curry,-150,209,26,Missed,1,0.0,0.0,0,h,MISS Curry 26' 3PT Jump Shot,Missed Shot,Jump Shot,0,400,21300541,2453,19.0,turnover(24),3,-1,likely_open,subType: open-like
442,PT05M44.00S,4,1610612744,GSW,201939,Curry,S. Curry,18,167,17,Missed,1,0.0,0.0,0,h,MISS Curry 17' Jump Shot,Missed Shot,Jump Shot,0,416,21300541,2536,20.0,def_reb(24),2,-1,likely_open,subType: open-like
486,PT01M51.00S,4,1610612744,GSW,201939,Curry,S. Curry,233,7,0,Missed,1,0.0,0.0,0,h,MISS Curry  3PT Pullup Jump Shot,Missed Shot,Pullup Jump shot,0,458,21300541,2769,2.0,made_fg(24),3,5,likely_contested,"subType: contested-like, text: pressure-move, distance: at-rim/very close, coords: corner-3, clock: late (<=5s)"
502,PT00M28.90S,4,1610612744,GSW,201939,Curry,S. Curry,-185,30,19,Missed,1,0.0,0.0,0,h,MISS Curry 19' Pullup Jump Shot,Missed Shot,Pullup Jump shot,0,472,21300541,2852,11.0,turnover(24),2,3,likely_contested,"subType: contested-like, text: pressure-move"
525,PT00M03.80S,4,1610612744,GSW,201939,Curry,S. Curry,-86,213,23,Made,1,99.0,97.0,196,h,Curry 23' Pullup Jump Shot (19 PTS),Made Shot,Pullup Jump shot,0,491,21300541,2877,16.0,made_fg(24),2,3,likely_contested,"subType: contested-like, text: pressure-move"
58,PT05M35.00S,1,1610612744,GSW,201939,Curry,S. Curry,177,189,26,Missed,1,,,0,h,MISS Curry 26' 3PT Jump Shot,Missed Shot,Jump Shot,0,50,21300576,385,11.0,off_reb(14),3,-1,likely_open,subType: open-like
67,PT04M27.00S,1,1610612744,GSW,201939,Curry,S. Curry,15,22,3,Made,1,23.0,19.0,42,h,Curry 3' Driving Layup (2 PTS),Made Shot,Driving Layup Shot,0,60,21300576,453,22.0,def_reb(24),2,3,likely_contested,"subType: contested-like, distance: at-rim/very close"
81,PT03M35.00S,1,1610612744,GSW,201939,Curry,S. Curry,48,241,25,Made,1,28.0,22.0,50,h,Curry 25' 3PT Jump Shot (5 PTS),Made Shot,Jump Shot,0,70,21300576,505,12.0,def_reb(24),3,-1,likely_open,subType: open-like
144,PT09M57.00S,2,1610612744,GSW,201939,Curry,S. Curry,129,176,22,Made,1,36.0,39.0,75,h,Curry 22' Step Back Jump Shot (7 PTS),Made Shot,Step Back Jump shot,0,127,21300576,843,14.0,made_fg(24),2,3,likely_contested,"subType: contested-like, text: pressure-move"
156,PT08M41.00S,2,1610612744,GSW,201939,Curry,S. Curry,122,227,26,Missed,1,,,0,h,MISS Curry 26' 3PT Step Back Jump Shot,Missed Shot,Step Back Jump shot,0,138,21300576,919,17.0,turnover(24),3,3,likely_contested,"subType: contested-like, text: pressure-move"
212,PT04M03.00S,2,1610612744,GSW,201939,Curry,S. Curry,-51,266,27,Missed,1,,,0,h,MISS Curry 27' 3PT Pullup Jump Shot,Missed Shot,Pullup Jump shot,0,190,21300576,1197,20.0,def_reb(24),3,2,likely_contested,"subType: contested-like, text: pressure-move, distance: deep above-break 3 (>=27ft)"
283,PT09M37.00S,3,1610612744,GSW,201939,Curry,S. Curry,-87,183,20,Missed,1,,,0,h,MISS Curry 20' Jump Shot,Missed Shot,Jump Shot,0,253,21300576,1583,1.0,def_reb(24),2,0,likely_open,"subType: open-like, clock: late (<=5s)"
306,PT07M47.00S,3,1610612744,GSW,201939,Curry,S. Curry,10,104,10,Made,1,64.0,67.0,131,h,Curry 10' Jump Shot (9 PTS) (Iguodala 4 AST),Made Shot,Jump Shot,0,274,21300576,1693,17.0,def_reb(24),2,0,likely_open,"subType: open-like, distance: mid-range"
346,PT05M45.00S,3,1610612744,GSW,201939,Curry,S. Curry,23,132,13,Missed,1,,,0,h,MISS Curry 13' Floating Jump Shot,Missed Shot,Floating Jump shot,0,302,21300576,1815,12.0,def_reb(24),2,3,likely_contested,"subType: contested-like, distance: mid-range"
362,PT04M20.00S,3,1610612744,GSW,201939,Curry,S. Curry,28,261,26,Made,1,76.0,78.0,154,h,Curry 26' 3PT Jump Shot (14 PTS),Made Shot,Jump Shot,0,319,21300576,1900,4.0,made_fg(24),3,0,likely_open,"subType: open-like, clock: late (<=5s)"
406,PT00M50.80S,3,1610612744,GSW,201939,Curry,S. Curry,61,250,26,Missed,1,,,0,h,MISS Curry 26' 3PT Jump Shot,Missed Shot,Jump Shot,0,357,21300576,2110,7.0,final_ft(24),3,-1,likely_open,subType: open-like
422,PT11M36.00S,4,1610612744,GSW,201939,Curry,S. Curry,-43,247,25,Made,1,85.0,91.0,176,h,Curry 25' 3PT Pullup Jump Shot (19 PTS) (Green 3 AST),Made Shot,Pullup Jump shot,0,373,21300576,2184,12.0,off_reb(14),3,3,likely_contested,"subType: contested-like, text: pressure-move"
425,PT11M10.00S,4,1610612744,GSW,201939,Curry,S. Curry,-155,197,25,Missed,1,,,0,h,MISS Curry 25' 3PT Jump Shot,Missed Shot,Jump Shot,0,376,21300576,2210,16.0,def_reb(24),3,-1,likely_open,subType: open-like
428,PT10M39.00S,4,1610612744,GSW,201939,Curry,S. Curry,105,239,26,Missed,1,,,0,h,MISS Curry 26' 3PT Jump Shot,Missed Shot,Jump Shot,0,379,21300576,2241,5.0,made_fg(24),3,0,likely_open,"subType: open-like, clock: late (<=5s)"
466,PT07M51.00S,4,1610612744,GSW,201939,Curry,S. Curry,-16,9,2,Missed,1,,,0,h,MISS Curry 2' Driving Layup,Missed Shot,Driving Layup Shot,0,412,21300576,2409,7.0,made_fg(24),2,3,likely_contested,"subType: contested-like, distance: at-rim/very close"
523,PT03M33.00S,4,1610612744,GSW,201939,Curry,S. Curry,-60,266,27,Made,1,108.0,113.0,221,h,Curry 27' 3PT Pullup Jump Shot (24 PTS),Made Shot,Pullup Jump shot,0,458,21300576,2667,13.0,made_fg(24),3,2,likely_contested,"subType: contested-like, text: pressure-move, distance: deep above-break 3 (>=27ft)"
535,PT02M09.00S,4,1610612744,GSW,201939,Curry,S. Curry,151,224,27,Missed,1,,,0,h,MISS Curry 27' 3PT Pullup Jump Shot,Missed Shot,Pullup Jump shot,0,468,21300576,2751,10.0,final_ft(24),3,2,likely_contested,"subType: contested-like, text: pressure-move, distance: deep above-break 3 (>=27ft)"
575,PT00M18.90S,4,1610612744,GSW,201939,Curry,S. Curry,-34,265,27,Missed,1,,,0,h,MISS Curry 27' 3PT Jump Shot,Missed Shot,Jump Shot,0,501,21300576,2862,21.0,final_ft(24),3,-2,likely_open,"subType: open-like, distance: deep above-break 3 (>=27ft)"
582,PT00M11.00S,4,1610612744,GSW,201939,Curry,S. Curry,242,37,24,Missed,1,,,0,h,MISS Curry 24' 3PT Jump Shot,Missed Shot,Jump Shot,0,506,21300576,2869,19.0,final_ft(24),3,-2,likely_open,"subType: open-like, coords: corner-3, corner: catch/spot"
8,PT10M23.00S,1,1610612744,GSW,201939,Curry,S. Curry,215,126,25,Made,1,4.0,5.0,9,v,Curry 25' 3PT Jump Shot (3 PTS) (Thompson 1 AST),Made Shot,Jump Shot,0,10,21300592,97,18.0,turnover(24),3,-1,likely_open,subType: open-like
31,PT06M33.00S,1,1610612744,GSW,201939,Curry,S. Curry,59,241,25,Made,1,14.0,15.0,29,v,Curry 25' 3PT Pullup Jump Shot (6 PTS),Made Shot,Pullup Jump shot,0,33,21300592,327,13.0,made_fg(24),3,3,likely_contested,"subType: contested-like, text: pressure-move"
39,PT05M27.00S,1,1610612744,GSW,201939,Curry,S. Curry,26,239,24,Missed,1,0.0,0.0,0,v,MISS Curry 24' 3PT Pullup Jump Shot,Missed Shot,Pullup Jump shot,0,42,21300592,393,19.0,turnover(24),3,3,likely_contested,"subType: contested-like, text: pressure-move"
65,PT03M25.00S,1,1610612744,GSW,201939,Curry,S. Curry,20,83,9,Made,1,23.0,22.0,45,v,Curry 9' Floating Jump Shot (8 PTS),Made Shot,Floating Jump shot,0,64,21300592,515,14.0,made_fg(24),2,3,likely_contested,"subType: contested-like, distance: mid-range"
68,PT02M53.00S,1,1610612744,GSW,201939,Curry,S. Curry,15,246,25,Made,1,23.0,25.0,48,v,Curry 25' 3PT Jump Shot (11 PTS),Made Shot,Jump Shot,0,67,21300592,547,14.0,def_reb(24),3,-1,likely_open,subType: open-like
176,PT07M46.00S,2,1610612744,GSW,201939,Curry,S. Curry,-229,7,0,Made,1,48.0,42.0,90,v,Curry  3PT Jump Shot (14 PTS) (Thompson 2 AST),Made Shot,Jump Shot,0,164,21300592,974,9.0,off_reb(14),3,-1,likely_open,"subType: open-like, distance: at-rim/very close, coords: corner-3, corner: catch/spot"
193,PT06M25.00S,2,1610612744,GSW,201939,Curry,S. Curry,29,227,23,Missed,1,0.0,0.0,0,v,MISS Curry 23' Jump Shot,Missed Shot,Jump Shot,0,179,21300592,1055,7.0,def_reb(24),2,-1,likely_open,subType: open-like
274,PT01M42.00S,2,1610612744,GSW,201939,Curry,S. Curry,204,132,24,Missed,1,0.0,0.0,0,v,MISS Curry 24' 3PT Jump Shot,Missed Shot,Jump Shot,0,241,21300592,1338,11.0,def_reb(24),3,-1,likely_open,subType: open-like
318,PT00M14.10S,2,1610612744,GSW,201939,Curry,S. Curry,-149,4,15,Made,1,71.0,65.0,136,v,Curry 15' Pullup Jump Shot (22 PTS),Made Shot,Pullup Jump shot,0,270,21300592,1426,4.0,final_ft(24),2,5,likely_contested,"subType: contested-like, text: pressure-move, distance: mid-range, clock: late (<=5s)"
333,PT11M15.00S,3,1610612744,GSW,201939,Curry,S. Curry,-65,235,24,Made,1,73.0,68.0,141,v,Curry 24' 3PT Jump Shot (25 PTS),Made Shot,Jump Shot,0,283,21300592,1485,13.0,made_fg(24),3,-1,likely_open,subType: open-like
355,PT08M57.00S,3,1610612744,GSW,201939,Curry,S. Curry,6,37,4,Made,1,81.0,73.0,154,v,Curry 4' Running Jump Shot (30 PTS),Made Shot,Running Jump Shot,0,302,21300592,1623,11.0,made_fg(24),2,0,likely_open,"subType: open-like, distance: at-rim/very close"
393,PT05M06.00S,3,1610612744,GSW,201939,Curry,S. Curry,61,238,25,Missed,1,0.0,0.0,0,v,MISS Curry 25' 3PT Jump Shot,Missed Shot,Jump Shot,0,341,21300592,1854,9.0,made_fg(24),3,-1,likely_open,subType: open-like
402,PT03M51.00S,3,1610612744,GSW,201939,Curry,S. Curry,23,195,20,Missed,1,0.0,0.0,0,v,MISS Curry 20' Jump Shot,Missed Shot,Jump Shot,0,349,21300592,1929,16.0,def_reb(24),2,-1,likely_open,subType: open-like
528,PT06M51.00S,4,1610612744,GSW,201939,Curry,S. Curry,149,189,24,Missed,1,0.0,0.0,0,v,MISS Curry 24' 3PT Jump Shot,Missed Shot,Jump Shot,0,456,21300592,2469,0.0,def_foul_14(14),3,0,likely_open,"subType: open-like, clock: late (<=5s)"
556,PT04M42.00S,4,1610612744,GSW,201939,Curry,S. Curry,-19,-8,2,Made,1,121.0,106.0,227,v,Curry 2' Driving Finger Roll Layup (32 PTS),Made Shot,Driving Finger Roll Layup Shot,0,475,21300592,2598,13.0,made_fg(24),2,1,borderline,distance: at-rim/very close
559,PT04M24.00S,4,1610612744,GSW,201939,Curry,S. Curry,190,167,25,Made,1,121.0,109.0,230,v,Curry 25' 3PT Jump Shot (35 PTS) (Green 1 AST),Made Shot,Jump Shot,0,478,21300592,2616,18.0,def_reb(24),3,-1,likely_open,subType: open-like
562,PT03M51.00S,4,1610612744,GSW,201939,Curry,S. Curry,-8,-3,1,Missed,1,0.0,0.0,0,v,MISS Curry 1' Driving Reverse Layup,Missed Shot,Driving Reverse Layup Shot,0,480,21300592,2649,17.0,turnover(24),2,3,likely_contested,"subType: contested-like, distance: at-rim/very close"
579,PT02M35.00S,4,1610612744,GSW,201939,Curry,S. Curry,84,53,10,Made,1,123.0,111.0,234,v,Curry 10' Floating Jump Shot (37 PTS),Made Shot,Floating Jump shot,0,494,21300592,2725,14.0,final_ft(24),2,3,likely_contested,"subType: contested-like, distance: mid-range"
18,PT10M48.00S,1,1610612744,GSW,201939,Curry,S. Curry,133,231,27,Missed,1,0.0,0.0,0,v,MISS Curry 27' 3PT Jump Shot,Missed Shot,Jump Shot,0,15,21300599,72,19.0,def_reb(24),3,-2,likely_open,"subType: open-like, distance: deep above-break 3 (>=27ft)"
51,PT06M57.00S,1,1610612744,GSW,201939,Curry,S. Curry,152,53,16,Made,1,13.0,9.0,22,v,Curry 16' Pullup Jump Shot (2 PTS),Made Shot,Pullup Jump shot,0,45,21300599,303,14.0,made_fg(24),2,4,likely_contested,"subType: contested-like, text: pressure-move, distance: mid-range"
62,PT05M39.00S,1,1610612744,GSW,201939,Curry,S. Curry,-16,15,2,Made,1,17.0,13.0,30,v,Curry 2' Reverse Layup (6 PTS),Made Shot,Reverse Layup Shot,0,53,21300599,381,11.0,made_fg(24),2,3,likely_contested,"subType: contested-like, distance: at-rim/very close"
64,PT05M27.00S,1,1610612744,GSW,201939,Curry,S. Curry,166,213,27,Missed,1,0.0,0.0,0,v,MISS Curry 27' 3PT Jump Shot,Missed Shot,Jump Shot,0,57,21300599,393,9.0,off_reb(14),3,-2,likely_open,"subType: open-like, distance: deep above-break 3 (>=27ft)"
79,PT04M36.00S,1,1610612744,GSW,201939,Curry,S. Curry,157,206,26,Missed,1,0.0,0.0,0,v,MISS Curry 26' 3PT Jump Shot,Missed Shot,Jump Shot,0,68,21300599,444,11.0,final_ft(24),3,-1,likely_open,subType: open-like
111,PT01M50.00S,1,1610612744,GSW,201939,Curry,S. Curry,-7,19,2,Missed,1,0.0,0.0,0,v,MISS Curry 2' Layup,Missed Shot,Layup Shot,0,97,21300599,610,12.0,made_fg(24),2,1,borderline,distance: at-rim/very close
207,PT07M05.00S,2,1610612744,GSW,201939,Curry,S. Curry,-117,181,22,Missed,1,0.0,0.0,0,v,MISS Curry 22' Jump Shot,Missed Shot,Jump Shot,0,174,21300599,1015,9.0,made_fg(24),2,-1,likely_open,subType: open-like
213,PT06M40.00S,2,1610612744,GSW,201939,Curry,S. Curry,-7,20,2,Missed,1,0.0,0.0,0,v,MISS Curry 2' Layup,Missed Shot,Layup Shot,0,182,21300599,1040,20.0,turnover(24),2,1,borderline,distance: at-rim/very close
233,PT04M06.00S,2,1610612744,GSW,201939,Curry,S. Curry,108,238,26,Made,1,50.0,42.0,92,v,Curry 26' 3PT Jump Shot (9 PTS),Made Shot,Jump Shot,0,203,21300599,1194,11.0,made_fg(24),3,-1,likely_open,subType: open-like
250,PT02M10.00S,2,1610612744,GSW,201939,Curry,S. Curry,-10,12,2,Made,1,50.0,48.0,98,v,Curry 2' Driving Layup (11 PTS),Made Shot,Driving Layup Shot,0,216,21300599,1310,13.0,def_reb(24),2,3,likely_contested,"subType: contested-like, distance: at-rim/very close"
270,PT00M33.50S,2,1610612744,GSW,201939,Curry,S. Curry,-8,17,2,Made,1,54.0,52.0,106,v,Curry 2' Reverse Layup (13 PTS) (Iguodala 2 AST),Made Shot,Reverse Layup Shot,0,232,21300599,1407,19.0,turnover(24),2,3,likely_contested,"subType: contested-like, distance: at-rim/very close"
313,PT08M17.00S,3,1610612744,GSW,201939,Curry,S. Curry,21,20,3,Made,1,58.0,58.0,116,v,Curry 3' Running Layup (15 PTS),Made Shot,Running Layup Shot,0,268,21300599,1663,15.0,def_reb(24),2,3,likely_contested,"subType: contested-like, distance: at-rim/very close"
317,PT07M46.00S,3,1610612744,GSW,201939,Curry,S. Curry,7,12,1,Made,1,58.0,60.0,118,v,Curry 1' Running Reverse Layup (17 PTS),Made Shot,Running Reverse Layup Shot,0,271,21300599,1694,13.0,def_reb(24),2,1,borderline,distance: at-rim/very close
326,PT07M05.00S,3,1610612744,GSW,201939,Curry,S. Curry,-70,241,25,Missed,1,0.0,0.0,0,v,MISS Curry 25' 3PT Jump Shot,Missed Shot,Jump Shot,0,277,21300599,1735,9.0,def_reb(24),3,-1,likely_open,subType: open-like
354,PT04M40.00S,3,1610612744,GSW,201939,Curry,S. Curry,102,37,11,Missed,1,0.0,0.0,0,v,MISS Curry 11' Jump Shot,Missed Shot,Jump Shot,0,299,21300599,1880,10.0,made_fg(24),2,0,likely_open,"subType: open-like, distance: mid-range"
360,PT04M10.00S,3,1610612744,GSW,201939,Curry,S. Curry,118,241,27,Missed,1,0.0,0.0,0,v,MISS Curry 27' 3PT Jump Shot,Missed Shot,Jump Shot,0,304,21300599,1910,18.0,def_reb(24),3,-2,likely_open,"subType: open-like, distance: deep above-break 3 (>=27ft)"
375,PT02M40.00S,3,1610612744,GSW,201939,Curry,S. Curry,-15,7,2,Made,1,64.0,73.0,137,v,Curry 2' Driving Layup (19 PTS),Made Shot,Driving Layup Shot,0,320,21300599,2000,8.0,def_reb(24),2,3,likely_contested,"subType: contested-like, distance: at-rim/very close"
377,PT02M07.00S,3,1610612744,GSW,201939,Curry,S. Curry,-54,257,26,Made,1,66.0,76.0,142,v,Curry 26' 3PT Jump Shot (22 PTS),Made Shot,Jump Shot,0,322,21300599,2033,11.0,made_fg(24),3,-1,likely_open,subType: open-like
380,PT01M30.00S,3,1610612744,GSW,201939,Curry,S. Curry,20,12,2,Made,1,66.0,78.0,144,v,Curry 2' Driving Layup (24 PTS),Made Shot,Driving Layup Shot,0,325,21300599,2070,6.0,def_reb(24),2,3,likely_contested,"subType: contested-like, distance: at-rim/very close"
382,PT01M01.00S,3,1610612744,GSW,201939,Curry,S. Curry,77,268,28,Missed,1,0.0,0.0,0,v,MISS Curry 28' 3PT Jump Shot,Missed Shot,Jump Shot,0,327,21300599,2099,6.0,made_fg(24),3,-2,likely_open,"subType: open-like, distance: deep above-break 3 (>=27ft)"
464,PT06M13.00S,4,1610612744,GSW,201939,Curry,S. Curry,-100,195,22,Missed,1,0.0,0.0,0,v,MISS Curry 22' Jump Shot,Missed Shot,Jump Shot,0,394,21300599,2507,14.0,def_reb(24),2,-1,likely_open,subType: open-like
523,PT01M22.00S,4,1610612744,GSW,201939,Curry,S. Curry,-228,45,0,Missed,1,0.0,0.0,0,v,MISS Curry  3PT Jump Shot,Missed Shot,Jump Shot,0,446,21300599,2798,12.0,off_reb(14),3,-1,likely_open,"subType: open-like, distance: at-rim/very close, coords: corner-3, corner: catch/spot"
6,PT10M49.00S,1,1610612744,GSW,201939,Curry,S. Curry,-101,137,17,Made,1,7.0,4.0,11,h,Curry 17' Jump Shot (2 PTS),Made Shot,Jump Shot,0,7,21300615,71,15.0,made_fg(24),2,-1,likely_open,subType: open-like
24,PT08M24.00S,1,1610612744,GSW,201939,Curry,S. Curry,-169,208,27,Missed,1,0.0,0.0,0,h,MISS Curry 27' 3PT Jump Shot,Missed Shot,Jump Shot,0,23,21300615,216,9.0,final_ft(24),3,-2,likely_open,"subType: open-like, distance: deep above-break 3 (>=27ft)"
29,PT07M32.00S,1,1610612744,GSW,201939,Curry,S. Curry,84,195,21,Missed,1,0.0,0.0,0,h,MISS Curry 21' Jump Shot,Missed Shot,Jump Shot,0,28,21300615,268,10.0,made_fg(24),2,-1,likely_open,subType: open-like
62,PT04M26.00S,1,1610612744,GSW,201939,Curry,S. Curry,-127,148,20,Made,1,21.0,25.0,46,h,Curry 20' Jump Shot (5 PTS),Made Shot,Jump Shot,0,60,21300615,454,11.0,made_fg(24),2,-1,likely_open,subType: open-like
64,PT04M02.00S,1,1610612744,GSW,201939,Curry,S. Curry,225,126,26,Missed,1,0.0,0.0,0,h,MISS Curry 26' 3PT Jump Shot,Missed Shot,Jump Shot,0,62,21300615,478,8.0,made_fg(24),3,-1,likely_open,subType: open-like
70,PT03M19.00S,1,1610612744,GSW,201939,Curry,S. Curry,-29,22,4,Missed,1,0.0,0.0,0,h,MISS Curry 4' Jump Shot,Missed Shot,Jump Shot,0,68,21300615,521,3.0,def_reb(24),2,1,borderline,"subType: open-like, distance: at-rim/very close, clock: late (<=5s)"
152,PT07M16.00S,2,1610612744,GSW,201939,Curry,S. Curry,-16,265,27,Missed,1,0.0,0.0,0,h,MISS Curry 27' 3PT Jump Shot,Missed Shot,Jump Shot,0,148,21300615,1004,12.0,made_fg(24),3,-2,likely_open,"subType: open-like, distance: deep above-break 3 (>=27ft)"
215,PT00M55.80S,2,1610612744,GSW,201939,Curry,S. Curry,7,7,1,Made,1,40.0,53.0,93,h,Curry 1' Slam Dunk (7 PTS) (Lee 2 AST),Made Shot,Slam Dunk Shot,0,207,21300615,1385,,stale_reset(24),2,1,borderline,distance: at-rim/very close
241,PT10M36.00S,3,1610612744,GSW,201939,Curry,S. Curry,67,183,19,Made,1,42.0,60.0,102,h,Curry 19' Jump Shot (9 PTS),Made Shot,Jump Shot,0,229,21300615,1524,12.0,made_fg(24),2,-1,likely_open,subType: open-like
269,PT08M00.00S,3,1610612744,GSW,201939,Curry,S. Curry,-228,14,0,Made,1,54.0,66.0,120,h,Curry  3PT Jump Shot (12 PTS) (Iguodala 3 AST),Made Shot,Jump Shot,0,254,21300615,1680,9.0,def_reb(24),3,-1,likely_open,"subType: open-like, distance: at-rim/very close, coords: corner-3, corner: catch/spot"
292,PT05M06.00S,3,1610612744,GSW,201939,Curry,S. Curry,-133,137,19,Made,1,60.0,68.0,128,h,Curry 19' Jump Shot (14 PTS),Made Shot,Jump Shot,0,276,21300615,1854,13.0,def_reb(24),2,-1,likely_open,subType: open-like
295,PT04M43.00S,3,1610612744,GSW,201939,Curry,S. Curry,42,252,26,Missed,1,0.0,0.0,0,h,MISS Curry 26' 3PT Jump Shot,Missed Shot,Jump Shot,0,279,21300615,1877,,stale_reset(24),3,-1,likely_open,subType: open-like
306,PT03M20.00S,3,1610612744,GSW,201939,Curry,S. Curry,-8,12,1,Missed,1,0.0,0.0,0,h,MISS Curry 1' Layup,Missed Shot,Layup Shot,0,291,21300615,1960,20.0,def_reb(24),2,1,borderline,distance: at-rim/very close
360,PT00M34.80S,3,1610612744,GSW,201939,Curry,S. Curry,39,255,26,Made,1,69.0,77.0,146,h,Curry 26' 3PT Jump Shot (17 PTS),Made Shot,Jump Shot,0,340,21300615,2126,19.0,off_foul(24),3,-1,likely_open,subType: open-like
364,PT00M04.80S,3,1610612744,GSW,201939,Curry,S. Curry,97,246,26,Missed,1,0.0,0.0,0,h,MISS Curry 26' 3PT Jump Shot,Missed Shot,Jump Shot,0,344,21300615,2156,,stale_reset(24),3,-1,likely_open,subType: open-like
369,PT11M46.00S,4,1610612744,GSW,201939,Curry,S. Curry,-237,7,24,Made,1,72.0,77.0,149,h,Curry 24' 3PT Jump Shot (20 PTS) (Crawford 2 AST),Made Shot,Jump Shot,0,348,21300615,2174,10.0,period_start(24),3,-2,likely_open,"subType: open-like, coords: corner-3, corner: catch/spot"
415,PT07M07.00S,4,1610612744,GSW,201939,Curry,S. Curry,-108,142,18,Made,1,79.0,85.0,164,h,Curry 18' Step Back Jump Shot (24 PTS),Made Shot,Step Back Jump shot,0,389,21300615,2453,13.0,def_reb(24),2,3,likely_contested,"subType: contested-like, text: pressure-move"
424,PT06M03.00S,4,1610612744,GSW,201939,Curry,S. Curry,-117,244,27,Missed,1,0.0,0.0,0,h,MISS Curry 27' 3PT Jump Shot,Missed Shot,Jump Shot,0,398,21300615,2517,9.0,def_reb(24),3,-2,likely_open,"subType: open-like, distance: deep above-break 3 (>=27ft)"
499,PT00M16.90S,4,1610612744,GSW,201939,Curry,S. Curry,99,274,29,Missed,1,0.0,0.0,0,h,MISS Curry 29' 3PT Jump Shot,Missed Shot,Jump Shot,0,462,21300615,2864,17.0,turnover(24),3,-2,likely_open,"subType: open-like, distance: deep above-break 3 (>=27ft)"
520,PT00M02.70S,4,1610612744,GSW,201939,Curry,S. Curry,-183,190,26,Missed,1,0.0,0.0,0,h,MISS Curry 26' 3PT Jump Shot,Missed Shot,Jump Shot,0,477,21300615,2878,20.0,final_ft(24),3,-1,likely_open,subType: open-like
9,PT10M25.00S,1,1610612744,GSW,201939,Curry,S. Curry,-7,88,9,Made,1,2.0,6.0,8,h,Curry 9' Floating Jump Shot (2 PTS),Made Shot,Floating Jump shot,0,10,21300645,95,11.0,made_fg(24),2,3,likely_contested,"subType: contested-like, distance: mid-range"
15,PT09M41.00S,1,1610612744,GSW,201939,Curry,S. Curry,116,238,26,Made,1,5.0,8.0,13,h,Curry 26' 3PT Jump Shot (5 PTS) (Lee 1 AST),Made Shot,Jump Shot,0,16,21300645,139,17.0,def_reb(24),3,-1,likely_open,subType: open-like
19,PT09M05.00S,1,1610612744,GSW,201939,Curry,S. Curry,-114,4,11,Missed,1,0.0,0.0,0,h,MISS Curry 11' Jump Shot,Missed Shot,Jump Shot,0,23,21300645,175,9.0,made_fg(24),2,0,likely_open,"subType: open-like, distance: mid-range"
29,PT08M09.00S,1,1610612744,GSW,201939,Curry,S. Curry,6,-5,1,Missed,1,0.0,0.0,0,h,MISS Curry 1' Layup,Missed Shot,Layup Shot,0,30,21300645,231,7.0,made_fg(24),2,1,borderline,distance: at-rim/very close
44,PT06M41.00S,1,1610612744,GSW,201939,Curry,S. Curry,-90,153,18,Made,1,15.0,19.0,34,h,Curry 18' Jump Shot (7 PTS),Made Shot,Jump Shot,0,45,21300645,319,12.0,made_fg(24),2,-1,likely_open,subType: open-like
50,PT06M18.00S,1,1610612744,GSW,201939,Curry,S. Curry,-232,77,24,Missed,1,0.0,0.0,0,h,MISS Curry 24' 3PT Jump Shot,Missed Shot,Jump Shot,0,49,21300645,342,11.0,final_ft(24),3,-1,likely_open,subType: open-like
66,PT05M08.00S,1,1610612744,GSW,201939,Curry,S. Curry,0,4,0,Made,1,21.0,23.0,44,h,Curry  Driving Layup (9 PTS) (Iguodala 1 AST),Made Shot,Driving Layup Shot,0,62,21300645,412,20.0,def_reb(24),2,3,likely_contested,"subType: contested-like, distance: at-rim/very close"
75,PT03M32.00S,1,1610612744,GSW,201939,Curry,S. Curry,-23,19,3,Made,1,25.0,28.0,53,h,Curry 3' Driving Reverse Layup (11 PTS),Made Shot,Driving Reverse Layup Shot,0,72,21300645,508,10.0,made_fg(24),2,3,likely_contested,"subType: contested-like, distance: at-rim/very close"
77,PT03M26.00S,1,1610612744,GSW,201939,Curry,S. Curry,-144,269,31,Made,1,28.0,28.0,56,h,Curry 31' 3PT Jump Bank Shot (14 PTS) (Green 1 AST),Made Shot,Jump Bank Shot,0,75,21300645,514,21.0,turnover(24),3,1,borderline,"subType: contested-like, distance: deep above-break 3 (>=27ft)"
95,PT02M17.00S,1,1610612744,GSW,201939,Curry,S. Curry,165,115,20,Missed,1,0.0,0.0,0,h,MISS Curry 20' Jump Shot,Missed Shot,Jump Shot,0,89,21300645,583,6.0,made_fg(24),2,-1,likely_open,subType: open-like
190,PT04M55.00S,2,1610612744,GSW,201939,Curry,S. Curry,-194,230,30,Missed,1,0.0,0.0,0,h,MISS Curry 30' 3PT Jump Shot,Missed Shot,Jump Shot,0,175,21300645,1145,12.0,made_fg(24),3,-2,likely_open,"subType: open-like, distance: deep above-break 3 (>=27ft)"
227,PT01M40.00S,2,1610612744,GSW,201939,Curry,S. Curry,17,7,2,Missed,1,0.0,0.0,0,h,MISS Curry 2' Layup,Missed Shot,Layup Shot,0,212,21300645,1340,17.0,def_reb(24),2,1,borderline,distance: at-rim/very close
289,PT08M58.00S,3,1610612744,GSW,201939,Curry,S. Curry,113,15,11,Made,1,69.0,70.0,139,h,Curry 11' Jump Shot (17 PTS),Made Shot,Jump Shot,0,266,21300645,1622,12.0,turnover(24),2,0,likely_open,"subType: open-like, distance: mid-range"
301,PT08M09.00S,3,1610612744,GSW,201939,Curry,S. Curry,48,265,27,Missed,1,0.0,0.0,0,h,MISS Curry 27' 3PT Jump Shot,Missed Shot,Jump Shot,0,275,21300645,1671,15.0,made_fg(24),3,-2,likely_open,"subType: open-like, distance: deep above-break 3 (>=27ft)"
313,PT06M30.00S,3,1610612744,GSW,201939,Curry,S. Curry,-19,22,3,Made,1,75.0,78.0,153,h,Curry 3' Driving Layup (19 PTS),Made Shot,Driving Layup Shot,0,287,21300645,1770,16.0,def_reb(24),2,3,likely_contested,"subType: contested-like, distance: at-rim/very close"
327,PT04M54.00S,3,1610612744,GSW,201939,Curry,S. Curry,121,225,26,Made,1,83.0,84.0,167,h,Curry 26' 3PT Jump Shot (22 PTS),Made Shot,Jump Shot,0,299,21300645,1866,10.0,made_fg(24),3,-1,likely_open,subType: open-like
344,PT03M33.00S,3,1610612744,GSW,201939,Curry,S. Curry,-29,258,26,Made,1,88.0,88.0,176,h,Curry 26' 3PT Jump Shot (25 PTS),Made Shot,Jump Shot,0,312,21300645,1947,12.0,made_fg(24),3,-1,likely_open,subType: open-like
369,PT01M07.00S,3,1610612744,GSW,201939,Curry,S. Curry,133,252,28,Made,1,94.0,91.0,185,h,Curry 28' 3PT Jump Shot (28 PTS),Made Shot,Jump Shot,0,338,21300645,2093,16.0,def_reb(24),3,-2,likely_open,"subType: open-like, distance: deep above-break 3 (>=27ft)"
375,PT00M31.90S,3,1610612744,GSW,201939,Curry,S. Curry,10,15,2,Missed,1,0.0,0.0,0,h,MISS Curry 2' Layup,Missed Shot,Layup Shot,0,343,21300645,2129,11.0,def_reb(24),2,1,borderline,distance: at-rim/very close
461,PT05M23.00S,4,1610612744,GSW,201939,Curry,S. Curry,-114,241,27,Made,1,107.0,107.0,214,h,Curry 27' 3PT Jump Shot (31 PTS),Made Shot,Jump Shot,0,422,21300645,2557,18.0,def_reb(24),3,-2,likely_open,"subType: open-like, distance: deep above-break 3 (>=27ft)"
466,PT04M38.00S,4,1610612744,GSW,201939,Curry,S. Curry,-158,205,26,Missed,1,0.0,0.0,0,h,MISS Curry 26' 3PT Jump Shot,Missed Shot,Jump Shot,0,427,21300645,2602,11.0,off_reb(14),3,-1,likely_open,subType: open-like
7,PT10M59.00S,1,1610612744,GSW,201939,Curry,S. Curry,4,53,5,Missed,1,0.0,0.0,0,h,MISS Curry 5' Floating Jump Shot,Missed Shot,Floating Jump shot,0,10,21300660,61,19.0,turnover(24),2,3,likely_contested,"subType: contested-like, distance: at-rim/very close"
9,PT10M54.00S,1,1610612744,GSW,201939,Curry,S. Curry,0,6,1,Made,1,2.0,2.0,4,h,Curry 1' Layup (2 PTS),Made Shot,Layup Shot,0,12,21300660,66,11.0,off_reb(14),2,1,borderline,distance: at-rim/very close
18,PT09M25.00S,1,1610612744,GSW,201939,Curry,S. Curry,124,175,21,Made,1,6.0,4.0,10,h,Curry 21' Jump Shot (4 PTS),Made Shot,Jump Shot,0,21,21300660,155,19.0,def_reb(24),2,-1,likely_open,subType: open-like
28,PT08M29.00S,1,1610612744,GSW,201939,Curry,S. Curry,-101,45,11,Missed,1,0.0,0.0,0,h,MISS Curry 11' Floating Jump Shot,Missed Shot,Floating Jump shot,0,30,21300660,211,10.0,made_fg(24),2,3,likely_contested,"subType: contested-like, distance: mid-range"
38,PT07M37.00S,1,1610612744,GSW,201939,Curry,S. Curry,-138,124,19,Made,1,12.0,7.0,19,h,Curry 19' Jump Shot (6 PTS) (Thompson 1 AST),Made Shot,Jump Shot,0,39,21300660,263,12.0,final_ft(24),2,-1,likely_open,subType: open-like
59,PT05M20.00S,1,1610612744,GSW,201939,Curry,S. Curry,130,238,27,Made,1,17.0,10.0,27,h,Curry 27' 3PT Jump Shot (9 PTS),Made Shot,Jump Shot,0,59,21300660,400,14.0,made_fg(24),3,-2,likely_open,"subType: open-like, distance: deep above-break 3 (>=27ft)"
82,PT03M10.00S,1,1610612744,GSW,201939,Curry,S. Curry,-64,66,9,Made,1,22.0,16.0,38,h,Curry 9' Floating Jump Shot (11 PTS),Made Shot,Floating Jump shot,0,80,21300660,530,13.0,def_reb(24),2,3,likely_contested,"subType: contested-like, distance: mid-range"
84,PT02M33.00S,1,1610612744,GSW,201939,Curry,S. Curry,95,246,26,Missed,1,0.0,0.0,0,h,MISS Curry 26' 3PT Jump Shot,Missed Shot,Jump Shot,0,82,21300660,567,14.0,made_fg(24),3,-1,likely_open,subType: open-like
193,PT05M31.00S,2,1610612744,GSW,201939,Curry,S. Curry,6,11,1,Made,1,37.0,39.0,76,h,Curry 1' Reverse Layup (13 PTS) (Lee 1 AST),Made Shot,Reverse Layup Shot,0,182,21300660,1109,11.0,made_fg(24),2,3,likely_contested,"subType: contested-like, distance: at-rim/very close"
197,PT04M47.00S,2,1610612744,GSW,201939,Curry,S. Curry,-161,206,26,Made,1,40.0,43.0,83,h,Curry 26' 3PT Jump Shot (16 PTS) (Iguodala 2 AST),Made Shot,Jump Shot,0,187,21300660,1153,10.0,made_fg(24),3,-1,likely_open,subType: open-like
229,PT01M24.00S,2,1610612744,GSW,201939,Curry,S. Curry,-15,14,2,Made,1,47.0,51.0,98,h,Curry 2' Driving Layup (18 PTS) (Iguodala 3 AST),Made Shot,Driving Layup Shot,0,214,21300660,1356,10.0,final_ft(24),2,3,likely_contested,"subType: contested-like, distance: at-rim/very close"
251,PT00M03.40S,2,1610612744,GSW,201939,Curry,S. Curry,-161,224,28,Made,1,54.0,55.0,109,h,Curry 28' 3PT Jump Shot (23 PTS),Made Shot,Jump Shot,0,232,21300660,1437,13.0,final_ft(24),3,-2,likely_open,"subType: open-like, distance: deep above-break 3 (>=27ft)"
268,PT11M14.00S,3,1610612744,GSW,201939,Curry,S. Curry,94,160,19,Missed,1,0.0,0.0,0,h,MISS Curry 19' Jump Shot,Missed Shot,Jump Shot,0,244,21300660,1486,14.0,def_reb(24),2,-1,likely_open,subType: open-like
299,PT08M38.00S,3,1610612744,GSW,201939,Curry,S. Curry,67,263,27,Made,1,62.0,59.0,121,h,Curry 27' 3PT Jump Shot (26 PTS),Made Shot,Jump Shot,0,270,21300660,1642,12.0,def_reb(24),3,-2,likely_open,"subType: open-like, distance: deep above-break 3 (>=27ft)"
309,PT07M43.00S,3,1610612744,GSW,201939,Curry,S. Curry,-15,20,3,Missed,1,0.0,0.0,0,h,MISS Curry 3' Layup,Missed Shot,Layup Shot,0,280,21300660,1697,12.0,def_reb(24),2,1,borderline,distance: at-rim/very close
322,PT06M39.00S,3,1610612744,GSW,201939,Curry,S. Curry,-30,257,26,Missed,1,0.0,0.0,0,h,MISS Curry 26' 3PT Jump Shot,Missed Shot,Jump Shot,0,291,21300660,1761,8.0,made_fg(24),3,-1,likely_open,subType: open-like
354,PT04M18.00S,3,1610612744,GSW,201939,Curry,S. Curry,-41,69,8,Missed,1,0.0,0.0,0,h,MISS Curry 8' Jump Shot,Missed Shot,Jump Shot,0,319,21300660,1902,17.0,turnover(24),2,0,likely_open,"subType: open-like, distance: mid-range"
364,PT03M54.00S,3,1610612744,GSW,201939,Curry,S. Curry,-4,11,1,Missed,1,0.0,0.0,0,h,MISS Curry 1' Reverse Layup,Missed Shot,Reverse Layup Shot,0,327,21300660,1926,20.0,turnover(24),2,3,likely_contested,"subType: contested-like, distance: at-rim/very close"
401,PT01M00.00S,3,1610612744,GSW,201939,Curry,S. Curry,-2,19,2,Made,1,76.0,66.0,142,h,Curry 2' Driving Layup (32 PTS) (Iguodala 4 AST),Made Shot,Driving Layup Shot,0,362,21300660,2100,20.0,turnover(24),2,3,likely_contested,"subType: contested-like, distance: at-rim/very close"
408,PT00M39.90S,3,1610612744,GSW,201939,Curry,S. Curry,89,244,26,Missed,1,0.0,0.0,0,h,MISS Curry 26' 3PT Jump Shot,Missed Shot,Jump Shot,0,367,21300660,2121,17.0,def_reb(24),3,-1,likely_open,subType: open-like
472,PT06M15.00S,4,1610612744,GSW,201939,Curry,S. Curry,95,135,17,Missed,1,0.0,0.0,0,h,MISS Curry 17' Jump Shot,Missed Shot,Jump Shot,0,424,21300660,2505,6.0,final_ft(24),2,-1,likely_open,subType: open-like
533,PT02M21.00S,4,1610612744,GSW,201939,Curry,S. Curry,-10,195,20,Made,1,96.0,85.0,181,h,Curry 20' Jump Shot (35 PTS),Made Shot,Jump Shot,0,470,21300660,2739,13.0,def_reb(24),2,-1,likely_open,subType: open-like
539,PT01M49.00S,4,1610612744,GSW,201939,Curry,S. Curry,228,41,0,Made,1,99.0,86.0,185,h,Curry  3PT Jump Shot (38 PTS) (Lee 3 AST),Made Shot,Jump Shot,0,475,21300660,2771,6.0,final_ft(24),3,-1,likely_open,"subType: open-like, distance: at-rim/very close, coords: corner-3, corner: catch/spot"
3,PT11M49.00S,1,1610612744,GSW,201939,Curry,S. Curry,-11,14,2,Missed,1,0.0,0.0,0,h,MISS Curry 2' Layup,Missed Shot,Layup Shot,0,5,21300673,11,21.0,turnover(24),2,1,borderline,distance: at-rim/very close
18,PT10M42.00S,1,1610612744,GSW,201939,Curry,S. Curry,-11,6,1,Made,1,2.0,2.0,4,h,Curry 1' Driving Layup (2 PTS) (Iguodala 1 AST),Made Shot,Driving Layup Shot,0,19,21300673,78,19.0,def_reb(24),2,3,likely_contested,"subType: contested-like, distance: at-rim/very close"
23,PT09M55.00S,1,1610612744,GSW,201939,Curry,S. Curry,77,149,17,Made,1,4.0,2.0,6,h,Curry 17' Floating Jump Shot (4 PTS),Made Shot,Floating Jump shot,0,25,21300673,125,19.0,def_reb(24),2,2,likely_contested,subType: contested-like
63,PT05M45.00S,1,1610612744,GSW,201939,Curry,S. Curry,-123,156,20,Missed,1,0.0,0.0,0,h,MISS Curry 20' Jump Shot,Missed Shot,Jump Shot,0,66,21300673,375,14.0,def_reb(24),2,-1,likely_open,subType: open-like
90,PT03M31.00S,1,1610612744,GSW,201939,Curry,S. Curry,-4,102,10,Made,1,12.0,15.0,27,h,Curry 10' Floating Jump Shot (6 PTS),Made Shot,Floating Jump shot,0,91,21300673,509,16.0,made_fg(24),2,3,likely_contested,"subType: contested-like, distance: mid-range"
121,PT01M06.00S,1,1610612744,GSW,201939,Curry,S. Curry,-100,142,17,Missed,1,0.0,0.0,0,h,MISS Curry 17' Jump Shot,Missed Shot,Jump Shot,0,118,21300673,654,12.0,keep_clock(21),2,-1,likely_open,subType: open-like
134,PT00M02.80S,1,1610612744,GSW,201939,Curry,S. Curry,-196,197,28,Made,1,22.0,24.0,46,h,Curry 28' 3PT Fadeaway Jumper (10 PTS),Made Shot,Fadeaway Jump Shot,0,131,21300673,718,16.0,made_fg(24),3,2,likely_contested,"subType: contested-like, text: pressure-move, distance: deep above-break 3 (>=27ft)"
218,PT02M19.00S,2,1610612744,GSW,201939,Curry,S. Curry,-204,178,27,Missed,1,0.0,0.0,0,h,MISS Curry 27' 3PT Jump Shot,Missed Shot,Jump Shot,0,214,21300673,1301,23.0,def_reb(24),3,-2,likely_open,"subType: open-like, distance: deep above-break 3 (>=27ft)"
232,PT01M20.00S,2,1610612744,GSW,201939,Curry,S. Curry,-106,115,16,Made,1,49.0,39.0,88,h,Curry 16' Step Back Jump Shot (12 PTS),Made Shot,Step Back Jump shot,0,227,21300673,1360,16.0,def_reb(24),2,4,likely_contested,"subType: contested-like, text: pressure-move, distance: mid-range"
235,PT00M44.90S,2,1610612744,GSW,201939,Curry,S. Curry,-188,75,20,Missed,1,0.0,0.0,0,h,MISS Curry 20' Jump Shot,Missed Shot,Jump Shot,0,229,21300673,1396,10.0,made_fg(24),2,-1,likely_open,subType: open-like
285,PT06M57.00S,3,1610612744,GSW,201939,Curry,S. Curry,119,157,20,Missed,1,0.0,0.0,0,h,MISS Curry 20' Step Back Jump Shot,Missed Shot,Step Back Jump shot,0,281,21300673,1743,14.0,made_fg(24),2,3,likely_contested,"subType: contested-like, text: pressure-move"
289,PT06M36.00S,3,1610612744,GSW,201939,Curry,S. Curry,-48,107,12,Missed,1,0.0,0.0,0,h,MISS Curry 12' Pullup Jump Shot,Missed Shot,Pullup Jump shot,0,285,21300673,1764,19.0,def_reb(24),2,4,likely_contested,"subType: contested-like, text: pressure-move, distance: mid-range"
292,PT06M04.00S,3,1610612744,GSW,201939,Curry,S. Curry,-149,222,27,Missed,1,0.0,0.0,0,h,MISS Curry 27' 3PT Pullup Jump Shot,Missed Shot,Pullup Jump shot,0,288,21300673,1796,9.0,made_fg(24),3,2,likely_contested,"subType: contested-like, text: pressure-move, distance: deep above-break 3 (>=27ft)"
305,PT05M01.00S,3,1610612744,GSW,201939,Curry,S. Curry,-122,160,20,Made,1,54.0,59.0,113,h,Curry 20' Pullup Jump Shot (14 PTS) (Thompson 3 AST),Made Shot,Pullup Jump shot,0,300,21300673,1859,4.0,def_foul_14(14),2,4,likely_contested,"subType: contested-like, text: pressure-move, clock: late (<=5s)"
331,PT02M31.00S,3,1610612744,GSW,201939,Curry,S. Curry,15,20,3,Made,1,60.0,59.0,119,h,Curry 3' Driving Finger Roll Layup (16 PTS),Made Shot,Driving Finger Roll Layup Shot,0,328,21300673,2009,18.0,turnover(24),2,1,borderline,distance: at-rim/very close
356,PT00M59.90S,3,1610612744,GSW,201939,Curry,S. Curry,-138,160,21,Missed,1,0.0,0.0,0,h,MISS Curry 21' Step Back Jump Shot,Missed Shot,Step Back Jump shot,0,347,21300673,2101,7.0,final_ft(24),2,3,likely_contested,"subType: contested-like, text: pressure-move"
374,PT00M00.60S,3,1610612744,GSW,201939,Curry,S. Curry,94,154,18,Missed,1,0.0,0.0,0,h,MISS Curry 18' Jump Shot,Missed Shot,Jump Shot,0,361,21300673,2160,15.0,def_reb(24),2,-1,likely_open,subType: open-like
387,PT10M52.00S,4,1610612744,GSW,201939,Curry,S. Curry,171,36,17,Missed,1,0.0,0.0,0,h,MISS Curry 17' Step Back Jump Shot,Missed Shot,Step Back Jump shot,0,372,21300673,2228,13.0,def_reb(24),2,3,likely_contested,"subType: contested-like, text: pressure-move"
457,PT04M45.00S,4,1610612744,GSW,201939,Curry,S. Curry,-171,203,27,Missed,1,0.0,0.0,0,h,MISS Curry 27' 3PT Pullup Jump Shot,Missed Shot,Pullup Jump shot,0,435,21300673,2595,4.0,made_fg(24),3,3,likely_contested,"subType: contested-like, text: pressure-move, distance: deep above-break 3 (>=27ft), clock: late (<=5s)"
468,PT03M17.00S,4,1610612744,GSW,201939,Curry,S. Curry,121,162,20,Missed,1,0.0,0.0,0,h,MISS Curry 20' Pullup Jump Shot,Missed Shot,Pullup Jump shot,0,447,21300673,2683,15.0,def_reb(24),2,3,likely_contested,"subType: contested-like, text: pressure-move"
474,PT02M40.00S,4,1610612744,GSW,201939,Curry,S. Curry,-149,209,26,Made,1,83.0,85.0,168,h,Curry 26' 3PT Pullup Jump Shot (23 PTS) (Iguodala 3 AST),Made Shot,Pullup Jump shot,0,454,21300673,2720,12.0,off_reb(14),3,3,likely_contested,"subType: contested-like, text: pressure-move"
501,PT00M40.90S,4,1610612744,GSW,201939,Curry,S. Curry,-134,222,26,Missed,1,0.0,0.0,0,h,MISS Curry 26' 3PT Jump Shot,Missed Shot,Jump Shot,0,479,21300673,2840,16.0,def_reb(24),3,-1,likely_open,subType: open-like
512,PT00M01.40S,4,1610612744,GSW,201939,Curry,S. Curry,132,233,27,Missed,1,0.0,0.0,0,h,MISS Curry 27' 3PT Pullup Jump Shot,Missed Shot,Pullup Jump shot,0,488,21300673,2879,19.0,def_reb(24),3,2,likely_contested,"subType: contested-like, text: pressure-move, distance: deep above-break 3 (>=27ft)"
12,PT10M21.00S,1,1610612744,GSW,201939,Curry,S. Curry,-67,112,13,Made,1,4.0,2.0,6,h,Curry 13' Pullup Jump Shot (2 PTS),Made Shot,Pullup Jump shot,0,14,21300688,99,18.0,def_reb(24),2,4,likely_contested,"subType: contested-like, text: pressure-move, distance: mid-range"
50,PT06M53.00S,1,1610612744,GSW,201939,Curry,S. Curry,-183,190,26,Made,1,15.0,4.0,19,h,Curry 26' 3PT Step Back Jump Shot (5 PTS),Made Shot,Step Back Jump shot,0,52,21300688,307,19.0,turnover(24),3,3,likely_contested,"subType: contested-like, text: pressure-move"
70,PT04M19.00S,1,1610612744,GSW,201939,Curry,S. Curry,-123,143,19,Missed,1,0.0,0.0,0,h,MISS Curry 19' Jump Shot,Missed Shot,Jump Shot,0,70,21300688,461,7.0,made_fg(24),2,-1,likely_open,subType: open-like
80,PT03M39.00S,1,1610612744,GSW,201939,Curry,S. Curry,-64,242,25,Made,1,25.0,16.0,41,h,Curry 25' 3PT Pullup Jump Shot (8 PTS),Made Shot,Pullup Jump shot,0,79,21300688,501,11.0,made_fg(24),3,3,likely_contested,"subType: contested-like, text: pressure-move"
90,PT02M14.00S,1,1610612744,GSW,201939,Curry,S. Curry,12,19,2,Made,1,29.0,21.0,50,h,Curry 2' Driving Finger Roll Layup (10 PTS) (Lee 1 AST),Made Shot,Driving Finger Roll Layup Shot,0,85,21300688,586,5.0,made_fg(24),2,2,likely_contested,"distance: at-rim/very close, clock: late (<=5s)"
95,PT01M29.00S,1,1610612744,GSW,201939,Curry,S. Curry,-95,82,13,Made,1,31.0,21.0,52,h,Curry 13' Driving Bank Shot (12 PTS),Made Shot,Driving Bank shot,0,89,21300688,631,3.0,def_reb(24),2,2,likely_contested,"distance: mid-range, clock: late (<=5s)"
269,PT09M46.00S,3,1610612744,GSW,201939,Curry,S. Curry,-229,33,0,Made,1,69.0,56.0,125,h,Curry  3PT Pullup Jump Shot (15 PTS) (Lee 2 AST),Made Shot,Pullup Jump shot,0,248,21300688,1574,8.0,def_reb(24),3,4,likely_contested,"subType: contested-like, text: pressure-move, distance: at-rim/very close, coords: corner-3"
274,PT08M52.00S,3,1610612744,GSW,201939,Curry,S. Curry,1,41,4,Missed,1,0.0,0.0,0,h,MISS Curry 4' Jump Shot,Missed Shot,Jump Shot,0,253,21300688,1628,4.0,off_reb(14),2,1,borderline,"subType: open-like, distance: at-rim/very close, clock: late (<=5s)"
315,PT05M01.00S,3,1610612744,GSW,201939,Curry,S. Curry,-27,30,4,Made,1,82.0,61.0,143,h,Curry 4' Running Bank Shot (17 PTS),Made Shot,Running Bank shot,0,289,21300688,1859,1.0,off_reb(14),2,2,likely_contested,"distance: at-rim/very close, clock: late (<=5s)"
493,PT02M59.00S,4,1610612744,GSW,201939,Curry,S. Curry,165,198,26,Made,1,109.0,87.0,196,h,Curry 26' 3PT Step Back Jump Shot (22 PTS),Made Shot,Step Back Jump shot,0,446,21300688,2701,8.0,def_reb(24),3,3,likely_contested,"subType: contested-like, text: pressure-move"
9,PT10M51.00S,1,1610612744,GSW,201939,Curry,S. Curry,146,124,19,Made,1,2.0,2.0,4,v,Curry 19' Jump Shot (2 PTS) (Bogut 1 AST),Made Shot,Jump Shot,0,10,21300696,69,11.0,made_fg(24),2,-1,likely_open,subType: open-like
16,PT10M03.00S,1,1610612744,GSW,201939,Curry,S. Curry,91,254,27,Made,1,2.0,5.0,7,v,Curry 27' 3PT Jump Shot (5 PTS) (Bogut 2 AST),Made Shot,Jump Shot,0,17,21300696,117,17.0,def_reb(24),3,-2,likely_open,"subType: open-like, distance: deep above-break 3 (>=27ft)"
37,PT07M14.00S,1,1610612744,GSW,201939,Curry,S. Curry,-40,247,25,Made,1,7.0,14.0,21,v,Curry 25' 3PT Jump Shot (8 PTS) (Bogut 3 AST),Made Shot,Jump Shot,0,37,21300696,286,20.0,def_reb(24),3,-1,likely_open,subType: open-like
40,PT06M38.00S,1,1610612744,GSW,201939,Curry,S. Curry,89,238,25,Missed,1,0.0,0.0,0,v,MISS Curry 25' 3PT Jump Shot,Missed Shot,Jump Shot,0,40,21300696,322,13.0,def_reb(24),3,-1,likely_open,subType: open-like
49,PT06M00.00S,1,1610612744,GSW,201939,Curry,S. Curry,222,116,25,Made,1,8.0,17.0,25,v,Curry 25' 3PT Jump Shot (11 PTS) (Thompson 1 AST),Made Shot,Jump Shot,0,48,21300696,360,8.0,off_reb(14),3,-1,likely_open,subType: open-like
63,PT04M38.00S,1,1610612744,GSW,201939,Curry,S. Curry,-52,241,25,Missed,1,0.0,0.0,0,v,MISS Curry 25' 3PT Jump Shot,Missed Shot,Jump Shot,0,61,21300696,442,11.0,made_fg(24),3,-1,likely_open,subType: open-like
76,PT03M04.00S,1,1610612744,GSW,201939,Curry,S. Curry,13,4,1,Made,1,12.0,21.0,33,v,Curry 1' Layup (13 PTS) (Bogut 4 AST),Made Shot,Layup Shot,0,75,21300696,536,15.0,def_reb(24),2,1,borderline,distance: at-rim/very close
104,PT01M02.00S,1,1610612744,GSW,201939,Curry,S. Curry,12,252,25,Missed,1,0.0,0.0,0,v,MISS Curry 25' 3PT Jump Shot,Missed Shot,Jump Shot,0,103,21300696,658,10.0,made_fg(24),3,-1,likely_open,subType: open-like
119,PT00M00.80S,1,1610612744,GSW,201939,Curry,S. Curry,29,14,3,Missed,1,0.0,0.0,0,v,MISS Curry 3' Jump Shot,Missed Shot,Jump Shot,0,115,21300696,720,15.0,final_ft(24),2,0,likely_open,"subType: open-like, distance: at-rim/very close"
185,PT05M35.00S,2,1610612744,GSW,201939,Curry,S. Curry,-32,178,18,Missed,1,0.0,0.0,0,v,MISS Curry 18' Jump Shot,Missed Shot,Jump Shot,0,178,21300696,1105,16.0,final_ft(24),2,-1,likely_open,subType: open-like
205,PT03M15.00S,2,1610612744,GSW,201939,Curry,S. Curry,173,-14,17,Missed,1,0.0,0.0,0,v,MISS Curry 17' Jump Shot,Missed Shot,Jump Shot,0,199,21300696,1245,3.0,keep_clock(18),2,0,likely_open,"subType: open-like, clock: late (<=5s)"
227,PT00M49.90S,2,1610612744,GSW,201939,Curry,S. Curry,59,149,16,Missed,1,0.0,0.0,0,v,MISS Curry 16' Jump Shot,Missed Shot,Jump Shot,0,216,21300696,1391,16.0,made_fg(24),2,0,likely_open,"subType: open-like, distance: mid-range"
290,PT08M15.00S,3,1610612744,GSW,201939,Curry,S. Curry,70,162,18,Made,1,52.0,49.0,101,v,Curry 18' Jump Shot (20 PTS),Made Shot,Jump Shot,0,272,21300696,1665,12.0,off_foul(24),2,-1,likely_open,subType: open-like
298,PT07M46.00S,3,1610612744,GSW,201939,Curry,S. Curry,6,249,25,Made,1,54.0,52.0,106,v,Curry 25' 3PT Jump Shot (23 PTS),Made Shot,Jump Shot,0,277,21300696,1694,15.0,final_ft(24),3,-1,likely_open,subType: open-like
309,PT05M31.00S,3,1610612744,GSW,201939,Curry,S. Curry,-169,170,24,Missed,1,0.0,0.0,0,v,MISS Curry 24' 3PT Jump Shot,Missed Shot,Jump Shot,0,290,21300696,1829,18.0,def_reb(24),3,-1,likely_open,subType: open-like
317,PT04M33.00S,3,1610612744,GSW,201939,Curry,S. Curry,2,60,6,Missed,1,0.0,0.0,0,v,MISS Curry 6' Jump Shot,Missed Shot,Jump Shot,0,298,21300696,1887,13.0,turnover(24),2,-1,likely_open,subType: open-like
328,PT04M17.00S,3,1610612744,GSW,201939,Curry,S. Curry,31,11,3,Made,1,61.0,56.0,117,v,Curry 3' Driving Layup (25 PTS),Made Shot,Driving Layup Shot,0,307,21300696,1903,13.0,final_ft(24),2,3,likely_contested,"subType: contested-like, distance: at-rim/very close"
339,PT03M08.00S,3,1610612744,GSW,201939,Curry,S. Curry,89,231,25,Made,1,61.0,59.0,120,v,Curry 25' 3PT Jump Shot (28 PTS) (Thompson 2 AST),Made Shot,Jump Shot,0,319,21300696,1972,20.0,def_reb(24),3,-1,likely_open,subType: open-like
341,PT02M27.00S,3,1610612744,GSW,201939,Curry,S. Curry,-2,146,15,Made,1,63.0,61.0,124,v,Curry 15' Running Jump Shot (30 PTS),Made Shot,Running Jump Shot,0,321,21300696,2013,8.0,made_fg(24),2,0,likely_open,"subType: open-like, distance: mid-range"
412,PT08M14.00S,4,1610612744,GSW,201939,Curry,S. Curry,143,198,24,Made,1,77.0,72.0,149,v,Curry 24' 3PT Jump Shot (34 PTS) (Bogut 5 AST),Made Shot,Jump Shot,0,385,21300696,2386,6.0,keep_clock(19),3,-1,likely_open,subType: open-like
419,PT07M25.00S,4,1610612744,GSW,201939,Curry,S. Curry,-131,208,25,Made,1,77.0,77.0,154,v,Curry 25' 3PT Jump Shot (37 PTS),Made Shot,Jump Shot,0,392,21300696,2435,15.0,turnover(24),3,-1,likely_open,subType: open-like
441,PT04M52.00S,4,1610612744,GSW,201939,Curry,S. Curry,0,34,3,Missed,1,0.0,0.0,0,v,MISS Curry 3' Running Layup,Missed Shot,Running Layup Shot,0,413,21300696,2588,7.0,def_reb(24),2,3,likely_contested,"subType: contested-like, distance: at-rim/very close"
444,PT04M24.00S,4,1610612744,GSW,201939,Curry,S. Curry,-122,227,26,Made,1,81.0,85.0,166,v,Curry 26' 3PT Jump Shot (40 PTS),Made Shot,Jump Shot,0,416,21300696,2616,11.0,made_fg(24),3,-1,likely_open,subType: open-like
446,PT04M02.00S,4,1610612744,GSW,201939,Curry,S. Curry,-179,167,24,Missed,1,0.0,0.0,0,v,MISS Curry 24' 3PT Jump Shot,Missed Shot,Jump Shot,0,419,21300696,2638,19.0,turnover(24),3,-1,likely_open,subType: open-like
462,PT02M02.00S,4,1610612744,GSW,201939,Curry,S. Curry,56,44,7,Made,1,88.0,89.0,177,v,Curry 7' Floating Jump Shot (42 PTS),Made Shot,Floating Jump shot,0,434,21300696,2758,8.0,made_fg(24),2,2,likely_contested,subType: contested-like
477,PT00M32.90S,4,1610612744,GSW,201939,Curry,S. Curry,65,219,23,Missed,1,0.0,0.0,0,v,MISS Curry 23' Jump Shot,Missed Shot,Jump Shot,0,447,21300696,2848,10.0,def_reb(24),2,-1,likely_open,subType: open-like
15,PT10M04.00S,1,1610612744,GSW,201939,Curry,S. Curry,-130,131,18,Made,1,5.0,5.0,10,h,Curry 18' Pullup Jump Shot (2 PTS),Made Shot,Pullup Jump shot,0,18,21300724,116,14.0,made_fg(24),2,3,likely_contested,"subType: contested-like, text: pressure-move"
21,PT09M12.00S,1,1610612744,GSW,201939,Curry,S. Curry,67,244,25,Missed,1,0.0,0.0,0,h,MISS Curry 25' 3PT Jump Shot,Missed Shot,Jump Shot,0,25,21300724,168,14.0,def_reb(24),3,-1,likely_open,subType: open-like
62,PT04M22.00S,1,1610612744,GSW,201939,Curry,S. Curry,36,91,10,Missed,1,0.0,0.0,0,h,MISS Curry 10' Floating Jump Shot,Missed Shot,Floating Jump shot,0,65,21300724,458,,stale_reset(14),2,3,likely_contested,"subType: contested-like, distance: mid-range"
163,PT09M00.00S,2,1610612744,GSW,201939,Curry,S. Curry,-168,121,21,Made,1,20.0,28.0,48,h,Curry 21' Step Back Jump Shot (4 PTS),Made Shot,Step Back Jump shot,0,159,21300724,900,6.0,off_reb(14),2,3,likely_contested,"subType: contested-like, text: pressure-move"
185,PT07M43.00S,2,1610612744,GSW,201939,Curry,S. Curry,-142,115,18,Made,1,23.0,30.0,53,h,Curry 18' Jump Shot (6 PTS),Made Shot,Jump Shot,0,176,21300724,977,15.0,off_foul(24),2,-1,likely_open,subType: open-like
192,PT06M47.00S,2,1610612744,GSW,201939,Curry,S. Curry,-229,30,0,Missed,1,0.0,0.0,0,h,MISS Curry  3PT Jump Shot,Missed Shot,Jump Shot,0,182,21300724,1033,12.0,made_fg(24),3,-1,likely_open,"subType: open-like, distance: at-rim/very close, coords: corner-3, corner: catch/spot"
206,PT05M57.00S,2,1610612744,GSW,201939,Curry,S. Curry,-201,165,26,Missed,1,0.0,0.0,0,h,MISS Curry 26' 3PT Pullup Jump Shot,Missed Shot,Pullup Jump shot,0,197,21300724,1083,11.0,made_fg(24),3,3,likely_contested,"subType: contested-like, text: pressure-move"
218,PT04M06.00S,2,1610612744,GSW,201939,Curry,S. Curry,-60,30,7,Missed,1,0.0,0.0,0,h,MISS Curry 7' Jump Shot,Missed Shot,Jump Shot,0,209,21300724,1194,3.0,made_fg(24),2,0,likely_open,"subType: open-like, clock: late (<=5s)"
238,PT02M54.00S,2,1610612744,GSW,201939,Curry,S. Curry,-4,206,21,Made,1,31.0,44.0,75,h,Curry 21' Pullup Jump Shot (8 PTS),Made Shot,Pullup Jump shot,0,227,21300724,1266,10.0,def_reb(24),2,3,likely_contested,"subType: contested-like, text: pressure-move"
296,PT10M10.00S,3,1610612744,GSW,201939,Curry,S. Curry,-106,126,16,Made,1,43.0,52.0,95,h,Curry 16' Jump Bank Shot (10 PTS),Made Shot,Jump Bank Shot,0,276,21300724,1550,5.0,off_reb(14),2,4,likely_contested,"subType: contested-like, distance: mid-range, clock: late (<=5s)"
300,PT09M26.00S,3,1610612744,GSW,201939,Curry,S. Curry,-43,261,26,Missed,1,0.0,0.0,0,h,MISS Curry 26' 3PT Jump Shot,Missed Shot,Jump Shot,0,280,21300724,1594,11.0,made_fg(24),3,-1,likely_open,subType: open-like
316,PT07M07.00S,3,1610612744,GSW,201939,Curry,S. Curry,-185,189,26,Missed,1,0.0,0.0,0,h,MISS Curry 26' 3PT Jump Shot,Missed Shot,Jump Shot,0,295,21300724,1733,,stale_reset(24),3,-1,likely_open,subType: open-like
334,PT04M05.00S,3,1610612744,GSW,201939,Curry,S. Curry,23,107,11,Missed,1,0.0,0.0,0,h,MISS Curry 11' Jump Shot,Missed Shot,Jump Shot,0,312,21300724,1915,1.0,made_fg(24),2,1,borderline,"subType: open-like, distance: mid-range, clock: late (<=5s)"
410,PT10M45.00S,4,1610612744,GSW,201939,Curry,S. Curry,113,172,21,Made,1,60.0,72.0,132,h,Curry 21' Pullup Jump Shot (12 PTS) (Crawford 3 AST),Made Shot,Pullup Jump shot,0,380,21300724,2235,6.0,def_foul_14(14),2,3,likely_contested,"subType: contested-like, text: pressure-move"
413,PT10M05.00S,4,1610612744,GSW,201939,Curry,S. Curry,143,227,27,Missed,1,0.0,0.0,0,h,MISS Curry 27' 3PT Jump Shot,Missed Shot,Jump Shot,0,382,21300724,2275,5.0,made_fg(24),3,-1,likely_open,"subType: open-like, distance: deep above-break 3 (>=27ft), clock: late (<=5s)"
435,PT08M36.00S,4,1610612744,GSW,201939,Curry,S. Curry,228,-2,0,Made,1,63.0,81.0,144,h,Curry  3PT Step Back Jump Shot (15 PTS) (Crawford 4 AST),Made Shot,Step Back Jump shot,0,402,21300724,2364,20.0,keep_clock(23),3,4,likely_contested,"subType: contested-like, text: pressure-move, distance: at-rim/very close, coords: corner-3"
481,PT04M32.00S,4,1610612744,GSW,201939,Curry,S. Curry,-41,28,5,Made,1,71.0,87.0,158,h,Curry 5' Jump Bank Shot (17 PTS) (Green 1 AST),Made Shot,Jump Bank Shot,0,444,21300724,2608,12.0,made_fg(24),2,3,likely_contested,"subType: contested-like, distance: at-rim/very close"
494,PT02M14.00S,4,1610612744,GSW,201939,Curry,S. Curry,110,151,19,Missed,1,0.0,0.0,0,h,MISS Curry 19' Pullup Jump Shot,Missed Shot,Pullup Jump shot,0,457,21300724,2746,14.0,made_fg(24),2,3,likely_contested,"subType: contested-like, text: pressure-move"
15,PT10M46.00S,1,1610612744,GSW,201939,Curry,S. Curry,99,190,21,Missed,1,0.0,0.0,0,h,MISS Curry 21' Jump Shot,Missed Shot,Jump Shot,0,13,21300738,74,10.0,def_reb(24),2,-1,likely_open,subType: open-like
19,PT10M09.00S,1,1610612744,GSW,201939,Curry,S. Curry,146,20,15,Made,1,4.0,5.0,9,h,Curry 15' Step Back Jump Shot (2 PTS),Made Shot,Step Back Jump shot,0,17,21300738,111,10.0,made_fg(24),2,4,likely_contested,"subType: contested-like, text: pressure-move, distance: mid-range"
27,PT08M30.00S,1,1610612744,GSW,201939,Curry,S. Curry,-139,33,14,Made,1,6.0,11.0,17,h,Curry 14' Step Back Jump Shot (4 PTS),Made Shot,Step Back Jump shot,0,25,21300738,210,14.0,made_fg(24),2,4,likely_contested,"subType: contested-like, text: pressure-move, distance: mid-range"
44,PT06M21.00S,1,1610612744,GSW,201939,Curry,S. Curry,-131,246,28,Missed,1,0.0,0.0,0,h,MISS Curry 28' 3PT Jump Shot,Missed Shot,Jump Shot,0,44,21300738,339,12.0,off_reb(14),3,-2,likely_open,"subType: open-like, distance: deep above-break 3 (>=27ft)"
85,PT02M17.00S,1,1610612744,GSW,201939,Curry,S. Curry,-52,75,9,Made,1,14.0,23.0,37,h,Curry 9' Floating Jump Shot (6 PTS),Made Shot,Floating Jump shot,0,86,21300738,583,9.0,turnover(24),2,3,likely_contested,"subType: contested-like, distance: mid-range"
154,PT07M02.00S,2,1610612744,GSW,201939,Curry,S. Curry,58,123,14,Made,1,30.0,38.0,68,h,Curry 14' Pullup Jump Shot (8 PTS) (Iguodala 3 AST),Made Shot,Pullup Jump shot,0,151,21300738,1018,8.0,final_ft(24),2,4,likely_contested,"subType: contested-like, text: pressure-move, distance: mid-range"
156,PT06M23.00S,2,1610612744,GSW,201939,Curry,S. Curry,37,261,26,Made,1,33.0,40.0,73,h,Curry 26' 3PT Pullup Jump Shot (11 PTS) (Crawford 2 AST),Made Shot,Pullup Jump shot,0,153,21300738,1057,0.0,made_fg(24),3,4,likely_contested,"subType: contested-like, text: pressure-move, clock: late (<=5s)"
166,PT05M12.00S,2,1610612744,GSW,201939,Curry,S. Curry,13,19,2,Made,1,35.0,40.0,75,h,Curry 2' Driving Layup (13 PTS),Made Shot,Driving Layup Shot,0,162,21300738,1128,,stale_reset(24),2,3,likely_contested,"subType: contested-like, distance: at-rim/very close"
173,PT03M49.00S,2,1610612744,GSW,201939,Curry,S. Curry,6,201,20,Made,1,37.0,42.0,79,h,Curry 20' Step Back Jump Shot (15 PTS),Made Shot,Step Back Jump shot,0,170,21300738,1211,12.0,made_fg(24),2,3,likely_contested,"subType: contested-like, text: pressure-move"
176,PT03M24.00S,2,1610612744,GSW,201939,Curry,S. Curry,-131,235,27,Missed,1,0.0,0.0,0,h,MISS Curry 27' 3PT Pullup Jump Shot,Missed Shot,Pullup Jump shot,0,173,21300738,1236,13.0,turnover(24),3,2,likely_contested,"subType: contested-like, text: pressure-move, distance: deep above-break 3 (>=27ft)"
198,PT01M11.00S,2,1610612744,GSW,201939,Curry,S. Curry,-131,124,18,Made,1,45.0,46.0,91,h,Curry 18' Step Back Jump Shot (17 PTS),Made Shot,Step Back Jump shot,0,193,21300738,1369,6.0,made_fg(24),2,3,likely_contested,"subType: contested-like, text: pressure-move"
211,PT00M29.50S,2,1610612744,GSW,201939,Curry,S. Curry,114,268,29,Made,1,50.0,46.0,96,h,Curry 29' 3PT Pullup Jump Shot (22 PTS),Made Shot,Pullup Jump shot,0,203,21300738,1411,17.0,def_reb(24),3,2,likely_contested,"subType: contested-like, text: pressure-move, distance: deep above-break 3 (>=27ft)"
229,PT10M45.00S,3,1610612744,GSW,201939,Curry,S. Curry,7,20,2,Missed,1,0.0,0.0,0,h,MISS Curry 2' Layup,Missed Shot,Layup Shot,0,219,21300738,1515,8.0,def_reb(24),2,1,borderline,distance: at-rim/very close
256,PT08M12.00S,3,1610612744,GSW,201939,Curry,S. Curry,173,198,26,Made,1,57.0,56.0,113,h,Curry 26' 3PT Step Back Jump Shot (25 PTS) (Green 1 AST),Made Shot,Step Back Jump shot,0,242,21300738,1668,11.0,final_ft(24),3,3,likely_contested,"subType: contested-like, text: pressure-move"
351,PT00M57.90S,3,1610612744,GSW,201939,Curry,S. Curry,-13,4,1,Made,1,76.0,66.0,142,h,Curry 1' Driving Reverse Layup (29 PTS),Made Shot,Driving Reverse Layup Shot,0,322,21300738,2103,21.0,def_reb(24),2,3,likely_contested,"subType: contested-like, distance: at-rim/very close"
355,PT00M32.90S,3,1610612744,GSW,201939,Curry,S. Curry,174,129,22,Missed,1,0.0,0.0,0,h,MISS Curry 22' Fadeaway Jumper,Missed Shot,Fadeaway Jump Shot,0,326,21300738,2128,13.0,made_fg(24),2,3,likely_contested,"subType: contested-like, text: pressure-move"
399,PT07M14.00S,4,1610612744,GSW,201939,Curry,S. Curry,143,211,25,Made,1,87.0,77.0,164,h,Curry 25' 3PT Step Back Jump Shot (32 PTS),Made Shot,Step Back Jump shot,0,368,21300738,2446,10.0,turnover(24),3,3,likely_contested,"subType: contested-like, text: pressure-move"
401,PT06M34.00S,4,1610612744,GSW,201939,Curry,S. Curry,103,170,20,Missed,1,0.0,0.0,0,h,MISS Curry 20' Step Back Jump Shot,Missed Shot,Step Back Jump shot,0,370,21300738,2486,8.0,turnover(24),2,3,likely_contested,"subType: contested-like, text: pressure-move"
443,PT01M28.00S,4,1610612744,GSW,201939,Curry,S. Curry,83,143,17,Made,1,96.0,87.0,183,h,Curry 17' Floating Jump Shot (34 PTS) (O'Neal 2 AST),Made Shot,Floating Jump shot,0,411,21300738,2792,7.0,made_fg(24),2,2,likely_contested,subType: contested-like
36,PT07M49.00S,1,1610612744,GSW,201939,Curry,S. Curry,-59,119,13,Made,1,12.0,6.0,18,v,Curry 13' Floating Jump Shot (2 PTS),Made Shot,Floating Jump shot,0,38,21300754,251,11.0,off_reb(14),2,3,likely_contested,"subType: contested-like, distance: mid-range"
54,PT07M08.00S,1,1610612744,GSW,201939,Curry,S. Curry,138,149,20,Missed,1,0.0,0.0,0,v,MISS Curry 20' Jump Shot,Missed Shot,Jump Shot,0,51,21300754,292,13.0,final_ft(24),2,-1,likely_open,subType: open-like
58,PT06M42.00S,1,1610612744,GSW,201939,Curry,S. Curry,-11,3,1,Missed,1,0.0,0.0,0,v,MISS Curry 1' Driving Layup,Missed Shot,Driving Layup Shot,0,55,21300754,318,10.0,def_reb(24),2,3,likely_contested,"subType: contested-like, distance: at-rim/very close"
65,PT05M46.00S,1,1610612744,GSW,201939,Curry,S. Curry,135,213,25,Made,1,18.0,13.0,31,v,Curry 25' 3PT Jump Shot (6 PTS),Made Shot,Jump Shot,0,62,21300754,374,9.0,made_fg(24),3,-1,likely_open,subType: open-like
146,PT09M50.00S,2,1610612744,GSW,201939,Curry,S. Curry,-57,173,18,Made,1,34.0,32.0,66,v,Curry 18' Jump Shot (8 PTS),Made Shot,Jump Shot,0,140,21300754,850,9.0,final_ft(24),2,-1,likely_open,subType: open-like
195,PT06M09.00S,2,1610612744,GSW,201939,Curry,S. Curry,13,271,27,Missed,1,0.0,0.0,0,v,MISS Curry 27' 3PT Jump Shot,Missed Shot,Jump Shot,0,181,21300754,1071,17.0,def_reb(24),3,-2,likely_open,"subType: open-like, distance: deep above-break 3 (>=27ft)"
234,PT03M24.00S,2,1610612744,GSW,201939,Curry,S. Curry,-103,160,19,Made,1,53.0,48.0,101,v,Curry 19' Jump Shot (10 PTS),Made Shot,Jump Shot,0,209,21300754,1236,13.0,final_ft(24),2,-1,likely_open,subType: open-like
236,PT03M02.00S,2,1610612744,GSW,201939,Curry,S. Curry,99,225,25,Made,1,55.0,51.0,106,v,Curry 25' 3PT Jump Shot (13 PTS),Made Shot,Jump Shot,0,211,21300754,1258,15.0,made_fg(24),3,-1,likely_open,subType: open-like
246,PT02M00.00S,2,1610612744,GSW,201939,Curry,S. Curry,-237,11,24,Made,1,57.0,54.0,111,v,Curry 24' 3PT Jump Shot (16 PTS) (Green 2 AST),Made Shot,Jump Shot,0,222,21300754,1320,10.0,off_reb(14),3,-2,likely_open,"subType: open-like, coords: corner-3, corner: catch/spot"
249,PT01M42.00S,2,1610612744,GSW,201939,Curry,S. Curry,17,9,2,Missed,1,0.0,0.0,0,v,MISS Curry 2' Driving Layup,Missed Shot,Driving Layup Shot,0,225,21300754,1338,16.0,def_reb(24),2,3,likely_contested,"subType: contested-like, distance: at-rim/very close"
307,PT10M03.00S,3,1610612744,GSW,201939,Curry,S. Curry,190,93,21,Made,1,70.0,62.0,132,v,Curry 21' Jump Shot (19 PTS),Made Shot,Jump Shot,0,277,21300754,1557,12.0,made_fg(24),2,-1,likely_open,subType: open-like
310,PT09M34.00S,3,1610612744,GSW,201939,Curry,S. Curry,-153,201,25,Missed,1,0.0,0.0,0,v,MISS Curry 25' 3PT Jump Shot,Missed Shot,Jump Shot,0,281,21300754,1586,18.0,def_reb(24),3,-1,likely_open,subType: open-like
335,PT06M49.00S,3,1610612744,GSW,201939,Curry,S. Curry,-15,0,2,Made,1,78.0,66.0,144,v,Curry 2' Driving Reverse Layup (21 PTS),Made Shot,Driving Reverse Layup Shot,0,303,21300754,1751,11.0,made_fg(24),2,3,likely_contested,"subType: contested-like, distance: at-rim/very close"
340,PT05M58.00S,3,1610612744,GSW,201939,Curry,S. Curry,-73,203,22,Made,1,78.0,71.0,149,v,Curry 22' Jump Shot (23 PTS),Made Shot,Jump Shot,0,308,21300754,1802,17.0,turnover(24),2,-1,likely_open,subType: open-like
352,PT04M17.00S,3,1610612744,GSW,201939,Curry,S. Curry,62,250,26,Missed,1,0.0,0.0,0,v,MISS Curry 26' 3PT Jump Shot,Missed Shot,Jump Shot,0,317,21300754,1903,13.0,off_foul(24),3,-1,likely_open,subType: open-like
378,PT01M54.00S,3,1610612744,GSW,201939,Curry,S. Curry,-82,175,19,Made,1,91.0,81.0,172,v,Curry 19' Pullup Jump Shot (26 PTS),Made Shot,Pullup Jump shot,0,337,21300754,2046,12.0,made_fg(24),2,3,likely_contested,"subType: contested-like, text: pressure-move"
399,PT00M08.90S,3,1610612744,GSW,201939,Curry,S. Curry,65,236,24,Missed,1,0.0,0.0,0,v,MISS Curry 24' 3PT Jump Shot,Missed Shot,Jump Shot,0,354,21300754,2152,7.0,final_ft(24),3,-1,likely_open,subType: open-like
440,PT09M26.00S,4,1610612744,GSW,201939,Curry,S. Curry,48,241,25,Missed,1,0.0,0.0,0,v,MISS Curry 25' 3PT Jump Shot,Missed Shot,Jump Shot,0,388,21300754,2314,11.0,off_foul(24),3,-1,likely_open,subType: open-like
492,PT04M08.00S,4,1610612744,GSW,201939,Curry,S. Curry,102,224,25,Missed,1,0.0,0.0,0,v,MISS Curry 25' 3PT Jump Shot,Missed Shot,Jump Shot,0,435,21300754,2632,9.0,made_fg(24),3,-1,likely_open,subType: open-like
509,PT01M39.00S,4,1610612744,GSW,201939,Curry,S. Curry,59,239,25,Missed,1,0.0,0.0,0,v,MISS Curry 25' 3PT Jump Shot,Missed Shot,Jump Shot,0,452,21300754,2781,14.0,made_fg(24),3,-1,likely_open,subType: open-like
3,PT11M33.00S,1,1610612744,GSW,201939,Curry,S. Curry,157,205,26,Made,1,3.0,0.0,3,h,Curry 26' 3PT Step Back Jump Shot (3 PTS) (Iguodala 1 AST),Made Shot,Step Back Jump shot,0,5,21300769,27,18.0,turnover(24),3,3,likely_contested,"subType: contested-like, text: pressure-move"
49,PT05M24.00S,1,1610612744,GSW,201939,Curry,S. Curry,-38,266,27,Missed,1,0.0,0.0,0,h,MISS Curry 27' 3PT Jump Shot,Missed Shot,Jump Shot,0,54,21300769,396,,stale_reset(24),3,-2,likely_open,"subType: open-like, distance: deep above-break 3 (>=27ft)"
104,PT01M20.00S,1,1610612744,GSW,201939,Curry,S. Curry,-92,198,22,Missed,1,0.0,0.0,0,h,MISS Curry 22' Jump Shot,Missed Shot,Jump Shot,0,101,21300769,640,7.0,final_ft(24),2,-1,likely_open,subType: open-like
210,PT04M12.00S,2,1610612744,GSW,201939,Curry,S. Curry,-78,258,27,Made,1,52.0,33.0,85,h,Curry 27' 3PT Pullup Jump Shot (6 PTS),Made Shot,Pullup Jump shot,0,199,21300769,1188,9.0,def_reb(24),3,2,likely_contested,"subType: contested-like, text: pressure-move, distance: deep above-break 3 (>=27ft)"
241,PT01M23.00S,2,1610612744,GSW,201939,Curry,S. Curry,-235,44,24,Made,1,63.0,33.0,96,h,Curry 24' 3PT Pullup Jump Shot (12 PTS) (Iguodala 2 AST),Made Shot,Pullup Jump shot,0,231,21300769,1357,7.0,def_reb(24),3,3,likely_contested,"subType: contested-like, text: pressure-move, coords: corner-3"
251,PT00M21.10S,2,1610612744,GSW,201939,Curry,S. Curry,-29,265,27,Made,1,66.0,33.0,99,h,Curry 27' 3PT Pullup Jump Shot (15 PTS),Made Shot,Pullup Jump shot,0,244,21300769,1419,6.0,def_violation_14(14),3,2,likely_contested,"subType: contested-like, text: pressure-move, distance: deep above-break 3 (>=27ft)"
292,PT09M11.00S,3,1610612744,GSW,201939,Curry,S. Curry,13,12,2,Made,1,72.0,35.0,107,h,Curry 2' Driving Layup (17 PTS),Made Shot,Driving Layup Shot,0,281,21300769,1609,8.0,made_fg(24),2,3,likely_contested,"subType: contested-like, distance: at-rim/very close"
302,PT08M24.00S,3,1610612744,GSW,201939,Curry,S. Curry,193,159,25,Made,1,77.0,35.0,112,h,Curry 25' 3PT Pullup Jump Shot (20 PTS) (Iguodala 3 AST),Made Shot,Pullup Jump shot,0,290,21300769,1656,14.0,turnover(24),3,3,likely_contested,"subType: contested-like, text: pressure-move"
327,PT06M01.00S,3,1610612744,GSW,201939,Curry,S. Curry,-19,265,27,Missed,1,0.0,0.0,0,h,MISS Curry 27' 3PT Jump Shot,Missed Shot,Jump Shot,0,312,21300769,1799,13.0,made_fg(24),3,-2,likely_open,"subType: open-like, distance: deep above-break 3 (>=27ft)"
329,PT05M56.00S,3,1610612744,GSW,201939,Curry,S. Curry,-237,47,24,Made,1,84.0,42.0,126,h,Curry 24' 3PT Pullup Jump Shot (23 PTS) (Iguodala 4 AST),Made Shot,Pullup Jump shot,0,314,21300769,1804,10.0,off_reb(14),3,3,likely_contested,"subType: contested-like, text: pressure-move, coords: corner-3"
335,PT05M22.00S,3,1610612744,GSW,201939,Curry,S. Curry,-158,200,25,Missed,1,0.0,0.0,0,h,MISS Curry 25' 3PT Pullup Jump Shot,Missed Shot,Pullup Jump shot,0,320,21300769,1838,11.0,def_reb(24),3,3,likely_contested,"subType: contested-like, text: pressure-move"
45,PT06M38.00S,1,1610612744,GSW,201939,Curry,S. Curry,0,20,2,Missed,1,0.0,0.0,0,h,MISS Curry 2' Layup,Missed Shot,Layup Shot,0,42,21300788,322,11.0,made_fg(24),2,1,borderline,distance: at-rim/very close
180,PT06M06.00S,2,1610612744,GSW,201939,Curry,S. Curry,-168,233,29,Made,1,32.0,40.0,72,h,Curry 29' 3PT Step Back Jump Shot (5 PTS),Made Shot,Step Back Jump shot,0,169,21300788,1074,14.0,final_ft(24),3,2,likely_contested,"subType: contested-like, text: pressure-move, distance: deep above-break 3 (>=27ft)"
219,PT03M39.00S,2,1610612744,GSW,201939,Curry,S. Curry,-201,173,27,Made,1,37.0,48.0,85,h,Curry 27' 3PT Step Back Jump Shot (8 PTS) (Iguodala 3 AST),Made Shot,Step Back Jump shot,0,205,21300788,1221,18.0,def_reb(24),3,2,likely_contested,"subType: contested-like, text: pressure-move, distance: deep above-break 3 (>=27ft)"
284,PT08M49.00S,3,1610612744,GSW,201939,Curry,S. Curry,2,45,5,Missed,1,0.0,0.0,0,h,MISS Curry 5' Floating Jump Shot,Missed Shot,Floating Jump shot,0,264,21300788,1631,12.0,made_fg(24),2,3,likely_contested,"subType: contested-like, distance: at-rim/very close"
313,PT06M10.00S,3,1610612744,GSW,201939,Curry,S. Curry,-2,20,2,Missed,1,0.0,0.0,0,h,MISS Curry 2' Driving Layup,Missed Shot,Driving Layup Shot,0,289,21300788,1790,13.0,turnover(24),2,3,likely_contested,"subType: contested-like, distance: at-rim/very close"
331,PT04M59.00S,3,1610612744,GSW,201939,Curry,S. Curry,127,153,20,Made,1,65.0,75.0,140,h,Curry 20' Pullup Jump Shot (14 PTS),Made Shot,Pullup Jump shot,0,304,21300788,1861,5.0,def_reb(24),2,4,likely_contested,"subType: contested-like, text: pressure-move, clock: late (<=5s)"
338,PT04M26.00S,3,1610612744,GSW,201939,Curry,S. Curry,70,89,11,Missed,1,0.0,0.0,0,h,MISS Curry 11' Floating Jump Shot,Missed Shot,Floating Jump shot,0,312,21300788,1894,12.0,off_reb(14),2,3,likely_contested,"subType: contested-like, distance: mid-range"
375,PT00M01.70S,3,1610612744,GSW,201939,Curry,S. Curry,0,254,25,Made,1,82.0,84.0,166,h,Curry 25' 3PT Step Back Jump Shot (19 PTS),Made Shot,Step Back Jump shot,0,346,21300788,2159,14.0,made_fg(24),3,3,likely_contested,"subType: contested-like, text: pressure-move"
382,PT11M33.00S,4,1610612744,GSW,201939,Curry,S. Curry,-7,260,26,Made,1,85.0,84.0,169,h,Curry 26' 3PT Step Back Jump Shot (22 PTS),Made Shot,Step Back Jump shot,0,352,21300788,2187,9.0,def_reb(24),3,3,likely_contested,"subType: contested-like, text: pressure-move"
387,PT11M04.00S,4,1610612744,GSW,201939,Curry,S. Curry,7,-2,1,Made,1,87.0,84.0,171,h,Curry 1' Driving Layup (24 PTS),Made Shot,Driving Layup Shot,0,358,21300788,2216,21.0,turnover(24),2,3,likely_contested,"subType: contested-like, distance: at-rim/very close"
399,PT10M16.00S,4,1610612744,GSW,201939,Curry,S. Curry,-18,12,2,Missed,1,0.0,0.0,0,h,MISS Curry 2' Driving Layup,Missed Shot,Driving Layup Shot,0,368,21300788,2264,13.0,final_ft(24),2,3,likely_contested,"subType: contested-like, distance: at-rim/very close"
476,PT01M37.00S,4,1610612744,GSW,201939,Curry,S. Curry,-5,15,2,Missed,1,0.0,0.0,0,h,MISS Curry 2' Driving Layup,Missed Shot,Driving Layup Shot,0,440,21300788,2783,17.0,turnover(24),2,3,likely_contested,"subType: contested-like, distance: at-rim/very close"
481,PT00M47.70S,4,1610612744,GSW,201939,Curry,S. Curry,-67,129,15,Made,1,107.0,107.0,214,h,Curry 15' Pullup Jump Shot (26 PTS),Made Shot,Pullup Jump shot,0,446,21300788,2833,13.0,made_fg(24),2,4,likely_contested,"subType: contested-like, text: pressure-move, distance: mid-range"
489,PT00M14.60S,4,1610612744,GSW,201939,Curry,S. Curry,51,39,6,Made,1,109.0,108.0,217,h,Curry 6' Running Bank Shot (28 PTS),Made Shot,Running Bank shot,0,452,21300788,2866,15.0,def_reb(24),2,0,likely_open,
6,PT11M14.00S,1,1610612744,GSW,201939,Curry,S. Curry,-155,1,16,Missed,1,0.0,0.0,0,v,MISS Curry 16' Jump Shot,Missed Shot,Jump Shot,0,7,21300810,46,16.0,def_reb(24),2,0,likely_open,"subType: open-like, distance: mid-range"
77,PT04M31.00S,1,1610612744,GSW,201939,Curry,S. Curry,-29,151,15,Made,1,11.0,17.0,28,v,Curry 15' Running Jump Shot (3 PTS),Made Shot,Running Jump Shot,0,71,21300810,449,18.0,def_reb(24),2,0,likely_open,"subType: open-like, distance: mid-range"
80,PT04M12.00S,1,1610612744,GSW,201939,Curry,S. Curry,174,181,25,Made,1,11.0,20.0,31,v,Curry 25' 3PT Jump Shot (6 PTS) (Barnes 1 AST),Made Shot,Jump Shot,0,74,21300810,468,16.0,def_reb(24),3,-1,likely_open,subType: open-like
87,PT03M40.00S,1,1610612744,GSW,201939,Curry,S. Curry,184,115,22,Made,1,14.0,22.0,36,v,Curry 22' Jump Shot (8 PTS),Made Shot,Jump Shot,0,78,21300810,500,9.0,made_fg(24),2,-1,likely_open,subType: open-like
109,PT02M25.00S,1,1610612744,GSW,201939,Curry,S. Curry,-136,149,20,Made,1,18.0,26.0,44,v,Curry 20' Turnaround Jump Shot (10 PTS),Made Shot,Turnaround Jump Shot,0,95,21300810,575,12.0,final_ft(24),2,0,likely_open,
253,PT03M11.00S,2,1610612744,GSW,201939,Curry,S. Curry,31,34,5,Missed,1,0.0,0.0,0,v,MISS Curry 5' Jump Shot,Missed Shot,Jump Shot,0,224,21300810,1249,10.0,made_fg(24),2,0,likely_open,"subType: open-like, distance: at-rim/very close"
287,PT00M32.70S,2,1610612744,GSW,201939,Curry,S. Curry,-127,225,26,Missed,1,0.0,0.0,0,v,MISS Curry 26' 3PT Jump Shot,Missed Shot,Jump Shot,0,254,21300810,1408,15.0,final_ft(24),3,-1,likely_open,subType: open-like
308,PT10M43.00S,3,1610612744,GSW,201939,Curry,S. Curry,92,25,10,Missed,1,0.0,0.0,0,v,MISS Curry 10' Jump Shot,Missed Shot,Jump Shot,0,274,21300810,1517,15.0,def_reb(24),2,0,likely_open,"subType: open-like, distance: mid-range"
359,PT05M55.00S,3,1610612744,GSW,201939,Curry,S. Curry,-68,34,8,Missed,1,0.0,0.0,0,v,MISS Curry 8' Jump Shot,Missed Shot,Jump Shot,0,322,21300810,1805,16.0,made_fg(24),2,0,likely_open,"subType: open-like, distance: mid-range"
380,PT03M33.00S,3,1610612744,GSW,201939,Curry,S. Curry,163,198,26,Missed,1,0.0,0.0,0,v,MISS Curry 26' 3PT Jump Shot,Missed Shot,Jump Shot,0,341,21300810,1947,13.0,def_reb(24),3,-1,likely_open,subType: open-like
488,PT06M11.00S,4,1610612744,GSW,201939,Curry,S. Curry,-29,23,4,Missed,1,0.0,0.0,0,v,MISS Curry 4' Driving Layup,Missed Shot,Driving Layup Shot,0,442,21300810,2509,13.0,final_ft(24),2,3,likely_contested,"subType: contested-like, distance: at-rim/very close"
497,PT05M26.00S,4,1610612744,GSW,201939,Curry,S. Curry,12,20,2,Made,1,82.0,90.0,172,v,Curry 2' Driving Layup (13 PTS),Made Shot,Driving Layup Shot,0,450,21300810,2554,7.0,def_reb(24),2,3,likely_contested,"subType: contested-like, distance: at-rim/very close"
524,PT02M36.00S,4,1610612744,GSW,201939,Curry,S. Curry,-226,52,0,Missed,1,0.0,0.0,0,v,MISS Curry  3PT Jump Shot,Missed Shot,Jump Shot,0,469,21300810,2724,8.0,final_ft(24),3,0,likely_open,"subType: open-like, distance: at-rim/very close"
539,PT01M03.00S,4,1610612744,GSW,201939,Curry,S. Curry,0,71,7,Missed,1,0.0,0.0,0,v,MISS Curry 7' Running Jump Shot,Missed Shot,Running Jump Shot,0,481,21300810,2817,2.0,final_ft(24),2,0,likely_open,"subType: open-like, clock: late (<=5s)"
8,PT10M48.00S,1,1610612744,GSW,201939,Curry,S. Curry,-23,20,3,Missed,1,0.0,0.0,0,h,MISS Curry 3' Floating Jump Shot,Missed Shot,Floating Jump shot,0,8,21300814,72,16.0,def_reb(24),2,3,likely_contested,"subType: contested-like, distance: at-rim/very close"
29,PT07M37.00S,1,1610612744,GSW,201939,Curry,S. Curry,-48,75,9,Missed,1,0.0,0.0,0,h,MISS Curry 9' Jump Shot,Missed Shot,Jump Shot,0,28,21300814,263,6.0,made_fg(24),2,0,likely_open,"subType: open-like, distance: mid-range"
143,PT10M31.00S,2,1610612744,GSW,201939,Curry,S. Curry,7,15,2,Made,1,25.0,29.0,54,h,Curry 2' Driving Reverse Layup (2 PTS) (Green 2 AST),Made Shot,Driving Reverse Layup Shot,0,143,21300814,809,20.0,turnover(24),2,3,likely_contested,"subType: contested-like, distance: at-rim/very close"
225,PT04M29.00S,2,1610612744,GSW,201939,Curry,S. Curry,-60,250,26,Made,1,42.0,34.0,76,h,Curry 26' 3PT Pullup Jump Shot (5 PTS),Made Shot,Pullup Jump shot,0,214,21300814,1171,15.0,def_reb(24),3,3,likely_contested,"subType: contested-like, text: pressure-move"
292,PT00M01.00S,2,1610612744,GSW,201939,Curry,S. Curry,129,315,34,Missed,1,0.0,0.0,0,h,MISS Curry 34' 3PT Jump Shot,Missed Shot,Jump Shot,0,270,21300814,1439,16.0,final_ft(24),3,-2,likely_open,"subType: open-like, distance: deep above-break 3 (>=27ft)"
297,PT11M45.00S,3,1610612744,GSW,201939,Curry,S. Curry,-114,241,27,Made,1,50.0,43.0,93,h,Curry 27' 3PT Pullup Jump Shot (8 PTS) (Iguodala 1 AST),Made Shot,Pullup Jump shot,0,274,21300814,1455,9.0,period_start(24),3,2,likely_contested,"subType: contested-like, text: pressure-move, distance: deep above-break 3 (>=27ft)"
303,PT10M52.00S,3,1610612744,GSW,201939,Curry,S. Curry,193,170,26,Made,1,53.0,43.0,96,h,Curry 26' 3PT Pullup Jump Shot (11 PTS) (Iguodala 2 AST),Made Shot,Pullup Jump shot,0,281,21300814,1508,19.0,turnover(24),3,3,likely_contested,"subType: contested-like, text: pressure-move"
325,PT08M24.00S,3,1610612744,GSW,201939,Curry,S. Curry,-108,157,19,Missed,1,0.0,0.0,0,h,MISS Curry 19' Jump Shot,Missed Shot,Jump Shot,0,300,21300814,1656,12.0,final_ft(24),2,-1,likely_open,subType: open-like
341,PT07M31.00S,3,1610612744,GSW,201939,Curry,S. Curry,-234,22,24,Missed,1,0.0,0.0,0,h,MISS Curry 24' 3PT Step Back Jump Shot,Missed Shot,Step Back Jump shot,0,312,21300814,1709,2.0,off_reb(14),3,4,likely_contested,"subType: contested-like, text: pressure-move, coords: corner-3, clock: late (<=5s)"
371,PT04M30.00S,3,1610612744,GSW,201939,Curry,S. Curry,-185,198,27,Missed,1,0.0,0.0,0,h,MISS Curry 27' 3PT Pullup Jump Shot,Missed Shot,Pullup Jump shot,0,340,21300814,1890,19.0,def_reb(24),3,2,likely_contested,"subType: contested-like, text: pressure-move, distance: deep above-break 3 (>=27ft)"
481,PT06M02.00S,4,1610612744,GSW,201939,Curry,S. Curry,-26,39,5,Missed,1,0.0,0.0,0,h,MISS Curry 5' Floating Jump Shot,Missed Shot,Floating Jump shot,0,453,21300814,2518,4.0,made_fg(24),2,4,likely_contested,"subType: contested-like, distance: at-rim/very close, clock: late (<=5s)"
484,PT05M32.00S,4,1610612744,GSW,201939,Curry,S. Curry,6,266,27,Made,1,78.0,77.0,155,h,Curry 27' 3PT Pullup Jump Shot (14 PTS),Made Shot,Pullup Jump shot,0,456,21300814,2548,13.0,made_fg(24),3,2,likely_contested,"subType: contested-like, text: pressure-move, distance: deep above-break 3 (>=27ft)"
490,PT04M40.00S,4,1610612744,GSW,201939,Curry,S. Curry,1,105,11,Made,1,80.0,77.0,157,h,Curry 11' Floating Jump Shot (16 PTS),Made Shot,Floating Jump shot,0,461,21300814,2600,11.0,turnover(24),2,3,likely_contested,"subType: contested-like, distance: mid-range"
542,PT00M03.20S,4,1610612744,GSW,201939,Curry,S. Curry,-26,30,4,Made,1,89.0,89.0,178,h,Curry 4' Floating Jump Shot (18 PTS) (Iguodala 6 AST),Made Shot,Floating Jump shot,0,504,21300814,2877,21.0,made_fg(24),2,3,likely_contested,"subType: contested-like, distance: at-rim/very close"
555,PT04M02.00S,5,1610612744,GSW,201939,Curry,S. Curry,179,195,26,Made,1,92.0,89.0,181,h,Curry 26' 3PT Step Back Jump Shot (21 PTS) (Iguodala 7 AST),Made Shot,Step Back Jump shot,0,518,21300814,2938,11.0,turnover(24),3,3,likely_contested,"subType: contested-like, text: pressure-move"
23,PT09M04.00S,1,1610612744,GSW,201939,Curry,S. Curry,159,78,18,Made,1,6.0,2.0,8,h,Curry 18' Fadeaway Jumper (2 PTS),Made Shot,Fadeaway Jump Shot,0,26,21300832,176,12.0,off_foul(24),2,3,likely_contested,"subType: contested-like, text: pressure-move"
31,PT07M59.00S,1,1610612744,GSW,201939,Curry,S. Curry,141,224,26,Made,1,11.0,2.0,13,h,Curry 26' 3PT Pullup Jump Shot (5 PTS) (Iguodala 1 AST),Made Shot,Pullup Jump shot,0,36,21300832,241,19.0,turnover(24),3,3,likely_contested,"subType: contested-like, text: pressure-move"
43,PT06M28.00S,1,1610612744,GSW,201939,Curry,S. Curry,-172,186,25,Made,1,18.0,6.0,24,h,Curry 25' 3PT Pullup Jump Shot (8 PTS),Made Shot,Pullup Jump shot,0,47,21300832,332,11.0,made_fg(24),3,3,likely_contested,"subType: contested-like, text: pressure-move"
52,PT05M30.00S,1,1610612744,GSW,201939,Curry,S. Curry,18,19,3,Missed,1,0.0,0.0,0,h,MISS Curry 3' Layup,Missed Shot,Layup Shot,0,57,21300832,390,13.0,turnover(24),2,1,borderline,distance: at-rim/very close
228,PT02M30.00S,2,1610612744,GSW,201939,Curry,S. Curry,72,254,26,Missed,1,0.0,0.0,0,h,MISS Curry 26' 3PT Pullup Jump Shot,Missed Shot,Pullup Jump shot,0,217,21300832,1290,15.0,def_reb(24),3,3,likely_contested,"subType: contested-like, text: pressure-move"
250,PT00M49.90S,2,1610612744,GSW,201939,Curry,S. Curry,77,184,20,Made,1,49.0,46.0,95,h,Curry 20' Step Back Jump Shot (10 PTS),Made Shot,Step Back Jump shot,0,235,21300832,1391,3.0,off_foul(24),2,4,likely_contested,"subType: contested-like, text: pressure-move, clock: late (<=5s)"
252,PT00M19.80S,2,1610612744,GSW,201939,Curry,S. Curry,0,94,9,Missed,1,0.0,0.0,0,h,MISS Curry 9' Floating Jump Shot,Missed Shot,Floating Jump shot,0,238,21300832,1421,9.0,turnover(24),2,3,likely_contested,"subType: contested-like, distance: mid-range"
300,PT07M21.00S,3,1610612744,GSW,201939,Curry,S. Curry,-123,176,21,Missed,1,0.0,0.0,0,h,MISS Curry 21' Jump Shot,Missed Shot,Jump Shot,0,283,21300832,1719,6.0,def_reb(24),2,-1,likely_open,subType: open-like
306,PT06M59.00S,3,1610612744,GSW,201939,Curry,S. Curry,6,11,1,Made,1,58.0,52.0,110,h,Curry 1' Driving Reverse Layup (12 PTS) (Iguodala 3 AST),Made Shot,Driving Reverse Layup Shot,0,291,21300832,1741,19.0,turnover(24),2,3,likely_contested,"subType: contested-like, distance: at-rim/very close"
324,PT04M55.00S,3,1610612744,GSW,201939,Curry,S. Curry,-68,31,7,Missed,1,0.0,0.0,0,h,MISS Curry 7' Jump Shot,Missed Shot,Jump Shot,0,307,21300832,1865,6.0,def_reb(24),2,-1,likely_open,subType: open-like
333,PT03M41.00S,3,1610612744,GSW,201939,Curry,S. Curry,-59,173,18,Missed,1,0.0,0.0,0,h,MISS Curry 18' Step Back Jump Shot,Missed Shot,Step Back Jump shot,0,315,21300832,1939,5.0,def_reb(24),2,4,likely_contested,"subType: contested-like, text: pressure-move, clock: late (<=5s)"
432,PT04M47.00S,4,1610612744,GSW,201939,Curry,S. Curry,0,64,6,Made,1,82.0,77.0,159,h,Curry 6' Floating Jump Shot (14 PTS) (Iguodala 5 AST),Made Shot,Floating Jump shot,0,404,21300832,2593,8.0,made_fg(24),2,2,likely_contested,subType: contested-like
487,PT00M37.20S,4,1610612744,GSW,201939,Curry,S. Curry,-161,214,27,Made,1,91.0,86.0,177,h,Curry 27' 3PT Jump Bank Shot (17 PTS) (Iguodala 6 AST),Made Shot,Jump Bank Shot,0,447,21300832,2843,10.0,turnover(24),3,1,borderline,"subType: contested-like, distance: deep above-break 3 (>=27ft)"
6,PT10M54.00S,1,1610612744,GSW,201939,Curry,S. Curry,125,231,26,Missed,1,0.0,0.0,0,v,MISS Curry 26' 3PT Jump Shot,Missed Shot,Jump Shot,0,9,21300842,66,17.0,def_reb(24),3,-1,likely_open,subType: open-like
61,PT05M39.00S,1,1610612744,GSW,201939,Curry,S. Curry,31,263,26,Made,1,22.0,15.0,37,v,Curry 26' 3PT Jump Shot (3 PTS) (Bogut 1 AST),Made Shot,Jump Shot,0,60,21300842,381,9.0,made_fg(24),3,-1,likely_open,subType: open-like
75,PT04M35.00S,1,1610612744,GSW,201939,Curry,S. Curry,88,247,26,Missed,1,0.0,0.0,0,v,MISS Curry 26' 3PT Jump Shot,Missed Shot,Jump Shot,0,72,21300842,445,18.0,def_reb(24),3,-1,likely_open,subType: open-like
86,PT02M43.00S,1,1610612744,GSW,201939,Curry,S. Curry,-166,205,26,Made,1,32.0,27.0,59,v,Curry 26' 3PT Jump Shot (6 PTS),Made Shot,Jump Shot,0,83,21300842,557,15.0,made_fg(24),3,-1,likely_open,subType: open-like
213,PT04M49.00S,2,1610612744,GSW,201939,Curry,S. Curry,-213,142,26,Missed,1,0.0,0.0,0,v,MISS Curry 26' 3PT Jump Shot,Missed Shot,Jump Shot,0,203,21300842,1151,11.0,made_fg(24),3,-1,likely_open,subType: open-like
240,PT02M08.00S,2,1610612744,GSW,201939,Curry,S. Curry,-73,3,7,Missed,1,0.0,0.0,0,v,MISS Curry 7' Jump Shot,Missed Shot,Jump Shot,0,230,21300842,1312,8.0,def_reb(24),2,-1,likely_open,subType: open-like
242,PT02M02.00S,2,1610612744,GSW,201939,Curry,S. Curry,192,178,26,Made,1,56.0,60.0,116,v,Curry 26' 3PT Jump Shot (10 PTS) (O'Neal 1 AST),Made Shot,Jump Shot,0,232,21300842,1318,10.0,off_reb(14),3,-1,likely_open,subType: open-like
280,PT10M31.00S,3,1610612744,GSW,201939,Curry,S. Curry,130,113,17,Missed,1,0.0,0.0,0,v,MISS Curry 17' Jump Shot,Missed Shot,Jump Shot,0,267,21300842,1529,14.0,made_fg(24),2,-1,likely_open,subType: open-like
305,PT08M41.00S,3,1610612744,GSW,201939,Curry,S. Curry,29,263,26,Missed,1,0.0,0.0,0,v,MISS Curry 26' 3PT Jump Shot,Missed Shot,Jump Shot,0,290,21300842,1639,20.0,def_reb(24),3,-1,likely_open,subType: open-like
321,PT06M38.00S,3,1610612744,GSW,201939,Curry,S. Curry,233,9,0,Missed,1,0.0,0.0,0,v,MISS Curry  3PT Jump Shot,Missed Shot,Jump Shot,0,305,21300842,1762,8.0,off_reb(14),3,-1,likely_open,"subType: open-like, distance: at-rim/very close, coords: corner-3, corner: catch/spot"
355,PT03M12.00S,3,1610612744,GSW,201939,Curry,S. Curry,119,154,19,Missed,1,0.0,0.0,0,v,MISS Curry 19' Jump Shot,Missed Shot,Jump Shot,0,335,21300842,1968,1.0,turnover(24),2,0,likely_open,"subType: open-like, clock: late (<=5s)"
360,PT02M32.00S,3,1610612744,GSW,201939,Curry,S. Curry,187,178,26,Missed,1,0.0,0.0,0,v,MISS Curry 26' 3PT Jump Shot,Missed Shot,Jump Shot,0,340,21300842,2008,10.0,made_fg(24),3,-1,likely_open,subType: open-like
424,PT09M33.00S,4,1610612744,GSW,201939,Curry,S. Curry,-103,153,18,Made,1,88.0,87.0,175,v,Curry 18' Jump Shot (13 PTS),Made Shot,Jump Shot,0,399,21300842,2307,5.0,made_fg(24),2,0,likely_open,"subType: open-like, clock: late (<=5s)"
483,PT03M09.00S,4,1610612744,GSW,201939,Curry,S. Curry,-45,145,15,Made,1,94.0,97.0,191,v,Curry 15' Jump Shot (15 PTS) (Barnes 2 AST),Made Shot,Jump Shot,0,459,21300842,2691,18.0,def_reb(24),2,0,likely_open,"subType: open-like, distance: mid-range"
524,PT00M32.70S,4,1610612744,GSW,201939,Curry,S. Curry,28,156,16,Made,1,96.0,104.0,200,v,Curry 16' Jump Shot (19 PTS) (Barnes 4 AST),Made Shot,Jump Shot,0,493,21300842,2848,6.0,final_ft(24),2,0,likely_open,"subType: open-like, distance: mid-range"
49,PT07M49.00S,1,1610612744,GSW,201939,Curry,S. Curry,88,235,25,Made,1,6.0,8.0,14,v,Curry 25' 3PT Jump Shot (3 PTS),Made Shot,Jump Shot,0,49,21300855,251,14.0,final_ft(24),3,-1,likely_open,subType: open-like
52,PT07M17.00S,1,1610612744,GSW,201939,Curry,S. Curry,50,242,25,Missed,1,0.0,0.0,0,v,MISS Curry 25' 3PT Jump Shot,Missed Shot,Jump Shot,0,51,21300855,283,13.0,turnover(24),3,-1,likely_open,subType: open-like
212,PT05M40.00S,2,1610612744,GSW,201939,Curry,S. Curry,-29,119,12,Missed,1,0.0,0.0,0,v,MISS Curry 12' Jump Shot,Missed Shot,Jump Shot,0,198,21300855,1100,11.0,def_reb(24),2,0,likely_open,"subType: open-like, distance: mid-range"
266,PT00M09.90S,2,1610612744,GSW,201939,Curry,S. Curry,95,235,25,Missed,1,0.0,0.0,0,v,MISS Curry 25' 3PT Jump Shot,Missed Shot,Jump Shot,0,249,21300855,1431,6.0,made_fg(24),3,-1,likely_open,subType: open-like
296,PT09M38.00S,3,1610612744,GSW,201939,Curry,S. Curry,13,12,2,Missed,1,0.0,0.0,0,v,MISS Curry 2' Running Layup,Missed Shot,Running Layup Shot,0,277,21300855,1582,18.0,def_reb(24),2,3,likely_contested,"subType: contested-like, distance: at-rim/very close"
319,PT08M00.00S,3,1610612744,GSW,201939,Curry,S. Curry,-8,11,1,Made,1,59.0,51.0,110,v,Curry 1' Running Layup (5 PTS),Made Shot,Running Layup Shot,0,296,21300855,1680,4.0,def_foul_14(14),2,4,likely_contested,"subType: contested-like, distance: at-rim/very close, clock: late (<=5s)"
339,PT06M12.00S,3,1610612744,GSW,201939,Curry,S. Curry,18,242,24,Missed,1,0.0,0.0,0,v,MISS Curry 24' 3PT Jump Shot,Missed Shot,Jump Shot,0,319,21300855,1788,17.0,turnover(24),3,-1,likely_open,subType: open-like
417,PT00M27.90S,3,1610612744,GSW,201939,Curry,S. Curry,-10,173,17,Missed,1,0.0,0.0,0,v,MISS Curry 17' Jump Shot,Missed Shot,Jump Shot,0,383,21300855,2133,8.0,final_ft(24),2,-1,likely_open,subType: open-like
427,PT11M24.00S,4,1610612744,GSW,201939,Curry,S. Curry,-15,9,2,Missed,1,0.0,0.0,0,v,MISS Curry 2' Layup,Missed Shot,Layup Shot,0,391,21300855,2196,10.0,made_fg(24),2,1,borderline,distance: at-rim/very close
443,PT09M58.00S,4,1610612744,GSW,201939,Curry,S. Curry,106,222,25,Missed,1,0.0,0.0,0,v,MISS Curry 25' 3PT Jump Shot,Missed Shot,Jump Shot,0,405,21300855,2282,11.0,made_fg(24),3,-1,likely_open,subType: open-like
15,PT10M10.00S,1,1610612744,GSW,201939,Curry,S. Curry,127,165,21,Missed,1,0.0,0.0,0,v,MISS Curry 21' Jump Shot,Missed Shot,Jump Shot,0,15,21300869,110,12.0,made_fg(24),2,-1,likely_open,subType: open-like
19,PT09M55.00S,1,1610612744,GSW,201939,Curry,S. Curry,-30,23,4,Made,1,6.0,7.0,13,v,Curry 4' Jump Bank Shot (2 PTS),Made Shot,Jump Bank Shot,0,19,21300869,125,16.0,def_reb(24),2,3,likely_contested,"subType: contested-like, distance: at-rim/very close"
29,PT08M59.00S,1,1610612744,GSW,201939,Curry,S. Curry,83,184,20,Made,1,6.0,11.0,17,v,Curry 20' Step Back Jump Shot (4 PTS),Made Shot,Step Back Jump shot,0,27,21300869,181,15.0,def_reb(24),2,3,likely_contested,"subType: contested-like, text: pressure-move"
31,PT08M40.00S,1,1610612744,GSW,201939,Curry,S. Curry,-226,30,0,Missed,1,0.0,0.0,0,v,MISS Curry  3PT Jump Shot,Missed Shot,Jump Shot,0,30,21300869,200,19.0,turnover(24),3,-1,likely_open,"subType: open-like, distance: at-rim/very close, coords: corner-3, corner: catch/spot"
33,PT08M33.00S,1,1610612744,GSW,201939,Curry,S. Curry,2,52,5,Made,1,6.0,13.0,19,v,Curry 5' Floating Jump Shot (6 PTS),Made Shot,Floating Jump shot,0,32,21300869,207,8.0,off_reb(14),2,3,likely_contested,"subType: contested-like, distance: at-rim/very close"
56,PT05M51.00S,1,1610612744,GSW,201939,Curry,S. Curry,209,143,25,Made,1,14.0,23.0,37,v,Curry 25' 3PT Jump Shot (9 PTS) (Iguodala 1 AST),Made Shot,Jump Shot,0,53,21300869,369,18.0,turnover(24),3,-1,likely_open,subType: open-like
71,PT04M53.00S,1,1610612744,GSW,201939,Curry,S. Curry,-147,198,25,Missed,1,0.0,0.0,0,v,MISS Curry 25' 3PT Jump Shot,Missed Shot,Jump Shot,0,67,21300869,427,7.0,def_violation_14(14),3,-1,likely_open,subType: open-like
109,PT02M28.00S,1,1610612744,GSW,201939,Curry,S. Curry,233,22,0,Made,1,21.0,31.0,52,v,Curry  3PT Jump Shot (12 PTS) (Blake 1 AST),Made Shot,Jump Shot,0,98,21300869,572,8.0,made_fg(24),3,-1,likely_open,"subType: open-like, distance: at-rim/very close, coords: corner-3, corner: catch/spot"
214,PT06M24.00S,2,1610612744,GSW,201939,Curry,S. Curry,-103,236,26,Made,1,42.0,54.0,96,v,Curry 26' 3PT Jump Shot (15 PTS),Made Shot,Jump Shot,0,187,21300869,1056,8.0,made_fg(24),3,-1,likely_open,subType: open-like
221,PT05M41.00S,2,1610612744,GSW,201939,Curry,S. Curry,-16,242,24,Missed,1,0.0,0.0,0,v,MISS Curry 24' 3PT Jump Shot,Missed Shot,Jump Shot,0,194,21300869,1099,16.0,made_fg(24),3,-1,likely_open,subType: open-like
240,PT04M07.00S,2,1610612744,GSW,201939,Curry,S. Curry,2,75,8,Made,1,48.0,60.0,108,v,Curry 8' Floating Jump Shot (17 PTS),Made Shot,Floating Jump shot,0,208,21300869,1193,4.0,final_ft(24),2,4,likely_contested,"subType: contested-like, distance: mid-range, clock: late (<=5s)"
253,PT02M46.00S,2,1610612744,GSW,201939,Curry,S. Curry,80,244,26,Made,1,50.0,68.0,118,v,Curry 26' 3PT Jump Shot (20 PTS),Made Shot,Jump Shot,0,221,21300869,1274,10.0,made_fg(24),3,-1,likely_open,subType: open-like
309,PT10M43.00S,3,1610612744,GSW,201939,Curry,S. Curry,21,3,2,Missed,1,0.0,0.0,0,v,MISS Curry 2' Driving Finger Roll Layup,Missed Shot,Driving Finger Roll Layup Shot,0,268,21300869,1517,16.0,def_reb(24),2,1,borderline,distance: at-rim/very close
343,PT07M31.00S,3,1610612744,GSW,201939,Curry,S. Curry,-229,78,24,Missed,1,0.0,0.0,0,v,MISS Curry 24' 3PT Jump Shot,Missed Shot,Jump Shot,0,302,21300869,1709,9.0,off_foul(24),3,-1,likely_open,subType: open-like
366,PT05M42.00S,3,1610612744,GSW,201939,Curry,S. Curry,78,213,23,Missed,1,0.0,0.0,0,v,MISS Curry 23' Jump Shot,Missed Shot,Jump Shot,0,320,21300869,1818,13.0,final_ft(24),2,-1,likely_open,subType: open-like
401,PT03M25.00S,3,1610612744,GSW,201939,Curry,S. Curry,-180,159,24,Made,1,68.0,94.0,162,v,Curry 24' 3PT Jump Shot (26 PTS) (Thompson 1 AST),Made Shot,Jump Shot,0,352,21300869,1955,18.0,def_reb(24),3,-1,likely_open,subType: open-like
411,PT02M53.00S,3,1610612744,GSW,201939,Curry,S. Curry,-160,187,25,Missed,1,0.0,0.0,0,v,MISS Curry 25' 3PT Jump Shot,Missed Shot,Jump Shot,0,359,21300869,1987,6.0,final_ft(24),3,-1,likely_open,subType: open-like
436,PT01M07.00S,3,1610612744,GSW,201939,Curry,S. Curry,1,277,28,Missed,1,0.0,0.0,0,v,MISS Curry 28' 3PT Jump Shot,Missed Shot,Jump Shot,0,383,21300869,2093,4.0,def_reb(24),3,-1,likely_open,"subType: open-like, distance: deep above-break 3 (>=27ft), clock: late (<=5s)"
439,PT00M40.90S,3,1610612744,GSW,201939,Curry,S. Curry,26,208,21,Missed,1,0.0,0.0,0,v,MISS Curry 21' Jump Shot,Missed Shot,Jump Shot,0,386,21300869,2120,4.0,made_fg(24),2,0,likely_open,"subType: open-like, clock: late (<=5s)"
8,PT10M57.00S,1,1610612744,GSW,201939,Curry,S. Curry,157,228,28,Missed,1,0.0,0.0,0,v,MISS Curry 28' 3PT Jump Shot,Missed Shot,Jump Shot,0,10,21300884,63,18.0,def_reb(24),3,-2,likely_open,"subType: open-like, distance: deep above-break 3 (>=27ft)"
23,PT09M08.00S,1,1610612744,GSW,201939,Curry,S. Curry,-30,201,20,Made,1,2.0,6.0,8,v,Curry 20' Pullup Jump Shot (2 PTS) (Bogut 1 AST),Made Shot,Pullup Jump shot,0,25,21300884,172,12.0,def_reb(24),2,3,likely_contested,"subType: contested-like, text: pressure-move"
55,PT05M42.00S,1,1610612744,GSW,201939,Curry,S. Curry,1,190,19,Made,1,13.0,14.0,27,v,Curry 19' Jump Shot (4 PTS),Made Shot,Jump Shot,0,52,21300884,378,11.0,made_fg(24),2,-1,likely_open,subType: open-like
57,PT05M16.00S,1,1610612744,GSW,201939,Curry,S. Curry,0,157,16,Made,1,15.0,16.0,31,v,Curry 16' Pullup Jump Shot (6 PTS),Made Shot,Pullup Jump shot,0,54,21300884,404,10.0,made_fg(24),2,4,likely_contested,"subType: contested-like, text: pressure-move, distance: mid-range"
75,PT03M39.00S,1,1610612744,GSW,201939,Curry,S. Curry,-117,217,25,Made,1,17.0,22.0,39,v,Curry 25' 3PT Jump Shot (10 PTS) (Iguodala 1 AST),Made Shot,Jump Shot,0,69,21300884,501,10.0,turnover(24),3,-1,likely_open,subType: open-like
77,PT03M00.00S,1,1610612744,GSW,201939,Curry,S. Curry,192,181,26,Missed,1,0.0,0.0,0,v,MISS Curry 26' 3PT Jump Shot,Missed Shot,Jump Shot,0,71,21300884,540,10.0,made_fg(24),3,-1,likely_open,subType: open-like
186,PT04M37.00S,2,1610612744,GSW,201939,Curry,S. Curry,138,208,25,Made,1,42.0,42.0,84,v,Curry 25' 3PT Step Back Jump Shot (13 PTS),Made Shot,Step Back Jump shot,0,169,21300884,1163,10.0,made_fg(24),3,3,likely_contested,"subType: contested-like, text: pressure-move"
198,PT03M55.00S,2,1610612744,GSW,201939,Curry,S. Curry,-155,198,25,Missed,1,0.0,0.0,0,v,MISS Curry 25' 3PT Jump Shot,Missed Shot,Jump Shot,0,178,21300884,1205,18.0,def_reb(24),3,-1,likely_open,subType: open-like
204,PT03M34.00S,2,1610612744,GSW,201939,Curry,S. Curry,124,142,19,Missed,1,0.0,0.0,0,v,MISS Curry 19' Jump Shot,Missed Shot,Jump Shot,0,184,21300884,1226,15.0,keep_clock(24),2,-1,likely_open,subType: open-like
206,PT03M28.00S,2,1610612744,GSW,201939,Curry,S. Curry,51,140,15,Missed,1,0.0,0.0,0,v,MISS Curry 15' Jump Shot,Missed Shot,Jump Shot,0,186,21300884,1232,11.0,off_reb(14),2,0,likely_open,"subType: open-like, distance: mid-range"
208,PT03M24.00S,2,1610612744,GSW,201939,Curry,S. Curry,0,14,1,Made,1,44.0,46.0,90,v,Curry 1' Finger Roll Layup (15 PTS),Made Shot,Finger Roll Layup Shot,0,188,21300884,1236,11.0,off_reb(14),2,1,borderline,distance: at-rim/very close
210,PT03M01.00S,2,1610612744,GSW,201939,Curry,S. Curry,-153,124,20,Missed,1,0.0,0.0,0,v,MISS Curry 20' Jump Shot,Missed Shot,Jump Shot,0,190,21300884,1259,11.0,made_fg(24),2,-1,likely_open,subType: open-like
238,PT01M23.00S,2,1610612744,GSW,201939,Curry,S. Curry,50,138,15,Missed,1,0.0,0.0,0,v,MISS Curry 15' Pullup Jump Shot,Missed Shot,Pullup Jump shot,0,209,21300884,1357,14.0,made_fg(24),2,4,likely_contested,"subType: contested-like, text: pressure-move, distance: mid-range"
263,PT00M00.30S,2,1610612744,GSW,201939,Curry,S. Curry,24,9,3,Missed,1,0.0,0.0,0,v,MISS Curry 3' Driving Finger Roll Layup,Missed Shot,Driving Finger Roll Layup Shot,0,230,21300884,1440,12.0,made_fg(24),2,1,borderline,distance: at-rim/very close
270,PT11M43.00S,3,1610612744,GSW,201939,Curry,S. Curry,1,14,1,Made,1,55.0,52.0,107,v,Curry 1' Layup (17 PTS) (Iguodala 2 AST),Made Shot,Layup Shot,0,236,21300884,1457,17.0,def_reb(24),2,1,borderline,distance: at-rim/very close
281,PT10M11.00S,3,1610612744,GSW,201939,Curry,S. Curry,2,39,4,Made,1,59.0,57.0,116,v,Curry 4' Driving Jump Shot (19 PTS),Made Shot,Driving Jump shot,0,246,21300884,1549,21.0,def_reb(24),2,1,borderline,distance: at-rim/very close
305,PT07M56.00S,3,1610612744,GSW,201939,Curry,S. Curry,-10,7,1,Missed,1,0.0,0.0,0,v,MISS Curry 1' Reverse Layup,Missed Shot,Reverse Layup Shot,0,269,21300884,1684,19.0,turnover(24),2,3,likely_contested,"subType: contested-like, distance: at-rim/very close"
311,PT07M02.00S,3,1610612744,GSW,201939,Curry,S. Curry,144,203,25,Made,1,59.0,62.0,121,v,Curry 25' 3PT Jump Shot (22 PTS) (Iguodala 4 AST),Made Shot,Jump Shot,0,276,21300884,1738,7.0,def_reb(24),3,-1,likely_open,subType: open-like
341,PT04M25.00S,3,1610612744,GSW,201939,Curry,S. Curry,4,241,24,Missed,1,0.0,0.0,0,v,MISS Curry 24' 3PT Jump Shot,Missed Shot,Jump Shot,0,302,21300884,1895,5.0,off_reb(14),3,0,likely_open,"subType: open-like, clock: late (<=5s)"
360,PT03M09.00S,3,1610612744,GSW,201939,Curry,S. Curry,-15,3,2,Made,1,68.0,69.0,137,v,Curry 2' Reverse Layup (25 PTS) (Green 5 AST),Made Shot,Reverse Layup Shot,0,319,21300884,1971,19.0,turnover(24),2,3,likely_contested,"subType: contested-like, distance: at-rim/very close"
396,PT01M17.00S,3,1610612744,GSW,201939,Curry,S. Curry,-11,9,1,Made,1,72.0,75.0,147,v,Curry 1' Driving Layup (29 PTS),Made Shot,Driving Layup Shot,0,345,21300884,2083,14.0,final_ft(24),2,3,likely_contested,"subType: contested-like, distance: at-rim/very close"
401,PT00M39.90S,3,1610612744,GSW,201939,Curry,S. Curry,-2,258,26,Missed,1,0.0,0.0,0,v,MISS Curry 26' 3PT Jump Shot,Missed Shot,Jump Shot,0,351,21300884,2121,17.0,def_reb(24),3,-1,likely_open,subType: open-like
444,PT07M29.00S,4,1610612744,GSW,201939,Curry,S. Curry,-123,214,25,Missed,1,0.0,0.0,0,v,MISS Curry 25' 3PT Jump Shot,Missed Shot,Jump Shot,0,385,21300884,2431,13.0,made_fg(24),3,-1,likely_open,subType: open-like
469,PT04M29.00S,4,1610612744,GSW,201939,Curry,S. Curry,-16,11,2,Made,1,95.0,92.0,187,v,Curry 2' Driving Layup (31 PTS),Made Shot,Driving Layup Shot,0,404,21300884,2611,17.0,def_reb(24),2,3,likely_contested,"subType: contested-like, distance: at-rim/very close"
476,PT03M41.00S,4,1610612744,GSW,201939,Curry,S. Curry,1,175,18,Missed,1,0.0,0.0,0,v,MISS Curry 18' Jump Shot,Missed Shot,Jump Shot,0,411,21300884,2659,6.0,off_reb(14),2,-1,likely_open,subType: open-like
483,PT02M54.00S,4,1610612744,GSW,201939,Curry,S. Curry,119,224,25,Missed,1,0.0,0.0,0,v,MISS Curry 25' 3PT Step Back Jump Shot,Missed Shot,Step Back Jump shot,0,418,21300884,2706,6.0,def_reb(24),3,3,likely_contested,"subType: contested-like, text: pressure-move"
505,PT00M43.90S,4,1610612744,GSW,201939,Curry,S. Curry,6,246,25,Made,1,103.0,98.0,201,v,Curry 25' 3PT Step Back Jump Shot (34 PTS),Made Shot,Step Back Jump shot,0,435,21300884,2837,18.0,made_fg(24),3,3,likely_contested,"subType: contested-like, text: pressure-move"
6,PT11M38.00S,1,1610612744,GSW,201939,Curry,S. Curry,53,112,12,Missed,1,0.0,0.0,0,v,MISS Curry 12' Jump Shot,Missed Shot,Jump Shot,0,8,21300899,22,17.0,turnover(24),2,0,likely_open,"subType: open-like, distance: mid-range"
26,PT09M24.00S,1,1610612744,GSW,201939,Curry,S. Curry,174,138,22,Missed,1,0.0,0.0,0,v,MISS Curry 22' Jump Shot,Missed Shot,Jump Shot,0,28,21300899,156,18.0,def_reb(24),2,-1,likely_open,subType: open-like
47,PT07M45.00S,1,1610612744,GSW,201939,Curry,S. Curry,2,14,1,Made,1,8.0,10.0,18,v,Curry 1' Driving Layup (2 PTS),Made Shot,Driving Layup Shot,0,46,21300899,255,21.0,def_reb(24),2,3,likely_contested,"subType: contested-like, distance: at-rim/very close"
49,PT07M28.00S,1,1610612744,GSW,201939,Curry,S. Curry,-48,242,25,Missed,1,0.0,0.0,0,v,MISS Curry 25' 3PT Jump Shot,Missed Shot,Jump Shot,0,48,21300899,272,15.0,made_fg(24),3,-1,likely_open,subType: open-like
52,PT07M12.00S,1,1610612744,GSW,201939,Curry,S. Curry,106,37,11,Made,1,11.0,12.0,23,v,Curry 11' Jump Bank Shot (4 PTS),Made Shot,Jump Bank Shot,0,52,21300899,288,19.0,turnover(24),2,3,likely_contested,"subType: contested-like, distance: mid-range"
55,PT06M33.00S,1,1610612744,GSW,201939,Curry,S. Curry,-100,228,25,Made,1,11.0,15.0,26,v,Curry 25' 3PT Jump Shot (7 PTS) (Bogut 1 AST),Made Shot,Jump Shot,0,55,21300899,327,15.0,def_reb(24),3,-1,likely_open,subType: open-like
73,PT03M26.00S,1,1610612744,GSW,201939,Curry,S. Curry,103,151,18,Missed,1,0.0,0.0,0,v,MISS Curry 18' Pullup Jump Shot,Missed Shot,Pullup Jump shot,0,73,21300899,514,4.0,made_fg(24),2,4,likely_contested,"subType: contested-like, text: pressure-move, clock: late (<=5s)"
95,PT02M05.00S,1,1610612744,GSW,201939,Curry,S. Curry,0,164,16,Made,1,19.0,25.0,44,v,Curry 16' Pullup Jump Shot (9 PTS),Made Shot,Pullup Jump shot,0,94,21300899,595,16.0,def_reb(24),2,4,likely_contested,"subType: contested-like, text: pressure-move, distance: mid-range"
98,PT01M30.00S,1,1610612744,GSW,201939,Curry,S. Curry,119,12,12,Missed,1,0.0,0.0,0,v,MISS Curry 12' Jump Shot,Missed Shot,Jump Shot,0,97,21300899,630,12.0,def_reb(24),2,0,likely_open,"subType: open-like, distance: mid-range"
219,PT00M40.80S,2,1610612744,GSW,201939,Curry,S. Curry,-174,11,17,Missed,1,0.0,0.0,0,v,MISS Curry 17' Jump Shot,Missed Shot,Jump Shot,0,210,21300899,1400,8.0,off_reb(14),2,-1,likely_open,subType: open-like
249,PT09M58.00S,3,1610612744,GSW,201939,Curry,S. Curry,121,113,17,Made,1,48.0,51.0,99,v,Curry 17' Pullup Jump Shot (11 PTS),Made Shot,Pullup Jump shot,0,239,21300899,1562,13.0,made_fg(24),2,3,likely_contested,"subType: contested-like, text: pressure-move"
255,PT09M33.00S,3,1610612744,GSW,201939,Curry,S. Curry,152,201,25,Made,1,50.0,54.0,104,v,Curry 25' 3PT Jump Shot (14 PTS),Made Shot,Jump Shot,0,243,21300899,1587,14.0,final_ft(24),3,-1,likely_open,subType: open-like
258,PT08M56.00S,3,1610612744,GSW,201939,Curry,S. Curry,-8,162,16,Missed,1,0.0,0.0,0,v,MISS Curry 16' Floating Jump Shot,Missed Shot,Floating Jump shot,0,246,21300899,1624,16.0,def_reb(24),2,3,likely_contested,"subType: contested-like, distance: mid-range"
271,PT07M15.00S,3,1610612744,GSW,201939,Curry,S. Curry,65,19,7,Made,1,56.0,56.0,112,v,Curry 7' Jump Bank Shot (16 PTS) (Lee 2 AST),Made Shot,Jump Bank Shot,0,260,21300899,1725,10.0,made_fg(24),2,2,likely_contested,subType: contested-like
291,PT05M28.00S,3,1610612744,GSW,201939,Curry,S. Curry,-125,23,13,Missed,1,0.0,0.0,0,v,MISS Curry 13' Jump Shot,Missed Shot,Jump Shot,0,277,21300899,1832,5.0,final_ft(24),2,1,borderline,"subType: open-like, distance: mid-range, clock: late (<=5s)"
294,PT05M14.00S,3,1610612744,GSW,201939,Curry,S. Curry,-57,160,17,Missed,1,0.0,0.0,0,v,MISS Curry 17' Jump Shot,Missed Shot,Jump Shot,0,281,21300899,1846,19.0,turnover(24),2,-1,likely_open,subType: open-like
298,PT04M38.00S,3,1610612744,GSW,201939,Curry,S. Curry,2,250,25,Missed,1,0.0,0.0,0,v,MISS Curry 25' 3PT Step Back Jump Shot,Missed Shot,Step Back Jump shot,0,285,21300899,1882,10.0,def_reb(24),3,3,likely_contested,"subType: contested-like, text: pressure-move"
455,PT02M44.00S,4,1610612744,GSW,201939,Curry,S. Curry,147,209,26,Missed,1,0.0,0.0,0,v,MISS Curry 26' 3PT Jump Shot,Missed Shot,Jump Shot,0,422,21300899,2716,5.0,made_fg(24),3,0,likely_open,"subType: open-like, clock: late (<=5s)"
36,PT08M01.00S,1,1610612744,GSW,201939,Curry,S. Curry,1,4,0,Made,1,2.0,8.0,10,v,Curry  Slam Dunk (2 PTS) (Thompson 2 AST),Made Shot,Slam Dunk Shot,0,36,21300907,239,22.0,def_reb(24),2,1,borderline,distance: at-rim/very close
40,PT07M13.00S,1,1610612744,GSW,201939,Curry,S. Curry,6,4,1,Missed,1,0.0,0.0,0,v,MISS Curry 1' Layup,Missed Shot,Layup Shot,0,42,21300907,287,19.0,turnover(24),2,1,borderline,distance: at-rim/very close
72,PT04M42.00S,1,1610612744,GSW,201939,Curry,S. Curry,10,7,1,Made,1,6.0,17.0,23,v,Curry 1' Running Layup (4 PTS) (Lee 2 AST),Made Shot,Running Layup Shot,0,68,21300907,438,18.0,def_reb(24),2,3,likely_contested,"subType: contested-like, distance: at-rim/very close"
96,PT02M08.00S,1,1610612744,GSW,201939,Curry,S. Curry,136,153,20,Made,1,14.0,25.0,39,v,Curry 20' Jump Shot (6 PTS) (Blake 1 AST),Made Shot,Jump Shot,0,89,21300907,592,12.0,final_ft(24),2,-1,likely_open,subType: open-like
219,PT04M23.00S,2,1610612744,GSW,201939,Curry,S. Curry,144,209,25,Missed,1,0.0,0.0,0,v,MISS Curry 25' 3PT Jump Shot,Missed Shot,Jump Shot,0,202,21300907,1177,10.0,off_reb(14),3,-1,likely_open,subType: open-like
245,PT02M33.00S,2,1610612744,GSW,201939,Curry,S. Curry,160,181,24,Missed,1,0.0,0.0,0,v,MISS Curry 24' 3PT Jump Shot,Missed Shot,Jump Shot,0,227,21300907,1287,19.0,turnover(24),3,-1,likely_open,subType: open-like
257,PT01M08.00S,2,1610612744,GSW,201939,Curry,S. Curry,-29,153,16,Made,1,36.0,55.0,91,v,Curry 16' Jump Shot (8 PTS) (Bogut 2 AST),Made Shot,Jump Shot,0,238,21300907,1372,11.0,def_reb(24),2,0,likely_open,"subType: open-like, distance: mid-range"
261,PT00M43.90S,2,1610612744,GSW,201939,Curry,S. Curry,-133,118,18,Made,1,38.0,57.0,95,v,Curry 18' Pullup Jump Shot (10 PTS),Made Shot,Pullup Jump shot,0,242,21300907,1397,17.0,made_fg(24),2,3,likely_contested,"subType: contested-like, text: pressure-move"
305,PT08M17.00S,3,1610612744,GSW,201939,Curry,S. Curry,113,227,25,Missed,1,0.0,0.0,0,v,MISS Curry 25' 3PT Jump Shot,Missed Shot,Jump Shot,0,280,21300907,1663,9.0,def_reb(24),3,-1,likely_open,subType: open-like
326,PT06M59.00S,3,1610612744,GSW,201939,Curry,S. Curry,-207,145,25,Made,1,46.0,74.0,120,v,Curry 25' 3PT Jump Shot (14 PTS) (Iguodala 1 AST),Made Shot,Jump Shot,0,298,21300907,1741,19.0,def_reb(24),3,-1,likely_open,subType: open-like
30,PT08M50.00S,1,1610612744,GSW,201939,Curry,S. Curry,-62,41,7,Made,1,12.0,9.0,21,h,Curry 7' Running Bank Shot (2 PTS),Made Shot,Running Bank shot,0,27,21300927,190,16.0,made_fg(24),2,0,likely_open,
65,PT04M43.00S,1,1610612744,GSW,201939,Curry,S. Curry,-10,15,2,Made,1,22.0,17.0,39,h,Curry 2' Driving Layup (4 PTS),Made Shot,Driving Layup Shot,0,63,21300927,437,14.0,made_fg(24),2,3,likely_contested,"subType: contested-like, distance: at-rim/very close"
167,PT06M47.00S,2,1610612744,GSW,201939,Curry,S. Curry,53,119,13,Made,1,43.0,40.0,83,h,Curry 13' Pullup Jump Shot (6 PTS),Made Shot,Pullup Jump shot,0,161,21300927,1033,18.0,turnover(24),2,4,likely_contested,"subType: contested-like, text: pressure-move, distance: mid-range"
170,PT06M21.00S,2,1610612744,GSW,201939,Curry,S. Curry,-26,257,26,Missed,1,0.0,0.0,0,h,MISS Curry 26' 3PT Pullup Jump Shot,Missed Shot,Pullup Jump shot,0,164,21300927,1059,18.0,def_reb(24),3,3,likely_contested,"subType: contested-like, text: pressure-move"
199,PT04M20.00S,2,1610612744,GSW,201939,Curry,S. Curry,125,224,26,Made,1,54.0,48.0,102,h,Curry 26' 3PT Pullup Jump Shot (11 PTS) (Bogut 3 AST),Made Shot,Pullup Jump shot,0,187,21300927,1180,12.0,made_fg(24),3,3,likely_contested,"subType: contested-like, text: pressure-move"
202,PT03M58.00S,2,1610612744,GSW,201939,Curry,S. Curry,-15,269,27,Missed,1,0.0,0.0,0,h,MISS Curry 27' 3PT Pullup Jump Shot,Missed Shot,Pullup Jump shot,0,190,21300927,1202,19.0,def_reb(24),3,2,likely_contested,"subType: contested-like, text: pressure-move, distance: deep above-break 3 (>=27ft)"
234,PT01M17.00S,2,1610612744,GSW,201939,Curry,S. Curry,140,129,19,Missed,1,0.0,0.0,0,h,MISS Curry 19' Pullup Jump Shot,Missed Shot,Pullup Jump shot,0,216,21300927,1363,18.0,def_reb(24),2,3,likely_contested,"subType: contested-like, text: pressure-move"
247,PT00M04.10S,2,1610612744,GSW,201939,Curry,S. Curry,2,12,1,Made,1,66.0,52.0,118,h,Curry 1' Driving Finger Roll Layup (13 PTS),Made Shot,Driving Finger Roll Layup Shot,0,230,21300927,1436,16.0,def_reb(24),2,1,borderline,distance: at-rim/very close
259,PT10M39.00S,3,1610612744,GSW,201939,Curry,S. Curry,190,197,27,Missed,1,0.0,0.0,0,h,MISS Curry 27' 3PT Pullup Jump Shot,Missed Shot,Pullup Jump shot,0,242,21300927,1521,14.0,made_fg(24),3,2,likely_contested,"subType: contested-like, text: pressure-move, distance: deep above-break 3 (>=27ft)"
290,PT07M34.00S,3,1610612744,GSW,201939,Curry,S. Curry,-125,132,18,Missed,1,0.0,0.0,0,h,MISS Curry 18' Jump Shot,Missed Shot,Jump Shot,0,270,21300927,1706,3.0,final_ft(24),2,0,likely_open,"subType: open-like, clock: late (<=5s)"
12,PT10M17.00S,1,1610612744,GSW,201939,Curry,S. Curry,-237,9,24,Missed,1,0.0,0.0,0,h,MISS Curry 24' 3PT Jump Shot,Missed Shot,Jump Shot,0,14,21300942,103,17.0,turnover(24),3,-2,likely_open,"subType: open-like, coords: corner-3, corner: catch/spot"
18,PT09M30.00S,1,1610612744,GSW,201939,Curry,S. Curry,-82,176,19,Missed,1,0.0,0.0,0,h,MISS Curry 19' Pullup Jump Shot,Missed Shot,Pullup Jump shot,0,20,21300942,150,12.0,made_fg(24),2,3,likely_contested,"subType: contested-like, text: pressure-move"
179,PT05M34.00S,2,1610612744,GSW,201939,Curry,S. Curry,108,140,18,Made,1,36.0,42.0,78,h,Curry 18' Step Back Jump Shot (4 PTS),Made Shot,Step Back Jump shot,0,169,21300942,1106,11.0,made_fg(24),2,3,likely_contested,"subType: contested-like, text: pressure-move"
224,PT02M04.00S,2,1610612744,GSW,201939,Curry,S. Curry,28,246,25,Missed,1,0.0,0.0,0,h,MISS Curry 25' 3PT Jump Shot,Missed Shot,Jump Shot,0,205,21300942,1316,16.0,off_foul(24),3,-1,likely_open,subType: open-like
228,PT01M31.00S,2,1610612744,GSW,201939,Curry,S. Curry,75,172,19,Made,1,48.0,50.0,98,h,Curry 19' Pullup Jump Shot (6 PTS),Made Shot,Pullup Jump shot,0,208,21300942,1349,6.0,made_fg(24),2,3,likely_contested,"subType: contested-like, text: pressure-move"
232,PT00M41.10S,2,1610612744,GSW,201939,Curry,S. Curry,-11,6,1,Made,1,53.0,55.0,108,h,Curry 1' Driving Reverse Layup (8 PTS),Made Shot,Driving Reverse Layup Shot,0,212,21300942,1399,18.0,made_fg(24),2,3,likely_contested,"subType: contested-like, distance: at-rim/very close"
271,PT10M40.00S,3,1610612744,GSW,201939,Curry,S. Curry,9,11,1,Made,1,60.0,63.0,123,h,Curry 1' Driving Layup (11 PTS),Made Shot,Driving Layup Shot,0,241,21300942,1520,13.0,final_ft(24),2,3,likely_contested,"subType: contested-like, distance: at-rim/very close"
289,PT08M42.00S,3,1610612744,GSW,201939,Curry,S. Curry,-18,254,25,Missed,1,0.0,0.0,0,h,MISS Curry 25' 3PT Pullup Jump Shot,Missed Shot,Pullup Jump shot,0,256,21300942,1638,6.0,def_reb(24),3,3,likely_contested,"subType: contested-like, text: pressure-move"
314,PT06M08.00S,3,1610612744,GSW,201939,Curry,S. Curry,-112,148,19,Missed,1,0.0,0.0,0,h,MISS Curry 19' Step Back Jump Shot,Missed Shot,Step Back Jump shot,0,278,21300942,1792,7.0,made_fg(24),2,3,likely_contested,"subType: contested-like, text: pressure-move"
318,PT05M37.00S,3,1610612744,GSW,201939,Curry,S. Curry,129,246,28,Made,1,80.0,75.0,155,h,Curry 28' 3PT Pullup Jump Shot (14 PTS),Made Shot,Pullup Jump shot,0,283,21300942,1823,15.0,turnover(24),3,2,likely_contested,"subType: contested-like, text: pressure-move, distance: deep above-break 3 (>=27ft)"
338,PT03M38.00S,3,1610612744,GSW,201939,Curry,S. Curry,-105,194,22,Missed,1,0.0,0.0,0,h,MISS Curry 22' Step Back Jump Shot,Missed Shot,Step Back Jump shot,0,301,21300942,1942,15.0,def_reb(24),2,3,likely_contested,"subType: contested-like, text: pressure-move"
435,PT06M44.00S,4,1610612744,GSW,201939,Curry,S. Curry,21,7,2,Made,1,105.0,93.0,198,h,Curry 2' Driving Layup (16 PTS),Made Shot,Driving Layup Shot,0,390,21300942,2476,7.0,final_ft(24),2,3,likely_contested,"subType: contested-like, distance: at-rim/very close"
449,PT05M00.00S,4,1610612744,GSW,201939,Curry,S. Curry,-13,157,16,Missed,1,0.0,0.0,0,h,MISS Curry 16' Pullup Jump Shot,Missed Shot,Pullup Jump shot,0,402,21300942,2580,11.0,made_fg(24),2,4,likely_contested,"subType: contested-like, text: pressure-move, distance: mid-range"
478,PT02M48.00S,4,1610612744,GSW,201939,Curry,S. Curry,132,227,26,Missed,1,0.0,0.0,0,h,MISS Curry 26' 3PT Step Back Jump Shot,Missed Shot,Step Back Jump shot,0,426,21300942,2712,,stale_reset(24),3,3,likely_contested,"subType: contested-like, text: pressure-move"
485,PT02M02.00S,4,1610612744,GSW,201939,Curry,S. Curry,119,142,19,Made,1,111.0,103.0,214,h,Curry 19' Pullup Jump Shot (18 PTS),Made Shot,Pullup Jump shot,0,432,21300942,2758,9.0,turnover(24),2,3,likely_contested,"subType: contested-like, text: pressure-move"
492,PT00M47.90S,4,1610612744,GSW,201939,Curry,S. Curry,-81,168,19,Missed,1,0.0,0.0,0,h,MISS Curry 19' Jump Shot,Missed Shot,Jump Shot,0,440,21300942,2833,8.0,def_reb(24),2,-1,likely_open,subType: open-like
40,PT05M56.00S,1,1610612744,GSW,201939,Curry,S. Curry,-57,184,19,Missed,1,0.0,0.0,0,h,MISS Curry 19' Pullup Jump Shot,Missed Shot,Pullup Jump shot,0,39,21300956,364,12.0,made_fg(24),2,3,likely_contested,"subType: contested-like, text: pressure-move"
197,PT04M19.00S,2,1610612744,GSW,201939,Curry,S. Curry,-108,102,15,Made,1,47.0,34.0,81,h,Curry 15' Pullup Jump Shot (2 PTS),Made Shot,Pullup Jump shot,0,179,21300956,1181,10.0,made_fg(24),2,4,likely_contested,"subType: contested-like, text: pressure-move, distance: mid-range"
204,PT03M35.00S,2,1610612744,GSW,201939,Curry,S. Curry,-54,107,12,Missed,1,0.0,0.0,0,h,MISS Curry 12' Jump Shot,Missed Shot,Jump Shot,0,187,21300956,1225,13.0,def_reb(24),2,0,likely_open,"subType: open-like, distance: mid-range"
216,PT02M42.00S,2,1610612744,GSW,201939,Curry,S. Curry,140,211,25,Missed,1,0.0,0.0,0,h,MISS Curry 25' 3PT Jump Shot,Missed Shot,Jump Shot,0,201,21300956,1278,21.0,def_reb(24),3,-1,likely_open,subType: open-like
224,PT02M11.00S,2,1610612744,GSW,201939,Curry,S. Curry,-171,224,28,Missed,1,0.0,0.0,0,h,MISS Curry 28' 3PT Jump Shot,Missed Shot,Jump Shot,0,211,21300956,1309,17.0,def_reb(24),3,-2,likely_open,"subType: open-like, distance: deep above-break 3 (>=27ft)"
260,PT11M49.00S,3,1610612744,GSW,201939,Curry,S. Curry,-24,254,26,Missed,1,0.0,0.0,0,h,MISS Curry 26' 3PT Pullup Jump Shot,Missed Shot,Pullup Jump shot,0,241,21300956,1451,13.0,period_start(24),3,3,likely_contested,"subType: contested-like, text: pressure-move"
272,PT10M09.00S,3,1610612744,GSW,201939,Curry,S. Curry,-4,69,7,Made,1,57.0,46.0,103,h,Curry 7' Running Jump Shot (4 PTS),Made Shot,Running Jump Shot,0,253,21300956,1551,10.0,def_reb(24),2,-1,likely_open,subType: open-like
280,PT09M19.00S,3,1610612744,GSW,201939,Curry,S. Curry,15,12,2,Made,1,62.0,48.0,110,h,Curry 2' Driving Layup (7 PTS),Made Shot,Driving Layup Shot,0,260,21300956,1601,20.0,turnover(24),2,3,likely_contested,"subType: contested-like, distance: at-rim/very close"
288,PT07M57.00S,3,1610612744,GSW,201939,Curry,S. Curry,133,129,19,Missed,1,0.0,0.0,0,h,MISS Curry 19' Jump Shot,Missed Shot,Jump Shot,0,268,21300956,1683,5.0,made_fg(24),2,0,likely_open,"subType: open-like, clock: late (<=5s)"
427,PT06M38.00S,4,1610612744,GSW,201939,Curry,S. Curry,-7,252,25,Missed,1,0.0,0.0,0,h,MISS Curry 25' 3PT Pullup Jump Shot,Missed Shot,Pullup Jump shot,0,394,21300956,2482,10.0,def_reb(24),3,3,likely_contested,"subType: contested-like, text: pressure-move"
432,PT05M50.00S,4,1610612744,GSW,201939,Curry,S. Curry,12,23,3,Missed,1,0.0,0.0,0,h,MISS Curry 3' Layup,Missed Shot,Layup Shot,0,400,21300956,2530,17.0,turnover(24),2,1,borderline,distance: at-rim/very close
448,PT05M07.00S,4,1610612744,GSW,201939,Curry,S. Curry,159,219,27,Made,1,93.0,72.0,165,h,Curry 27' 3PT Pullup Jump Shot (10 PTS) (Iguodala 5 AST),Made Shot,Pullup Jump shot,0,415,21300956,2573,5.0,final_ft(24),3,3,likely_contested,"subType: contested-like, text: pressure-move, distance: deep above-break 3 (>=27ft), clock: late (<=5s)"
25,PT08M31.00S,1,1610612744,GSW,201939,Curry,S. Curry,138,129,19,Missed,1,0.0,0.0,0,v,MISS Curry 19' Jump Shot,Missed Shot,Jump Shot,0,24,21300967,209,9.0,def_reb(24),2,-1,likely_open,subType: open-like
31,PT07M46.00S,1,1610612744,GSW,201939,Curry,S. Curry,-100,129,16,Missed,1,0.0,0.0,0,v,MISS Curry 16' Jump Shot,Missed Shot,Jump Shot,0,30,21300967,254,11.0,off_reb(14),2,0,likely_open,"subType: open-like, distance: mid-range"
37,PT07M17.00S,1,1610612744,GSW,201939,Curry,S. Curry,0,214,21,Made,1,11.0,10.0,21,v,Curry 21' Jump Shot (2 PTS),Made Shot,Jump Shot,0,37,21300967,283,14.0,made_fg(24),2,-1,likely_open,subType: open-like
170,PT07M00.00S,2,1610612744,GSW,201939,Curry,S. Curry,181,187,26,Missed,1,0.0,0.0,0,v,MISS Curry 26' 3PT Jump Shot,Missed Shot,Jump Shot,0,153,21300967,1020,8.0,made_fg(24),3,-1,likely_open,subType: open-like
178,PT06M28.00S,2,1610612744,GSW,201939,Curry,S. Curry,130,216,25,Made,1,37.0,36.0,73,v,Curry 25' 3PT Jump Shot (5 PTS) (Green 1 AST),Made Shot,Jump Shot,0,161,21300967,1052,21.0,def_reb(24),3,-1,likely_open,subType: open-like
203,PT03M59.00S,2,1610612744,GSW,201939,Curry,S. Curry,70,162,18,Made,1,46.0,44.0,90,v,Curry 18' Pullup Jump Shot (7 PTS),Made Shot,Pullup Jump shot,0,184,21300967,1201,16.0,made_fg(24),2,3,likely_contested,"subType: contested-like, text: pressure-move"
206,PT03M40.00S,2,1610612744,GSW,201939,Curry,S. Curry,-212,132,25,Missed,1,0.0,0.0,0,v,MISS Curry 25' 3PT Jump Shot,Missed Shot,Jump Shot,0,187,21300967,1220,17.0,def_reb(24),3,-1,likely_open,subType: open-like
279,PT09M20.00S,3,1610612744,GSW,201939,Curry,S. Curry,-11,15,2,Made,1,61.0,63.0,124,v,Curry 2' Driving Layup (9 PTS),Made Shot,Driving Layup Shot,0,255,21300967,1600,18.0,def_reb(24),2,3,likely_contested,"subType: contested-like, distance: at-rim/very close"
324,PT05M23.00S,3,1610612744,GSW,201939,Curry,S. Curry,-138,208,25,Made,1,69.0,76.0,145,v,Curry 25' 3PT Jump Shot (12 PTS),Made Shot,Jump Shot,0,295,21300967,1837,15.0,def_reb(24),3,-1,likely_open,subType: open-like
334,PT04M49.00S,3,1610612744,GSW,201939,Curry,S. Curry,-109,227,25,Missed,1,0.0,0.0,0,v,MISS Curry 25' 3PT Jump Shot,Missed Shot,Jump Shot,0,303,21300967,1871,11.0,final_ft(24),3,-1,likely_open,subType: open-like
470,PT06M33.00S,4,1610612744,GSW,201939,Curry,S. Curry,-106,183,21,Missed,1,0.0,0.0,0,v,MISS Curry 21' Jump Shot,Missed Shot,Jump Shot,0,423,21300967,2487,8.0,made_fg(24),2,-1,likely_open,subType: open-like
37,PT07M48.00S,1,1610612744,GSW,201939,Curry,S. Curry,-21,222,22,Missed,1,0.0,0.0,0,h,MISS Curry 22' Pullup Jump Shot,Missed Shot,Pullup Jump shot,0,38,21300980,252,13.0,def_reb(24),2,3,likely_contested,"subType: contested-like, text: pressure-move"
40,PT07M18.00S,1,1610612744,GSW,201939,Curry,S. Curry,84,236,25,Made,1,14.0,4.0,18,h,Curry 25' 3PT Pullup Jump Shot (3 PTS) (Barnes 1 AST),Made Shot,Pullup Jump shot,0,41,21300980,282,8.0,made_fg(24),3,3,likely_contested,"subType: contested-like, text: pressure-move"
54,PT05M58.00S,1,1610612744,GSW,201939,Curry,S. Curry,-10,7,1,Missed,1,0.0,0.0,0,h,MISS Curry 1' Driving Layup,Missed Shot,Driving Layup Shot,0,53,21300980,362,18.0,def_reb(24),2,3,likely_contested,"subType: contested-like, distance: at-rim/very close"
70,PT04M19.00S,1,1610612744,GSW,201939,Curry,S. Curry,12,11,2,Made,1,22.0,7.0,29,h,Curry 2' Driving Reverse Layup (5 PTS),Made Shot,Driving Reverse Layup Shot,0,67,21300980,461,18.0,def_reb(24),2,3,likely_contested,"subType: contested-like, distance: at-rim/very close"
73,PT03M47.00S,1,1610612744,GSW,201939,Curry,S. Curry,-16,19,2,Missed,1,0.0,0.0,0,h,MISS Curry 2' Layup,Missed Shot,Layup Shot,0,70,21300980,493,14.0,def_reb(24),2,1,borderline,distance: at-rim/very close
190,PT04M08.00S,2,1610612744,GSW,201939,Curry,S. Curry,-210,135,25,Missed,1,0.0,0.0,0,h,MISS Curry 25' 3PT Step Back Jump Shot,Missed Shot,Step Back Jump shot,0,183,21300980,1192,8.0,def_reb(24),3,3,likely_contested,"subType: contested-like, text: pressure-move"
209,PT01M50.00S,2,1610612744,GSW,201939,Curry,S. Curry,157,216,27,Missed,1,0.0,0.0,0,h,MISS Curry 27' 3PT Pullup Jump Shot,Missed Shot,Pullup Jump shot,0,203,21300980,1330,18.0,def_reb(24),3,2,likely_contested,"subType: contested-like, text: pressure-move, distance: deep above-break 3 (>=27ft)"
237,PT11M08.00S,3,1610612744,GSW,201939,Curry,S. Curry,129,224,26,Made,1,56.0,52.0,108,h,Curry 26' 3PT Jump Shot (8 PTS) (Barnes 2 AST),Made Shot,Jump Shot,0,228,21300980,1492,15.0,def_reb(24),3,-1,likely_open,subType: open-like
244,PT10M10.00S,3,1610612744,GSW,201939,Curry,S. Curry,185,208,28,Missed,1,0.0,0.0,0,h,MISS Curry 28' 3PT Step Back Jump Shot,Missed Shot,Step Back Jump shot,0,235,21300980,1550,10.0,def_reb(24),3,2,likely_contested,"subType: contested-like, text: pressure-move, distance: deep above-break 3 (>=27ft)"
269,PT07M30.00S,3,1610612744,GSW,201939,Curry,S. Curry,122,236,27,Made,1,59.0,58.0,117,h,Curry 27' 3PT Pullup Jump Shot (11 PTS),Made Shot,Pullup Jump shot,0,262,21300980,1710,13.0,def_reb(24),3,2,likely_contested,"subType: contested-like, text: pressure-move, distance: deep above-break 3 (>=27ft)"
272,PT06M57.00S,3,1610612744,GSW,201939,Curry,S. Curry,231,12,0,Made,1,62.0,58.0,120,h,Curry  3PT Pullup Jump Shot (14 PTS) (Iguodala 2 AST),Made Shot,Pullup Jump shot,0,265,21300980,1743,11.0,off_foul(24),3,4,likely_contested,"subType: contested-like, text: pressure-move, distance: at-rim/very close, coords: corner-3"
299,PT04M59.00S,3,1610612744,GSW,201939,Curry,S. Curry,-111,129,17,Made,1,64.0,62.0,126,h,Curry 17' Pullup Jump Shot (16 PTS) (Iguodala 3 AST),Made Shot,Pullup Jump shot,0,287,21300980,1861,6.0,def_foul_14(14),2,3,likely_contested,"subType: contested-like, text: pressure-move"
301,PT04M38.00S,3,1610612744,GSW,201939,Curry,S. Curry,121,154,20,Missed,1,0.0,0.0,0,h,MISS Curry 20' Pullup Jump Shot,Missed Shot,Pullup Jump shot,0,289,21300980,1882,15.0,made_fg(24),2,3,likely_contested,"subType: contested-like, text: pressure-move"
407,PT07M55.00S,4,1610612744,GSW,201939,Curry,S. Curry,-19,261,26,Missed,1,0.0,0.0,0,h,MISS Curry 26' 3PT Jump Shot,Missed Shot,Jump Shot,0,382,21300980,2405,8.0,made_fg(24),3,-1,likely_open,subType: open-like
426,PT05M37.00S,4,1610612744,GSW,201939,Curry,S. Curry,75,255,27,Made,1,83.0,95.0,178,h,Curry 27' 3PT Pullup Jump Shot (25 PTS),Made Shot,Pullup Jump shot,0,398,21300980,2543,8.0,made_fg(24),3,2,likely_contested,"subType: contested-like, text: pressure-move, distance: deep above-break 3 (>=27ft)"
433,PT04M38.00S,4,1610612744,GSW,201939,Curry,S. Curry,-19,255,26,Missed,1,0.0,0.0,0,h,MISS Curry 26' 3PT Jump Shot,Missed Shot,Jump Shot,0,406,21300980,2602,14.0,def_reb(24),3,-1,likely_open,subType: open-like
445,PT02M53.00S,4,1610612744,GSW,201939,Curry,S. Curry,2,7,1,Made,1,92.0,101.0,193,h,Curry 1' Driving Reverse Layup (27 PTS),Made Shot,Driving Reverse Layup Shot,0,416,21300980,2707,11.0,made_fg(24),2,3,likely_contested,"subType: contested-like, distance: at-rim/very close"
18,PT09M39.00S,1,1610612744,GSW,201939,Curry,S. Curry,-153,159,22,Missed,1,0.0,0.0,0,v,MISS Curry 22' Jump Shot,Missed Shot,Jump Shot,0,20,21300994,141,14.0,made_fg(24),2,-1,likely_open,subType: open-like
32,PT07M21.00S,1,1610612744,GSW,201939,Curry,S. Curry,10,250,25,Missed,1,0.0,0.0,0,v,MISS Curry 25' 3PT Jump Shot,Missed Shot,Jump Shot,0,34,21300994,279,9.0,def_reb(24),3,-1,likely_open,subType: open-like
45,PT06M16.00S,1,1610612744,GSW,201939,Curry,S. Curry,7,3,1,Missed,1,0.0,0.0,0,v,MISS Curry 1' Driving Layup,Missed Shot,Driving Layup Shot,0,47,21300994,344,19.0,def_reb(24),2,3,likely_contested,"subType: contested-like, distance: at-rim/very close"
182,PT06M04.00S,2,1610612744,GSW,201939,Curry,S. Curry,1,246,25,Missed,1,0.0,0.0,0,v,MISS Curry 25' 3PT Jump Shot,Missed Shot,Jump Shot,0,174,21300994,1076,8.0,made_fg(24),3,-1,likely_open,subType: open-like
190,PT04M52.00S,2,1610612744,GSW,201939,Curry,S. Curry,58,34,7,Missed,1,0.0,0.0,0,v,MISS Curry 7' Running Jump Shot,Missed Shot,Running Jump Shot,0,183,21300994,1148,18.0,turnover(24),2,-1,likely_open,subType: open-like
207,PT03M21.00S,2,1610612744,GSW,201939,Curry,S. Curry,45,209,21,Made,1,45.0,35.0,80,v,Curry 21' Pullup Jump Shot (2 PTS),Made Shot,Pullup Jump shot,0,198,21300994,1239,11.0,final_ft(24),2,3,likely_contested,"subType: contested-like, text: pressure-move"
212,PT02M44.00S,2,1610612744,GSW,201939,Curry,S. Curry,160,187,25,Missed,1,0.0,0.0,0,v,MISS Curry 25' 3PT Jump Shot,Missed Shot,Jump Shot,0,202,21300994,1276,5.0,def_violation_14(14),3,0,likely_open,"subType: open-like, clock: late (<=5s)"
223,PT01M55.00S,2,1610612744,GSW,201939,Curry,S. Curry,12,148,15,Made,1,48.0,39.0,87,v,Curry 15' Jump Shot (6 PTS) (Bogut 2 AST),Made Shot,Jump Shot,0,212,21300994,1325,12.0,def_reb(24),2,0,likely_open,"subType: open-like, distance: mid-range"
236,PT00M09.20S,2,1610612744,GSW,201939,Curry,S. Curry,149,198,25,Made,1,55.0,44.0,99,v,Curry 25' 3PT Pullup Jump Shot (9 PTS),Made Shot,Pullup Jump shot,0,225,21300994,1431,7.0,def_foul_14(14),3,3,likely_contested,"subType: contested-like, text: pressure-move"
253,PT11M34.00S,3,1610612744,GSW,201939,Curry,S. Curry,-164,48,17,Made,1,58.0,46.0,104,v,Curry 17' Step Back Jump Shot (11 PTS),Made Shot,Step Back Jump shot,0,240,21300994,1466,9.0,final_ft(24),2,3,likely_contested,"subType: contested-like, text: pressure-move"
257,PT10M19.00S,3,1610612744,GSW,201939,Curry,S. Curry,162,184,25,Missed,1,0.0,0.0,0,v,MISS Curry 25' 3PT Jump Shot,Missed Shot,Jump Shot,0,245,21300994,1541,19.0,turnover(24),3,-1,likely_open,subType: open-like
281,PT08M02.00S,3,1610612744,GSW,201939,Curry,S. Curry,15,12,2,Missed,1,0.0,0.0,0,v,MISS Curry 2' Driving Layup,Missed Shot,Driving Layup Shot,0,271,21300994,1678,14.0,keep_clock(24),2,3,likely_contested,"subType: contested-like, distance: at-rim/very close"
304,PT05M47.00S,3,1610612744,GSW,201939,Curry,S. Curry,24,-6,2,Made,1,72.0,58.0,130,v,Curry 2' Driving Layup (13 PTS),Made Shot,Driving Layup Shot,0,294,21300994,1813,12.0,def_reb(24),2,3,likely_contested,"subType: contested-like, distance: at-rim/very close"
313,PT04M53.00S,3,1610612744,GSW,201939,Curry,S. Curry,-231,82,25,Made,1,74.0,62.0,136,v,Curry 25' 3PT Fadeaway Jumper (17 PTS),Made Shot,Fadeaway Jump Shot,0,304,21300994,1867,2.0,made_fg(24),3,4,likely_contested,"subType: contested-like, text: pressure-move, clock: late (<=5s)"
318,PT04M16.00S,3,1610612744,GSW,201939,Curry,S. Curry,0,203,20,Missed,1,0.0,0.0,0,v,MISS Curry 20' Jump Shot,Missed Shot,Jump Shot,0,308,21300994,1904,14.0,def_reb(24),2,-1,likely_open,subType: open-like
330,PT03M28.00S,3,1610612744,GSW,201939,Curry,S. Curry,23,12,3,Missed,1,0.0,0.0,0,v,MISS Curry 3' Driving Layup,Missed Shot,Driving Layup Shot,0,318,21300994,1952,17.0,def_reb(24),2,3,likely_contested,"subType: contested-like, distance: at-rim/very close"
341,PT01M59.00S,3,1610612744,GSW,201939,Curry,S. Curry,56,241,25,Made,1,81.0,70.0,151,v,Curry 25' 3PT Pullup Jump Shot (20 PTS),Made Shot,Pullup Jump shot,0,331,21300994,2041,14.0,made_fg(24),3,3,likely_contested,"subType: contested-like, text: pressure-move"
376,PT00M00.10S,3,1610612744,GSW,201939,Curry,S. Curry,198,443,49,Missed,1,0.0,0.0,0,v,MISS Curry 49' 3PT Jump Shot,Missed Shot,Jump Shot,0,354,21300994,2160,22.0,final_ft(24),3,-2,likely_open,"subType: open-like, distance: deep above-break 3 (>=27ft)"
391,PT10M51.00S,4,1610612744,GSW,201939,Curry,S. Curry,-5,242,24,Made,1,87.0,82.0,169,v,Curry 24' 3PT Pullup Jump Shot (25 PTS),Made Shot,Pullup Jump shot,0,366,21300994,2229,12.0,final_ft(24),3,3,likely_contested,"subType: contested-like, text: pressure-move"
404,PT09M41.00S,4,1610612744,GSW,201939,Curry,S. Curry,192,0,19,Made,1,89.0,86.0,175,v,Curry 19' Jump Shot (27 PTS),Made Shot,Jump Shot,0,377,21300994,2299,7.0,keep_clock(24),2,-1,likely_open,subType: open-like
410,PT08M56.00S,4,1610612744,GSW,201939,Curry,S. Curry,-171,205,27,Made,1,91.0,89.0,180,v,Curry 27' 3PT Pullup Jump Shot (30 PTS),Made Shot,Pullup Jump shot,0,383,21300994,2344,13.0,made_fg(24),3,2,likely_contested,"subType: contested-like, text: pressure-move, distance: deep above-break 3 (>=27ft)"
466,PT05M07.00S,4,1610612744,GSW,201939,Curry,S. Curry,-226,83,24,Made,1,96.0,100.0,196,v,Curry 24' 3PT Jump Shot (36 PTS),Made Shot,Jump Shot,0,428,21300994,2573,15.0,turnover(24),3,-1,likely_open,subType: open-like
474,PT04M03.00S,4,1610612744,GSW,201939,Curry,S. Curry,-73,238,25,Missed,1,0.0,0.0,0,v,MISS Curry 25' 3PT Jump Shot,Missed Shot,Jump Shot,0,435,21300994,2637,12.0,made_fg(24),3,-1,likely_open,subType: open-like
507,PT01M22.00S,4,1610612744,GSW,201939,Curry,S. Curry,21,153,15,Missed,1,0.0,0.0,0,v,MISS Curry 15' Pullup Jump Shot,Missed Shot,Pullup Jump shot,0,462,21300994,2798,9.0,turnover(24),2,4,likely_contested,"subType: contested-like, text: pressure-move, distance: mid-range"
12,PT09M53.00S,1,1610612744,GSW,201939,Curry,S. Curry,6,258,26,Missed,1,0.0,0.0,0,h,MISS Curry 26' 3PT Pullup Jump Shot,Missed Shot,Pullup Jump shot,0,13,21301007,127,17.0,def_reb(24),3,3,likely_contested,"subType: contested-like, text: pressure-move"
21,PT08M46.00S,1,1610612744,GSW,201939,Curry,S. Curry,-164,200,26,Missed,1,0.0,0.0,0,h,MISS Curry 26' 3PT Step Back Jump Shot,Missed Shot,Step Back Jump shot,0,22,21301007,194,14.0,def_reb(24),3,3,likely_contested,"subType: contested-like, text: pressure-move"
29,PT08M25.00S,1,1610612744,GSW,201939,Curry,S. Curry,-5,159,16,Made,1,7.0,4.0,11,h,Curry 16' Pullup Jump Shot (2 PTS),Made Shot,Pullup Jump shot,0,29,21301007,215,9.0,def_reb(24),2,4,likely_contested,"subType: contested-like, text: pressure-move, distance: mid-range"
53,PT05M33.00S,1,1610612744,GSW,201939,Curry,S. Curry,-15,156,16,Made,1,13.0,13.0,26,h,Curry 16' Turnaround Jump Shot (4 PTS),Made Shot,Turnaround Jump Shot,0,50,21301007,387,0.0,made_fg(24),2,2,likely_contested,"distance: mid-range, clock: late (<=5s)"
65,PT04M46.00S,1,1610612744,GSW,201939,Curry,S. Curry,61,247,25,Made,1,16.0,15.0,31,h,Curry 25' 3PT Pullup Jump Shot (7 PTS) (Barnes 1 AST),Made Shot,Pullup Jump shot,0,61,21301007,434,13.0,final_ft(24),3,3,likely_contested,"subType: contested-like, text: pressure-move"
71,PT03M36.00S,1,1610612744,GSW,201939,Curry,S. Curry,-166,108,20,Made,1,18.0,19.0,37,h,Curry 20' Pullup Jump Shot (9 PTS),Made Shot,Pullup Jump shot,0,66,21301007,504,10.0,made_fg(24),2,3,likely_contested,"subType: contested-like, text: pressure-move"
180,PT04M47.00S,2,1610612744,GSW,201939,Curry,S. Curry,108,160,19,Made,1,47.0,41.0,88,h,Curry 19' Pullup Jump Shot (11 PTS),Made Shot,Pullup Jump shot,0,165,21301007,1153,12.0,made_fg(24),2,3,likely_contested,"subType: contested-like, text: pressure-move"
182,PT04M10.00S,2,1610612744,GSW,201939,Curry,S. Curry,0,157,16,Made,1,49.0,41.0,90,h,Curry 16' Step Back Jump Shot (13 PTS),Made Shot,Step Back Jump shot,0,168,21301007,1190,8.0,turnover(24),2,4,likely_contested,"subType: contested-like, text: pressure-move, distance: mid-range"
234,PT09M22.00S,3,1610612744,GSW,201939,Curry,S. Curry,-232,25,0,Made,1,65.0,51.0,116,h,Curry  3PT Jump Shot (16 PTS) (Thompson 1 AST),Made Shot,Jump Shot,0,215,21301007,1598,12.0,def_reb(24),3,-1,likely_open,"subType: open-like, distance: at-rim/very close, coords: corner-3, corner: catch/spot"
242,PT08M36.00S,3,1610612744,GSW,201939,Curry,S. Curry,1,23,2,Made,1,70.0,51.0,121,h,Curry 2' Driving Finger Roll Layup (18 PTS),Made Shot,Driving Finger Roll Layup Shot,0,222,21301007,1644,16.0,def_reb(24),2,1,borderline,distance: at-rim/very close
252,PT07M51.00S,3,1610612744,GSW,201939,Curry,S. Curry,-237,3,24,Made,1,75.0,51.0,126,h,Curry 24' 3PT Pullup Jump Shot (21 PTS) (Thompson 2 AST),Made Shot,Pullup Jump shot,0,231,21301007,1689,19.0,def_reb(24),3,3,likely_contested,"subType: contested-like, text: pressure-move, coords: corner-3"
305,PT04M13.00S,3,1610612744,GSW,201939,Curry,S. Curry,170,214,27,Missed,1,0.0,0.0,0,h,MISS Curry 27' 3PT Pullup Jump Shot,Missed Shot,Pullup Jump shot,0,274,21301007,1907,13.0,final_ft(24),3,2,likely_contested,"subType: contested-like, text: pressure-move, distance: deep above-break 3 (>=27ft)"
444,PT04M07.00S,4,1610612744,GSW,201939,Curry,S. Curry,160,132,21,Missed,1,0.0,0.0,0,h,MISS Curry 21' Turnaround Jump Shot,Missed Shot,Turnaround Jump Shot,0,389,21301007,2633,11.0,made_fg(24),2,0,likely_open,
25,PT10M00.00S,1,1610612744,GSW,201939,Curry,S. Curry,88,148,17,Made,1,4.0,2.0,6,h,Curry 17' Pullup Jump Shot (2 PTS),Made Shot,Pullup Jump shot,0,15,21301021,120,16.0,made_fg(24),2,3,likely_contested,"subType: contested-like, text: pressure-move"
32,PT09M31.00S,1,1610612744,GSW,201939,Curry,S. Curry,-191,153,24,Made,1,7.0,3.0,10,h,Curry 24' 3PT Pullup Jump Shot (5 PTS) (Barnes 1 AST),Made Shot,Pullup Jump shot,0,20,21301021,149,9.0,def_reb(24),3,3,likely_contested,"subType: contested-like, text: pressure-move"
76,PT04M53.00S,1,1610612744,GSW,201939,Curry,S. Curry,10,14,2,Missed,1,0.0,0.0,0,h,MISS Curry 2' Layup,Missed Shot,Layup Shot,0,61,21301021,427,13.0,def_reb(24),2,1,borderline,distance: at-rim/very close
93,PT03M44.00S,1,1610612744,GSW,201939,Curry,S. Curry,-16,4,2,Made,1,19.0,16.0,35,h,Curry 2' Driving Finger Roll Layup (7 PTS),Made Shot,Driving Finger Roll Layup Shot,0,74,21301021,496,17.0,def_reb(24),2,1,borderline,distance: at-rim/very close
186,PT07M37.00S,2,1610612744,GSW,201939,Curry,S. Curry,-196,175,26,Made,1,36.0,33.0,69,h,Curry 26' 3PT Step Back Jump Shot (10 PTS),Made Shot,Step Back Jump shot,0,153,21301021,983,7.0,final_ft(24),3,3,likely_contested,"subType: contested-like, text: pressure-move"
210,PT05M50.00S,2,1610612744,GSW,201939,Curry,S. Curry,-199,101,22,Missed,1,0.0,0.0,0,h,MISS Curry 22' Step Back Jump Shot,Missed Shot,Step Back Jump shot,0,171,21301021,1090,10.0,final_ft(24),2,3,likely_contested,"subType: contested-like, text: pressure-move"
262,PT00M06.20S,2,1610612744,GSW,201939,Curry,S. Curry,-11,12,2,Made,1,53.0,49.0,102,h,Curry 2' Putback Layup (14 PTS),Made Shot,Putback Layup Shot,0,218,21301021,1434,14.0,off_reb(14),2,3,likely_contested,"subType: contested-like, distance: at-rim/very close"
268,PT00M00.10S,2,1610612744,GSW,201939,Curry,S. Curry,166,492,52,Missed,1,0.0,0.0,0,h,MISS Curry 52' 3PT Pullup Jump Shot,Missed Shot,Pullup Jump shot,0,222,21301021,1440,24.0,final_ft(24),3,2,likely_contested,"subType: contested-like, text: pressure-move, distance: deep above-break 3 (>=27ft)"
360,PT02M19.00S,3,1610612744,GSW,201939,Curry,S. Curry,-5,11,1,Made,1,75.0,68.0,143,h,Curry 1' Driving Finger Roll Layup (16 PTS),Made Shot,Driving Finger Roll Layup Shot,0,315,21301021,2021,19.0,def_reb(24),2,1,borderline,distance: at-rim/very close
448,PT07M53.00S,4,1610612744,GSW,201939,Curry,S. Curry,-120,225,26,Made,1,92.0,87.0,179,h,Curry 26' 3PT Pullup Jump Shot (20 PTS),Made Shot,Pullup Jump shot,0,387,21301021,2407,18.0,def_reb(24),3,3,likely_contested,"subType: contested-like, text: pressure-move"
487,PT04M19.00S,4,1610612744,GSW,201939,Curry,S. Curry,-160,149,22,Made,1,101.0,94.0,195,h,Curry 22' Fadeaway Jumper (22 PTS),Made Shot,Fadeaway Jump Shot,0,421,21301021,2621,9.0,made_fg(24),2,3,likely_contested,"subType: contested-like, text: pressure-move"
489,PT03M59.00S,4,1610612744,GSW,201939,Curry,S. Curry,-38,33,5,Made,1,103.0,94.0,197,h,Curry 5' Running Jump Shot (24 PTS),Made Shot,Running Jump Shot,0,424,21301021,2641,17.0,turnover(24),2,0,likely_open,"subType: open-like, distance: at-rim/very close"
498,PT03M27.00S,4,1610612744,GSW,201939,Curry,S. Curry,228,3,0,Missed,1,0.0,0.0,0,h,MISS Curry  3PT Pullup Jump Shot,Missed Shot,Pullup Jump shot,0,430,21301021,2673,3.0,final_ft(24),3,5,likely_contested,"subType: contested-like, text: pressure-move, distance: at-rim/very close, coords: corner-3, clock: late (<=5s)"
510,PT02M30.00S,4,1610612744,GSW,201939,Curry,S. Curry,-10,17,2,Missed,1,0.0,0.0,0,h,MISS Curry 2' Driving Layup,Missed Shot,Driving Layup Shot,0,442,21301021,2730,17.0,turnover(24),2,3,likely_contested,"subType: contested-like, distance: at-rim/very close"
9,PT10M52.00S,1,1610612744,GSW,201939,Curry,S. Curry,97,67,12,Made,1,2.0,4.0,6,h,Curry 12' Running Bank Shot (2 PTS),Made Shot,Running Bank shot,0,11,21301038,68,13.0,made_fg(24),2,1,borderline,distance: mid-range
17,PT09M23.00S,1,1610612744,GSW,201939,Curry,S. Curry,-229,4,0,Made,1,5.0,8.0,13,h,Curry  3PT Pullup Jump Shot (5 PTS) (Bogut 1 AST),Made Shot,Pullup Jump shot,0,19,21301038,157,11.0,def_reb(24),3,4,likely_contested,"subType: contested-like, text: pressure-move, distance: at-rim/very close, coords: corner-3"
19,PT08M54.00S,1,1610612744,GSW,201939,Curry,S. Curry,-15,14,2,Made,1,7.0,11.0,18,h,Curry 2' Driving Finger Roll Layup (7 PTS),Made Shot,Driving Finger Roll Layup Shot,0,21,21301038,186,9.0,made_fg(24),2,1,borderline,distance: at-rim/very close
42,PT06M12.00S,1,1610612744,GSW,201939,Curry,S. Curry,-240,0,24,Missed,1,0.0,0.0,0,h,MISS Curry 24' 3PT Pullup Jump Shot,Missed Shot,Pullup Jump shot,0,43,21301038,348,,stale_reset(24),3,3,likely_contested,"subType: contested-like, text: pressure-move, coords: corner-3"
195,PT06M16.00S,2,1610612744,GSW,201939,Curry,S. Curry,-93,170,19,Made,1,32.0,44.0,76,h,Curry 19' Pullup Jump Shot (11 PTS),Made Shot,Pullup Jump shot,0,183,21301038,1064,11.0,def_reb(24),2,3,likely_contested,"subType: contested-like, text: pressure-move"
213,PT04M14.00S,2,1610612744,GSW,201939,Curry,S. Curry,-120,160,20,Made,1,40.0,44.0,84,h,Curry 20' Step Back Jump Shot (13 PTS),Made Shot,Step Back Jump shot,0,198,21301038,1186,,stale_reset(24),2,3,likely_contested,"subType: contested-like, text: pressure-move"
217,PT03M46.00S,2,1610612744,GSW,201939,Curry,S. Curry,-13,12,2,Missed,1,0.0,0.0,0,h,MISS Curry 2' Driving Layup,Missed Shot,Driving Layup Shot,0,203,21301038,1214,19.0,turnover(24),2,3,likely_contested,"subType: contested-like, distance: at-rim/very close"
272,PT09M49.00S,3,1610612744,GSW,201939,Curry,S. Curry,-108,31,11,Missed,1,0.0,0.0,0,h,MISS Curry 11' Jump Shot,Missed Shot,Jump Shot,0,252,21301038,1571,0.0,made_fg(24),2,1,borderline,"subType: open-like, distance: mid-range, clock: late (<=5s)"
304,PT07M14.00S,3,1610612744,GSW,201939,Curry,S. Curry,-177,203,27,Missed,1,0.0,0.0,0,h,MISS Curry 27' 3PT Pullup Jump Shot,Missed Shot,Pullup Jump shot,0,282,21301038,1726,16.0,final_ft(24),3,2,likely_contested,"subType: contested-like, text: pressure-move, distance: deep above-break 3 (>=27ft)"
341,PT04M05.00S,3,1610612744,GSW,201939,Curry,S. Curry,4,14,1,Missed,1,0.0,0.0,0,h,MISS Curry 1' Driving Layup,Missed Shot,Driving Layup Shot,0,314,21301038,1915,15.0,made_fg(24),2,3,likely_contested,"subType: contested-like, distance: at-rim/very close"
408,PT11M25.00S,4,1610612744,GSW,201939,Curry,S. Curry,-172,189,26,Missed,1,0.0,0.0,0,h,MISS Curry 26' 3PT Jump Shot,Missed Shot,Jump Shot,0,375,21301038,2195,17.0,def_reb(24),3,-1,likely_open,subType: open-like
419,PT10M17.00S,4,1610612744,GSW,201939,Curry,S. Curry,6,15,2,Missed,1,0.0,0.0,0,h,MISS Curry 2' Layup,Missed Shot,Layup Shot,0,387,21301038,2263,8.0,turnover(24),2,1,borderline,distance: at-rim/very close
452,PT07M57.00S,4,1610612744,GSW,201939,Curry,S. Curry,6,19,2,Missed,1,0.0,0.0,0,h,MISS Curry 2' Driving Layup,Missed Shot,Driving Layup Shot,0,417,21301038,2403,12.0,def_reb(24),2,3,likely_contested,"subType: contested-like, distance: at-rim/very close"
32,PT08M32.00S,1,1610612744,GSW,201939,Curry,S. Curry,111,231,26,Made,1,11.0,6.0,17,h,Curry 26' 3PT Step Back Jump Shot (3 PTS),Made Shot,Step Back Jump shot,0,32,21301086,208,8.0,made_fg(24),3,3,likely_contested,"subType: contested-like, text: pressure-move"
45,PT06M41.00S,1,1610612744,GSW,201939,Curry,S. Curry,168,23,17,Made,1,17.0,12.0,29,h,Curry 17' Turnaround Jump Shot (5 PTS),Made Shot,Turnaround Jump Shot,0,44,21301086,319,13.0,made_fg(24),2,0,likely_open,
63,PT04M47.00S,1,1610612744,GSW,201939,Curry,S. Curry,59,108,12,Missed,1,0.0,0.0,0,h,MISS Curry 12' Jump Shot,Missed Shot,Jump Shot,0,59,21301086,433,13.0,def_reb(24),2,0,likely_open,"subType: open-like, distance: mid-range"
179,PT04M31.00S,2,1610612744,GSW,201939,Curry,S. Curry,53,183,19,Made,1,45.0,41.0,86,h,Curry 19' Step Back Jump Shot (8 PTS),Made Shot,Step Back Jump shot,0,169,21301086,1169,10.0,off_reb(14),2,3,likely_contested,"subType: contested-like, text: pressure-move"
188,PT03M28.00S,2,1610612744,GSW,201939,Curry,S. Curry,138,149,20,Missed,1,0.0,0.0,0,h,MISS Curry 20' Pullup Jump Shot,Missed Shot,Pullup Jump shot,0,176,21301086,1232,12.0,final_ft(24),2,3,likely_contested,"subType: contested-like, text: pressure-move"
191,PT02M52.00S,2,1610612744,GSW,201939,Curry,S. Curry,50,36,6,Made,1,47.0,45.0,92,h,Curry 6' Turnaround Bank Shot (10 PTS),Made Shot,Turnaround Bank shot,0,179,21301086,1268,5.0,made_fg(24),2,3,likely_contested,"subType: contested-like, clock: late (<=5s)"
193,PT02M10.00S,2,1610612744,GSW,201939,Curry,S. Curry,10,173,17,Made,1,49.0,47.0,96,h,Curry 17' Step Back Jump Shot (12 PTS),Made Shot,Step Back Jump shot,0,181,21301086,1310,7.0,made_fg(24),2,3,likely_contested,"subType: contested-like, text: pressure-move"
204,PT01M30.00S,2,1610612744,GSW,201939,Curry,S. Curry,130,170,21,Missed,1,0.0,0.0,0,h,MISS Curry 21' Jump Shot,Missed Shot,Jump Shot,0,188,21301086,1350,3.0,def_reb(24),2,0,likely_open,"subType: open-like, clock: late (<=5s)"
229,PT00M01.20S,2,1610612744,GSW,201939,Curry,S. Curry,10,12,2,Made,1,53.0,52.0,105,h,Curry 2' Driving Layup (14 PTS) (Iguodala 2 AST),Made Shot,Driving Layup Shot,0,210,21301086,1439,18.0,keep_clock(20),2,3,likely_contested,"subType: contested-like, distance: at-rim/very close"
249,PT09M49.00S,3,1610612744,GSW,201939,Curry,S. Curry,125,231,26,Missed,1,0.0,0.0,0,h,MISS Curry 26' 3PT Pullup Jump Shot,Missed Shot,Pullup Jump shot,0,230,21301086,1571,15.0,made_fg(24),3,3,likely_contested,"subType: contested-like, text: pressure-move"
264,PT08M18.00S,3,1610612744,GSW,201939,Curry,S. Curry,9,115,12,Missed,1,0.0,0.0,0,h,MISS Curry 12' Floating Jump Shot,Missed Shot,Floating Jump shot,0,243,21301086,1662,12.0,made_fg(24),2,3,likely_contested,"subType: contested-like, distance: mid-range"
272,PT07M07.00S,3,1610612744,GSW,201939,Curry,S. Curry,127,246,28,Made,1,63.0,66.0,129,h,Curry 28' 3PT Pullup Jump Shot (17 PTS) (Iguodala 3 AST),Made Shot,Pullup Jump shot,0,251,21301086,1733,18.0,def_reb(24),3,2,likely_contested,"subType: contested-like, text: pressure-move, distance: deep above-break 3 (>=27ft)"
280,PT05M57.00S,3,1610612744,GSW,201939,Curry,S. Curry,-160,206,26,Made,1,66.0,68.0,134,h,Curry 26' 3PT Pullup Jump Shot (20 PTS),Made Shot,Pullup Jump shot,0,259,21301086,1803,12.0,def_reb(24),3,3,likely_contested,"subType: contested-like, text: pressure-move"
285,PT05M37.00S,3,1610612744,GSW,201939,Curry,S. Curry,20,11,2,Made,1,68.0,68.0,136,h,Curry 2' Driving Finger Roll Layup (22 PTS),Made Shot,Driving Finger Roll Layup Shot,0,263,21301086,1823,20.0,def_reb(24),2,1,borderline,distance: at-rim/very close
303,PT02M49.00S,3,1610612744,GSW,201939,Curry,S. Curry,2,255,26,Made,1,76.0,74.0,150,h,Curry 26' 3PT Pullup Jump Shot (25 PTS) (Thompson 3 AST),Made Shot,Pullup Jump shot,0,281,21301086,1991,2.0,made_fg(24),3,4,likely_contested,"subType: contested-like, text: pressure-move, clock: late (<=5s)"
317,PT02M14.00S,3,1610612744,GSW,201939,Curry,S. Curry,-237,26,24,Missed,1,0.0,0.0,0,h,MISS Curry 24' 3PT Pullup Jump Shot,Missed Shot,Pullup Jump shot,0,293,21301086,2026,10.0,def_reb(24),3,3,likely_contested,"subType: contested-like, text: pressure-move, coords: corner-3"
330,PT00M06.90S,3,1610612744,GSW,201939,Curry,S. Curry,77,266,28,Missed,1,0.0,0.0,0,h,MISS Curry 28' 3PT Jump Shot,Missed Shot,Jump Shot,0,308,21301086,2154,2.0,turnover(24),3,-1,likely_open,"subType: open-like, distance: deep above-break 3 (>=27ft), clock: late (<=5s)"
384,PT06M38.00S,4,1610612744,GSW,201939,Curry,S. Curry,105,170,20,Made,1,83.0,83.0,166,h,Curry 20' Pullup Jump Shot (28 PTS),Made Shot,Pullup Jump shot,0,361,21301086,2482,,stale_reset(24),2,3,likely_contested,"subType: contested-like, text: pressure-move"
388,PT05M28.00S,4,1610612744,GSW,201939,Curry,S. Curry,174,3,17,Missed,1,0.0,0.0,0,h,MISS Curry 17' Pullup Jump Shot,Missed Shot,Pullup Jump shot,0,365,21301086,2552,18.0,made_fg(24),2,3,likely_contested,"subType: contested-like, text: pressure-move"
402,PT03M44.00S,4,1610612744,GSW,201939,Curry,S. Curry,-43,119,13,Missed,1,0.0,0.0,0,h,MISS Curry 13' Step Back Jump Shot,Missed Shot,Step Back Jump shot,0,381,21301086,2656,8.0,made_fg(24),2,4,likely_contested,"subType: contested-like, text: pressure-move, distance: mid-range"
424,PT01M21.00S,4,1610612744,GSW,201939,Curry,S. Curry,80,252,26,Made,1,96.0,93.0,189,h,Curry 26' 3PT Step Back Jump Shot (31 PTS),Made Shot,Step Back Jump shot,0,401,21301086,2799,14.0,def_reb(24),3,3,likely_contested,"subType: contested-like, text: pressure-move"
434,PT00M30.90S,4,1610612744,GSW,201939,Curry,S. Curry,12,33,4,Made,1,98.0,93.0,191,h,Curry 4' Running Bank Shot (33 PTS),Made Shot,Running Bank shot,0,410,21301086,2850,,stale_reset(14),2,1,borderline,distance: at-rim/very close
9,PT10M36.00S,1,1610612744,GSW,201939,Curry,S. Curry,-43,260,26,Made,1,5.0,2.0,7,h,Curry 26' 3PT Pullup Jump Shot (3 PTS),Made Shot,Pullup Jump shot,0,10,21301098,84,13.0,turnover(24),3,3,likely_contested,"subType: contested-like, text: pressure-move"
76,PT04M30.00S,1,1610612744,GSW,201939,Curry,S. Curry,1,255,26,Made,1,25.0,15.0,40,h,Curry 26' 3PT Pullup Jump Shot (6 PTS),Made Shot,Pullup Jump shot,0,69,21301098,450,14.0,turnover(24),3,3,likely_contested,"subType: contested-like, text: pressure-move"
173,PT06M21.00S,2,1610612744,GSW,201939,Curry,S. Curry,-220,127,25,Missed,1,0.0,0.0,0,h,MISS Curry 25' 3PT Jump Shot,Missed Shot,Jump Shot,0,161,21301098,1059,9.0,def_reb(24),3,-1,likely_open,subType: open-like
189,PT04M14.00S,2,1610612744,GSW,201939,Curry,S. Curry,92,194,21,Missed,1,0.0,0.0,0,h,MISS Curry 21' Step Back Jump Shot,Missed Shot,Step Back Jump shot,0,176,21301098,1186,5.0,made_fg(24),2,4,likely_contested,"subType: contested-like, text: pressure-move, clock: late (<=5s)"
223,PT00M06.70S,2,1610612744,GSW,201939,Curry,S. Curry,18,102,10,Missed,1,0.0,0.0,0,h,MISS Curry 10' Jump Shot,Missed Shot,Jump Shot,0,210,21301098,1434,1.0,made_fg(24),2,1,borderline,"subType: open-like, distance: mid-range, clock: late (<=5s)"
238,PT11M00.00S,3,1610612744,GSW,201939,Curry,S. Curry,108,146,18,Made,1,48.0,56.0,104,h,Curry 18' Pullup Jump Shot (12 PTS),Made Shot,Pullup Jump shot,0,224,21301098,1500,6.0,def_reb(24),2,3,likely_contested,"subType: contested-like, text: pressure-move"
256,PT09M12.00S,3,1610612744,GSW,201939,Curry,S. Curry,-51,34,6,Made,1,50.0,58.0,108,h,Curry 6' Running Bank Shot (14 PTS),Made Shot,Running Bank shot,0,241,21301098,1608,19.0,def_reb(24),2,0,likely_open,
265,PT08M11.00S,3,1610612744,GSW,201939,Curry,S. Curry,-172,184,25,Missed,1,0.0,0.0,0,h,MISS Curry 25' 3PT Jump Shot,Missed Shot,Jump Shot,0,249,21301098,1669,13.0,made_fg(24),3,-1,likely_open,subType: open-like
294,PT05M21.00S,3,1610612744,GSW,201939,Curry,S. Curry,-95,154,18,Made,1,57.0,64.0,121,h,Curry 18' Pullup Jump Shot (17 PTS) (Iguodala 4 AST),Made Shot,Pullup Jump shot,0,274,21301098,1839,14.0,def_reb(24),2,3,likely_contested,"subType: contested-like, text: pressure-move"
304,PT04M29.00S,3,1610612744,GSW,201939,Curry,S. Curry,-109,231,26,Missed,1,0.0,0.0,0,h,MISS Curry 26' 3PT Jump Shot,Missed Shot,Jump Shot,0,286,21301098,1891,12.0,off_reb(14),3,-1,likely_open,subType: open-like
328,PT02M02.00S,3,1610612744,GSW,201939,Curry,S. Curry,61,255,26,Made,1,64.0,70.0,134,h,Curry 26' 3PT Pullup Jump Shot (20 PTS),Made Shot,Pullup Jump shot,0,308,21301098,2038,11.0,made_fg(24),3,3,likely_contested,"subType: contested-like, text: pressure-move"
339,PT01M21.00S,3,1610612744,GSW,201939,Curry,S. Curry,176,214,28,Missed,1,0.0,0.0,0,h,MISS Curry 28' 3PT Pullup Jump Shot,Missed Shot,Pullup Jump shot,0,315,21301098,2079,9.0,def_reb(24),3,2,likely_contested,"subType: contested-like, text: pressure-move, distance: deep above-break 3 (>=27ft)"
350,PT00M03.40S,3,1610612744,GSW,201939,Curry,S. Curry,141,140,20,Made,1,66.0,74.0,140,h,Curry 20' Step Back Jump Shot (22 PTS),Made Shot,Step Back Jump shot,0,326,21301098,2157,7.0,def_foul_14(14),2,3,likely_contested,"subType: contested-like, text: pressure-move"
357,PT11M32.00S,4,1610612744,GSW,201939,Curry,S. Curry,144,206,25,Made,1,69.0,74.0,143,h,Curry 25' 3PT Pullup Jump Shot (25 PTS),Made Shot,Pullup Jump shot,0,332,21301098,2188,,no_reset_found,3,3,likely_contested,"subType: contested-like, text: pressure-move"
366,PT10M00.00S,4,1610612744,GSW,201939,Curry,S. Curry,201,159,26,Made,1,72.0,74.0,146,h,Curry 26' 3PT Pullup Jump Shot (28 PTS) (Blake 2 AST),Made Shot,Pullup Jump shot,0,342,21301098,2280,7.0,def_reb(24),3,3,likely_contested,"subType: contested-like, text: pressure-move"
379,PT08M47.00S,4,1610612744,GSW,201939,Curry,S. Curry,42,34,5,Missed,1,0.0,0.0,0,h,MISS Curry 5' Jump Shot,Missed Shot,Jump Shot,0,355,21301098,2353,17.0,def_reb(24),2,0,likely_open,"subType: open-like, distance: at-rim/very close"
384,PT08M11.00S,4,1610612744,GSW,201939,Curry,S. Curry,-125,149,19,Missed,1,0.0,0.0,0,h,MISS Curry 19' Pullup Jump Shot,Missed Shot,Pullup Jump shot,0,360,21301098,2389,12.0,def_reb(24),2,3,likely_contested,"subType: contested-like, text: pressure-move"
448,PT02M42.00S,4,1610612744,GSW,201939,Curry,S. Curry,231,1,0,Made,1,81.0,81.0,162,h,Curry  3PT Pullup Jump Shot (32 PTS) (Iguodala 5 AST),Made Shot,Pullup Jump shot,0,418,21301098,2718,10.0,turnover(24),3,4,likely_contested,"subType: contested-like, text: pressure-move, distance: at-rim/very close, coords: corner-3"
456,PT02M11.00S,4,1610612744,GSW,201939,Curry,S. Curry,179,197,27,Missed,1,0.0,0.0,0,h,MISS Curry 27' 3PT Pullup Jump Shot,Missed Shot,Pullup Jump shot,0,424,21301098,2749,15.0,turnover(24),3,2,likely_contested,"subType: contested-like, text: pressure-move, distance: deep above-break 3 (>=27ft)"
458,PT02M06.00S,4,1610612744,GSW,201939,Curry,S. Curry,170,17,17,Missed,1,0.0,0.0,0,h,MISS Curry 17' Fadeaway Jumper,Missed Shot,Fadeaway Jump Shot,0,426,21301098,2754,12.0,off_reb(14),2,3,likely_contested,"subType: contested-like, text: pressure-move"
482,PT00M30.90S,4,1610612744,GSW,201939,Curry,S. Curry,34,258,26,Missed,1,0.0,0.0,0,h,MISS Curry 26' 3PT Pullup Jump Shot,Missed Shot,Pullup Jump shot,0,445,21301098,2850,9.0,final_ft(24),3,3,likely_contested,"subType: contested-like, text: pressure-move"
27,PT08M32.00S,1,1610612744,GSW,201939,Curry,S. Curry,23,7,2,Made,1,4.0,10.0,14,v,Curry 2' Driving Layup (2 PTS),Made Shot,Driving Layup Shot,0,29,21301112,208,9.0,made_fg(24),2,3,likely_contested,"subType: contested-like, distance: at-rim/very close"
49,PT06M56.00S,1,1610612744,GSW,201939,Curry,S. Curry,147,131,20,Made,1,8.0,16.0,24,v,Curry 20' Fadeaway Jumper (4 PTS),Made Shot,Fadeaway Jump Shot,0,46,21301112,304,18.0,def_reb(24),2,3,likely_contested,"subType: contested-like, text: pressure-move"
52,PT06M24.00S,1,1610612744,GSW,201939,Curry,S. Curry,151,217,26,Missed,1,0.0,0.0,0,v,MISS Curry 26' 3PT Jump Shot,Missed Shot,Jump Shot,0,49,21301112,336,20.0,def_reb(24),3,-1,likely_open,subType: open-like
80,PT03M04.00S,1,1610612744,GSW,201939,Curry,S. Curry,1,1,0,Made,1,17.0,23.0,40,v,Curry  Running Slam Dunk (6 PTS) (Thompson 1 AST),Made Shot,Running Slam Dunk Shot,0,76,21301112,536,21.0,def_reb(24),2,1,borderline,distance: at-rim/very close
174,PT05M15.00S,2,1610612744,GSW,201939,Curry,S. Curry,136,222,26,Missed,1,0.0,0.0,0,v,MISS Curry 26' 3PT Jump Shot,Missed Shot,Jump Shot,0,162,21301112,1125,15.0,made_fg(24),3,-1,likely_open,subType: open-like
213,PT01M35.00S,2,1610612744,GSW,201939,Curry,S. Curry,166,197,26,Missed,1,0.0,0.0,0,v,MISS Curry 26' 3PT Jump Shot,Missed Shot,Jump Shot,0,194,21301112,1345,7.0,made_fg(24),3,-1,likely_open,subType: open-like
242,PT10M29.00S,3,1610612744,GSW,201939,Curry,S. Curry,-229,53,24,Made,1,63.0,56.0,119,v,Curry 24' 3PT Jump Shot (9 PTS) (Thompson 5 AST),Made Shot,Jump Shot,0,223,21301112,1531,9.0,final_ft(24),3,-1,likely_open,subType: open-like
255,PT09M04.00S,3,1610612744,GSW,201939,Curry,S. Curry,15,0,2,Made,1,63.0,61.0,124,v,Curry 2' Layup (11 PTS) (Iguodala 4 AST),Made Shot,Layup Shot,0,235,21301112,1616,17.0,def_reb(24),2,1,borderline,distance: at-rim/very close
300,PT02M53.00S,3,1610612744,GSW,201939,Curry,S. Curry,-213,110,24,Made,1,76.0,76.0,152,v,Curry 24' 3PT Jump Shot (14 PTS),Made Shot,Jump Shot,0,277,21301112,1987,15.0,made_fg(24),3,-1,likely_open,subType: open-like
324,PT00M54.90S,3,1610612744,GSW,201939,Curry,S. Curry,-164,179,24,Made,1,79.0,83.0,162,v,Curry 24' 3PT Jump Shot (17 PTS),Made Shot,Jump Shot,0,296,21301112,2106,20.0,turnover(24),3,-1,likely_open,subType: open-like
361,PT09M21.00S,4,1610612744,GSW,201939,Curry,S. Curry,4,7,1,Made,1,86.0,90.0,176,v,Curry 1' Driving Finger Roll Layup (19 PTS),Made Shot,Driving Finger Roll Layup Shot,0,333,21301112,2319,14.0,made_fg(24),2,1,borderline,distance: at-rim/very close
364,PT09M04.00S,4,1610612744,GSW,201939,Curry,S. Curry,-127,205,24,Missed,1,0.0,0.0,0,v,MISS Curry 24' 3PT Jump Shot,Missed Shot,Jump Shot,0,336,21301112,2336,19.0,def_reb(24),3,-1,likely_open,subType: open-like
403,PT04M55.00S,4,1610612744,GSW,201939,Curry,S. Curry,84,238,25,Missed,1,0.0,0.0,0,v,MISS Curry 25' 3PT Jump Shot,Missed Shot,Jump Shot,0,368,21301112,2585,5.0,made_fg(24),3,0,likely_open,"subType: open-like, clock: late (<=5s)"
458,PT00M04.90S,4,1610612744,GSW,201939,Curry,S. Curry,113,197,23,Missed,1,0.0,0.0,0,v,MISS Curry 23' Jump Shot,Missed Shot,Jump Shot,0,413,21301112,2876,,stale_reset(14),2,-1,likely_open,subType: open-like
493,PT01M42.00S,5,1610612744,GSW,201939,Curry,S. Curry,-128,88,16,Made,1,117.0,118.0,235,v,Curry 16' Jump Shot (21 PTS),Made Shot,Jump Shot,0,444,21301112,3078,15.0,def_reb(24),2,0,likely_open,"subType: open-like, distance: mid-range"
500,PT01M08.00S,5,1610612744,GSW,201939,Curry,S. Curry,43,220,22,Missed,1,0.0,0.0,0,v,MISS Curry 22' Jump Shot,Missed Shot,Jump Shot,0,448,21301112,3112,9.0,def_reb(24),2,-1,likely_open,subType: open-like
512,PT00M00.10S,5,1610612744,GSW,201939,Curry,S. Curry,-169,119,21,Made,1,120.0,122.0,242,v,Curry 21' Jump Shot (23 PTS),Made Shot,Jump Shot,0,458,21301112,3180,13.0,def_reb(24),2,-1,likely_open,subType: open-like
6,PT10M59.00S,1,1610612744,GSW,201939,Curry,S. Curry,-199,64,21,Made,1,0.0,4.0,4,v,Curry 21' Jump Shot (2 PTS),Made Shot,Jump Shot,0,7,21301123,61,18.0,def_reb(24),2,-1,likely_open,subType: open-like
11,PT10M27.00S,1,1610612744,GSW,201939,Curry,S. Curry,-187,69,20,Missed,1,0.0,0.0,0,v,MISS Curry 20' Jump Shot,Missed Shot,Jump Shot,0,12,21301123,93,11.0,made_fg(24),2,-1,likely_open,subType: open-like
41,PT07M14.00S,1,1610612744,GSW,201939,Curry,S. Curry,-108,134,17,Missed,1,0.0,0.0,0,v,MISS Curry 17' Jump Shot,Missed Shot,Jump Shot,0,41,21301123,286,12.0,made_fg(24),2,-1,likely_open,subType: open-like
85,PT02M36.00S,1,1610612744,GSW,201939,Curry,S. Curry,-196,-19,20,Missed,1,0.0,0.0,0,v,MISS Curry 20' Jump Bank Shot,Missed Shot,Jump Bank Shot,0,80,21301123,564,6.0,final_ft(24),2,2,likely_contested,subType: contested-like
94,PT01M18.00S,1,1610612744,GSW,201939,Curry,S. Curry,75,30,8,Made,1,31.0,18.0,49,v,Curry 8' Floating Jump Shot (4 PTS),Made Shot,Floating Jump shot,0,90,21301123,642,18.0,turnover(24),2,3,likely_contested,"subType: contested-like, distance: mid-range"
106,PT00M02.80S,1,1610612744,GSW,201939,Curry,S. Curry,28,4,3,Missed,1,0.0,0.0,0,v,MISS Curry 3' Layup,Missed Shot,Layup Shot,0,102,21301123,718,0.0,def_foul_14(14),2,2,likely_contested,"distance: at-rim/very close, clock: late (<=5s)"
190,PT04M43.00S,2,1610612744,GSW,201939,Curry,S. Curry,-15,170,17,Made,1,46.0,34.0,80,v,Curry 17' Pullup Jump Shot (6 PTS),Made Shot,Pullup Jump shot,0,179,21301123,1157,10.0,made_fg(24),2,3,likely_contested,"subType: contested-like, text: pressure-move"
210,PT03M17.00S,2,1610612744,GSW,201939,Curry,S. Curry,-43,244,25,Missed,1,0.0,0.0,0,v,MISS Curry 25' 3PT Jump Shot,Missed Shot,Jump Shot,0,195,21301123,1243,18.0,def_reb(24),3,-1,likely_open,subType: open-like
224,PT01M40.00S,2,1610612744,GSW,201939,Curry,S. Curry,147,203,25,Missed,1,0.0,0.0,0,v,MISS Curry 25' 3PT Pullup Jump Shot,Missed Shot,Pullup Jump shot,0,209,21301123,1340,13.0,made_fg(24),3,3,likely_contested,"subType: contested-like, text: pressure-move"
228,PT01M13.00S,2,1610612744,GSW,201939,Curry,S. Curry,146,52,15,Missed,1,0.0,0.0,0,v,MISS Curry 15' Pullup Jump Shot,Missed Shot,Pullup Jump shot,0,213,21301123,1367,14.0,def_reb(24),2,4,likely_contested,"subType: contested-like, text: pressure-move, distance: mid-range"
250,PT10M46.00S,3,1610612744,GSW,201939,Curry,S. Curry,-228,172,29,Missed,1,0.0,0.0,0,v,MISS Curry 29' 3PT Jump Shot,Missed Shot,Jump Shot,0,233,21301123,1514,12.0,made_fg(24),3,-2,likely_open,"subType: open-like, distance: deep above-break 3 (>=27ft)"
266,PT07M29.00S,3,1610612744,GSW,201939,Curry,S. Curry,-2,192,19,Made,1,69.0,55.0,124,v,Curry 19' Step Back Jump Shot (8 PTS),Made Shot,Step Back Jump shot,0,249,21301123,1711,10.0,def_reb(24),2,3,likely_contested,"subType: contested-like, text: pressure-move"
269,PT06M51.00S,3,1610612744,GSW,201939,Curry,S. Curry,97,239,26,Made,1,69.0,58.0,127,v,Curry 26' 3PT Jump Shot (11 PTS) (Green 4 AST),Made Shot,Jump Shot,0,252,21301123,1749,12.0,def_reb(24),3,-1,likely_open,subType: open-like
284,PT05M07.00S,3,1610612744,GSW,201939,Curry,S. Curry,-10,115,12,Missed,1,0.0,0.0,0,v,MISS Curry 12' Jump Shot,Missed Shot,Jump Shot,0,266,21301123,1853,8.0,made_fg(24),2,0,likely_open,"subType: open-like, distance: mid-range"
346,PT00M42.90S,3,1610612744,GSW,201939,Curry,S. Curry,-123,140,19,Missed,1,0.0,0.0,0,v,MISS Curry 19' Step Back Jump Shot,Missed Shot,Step Back Jump shot,0,321,21301123,2118,5.0,final_ft(24),2,4,likely_contested,"subType: contested-like, text: pressure-move, clock: late (<=5s)"
34,PT09M07.00S,1,1610612744,GSW,201939,Curry,S. Curry,154,209,26,Missed,1,0.0,0.0,0,h,MISS Curry 26' 3PT Pullup Jump Shot,Missed Shot,Pullup Jump shot,0,28,21301141,173,,stale_reset(23),3,3,likely_contested,"subType: contested-like, text: pressure-move"
110,PT03M14.00S,1,1610612744,GSW,201939,Curry,S. Curry,-136,110,17,Made,1,19.0,6.0,25,h,Curry 17' Step Back Jump Shot (3 PTS),Made Shot,Step Back Jump shot,0,99,21301141,526,12.0,off_foul(24),2,3,likely_contested,"subType: contested-like, text: pressure-move"
112,PT02M48.00S,1,1610612744,GSW,201939,Curry,S. Curry,-164,129,21,Missed,1,0.0,0.0,0,h,MISS Curry 21' Jump Shot,Missed Shot,Jump Shot,0,101,21301141,552,12.0,made_fg(24),2,-1,likely_open,subType: open-like
127,PT01M54.00S,1,1610612744,GSW,201939,Curry,S. Curry,110,230,25,Missed,1,0.0,0.0,0,h,MISS Curry 25' 3PT Jump Shot,Missed Shot,Jump Shot,0,117,21301141,606,12.0,off_reb(14),3,-1,likely_open,subType: open-like
217,PT07M40.00S,2,1610612744,GSW,201939,Curry,S. Curry,-234,48,24,Made,1,35.0,15.0,50,h,Curry 24' 3PT Pullup Jump Shot (6 PTS) (Speights 1 AST),Made Shot,Pullup Jump shot,0,194,21301141,980,5.0,def_reb(24),3,4,likely_contested,"subType: contested-like, text: pressure-move, coords: corner-3, clock: late (<=5s)"
259,PT03M15.00S,2,1610612744,GSW,201939,Curry,S. Curry,-25,114,12,Made,1,48.0,27.0,75,h,Curry 12' Floating Jump Shot (8 PTS),Made Shot,Floating Jump shot,0,230,21301141,1245,12.0,final_ft(24),2,3,likely_contested,"subType: contested-like, distance: mid-range"
267,PT02M43.00S,2,1610612744,GSW,201939,Curry,S. Curry,-199,164,26,Made,1,51.0,27.0,78,h,Curry 26' 3PT Step Back Jump Shot (11 PTS) (Iguodala 1 AST),Made Shot,Step Back Jump shot,0,237,21301141,1277,9.0,off_foul(24),3,3,likely_contested,"subType: contested-like, text: pressure-move"
270,PT02M14.00S,2,1610612744,GSW,201939,Curry,S. Curry,-100,168,20,Missed,1,0.0,0.0,0,h,MISS Curry 20' Jump Shot,Missed Shot,Jump Shot,0,240,21301141,1306,10.0,def_reb(24),2,-1,likely_open,subType: open-like
348,PT05M32.00S,3,1610612744,GSW,201939,Curry,S. Curry,130,246,28,Missed,1,0.0,0.0,0,h,MISS Curry 28' 3PT Pullup Jump Shot,Missed Shot,Pullup Jump shot,0,311,21301141,1828,19.0,def_reb(24),3,2,likely_contested,"subType: contested-like, text: pressure-move, distance: deep above-break 3 (>=27ft)"
358,PT03M57.00S,3,1610612744,GSW,201939,Curry,S. Curry,-205,12,21,Missed,1,0.0,0.0,0,h,MISS Curry 21' Step Back Jump Shot,Missed Shot,Step Back Jump shot,0,320,21301141,1923,0.0,made_fg(24),2,4,likely_contested,"subType: contested-like, text: pressure-move, clock: late (<=5s)"
369,PT03M31.00S,3,1610612744,GSW,201939,Curry,S. Curry,149,119,19,Made,1,77.0,42.0,119,h,Curry 19' Pullup Jump Shot (13 PTS),Made Shot,Pullup Jump shot,0,330,21301141,1949,8.0,final_ft(24),2,3,likely_contested,"subType: contested-like, text: pressure-move"
372,PT02M45.00S,3,1610612744,GSW,201939,Curry,S. Curry,-128,132,18,Missed,1,0.0,0.0,0,h,MISS Curry 18' Pullup Jump Shot,Missed Shot,Pullup Jump shot,0,332,21301141,1995,5.0,made_fg(24),2,4,likely_contested,"subType: contested-like, text: pressure-move, clock: late (<=5s)"
6,PT11M05.00S,1,1610612744,GSW,201939,Curry,S. Curry,-125,242,27,Made,1,5.0,2.0,7,h,Curry 27' 3PT Pullup Jump Shot (3 PTS),Made Shot,Pullup Jump shot,0,7,21301155,55,18.0,def_reb(24),3,2,likely_contested,"subType: contested-like, text: pressure-move, distance: deep above-break 3 (>=27ft)"
24,PT08M33.00S,1,1610612744,GSW,201939,Curry,S. Curry,149,228,27,Made,1,10.0,6.0,16,h,Curry 27' 3PT Pullup Jump Shot (6 PTS),Made Shot,Pullup Jump shot,0,27,21301155,207,12.0,made_fg(24),3,2,likely_contested,"subType: contested-like, text: pressure-move, distance: deep above-break 3 (>=27ft)"
36,PT06M22.00S,1,1610612744,GSW,201939,Curry,S. Curry,-202,173,27,Made,1,19.0,11.0,30,h,Curry 27' 3PT Pullup Jump Shot (9 PTS) (Green 1 AST),Made Shot,Pullup Jump shot,0,39,21301155,338,19.0,def_reb(24),3,2,likely_contested,"subType: contested-like, text: pressure-move, distance: deep above-break 3 (>=27ft)"
45,PT05M50.00S,1,1610612744,GSW,201939,Curry,S. Curry,-45,246,25,Made,1,23.0,13.0,36,h,Curry 25' 3PT Pullup Jump Shot (13 PTS),Made Shot,Pullup Jump shot,0,46,21301155,370,4.0,def_violation_14(14),3,4,likely_contested,"subType: contested-like, text: pressure-move, clock: late (<=5s)"
53,PT04M42.00S,1,1610612744,GSW,201939,Curry,S. Curry,21,271,27,Missed,1,0.0,0.0,0,h,MISS Curry 27' 3PT Pullup Jump Shot,Missed Shot,Pullup Jump shot,0,56,21301155,438,14.0,turnover(24),3,2,likely_contested,"subType: contested-like, text: pressure-move, distance: deep above-break 3 (>=27ft)"
73,PT03M00.00S,1,1610612744,GSW,201939,Curry,S. Curry,-8,1,1,Made,1,31.0,18.0,49,h,Curry 1' Driving Reverse Layup (15 PTS) (Barnes 1 AST),Made Shot,Driving Reverse Layup Shot,0,75,21301155,540,21.0,turnover(24),2,3,likely_contested,"subType: contested-like, distance: at-rim/very close"
198,PT06M02.00S,2,1610612744,GSW,201939,Curry,S. Curry,88,45,10,Made,1,50.0,39.0,89,h,Curry 10' Running Bank Shot (18 PTS),Made Shot,Running Bank shot,0,186,21301155,1078,14.0,final_ft(24),2,1,borderline,distance: mid-range
206,PT04M37.00S,2,1610612744,GSW,201939,Curry,S. Curry,31,64,7,Missed,1,0.0,0.0,0,h,MISS Curry 7' Floating Jump Shot,Missed Shot,Floating Jump shot,0,195,21301155,1163,20.0,turnover(24),2,2,likely_contested,subType: contested-like
223,PT02M33.00S,2,1610612744,GSW,201939,Curry,S. Curry,-8,7,1,Made,1,60.0,47.0,107,h,Curry 1' Driving Reverse Layup (20 PTS),Made Shot,Driving Reverse Layup Shot,0,213,21301155,1287,6.0,made_fg(24),2,3,likely_contested,"subType: contested-like, distance: at-rim/very close"
261,PT10M31.00S,3,1610612744,GSW,201939,Curry,S. Curry,-19,272,27,Missed,1,0.0,0.0,0,h,MISS Curry 27' 3PT Pullup Jump Shot,Missed Shot,Pullup Jump shot,0,245,21301155,1529,11.0,made_fg(24),3,2,likely_contested,"subType: contested-like, text: pressure-move, distance: deep above-break 3 (>=27ft)"
276,PT08M44.00S,3,1610612744,GSW,201939,Curry,S. Curry,80,164,18,Made,1,77.0,58.0,135,h,Curry 18' Pullup Jump Shot (22 PTS),Made Shot,Pullup Jump shot,0,260,21301155,1636,15.0,def_reb(24),2,3,likely_contested,"subType: contested-like, text: pressure-move"
287,PT08M03.00S,3,1610612744,GSW,201939,Curry,S. Curry,-175,260,31,Made,1,80.0,60.0,140,h,Curry 31' 3PT Pullup Jump Shot (25 PTS),Made Shot,Pullup Jump shot,0,270,21301155,1677,7.0,final_ft(24),3,2,likely_contested,"subType: contested-like, text: pressure-move, distance: deep above-break 3 (>=27ft)"
294,PT07M15.00S,3,1610612744,GSW,201939,Curry,S. Curry,-177,244,30,Missed,1,0.0,0.0,0,h,MISS Curry 30' 3PT Jump Shot,Missed Shot,Jump Shot,0,277,21301155,1725,13.0,off_foul(24),3,-2,likely_open,"subType: open-like, distance: deep above-break 3 (>=27ft)"
318,PT05M05.00S,3,1610612744,GSW,201939,Curry,S. Curry,204,22,21,Made,1,84.0,60.0,144,h,Curry 21' Pullup Jump Shot (27 PTS),Made Shot,Pullup Jump shot,0,303,21301155,1855,11.0,def_reb(24),2,3,likely_contested,"subType: contested-like, text: pressure-move"
329,PT04M18.00S,3,1610612744,GSW,201939,Curry,S. Curry,-185,189,26,Missed,1,0.0,0.0,0,h,MISS Curry 26' 3PT Pullup Jump Shot,Missed Shot,Pullup Jump shot,0,313,21301155,1902,5.0,final_ft(24),3,4,likely_contested,"subType: contested-like, text: pressure-move, clock: late (<=5s)"
353,PT02M00.00S,3,1610612744,GSW,201939,Curry,S. Curry,-155,85,18,Made,1,93.0,68.0,161,h,Curry 18' Pullup Jump Shot (29 PTS),Made Shot,Pullup Jump shot,0,334,21301155,2040,10.0,made_fg(24),2,3,likely_contested,"subType: contested-like, text: pressure-move"
373,PT00M28.30S,3,1610612744,GSW,201939,Curry,S. Curry,1,19,2,Made,1,101.0,73.0,174,h,Curry 2' Reverse Layup (31 PTS),Made Shot,Reverse Layup Shot,0,350,21301155,2132,17.0,final_ft(24),2,3,likely_contested,"subType: contested-like, distance: at-rim/very close"
376,PT00M03.50S,3,1610612744,GSW,201939,Curry,S. Curry,-188,231,30,Missed,1,0.0,0.0,0,h,MISS Curry 30' 3PT Jump Shot,Missed Shot,Jump Shot,0,353,21301155,2157,20.0,def_reb(24),3,-2,likely_open,"subType: open-like, distance: deep above-break 3 (>=27ft)"
13,PT10M47.00S,1,1610612744,GSW,201939,Curry,S. Curry,-191,179,26,Made,1,5.0,0.0,5,h,Curry 26' 3PT Step Back Jump Shot (3 PTS) (Green 1 AST),Made Shot,Step Back Jump shot,0,14,21301175,73,20.0,def_reb(24),3,3,likely_contested,"subType: contested-like, text: pressure-move"
23,PT09M28.00S,1,1610612744,GSW,201939,Curry,S. Curry,-188,239,30,Missed,1,0.0,0.0,0,h,MISS Curry 30' 3PT Pullup Jump Shot,Missed Shot,Pullup Jump shot,0,24,21301175,152,15.0,def_reb(24),3,2,likely_contested,"subType: contested-like, text: pressure-move, distance: deep above-break 3 (>=27ft)"
87,PT03M33.00S,1,1610612744,GSW,201939,Curry,S. Curry,-174,137,22,Missed,1,0.0,0.0,0,h,MISS Curry 22' Step Back Jump Shot,Missed Shot,Step Back Jump shot,0,84,21301175,507,6.0,made_fg(24),2,3,likely_contested,"subType: contested-like, text: pressure-move"
200,PT05M39.00S,2,1610612744,GSW,201939,Curry,S. Curry,7,12,1,Made,1,42.0,27.0,69,h,Curry 1' Driving Layup (5 PTS) (Iguodala 2 AST),Made Shot,Driving Layup Shot,0,190,21301175,1101,18.0,def_reb(24),2,3,likely_contested,"subType: contested-like, distance: at-rim/very close"
269,PT00M30.90S,2,1610612744,GSW,201939,Curry,S. Curry,2,276,28,Missed,1,0.0,0.0,0,h,MISS Curry 28' 3PT Step Back Jump Shot,Missed Shot,Step Back Jump shot,0,254,21301175,1410,12.0,turnover(24),3,2,likely_contested,"subType: contested-like, text: pressure-move, distance: deep above-break 3 (>=27ft)"
282,PT11M23.00S,3,1610612744,GSW,201939,Curry,S. Curry,-239,12,24,Missed,1,0.0,0.0,0,h,MISS Curry 24' 3PT Turnaround Jump Shot,Missed Shot,Turnaround Jump Shot,0,269,21301175,1477,6.0,made_fg(24),3,0,likely_open,coords: corner-3
290,PT09M52.00S,3,1610612744,GSW,201939,Curry,S. Curry,114,244,27,Made,1,61.0,51.0,112,h,Curry 27' 3PT Pullup Jump Shot (10 PTS),Made Shot,Pullup Jump shot,0,278,21301175,1568,10.0,made_fg(24),3,2,likely_contested,"subType: contested-like, text: pressure-move, distance: deep above-break 3 (>=27ft)"
298,PT09M01.00S,3,1610612744,GSW,201939,Curry,S. Curry,-10,14,2,Made,1,65.0,51.0,116,h,Curry 2' Driving Layup (12 PTS),Made Shot,Driving Layup Shot,0,286,21301175,1619,17.0,def_reb(24),2,3,likely_contested,"subType: contested-like, distance: at-rim/very close"
317,PT06M56.00S,3,1610612744,GSW,201939,Curry,S. Curry,114,189,22,Missed,1,0.0,0.0,0,h,MISS Curry 22' Pullup Jump Shot,Missed Shot,Pullup Jump shot,0,304,21301175,1744,14.0,made_fg(24),2,3,likely_contested,"subType: contested-like, text: pressure-move"
325,PT06M34.00S,3,1610612744,GSW,201939,Curry,S. Curry,69,214,22,Missed,1,0.0,0.0,0,h,MISS Curry 22' Jump Shot,Missed Shot,Jump Shot,0,313,21301175,1766,9.0,off_reb(14),2,-1,likely_open,subType: open-like
334,PT05M57.00S,3,1610612744,GSW,201939,Curry,S. Curry,136,127,19,Missed,1,0.0,0.0,0,h,MISS Curry 19' Jump Shot,Missed Shot,Jump Shot,0,323,21301175,1803,13.0,turnover(24),2,-1,likely_open,subType: open-like
433,PT07M38.00S,4,1610612744,GSW,201939,Curry,S. Curry,-68,131,15,Made,1,82.0,83.0,165,h,Curry 15' Step Back Jump Shot (14 PTS),Made Shot,Step Back Jump shot,0,418,21301175,2422,10.0,made_fg(24),2,4,likely_contested,"subType: contested-like, text: pressure-move, distance: mid-range"
447,PT06M26.00S,4,1610612744,GSW,201939,Curry,S. Curry,75,175,19,Missed,1,0.0,0.0,0,h,MISS Curry 19' Pullup Jump Shot,Missed Shot,Pullup Jump shot,0,432,21301175,2494,12.0,final_ft(24),2,3,likely_contested,"subType: contested-like, text: pressure-move"
460,PT05M25.00S,4,1610612744,GSW,201939,Curry,S. Curry,13,4,1,Made,1,89.0,90.0,179,h,Curry 1' Driving Layup (16 PTS) (Iguodala 3 AST),Made Shot,Driving Layup Shot,0,444,21301175,2555,21.0,def_reb(24),2,3,likely_contested,"subType: contested-like, distance: at-rim/very close"
481,PT03M22.00S,4,1610612744,GSW,201939,Curry,S. Curry,92,170,19,Made,1,93.0,90.0,183,h,Curry 19' Pullup Jump Shot (18 PTS),Made Shot,Pullup Jump shot,0,463,21301175,2678,13.0,turnover(24),2,3,likely_contested,"subType: contested-like, text: pressure-move"
483,PT02M52.00S,4,1610612744,GSW,201939,Curry,S. Curry,223,129,26,Missed,1,0.0,0.0,0,h,MISS Curry 26' 3PT Step Back Jump Shot,Missed Shot,Step Back Jump shot,0,465,21301175,2708,7.0,made_fg(24),3,3,likely_contested,"subType: contested-like, text: pressure-move"
487,PT02M15.00S,4,1610612744,GSW,201939,Curry,S. Curry,-128,39,13,Missed,1,0.0,0.0,0,h,MISS Curry 13' Fadeaway Jumper,Missed Shot,Fadeaway Jump Shot,0,469,21301175,2745,4.0,def_reb(24),2,5,likely_contested,"subType: contested-like, text: pressure-move, distance: mid-range, clock: late (<=5s)"
524,PT00M05.80S,4,1610612744,GSW,201939,Curry,S. Curry,-7,56,6,Made,1,99.0,98.0,197,h,Curry 6' Floating Jump Shot (24 PTS),Made Shot,Floating Jump shot,0,503,21301175,2875,16.0,def_reb(24),2,2,likely_contested,subType: contested-like
533,PT00M00.20S,4,1610612744,GSW,201939,Curry,S. Curry,160,250,30,Missed,1,0.0,0.0,0,h,MISS Curry 30' 3PT Jump Shot,Missed Shot,Jump Shot,0,508,21301175,2880,23.0,made_fg(24),3,-2,likely_open,"subType: open-like, distance: deep above-break 3 (>=27ft)"
2,PT11M43.00S,1,1610612744,GSW,201939,Curry,S. Curry,23,137,14,Made,1,0.0,2.0,2,v,Curry 14' Step Back Jump Shot (2 PTS),Made Shot,Step Back Jump shot,0,3,21301188,17,7.0,period_start(24),2,4,likely_contested,"subType: contested-like, text: pressure-move, distance: mid-range"
9,PT10M38.00S,1,1610612744,GSW,201939,Curry,S. Curry,-202,-2,20,Missed,1,0.0,0.0,0,v,MISS Curry 20' Jump Shot,Missed Shot,Jump Shot,0,11,21301188,82,14.0,def_reb(24),2,-1,likely_open,subType: open-like
18,PT09M41.00S,1,1610612744,GSW,201939,Curry,S. Curry,9,36,4,Missed,1,0.0,0.0,0,v,MISS Curry 4' Layup,Missed Shot,Layup Shot,0,20,21301188,139,19.0,def_reb(24),2,1,borderline,distance: at-rim/very close
54,PT06M39.00S,1,1610612744,GSW,201939,Curry,S. Curry,24,160,16,Made,1,10.0,11.0,21,v,Curry 16' Jump Shot (4 PTS),Made Shot,Jump Shot,0,53,21301188,321,13.0,turnover(24),2,0,likely_open,"subType: open-like, distance: mid-range"
58,PT06M18.00S,1,1610612744,GSW,201939,Curry,S. Curry,17,19,3,Made,1,10.0,13.0,23,v,Curry 3' Driving Layup (6 PTS),Made Shot,Driving Layup Shot,0,56,21301188,342,18.0,def_reb(24),2,3,likely_contested,"subType: contested-like, distance: at-rim/very close"
89,PT04M08.00S,1,1610612744,GSW,201939,Curry,S. Curry,111,159,19,Made,1,16.0,19.0,35,v,Curry 19' Floating Jump Shot (8 PTS),Made Shot,Floating Jump shot,0,81,21301188,472,18.0,def_reb(24),2,2,likely_contested,subType: contested-like
91,PT03M54.00S,1,1610612744,GSW,201939,Curry,S. Curry,-10,14,2,Missed,1,0.0,0.0,0,v,MISS Curry 2' Dunk,Missed Shot,Dunk Shot,0,84,21301188,486,20.0,turnover(24),2,1,borderline,distance: at-rim/very close
95,PT03M48.00S,1,1610612744,GSW,201939,Curry,S. Curry,-250,50,25,Made,1,16.0,22.0,38,v,Curry 25' 3PT Jump Shot (11 PTS) (Blake 1 AST),Made Shot,Jump Shot,0,88,21301188,492,13.0,off_reb(14),3,-2,likely_open,"subType: open-like, coords: corner-3, corner: catch/spot"
101,PT02M47.00S,1,1610612744,GSW,201939,Curry,S. Curry,-97,140,17,Missed,1,0.0,0.0,0,v,MISS Curry 17' Turnaround Jump Shot,Missed Shot,Turnaround Jump Shot,0,94,21301188,553,4.0,made_fg(24),2,1,borderline,clock: late (<=5s)
181,PT05M37.00S,2,1610612744,GSW,201939,Curry,S. Curry,72,183,20,Made,1,36.0,43.0,79,v,Curry 20' Pullup Jump Shot (13 PTS),Made Shot,Pullup Jump shot,0,174,21301188,1103,17.0,def_reb(24),2,3,likely_contested,"subType: contested-like, text: pressure-move"
191,PT04M51.00S,2,1610612744,GSW,201939,Curry,S. Curry,-18,266,27,Missed,1,0.0,0.0,0,v,MISS Curry 27' 3PT Jump Shot,Missed Shot,Jump Shot,0,183,21301188,1149,14.0,def_reb(24),3,-2,likely_open,"subType: open-like, distance: deep above-break 3 (>=27ft)"
200,PT03M49.00S,2,1610612744,GSW,201939,Curry,S. Curry,-46,86,10,Made,1,38.0,47.0,85,v,Curry 10' Running Jump Shot (15 PTS),Made Shot,Running Jump Shot,0,191,21301188,1211,19.0,def_reb(24),2,0,likely_open,"subType: open-like, distance: mid-range"
220,PT01M49.00S,2,1610612744,GSW,201939,Curry,S. Curry,184,23,19,Made,1,43.0,53.0,96,v,Curry 19' Jump Shot (17 PTS),Made Shot,Jump Shot,0,209,21301188,1331,5.0,final_ft(24),2,0,likely_open,"subType: open-like, clock: late (<=5s)"
223,PT01M22.00S,2,1610612744,GSW,201939,Curry,S. Curry,-127,231,26,Made,1,43.0,56.0,99,v,Curry 26' 3PT Jump Shot (20 PTS),Made Shot,Jump Shot,0,212,21301188,1358,18.0,def_reb(24),3,-1,likely_open,subType: open-like
283,PT07M10.00S,3,1610612744,GSW,201939,Curry,S. Curry,-194,17,19,Missed,1,0.0,0.0,0,v,MISS Curry 19' Step Back Jump Shot,Missed Shot,Step Back Jump shot,0,266,21301188,1730,10.0,final_ft(24),2,3,likely_contested,"subType: contested-like, text: pressure-move"
301,PT06M03.00S,3,1610612744,GSW,201939,Curry,S. Curry,-108,244,27,Made,1,55.0,69.0,124,v,Curry 27' 3PT Jump Shot (25 PTS) (Bogut 1 AST),Made Shot,Jump Shot,0,284,21301188,1797,18.0,def_reb(24),3,-2,likely_open,"subType: open-like, distance: deep above-break 3 (>=27ft)"
344,PT03M16.00S,3,1610612744,GSW,201939,Curry,S. Curry,177,58,19,Missed,1,0.0,0.0,0,v,MISS Curry 19' Jump Shot,Missed Shot,Jump Shot,0,319,21301188,1964,13.0,turnover(24),2,-1,likely_open,subType: open-like
478,PT04M16.00S,4,1610612744,GSW,201939,Curry,S. Curry,125,236,27,Made,1,85.0,103.0,188,v,Curry 27' 3PT Jump Shot (28 PTS),Made Shot,Jump Shot,0,435,21301188,2624,13.0,turnover(24),3,-2,likely_open,"subType: open-like, distance: deep above-break 3 (>=27ft)"
483,PT03M34.00S,4,1610612744,GSW,201939,Curry,S. Curry,-4,41,4,Missed,1,0.0,0.0,0,v,MISS Curry 4' Finger Roll Layup,Missed Shot,Finger Roll Layup Shot,0,441,21301188,2666,8.0,made_fg(24),2,1,borderline,distance: at-rim/very close
499,PT02M06.00S,4,1610612744,GSW,201939,Curry,S. Curry,155,170,23,Made,1,91.0,105.0,196,v,Curry 23' Jump Shot (30 PTS),Made Shot,Jump Shot,0,453,21301188,2754,9.0,def_reb(24),2,-1,likely_open,subType: open-like
17,PT09M34.00S,1,1610612744,GSW,201939,Curry,S. Curry,-67,236,25,Made,1,2.0,7.0,9,v,Curry 25' 3PT Jump Shot (3 PTS) (Bogut 1 AST),Made Shot,Jump Shot,0,19,21301201,146,14.0,def_reb(24),3,-1,likely_open,subType: open-like
25,PT08M07.00S,1,1610612744,GSW,201939,Curry,S. Curry,-52,247,25,Missed,1,0.0,0.0,0,v,MISS Curry 25' 3PT Pullup Jump Shot,Missed Shot,Pullup Jump shot,0,27,21301201,233,10.0,made_fg(24),3,3,likely_contested,"subType: contested-like, text: pressure-move"
57,PT04M25.00S,1,1610612744,GSW,201939,Curry,S. Curry,225,88,24,Missed,1,0.0,0.0,0,v,MISS Curry 24' 3PT Jump Shot,Missed Shot,Jump Shot,0,58,21301201,455,12.0,made_fg(24),3,-1,likely_open,subType: open-like
160,PT06M50.00S,2,1610612744,GSW,201939,Curry,S. Curry,179,1,18,Made,1,34.0,27.0,61,v,Curry 18' Pullup Jump Shot (5 PTS) (Lee 1 AST),Made Shot,Pullup Jump shot,0,156,21301201,1030,18.0,def_reb(24),2,3,likely_contested,"subType: contested-like, text: pressure-move"
172,PT06M07.00S,2,1610612744,GSW,201939,Curry,S. Curry,127,153,20,Made,1,34.0,29.0,63,v,Curry 20' Pullup Jump Shot (7 PTS),Made Shot,Pullup Jump shot,0,167,21301201,1073,15.0,off_foul(24),2,3,likely_contested,"subType: contested-like, text: pressure-move"
191,PT03M41.00S,2,1610612744,GSW,201939,Curry,S. Curry,13,-2,1,Made,1,38.0,38.0,76,v,Curry 1' Driving Layup (12 PTS),Made Shot,Driving Layup Shot,0,183,21301201,1219,18.0,turnover(24),2,3,likely_contested,"subType: contested-like, distance: at-rim/very close"
215,PT02M14.00S,2,1610612744,GSW,201939,Curry,S. Curry,144,203,25,Made,1,42.0,41.0,83,v,Curry 25' 3PT Jump Shot (15 PTS) (Bogut 2 AST),Made Shot,Jump Shot,0,202,21301201,1306,12.0,final_ft(24),3,-1,likely_open,subType: open-like
229,PT00M55.90S,2,1610612744,GSW,201939,Curry,S. Curry,113,236,26,Missed,1,0.0,0.0,0,v,MISS Curry 26' 3PT Jump Shot,Missed Shot,Jump Shot,0,214,21301201,1385,13.0,final_ft(24),3,-1,likely_open,subType: open-like
234,PT00M28.90S,2,1610612744,GSW,201939,Curry,S. Curry,28,-6,3,Missed,1,0.0,0.0,0,v,MISS Curry 3' Driving Layup,Missed Shot,Driving Layup Shot,0,221,21301201,1412,21.0,turnover(24),2,3,likely_contested,"subType: contested-like, distance: at-rim/very close"
236,PT00M24.90S,2,1610612744,GSW,201939,Curry,S. Curry,-232,26,0,Made,1,44.0,49.0,93,v,Curry  3PT Jump Shot (18 PTS) (Barnes 1 AST),Made Shot,Jump Shot,0,223,21301201,1416,11.0,off_reb(14),3,-1,likely_open,"subType: open-like, distance: at-rim/very close, coords: corner-3, corner: catch/spot"
272,PT09M32.00S,3,1610612744,GSW,201939,Curry,S. Curry,-26,44,5,Made,1,50.0,56.0,106,v,Curry 5' Running Jump Shot (23 PTS),Made Shot,Running Jump Shot,0,254,21301201,1588,19.0,def_reb(24),2,0,likely_open,"subType: open-like, distance: at-rim/very close"
277,PT08M57.00S,3,1610612744,GSW,201939,Curry,S. Curry,-120,216,25,Missed,1,0.0,0.0,0,v,MISS Curry 25' 3PT Pullup Jump Shot,Missed Shot,Pullup Jump shot,0,258,21301201,1623,11.0,made_fg(24),3,3,likely_contested,"subType: contested-like, text: pressure-move"
323,PT04M20.00S,3,1610612744,GSW,201939,Curry,S. Curry,-38,172,18,Made,1,62.0,69.0,131,v,Curry 18' Pullup Jump Shot (26 PTS),Made Shot,Pullup Jump shot,0,299,21301201,1900,12.0,final_ft(24),2,3,likely_contested,"subType: contested-like, text: pressure-move"
382,PT10M48.00S,4,1610612744,GSW,201939,Curry,S. Curry,-119,149,19,Missed,1,0.0,0.0,0,v,MISS Curry 19' Pullup Jump Shot,Missed Shot,Pullup Jump shot,0,348,21301201,2232,10.0,made_fg(24),2,3,likely_contested,"subType: contested-like, text: pressure-move"
391,PT10M21.00S,4,1610612744,GSW,201939,Curry,S. Curry,28,17,3,Made,1,80.0,77.0,157,v,Curry 3' Driving Jump Shot (29 PTS),Made Shot,Driving Jump shot,0,355,21301201,2259,9.0,def_reb(24),2,1,borderline,distance: at-rim/very close
404,PT08M35.00S,4,1610612744,GSW,201939,Curry,S. Curry,-116,101,15,Made,1,87.0,79.0,166,v,Curry 15' Jump Shot (31 PTS),Made Shot,Jump Shot,0,368,21301201,2365,3.0,made_fg(24),2,1,borderline,"subType: open-like, distance: mid-range, clock: late (<=5s)"
409,PT08M15.00S,4,1610612744,GSW,201939,Curry,S. Curry,-4,249,25,Made,1,90.0,82.0,172,v,Curry 25' 3PT Pullup Jump Shot (34 PTS),Made Shot,Pullup Jump shot,0,372,21301201,2385,16.0,final_ft(24),3,3,likely_contested,"subType: contested-like, text: pressure-move"
413,PT06M56.00S,4,1610612744,GSW,201939,Curry,S. Curry,58,236,24,Made,1,95.0,88.0,183,v,Curry 24' 3PT Jump Shot (37 PTS),Made Shot,Jump Shot,0,376,21301201,2464,10.0,made_fg(24),3,-1,likely_open,subType: open-like
416,PT06M28.00S,4,1610612744,GSW,201939,Curry,S. Curry,86,228,24,Made,1,95.0,91.0,186,v,Curry 24' 3PT Pullup Jump Shot (40 PTS),Made Shot,Pullup Jump shot,0,379,21301201,2492,16.0,def_reb(24),3,3,likely_contested,"subType: contested-like, text: pressure-move"
423,PT06M01.00S,4,1610612744,GSW,201939,Curry,S. Curry,2,89,9,Made,1,95.0,93.0,188,v,Curry 9' Jump Shot (42 PTS),Made Shot,Jump Shot,0,385,21301201,2519,14.0,def_reb(24),2,0,likely_open,"subType: open-like, distance: mid-range"
429,PT05M23.00S,4,1610612744,GSW,201939,Curry,S. Curry,-217,105,24,Missed,1,0.0,0.0,0,v,MISS Curry 24' 3PT Jump Shot,Missed Shot,Jump Shot,0,391,21301201,2557,13.0,def_reb(24),3,-1,likely_open,subType: open-like
439,PT03M39.00S,4,1610612744,GSW,201939,Curry,S. Curry,1,201,20,Missed,1,0.0,0.0,0,v,MISS Curry 20' Jump Shot,Missed Shot,Jump Shot,0,401,21301201,2661,14.0,def_reb(24),2,-1,likely_open,subType: open-like
457,PT01M45.00S,4,1610612744,GSW,201939,Curry,S. Curry,-7,12,1,Made,1,99.0,100.0,199,v,Curry 1' Driving Layup (44 PTS),Made Shot,Driving Layup Shot,0,420,21301201,2775,11.0,def_reb(24),2,3,likely_contested,"subType: contested-like, distance: at-rim/very close"
463,PT01M13.00S,4,1610612744,GSW,201939,Curry,S. Curry,39,242,25,Missed,1,0.0,0.0,0,v,MISS Curry 25' 3PT Jump Shot,Missed Shot,Jump Shot,0,424,21301201,2807,10.0,final_ft(24),3,-1,likely_open,subType: open-like
481,PT00M13.90S,4,1610612744,GSW,201939,Curry,S. Curry,-40,11,4,Missed,1,0.0,0.0,0,v,MISS Curry 4' Running Jump Shot,Missed Shot,Running Jump Shot,0,437,21301201,2867,13.0,final_ft(24),2,0,likely_open,"subType: open-like, distance: at-rim/very close"
522,PT02M44.00S,5,1610612744,GSW,201939,Curry,S. Curry,-130,192,23,Missed,1,0.0,0.0,0,v,MISS Curry 23' Jump Shot,Missed Shot,Jump Shot,0,468,21301201,3016,6.0,def_reb(24),2,-1,likely_open,subType: open-like
524,PT02M40.00S,5,1610612744,GSW,201939,Curry,S. Curry,141,194,24,Made,1,110.0,111.0,221,v,Curry 24' 3PT Jump Shot (47 PTS),Made Shot,Jump Shot,0,470,21301201,3020,11.0,off_reb(14),3,-1,likely_open,subType: open-like
535,PT01M00.00S,5,1610612744,GSW,201939,Curry,S. Curry,-177,184,26,Missed,1,0.0,0.0,0,v,MISS Curry 26' 3PT Jump Shot,Missed Shot,Jump Shot,0,482,21301201,3120,13.0,made_fg(24),3,-1,likely_open,subType: open-like
541,PT00M26.90S,5,1610612744,GSW,201939,Curry,S. Curry,-136,110,17,Missed,1,0.0,0.0,0,v,MISS Curry 17' Pullup Jump Shot,Missed Shot,Pullup Jump shot,0,487,21301201,3154,11.0,made_fg(24),2,3,likely_contested,"subType: contested-like, text: pressure-move"
41,PT08M43.00S,1,1610612744,GSW,201939,Curry,S. Curry,36,254,26,Made,1,7.0,19.0,26,h,Curry 26' 3PT Pullup Jump Shot (3 PTS),Made Shot,Pullup Jump shot,0,38,21301213,197,15.0,final_ft(24),3,3,likely_contested,"subType: contested-like, text: pressure-move"
45,PT07M51.00S,1,1610612744,GSW,201939,Curry,S. Curry,-123,236,27,Made,1,12.0,21.0,33,h,Curry 27' 3PT Step Back Jump Shot (6 PTS),Made Shot,Step Back Jump shot,0,43,21301213,249,17.0,made_fg(24),3,2,likely_contested,"subType: contested-like, text: pressure-move, distance: deep above-break 3 (>=27ft)"
59,PT06M17.00S,1,1610612744,GSW,201939,Curry,S. Curry,138,233,27,Made,1,17.0,24.0,41,h,Curry 27' 3PT Pullup Jump Shot (9 PTS) (Green 1 AST),Made Shot,Pullup Jump shot,0,56,21301213,343,16.0,def_reb(24),3,2,likely_contested,"subType: contested-like, text: pressure-move, distance: deep above-break 3 (>=27ft)"
71,PT04M59.00S,1,1610612744,GSW,201939,Curry,S. Curry,-155,213,26,Made,1,20.0,28.0,48,h,Curry 26' 3PT Pullup Jump Shot (12 PTS),Made Shot,Pullup Jump shot,0,69,21301213,421,12.0,made_fg(24),3,3,likely_contested,"subType: contested-like, text: pressure-move"
107,PT02M52.00S,1,1610612744,GSW,201939,Curry,S. Curry,111,222,25,Missed,1,0.0,0.0,0,h,MISS Curry 25' 3PT Jump Shot,Missed Shot,Jump Shot,0,97,21301213,548,12.0,def_reb(24),3,-1,likely_open,subType: open-like
131,PT01M49.00S,1,1610612744,GSW,201939,Curry,S. Curry,-232,9,0,Missed,1,0.0,0.0,0,h,MISS Curry  3PT Jump Shot,Missed Shot,Jump Shot,0,119,21301213,611,4.0,off_reb(14),3,0,likely_open,"subType: open-like, distance: at-rim/very close, coords: corner-3, corner: catch/spot, clock: late (<=5s)"
211,PT06M08.00S,2,1610612744,GSW,201939,Curry,S. Curry,-23,20,3,Made,1,42.0,53.0,95,h,Curry 3' Running Jump Shot (17 PTS),Made Shot,Running Jump Shot,0,198,21301213,1072,18.0,turnover(24),2,0,likely_open,"subType: open-like, distance: at-rim/very close"
245,PT03M37.00S,2,1610612744,GSW,201939,Curry,S. Curry,176,194,26,Made,1,50.0,55.0,105,h,Curry 26' 3PT Pullup Jump Shot (20 PTS) (Barnes 2 AST),Made Shot,Pullup Jump shot,0,227,21301213,1223,19.0,turnover(24),3,3,likely_contested,"subType: contested-like, text: pressure-move"
247,PT03M09.00S,2,1610612744,GSW,201939,Curry,S. Curry,-155,244,29,Made,1,53.0,55.0,108,h,Curry 29' 3PT Step Back Jump Shot (23 PTS),Made Shot,Step Back Jump shot,0,229,21301213,1251,,stale_reset(24),3,2,likely_contested,"subType: contested-like, text: pressure-move, distance: deep above-break 3 (>=27ft)"
262,PT02M10.00S,2,1610612744,GSW,201939,Curry,S. Curry,-168,33,17,Missed,1,0.0,0.0,0,h,MISS Curry 17' Step Back Jump Shot,Missed Shot,Step Back Jump shot,0,243,21301213,1310,7.0,keep_clock(16),2,3,likely_contested,"subType: contested-like, text: pressure-move"
280,PT00M01.90S,2,1610612744,GSW,201939,Curry,S. Curry,-190,244,31,Missed,1,0.0,0.0,0,h,MISS Curry 31' 3PT Pullup Jump Shot,Missed Shot,Pullup Jump shot,0,261,21301213,1439,19.0,turnover(24),3,2,likely_contested,"subType: contested-like, text: pressure-move, distance: deep above-break 3 (>=27ft)"
311,PT09M32.00S,3,1610612744,GSW,201939,Curry,S. Curry,-108,74,13,Missed,1,0.0,0.0,0,h,MISS Curry 13' Floating Jump Shot,Missed Shot,Floating Jump shot,0,285,21301213,1588,11.0,made_fg(24),2,3,likely_contested,"subType: contested-like, distance: mid-range"
326,PT07M43.00S,3,1610612744,GSW,201939,Curry,S. Curry,-213,138,25,Missed,1,0.0,0.0,0,h,MISS Curry 25' 3PT Jump Shot,Missed Shot,Jump Shot,0,301,21301213,1697,8.0,made_fg(24),3,-1,likely_open,subType: open-like
358,PT04M14.00S,3,1610612744,GSW,201939,Curry,S. Curry,2,7,1,Made,1,89.0,86.0,175,h,Curry 1' Running Finger Roll Layup (25 PTS),Made Shot,Running Finger Roll Layup Shot,0,333,21301213,1906,20.0,turnover(24),2,1,borderline,distance: at-rim/very close
385,PT02M40.00S,3,1610612744,GSW,201939,Curry,S. Curry,-35,261,26,Missed,1,0.0,0.0,0,h,MISS Curry 26' 3PT Jump Shot,Missed Shot,Jump Shot,0,358,21301213,2000,19.0,def_reb(24),3,-1,likely_open,subType: open-like
388,PT02M06.00S,3,1610612744,GSW,201939,Curry,S. Curry,-2,102,10,Missed,1,0.0,0.0,0,h,MISS Curry 10' Jump Shot,Missed Shot,Jump Shot,0,361,21301213,2034,8.0,made_fg(24),2,0,likely_open,"subType: open-like, distance: mid-range"
390,PT01M59.00S,3,1610612744,GSW,201939,Curry,S. Curry,-204,30,21,Missed,1,0.0,0.0,0,h,MISS Curry 21' Jump Shot,Missed Shot,Jump Shot,0,363,21301213,2041,9.0,off_reb(14),2,-1,likely_open,subType: open-like
453,PT08M10.00S,4,1610612744,GSW,201939,Curry,S. Curry,-21,167,17,Missed,1,0.0,0.0,0,h,MISS Curry 17' Jump Shot,Missed Shot,Jump Shot,0,423,21301213,2390,1.0,made_fg(24),2,0,likely_open,"subType: open-like, clock: late (<=5s)"
478,PT05M41.00S,4,1610612744,GSW,201939,Curry,S. Curry,-49,263,27,Missed,1,0.0,0.0,0,h,MISS Curry 27' 3PT Pullup Jump Shot,Missed Shot,Pullup Jump shot,0,445,21301213,2539,10.0,off_reb(14),3,2,likely_contested,"subType: contested-like, text: pressure-move, distance: deep above-break 3 (>=27ft)"
516,PT01M48.00S,4,1610612744,GSW,201939,Curry,S. Curry,-7,12,1,Made,1,123.0,116.0,239,h,Curry 1' Driving Layup (27 PTS),Made Shot,Driving Layup Shot,0,478,21301213,2772,11.0,def_reb(24),2,3,likely_contested,"subType: contested-like, distance: at-rim/very close"
519,PT01M25.00S,4,1610612744,GSW,201939,Curry,S. Curry,179,189,26,Made,1,126.0,116.0,242,h,Curry 26' 3PT Step Back Jump Shot (30 PTS),Made Shot,Step Back Jump shot,0,481,21301213,2795,12.0,def_reb(24),3,3,likely_contested,"subType: contested-like, text: pressure-move"
