actionNumber,clock,period,teamId,teamTricode,personId,playerName,playerNameI,xLegacy,yLegacy,shotDistance,shotResult,isFieldGoal,scoreHome,scoreAway,pointsTotal,location,description,actionType,subType,videoAvailable,actionId,gameId,ABS_TIME,SHOT_CLOCK_APPROX,SHOT_CLOCK_SOURCE,shotValue,contest_score,contest_label,contest_reasons
56,PT08M09.00S,1,1610612744,GSW,201939,Curry,S. Curry,95,242,26,Made,1,15.0,7.0,22,h,Curry 26' 3PT Jump Shot (3 PTS) (Durant 2 AST),Made Shot,Jump Shot,1,41,21700002,231,14.0,made_fg(24),3,-1,likely_open,subType: open-like
167,PT00M32.80S,1,1610612744,GSW,201939,Curry,S. Curry,129,43,14,Missed,1,,,0,h,MISS Curry 14' Turnaround Fadeaway Shot,Missed Shot,Turnaround Fadeaway shot,1,121,21700002,688,7.0,final_ft(24),2,4,likely_contested,"subType: contested-like, text: pressure-move, distance: mid-range"
207,PT09M14.00S,2,1610612744,GSW,201939,Curry,S. Curry,20,10,2,Missed,1,,,0,h,MISS Curry 2' Layup,Missed Shot,Layup Shot,1,146,21700002,886,13.0,turnover(24),2,1,borderline,distance: at-rim/very close
219,PT08M15.00S,2,1610612744,GSW,201939,Curry,S. Curry,-127,239,27,Missed,1,,,0,h,MISS Curry 27' 3PT Jump Shot,Missed Shot,Jump Shot,1,155,21700002,945,16.0,made_fg(24),3,-2,likely_open,"subType: open-like, distance: deep above-break 3 (>=27ft)"
370,PT11M13.00S,3,1610612744,GSW,201939,Curry,S. Curry,-13,14,2,Made,1,74.0,62.0,136,h,Curry 2' Driving Reverse Layup (8 PTS),Made Shot,Driving Reverse Layup Shot,1,260,21700002,1487,16.0,keep_clock(23),2,3,likely_contested,"subType: contested-like, distance: at-rim/very close"
373,PT10M57.00S,3,1610612744,GSW,201939,Curry,S. Curry,30,252,25,Made,1,77.0,62.0,139,h,Curry 25' 3PT Pullup Jump Shot (11 PTS) (Green 9 AST),Made Shot,Pullup Jump shot,1,263,21700002,1503,20.0,def_reb(24),3,3,likely_contested,"subType: contested-like, text: pressure-move"
379,PT10M06.00S,3,1610612744,GSW,201939,Curry,S. Curry,168,208,27,Missed,1,,,0,h,MISS Curry 27' 3PT Jump Shot,Missed Shot,Jump Shot,1,267,21700002,1554,6.0,made_fg(24),3,-2,likely_open,"subType: open-like, distance: deep above-break 3 (>=27ft)"
408,PT07M15.00S,3,1610612744,GSW,201939,Curry,S. Curry,130,17,13,Made,1,86.0,75.0,161,h,Curry 13' Jump Shot (13 PTS) (Thompson 2 AST),Made Shot,Jump Shot,1,289,21700002,1725,20.0,def_reb(24),2,0,likely_open,"subType: open-like, distance: mid-range"
540,PT10M55.00S,4,1610612744,GSW,201939,Curry,S. Curry,9,21,2,Missed,1,,,0,h,MISS Curry 2' Layup,Missed Shot,Layup Shot,1,382,21700002,2225,9.0,made_fg(24),2,1,borderline,distance: at-rim/very close
553,PT09M39.00S,4,1610612744,GSW,201939,Curry,S. Curry,-2,264,26,Missed,1,,,0,h,MISS Curry 26' 3PT Step Back Jump Shot,Missed Shot,Step Back Jump shot,1,390,21700002,2301,13.0,made_fg(24),3,3,likely_contested,"subType: contested-like, text: pressure-move"
584,PT07M33.00S,4,1610612744,GSW,201939,Curry,S. Curry,-74,256,27,Missed,1,,,0,h,MISS Curry 27' 3PT Jump Shot,Missed Shot,Jump Shot,1,411,21700002,2427,22.0,def_reb(24),3,-2,likely_open,"subType: open-like, distance: deep above-break 3 (>=27ft)"
589,PT07M00.00S,4,1610612744,GSW,201939,Curry,S. Curry,-8,15,2,Missed,1,,,0,h,MISS Curry 2' Driving Reverse Layup,Missed Shot,Driving Reverse Layup Shot,1,415,21700002,2460,14.0,def_reb(24),2,3,likely_contested,"subType: contested-like, distance: at-rim/very close"
608,PT05M48.00S,4,1610612744,GSW,201939,Curry,S. Curry,110,45,12,Made,1,111.0,105.0,216,h,Curry 12' Turnaround Hook Shot (15 PTS),Made Shot,Turnaround Hook Shot,1,429,21700002,2532,6.0,made_fg(24),2,3,likely_contested,"subType: contested-like, distance: mid-range"
610,PT05M12.00S,4,1610612744,GSW,201939,Curry,S. Curry,-75,241,25,Made,1,114.0,107.0,221,h,Curry 25' 3PT Step Back Jump Shot (18 PTS),Made Shot,Step Back Jump shot,1,431,21700002,2568,13.0,made_fg(24),3,3,likely_contested,"subType: contested-like, text: pressure-move"
627,PT04M14.00S,4,1610612744,GSW,201939,Curry,S. Curry,1,22,2,Made,1,116.0,109.0,225,h,Curry 2' Driving Layup (20 PTS) (Thompson 3 AST),Made Shot,Driving Layup Shot,1,444,21700002,2626,18.0,def_reb(24),2,3,likely_contested,"subType: contested-like, distance: at-rim/very close"
636,PT03M50.00S,4,1610612744,GSW,201939,Curry,S. Curry,7,20,2,Made,1,118.0,112.0,230,h,Curry 2' Driving Layup (22 PTS),Made Shot,Driving Layup Shot,1,449,21700002,2650,13.0,final_ft(24),2,3,likely_contested,"subType: contested-like, distance: at-rim/very close"
639,PT03M07.00S,4,1610612744,GSW,201939,Curry,S. Curry,45,257,26,Missed,1,,,0,h,MISS Curry 26' 3PT Jump Shot,Missed Shot,Jump Shot,1,451,21700002,2693,0.0,made_fg(24),3,0,likely_open,"subType: open-like, clock: late (<=5s)"
681,PT00M05.20S,4,1610612744,GSW,201939,Curry,S. Curry,-210,145,26,Missed,1,,,0,h,MISS Curry 26' 3PT Jump Shot,Missed Shot,Jump Shot,1,482,21700002,2875,19.0,keep_clock(24),3,-1,likely_open,subType: open-like
30,PT09M34.00S,1,1610612744,GSW,201939,Curry,S. Curry,226,12,0,Missed,1,,,0,v,MISS Curry 3PT Jump Shot,Missed Shot,Jump Shot,1,23,21700025,146,,stale_reset(24),3,-1,likely_open,"subType: open-like, distance: at-rim/very close, coords: corner-3, corner: catch/spot"
65,PT06M35.00S,1,1610612744,GSW,201939,Curry,S. Curry,233,37,24,Missed,1,,,0,v,MISS Curry 24' 3PT Jump Shot,Missed Shot,Jump Shot,1,50,21700025,325,17.0,def_reb(24),3,-2,likely_open,"subType: open-like, coords: corner-3, corner: catch/spot"
89,PT04M48.00S,1,1610612744,GSW,201939,Curry,S. Curry,196,120,23,Made,1,7.0,5.0,12,v,Curry 23' Jump Shot (2 PTS),Made Shot,Jump Shot,0,69,21700025,432,10.0,made_fg(24),2,-1,likely_open,subType: open-like
103,PT04M28.00S,1,1610612744,GSW,201939,Curry,S. Curry,-221,144,26,Missed,1,,,0,v,MISS Curry 26' 3PT Jump Shot,Missed Shot,Jump Shot,1,78,21700025,452,13.0,def_reb(24),3,-1,likely_open,subType: open-like
112,PT03M45.00S,1,1610612744,GSW,201939,Curry,S. Curry,149,209,26,Missed,1,,,0,v,MISS Curry 26' 3PT Jump Shot,Missed Shot,Jump Shot,1,86,21700025,495,14.0,def_reb(24),3,-1,likely_open,subType: open-like
139,PT02M15.00S,1,1610612744,GSW,201939,Curry,S. Curry,-17,16,2,Made,1,11.0,12.0,23,v,Curry 2' Reverse Layup (4 PTS) (Iguodala 1 AST),Made Shot,Reverse Layup Shot,1,102,21700025,585,24.0,made_fg(24),2,3,likely_contested,"subType: contested-like, distance: at-rim/very close"
146,PT01M07.00S,1,1610612744,GSW,201939,Curry,S. Curry,-133,275,31,Made,1,16.0,17.0,33,v,Curry 31' 3PT Jump Shot (7 PTS),Made Shot,Jump Shot,0,106,21700025,653,12.0,made_fg(24),3,-2,likely_open,"subType: open-like, distance: deep above-break 3 (>=27ft)"
326,PT04M26.00S,2,1610612744,GSW,201939,Curry,S. Curry,-103,236,26,Made,1,40.0,40.0,80,v,Curry 26' 3PT Jump Shot (11 PTS) (Green 3 AST),Made Shot,Jump Shot,0,203,21700025,1174,8.0,def_foul_14(14),3,-1,likely_open,subType: open-like
357,PT02M21.00S,2,1610612744,GSW,201939,Curry,S. Curry,-159,221,27,Missed,1,,,0,v,MISS Curry 27' 3PT Jump Shot,Missed Shot,Jump Shot,0,225,21700025,1299,16.0,def_reb(24),3,-2,likely_open,"subType: open-like, distance: deep above-break 3 (>=27ft)"
413,PT10M48.00S,3,1610612744,GSW,201939,Curry,S. Curry,127,101,16,Missed,1,,,0,v,MISS Curry 16' Jump Shot,Missed Shot,Jump Shot,1,265,21700025,1512,7.0,turnover(24),2,0,likely_open,"subType: open-like, distance: mid-range"
519,PT04M01.00S,3,1610612744,GSW,201939,Curry,S. Curry,29,9,3,Made,1,65.0,81.0,146,v,Curry 3' Layup (18 PTS),Made Shot,Layup Shot,0,347,21700025,1919,11.0,made_fg(24),2,1,borderline,distance: at-rim/very close
522,PT03M45.00S,3,1610612744,GSW,201939,Curry,S. Curry,-117,227,26,Missed,1,,,0,v,MISS Curry 26' 3PT Jump Shot,Missed Shot,Jump Shot,0,350,21700025,1935,15.0,def_reb(24),3,-1,likely_open,subType: open-like
546,PT01M50.00S,3,1610612744,GSW,201939,Curry,S. Curry,192,184,27,Made,1,70.0,88.0,158,v,Curry 27' 3PT Jump Shot (23 PTS) (Young 1 AST),Made Shot,Jump Shot,0,369,21700025,2050,20.0,turnover(24),3,-2,likely_open,"subType: open-like, distance: deep above-break 3 (>=27ft)"
550,PT01M19.00S,3,1610612744,GSW,201939,Curry,S. Curry,171,197,26,Missed,1,,,0,v,MISS Curry 26' 3PT Jump Shot,Missed Shot,Jump Shot,0,371,21700025,2081,11.0,made_fg(24),3,-1,likely_open,subType: open-like
563,PT00M06.00S,3,1610612744,GSW,201939,Curry,S. Curry,-11,15,2,Missed,1,,,0,v,MISS Curry 2' Layup,Missed Shot,Layup Shot,1,384,21700025,2154,18.0,turnover(24),2,1,borderline,distance: at-rim/very close
712,PT01M10.00S,4,1610612744,GSW,201939,Curry,S. Curry,239,17,24,Made,1,99.0,120.0,219,v,Curry 24' 3PT Jump Shot (26 PTS) (Thompson 2 AST),Made Shot,Jump Shot,0,490,21700025,2810,0.0,off_reb(14),3,-1,likely_open,"subType: open-like, coords: corner-3, corner: catch/spot, clock: late (<=5s)"
54,PT08M02.00S,1,1610612744,GSW,201939,Curry,S. Curry,3,115,12,Missed,1,,,0,v,MISS Curry 12' Fadeaway Jumper,Missed Shot,Fadeaway Jump Shot,1,41,21700033,238,13.0,def_reb(24),2,4,likely_contested,"subType: contested-like, text: pressure-move, distance: mid-range"
67,PT06M46.00S,1,1610612744,GSW,201939,Curry,S. Curry,-39,260,26,Made,1,8.0,13.0,21,v,Curry 26' 3PT Step Back Jump Shot (3 PTS),Made Shot,Step Back Jump shot,1,51,21700033,314,17.0,def_reb(24),3,3,likely_contested,"subType: contested-like, text: pressure-move"
87,PT05M25.00S,1,1610612744,GSW,201939,Curry,S. Curry,-56,167,18,Made,1,10.0,15.0,25,v,Curry 18' Step Back Jump Shot (5 PTS),Made Shot,Step Back Jump shot,1,69,21700033,395,19.0,def_reb(24),2,3,likely_contested,"subType: contested-like, text: pressure-move"
90,PT05M02.00S,1,1610612744,GSW,201939,Curry,S. Curry,-143,221,26,Missed,1,,,0,v,MISS Curry 26' 3PT Running Jump Shot,Missed Shot,Running Jump Shot,1,72,21700033,418,19.0,def_reb(24),3,-1,likely_open,subType: open-like
258,PT06M32.00S,2,1610612744,GSW,201939,Curry,S. Curry,79,251,26,Missed,1,,,0,v,MISS Curry 26' 3PT Jump Shot,Missed Shot,Jump Shot,1,188,21700033,1048,9.0,made_fg(24),3,-1,likely_open,subType: open-like
283,PT04M26.00S,2,1610612744,GSW,201939,Curry,S. Curry,-100,232,25,Made,1,49.0,39.0,88,v,Curry 25' 3PT Running Jump Shot (13 PTS),Made Shot,Running Jump Shot,1,206,21700033,1174,15.0,made_fg(24),3,-1,likely_open,subType: open-like
287,PT04M09.00S,2,1610612744,GSW,201939,Curry,S. Curry,89,237,25,Made,1,49.0,42.0,91,v,Curry 25' 3PT Pullup Jump Shot (16 PTS),Made Shot,Pullup Jump shot,0,209,21700033,1191,18.0,turnover(24),3,3,likely_contested,"subType: contested-like, text: pressure-move"
371,PT11M44.00S,3,1610612744,GSW,201939,Curry,S. Curry,22,250,25,Made,1,56.0,54.0,110,v,Curry 25' 3PT Jump Shot (19 PTS),Made Shot,Jump Shot,1,267,21700033,1456,8.0,period_start(24),3,-1,likely_open,subType: open-like
388,PT09M51.00S,3,1610612744,GSW,201939,Curry,S. Curry,-47,13,5,Missed,1,,,0,v,MISS Curry 5' Driving Finger Roll Layup,Missed Shot,Driving Finger Roll Layup Shot,1,281,21700033,1569,5.0,off_reb(14),2,2,likely_contested,"distance: at-rim/very close, clock: late (<=5s)"
419,PT07M42.00S,3,1610612744,GSW,201939,Curry,S. Curry,-4,-1,0,Missed,1,,,0,v,MISS Curry Driving Reverse Layup,Missed Shot,Driving Reverse Layup Shot,1,305,21700033,1698,7.0,made_fg(24),2,3,likely_contested,"subType: contested-like, distance: at-rim/very close"
474,PT03M53.00S,3,1610612744,GSW,201939,Curry,S. Curry,-171,184,25,Missed,1,,,0,v,MISS Curry 25' 3PT Step Back Jump Shot,Missed Shot,Step Back Jump shot,1,345,21700033,1927,10.0,made_fg(24),3,3,likely_contested,"subType: contested-like, text: pressure-move"
481,PT03M24.00S,3,1610612744,GSW,201939,Curry,S. Curry,-14,257,26,Made,1,82.0,67.0,149,v,Curry 26' 3PT Step Back Jump Shot (26 PTS),Made Shot,Step Back Jump shot,1,350,21700033,1956,10.0,turnover(24),3,3,likely_contested,"subType: contested-like, text: pressure-move"
493,PT02M38.00S,3,1610612744,GSW,201939,Curry,S. Curry,-227,10,0,Missed,1,,,0,v,MISS Curry 3PT Running Jump Shot,Missed Shot,Running Jump Shot,1,360,21700033,2002,19.0,turnover(24),3,0,likely_open,"subType: open-like, distance: at-rim/very close, coords: corner-3"
647,PT03M15.00S,4,1610612744,GSW,201939,Curry,S. Curry,90,273,29,Missed,1,,,0,v,MISS Curry 29' 3PT Running Jump Shot,Missed Shot,Running Jump Shot,1,478,21700033,2685,21.0,def_reb(24),3,-2,likely_open,"subType: open-like, distance: deep above-break 3 (>=27ft)"
663,PT02M00.00S,4,1610612744,GSW,201939,Curry,S. Curry,-4,3,1,Made,1,102.0,94.0,196,v,Curry 1' Driving Layup (32 PTS),Made Shot,Driving Layup Shot,1,491,21700033,2760,15.0,def_reb(24),2,3,likely_contested,"subType: contested-like, distance: at-rim/very close"
672,PT01M09.00S,4,1610612744,GSW,201939,Curry,S. Curry,60,246,25,Made,1,105.0,97.0,202,v,Curry 25' 3PT Running Jump Shot (35 PTS),Made Shot,Running Jump Shot,1,499,21700033,2811,18.0,made_fg(24),3,-1,likely_open,subType: open-like
677,PT00M43.60S,4,1610612744,GSW,201939,Curry,S. Curry,-4,6,1,Made,1,107.0,99.0,206,v,Curry 1' Driving Layup (37 PTS),Made Shot,Driving Layup Shot,1,503,21700033,2837,18.0,final_ft(24),2,3,likely_contested,"subType: contested-like, distance: at-rim/very close"
32,PT09M29.00S,1,1610612744,GSW,201939,Curry,S. Curry,154,148,21,Made,1,6.0,9.0,15,v,Curry 21' Pullup Jump Shot (2 PTS),Made Shot,Pullup Jump shot,1,23,21700045,151,12.0,final_ft(24),2,3,likely_contested,"subType: contested-like, text: pressure-move"
45,PT07M59.00S,1,1610612744,GSW,201939,Curry,S. Curry,-168,174,24,Missed,1,,,0,v,MISS Curry 24' 3PT Jump Shot,Missed Shot,Jump Shot,1,33,21700045,241,11.0,turnover(24),3,-1,likely_open,subType: open-like
55,PT06M59.00S,1,1610612744,GSW,201939,Curry,S. Curry,174,199,26,Missed,1,,,0,v,MISS Curry 26' 3PT Jump Shot,Missed Shot,Jump Shot,1,42,21700045,301,16.0,def_reb(24),3,-1,likely_open,subType: open-like
174,PT00M21.50S,1,1610612744,GSW,201939,Curry,S. Curry,-102,224,25,Missed,1,,,0,v,MISS Curry 25' 3PT Jump Shot,Missed Shot,Jump Shot,1,132,21700045,699,8.0,made_fg(24),3,-1,likely_open,subType: open-like
267,PT06M59.00S,2,1610612744,GSW,201939,Curry,S. Curry,-233,-5,0,Made,1,39.0,51.0,90,v,Curry 3PT Jump Shot (12 PTS) (Green 6 AST),Made Shot,Jump Shot,1,196,21700045,1021,14.0,final_ft(24),3,-1,likely_open,"subType: open-like, distance: at-rim/very close, coords: corner-3, corner: catch/spot"
295,PT05M07.00S,2,1610612744,GSW,201939,Curry,S. Curry,-59,232,24,Missed,1,,,0,v,MISS Curry 24' 3PT Jump Shot,Missed Shot,Jump Shot,1,218,21700045,1133,17.0,keep_clock(24),3,-1,likely_open,subType: open-like
323,PT02M58.00S,2,1610612744,GSW,201939,Curry,S. Curry,32,19,4,Made,1,50.0,59.0,109,v,Curry 4' Cutting Layup Shot (14 PTS) (Green 7 AST),Made Shot,Cutting Layup Shot,1,239,21700045,1262,11.0,made_fg(24),2,1,borderline,distance: at-rim/very close
333,PT02M08.00S,2,1610612744,GSW,201939,Curry,S. Curry,-228,26,0,Missed,1,,,0,v,MISS Curry 3PT Jump Shot,Missed Shot,Jump Shot,1,246,21700045,1312,4.0,made_fg(24),3,0,likely_open,"subType: open-like, distance: at-rim/very close, coords: corner-3, corner: catch/spot, clock: late (<=5s)"
357,PT00M24.10S,2,1610612744,GSW,201939,Curry,S. Curry,180,187,26,Missed,1,,,0,v,MISS Curry 26' 3PT Jump Shot,Missed Shot,Jump Shot,1,263,21700045,1416,17.0,def_reb(24),3,-1,likely_open,subType: open-like
383,PT10M24.00S,3,1610612744,GSW,201939,Curry,S. Curry,179,173,25,Made,1,66.0,71.0,137,v,Curry 25' 3PT Jump Shot (21 PTS) (Durant 3 AST),Made Shot,Jump Shot,1,284,21700045,1536,13.0,def_reb(24),3,-1,likely_open,subType: open-like
456,PT04M43.00S,3,1610612744,GSW,201939,Curry,S. Curry,-19,123,12,Made,1,77.0,89.0,166,v,Curry 12' Pullup Jump Shot (25 PTS) (McGee 1 AST),Made Shot,Pullup Jump shot,1,341,21700045,1877,11.0,off_reb(14),2,4,likely_contested,"subType: contested-like, text: pressure-move, distance: mid-range"
474,PT03M25.00S,3,1610612744,GSW,201939,Curry,S. Curry,76,44,9,Made,1,79.0,91.0,170,v,Curry 9' Jump Shot (27 PTS),Made Shot,Jump Shot,1,355,21700045,1955,13.0,made_fg(24),2,0,likely_open,"subType: open-like, distance: mid-range"
477,PT03M09.00S,3,1610612744,GSW,201939,Curry,S. Curry,-100,267,29,Missed,1,,,0,v,MISS Curry 29' 3PT Jump Shot,Missed Shot,Jump Shot,1,358,21700045,1971,20.0,turnover(24),3,-2,likely_open,"subType: open-like, distance: deep above-break 3 (>=27ft)"
516,PT01M09.00S,3,1610612744,GSW,201939,Curry,S. Curry,206,137,25,Missed,1,,,0,v,MISS Curry 25' 3PT Jump Shot,Missed Shot,Jump Shot,1,387,21700045,2091,21.0,turnover(24),3,-1,likely_open,subType: open-like
524,PT00M07.20S,3,1610612744,GSW,201939,Curry,S. Curry,155,157,22,Made,1,84.0,99.0,183,v,Curry 22' Jump Shot (29 PTS) (Iguodala 3 AST),Made Shot,Jump Shot,1,394,21700045,2153,2.0,def_reb(24),2,0,likely_open,"subType: open-like, clock: late (<=5s)"
20,PT10M42.00S,1,1610612744,GSW,201939,Curry,S. Curry,123,233,26,Missed,1,,,0,h,MISS Curry 26' 3PT Jump Shot,Missed Shot,Jump Shot,1,14,21700063,78,17.0,turnover(24),3,-1,likely_open,subType: open-like
59,PT07M34.00S,1,1610612744,GSW,201939,Curry,S. Curry,-19,58,6,Missed,1,,,0,h,MISS Curry 6' Jump Shot,Missed Shot,Jump Shot,1,39,21700063,266,16.0,made_fg(24),2,-1,likely_open,subType: open-like
90,PT05M18.00S,1,1610612744,GSW,201939,Curry,S. Curry,-8,6,1,Made,1,20.0,16.0,36,h,Curry 1' Driving Layup (4 PTS),Made Shot,Driving Layup Shot,1,64,21700063,402,7.0,def_reb(24),2,3,likely_contested,"subType: contested-like, distance: at-rim/very close"
115,PT03M52.00S,1,1610612744,GSW,201939,Curry,S. Curry,-116,231,26,Missed,1,,,0,h,MISS Curry 26' 3PT Jump Shot,Missed Shot,Jump Shot,1,81,21700063,488,13.0,turnover(24),3,-1,likely_open,subType: open-like
117,PT03M38.00S,1,1610612744,GSW,201939,Curry,S. Curry,-209,142,25,Missed,1,,,0,h,MISS Curry 25' 3PT Jump Shot,Missed Shot,Jump Shot,1,83,21700063,502,7.0,off_reb(14),3,-1,likely_open,subType: open-like
128,PT02M55.00S,1,1610612744,GSW,201939,Curry,S. Curry,79,165,18,Made,1,25.0,20.0,45,h,Curry 18' Step Back Jump Shot (6 PTS),Made Shot,Step Back Jump shot,1,93,21700063,545,5.0,off_reb(14),2,4,likely_contested,"subType: contested-like, text: pressure-move, clock: late (<=5s)"
145,PT01M43.00S,1,1610612744,GSW,201939,Curry,S. Curry,-3,18,2,Missed,1,,,0,h,MISS Curry 2' Layup,Missed Shot,Layup Shot,1,108,21700063,617,22.0,def_reb(24),2,1,borderline,distance: at-rim/very close
161,PT00M05.60S,1,1610612744,GSW,201939,Curry,S. Curry,160,206,26,Missed,1,,,0,h,MISS Curry 26' 3PT Jump Shot,Missed Shot,Jump Shot,1,118,21700063,715,3.0,made_fg(24),3,0,likely_open,"subType: open-like, clock: late (<=5s)"
335,PT11M49.00S,3,1610612744,GSW,201939,Curry,S. Curry,-226,111,25,Made,1,64.0,53.0,117,h,Curry 25' 3PT Step Back Jump Shot (13 PTS) (Durant 2 AST),Made Shot,Step Back Jump shot,1,244,21700063,1451,13.0,period_start(24),3,3,likely_contested,"subType: contested-like, text: pressure-move"
366,PT08M24.00S,3,1610612744,GSW,201939,Curry,S. Curry,-3,24,2,Made,1,73.0,61.0,134,h,Curry 2' Running Layup (15 PTS),Made Shot,Running Layup Shot,1,267,21700063,1656,17.0,made_fg(24),2,3,likely_contested,"subType: contested-like, distance: at-rim/very close"
422,PT03M33.00S,3,1610612744,GSW,201939,Curry,S. Curry,174,19,18,Missed,1,,,0,h,MISS Curry 18' Step Back Jump Shot,Missed Shot,Step Back Jump shot,1,304,21700063,1947,12.0,def_reb(24),2,3,likely_contested,"subType: contested-like, text: pressure-move"
429,PT02M40.00S,3,1610612744,GSW,201939,Curry,S. Curry,-13,17,2,Made,1,83.0,77.0,160,h,Curry 2' Driving Finger Roll Layup (17 PTS),Made Shot,Driving Finger Roll Layup Shot,1,310,21700063,2000,5.0,made_fg(24),2,2,likely_contested,"distance: at-rim/very close, clock: late (<=5s)"
432,PT02M12.00S,3,1610612744,GSW,201939,Curry,S. Curry,30,111,11,Missed,1,,,0,h,MISS Curry 11' Floating Jump Shot,Missed Shot,Floating Jump shot,1,312,21700063,2028,5.0,made_fg(24),2,4,likely_contested,"subType: contested-like, distance: mid-range, clock: late (<=5s)"
455,PT01M17.00S,3,1610612744,GSW,201939,Curry,S. Curry,-222,-13,0,Made,1,88.0,82.0,170,h,Curry 3PT Pullup Jump Shot (20 PTS) (Iguodala 4 AST),Made Shot,Pullup Jump shot,1,328,21700063,2083,8.0,final_ft(24),3,4,likely_contested,"subType: contested-like, text: pressure-move, distance: at-rim/very close, coords: corner-3"
458,PT00M52.50S,3,1610612744,GSW,201939,Curry,S. Curry,164,234,29,Made,1,91.0,84.0,175,h,Curry 29' 3PT Pullup Jump Shot (23 PTS) (Durant 3 AST),Made Shot,Pullup Jump shot,1,330,21700063,2108,12.0,made_fg(24),3,2,likely_contested,"subType: contested-like, text: pressure-move, distance: deep above-break 3 (>=27ft)"
462,PT00M28.20S,3,1610612744,GSW,201939,Curry,S. Curry,-156,214,26,Missed,1,,,0,h,MISS Curry 26' 3PT Jump Shot,Missed Shot,Jump Shot,1,332,21700063,2132,21.0,made_fg(24),3,-1,likely_open,subType: open-like
585,PT03M41.00S,4,1610612744,GSW,201939,Curry,S. Curry,-9,272,27,Missed,1,,,0,h,MISS Curry 27' 3PT Jump Shot,Missed Shot,Jump Shot,1,421,21700063,2659,12.0,made_fg(24),3,-2,likely_open,"subType: open-like, distance: deep above-break 3 (>=27ft)"
588,PT03M05.00S,4,1610612744,GSW,201939,Curry,S. Curry,-146,215,26,Missed,1,,,0,h,MISS Curry 26' 3PT Step Back Jump Shot,Missed Shot,Step Back Jump shot,1,424,21700063,2695,9.0,turnover(24),3,3,likely_contested,"subType: contested-like, text: pressure-move"
604,PT01M28.00S,4,1610612744,GSW,201939,Curry,S. Curry,5,27,3,Made,1,109.0,112.0,221,h,Curry 3' Driving Layup (25 PTS) (Iguodala 5 AST),Made Shot,Driving Layup Shot,1,436,21700063,2792,22.0,def_reb(24),2,3,likely_contested,"subType: contested-like, distance: at-rim/very close"
613,PT00M32.70S,4,1610612744,GSW,201939,Curry,S. Curry,-90,243,26,Made,1,115.0,112.0,227,h,Curry 26' 3PT Step Back Jump Shot (28 PTS) (Durant 5 AST),Made Shot,Step Back Jump shot,1,443,21700063,2848,10.0,def_reb(24),3,3,likely_contested,"subType: contested-like, text: pressure-move"
52,PT07M55.00S,1,1610612744,GSW,201939,Curry,S. Curry,-226,126,26,Missed,1,,,0,h,MISS Curry 26' 3PT Jump Shot,Missed Shot,Jump Shot,1,38,21700075,245,0.0,made_fg(24),3,0,likely_open,"subType: open-like, clock: late (<=5s)"
63,PT06M46.00S,1,1610612744,GSW,201939,Curry,S. Curry,-1,120,12,Made,1,13.0,18.0,31,h,Curry 12' Step Back Jump Shot (2 PTS) (Green 2 AST),Made Shot,Step Back Jump shot,1,47,21700075,314,14.0,made_fg(24),2,4,likely_contested,"subType: contested-like, text: pressure-move, distance: mid-range"
90,PT05M02.00S,1,1610612744,GSW,201939,Curry,S. Curry,-7,22,2,Made,1,16.0,20.0,36,h,Curry 2' Layup (5 PTS),Made Shot,Layup Shot,1,69,21700075,418,20.0,def_reb(24),2,1,borderline,distance: at-rim/very close
93,PT04M38.00S,1,1610612744,GSW,201939,Curry,S. Curry,-229,112,25,Missed,1,,,0,h,MISS Curry 25' 3PT Jump Shot,Missed Shot,Jump Shot,1,72,21700075,442,22.0,def_reb(24),3,-1,likely_open,subType: open-like
115,PT03M31.00S,1,1610612744,GSW,201939,Curry,S. Curry,-5,25,3,Made,1,18.0,25.0,43,h,Curry 3' Cutting Layup Shot (7 PTS) (McGee 1 AST),Made Shot,Cutting Layup Shot,1,87,21700075,509,9.0,off_reb(14),2,1,borderline,distance: at-rim/very close
119,PT03M02.00S,1,1610612744,GSW,201939,Curry,S. Curry,-61,127,14,Made,1,20.0,28.0,48,h,Curry 14' Floating Jump Shot (9 PTS),Made Shot,Floating Jump shot,1,89,21700075,538,12.0,made_fg(24),2,3,likely_contested,"subType: contested-like, distance: mid-range"
140,PT02M00.00S,1,1610612744,GSW,201939,Curry,S. Curry,98,247,27,Missed,1,,,0,h,MISS Curry 27' 3PT Jump Shot,Missed Shot,Jump Shot,1,104,21700075,600,19.0,turnover(24),3,-2,likely_open,"subType: open-like, distance: deep above-break 3 (>=27ft)"
150,PT01M03.00S,1,1610612744,GSW,201939,Curry,S. Curry,120,237,27,Made,1,27.0,29.0,56,h,Curry 27' 3PT Jump Shot (12 PTS) (Iguodala 1 AST),Made Shot,Jump Shot,1,112,21700075,657,7.0,turnover(24),3,-2,likely_open,"subType: open-like, distance: deep above-break 3 (>=27ft)"
159,PT00M11.40S,1,1610612744,GSW,201939,Curry,S. Curry,145,206,25,Missed,1,,,0,h,MISS Curry 25' 3PT Jump Shot,Missed Shot,Jump Shot,1,118,21700075,709,3.0,made_fg(24),3,0,likely_open,"subType: open-like, clock: late (<=5s)"
276,PT04M45.00S,2,1610612744,GSW,201939,Curry,S. Curry,-68,248,26,Missed,1,,,0,h,MISS Curry 26' 3PT Jump Shot,Missed Shot,Jump Shot,1,199,21700075,1155,13.0,off_reb(14),3,-1,likely_open,subType: open-like
297,PT04M01.00S,2,1610612744,GSW,201939,Curry,S. Curry,140,260,30,Missed,1,,,0,h,MISS Curry 30' 3PT Jump Shot,Missed Shot,Jump Shot,1,215,21700075,1199,9.0,keep_clock(21),3,-2,likely_open,"subType: open-like, distance: deep above-break 3 (>=27ft)"
320,PT02M08.00S,2,1610612744,GSW,201939,Curry,S. Curry,231,10,0,Missed,1,,,0,h,MISS Curry 3PT Jump Shot,Missed Shot,Jump Shot,1,232,21700075,1312,9.0,made_fg(24),3,-1,likely_open,"subType: open-like, distance: at-rim/very close, coords: corner-3, corner: catch/spot"
400,PT09M08.00S,3,1610612744,GSW,201939,Curry,S. Curry,-171,193,26,Missed,1,,,0,h,MISS Curry 26' 3PT Jump Shot,Missed Shot,Jump Shot,1,290,21700075,1612,14.0,final_ft(24),3,-1,likely_open,subType: open-like
411,PT08M06.00S,3,1610612744,GSW,201939,Curry,S. Curry,-16,11,2,Missed,1,,,0,h,MISS Curry 2' Driving Reverse Layup,Missed Shot,Driving Reverse Layup Shot,1,298,21700075,1674,19.0,def_reb(24),2,3,likely_contested,"subType: contested-like, distance: at-rim/very close"
416,PT07M21.00S,3,1610612744,GSW,201939,Curry,S. Curry,232,-8,0,Missed,1,,,0,h,MISS Curry 3PT Jump Shot,Missed Shot,Jump Shot,1,302,21700075,1719,5.0,made_fg(24),3,0,likely_open,"subType: open-like, distance: at-rim/very close, coords: corner-3, corner: catch/spot, clock: late (<=5s)"
471,PT04M40.00S,3,1610612744,GSW,201939,Curry,S. Curry,5,20,2,Missed,1,,,0,h,MISS Curry 2' Driving Layup,Missed Shot,Driving Layup Shot,1,345,21700075,1880,7.0,final_ft(24),2,3,likely_contested,"subType: contested-like, distance: at-rim/very close"
523,PT00M57.40S,3,1610612744,GSW,201939,Curry,S. Curry,111,255,28,Made,1,82.0,93.0,175,h,Curry 28' 3PT Jump Shot (15 PTS) (McCaw 1 AST),Made Shot,Jump Shot,1,386,21700075,2103,22.0,def_reb(24),3,-2,likely_open,"subType: open-like, distance: deep above-break 3 (>=27ft)"
526,PT00M29.40S,3,1610612744,GSW,201939,Curry,S. Curry,-130,219,25,Made,1,85.0,95.0,180,h,Curry 25' 3PT Running Jump Shot (18 PTS),Made Shot,Running Jump Shot,1,388,21700075,2131,17.0,made_fg(24),3,-1,likely_open,subType: open-like
681,PT00M52.00S,4,1610612744,GSW,201939,Curry,S. Curry,51,287,29,Missed,1,,,0,h,MISS Curry 29' 3PT Jump Shot,Missed Shot,Jump Shot,1,500,21700075,2828,3.0,final_ft(24),3,-1,likely_open,"subType: open-like, distance: deep above-break 3 (>=27ft), clock: late (<=5s)"
28,PT08M50.00S,1,1610612744,GSW,201939,Curry,S. Curry,189,168,25,Made,1,9.0,3.0,12,h,Curry 25' 3PT Jump Shot (3 PTS) (Green 1 AST),Made Shot,Jump Shot,1,20,21700091,190,8.0,made_fg(24),3,-1,likely_open,subType: open-like
43,PT07M03.00S,1,1610612744,GSW,201939,Curry,S. Curry,13,8,2,Made,1,14.0,11.0,25,h,Curry 2' Running Reverse Layup (5 PTS) (Pachulia 2 AST),Made Shot,Running Reverse Layup Shot,1,32,21700091,297,11.0,made_fg(24),2,1,borderline,distance: at-rim/very close
80,PT03M51.00S,1,1610612744,GSW,201939,Curry,S. Curry,-205,46,21,Made,1,21.0,19.0,40,h,Curry 21' Jump Shot (7 PTS) (Durant 2 AST),Made Shot,Jump Shot,1,59,21700091,489,11.0,made_fg(24),2,-1,likely_open,subType: open-like
90,PT03M26.00S,1,1610612744,GSW,201939,Curry,S. Curry,-100,226,25,Made,1,25.0,21.0,46,h,Curry 25' 3PT Jump Shot (11 PTS),Made Shot,Jump Shot,1,67,21700091,514,16.0,made_fg(24),3,-1,likely_open,subType: open-like
92,PT03M01.00S,1,1610612744,GSW,201939,Curry,S. Curry,4,18,2,Missed,1,,,0,h,MISS Curry 2' Reverse Layup,Missed Shot,Reverse Layup Shot,1,69,21700091,539,17.0,turnover(24),2,3,likely_contested,"subType: contested-like, distance: at-rim/very close"
105,PT01M56.00S,1,1610612744,GSW,201939,Curry,S. Curry,-2,25,3,Made,1,31.0,23.0,54,h,Curry 3' Layup (13 PTS) (Livingston 1 AST),Made Shot,Layup Shot,1,82,21700091,604,21.0,def_reb(24),2,1,borderline,distance: at-rim/very close
114,PT01M17.00S,1,1610612744,GSW,201939,Curry,S. Curry,130,54,14,Made,1,33.0,25.0,58,h,Curry 14' Turnaround Fadeaway Bank Jump Shot (15 PTS) (Livingston 2 AST),Made Shot,Turnaround Fadeaway Bank Jump Shot,1,87,21700091,643,4.0,made_fg(24),2,5,likely_contested,"subType: contested-like, text: pressure-move, distance: mid-range, clock: late (<=5s)"
226,PT04M38.00S,2,1610612744,GSW,201939,Curry,S. Curry,223,117,25,Missed,1,,,0,h,MISS Curry 25' 3PT Jump Shot,Missed Shot,Jump Shot,1,169,21700091,1162,6.0,off_reb(14),3,-1,likely_open,subType: open-like
243,PT03M48.00S,2,1610612744,GSW,201939,Curry,S. Curry,8,15,2,Made,1,47.0,44.0,91,h,Curry 2' Reverse Layup (17 PTS),Made Shot,Reverse Layup Shot,1,180,21700091,1212,11.0,def_reb(24),2,3,likely_contested,"subType: contested-like, distance: at-rim/very close"
252,PT02M36.00S,2,1610612744,GSW,201939,Curry,S. Curry,-8,11,1,Made,1,50.0,44.0,94,h,Curry 1' Driving Reverse Layup (20 PTS) (Pachulia 3 AST),Made Shot,Driving Reverse Layup Shot,1,188,21700091,1284,13.0,def_reb(24),2,3,likely_contested,"subType: contested-like, distance: at-rim/very close"
270,PT01M12.00S,2,1610612744,GSW,201939,Curry,S. Curry,2,341,34,Missed,1,,,0,h,MISS Curry 34' 3PT Jump Shot,Missed Shot,Jump Shot,1,199,21700091,1368,22.0,def_reb(24),3,-2,likely_open,"subType: open-like, distance: deep above-break 3 (>=27ft)"
306,PT11M18.00S,3,1610612744,GSW,201939,Curry,S. Curry,68,124,14,Made,1,59.0,52.0,111,h,Curry 14' Jump Shot (22 PTS) (Green 3 AST),Made Shot,Jump Shot,1,221,21700091,1482,21.0,def_reb(24),2,0,likely_open,"subType: open-like, distance: mid-range"
371,PT04M34.00S,3,1610612744,GSW,201939,Curry,S. Curry,88,241,26,Made,1,77.0,64.0,141,h,Curry 26' 3PT Pullup Jump Shot (25 PTS) (Iguodala 2 AST),Made Shot,Pullup Jump shot,1,269,21700091,1886,13.0,final_ft(24),3,3,likely_contested,"subType: contested-like, text: pressure-move"
381,PT04M00.00S,3,1610612744,GSW,201939,Curry,S. Curry,-6,274,27,Missed,1,,,0,h,MISS Curry 27' 3PT Pullup Jump Shot,Missed Shot,Pullup Jump shot,1,275,21700091,1920,12.0,final_ft(24),3,2,likely_contested,"subType: contested-like, text: pressure-move, distance: deep above-break 3 (>=27ft)"
391,PT03M34.00S,3,1610612744,GSW,201939,Curry,S. Curry,-8,11,1,Made,1,79.0,68.0,147,h,Curry 1' Driving Reverse Layup (27 PTS) (Iguodala 3 AST),Made Shot,Driving Reverse Layup Shot,1,283,21700091,1946,8.0,made_fg(24),2,3,likely_contested,"subType: contested-like, distance: at-rim/very close"
577,PT01M53.00S,4,1610612744,GSW,201939,Curry,S. Curry,-19,16,2,Missed,1,,,0,h,MISS Curry 2' Running Layup,Missed Shot,Running Layup Shot,1,424,21700091,2767,22.0,turnover(24),2,3,likely_contested,"subType: contested-like, distance: at-rim/very close"
580,PT01M51.00S,4,1610612744,GSW,201939,Curry,S. Curry,-123,226,26,Missed,1,,,0,h,MISS Curry 26' 3PT Turnaround Jump Shot,Missed Shot,Turnaround Jump Shot,1,427,21700091,2769,14.0,off_reb(14),3,0,likely_open,
17,PT10M36.00S,1,1610612744,GSW,201939,Curry,S. Curry,-229,-8,0,Missed,1,,,0,v,MISS Curry 3PT Jump Shot,Missed Shot,Jump Shot,1,12,21700100,84,18.0,turnover(24),3,-1,likely_open,"subType: open-like, distance: at-rim/very close, coords: corner-3, corner: catch/spot"
54,PT07M08.00S,1,1610612744,GSW,201939,Curry,S. Curry,-231,-25,0,Made,1,13.0,11.0,24,v,Curry 3PT Jump Shot (5 PTS) (Thompson 2 AST),Made Shot,Jump Shot,1,41,21700100,292,4.0,made_fg(24),3,0,likely_open,"subType: open-like, distance: at-rim/very close, coords: corner-3, corner: catch/spot, clock: late (<=5s)"
76,PT05M43.00S,1,1610612744,GSW,201939,Curry,S. Curry,134,207,25,Made,1,16.0,16.0,32,v,Curry 25' 3PT Running Pull-Up Jump Shot (8 PTS) (Green 1 AST),Made Shot,Running Pull-Up Jump Shot,1,56,21700100,377,21.0,def_reb(24),3,3,likely_contested,"subType: contested-like, text: pressure-move"
137,PT02M18.00S,1,1610612744,GSW,201939,Curry,S. Curry,-221,39,0,Missed,1,,,0,v,MISS Curry 3PT Jump Shot,Missed Shot,Jump Shot,1,100,21700100,582,5.0,def_violation_14(14),3,0,likely_open,"subType: open-like, distance: at-rim/very close, coords: corner-3, corner: catch/spot, clock: late (<=5s)"
161,PT00M07.50S,1,1610612744,GSW,201939,Curry,S. Curry,163,186,25,Missed,1,,,0,v,MISS Curry 25' 3PT Jump Shot,Missed Shot,Jump Shot,1,117,21700100,713,5.0,made_fg(24),3,0,likely_open,"subType: open-like, clock: late (<=5s)"
322,PT01M23.00S,2,1610612744,GSW,201939,Curry,S. Curry,-77,257,27,Missed,1,,,0,v,MISS Curry 27' 3PT Jump Shot,Missed Shot,Jump Shot,1,230,21700100,1357,13.0,made_fg(24),3,-2,likely_open,"subType: open-like, distance: deep above-break 3 (>=27ft)"
324,PT01M17.00S,2,1610612744,GSW,201939,Curry,S. Curry,76,244,26,Made,1,55.0,71.0,126,v,Curry 26' 3PT Jump Shot (14 PTS) (Green 4 AST),Made Shot,Jump Shot,1,232,21700100,1363,8.0,off_reb(14),3,-1,likely_open,subType: open-like
341,PT00M28.20S,2,1610612744,GSW,201939,Curry,S. Curry,-5,17,2,Made,1,57.0,74.0,131,v,Curry 2' Driving Layup (16 PTS),Made Shot,Driving Layup Shot,1,245,21700100,1412,19.0,made_fg(24),2,3,likely_contested,"subType: contested-like, distance: at-rim/very close"
381,PT09M05.00S,3,1610612744,GSW,201939,Curry,S. Curry,7,19,2,Missed,1,,,0,v,MISS Curry 2' Driving Layup,Missed Shot,Driving Layup Shot,1,273,21700100,1615,6.0,made_fg(24),2,3,likely_contested,"subType: contested-like, distance: at-rim/very close"
412,PT05M58.00S,3,1610612744,GSW,201939,Curry,S. Curry,-233,8,0,Made,1,73.0,85.0,158,v,Curry 3PT Jump Shot (19 PTS) (Thompson 5 AST),Made Shot,Jump Shot,1,298,21700100,1802,11.0,off_reb(14),3,-1,likely_open,"subType: open-like, distance: at-rim/very close, coords: corner-3, corner: catch/spot"
425,PT04M47.00S,3,1610612744,GSW,201939,Curry,S. Curry,-35,135,14,Made,1,76.0,90.0,166,v,Curry 14' Driving Floating Jump Shot (21 PTS),Made Shot,Driving Floating Jump Shot,1,305,21700100,1873,6.0,made_fg(24),2,3,likely_contested,"subType: contested-like, distance: mid-range"
444,PT03M53.00S,3,1610612744,GSW,201939,Curry,S. Curry,154,201,25,Made,1,81.0,93.0,174,v,Curry 25' 3PT Jump Shot (24 PTS) (Livingston 2 AST),Made Shot,Jump Shot,1,317,21700100,1927,2.0,made_fg(24),3,0,likely_open,"subType: open-like, clock: late (<=5s)"
483,PT01M18.00S,3,1610612744,GSW,201939,Curry,S. Curry,-165,206,26,Made,1,82.0,101.0,183,v,Curry 26' 3PT Jump Shot (27 PTS) (Livingston 3 AST),Made Shot,Jump Shot,1,346,21700100,2082,21.0,def_reb(24),3,-1,likely_open,subType: open-like
511,PT00M01.00S,3,1610612744,GSW,201939,Curry,S. Curry,12,257,26,Made,1,86.0,107.0,193,v,Curry 26' 3PT Jump Shot (31 PTS),Made Shot,Jump Shot,1,366,21700100,2159,18.0,made_fg(24),3,-1,likely_open,subType: open-like
40,PT08M18.00S,1,1610612744,GSW,201939,Curry,S. Curry,218,120,25,Missed,1,,,0,v,MISS Curry 25' 3PT Pullup Jump Shot,Missed Shot,Pullup Jump shot,1,27,21700117,222,11.0,made_fg(24),3,3,likely_contested,"subType: contested-like, text: pressure-move"
101,PT04M01.00S,1,1610612744,GSW,201939,Curry,S. Curry,70,22,7,Missed,1,,,0,v,MISS Curry 7' Driving Layup,Missed Shot,Driving Layup Shot,1,76,21700117,479,20.0,def_reb(24),2,2,likely_contested,subType: contested-like
151,PT01M14.00S,1,1610612744,GSW,201939,Curry,S. Curry,3,24,2,Made,1,31.0,18.0,49,v,Curry 2' Driving Layup (2 PTS) (Durant 2 AST),Made Shot,Driving Layup Shot,1,119,21700117,646,20.0,turnover(24),2,3,likely_contested,"subType: contested-like, distance: at-rim/very close"
157,PT00M42.10S,1,1610612744,GSW,201939,Curry,S. Curry,87,239,25,Made,1,33.0,21.0,54,v,Curry 25' 3PT Pullup Jump Shot (5 PTS),Made Shot,Pullup Jump shot,1,123,21700117,678,9.0,made_fg(24),3,3,likely_contested,"subType: contested-like, text: pressure-move"
160,PT00M03.20S,1,1610612744,GSW,201939,Curry,S. Curry,229,75,24,Made,1,33.0,24.0,57,v,Curry 24' 3PT Jump Shot (8 PTS) (Green 2 AST),Made Shot,Jump Shot,1,126,21700117,717,11.0,def_reb(24),3,-1,likely_open,subType: open-like
259,PT04M17.00S,2,1610612744,GSW,201939,Curry,S. Curry,98,231,25,Made,1,51.0,38.0,89,v,Curry 25' 3PT Step Back Jump Shot (11 PTS),Made Shot,Step Back Jump shot,1,191,21700117,1183,15.0,final_ft(24),3,3,likely_contested,"subType: contested-like, text: pressure-move"
289,PT02M21.00S,2,1610612744,GSW,201939,Curry,S. Curry,7,30,3,Made,1,52.0,43.0,95,v,Curry 3' Driving Layup (13 PTS),Made Shot,Driving Layup Shot,1,216,21700117,1299,18.0,def_reb(24),2,3,likely_contested,"subType: contested-like, distance: at-rim/very close"
363,PT08M41.00S,3,1610612744,GSW,201939,Curry,S. Curry,35,159,16,Made,1,61.0,63.0,124,v,Curry 16' Driving Finger Roll Layup (17 PTS),Made Shot,Driving Finger Roll Layup Shot,1,269,21700117,1639,12.0,made_fg(24),2,1,borderline,distance: mid-range
388,PT05M22.00S,3,1610612744,GSW,201939,Curry,S. Curry,-18,0,2,Missed,1,,,0,v,MISS Curry 2' Layup,Missed Shot,Layup Shot,1,288,21700117,1838,11.0,made_fg(24),2,1,borderline,distance: at-rim/very close
391,PT05M14.00S,3,1610612744,GSW,201939,Curry,S. Curry,-92,63,11,Missed,1,,,0,v,MISS Curry 11' Fadeaway Jumper,Missed Shot,Fadeaway Jump Shot,1,291,21700117,1846,6.0,off_reb(14),2,4,likely_contested,"subType: contested-like, text: pressure-move, distance: mid-range"
427,PT03M07.00S,3,1610612744,GSW,201939,Curry,S. Curry,55,212,22,Missed,1,,,0,v,MISS Curry 22' Pullup Jump Shot,Missed Shot,Pullup Jump shot,1,316,21700117,1973,18.0,def_reb(24),2,3,likely_contested,"subType: contested-like, text: pressure-move"
431,PT02M54.00S,3,1610612744,GSW,201939,Curry,S. Curry,-3,13,1,Made,1,72.0,78.0,150,v,Curry 1' Running Finger Roll Layup (19 PTS),Made Shot,Running Finger Roll Layup Shot,1,320,21700117,1986,22.0,turnover(24),2,1,borderline,distance: at-rim/very close
447,PT01M58.00S,3,1610612744,GSW,201939,Curry,S. Curry,-158,104,19,Missed,1,,,0,v,MISS Curry 19' Pullup Jump Shot,Missed Shot,Pullup Jump shot,1,334,21700117,2042,19.0,made_fg(24),2,3,likely_contested,"subType: contested-like, text: pressure-move"
32,PT09M13.00S,1,1610612744,GSW,201939,Curry,S. Curry,-71,243,25,Missed,1,,,0,v,MISS Curry 25' 3PT Jump Shot,Missed Shot,Jump Shot,1,24,21700135,167,17.0,def_reb(24),3,-1,likely_open,subType: open-like
41,PT08M20.00S,1,1610612744,GSW,201939,Curry,S. Curry,-21,169,17,Missed,1,,,0,v,MISS Curry 17' Jump Shot,Missed Shot,Jump Shot,1,31,21700135,220,14.0,def_reb(24),2,-1,likely_open,subType: open-like
87,PT04M50.00S,1,1610612744,GSW,201939,Curry,S. Curry,109,66,13,Made,1,14.0,24.0,38,v,Curry 13' Pullup Jump Shot (2 PTS),Made Shot,Pullup Jump shot,1,64,21700135,430,9.0,made_fg(24),2,4,likely_contested,"subType: contested-like, text: pressure-move, distance: mid-range"
98,PT04M09.00S,1,1610612744,GSW,201939,Curry,S. Curry,36,99,11,Missed,1,,,0,v,MISS Curry 11' Jump Shot,Missed Shot,Jump Shot,1,73,21700135,471,11.0,def_reb(24),2,0,likely_open,"subType: open-like, distance: mid-range"
254,PT05M20.00S,2,1610612744,GSW,201939,Curry,S. Curry,170,203,26,Missed,1,,,0,v,MISS Curry 26' 3PT Pullup Jump Shot,Missed Shot,Pullup Jump shot,1,185,21700135,1120,21.0,def_reb(24),3,3,likely_contested,"subType: contested-like, text: pressure-move"
279,PT03M39.00S,2,1610612744,GSW,201939,Curry,S. Curry,163,189,25,Made,1,47.0,46.0,93,v,Curry 25' 3PT Jump Shot (5 PTS) (Looney 1 AST),Made Shot,Jump Shot,1,202,21700135,1221,11.0,keep_clock(18),3,-1,likely_open,subType: open-like
298,PT02M35.00S,2,1610612744,GSW,201939,Curry,S. Curry,236,26,24,Made,1,49.0,51.0,100,v,Curry 24' 3PT Jump Shot (10 PTS) (Green 3 AST),Made Shot,Jump Shot,1,214,21700135,1285,3.0,made_fg(24),3,-1,likely_open,"subType: open-like, coords: corner-3, corner: catch/spot, clock: late (<=5s)"
302,PT02M15.00S,2,1610612744,GSW,201939,Curry,S. Curry,-140,226,27,Missed,1,,,0,v,MISS Curry 27' 3PT Jump Shot,Missed Shot,Jump Shot,1,217,21700135,1305,19.0,def_reb(24),3,-2,likely_open,"subType: open-like, distance: deep above-break 3 (>=27ft)"
397,PT07M01.00S,3,1610612744,GSW,201939,Curry,S. Curry,-237,42,24,Made,1,59.0,79.0,138,v,Curry 24' 3PT Jump Shot (13 PTS),Made Shot,Jump Shot,1,286,21700135,1739,24.0,turnover(24),3,-2,likely_open,"subType: open-like, coords: corner-3, corner: catch/spot"
409,PT06M13.00S,3,1610612744,GSW,201939,Curry,S. Curry,80,233,25,Made,1,59.0,84.0,143,v,Curry 25' 3PT Pullup Jump Shot (16 PTS) (Green 7 AST),Made Shot,Pullup Jump shot,1,301,21700135,1787,16.0,def_reb(24),3,3,likely_contested,"subType: contested-like, text: pressure-move"
421,PT05M08.00S,3,1610612744,GSW,201939,Curry,S. Curry,201,153,25,Missed,1,,,0,v,MISS Curry 25' 3PT Pullup Jump Shot,Missed Shot,Pullup Jump shot,1,306,21700135,1852,13.0,made_fg(24),3,3,likely_contested,"subType: contested-like, text: pressure-move"
464,PT02M42.00S,3,1610612744,GSW,201939,Curry,S. Curry,-1,252,25,Missed,1,,,0,v,MISS Curry 25' 3PT Jump Shot,Missed Shot,Jump Shot,1,337,21700135,1998,18.0,turnover(24),3,-1,likely_open,subType: open-like
475,PT01M52.00S,3,1610612744,GSW,201939,Curry,S. Curry,114,84,14,Made,1,72.0,96.0,168,v,Curry 14' Pullup Jump Shot (18 PTS) (Green 8 AST),Made Shot,Pullup Jump shot,1,347,21700135,2048,8.0,final_ft(24),2,4,likely_contested,"subType: contested-like, text: pressure-move, distance: mid-range"
479,PT01M30.00S,3,1610612744,GSW,201939,Curry,S. Curry,-131,226,26,Made,1,72.0,99.0,171,v,Curry 26' 3PT Step Back Jump Shot (21 PTS),Made Shot,Step Back Jump shot,1,354,21700135,2070,20.0,keep_clock(21),3,3,likely_contested,"subType: contested-like, text: pressure-move"
21,PT10M11.00S,1,1610612744,GSW,201939,Curry,S. Curry,-112,111,16,Missed,1,,,0,h,MISS Curry 16' Jump Shot,Missed Shot,Jump Shot,1,15,21700148,109,21.0,def_reb(24),2,0,likely_open,"subType: open-like, distance: mid-range"
60,PT07M09.00S,1,1610612744,GSW,201939,Curry,S. Curry,-84,280,29,Missed,1,,,0,h,MISS Curry 29' 3PT Jump Shot,Missed Shot,Jump Shot,1,51,21700148,291,14.0,made_fg(24),3,-2,likely_open,"subType: open-like, distance: deep above-break 3 (>=27ft)"
91,PT04M52.00S,1,1610612744,GSW,201939,Curry,S. Curry,-7,79,8,Missed,1,,,0,h,MISS Curry 8' Jump Shot,Missed Shot,Jump Shot,1,72,21700148,428,13.0,made_fg(24),2,0,likely_open,"subType: open-like, distance: mid-range"
95,PT04M42.00S,1,1610612744,GSW,201939,Curry,S. Curry,-194,13,19,Missed,1,,,0,h,MISS Curry 19' Jump Shot,Missed Shot,Jump Shot,1,76,21700148,438,11.0,off_reb(14),2,-1,likely_open,subType: open-like
151,PT02M00.00S,1,1610612744,GSW,201939,Curry,S. Curry,-1,104,10,Missed,1,,,0,h,MISS Curry 10' Jump Bank Shot,Missed Shot,Jump Bank Shot,1,118,21700148,600,14.0,final_ft(24),2,3,likely_contested,"subType: contested-like, distance: mid-range"
157,PT01M03.00S,1,1610612744,GSW,201939,Curry,S. Curry,26,259,26,Missed,1,,,0,h,MISS Curry 26' 3PT Jump Shot,Missed Shot,Jump Shot,1,123,21700148,657,0.0,turnover(24),3,0,likely_open,"subType: open-like, clock: late (<=5s)"
173,PT00M03.60S,1,1610612744,GSW,201939,Curry,S. Curry,-8,34,3,Made,1,22.0,21.0,43,h,Curry 3' Layup (3 PTS),Made Shot,Layup Shot,1,138,21700148,717,18.0,def_reb(24),2,1,borderline,distance: at-rim/very close
256,PT05M43.00S,2,1610612744,GSW,201939,Curry,S. Curry,58,247,25,Missed,1,,,0,h,MISS Curry 25' 3PT Jump Shot,Missed Shot,Jump Shot,1,198,21700148,1097,14.0,made_fg(24),3,-1,likely_open,subType: open-like
272,PT04M31.00S,2,1610612744,GSW,201939,Curry,S. Curry,-229,125,26,Missed,1,,,0,h,MISS Curry 26' 3PT Pullup Jump Shot,Missed Shot,Pullup Jump shot,1,211,21700148,1169,17.0,def_reb(24),3,3,likely_contested,"subType: contested-like, text: pressure-move"
414,PT09M55.00S,3,1610612744,GSW,201939,Curry,S. Curry,-128,222,26,Made,1,60.0,40.0,100,h,Curry 26' 3PT Jump Shot (7 PTS) (Thompson 1 AST),Made Shot,Jump Shot,1,311,21700148,1565,18.0,turnover(24),3,-1,likely_open,subType: open-like
436,PT07M59.00S,3,1610612744,GSW,201939,Curry,S. Curry,-6,24,2,Missed,1,,,0,h,MISS Curry 2' Layup,Missed Shot,Layup Shot,1,330,21700148,1681,9.0,made_fg(24),2,1,borderline,distance: at-rim/very close
469,PT05M34.00S,3,1610612744,GSW,201939,Curry,S. Curry,98,121,16,Made,1,67.0,52.0,119,h,Curry 16' Jump Shot (9 PTS),Made Shot,Jump Shot,1,357,21700148,1826,12.0,made_fg(24),2,0,likely_open,"subType: open-like, distance: mid-range"
473,PT04M42.00S,3,1610612744,GSW,201939,Curry,S. Curry,-190,167,25,Missed,1,,,0,h,MISS Curry 25' 3PT Jump Shot,Missed Shot,Jump Shot,1,361,21700148,1878,10.0,made_fg(24),3,-1,likely_open,subType: open-like
483,PT03M48.00S,3,1610612744,GSW,201939,Curry,S. Curry,94,242,26,Missed,1,,,0,h,MISS Curry 26' 3PT Jump Shot,Missed Shot,Jump Shot,1,371,21700148,1932,22.0,def_reb(24),3,-1,likely_open,subType: open-like
504,PT02M21.00S,3,1610612744,GSW,201939,Curry,S. Curry,0,34,3,Missed,1,,,0,h,MISS Curry 3' Layup,Missed Shot,Layup Shot,1,388,21700148,2019,9.0,turnover(24),2,1,borderline,distance: at-rim/very close
529,PT00M52.20S,3,1610612744,GSW,201939,Curry,S. Curry,-119,47,13,Made,1,75.0,57.0,132,h,Curry 13' Step Back Jump Shot (13 PTS),Made Shot,Step Back Jump shot,1,407,21700148,2108,7.0,final_ft(24),2,4,likely_contested,"subType: contested-like, text: pressure-move, distance: mid-range"
532,PT00M15.90S,3,1610612744,GSW,201939,Curry,S. Curry,-103,221,24,Missed,1,,,0,h,MISS Curry 24' 3PT Pullup Jump Shot,Missed Shot,Pullup Jump shot,1,410,21700148,2145,9.0,def_reb(24),3,3,likely_contested,"subType: contested-like, text: pressure-move"
629,PT04M37.00S,4,1610612744,GSW,201939,Curry,S. Curry,6,20,2,Missed,1,,,0,h,MISS Curry 2' Reverse Layup,Missed Shot,Reverse Layup Shot,1,481,21700148,2603,10.0,def_reb(24),2,3,likely_contested,"subType: contested-like, distance: at-rim/very close"
633,PT04M07.00S,4,1610612744,GSW,201939,Curry,S. Curry,-116,229,26,Made,1,90.0,70.0,160,h,Curry 26' 3PT Pullup Jump Shot (16 PTS),Made Shot,Pullup Jump shot,1,485,21700148,2633,1.0,off_reb(14),3,4,likely_contested,"subType: contested-like, text: pressure-move, clock: late (<=5s)"
61,PT06M22.00S,1,1610612744,GSW,201939,Curry,S. Curry,16,115,12,Made,1,7.0,10.0,17,h,Curry 12' Driving Floating Jump Shot (2 PTS) (Green 1 AST),Made Shot,Driving Floating Jump Shot,1,51,21700163,338,11.0,made_fg(24),2,3,likely_contested,"subType: contested-like, distance: mid-range"
74,PT04M51.00S,1,1610612744,GSW,201939,Curry,S. Curry,-92,169,19,Missed,1,,,0,h,MISS Curry 19' Jump Shot,Missed Shot,Jump Shot,1,60,21700163,429,9.0,made_fg(24),2,-1,likely_open,subType: open-like
93,PT03M50.00S,1,1610612744,GSW,201939,Curry,S. Curry,-128,134,19,Missed,1,,,0,h,MISS Curry 19' Jump Shot,Missed Shot,Jump Shot,1,74,21700163,490,11.0,turnover(24),2,-1,likely_open,subType: open-like
104,PT03M10.00S,1,1610612744,GSW,201939,Curry,S. Curry,-7,259,26,Missed,1,,,0,h,MISS Curry 26' 3PT Jump Shot,Missed Shot,Jump Shot,1,83,21700163,530,17.0,def_reb(24),3,-1,likely_open,subType: open-like
155,PT00M12.10S,1,1610612744,GSW,201939,Curry,S. Curry,129,220,26,Made,1,22.0,22.0,44,h,Curry 26' 3PT Jump Shot (7 PTS) (Young 1 AST),Made Shot,Jump Shot,1,124,21700163,708,20.0,turnover(24),3,-1,likely_open,subType: open-like
252,PT04M48.00S,2,1610612744,GSW,201939,Curry,S. Curry,-5,8,1,Missed,1,,,0,h,MISS Curry 1' Cutting Layup Shot,Missed Shot,Cutting Layup Shot,1,188,21700163,1152,7.0,def_reb(24),2,1,borderline,distance: at-rim/very close
260,PT04M26.00S,2,1610612744,GSW,201939,Curry,S. Curry,14,259,26,Missed,1,,,0,h,MISS Curry 26' 3PT Jump Shot,Missed Shot,Jump Shot,1,194,21700163,1174,10.0,final_ft(24),3,-1,likely_open,subType: open-like
274,PT02M46.00S,2,1610612744,GSW,201939,Curry,S. Curry,49,216,22,Made,1,44.0,42.0,86,h,Curry 22' Jump Shot (9 PTS),Made Shot,Jump Shot,1,207,21700163,1274,12.0,made_fg(24),2,-1,likely_open,subType: open-like
286,PT01M39.00S,2,1610612744,GSW,201939,Curry,S. Curry,-163,215,27,Made,1,49.0,44.0,93,h,Curry 27' 3PT Jump Shot (12 PTS) (Green 5 AST),Made Shot,Jump Shot,1,215,21700163,1341,22.0,def_reb(24),3,-2,likely_open,"subType: open-like, distance: deep above-break 3 (>=27ft)"
292,PT01M20.00S,2,1610612744,GSW,201939,Curry,S. Curry,-67,127,14,Made,1,51.0,46.0,97,h,Curry 14' Pullup Jump Shot (14 PTS),Made Shot,Pullup Jump shot,1,219,21700163,1360,16.0,final_ft(24),2,4,likely_contested,"subType: contested-like, text: pressure-move, distance: mid-range"
311,PT00M03.20S,2,1610612744,GSW,201939,Curry,S. Curry,130,220,26,Missed,1,,,0,h,MISS Curry 26' 3PT Jump Shot,Missed Shot,Jump Shot,1,234,21700163,1437,9.0,final_ft(24),3,-1,likely_open,subType: open-like
334,PT10M51.00S,3,1610612744,GSW,201939,Curry,S. Curry,96,-12,10,Made,1,54.0,53.0,107,h,Curry 10' Driving Floating Bank Jump Shot (16 PTS) (Iguodala 1 AST),Made Shot,Driving Floating Bank Jump Shot,1,250,21700163,1509,7.0,def_reb(24),2,3,likely_contested,"subType: contested-like, distance: mid-range"
341,PT10M09.00S,3,1610612744,GSW,201939,Curry,S. Curry,-155,195,25,Missed,1,,,0,h,MISS Curry 25' 3PT Jump Shot,Missed Shot,Jump Shot,1,257,21700163,1551,17.0,def_reb(24),3,-1,likely_open,subType: open-like
364,PT08M49.00S,3,1610612744,GSW,201939,Curry,S. Curry,7,150,15,Made,1,60.0,56.0,116,h,Curry 15' Jump Shot (18 PTS),Made Shot,Jump Shot,1,273,21700163,1631,18.0,made_fg(24),2,0,likely_open,"subType: open-like, distance: mid-range"
406,PT05M30.00S,3,1610612744,GSW,201939,Curry,S. Curry,116,236,26,Missed,1,,,0,h,MISS Curry 26' 3PT Jump Shot,Missed Shot,Jump Shot,1,305,21700163,1830,16.0,turnover(24),3,-1,likely_open,subType: open-like
428,PT04M03.00S,3,1610612744,GSW,201939,Curry,S. Curry,-15,19,2,Missed,1,,,0,h,MISS Curry 2' Layup,Missed Shot,Layup Shot,1,322,21700163,1917,20.0,def_reb(24),2,1,borderline,distance: at-rim/very close
39,PT09M26.00S,1,1610612744,GSW,201939,Curry,S. Curry,-231,-16,0,Missed,1,,,0,h,MISS Curry 3PT Pullup Jump Shot,Missed Shot,Pullup Jump shot,1,24,21700184,154,15.0,def_reb(24),3,4,likely_contested,"subType: contested-like, text: pressure-move, distance: at-rim/very close, coords: corner-3"
112,PT04M36.00S,1,1610612744,GSW,201939,Curry,S. Curry,-205,145,25,Made,1,20.0,15.0,35,h,Curry 25' 3PT Jump Shot (8 PTS),Made Shot,Jump Shot,1,84,21700184,444,9.0,final_ft(24),3,-1,likely_open,subType: open-like
130,PT03M42.00S,1,1610612744,GSW,201939,Curry,S. Curry,-103,129,17,Missed,1,,,0,h,MISS Curry 17' Jump Shot,Missed Shot,Jump Shot,1,98,21700184,498,13.0,final_ft(24),2,-1,likely_open,subType: open-like
180,PT00M04.30S,1,1610612744,GSW,201939,Curry,S. Curry,190,162,25,Missed,1,,,0,h,MISS Curry 25' 3PT Jump Shot,Missed Shot,Jump Shot,1,133,21700184,716,3.0,off_reb(14),3,0,likely_open,"subType: open-like, clock: late (<=5s)"
278,PT05M53.00S,2,1610612744,GSW,201939,Curry,S. Curry,58,260,27,Made,1,46.0,47.0,93,h,Curry 27' 3PT Pullup Jump Shot (11 PTS) (Durant 1 AST),Made Shot,Pullup Jump shot,1,199,21700184,1087,7.0,made_fg(24),3,2,likely_contested,"subType: contested-like, text: pressure-move, distance: deep above-break 3 (>=27ft)"
291,PT04M56.00S,2,1610612744,GSW,201939,Curry,S. Curry,-157,136,21,Made,1,50.0,49.0,99,h,Curry 21' Jump Shot (13 PTS),Made Shot,Jump Shot,1,208,21700184,1144,8.0,made_fg(24),2,-1,likely_open,subType: open-like
339,PT01M14.00S,2,1610612744,GSW,201939,Curry,S. Curry,-108,150,18,Missed,1,,,0,h,MISS Curry 18' Jump Shot,Missed Shot,Jump Shot,1,246,21700184,1366,7.0,made_fg(24),2,-1,likely_open,subType: open-like
381,PT11M22.00S,3,1610612744,GSW,201939,Curry,S. Curry,-3,174,17,Made,1,67.0,66.0,133,h,Curry 17' Jump Shot (17 PTS),Made Shot,Jump Shot,1,273,21700184,1478,19.0,made_fg(24),2,-1,likely_open,subType: open-like
413,PT08M36.00S,3,1610612744,GSW,201939,Curry,S. Curry,-18,264,26,Missed,1,,,0,h,MISS Curry 26' 3PT Jump Shot,Missed Shot,Jump Shot,1,300,21700184,1644,17.0,def_reb(24),3,-1,likely_open,subType: open-like
496,PT02M55.00S,3,1610612744,GSW,201939,Curry,S. Curry,-197,199,28,Made,1,91.0,78.0,169,h,Curry 28' 3PT Pullup Jump Shot (22 PTS),Made Shot,Pullup Jump shot,1,359,21700184,1985,12.0,made_fg(24),3,2,likely_contested,"subType: contested-like, text: pressure-move, distance: deep above-break 3 (>=27ft)"
510,PT02M13.00S,3,1610612744,GSW,201939,Curry,S. Curry,-67,249,26,Missed,1,,,0,h,MISS Curry 26' 3PT Jump Shot,Missed Shot,Jump Shot,1,369,21700184,2027,15.0,final_ft(24),3,-1,likely_open,subType: open-like
524,PT01M17.00S,3,1610612744,GSW,201939,Curry,S. Curry,138,215,26,Missed,1,,,0,h,MISS Curry 26' 3PT Jump Shot,Missed Shot,Jump Shot,1,380,21700184,2083,21.0,def_reb(24),3,-1,likely_open,subType: open-like
45,PT08M00.00S,1,1610612744,GSW,201939,Curry,S. Curry,-78,257,27,Made,1,6.0,13.0,19,v,Curry 27' 3PT Jump Shot (4 PTS),Made Shot,Jump Shot,1,37,21700215,240,13.0,off_reb(14),3,-2,likely_open,"subType: open-like, distance: deep above-break 3 (>=27ft)"
61,PT06M46.00S,1,1610612744,GSW,201939,Curry,S. Curry,-136,224,26,Missed,1,,,0,v,MISS Curry 26' 3PT Jump Shot,Missed Shot,Jump Shot,1,51,21700215,314,19.0,turnover(24),3,-1,likely_open,subType: open-like
94,PT04M30.00S,1,1610612744,GSW,201939,Curry,S. Curry,65,137,15,Missed,1,,,0,v,MISS Curry 15' Floating Jump Shot,Missed Shot,Floating Jump shot,1,74,21700215,450,11.0,made_fg(24),2,3,likely_contested,"subType: contested-like, distance: mid-range"
113,PT02M56.00S,1,1610612744,GSW,201939,Curry,S. Curry,-6,16,2,Missed,1,,,0,v,MISS Curry 2' Driving Layup,Missed Shot,Driving Layup Shot,1,92,21700215,544,16.0,def_reb(24),2,3,likely_contested,"subType: contested-like, distance: at-rim/very close"
124,PT01M42.00S,1,1610612744,GSW,201939,Curry,S. Curry,100,268,29,Missed,1,,,0,v,MISS Curry 29' 3PT Pullup Jump Shot,Missed Shot,Pullup Jump shot,1,102,21700215,618,12.0,made_fg(24),3,2,likely_contested,"subType: contested-like, text: pressure-move, distance: deep above-break 3 (>=27ft)"
238,PT05M48.00S,2,1610612744,GSW,201939,Curry,S. Curry,-42,74,9,Missed,1,,,0,v,MISS Curry 9' Driving Floating Bank Jump Shot,Missed Shot,Driving Floating Bank Jump Shot,1,184,21700215,1092,1.0,turnover(24),2,4,likely_contested,"subType: contested-like, distance: mid-range, clock: late (<=5s)"
274,PT03M30.00S,2,1610612744,GSW,201939,Curry,S. Curry,100,180,21,Missed,1,,,0,v,MISS Curry 21' Pullup Jump Shot,Missed Shot,Pullup Jump shot,1,210,21700215,1230,17.0,final_ft(24),2,3,likely_contested,"subType: contested-like, text: pressure-move"
324,PT00M52.70S,2,1610612744,GSW,201939,Curry,S. Curry,-129,232,27,Missed,1,,,0,v,MISS Curry 27' 3PT Pullup Jump Shot,Missed Shot,Pullup Jump shot,1,249,21700215,1388,13.0,final_ft(24),3,2,likely_contested,"subType: contested-like, text: pressure-move, distance: deep above-break 3 (>=27ft)"
458,PT02M42.00S,3,1610612744,GSW,201939,Curry,S. Curry,-136,216,26,Missed,1,,,0,v,MISS Curry 26' 3PT Jump Shot,Missed Shot,Jump Shot,1,344,21700215,1998,6.0,made_fg(24),3,-1,likely_open,subType: open-like
585,PT06M38.00S,4,1610612744,GSW,201939,Curry,S. Curry,4,5,1,Made,1,74.0,76.0,150,v,Curry 1' Cutting Layup Shot (6 PTS) (Green 4 AST),Made Shot,Cutting Layup Shot,1,434,21700215,2482,1.0,made_fg(24),2,2,likely_contested,"distance: at-rim/very close, clock: late (<=5s)"
604,PT04M41.00S,4,1610612744,GSW,201939,Curry,S. Curry,-121,217,25,Made,1,77.0,81.0,158,v,Curry 25' 3PT Jump Shot (9 PTS) (Durant 3 AST),Made Shot,Jump Shot,1,450,21700215,2599,21.0,def_reb(24),3,-1,likely_open,subType: open-like
617,PT04M02.00S,4,1610612744,GSW,201939,Curry,S. Curry,-192,153,25,Missed,1,,,0,v,MISS Curry 25' 3PT Pullup Jump Shot,Missed Shot,Pullup Jump shot,1,457,21700215,2638,5.0,made_fg(24),3,4,likely_contested,"subType: contested-like, text: pressure-move, clock: late (<=5s)"
641,PT02M21.00S,4,1610612744,GSW,201939,Curry,S. Curry,193,159,25,Missed,1,,,0,v,MISS Curry 25' 3PT Pullup Jump Shot,Missed Shot,Pullup Jump shot,1,474,21700215,2739,9.0,final_ft(24),3,3,likely_contested,"subType: contested-like, text: pressure-move"
697,PT00M04.80S,4,1610612744,GSW,201939,Curry,S. Curry,127,211,25,Missed,1,,,0,v,MISS Curry 25' 3PT Jump Shot,Missed Shot,Jump Shot,1,517,21700215,2876,22.0,final_ft(24),3,-1,likely_open,subType: open-like
24,PT09M00.00S,1,1610612744,GSW,201939,Curry,S. Curry,128,-17,13,Missed,1,,,0,v,MISS Curry 13' Jump Shot,Missed Shot,Jump Shot,1,37,21700231,180,11.0,final_ft(24),2,0,likely_open,"subType: open-like, distance: mid-range"
37,PT11M14.00S,1,1610612744,GSW,201939,Curry,S. Curry,102,202,23,Missed,1,,,0,v,MISS Curry 23' Jump Shot,Missed Shot,Jump Shot,1,4,21700231,46,2.0,made_fg(24),2,0,likely_open,"subType: open-like, clock: late (<=5s)"
57,PT10M50.00S,1,1610612744,GSW,201939,Curry,S. Curry,25,12,3,Made,1,2.0,4.0,6,v,Curry 3' Layup (2 PTS) (Green 1 AST),Made Shot,Layup Shot,1,9,21700231,70,19.0,def_reb(24),2,1,borderline,distance: at-rim/very close
60,PT06M08.00S,1,1610612744,GSW,201939,Curry,S. Curry,136,239,27,Missed,1,,,0,v,MISS Curry 27' 3PT Jump Shot,Missed Shot,Jump Shot,1,57,21700231,352,14.0,made_fg(24),3,-2,likely_open,"subType: open-like, distance: deep above-break 3 (>=27ft)"
63,PT05M48.00S,1,1610612744,GSW,201939,Curry,S. Curry,-55,173,18,Made,1,26.0,16.0,42,v,Curry 18' Jump Shot (5 PTS),Made Shot,Jump Shot,1,60,21700231,372,14.0,made_fg(24),2,-1,likely_open,subType: open-like
87,PT04M13.00S,1,1610612744,GSW,201939,Curry,S. Curry,-123,146,19,Made,1,33.0,20.0,53,v,Curry 19' Pullup Jump Shot (7 PTS),Made Shot,Pullup Jump shot,1,75,21700231,467,10.0,made_fg(24),2,3,likely_contested,"subType: contested-like, text: pressure-move"
109,PT03M26.00S,1,1610612744,GSW,201939,Curry,S. Curry,-163,145,22,Missed,1,,,0,v,MISS Curry 22' Jump Shot,Missed Shot,Jump Shot,1,88,21700231,514,7.0,def_foul_14(14),2,-1,likely_open,subType: open-like
129,PT01M58.00S,1,1610612744,GSW,201939,Curry,S. Curry,-121,148,19,Made,1,42.0,26.0,68,v,Curry 19' Jump Shot (11 PTS),Made Shot,Jump Shot,1,101,21700231,602,2.0,made_fg(24),2,0,likely_open,"subType: open-like, clock: late (<=5s)"
132,PT01M23.00S,1,1610612744,GSW,201939,Curry,S. Curry,-40,65,8,Missed,1,,,0,v,MISS Curry 8' Layup,Missed Shot,Layup Shot,1,103,21700231,637,7.0,made_fg(24),2,1,borderline,distance: mid-range
143,PT00M41.90S,1,1610612744,GSW,201939,Curry,S. Curry,-11,144,14,Made,1,45.0,28.0,73,v,Curry 14' Jump Shot (13 PTS) (McGee 1 AST),Made Shot,Jump Shot,1,111,21700231,679,16.0,def_reb(24),2,0,likely_open,"subType: open-like, distance: mid-range"
156,PT00M00.00S,1,1610612744,GSW,201939,Curry,S. Curry,1,296,30,Missed,1,,,0,v,MISS Curry 30' 3PT Jump Shot,Missed Shot,Jump Shot,1,119,21700231,720,20.0,made_fg(24),3,-2,likely_open,"subType: open-like, distance: deep above-break 3 (>=27ft)"
249,PT05M25.00S,2,1610612744,GSW,201939,Curry,S. Curry,-155,207,26,Missed,1,,,0,v,MISS Curry 26' 3PT Jump Shot,Missed Shot,Jump Shot,1,183,21700231,1115,7.0,def_foul_14(14),3,-1,likely_open,subType: open-like
262,PT04M12.00S,2,1610612744,GSW,201939,Curry,S. Curry,-7,127,13,Missed,1,,,0,v,MISS Curry 13' Jump Shot,Missed Shot,Jump Shot,1,193,21700231,1188,11.0,made_fg(24),2,0,likely_open,"subType: open-like, distance: mid-range"
323,PT00M42.50S,2,1610612744,GSW,201939,Curry,S. Curry,-94,257,27,Missed,1,,,0,v,MISS Curry 27' 3PT Jump Shot,Missed Shot,Jump Shot,1,239,21700231,1398,11.0,made_fg(24),3,-2,likely_open,"subType: open-like, distance: deep above-break 3 (>=27ft)"
348,PT11M11.00S,3,1610612744,GSW,201939,Curry,S. Curry,88,194,21,Made,1,76.0,54.0,130,v,Curry 21' Jump Shot (17 PTS),Made Shot,Jump Shot,1,254,21700231,1489,13.0,made_fg(24),2,-1,likely_open,subType: open-like
370,PT09M38.00S,3,1610612744,GSW,201939,Curry,S. Curry,-140,229,27,Made,1,76.0,60.0,136,v,Curry 27' 3PT Jump Shot (20 PTS),Made Shot,Jump Shot,1,270,21700231,1582,12.0,keep_clock(18),3,-2,likely_open,"subType: open-like, distance: deep above-break 3 (>=27ft)"
391,PT07M56.00S,3,1610612744,GSW,201939,Curry,S. Curry,72,193,21,Made,1,82.0,68.0,150,v,Curry 21' Jump Shot (22 PTS),Made Shot,Jump Shot,1,288,21700231,1684,16.0,made_fg(24),2,-1,likely_open,subType: open-like
440,PT04M40.00S,3,1610612744,GSW,201939,Curry,S. Curry,94,232,25,Made,1,87.0,80.0,167,v,Curry 25' 3PT Jump Shot (25 PTS) (Looney 2 AST),Made Shot,Jump Shot,1,322,21700231,1880,9.0,off_reb(14),3,-1,likely_open,subType: open-like
472,PT01M59.00S,3,1610612744,GSW,201939,Curry,S. Curry,141,241,28,Made,1,89.0,88.0,177,v,Curry 28' 3PT Jump Shot (28 PTS),Made Shot,Jump Shot,1,346,21700231,2041,3.0,turnover(24),3,-1,likely_open,"subType: open-like, distance: deep above-break 3 (>=27ft), clock: late (<=5s)"
483,PT01M22.00S,3,1610612744,GSW,201939,Curry,S. Curry,105,150,18,Missed,1,,,0,v,MISS Curry 18' Jump Shot,Missed Shot,Jump Shot,1,356,21700231,2078,8.0,keep_clock(24),2,-1,likely_open,subType: open-like
491,PT00M48.10S,3,1610612744,GSW,201939,Curry,S. Curry,106,266,29,Made,1,89.0,97.0,186,v,Curry 29' 3PT Jump Shot (35 PTS),Made Shot,Jump Shot,1,363,21700231,2112,9.0,turnover(24),3,-2,likely_open,"subType: open-like, distance: deep above-break 3 (>=27ft)"
609,PT03M19.00S,4,1610612744,GSW,201939,Curry,S. Curry,142,218,26,Missed,1,,,0,v,MISS Curry 26' 3PT Jump Shot,Missed Shot,Jump Shot,1,445,21700231,2681,,stale_reset(14),3,-1,likely_open,subType: open-like
26,PT09M35.00S,1,1610612744,GSW,201939,Curry,S. Curry,83,138,16,Made,1,5.0,4.0,9,v,Curry 16' Pullup Jump Shot (2 PTS),Made Shot,Pullup Jump shot,1,21,21700236,145,12.0,made_fg(24),2,4,likely_contested,"subType: contested-like, text: pressure-move, distance: mid-range"
54,PT07M17.00S,1,1610612744,GSW,201939,Curry,S. Curry,120,253,28,Missed,1,,,0,v,MISS Curry 28' 3PT Pullup Jump Shot,Missed Shot,Pullup Jump shot,1,46,21700236,283,20.0,def_reb(24),3,2,likely_contested,"subType: contested-like, text: pressure-move, distance: deep above-break 3 (>=27ft)"
74,PT06M08.00S,1,1610612744,GSW,201939,Curry,S. Curry,-35,206,21,Made,1,10.0,12.0,22,v,Curry 21' Pullup Jump Shot (4 PTS) (Pachulia 2 AST),Made Shot,Pullup Jump shot,1,63,21700236,352,14.0,def_reb(24),2,3,likely_contested,"subType: contested-like, text: pressure-move"
78,PT05M49.00S,1,1610612744,GSW,201939,Curry,S. Curry,5,21,2,Made,1,10.0,14.0,24,v,Curry 2' Running Finger Roll Layup (6 PTS),Made Shot,Running Finger Roll Layup Shot,1,66,21700236,371,20.0,turnover(24),2,1,borderline,distance: at-rim/very close
92,PT04M53.00S,1,1610612744,GSW,201939,Curry,S. Curry,-96,106,14,Missed,1,,,0,v,MISS Curry 14' Step Back Jump Shot,Missed Shot,Step Back Jump shot,1,76,21700236,427,13.0,made_fg(24),2,4,likely_contested,"subType: contested-like, text: pressure-move, distance: mid-range"
142,PT02M34.00S,1,1610612744,GSW,201939,Curry,S. Curry,40,256,26,Made,1,17.0,26.0,43,v,Curry 26' 3PT Jump Shot (10 PTS) (McGee 1 AST),Made Shot,Jump Shot,1,109,21700236,566,11.0,def_reb(24),3,-1,likely_open,subType: open-like
153,PT01M51.00S,1,1610612744,GSW,201939,Curry,S. Curry,51,240,25,Made,1,17.0,29.0,46,v,Curry 25' 3PT Pullup Jump Shot (13 PTS),Made Shot,Pullup Jump shot,1,118,21700236,609,19.0,def_reb(24),3,3,likely_contested,"subType: contested-like, text: pressure-move"
172,PT00M04.90S,1,1610612744,GSW,201939,Curry,S. Curry,207,150,26,Missed,1,,,0,v,MISS Curry 26' 3PT Jump Shot,Missed Shot,Jump Shot,1,133,21700236,716,10.0,def_reb(24),3,-1,likely_open,subType: open-like
301,PT04M23.00S,2,1610612744,GSW,201939,Curry,S. Curry,-200,152,25,Missed,1,,,0,v,MISS Curry 25' 3PT Jump Shot,Missed Shot,Jump Shot,1,226,21700236,1177,10.0,def_reb(24),3,-1,likely_open,subType: open-like
325,PT03M20.00S,2,1610612744,GSW,201939,Curry,S. Curry,-230,1,0,Missed,1,,,0,v,MISS Curry 3PT Jump Shot,Missed Shot,Jump Shot,1,241,21700236,1240,9.0,made_fg(24),3,-1,likely_open,"subType: open-like, distance: at-rim/very close, coords: corner-3, corner: catch/spot"
345,PT02M40.00S,2,1610612744,GSW,201939,Curry,S. Curry,96,140,17,Made,1,37.0,56.0,93,v,Curry 17' Pullup Jump Shot (17 PTS),Made Shot,Pullup Jump shot,1,256,21700236,1280,16.0,final_ft(24),2,3,likely_contested,"subType: contested-like, text: pressure-move"
347,PT02M11.00S,2,1610612744,GSW,201939,Curry,S. Curry,-47,242,25,Made,1,39.0,59.0,98,v,Curry 25' 3PT Pullup Jump Shot (20 PTS),Made Shot,Pullup Jump shot,1,258,21700236,1309,13.0,made_fg(24),3,3,likely_contested,"subType: contested-like, text: pressure-move"
350,PT01M51.00S,2,1610612744,GSW,201939,Curry,S. Curry,16,0,2,Made,1,39.0,61.0,100,v,Curry 2' Running Layup (22 PTS),Made Shot,Running Layup Shot,1,261,21700236,1329,19.0,def_reb(24),2,3,likely_contested,"subType: contested-like, distance: at-rim/very close"
359,PT00M43.00S,2,1610612744,GSW,201939,Curry,S. Curry,-179,143,23,Missed,1,,,0,v,MISS Curry 23' Pullup Jump Shot,Missed Shot,Pullup Jump shot,1,270,21700236,1397,19.0,made_fg(24),2,3,likely_contested,"subType: contested-like, text: pressure-move"
395,PT11M45.00S,3,1610612744,GSW,201939,Curry,S. Curry,-19,7,2,Made,1,42.0,66.0,108,v,Curry 2' Cutting Layup Shot (24 PTS) (Green 3 AST),Made Shot,Cutting Layup Shot,1,288,21700236,1455,9.0,period_start(24),2,1,borderline,distance: at-rim/very close
426,PT09M27.00S,3,1610612744,GSW,201939,Curry,S. Curry,67,25,7,Missed,1,,,0,v,MISS Curry 7' Driving Floating Bank Jump Shot,Missed Shot,Driving Floating Bank Jump Shot,1,311,21700236,1593,16.0,def_reb(24),2,2,likely_contested,subType: contested-like
433,PT08M27.00S,3,1610612744,GSW,201939,Curry,S. Curry,-13,189,19,Made,1,50.0,78.0,128,v,Curry 19' Pullup Jump Shot (26 PTS),Made Shot,Pullup Jump shot,1,317,21700236,1653,17.0,def_reb(24),2,3,likely_contested,"subType: contested-like, text: pressure-move"
445,PT07M10.00S,3,1610612744,GSW,201939,Curry,S. Curry,221,13,0,Missed,1,,,0,v,MISS Curry 3PT Jump Shot,Missed Shot,Jump Shot,1,326,21700236,1730,9.0,off_reb(14),3,-1,likely_open,"subType: open-like, distance: at-rim/very close, coords: corner-3, corner: catch/spot"
468,PT05M40.00S,3,1610612744,GSW,201939,Curry,S. Curry,201,141,25,Missed,1,,,0,v,MISS Curry 25' 3PT Jump Shot,Missed Shot,Jump Shot,1,342,21700236,1820,20.0,def_reb(24),3,-1,likely_open,subType: open-like
497,PT03M21.00S,3,1610612744,GSW,201939,Curry,S. Curry,29,142,14,Made,1,66.0,86.0,152,v,Curry 14' Driving Floating Jump Shot (28 PTS),Made Shot,Driving Floating Jump Shot,1,361,21700236,1959,5.0,made_fg(24),2,4,likely_contested,"subType: contested-like, distance: mid-range, clock: late (<=5s)"
500,PT02M52.00S,3,1610612744,GSW,201939,Curry,S. Curry,-35,25,4,Made,1,68.0,88.0,156,v,Curry 4' Floating Jump Shot (30 PTS) (McGee 2 AST),Made Shot,Floating Jump shot,1,363,21700236,1988,7.0,made_fg(24),2,3,likely_contested,"subType: contested-like, distance: at-rim/very close"
504,PT02M28.00S,3,1610612744,GSW,201939,Curry,S. Curry,-203,149,25,Made,1,71.0,91.0,162,v,Curry 25' 3PT Pullup Jump Shot (33 PTS),Made Shot,Pullup Jump shot,1,365,21700236,2012,9.0,made_fg(24),3,3,likely_contested,"subType: contested-like, text: pressure-move"
675,PT04M40.00S,4,1610612744,GSW,201939,Curry,S. Curry,3,-10,1,Made,1,99.0,107.0,206,v,Curry 1' Driving Layup (39 PTS),Made Shot,Driving Layup Shot,1,488,21700236,2600,9.0,made_fg(24),2,3,likely_contested,"subType: contested-like, distance: at-rim/very close"
681,PT04M15.00S,4,1610612744,GSW,201939,Curry,S. Curry,-115,137,18,Missed,1,,,0,v,MISS Curry 18' Jump Shot,Missed Shot,Jump Shot,1,493,21700236,2625,12.0,turnover(24),2,-1,likely_open,subType: open-like
9,PT11M24.00S,1,1610612744,GSW,201939,Curry,S. Curry,-229,86,24,Missed,1,,,0,v,MISS Curry 24' 3PT Jump Shot,Missed Shot,Jump Shot,1,4,21700263,36,3.0,made_fg(24),3,0,likely_open,"subType: open-like, clock: late (<=5s)"
39,PT08M32.00S,1,1610612744,GSW,201939,Curry,S. Curry,62,154,17,Missed,1,,,0,v,MISS Curry 17' Pullup Jump Shot,Missed Shot,Pullup Jump shot,1,31,21700263,208,21.0,turnover(24),2,3,likely_contested,"subType: contested-like, text: pressure-move"
112,PT04M49.00S,1,1610612744,GSW,201939,Curry,S. Curry,-7,0,1,Made,1,18.0,14.0,32,v,Curry 1' Driving Layup (2 PTS),Made Shot,Driving Layup Shot,1,90,21700263,431,2.0,made_fg(24),2,4,likely_contested,"subType: contested-like, distance: at-rim/very close, clock: late (<=5s)"
129,PT04M07.00S,1,1610612744,GSW,201939,Curry,S. Curry,166,179,24,Made,1,22.0,18.0,40,v,Curry 24' 3PT Jump Shot (6 PTS) (Green 3 AST),Made Shot,Jump Shot,1,101,21700263,473,11.0,made_fg(24),3,-1,likely_open,subType: open-like
141,PT03M03.00S,1,1610612744,GSW,201939,Curry,S. Curry,5,138,14,Made,1,26.0,20.0,46,v,Curry 14' Driving Floating Jump Shot (8 PTS),Made Shot,Driving Floating Jump Shot,1,110,21700263,537,9.0,made_fg(24),2,3,likely_contested,"subType: contested-like, distance: mid-range"
153,PT02M43.00S,1,1610612744,GSW,201939,Curry,S. Curry,119,164,20,Missed,1,,,0,v,MISS Curry 20' Pullup Jump Shot,Missed Shot,Pullup Jump shot,1,118,21700263,557,14.0,final_ft(24),2,3,likely_contested,"subType: contested-like, text: pressure-move"
291,PT04M59.00S,2,1610612744,GSW,201939,Curry,S. Curry,13,270,27,Missed,1,,,0,v,MISS Curry 27' 3PT Pullup Jump Shot,Missed Shot,Pullup Jump shot,1,215,21700263,1141,19.0,def_reb(24),3,2,likely_contested,"subType: contested-like, text: pressure-move, distance: deep above-break 3 (>=27ft)"
314,PT03M02.00S,2,1610612744,GSW,201939,Curry,S. Curry,226,92,24,Missed,1,,,0,v,MISS Curry 24' 3PT Jump Shot,Missed Shot,Jump Shot,1,231,21700263,1258,12.0,made_fg(24),3,-1,likely_open,subType: open-like
322,PT02M38.00S,2,1610612744,GSW,201939,Curry,S. Curry,-225,81,24,Made,1,54.0,44.0,98,v,Curry 24' 3PT Jump Shot (11 PTS) (Green 4 AST),Made Shot,Jump Shot,1,239,21700263,1282,19.0,turnover(24),3,-1,likely_open,subType: open-like
342,PT01M20.00S,2,1610612744,GSW,201939,Curry,S. Curry,-6,12,1,Made,1,60.0,46.0,106,v,Curry 1' Driving Layup (13 PTS),Made Shot,Driving Layup Shot,1,254,21700263,1360,14.0,made_fg(24),2,3,likely_contested,"subType: contested-like, distance: at-rim/very close"
366,PT11M14.00S,3,1610612744,GSW,201939,Curry,S. Curry,-10,5,1,Made,1,65.0,50.0,115,v,Curry 1' Putback Layup (15 PTS),Made Shot,Putback Layup Shot,1,273,21700263,1486,12.0,off_reb(14),2,3,likely_contested,"subType: contested-like, distance: at-rim/very close"
369,PT10M40.00S,3,1610612744,GSW,201939,Curry,S. Curry,9,8,1,Missed,1,,,0,v,MISS Curry 1' Running Layup,Missed Shot,Running Layup Shot,1,276,21700263,1520,19.0,def_reb(24),2,3,likely_contested,"subType: contested-like, distance: at-rim/very close"
379,PT09M55.00S,3,1610612744,GSW,201939,Curry,S. Curry,182,164,24,Missed,1,,,0,v,MISS Curry 24' 3PT Running Jump Shot,Missed Shot,Running Jump Shot,1,285,21700263,1565,20.0,def_reb(24),3,-1,likely_open,subType: open-like
407,PT07M55.00S,3,1610612744,GSW,201939,Curry,S. Curry,152,199,25,Missed,1,,,0,v,MISS Curry 25' 3PT Jump Shot,Missed Shot,Jump Shot,1,307,21700263,1685,13.0,turnover(24),3,-1,likely_open,subType: open-like
421,PT07M18.00S,3,1610612744,GSW,201939,Curry,S. Curry,1,3,0,Made,1,73.0,56.0,129,v,Curry Layup (17 PTS) (Green 5 AST),Made Shot,Layup Shot,1,319,21700263,1722,21.0,turnover(24),2,1,borderline,distance: at-rim/very close
442,PT05M51.00S,3,1610612744,GSW,201939,Curry,S. Curry,88,185,20,Made,1,79.0,58.0,137,v,Curry 20' Pullup Jump Shot (19 PTS),Made Shot,Pullup Jump shot,1,334,21700263,1809,16.0,final_ft(24),2,3,likely_contested,"subType: contested-like, text: pressure-move"
505,PT01M50.00S,3,1610612744,GSW,201939,Curry,S. Curry,131,3,13,Missed,1,,,0,v,MISS Curry 13' Driving Floating Jump Shot,Missed Shot,Driving Floating Jump Shot,1,379,21700263,2050,7.0,final_ft(24),2,3,likely_contested,"subType: contested-like, distance: mid-range"
521,PT00M05.40S,3,1610612744,GSW,201939,Curry,S. Curry,83,250,26,Made,1,94.0,71.0,165,v,Curry 26' 3PT Jump Shot (24 PTS) (Iguodala 1 AST),Made Shot,Jump Shot,1,395,21700263,2155,6.0,def_reb(24),3,-1,likely_open,subType: open-like
18,PT10M35.00S,1,1610612744,GSW,201939,Curry,S. Curry,-19,11,2,Made,1,4.0,0.0,4,h,Curry 2' Cutting Layup Shot (2 PTS) (Pachulia 1 AST),Made Shot,Cutting Layup Shot,1,12,21700276,85,10.0,def_reb(24),2,1,borderline,distance: at-rim/very close
48,PT07M38.00S,1,1610612744,GSW,201939,Curry,S. Curry,141,217,26,Missed,1,,,0,h,MISS Curry 26' 3PT Jump Shot,Missed Shot,Jump Shot,1,35,21700276,262,21.0,def_reb(24),3,-1,likely_open,subType: open-like
65,PT06M26.00S,1,1610612744,GSW,201939,Curry,S. Curry,146,201,25,Made,1,17.0,16.0,33,h,Curry 25' 3PT Step Back Jump Shot (5 PTS) (Pachulia 3 AST),Made Shot,Step Back Jump shot,1,50,21700276,334,11.0,final_ft(24),3,3,likely_contested,"subType: contested-like, text: pressure-move"
180,PT10M47.00S,2,1610612744,GSW,201939,Curry,S. Curry,46,154,16,Made,1,37.0,32.0,69,h,Curry 16' Pullup Jump Shot (10 PTS),Made Shot,Pullup Jump shot,1,127,21700276,793,4.0,turnover(24),2,5,likely_contested,"subType: contested-like, text: pressure-move, distance: mid-range, clock: late (<=5s)"
208,PT08M16.00S,2,1610612744,GSW,201939,Curry,S. Curry,-110,289,31,Missed,1,,,0,h,MISS Curry 31' 3PT Jump Shot,Missed Shot,Jump Shot,1,148,21700276,944,15.0,turnover(24),3,-2,likely_open,"subType: open-like, distance: deep above-break 3 (>=27ft)"
222,PT07M25.00S,2,1610612744,GSW,201939,Curry,S. Curry,-5,13,1,Made,1,46.0,43.0,89,h,Curry 1' Layup (12 PTS) (Iguodala 1 AST),Made Shot,Layup Shot,1,161,21700276,995,19.0,def_reb(24),2,1,borderline,distance: at-rim/very close
230,PT06M54.00S,2,1610612744,GSW,201939,Curry,S. Curry,-224,8,0,Made,1,49.0,43.0,92,h,Curry 3PT Pullup Jump Shot (15 PTS) (Livingston 1 AST),Made Shot,Pullup Jump shot,1,165,21700276,1026,16.0,def_reb(24),3,4,likely_contested,"subType: contested-like, text: pressure-move, distance: at-rim/very close, coords: corner-3"
234,PT06M31.00S,2,1610612744,GSW,201939,Curry,S. Curry,-29,280,28,Made,1,52.0,43.0,95,h,Curry 28' 3PT Jump Shot (18 PTS),Made Shot,Jump Shot,1,168,21700276,1049,19.0,def_reb(24),3,-2,likely_open,"subType: open-like, distance: deep above-break 3 (>=27ft)"
244,PT05M56.00S,2,1610612744,GSW,201939,Curry,S. Curry,-18,260,26,Missed,1,,,0,h,MISS Curry 26' 3PT Jump Shot,Missed Shot,Jump Shot,1,176,21700276,1084,19.0,def_reb(24),3,-1,likely_open,subType: open-like
282,PT04M01.00S,2,1610612744,GSW,201939,Curry,S. Curry,10,15,2,Made,1,58.0,43.0,101,h,Curry 2' Driving Layup (22 PTS),Made Shot,Driving Layup Shot,1,204,21700276,1199,8.0,turnover(24),2,3,likely_contested,"subType: contested-like, distance: at-rim/very close"
298,PT02M40.00S,2,1610612744,GSW,201939,Curry,S. Curry,-24,17,3,Made,1,65.0,49.0,114,h,Curry 3' Reverse Layup (26 PTS),Made Shot,Reverse Layup Shot,1,215,21700276,1280,19.0,def_reb(24),2,3,likely_contested,"subType: contested-like, distance: at-rim/very close"
314,PT01M55.00S,2,1610612744,GSW,201939,Curry,S. Curry,171,193,26,Made,1,71.0,49.0,120,h,Curry 26' 3PT Step Back Jump Shot (30 PTS) (Thompson 1 AST),Made Shot,Step Back Jump shot,1,227,21700276,1325,16.0,def_reb(24),3,3,likely_contested,"subType: contested-like, text: pressure-move"
332,PT00M30.50S,2,1610612744,GSW,201939,Curry,S. Curry,107,251,27,Missed,1,,,0,h,MISS Curry 27' 3PT Jump Shot,Missed Shot,Jump Shot,1,239,21700276,1410,23.0,def_reb(24),3,-2,likely_open,"subType: open-like, distance: deep above-break 3 (>=27ft)"
368,PT10M52.00S,3,1610612744,GSW,201939,Curry,S. Curry,-16,1,2,Made,1,78.0,53.0,131,h,Curry 2' Running Reverse Layup (33 PTS) (Casspi 4 AST),Made Shot,Running Reverse Layup Shot,1,259,21700276,1508,16.0,turnover(24),2,1,borderline,distance: at-rim/very close
413,PT07M18.00S,3,1610612744,GSW,201939,Curry,S. Curry,35,130,13,Missed,1,,,0,h,MISS Curry 13' Jump Shot,Missed Shot,Jump Shot,1,293,21700276,1722,14.0,keep_clock(24),2,0,likely_open,"subType: open-like, distance: mid-range"
435,PT05M16.00S,3,1610612744,GSW,201939,Curry,S. Curry,100,242,26,Missed,1,,,0,h,MISS Curry 26' 3PT Jump Shot,Missed Shot,Jump Shot,1,312,21700276,1844,14.0,def_reb(24),3,-1,likely_open,subType: open-like
466,PT03M16.00S,3,1610612744,GSW,201939,Curry,S. Curry,-225,-1,0,Missed,1,,,0,h,MISS Curry 3PT Jump Shot,Missed Shot,Jump Shot,1,335,21700276,1964,21.0,def_reb(24),3,-1,likely_open,"subType: open-like, distance: at-rim/very close, coords: corner-3, corner: catch/spot"
477,PT02M36.00S,3,1610612744,GSW,201939,Curry,S. Curry,-9,285,29,Missed,1,,,0,h,MISS Curry 29' 3PT Jump Shot,Missed Shot,Jump Shot,1,346,21700276,2004,12.0,off_reb(14),3,-2,likely_open,"subType: open-like, distance: deep above-break 3 (>=27ft)"
9,PT11M38.00S,1,1610612744,GSW,201939,Curry,S. Curry,-155,226,27,Missed,1,,,0,h,MISS Curry 27' 3PT Jump Shot,Missed Shot,Jump Shot,1,5,21700284,22,20.0,turnover(24),3,-2,likely_open,"subType: open-like, distance: deep above-break 3 (>=27ft)"
61,PT06M57.00S,1,1610612744,GSW,201939,Curry,S. Curry,172,211,27,Missed,1,,,0,h,MISS Curry 27' 3PT Jump Shot,Missed Shot,Jump Shot,1,48,21700284,303,9.0,made_fg(24),3,-2,likely_open,"subType: open-like, distance: deep above-break 3 (>=27ft)"
69,PT06M19.00S,1,1610612744,GSW,201939,Curry,S. Curry,18,16,2,Missed,1,,,0,h,MISS Curry 2' Layup,Missed Shot,Layup Shot,1,55,21700284,341,20.0,def_reb(24),2,1,borderline,distance: at-rim/very close
77,PT05M55.00S,1,1610612744,GSW,201939,Curry,S. Curry,136,148,20,Missed,1,,,0,h,MISS Curry 20' Step Back Jump Shot,Missed Shot,Step Back Jump shot,1,62,21700284,365,10.0,def_foul_14(14),2,3,likely_contested,"subType: contested-like, text: pressure-move"
99,PT04M17.00S,1,1610612744,GSW,201939,Curry,S. Curry,-82,247,26,Missed,1,,,0,h,MISS Curry 26' 3PT Jump Shot,Missed Shot,Jump Shot,1,80,21700284,463,15.0,def_reb(24),3,-1,likely_open,subType: open-like
129,PT02M37.00S,1,1610612744,GSW,201939,Curry,S. Curry,22,106,11,Missed,1,,,0,h,MISS Curry 11' Jump Shot,Missed Shot,Jump Shot,1,101,21700284,563,21.0,def_reb(24),2,0,likely_open,"subType: open-like, distance: mid-range"
151,PT00M30.30S,1,1610612744,GSW,201939,Curry,S. Curry,-232,15,0,Missed,1,,,0,h,MISS Curry 3PT Jump Shot,Missed Shot,Jump Shot,1,116,21700284,690,18.0,made_fg(24),3,-1,likely_open,"subType: open-like, distance: at-rim/very close, coords: corner-3, corner: catch/spot"
155,PT00M00.20S,1,1610612744,GSW,201939,Curry,S. Curry,-83,374,38,Missed,1,,,0,h,MISS Curry 38' 3PT Jump Shot,Missed Shot,Jump Shot,1,120,21700284,720,24.0,def_reb(24),3,-2,likely_open,"subType: open-like, distance: deep above-break 3 (>=27ft)"
310,PT02M50.00S,2,1610612744,GSW,201939,Curry,S. Curry,-28,291,29,Missed,1,,,0,h,MISS Curry 29' 3PT Jump Shot,Missed Shot,Jump Shot,1,231,21700284,1270,19.0,turnover(24),3,-2,likely_open,"subType: open-like, distance: deep above-break 3 (>=27ft)"
318,PT02M14.00S,2,1610612744,GSW,201939,Curry,S. Curry,-7,31,3,Missed,1,,,0,h,MISS Curry 3' Layup,Missed Shot,Layup Shot,1,239,21700284,1306,22.0,def_reb(24),2,1,borderline,distance: at-rim/very close
344,PT00M55.50S,2,1610612744,GSW,201939,Curry,S. Curry,-115,147,19,Made,1,50.0,52.0,102,h,Curry 19' Step Back Jump Shot (5 PTS),Made Shot,Step Back Jump shot,1,256,21700284,1385,9.0,made_fg(24),2,3,likely_contested,"subType: contested-like, text: pressure-move"
393,PT10M23.00S,3,1610612744,GSW,201939,Curry,S. Curry,141,142,20,Made,1,59.0,53.0,112,h,Curry 20' Jump Shot (7 PTS) (Green 6 AST),Made Shot,Jump Shot,1,282,21700284,1537,13.0,turnover(24),2,-1,likely_open,subType: open-like
399,PT09M53.00S,3,1610612744,GSW,201939,Curry,S. Curry,-111,215,24,Missed,1,,,0,h,MISS Curry 24' 3PT Jump Shot,Missed Shot,Jump Shot,1,287,21700284,1567,17.0,def_reb(24),3,-1,likely_open,subType: open-like
409,PT08M40.00S,3,1610612744,GSW,201939,Curry,S. Curry,49,222,23,Made,1,63.0,56.0,119,h,Curry 23' Jump Shot (9 PTS) (Green 8 AST),Made Shot,Jump Shot,1,295,21700284,1640,3.0,made_fg(24),2,0,likely_open,"subType: open-like, clock: late (<=5s)"
422,PT07M43.00S,3,1610612744,GSW,201939,Curry,S. Curry,20,8,2,Made,1,67.0,61.0,128,h,Curry 2' Cutting Finger Roll Layup Shot (11 PTS) (Pachulia 2 AST),Made Shot,Cutting Finger Roll Layup Shot,1,301,21700284,1697,12.0,made_fg(24),2,1,borderline,distance: at-rim/very close
426,PT07M10.00S,3,1610612744,GSW,201939,Curry,S. Curry,112,153,19,Missed,1,,,0,h,MISS Curry 19' Jump Shot,Missed Shot,Jump Shot,1,303,21700284,1730,5.0,made_fg(24),2,0,likely_open,"subType: open-like, clock: late (<=5s)"
440,PT06M02.00S,3,1610612744,GSW,201939,Curry,S. Curry,-226,-15,0,Missed,1,,,0,h,MISS Curry 3PT Jump Shot,Missed Shot,Jump Shot,1,315,21700284,1798,21.0,def_reb(24),3,-1,likely_open,"subType: open-like, distance: at-rim/very close, coords: corner-3, corner: catch/spot"
478,PT03M52.00S,3,1610612744,GSW,201939,Curry,S. Curry,40,283,29,Made,1,73.0,67.0,140,h,Curry 29' 3PT Running Jump Shot (14 PTS),Made Shot,Running Jump Shot,1,345,21700284,1928,18.0,turnover(24),3,-2,likely_open,"subType: open-like, distance: deep above-break 3 (>=27ft)"
516,PT01M17.00S,3,1610612744,GSW,201939,Curry,S. Curry,-226,84,24,Made,1,82.0,75.0,157,h,Curry 24' 3PT Pullup Jump Shot (17 PTS) (Looney 1 AST),Made Shot,Pullup Jump shot,1,373,21700284,2083,12.0,off_reb(14),3,3,likely_contested,"subType: contested-like, text: pressure-move"
528,PT00M37.40S,3,1610612744,GSW,201939,Curry,S. Curry,-161,211,27,Missed,1,,,0,h,MISS Curry 27' 3PT Jump Shot,Missed Shot,Jump Shot,1,382,21700284,2123,22.0,def_reb(24),3,-2,likely_open,"subType: open-like, distance: deep above-break 3 (>=27ft)"
633,PT05M43.00S,4,1610612744,GSW,201939,Curry,S. Curry,-4,251,25,Missed,1,,,0,h,MISS Curry 25' 3PT Jump Shot,Missed Shot,Jump Shot,1,461,21700284,2537,11.0,made_fg(24),3,-1,likely_open,subType: open-like
646,PT05M12.00S,4,1610612744,GSW,201939,Curry,S. Curry,-101,-10,10,Missed,1,,,0,h,MISS Curry 10' Jump Shot,Missed Shot,Jump Shot,1,469,21700284,2568,4.0,final_ft(24),2,1,borderline,"subType: open-like, distance: mid-range, clock: late (<=5s)"
658,PT03M45.00S,4,1610612744,GSW,201939,Curry,S. Curry,141,103,17,Made,1,101.0,93.0,194,h,Curry 17' Step Back Jump Shot (21 PTS),Made Shot,Step Back Jump shot,1,479,21700284,2655,,stale_reset(24),2,3,likely_contested,"subType: contested-like, text: pressure-move"
674,PT01M54.00S,4,1610612744,GSW,201939,Curry,S. Curry,-19,8,2,Made,1,105.0,95.0,200,h,Curry 2' Driving Finger Roll Layup (23 PTS),Made Shot,Driving Finger Roll Layup Shot,1,494,21700284,2766,7.0,turnover(24),2,1,borderline,distance: at-rim/very close
701,PT00M51.90S,4,1610612744,GSW,201939,Curry,S. Curry,99,242,26,Made,1,110.0,95.0,205,h,Curry 26' 3PT Pullup Jump Shot (27 PTS),Made Shot,Pullup Jump shot,1,511,21700284,2829,,stale_reset(14),3,3,likely_contested,"subType: contested-like, text: pressure-move"
19,PT10M34.00S,1,1610612744,GSW,201939,Curry,S. Curry,138,113,18,Missed,1,,,0,v,MISS Curry 18' Jump Shot,Missed Shot,Jump Shot,1,13,21700312,86,8.0,def_reb(24),2,-1,likely_open,subType: open-like
99,PT03M22.00S,1,1610612744,GSW,201939,Curry,S. Curry,-171,199,26,Missed,1,,,0,v,MISS Curry 26' 3PT Jump Shot,Missed Shot,Jump Shot,1,70,21700312,518,14.0,def_reb(24),3,-1,likely_open,subType: open-like
103,PT03M09.00S,1,1610612744,GSW,201939,Curry,S. Curry,-9,23,2,Missed,1,,,0,v,MISS Curry 2' Layup,Missed Shot,Layup Shot,1,74,21700312,531,19.0,turnover(24),2,1,borderline,distance: at-rim/very close
133,PT01M19.00S,1,1610612744,GSW,201939,Curry,S. Curry,100,243,26,Missed,1,,,0,v,MISS Curry 26' 3PT Jump Shot,Missed Shot,Jump Shot,1,99,21700312,641,11.0,made_fg(24),3,-1,likely_open,subType: open-like
135,PT01M08.00S,1,1610612744,GSW,201939,Curry,S. Curry,-1,11,1,Made,1,18.0,25.0,43,v,Curry 1' Cutting Layup Shot (2 PTS) (Green 3 AST),Made Shot,Cutting Layup Shot,1,101,21700312,652,6.0,off_reb(14),2,1,borderline,distance: at-rim/very close
138,PT00M34.50S,1,1610612744,GSW,201939,Curry,S. Curry,-8,28,3,Made,1,20.0,27.0,47,v,Curry 3' Reverse Layup (4 PTS),Made Shot,Reverse Layup Shot,1,103,21700312,686,5.0,made_fg(24),2,4,likely_contested,"subType: contested-like, distance: at-rim/very close, clock: late (<=5s)"
240,PT05M20.00S,2,1610612744,GSW,201939,Curry,S. Curry,-5,29,3,Missed,1,,,0,v,MISS Curry 3' Layup,Missed Shot,Layup Shot,1,170,21700312,1120,0.0,def_violation_14(14),2,2,likely_contested,"distance: at-rim/very close, clock: late (<=5s)"
252,PT04M42.00S,2,1610612744,GSW,201939,Curry,S. Curry,-11,20,2,Missed,1,,,0,v,MISS Curry 2' Layup,Missed Shot,Layup Shot,1,181,21700312,1158,10.0,made_fg(24),2,1,borderline,distance: at-rim/very close
281,PT03M18.00S,2,1610612744,GSW,201939,Curry,S. Curry,167,195,26,Missed,1,,,0,v,MISS Curry 26' 3PT Jump Shot,Missed Shot,Jump Shot,1,201,21700312,1242,9.0,keep_clock(17),3,-1,likely_open,subType: open-like
307,PT01M42.00S,2,1610612744,GSW,201939,Curry,S. Curry,-7,22,2,Made,1,49.0,50.0,99,v,Curry 2' Driving Layup (6 PTS),Made Shot,Driving Layup Shot,1,218,21700312,1338,13.0,final_ft(24),2,3,likely_contested,"subType: contested-like, distance: at-rim/very close"
338,PT10M23.00S,3,1610612744,GSW,201939,Curry,S. Curry,-210,150,26,Made,1,59.0,58.0,117,v,Curry 26' 3PT Jump Shot (9 PTS) (Thompson 2 AST),Made Shot,Jump Shot,1,239,21700312,1537,5.0,final_ft(24),3,0,likely_open,"subType: open-like, clock: late (<=5s)"
480,PT00M01.00S,3,1610612744,GSW,201939,Curry,S. Curry,-118,237,26,Missed,1,,,0,v,MISS Curry 26' 3PT Jump Shot,Missed Shot,Jump Shot,1,345,21700312,2159,12.0,def_foul_14(14),3,-1,likely_open,subType: open-like
553,PT08M08.00S,4,1610612744,GSW,201939,Curry,S. Curry,-222,27,0,Missed,1,,,0,v,MISS Curry 3PT Jump Shot,Missed Shot,Jump Shot,1,396,21700312,2392,5.0,made_fg(24),3,0,likely_open,"subType: open-like, distance: at-rim/very close, coords: corner-3, corner: catch/spot, clock: late (<=5s)"
571,PT06M33.00S,4,1610612744,GSW,201939,Curry,S. Curry,-59,132,14,Made,1,93.0,95.0,188,v,Curry 14' Pullup Jump Shot (11 PTS) (Durant 4 AST),Made Shot,Pullup Jump shot,1,411,21700312,2487,16.0,def_reb(24),2,4,likely_contested,"subType: contested-like, text: pressure-move, distance: mid-range"
595,PT04M30.00S,4,1610612744,GSW,201939,Curry,S. Curry,-234,22,24,Missed,1,,,0,v,MISS Curry 24' 3PT Jump Shot,Missed Shot,Jump Shot,1,428,21700312,2610,0.0,made_fg(24),3,-1,likely_open,"subType: open-like, coords: corner-3, corner: catch/spot, clock: late (<=5s)"
607,PT03M39.00S,4,1610612744,GSW,201939,Curry,S. Curry,-2,17,2,Made,1,100.0,102.0,202,v,Curry 2' Driving Layup (15 PTS),Made Shot,Driving Layup Shot,1,436,21700312,2661,5.0,final_ft(24),2,4,likely_contested,"subType: contested-like, distance: at-rim/very close, clock: late (<=5s)"
632,PT01M11.00S,4,1610612744,GSW,201939,Curry,S. Curry,-107,188,22,Missed,1,,,0,v,MISS Curry 22' Jump Shot,Missed Shot,Jump Shot,1,457,21700312,2809,9.0,made_fg(24),2,-1,likely_open,subType: open-like
664,PT04M29.00S,5,1610612744,GSW,201939,Curry,S. Curry,136,222,26,Made,1,109.0,112.0,221,v,Curry 26' 3PT Jump Shot (18 PTS) (Durant 5 AST),Made Shot,Jump Shot,1,477,21700312,2911,10.0,def_reb(24),3,-1,likely_open,subType: open-like
668,PT04M02.00S,5,1610612744,GSW,201939,Curry,S. Curry,122,236,27,Made,1,109.0,115.0,224,v,Curry 27' 3PT Jump Shot (21 PTS) (Iguodala 3 AST),Made Shot,Jump Shot,1,480,21700312,2938,14.0,def_reb(24),3,-2,likely_open,"subType: open-like, distance: deep above-break 3 (>=27ft)"
706,PT00M38.80S,5,1610612744,GSW,201939,Curry,S. Curry,-190,46,20,Made,1,118.0,124.0,242,v,Curry 20' Jump Shot (25 PTS) (Green 9 AST),Made Shot,Jump Shot,1,510,21700312,3142,6.0,def_reb(24),2,-1,likely_open,subType: open-like
19,PT10M57.00S,1,1610612744,GSW,201939,Curry,S. Curry,60,147,16,Missed,1,,,0,v,MISS Curry 16' Pullup Jump Shot,Missed Shot,Pullup Jump shot,1,15,21700318,63,21.0,def_reb(24),2,4,likely_contested,"subType: contested-like, text: pressure-move, distance: mid-range"
32,PT09M56.00S,1,1610612744,GSW,201939,Curry,S. Curry,19,257,26,Made,1,2.0,8.0,10,v,Curry 26' 3PT Jump Shot (3 PTS) (Thompson 1 AST),Made Shot,Jump Shot,1,25,21700318,124,19.0,def_reb(24),3,-1,likely_open,subType: open-like
36,PT09M35.00S,1,1610612744,GSW,201939,Curry,S. Curry,-144,75,16,Made,1,2.0,10.0,12,v,Curry 16' Pullup Jump Shot (5 PTS),Made Shot,Pullup Jump shot,1,28,21700318,145,15.0,def_reb(24),2,4,likely_contested,"subType: contested-like, text: pressure-move, distance: mid-range"
66,PT07M03.00S,1,1610612744,GSW,201939,Curry,S. Curry,-126,225,26,Missed,1,,,0,v,MISS Curry 26' 3PT Jump Shot,Missed Shot,Jump Shot,1,48,21700318,297,14.0,made_fg(24),3,-1,likely_open,subType: open-like
71,PT06M39.00S,1,1610612744,GSW,201939,Curry,S. Curry,-52,110,12,Made,1,15.0,21.0,36,v,Curry 12' Floating Jump Shot (7 PTS),Made Shot,Floating Jump shot,1,52,21700318,321,11.0,made_fg(24),2,3,likely_contested,"subType: contested-like, distance: mid-range"
89,PT03M55.00S,1,1610612744,GSW,201939,Curry,S. Curry,116,221,25,Made,1,21.0,30.0,51,v,Curry 25' 3PT Jump Shot (10 PTS) (Durant 2 AST),Made Shot,Jump Shot,1,66,21700318,485,21.0,def_reb(24),3,-1,likely_open,subType: open-like
143,PT00M48.50S,1,1610612744,GSW,201939,Curry,S. Curry,-170,194,26,Missed,1,,,0,v,MISS Curry 26' 3PT Jump Shot,Missed Shot,Jump Shot,1,100,21700318,672,7.0,off_reb(14),3,-1,likely_open,subType: open-like
153,PT00M07.80S,1,1610612744,GSW,201939,Curry,S. Curry,-81,279,29,Made,1,31.0,41.0,72,v,Curry 29' 3PT Jump Shot (13 PTS),Made Shot,Jump Shot,1,110,21700318,713,6.0,turnover(24),3,-2,likely_open,"subType: open-like, distance: deep above-break 3 (>=27ft)"
273,PT03M56.00S,2,1610612744,GSW,201939,Curry,S. Curry,-2,28,3,Made,1,49.0,59.0,108,v,Curry 3' Driving Finger Roll Layup (15 PTS),Made Shot,Driving Finger Roll Layup Shot,1,195,21700318,1204,7.0,made_fg(24),2,1,borderline,distance: at-rim/very close
327,PT00M09.10S,2,1610612744,GSW,201939,Curry,S. Curry,93,260,28,Missed,1,,,0,v,MISS Curry 28' 3PT Jump Shot,Missed Shot,Jump Shot,1,232,21700318,1431,8.0,def_reb(24),3,-2,likely_open,"subType: open-like, distance: deep above-break 3 (>=27ft)"
352,PT11M23.00S,3,1610612744,GSW,201939,Curry,S. Curry,-145,51,15,Missed,1,,,0,v,MISS Curry 15' Step Back Jump Shot,Missed Shot,Step Back Jump shot,1,244,21700318,1477,3.0,def_reb(24),2,5,likely_contested,"subType: contested-like, text: pressure-move, distance: mid-range, clock: late (<=5s)"
373,PT10M12.00S,3,1610612744,GSW,201939,Curry,S. Curry,-102,71,12,Missed,1,,,0,v,MISS Curry 12' Jump Shot,Missed Shot,Jump Shot,1,260,21700318,1548,21.0,def_reb(24),2,0,likely_open,"subType: open-like, distance: mid-range"
420,PT05M55.00S,3,1610612744,GSW,201939,Curry,S. Curry,49,167,17,Made,1,74.0,90.0,164,v,Curry 17' Jump Shot (19 PTS) (Green 7 AST),Made Shot,Jump Shot,1,296,21700318,1805,8.0,def_reb(24),2,-1,likely_open,subType: open-like
424,PT05M22.00S,3,1610612744,GSW,201939,Curry,S. Curry,11,25,3,Made,1,74.0,92.0,166,v,Curry 3' Driving Layup (21 PTS) (Thompson 4 AST),Made Shot,Driving Layup Shot,1,299,21700318,1838,14.0,def_reb(24),2,3,likely_contested,"subType: contested-like, distance: at-rim/very close"
448,PT03M10.00S,3,1610612744,GSW,201939,Curry,S. Curry,92,214,23,Missed,1,,,0,v,MISS Curry 23' Jump Shot,Missed Shot,Jump Shot,1,316,21700318,1970,14.0,made_fg(24),2,-1,likely_open,subType: open-like
469,PT02M06.00S,3,1610612744,GSW,201939,Curry,S. Curry,3,15,2,Missed,1,,,0,v,MISS Curry 2' Layup,Missed Shot,Layup Shot,1,330,21700318,2034,10.0,final_ft(24),2,1,borderline,distance: at-rim/very close
479,PT01M42.00S,3,1610612744,GSW,201939,Curry,S. Curry,-226,17,0,Missed,1,,,0,v,MISS Curry 3PT Jump Shot,Missed Shot,Jump Shot,1,338,21700318,2058,19.0,def_reb(24),3,-1,likely_open,"subType: open-like, distance: at-rim/very close, coords: corner-3, corner: catch/spot"
483,PT00M58.40S,3,1610612744,GSW,201939,Curry,S. Curry,46,135,14,Made,1,88.0,100.0,188,v,Curry 14' Floating Jump Shot (23 PTS) (Green 8 AST),Made Shot,Floating Jump shot,1,341,21700318,2102,4.0,made_fg(24),2,4,likely_contested,"subType: contested-like, distance: mid-range, clock: late (<=5s)"
487,PT00M33.20S,3,1610612744,GSW,201939,Curry,S. Curry,7,30,3,Missed,1,,,0,v,MISS Curry 3' Driving Layup,Missed Shot,Driving Layup Shot,1,343,21700318,2127,12.0,made_fg(24),2,3,likely_contested,"subType: contested-like, distance: at-rim/very close"
586,PT05M14.00S,4,1610612744,GSW,201939,Curry,S. Curry,119,241,27,Missed,1,,,0,v,MISS Curry 27' 3PT Jump Shot,Missed Shot,Jump Shot,1,409,21700318,2566,11.0,def_foul_14(14),3,-2,likely_open,"subType: open-like, distance: deep above-break 3 (>=27ft)"
9,PT11M22.00S,1,1610612744,GSW,201939,Curry,S. Curry,-16,10,2,Missed,1,,,0,v,MISS Curry 2' Cutting Layup Shot,Missed Shot,Cutting Layup Shot,1,5,21700335,38,14.0,def_reb(24),2,1,borderline,distance: at-rim/very close
27,PT09M54.00S,1,1610612744,GSW,201939,Curry,S. Curry,138,155,21,Made,1,6.0,2.0,8,v,Curry 21' Pullup Jump Shot (2 PTS),Made Shot,Pullup Jump shot,1,20,21700335,126,9.0,made_fg(24),2,3,likely_contested,"subType: contested-like, text: pressure-move"
60,PT05M59.00S,1,1610612744,GSW,201939,Curry,S. Curry,-174,197,26,Made,1,16.0,17.0,33,v,Curry 26' 3PT Jump Shot (5 PTS) (Green 4 AST),Made Shot,Jump Shot,1,44,21700335,361,16.0,def_reb(24),3,-1,likely_open,subType: open-like
95,PT03M56.00S,1,1610612744,GSW,201939,Curry,S. Curry,6,21,2,Made,1,23.0,22.0,45,v,Curry 2' Driving Finger Roll Layup (9 PTS),Made Shot,Driving Finger Roll Layup Shot,1,71,21700335,484,19.0,made_fg(24),2,1,borderline,distance: at-rim/very close
114,PT03M31.00S,1,1610612744,GSW,201939,Curry,S. Curry,9,257,26,Missed,1,,,0,v,MISS Curry 26' 3PT Jump Shot,Missed Shot,Jump Shot,1,81,21700335,509,11.0,final_ft(24),3,-1,likely_open,subType: open-like
137,PT01M18.00S,1,1610612744,GSW,201939,Curry,S. Curry,-231,8,0,Made,1,33.0,28.0,61,v,Curry 3PT Jump Shot (13 PTS) (Green 5 AST),Made Shot,Jump Shot,1,100,21700335,642,1.0,made_fg(24),3,0,likely_open,"subType: open-like, distance: at-rim/very close, coords: corner-3, corner: catch/spot, clock: late (<=5s)"
146,PT00M28.00S,1,1610612744,GSW,201939,Curry,S. Curry,-127,252,28,Made,1,36.0,31.0,67,v,Curry 28' 3PT Jump Shot (16 PTS),Made Shot,Jump Shot,1,107,21700335,692,21.0,def_reb(24),3,-2,likely_open,"subType: open-like, distance: deep above-break 3 (>=27ft)"
238,PT05M51.00S,2,1610612744,GSW,201939,Curry,S. Curry,-228,62,24,Missed,1,,,0,v,MISS Curry 24' 3PT Jump Shot,Missed Shot,Jump Shot,1,175,21700335,1089,8.0,made_fg(24),3,-1,likely_open,subType: open-like
287,PT02M19.00S,2,1610612744,GSW,201939,Curry,S. Curry,205,23,21,Made,1,58.0,58.0,116,v,Curry 21' Step Back Jump Shot (18 PTS),Made Shot,Step Back Jump shot,1,207,21700335,1301,19.0,def_reb(24),2,3,likely_contested,"subType: contested-like, text: pressure-move"
307,PT00M11.70S,2,1610612744,GSW,201939,Curry,S. Curry,-7,6,1,Made,1,60.0,62.0,122,v,Curry 1' Cutting Layup Shot (20 PTS) (Durant 3 AST),Made Shot,Cutting Layup Shot,1,225,21700335,1429,2.0,made_fg(24),2,2,likely_contested,"distance: at-rim/very close, clock: late (<=5s)"
322,PT11M05.00S,3,1610612744,GSW,201939,Curry,S. Curry,-203,148,25,Made,1,60.0,67.0,127,v,Curry 25' 3PT Jump Shot (23 PTS) (Green 7 AST),Made Shot,Jump Shot,1,235,21700335,1495,17.0,def_reb(24),3,-1,likely_open,subType: open-like
326,PT10M32.00S,3,1610612744,GSW,201939,Curry,S. Curry,0,14,1,Made,1,60.0,69.0,129,v,Curry 1' Running Layup (25 PTS) (Thompson 2 AST),Made Shot,Running Layup Shot,1,238,21700335,1528,16.0,turnover(24),2,3,likely_contested,"subType: contested-like, distance: at-rim/very close"
334,PT09M40.00S,3,1610612744,GSW,201939,Curry,S. Curry,-201,153,25,Made,1,62.0,74.0,136,v,Curry 25' 3PT Jump Shot (28 PTS) (Pachulia 2 AST),Made Shot,Jump Shot,1,244,21700335,1580,13.0,keep_clock(24),3,-1,likely_open,subType: open-like
356,PT07M20.00S,3,1610612744,GSW,201939,Curry,S. Curry,-5,0,1,Made,1,63.0,80.0,143,v,Curry 1' Layup (30 PTS) (Durant 5 AST),Made Shot,Layup Shot,1,261,21700335,1720,9.0,def_reb(24),2,1,borderline,distance: at-rim/very close
367,PT06M00.00S,3,1610612744,GSW,201939,Curry,S. Curry,139,232,27,Missed,1,,,0,v,MISS Curry 27' 3PT Jump Shot,Missed Shot,Jump Shot,1,269,21700335,1800,21.0,def_reb(24),3,-2,likely_open,"subType: open-like, distance: deep above-break 3 (>=27ft)"
418,PT02M11.00S,3,1610612744,GSW,201939,Curry,S. Curry,166,199,26,Missed,1,,,0,v,MISS Curry 26' 3PT Jump Shot,Missed Shot,Jump Shot,1,307,21700335,2029,22.0,def_reb(24),3,-1,likely_open,subType: open-like
23,PT10M12.00S,1,1610612744,GSW,201939,Curry,S. Curry,221,136,26,Made,1,8.0,3.0,11,v,Curry 26' 3PT Jump Shot (3 PTS) (Durant 1 AST),Made Shot,Jump Shot,1,15,21700346,108,13.0,def_reb(24),3,-1,likely_open,subType: open-like
49,PT08M33.00S,1,1610612744,GSW,201939,Curry,S. Curry,-222,74,0,Missed,1,,,0,v,MISS Curry 3PT Jump Shot,Missed Shot,Jump Shot,1,32,21700346,207,3.0,def_foul_14(14),3,1,borderline,"subType: open-like, distance: at-rim/very close, clock: late (<=5s)"
126,PT03M32.00S,1,1610612744,GSW,201939,Curry,S. Curry,217,127,25,Missed,1,,,0,v,MISS Curry 25' 3PT Jump Shot,Missed Shot,Jump Shot,1,96,21700346,508,9.0,made_fg(24),3,-1,likely_open,subType: open-like
150,PT02M15.00S,1,1610612744,GSW,201939,Curry,S. Curry,76,266,28,Missed,1,,,0,v,MISS Curry 28' 3PT Jump Shot,Missed Shot,Jump Shot,1,112,21700346,585,10.0,turnover(24),3,-2,likely_open,"subType: open-like, distance: deep above-break 3 (>=27ft)"
181,PT00M28.70S,1,1610612744,GSW,201939,Curry,S. Curry,-214,5,21,Made,1,33.0,22.0,55,v,Curry 21' Jump Shot (5 PTS) (Green 1 AST),Made Shot,Jump Shot,1,137,21700346,692,18.0,def_reb(24),2,-1,likely_open,subType: open-like
287,PT05M58.00S,2,1610612744,GSW,201939,Curry,S. Curry,190,187,27,Missed,1,,,0,v,MISS Curry 27' 3PT Jump Shot,Missed Shot,Jump Shot,1,208,21700346,1082,1.0,made_fg(24),3,-1,likely_open,"subType: open-like, distance: deep above-break 3 (>=27ft), clock: late (<=5s)"
303,PT05M04.00S,2,1610612744,GSW,201939,Curry,S. Curry,7,11,1,Made,1,47.0,45.0,92,v,Curry 1' Cutting Finger Roll Layup Shot (11 PTS) (Durant 2 AST),Made Shot,Cutting Finger Roll Layup Shot,1,220,21700346,1136,8.0,made_fg(24),2,1,borderline,distance: at-rim/very close
323,PT03M22.00S,2,1610612744,GSW,201939,Curry,S. Curry,-19,8,2,Missed,1,,,0,v,MISS Curry 2' Layup,Missed Shot,Layup Shot,1,233,21700346,1238,1.0,made_fg(24),2,2,likely_contested,"distance: at-rim/very close, clock: late (<=5s)"
343,PT01M30.00S,2,1610612744,GSW,201939,Curry,S. Curry,66,219,23,Missed,1,,,0,v,MISS Curry 23' Jump Shot,Missed Shot,Jump Shot,1,249,21700346,1350,11.0,made_fg(24),2,-1,likely_open,subType: open-like
425,PT07M28.00S,3,1610612744,GSW,201939,Curry,S. Curry,-43,79,9,Missed,1,,,0,v,MISS Curry 9' Floating Jump Shot,Missed Shot,Floating Jump shot,1,309,21700346,1712,12.0,off_reb(14),2,3,likely_contested,"subType: contested-like, distance: mid-range"
431,PT06M50.00S,3,1610612744,GSW,201939,Curry,S. Curry,-94,256,27,Made,1,73.0,67.0,140,v,Curry 27' 3PT Jump Shot (15 PTS),Made Shot,Jump Shot,1,313,21700346,1750,7.0,made_fg(24),3,-2,likely_open,"subType: open-like, distance: deep above-break 3 (>=27ft)"
445,PT05M56.00S,3,1610612744,GSW,201939,Curry,S. Curry,-137,225,26,Made,1,75.0,70.0,145,v,Curry 26' 3PT Jump Shot (18 PTS),Made Shot,Jump Shot,1,325,21700346,1804,10.0,made_fg(24),3,-1,likely_open,subType: open-like
462,PT04M33.00S,3,1610612744,GSW,201939,Curry,S. Curry,-11,74,7,Missed,1,,,0,v,MISS Curry 7' Running Layup,Missed Shot,Running Layup Shot,1,339,21700346,1887,16.0,def_reb(24),2,2,likely_contested,subType: contested-like
475,PT04M12.00S,3,1610612744,GSW,201939,Curry,S. Curry,89,246,26,Missed,1,,,0,v,MISS Curry 26' 3PT Jump Shot,Missed Shot,Jump Shot,1,349,21700346,1908,12.0,keep_clock(24),3,-1,likely_open,subType: open-like
506,PT01M50.00S,3,1610612744,GSW,201939,Curry,S. Curry,-236,-22,24,Made,1,91.0,83.0,174,v,Curry 24' 3PT Jump Shot (22 PTS) (Iguodala 3 AST),Made Shot,Jump Shot,1,372,21700346,2050,8.0,made_fg(24),3,-2,likely_open,"subType: open-like, coords: corner-3, corner: catch/spot"
518,PT01M11.00S,3,1610612744,GSW,201939,Curry,S. Curry,127,231,26,Missed,1,,,0,v,MISS Curry 26' 3PT Jump Shot,Missed Shot,Jump Shot,1,379,21700346,2089,13.0,def_reb(24),3,-1,likely_open,subType: open-like
522,PT00M56.70S,3,1610612744,GSW,201939,Curry,S. Curry,-16,7,2,Made,1,91.0,85.0,176,v,Curry 2' Layup (24 PTS) (Casspi 2 AST),Made Shot,Layup Shot,1,383,21700346,2104,19.0,turnover(24),2,1,borderline,distance: at-rim/very close
526,PT00M44.40S,3,1610612744,GSW,201939,Curry,S. Curry,-182,197,27,Made,1,91.0,88.0,179,v,Curry 27' 3PT Jump Shot (27 PTS) (Iguodala 4 AST),Made Shot,Jump Shot,1,386,21700346,2116,20.0,turnover(24),3,-2,likely_open,"subType: open-like, distance: deep above-break 3 (>=27ft)"
644,PT04M51.00S,4,1610612744,GSW,201939,Curry,S. Curry,24,32,4,Made,1,105.0,104.0,209,v,Curry 4' Driving Finger Roll Layup (29 PTS),Made Shot,Driving Finger Roll Layup Shot,1,466,21700346,2589,11.0,final_ft(24),2,1,borderline,distance: at-rim/very close
19,PT10M27.00S,1,1610612744,GSW,201939,Curry,S. Curry,-14,21,3,Made,1,7.0,0.0,7,h,Curry 3' Running Layup (2 PTS) (Green 2 AST),Made Shot,Running Layup Shot,1,13,21700535,93,19.0,def_reb(24),2,3,likely_contested,"subType: contested-like, distance: at-rim/very close"
26,PT09M52.00S,1,1610612744,GSW,201939,Curry,S. Curry,18,263,26,Made,1,10.0,0.0,10,h,Curry 26' 3PT Pullup Jump Shot (5 PTS) (Green 3 AST),Made Shot,Pullup Jump shot,1,17,21700535,128,14.0,turnover(24),3,3,likely_contested,"subType: contested-like, text: pressure-move"
64,PT06M18.00S,1,1610612744,GSW,201939,Curry,S. Curry,-132,263,29,Missed,1,,,0,h,MISS Curry 29' 3PT Pullup Jump Shot,Missed Shot,Pullup Jump shot,1,42,21700535,342,14.0,def_reb(24),3,2,likely_contested,"subType: contested-like, text: pressure-move, distance: deep above-break 3 (>=27ft)"
81,PT05M28.00S,1,1610612744,GSW,201939,Curry,S. Curry,-1,18,2,Made,1,26.0,21.0,47,h,Curry 2' Driving Finger Roll Layup (7 PTS),Made Shot,Driving Finger Roll Layup Shot,1,53,21700535,392,13.0,made_fg(24),2,1,borderline,distance: at-rim/very close
229,PT06M12.00S,2,1610612744,GSW,201939,Curry,S. Curry,128,241,27,Made,1,57.0,53.0,110,h,Curry 27' 3PT Step Back Jump Shot (10 PTS) (Livingston 2 AST),Made Shot,Step Back Jump shot,1,158,21700535,1068,15.0,final_ft(24),3,2,likely_contested,"subType: contested-like, text: pressure-move, distance: deep above-break 3 (>=27ft)"
255,PT04M21.00S,2,1610612744,GSW,201939,Curry,S. Curry,76,258,27,Made,1,64.0,57.0,121,h,Curry 27' 3PT Jump Shot (13 PTS) (Pachulia 3 AST),Made Shot,Jump Shot,1,176,21700535,1179,7.0,made_fg(24),3,-2,likely_open,"subType: open-like, distance: deep above-break 3 (>=27ft)"
268,PT03M31.00S,2,1610612744,GSW,201939,Curry,S. Curry,214,141,26,Missed,1,,,0,h,MISS Curry 26' 3PT Jump Shot,Missed Shot,Jump Shot,1,186,21700535,1229,15.0,made_fg(24),3,-1,likely_open,subType: open-like
283,PT02M37.00S,2,1610612744,GSW,201939,Curry,S. Curry,-232,46,24,Made,1,71.0,59.0,130,h,Curry 24' 3PT Step Back Jump Shot (18 PTS) (Pachulia 4 AST),Made Shot,Step Back Jump shot,1,197,21700535,1283,12.0,def_reb(24),3,3,likely_contested,"subType: contested-like, text: pressure-move, coords: corner-3"
286,PT02M09.00S,2,1610612744,GSW,201939,Curry,S. Curry,-185,188,26,Made,1,74.0,61.0,135,h,Curry 26' 3PT Jump Shot (21 PTS) (Bell 1 AST),Made Shot,Jump Shot,1,199,21700535,1311,14.0,made_fg(24),3,-1,likely_open,subType: open-like
321,PT11M24.00S,3,1610612744,GSW,201939,Curry,S. Curry,107,148,18,Made,1,80.0,67.0,147,h,Curry 18' Pullup Jump Shot (23 PTS),Made Shot,Pullup Jump shot,1,226,21700535,1476,12.0,def_reb(24),2,3,likely_contested,"subType: contested-like, text: pressure-move"
330,PT10M28.00S,3,1610612744,GSW,201939,Curry,S. Curry,84,255,27,Made,1,85.0,72.0,157,h,Curry 27' 3PT Pullup Jump Shot (26 PTS) (Durant 5 AST),Made Shot,Pullup Jump shot,1,231,21700535,1532,9.0,made_fg(24),3,2,likely_contested,"subType: contested-like, text: pressure-move, distance: deep above-break 3 (>=27ft)"
346,PT09M06.00S,3,1610612744,GSW,201939,Curry,S. Curry,191,189,27,Made,1,88.0,77.0,165,h,Curry 27' 3PT Jump Shot (29 PTS) (Pachulia 5 AST),Made Shot,Jump Shot,1,242,21700535,1614,12.0,made_fg(24),3,-2,likely_open,"subType: open-like, distance: deep above-break 3 (>=27ft)"
377,PT06M24.00S,3,1610612744,GSW,201939,Curry,S. Curry,8,15,2,Missed,1,,,0,h,MISS Curry 2' Layup,Missed Shot,Layup Shot,1,260,21700535,1776,4.0,made_fg(24),2,2,likely_contested,"distance: at-rim/very close, clock: late (<=5s)"
387,PT05M15.00S,3,1610612744,GSW,201939,Curry,S. Curry,230,62,24,Made,1,97.0,87.0,184,h,Curry 24' 3PT Step Back Jump Shot (32 PTS) (Thompson 3 AST),Made Shot,Step Back Jump shot,1,268,21700535,1845,8.0,made_fg(24),3,3,likely_contested,"subType: contested-like, text: pressure-move"
408,PT04M08.00S,3,1610612744,GSW,201939,Curry,S. Curry,-228,-13,0,Made,1,103.0,87.0,190,h,Curry 3PT Turnaround Jump Shot (35 PTS),Made Shot,Turnaround Jump Shot,1,282,21700535,1912,,stale_reset(24),3,1,borderline,"distance: at-rim/very close, coords: corner-3"
412,PT03M46.00S,3,1610612744,GSW,201939,Curry,S. Curry,114,256,28,Missed,1,,,0,h,MISS Curry 28' 3PT Jump Shot,Missed Shot,Jump Shot,1,285,21700535,1934,18.0,turnover(24),3,-2,likely_open,"subType: open-like, distance: deep above-break 3 (>=27ft)"
603,PT02M50.00S,4,1610612744,GSW,201939,Curry,S. Curry,78,243,26,Made,1,137.0,119.0,256,h,Curry 26' 3PT Jump Shot (38 PTS),Made Shot,Jump Shot,1,419,21700535,2710,7.0,made_fg(24),3,-1,likely_open,subType: open-like
39,PT08M43.00S,1,1610612744,GSW,201939,Curry,S. Curry,-222,52,0,Missed,1,,,0,v,MISS Curry 3PT Jump Shot,Missed Shot,Jump Shot,1,27,21700562,197,14.0,def_reb(24),3,0,likely_open,"subType: open-like, distance: at-rim/very close"
44,PT08M18.00S,1,1610612744,GSW,201939,Curry,S. Curry,90,285,30,Made,1,8.0,11.0,19,v,Curry 30' 3PT Jump Shot (3 PTS) (Pachulia 1 AST),Made Shot,Jump Shot,1,32,21700562,222,16.0,def_reb(24),3,-2,likely_open,"subType: open-like, distance: deep above-break 3 (>=27ft)"
48,PT07M50.00S,1,1610612744,GSW,201939,Curry,S. Curry,-150,204,25,Missed,1,,,0,v,MISS Curry 25' 3PT Jump Shot,Missed Shot,Jump Shot,1,34,21700562,250,15.0,made_fg(24),3,-1,likely_open,subType: open-like
95,PT05M11.00S,1,1610612744,GSW,201939,Curry,S. Curry,119,52,13,Made,1,14.0,15.0,29,v,Curry 13' Step Back Jump Shot (5 PTS),Made Shot,Step Back Jump shot,1,73,21700562,409,14.0,final_ft(24),2,4,likely_contested,"subType: contested-like, text: pressure-move, distance: mid-range"
123,PT03M11.00S,1,1610612744,GSW,201939,Curry,S. Curry,-86,25,9,Made,1,17.0,23.0,40,v,Curry 9' Driving Floating Bank Jump Shot (7 PTS),Made Shot,Driving Floating Bank Jump Shot,1,91,21700562,529,13.0,turnover(24),2,3,likely_contested,"subType: contested-like, distance: mid-range"
133,PT02M53.00S,1,1610612744,GSW,201939,Curry,S. Curry,-6,257,26,Made,1,18.0,26.0,44,v,Curry 26' 3PT Jump Shot (10 PTS),Made Shot,Jump Shot,1,98,21700562,547,17.0,def_reb(24),3,-1,likely_open,subType: open-like
157,PT00M48.70S,1,1610612744,GSW,201939,Curry,S. Curry,-58,22,6,Missed,1,,,0,v,MISS Curry 6' Driving Layup,Missed Shot,Driving Layup Shot,1,115,21700562,672,17.0,made_fg(24),2,2,likely_contested,subType: contested-like
166,PT00M03.00S,1,1610612744,GSW,201939,Curry,S. Curry,-185,155,24,Made,1,26.0,35.0,61,v,Curry 24' 3PT Jump Shot (15 PTS) (Durant 1 AST),Made Shot,Jump Shot,1,125,21700562,717,20.0,def_reb(24),3,-1,likely_open,subType: open-like
298,PT03M33.00S,2,1610612744,GSW,201939,Curry,S. Curry,-9,1,1,Made,1,54.0,57.0,111,v,Curry 1' Driving Layup (17 PTS),Made Shot,Driving Layup Shot,1,207,21700562,1227,9.0,final_ft(24),2,3,likely_contested,"subType: contested-like, distance: at-rim/very close"
334,PT00M40.50S,2,1610612744,GSW,201939,Curry,S. Curry,-79,229,24,Made,1,58.0,67.0,125,v,Curry 24' 3PT Step Back Jump Shot (20 PTS),Made Shot,Step Back Jump shot,1,231,21700562,1400,18.0,made_fg(24),3,3,likely_contested,"subType: contested-like, text: pressure-move"
337,PT00M20.30S,2,1610612744,GSW,201939,Curry,S. Curry,-220,52,0,Missed,1,,,0,v,MISS Curry 3PT Jump Shot,Missed Shot,Jump Shot,1,233,21700562,1420,12.0,made_fg(24),3,0,likely_open,"subType: open-like, distance: at-rim/very close"
398,PT10M55.00S,3,1610612744,GSW,201939,Curry,S. Curry,-207,155,26,Missed,1,,,0,v,MISS Curry 26' 3PT Jump Shot,Missed Shot,Jump Shot,1,247,21700562,1505,21.0,def_reb(24),3,-1,likely_open,subType: open-like
436,PT04M48.00S,3,1610612744,GSW,201939,Curry,S. Curry,-96,256,27,Made,1,77.0,81.0,158,v,Curry 27' 3PT Jump Shot (24 PTS),Made Shot,Jump Shot,1,304,21700562,1872,21.0,def_reb(24),3,-2,likely_open,"subType: open-like, distance: deep above-break 3 (>=27ft)"
455,PT03M27.00S,3,1610612744,GSW,201939,Curry,S. Curry,100,247,27,Missed,1,,,0,v,MISS Curry 27' 3PT Jump Shot,Missed Shot,Jump Shot,1,317,21700562,1953,7.0,made_fg(24),3,-2,likely_open,"subType: open-like, distance: deep above-break 3 (>=27ft)"
583,PT07M04.00S,4,1610612744,GSW,201939,Curry,S. Curry,-234,5,0,Missed,1,,,0,v,MISS Curry 3PT Jump Shot,Missed Shot,Jump Shot,1,410,21700562,2456,4.0,made_fg(24),3,0,likely_open,"subType: open-like, distance: at-rim/very close, coords: corner-3, corner: catch/spot, clock: late (<=5s)"
629,PT03M18.00S,4,1610612744,GSW,201939,Curry,S. Curry,8,10,1,Made,1,107.0,118.0,225,v,Curry 1' Running Layup (27 PTS) (Thompson 4 AST),Made Shot,Running Layup Shot,1,443,21700562,2682,21.0,turnover(24),2,3,likely_contested,"subType: contested-like, distance: at-rim/very close"
633,PT02M46.00S,4,1610612744,GSW,201939,Curry,S. Curry,13,1,1,Made,1,110.0,120.0,230,v,Curry 1' Layup (29 PTS) (Green 5 AST),Made Shot,Layup Shot,1,445,21700562,2714,5.0,made_fg(24),2,2,likely_contested,"distance: at-rim/very close, clock: late (<=5s)"
654,PT01M03.00S,4,1610612744,GSW,201939,Curry,S. Curry,-153,231,28,Missed,1,,,0,v,MISS Curry 28' 3PT Jump Shot,Missed Shot,Jump Shot,1,467,21700562,2817,4.0,def_reb(24),3,-1,likely_open,"subType: open-like, distance: deep above-break 3 (>=27ft), clock: late (<=5s)"
672,PT00M03.40S,4,1610612744,GSW,201939,Curry,S. Curry,3,274,27,Made,1,122.0,125.0,247,v,Curry 27' 3PT Jump Shot (32 PTS),Made Shot,Jump Shot,1,476,21700562,2877,15.0,made_fg(24),3,-2,likely_open,"subType: open-like, distance: deep above-break 3 (>=27ft)"
17,PT11M00.00S,1,1610612744,GSW,201939,Curry,S. Curry,228,21,0,Missed,1,,,0,v,MISS Curry 3PT Jump Shot,Missed Shot,Jump Shot,1,12,21700566,60,16.0,def_reb(24),3,-1,likely_open,"subType: open-like, distance: at-rim/very close, coords: corner-3, corner: catch/spot"
39,PT08M50.00S,1,1610612744,GSW,201939,Curry,S. Curry,-205,134,24,Made,1,6.0,10.0,16,v,Curry 24' 3PT Jump Shot (3 PTS) (Green 1 AST),Made Shot,Jump Shot,1,30,21700566,190,10.0,def_reb(24),3,-1,likely_open,subType: open-like
59,PT06M53.00S,1,1610612744,GSW,201939,Curry,S. Curry,-135,168,22,Missed,1,,,0,v,MISS Curry 22' Jump Shot,Missed Shot,Jump Shot,1,44,21700566,307,12.0,made_fg(24),2,-1,likely_open,subType: open-like
80,PT05M54.00S,1,1610612744,GSW,201939,Curry,S. Curry,-13,8,2,Made,1,15.0,18.0,33,v,Curry 2' Cutting Layup Shot (5 PTS) (Green 2 AST),Made Shot,Cutting Layup Shot,0,61,21700566,366,10.0,made_fg(24),2,1,borderline,distance: at-rim/very close
136,PT01M50.00S,1,1610612744,GSW,201939,Curry,S. Curry,119,163,20,Made,1,29.0,26.0,55,v,Curry 20' Step Back Jump Shot (7 PTS),Made Shot,Step Back Jump shot,1,102,21700566,610,13.0,made_fg(24),2,3,likely_contested,"subType: contested-like, text: pressure-move"
266,PT05M16.00S,2,1610612744,GSW,201939,Curry,S. Curry,-41,243,25,Made,1,48.0,49.0,97,v,Curry 25' 3PT Jump Shot (14 PTS) (Iguodala 2 AST),Made Shot,Jump Shot,1,189,21700566,1124,16.0,turnover(24),3,-1,likely_open,subType: open-like
270,PT04M41.00S,2,1610612744,GSW,201939,Curry,S. Curry,185,183,26,Missed,1,,,0,v,MISS Curry 26' 3PT Jump Shot,Missed Shot,Jump Shot,1,192,21700566,1159,15.0,def_reb(24),3,-1,likely_open,subType: open-like
303,PT02M37.00S,2,1610612744,GSW,201939,Curry,S. Curry,2,22,2,Missed,1,,,0,v,MISS Curry 2' Finger Roll Layup,Missed Shot,Finger Roll Layup Shot,1,213,21700566,1283,13.0,made_fg(24),2,1,borderline,distance: at-rim/very close
344,PT11M04.00S,3,1610612744,GSW,201939,Curry,S. Curry,-19,20,3,Made,1,65.0,64.0,129,v,Curry 3' Cutting Layup Shot (16 PTS) (Pachulia 1 AST),Made Shot,Cutting Layup Shot,1,241,21700566,1496,14.0,made_fg(24),2,1,borderline,distance: at-rim/very close
393,PT06M47.00S,3,1610612744,GSW,201939,Curry,S. Curry,234,16,0,Missed,1,,,0,v,MISS Curry 3PT Jump Shot,Missed Shot,Jump Shot,1,277,21700566,1753,,stale_reset(24),3,-1,likely_open,"subType: open-like, distance: at-rim/very close, coords: corner-3, corner: catch/spot"
397,PT06M29.00S,3,1610612744,GSW,201939,Curry,S. Curry,15,15,2,Made,1,71.0,72.0,143,v,Curry 2' Driving Layup (18 PTS),Made Shot,Driving Layup Shot,1,281,21700566,1771,18.0,def_reb(24),2,3,likely_contested,"subType: contested-like, distance: at-rim/very close"
443,PT03M15.00S,3,1610612744,GSW,201939,Curry,S. Curry,27,76,8,Missed,1,,,0,v,MISS Curry 8' Layup,Missed Shot,Layup Shot,1,314,21700566,1965,17.0,def_reb(24),2,1,borderline,distance: mid-range
452,PT02M52.00S,3,1610612744,GSW,201939,Curry,S. Curry,198,160,25,Missed,1,,,0,v,MISS Curry 25' 3PT Jump Shot,Missed Shot,Jump Shot,1,320,21700566,1988,9.0,final_ft(24),3,-1,likely_open,subType: open-like
460,PT02M01.00S,3,1610612744,GSW,201939,Curry,S. Curry,-9,15,2,Made,1,85.0,83.0,168,v,Curry 2' Driving Layup (20 PTS),Made Shot,Driving Layup Shot,1,328,21700566,2039,7.0,def_reb(24),2,3,likely_contested,"subType: contested-like, distance: at-rim/very close"
472,PT00M02.70S,3,1610612744,GSW,201939,Curry,S. Curry,157,197,25,Made,1,90.0,93.0,183,v,Curry 25' 3PT Jump Shot (23 PTS) (Green 8 AST),Made Shot,Jump Shot,1,337,21700566,2158,4.0,def_reb(24),3,0,likely_open,"subType: open-like, clock: late (<=5s)"
586,PT04M58.00S,4,1610612744,GSW,201939,Curry,S. Curry,116,251,28,Missed,1,,,0,v,MISS Curry 28' 3PT Jump Shot,Missed Shot,Jump Shot,1,411,21700566,2582,6.0,def_foul_14(14),3,-2,likely_open,"subType: open-like, distance: deep above-break 3 (>=27ft)"
608,PT02M40.00S,4,1610612744,GSW,201939,Curry,S. Curry,124,236,27,Made,1,108.0,118.0,226,v,Curry 27' 3PT Pullup Jump Shot (26 PTS),Made Shot,Pullup Jump shot,1,431,21700566,2720,11.0,def_reb(24),3,2,likely_contested,"subType: contested-like, text: pressure-move, distance: deep above-break 3 (>=27ft)"
622,PT02M23.00S,4,1610612744,GSW,201939,Curry,S. Curry,-197,176,26,Missed,1,,,0,v,MISS Curry 26' 3PT Jump Shot,Missed Shot,Jump Shot,0,438,21700566,2737,20.0,turnover(24),3,-1,likely_open,subType: open-like
633,PT01M47.00S,4,1610612744,GSW,201939,Curry,S. Curry,-1,6,1,Missed,1,,,0,v,MISS Curry 1' Driving Layup,Missed Shot,Driving Layup Shot,1,446,21700566,2773,2.0,turnover(24),2,4,likely_contested,"subType: contested-like, distance: at-rim/very close, clock: late (<=5s)"
646,PT00M41.90S,4,1610612744,GSW,201939,Curry,S. Curry,-7,21,2,Made,1,111.0,124.0,235,v,Curry 2' Cutting Finger Roll Layup Shot (29 PTS) (Green 10 AST),Made Shot,Cutting Finger Roll Layup Shot,1,456,21700566,2839,6.0,made_fg(24),2,1,borderline,distance: at-rim/very close
53,PT07M23.00S,1,1610612744,GSW,201939,Curry,S. Curry,-228,-22,0,Missed,1,,,0,v,MISS Curry 3PT Jump Shot,Missed Shot,Jump Shot,1,41,21700578,277,12.0,def_reb(24),3,-1,likely_open,"subType: open-like, distance: at-rim/very close, coords: corner-3, corner: catch/spot"
60,PT06M55.00S,1,1610612744,GSW,201939,Curry,S. Curry,-149,228,27,Made,1,8.0,9.0,17,v,Curry 27' 3PT Jump Shot (5 PTS) (Green 2 AST),Made Shot,Jump Shot,1,47,21700578,305,12.0,off_reb(14),3,-2,likely_open,"subType: open-like, distance: deep above-break 3 (>=27ft)"
78,PT05M38.00S,1,1610612744,GSW,201939,Curry,S. Curry,53,248,25,Made,1,9.0,14.0,23,v,Curry 25' 3PT Running Pull-Up Jump Shot (8 PTS),Made Shot,Running Pull-Up Jump Shot,1,61,21700578,382,20.0,def_reb(24),3,3,likely_contested,"subType: contested-like, text: pressure-move"
96,PT04M16.00S,1,1610612744,GSW,201939,Curry,S. Curry,8,269,27,Made,1,16.0,23.0,39,v,Curry 27' 3PT Jump Shot (14 PTS),Made Shot,Jump Shot,1,74,21700578,464,14.0,made_fg(24),3,-2,likely_open,"subType: open-like, distance: deep above-break 3 (>=27ft)"
104,PT03M35.00S,1,1610612744,GSW,201939,Curry,S. Curry,-126,235,27,Missed,1,,,0,v,MISS Curry 27' 3PT Jump Shot,Missed Shot,Jump Shot,1,81,21700578,505,21.0,def_reb(24),3,-2,likely_open,"subType: open-like, distance: deep above-break 3 (>=27ft)"
106,PT03M29.00S,1,1610612744,GSW,201939,Curry,S. Curry,-235,56,24,Made,1,16.0,26.0,42,v,Curry 24' 3PT Jump Shot (17 PTS) (Green 3 AST),Made Shot,Jump Shot,1,83,21700578,511,11.0,off_reb(14),3,-1,likely_open,subType: open-like
174,PT00M01.40S,1,1610612744,GSW,201939,Curry,S. Curry,33,253,26,Missed,1,,,0,v,MISS Curry 26' 3PT Jump Shot,Missed Shot,Jump Shot,1,134,21700578,719,17.0,made_fg(24),3,-1,likely_open,subType: open-like
301,PT05M00.00S,2,1610612744,GSW,201939,Curry,S. Curry,-2,146,15,Missed,1,,,0,v,MISS Curry 15' Jump Shot,Missed Shot,Jump Shot,1,224,21700578,1140,7.0,off_reb(14),2,0,likely_open,"subType: open-like, distance: mid-range"
304,PT04M37.00S,2,1610612744,GSW,201939,Curry,S. Curry,3,7,1,Made,1,45.0,49.0,94,v,Curry 1' Driving Reverse Layup (19 PTS),Made Shot,Driving Reverse Layup Shot,1,227,21700578,1163,12.0,turnover(24),2,3,likely_contested,"subType: contested-like, distance: at-rim/very close"
330,PT03M23.00S,2,1610612744,GSW,201939,Curry,S. Curry,-131,226,26,Missed,1,,,0,v,MISS Curry 26' 3PT Jump Shot,Missed Shot,Jump Shot,1,248,21700578,1237,17.0,made_fg(24),3,-1,likely_open,subType: open-like
351,PT02M14.00S,2,1610612744,GSW,201939,Curry,S. Curry,-57,254,26,Made,1,51.0,55.0,106,v,Curry 26' 3PT Jump Shot (23 PTS) (Iguodala 3 AST),Made Shot,Jump Shot,1,265,21700578,1306,5.0,final_ft(24),3,0,likely_open,"subType: open-like, clock: late (<=5s)"
354,PT01M27.00S,2,1610612744,GSW,201939,Curry,S. Curry,-136,241,28,Missed,1,,,0,v,MISS Curry 28' 3PT Step Back Jump Shot,Missed Shot,Step Back Jump shot,1,267,21700578,1353,1.0,turnover(24),3,3,likely_contested,"subType: contested-like, text: pressure-move, distance: deep above-break 3 (>=27ft), clock: late (<=5s)"
371,PT00M33.20S,2,1610612744,GSW,201939,Curry,S. Curry,-18,4,2,Made,1,53.0,62.0,115,v,Curry 2' Running Finger Roll Layup (27 PTS) (Iguodala 4 AST),Made Shot,Running Finger Roll Layup Shot,1,279,21700578,1407,21.0,turnover(24),2,1,borderline,distance: at-rim/very close
375,PT00M05.20S,2,1610612744,GSW,201939,Curry,S. Curry,-6,21,2,Made,1,53.0,64.0,117,v,Curry 2' Running Layup (29 PTS) (Iguodala 5 AST),Made Shot,Running Layup Shot,1,282,21700578,1435,20.0,def_reb(24),2,3,likely_contested,"subType: contested-like, distance: at-rim/very close"
432,PT08M41.00S,3,1610612744,GSW,201939,Curry,S. Curry,-146,216,26,Made,1,59.0,73.0,132,v,Curry 26' 3PT Running Jump Shot (32 PTS) (Iguodala 6 AST),Made Shot,Running Jump Shot,1,321,21700578,1639,13.0,turnover(24),3,-1,likely_open,subType: open-like
493,PT04M58.00S,3,1610612744,GSW,201939,Curry,S. Curry,22,272,27,Made,1,67.0,84.0,151,v,Curry 27' 3PT Jump Shot (40 PTS),Made Shot,Jump Shot,1,365,21700578,1862,7.0,made_fg(24),3,-2,likely_open,"subType: open-like, distance: deep above-break 3 (>=27ft)"
512,PT04M14.00S,3,1610612744,GSW,201939,Curry,S. Curry,-147,226,27,Made,1,71.0,88.0,159,v,Curry 27' 3PT Pullup Jump Shot (43 PTS),Made Shot,Pullup Jump shot,1,380,21700578,1906,24.0,made_fg(24),3,2,likely_contested,"subType: contested-like, text: pressure-move, distance: deep above-break 3 (>=27ft)"
534,PT03M04.00S,3,1610612744,GSW,201939,Curry,S. Curry,29,276,28,Missed,1,,,0,v,MISS Curry 28' 3PT Jump Shot,Missed Shot,Jump Shot,1,394,21700578,1976,16.0,turnover(24),3,-2,likely_open,"subType: open-like, distance: deep above-break 3 (>=27ft)"
560,PT01M16.00S,3,1610612744,GSW,201939,Curry,S. Curry,33,255,26,Missed,1,,,0,v,MISS Curry 26' 3PT Jump Shot,Missed Shot,Jump Shot,1,415,21700578,2084,10.0,def_reb(24),3,-1,likely_open,subType: open-like
564,PT01M06.00S,3,1610612744,GSW,201939,Curry,S. Curry,14,15,2,Missed,1,,,0,v,MISS Curry 2' Running Reverse Layup,Missed Shot,Running Reverse Layup Shot,1,419,21700578,2094,19.0,turnover(24),2,1,borderline,distance: at-rim/very close
571,PT00M28.40S,3,1610612744,GSW,201939,Curry,S. Curry,-116,225,25,Missed,1,,,0,v,MISS Curry 25' 3PT Jump Shot,Missed Shot,Jump Shot,1,425,21700578,2132,18.0,def_reb(24),3,-1,likely_open,subType: open-like
42,PT08M14.00S,1,1610612744,GSW,201939,Curry,S. Curry,-89,259,27,Missed,1,,,0,h,MISS Curry 27' 3PT Jump Shot,Missed Shot,Jump Shot,1,26,21700597,226,11.0,made_fg(24),3,-2,likely_open,"subType: open-like, distance: deep above-break 3 (>=27ft)"
52,PT07M19.00S,1,1610612744,GSW,201939,Curry,S. Curry,154,212,26,Made,1,22.0,14.0,36,h,Curry 26' 3PT Jump Shot (3 PTS) (Green 5 AST),Made Shot,Jump Shot,1,33,21700597,281,14.0,made_fg(24),3,-1,likely_open,subType: open-like
63,PT06M17.00S,1,1610612744,GSW,201939,Curry,S. Curry,-228,8,0,Missed,1,,,0,h,MISS Curry 3PT Jump Shot,Missed Shot,Jump Shot,1,41,21700597,343,9.0,turnover(24),3,-1,likely_open,"subType: open-like, distance: at-rim/very close, coords: corner-3, corner: catch/spot"
75,PT05M43.00S,1,1610612744,GSW,201939,Curry,S. Curry,-95,238,26,Missed,1,,,0,h,MISS Curry 26' 3PT Jump Shot,Missed Shot,Jump Shot,1,50,21700597,377,10.0,def_reb(24),3,-1,likely_open,subType: open-like
78,PT05M08.00S,1,1610612744,GSW,201939,Curry,S. Curry,-20,13,2,Missed,1,,,0,h,MISS Curry 2' Reverse Layup,Missed Shot,Reverse Layup Shot,1,53,21700597,412,6.0,made_fg(24),2,3,likely_contested,"subType: contested-like, distance: at-rim/very close"
133,PT02M41.00S,1,1610612744,GSW,201939,Curry,S. Curry,10,20,2,Missed,1,,,0,h,MISS Curry 2' Layup,Missed Shot,Layup Shot,1,93,21700597,559,5.0,def_foul_14(14),2,2,likely_contested,"distance: at-rim/very close, clock: late (<=5s)"
151,PT01M22.00S,1,1610612744,GSW,201939,Curry,S. Curry,10,12,2,Made,1,33.0,26.0,59,h,Curry 2' Driving Layup (5 PTS),Made Shot,Driving Layup Shot,1,107,21700597,638,10.0,made_fg(24),2,3,likely_contested,"subType: contested-like, distance: at-rim/very close"
283,PT03M31.00S,2,1610612744,GSW,201939,Curry,S. Curry,226,97,25,Made,1,56.0,46.0,102,h,Curry 25' 3PT Step Back Jump Shot (10 PTS) (Iguodala 1 AST),Made Shot,Step Back Jump shot,1,201,21700597,1229,13.0,final_ft(24),3,3,likely_contested,"subType: contested-like, text: pressure-move"
306,PT01M23.00S,2,1610612744,GSW,201939,Curry,S. Curry,11,10,1,Made,1,63.0,53.0,116,h,Curry 1' Driving Layup (12 PTS),Made Shot,Driving Layup Shot,1,218,21700597,1357,18.0,def_reb(24),2,3,likely_contested,"subType: contested-like, distance: at-rim/very close"
322,PT00M02.10S,2,1610612744,GSW,201939,Curry,S. Curry,199,180,27,Missed,1,,,0,h,MISS Curry 27' 3PT Jump Shot,Missed Shot,Jump Shot,1,230,21700597,1438,7.0,made_fg(24),3,-2,likely_open,"subType: open-like, distance: deep above-break 3 (>=27ft)"
342,PT09M54.00S,3,1610612744,GSW,201939,Curry,S. Curry,117,222,25,Made,1,67.0,61.0,128,h,Curry 25' 3PT Jump Shot (16 PTS) (Green 7 AST),Made Shot,Jump Shot,1,246,21700597,1566,9.0,turnover(24),3,-1,likely_open,subType: open-like
384,PT05M20.00S,3,1610612744,GSW,201939,Curry,S. Curry,122,81,15,Missed,1,,,0,h,MISS Curry 15' Hook Shot,Missed Shot,Hook Shot,1,279,21700597,1840,14.0,made_fg(24),2,3,likely_contested,"subType: contested-like, distance: mid-range"
395,PT04M47.00S,3,1610612744,GSW,201939,Curry,S. Curry,136,127,19,Made,1,75.0,71.0,146,h,Curry 19' Pullup Jump Shot (18 PTS) (Green 9 AST),Made Shot,Pullup Jump shot,1,289,21700597,1873,12.0,turnover(24),2,3,likely_contested,"subType: contested-like, text: pressure-move"
434,PT02M32.00S,3,1610612744,GSW,201939,Curry,S. Curry,128,239,27,Made,1,83.0,75.0,158,h,Curry 27' 3PT Step Back Jump Shot (23 PTS),Made Shot,Step Back Jump shot,1,316,21700597,2008,17.0,made_fg(24),3,2,likely_contested,"subType: contested-like, text: pressure-move, distance: deep above-break 3 (>=27ft)"
445,PT00M56.10S,3,1610612744,GSW,201939,Curry,S. Curry,-144,221,26,Made,1,91.0,77.0,168,h,Curry 26' 3PT Running Jump Shot (26 PTS),Made Shot,Running Jump Shot,1,324,21700597,2104,23.0,def_reb(24),3,-1,likely_open,subType: open-like
567,PT04M21.00S,4,1610612744,GSW,201939,Curry,S. Curry,169,203,26,Missed,1,,,0,h,MISS Curry 26' 3PT Jump Shot,Missed Shot,Jump Shot,1,404,21700597,2619,19.0,turnover(24),3,-1,likely_open,subType: open-like
571,PT03M50.00S,4,1610612744,GSW,201939,Curry,S. Curry,126,142,19,Made,1,116.0,105.0,221,h,Curry 19' Step Back Jump Shot (28 PTS),Made Shot,Step Back Jump shot,1,407,21700597,2650,5.0,made_fg(24),2,4,likely_contested,"subType: contested-like, text: pressure-move, clock: late (<=5s)"
18,PT09M46.00S,1,1610612744,GSW,201939,Curry,S. Curry,126,219,25,Missed,1,,,0,v,MISS Curry 25' 3PT Step Back Jump Shot,Missed Shot,Step Back Jump shot,1,10,21700631,134,12.0,made_fg(24),3,3,likely_contested,"subType: contested-like, text: pressure-move"
77,PT03M58.00S,1,1610612744,GSW,201939,Curry,S. Curry,-127,77,15,Made,1,24.0,30.0,54,v,Curry 15' Step Back Jump Shot (2 PTS),Made Shot,Step Back Jump shot,1,55,21700631,482,6.0,made_fg(24),2,4,likely_contested,"subType: contested-like, text: pressure-move, distance: mid-range"
89,PT03M28.00S,1,1610612744,GSW,201939,Curry,S. Curry,99,230,25,Missed,1,,,0,v,MISS Curry 25' 3PT Jump Shot,Missed Shot,Jump Shot,0,62,21700631,512,5.0,made_fg(24),3,0,likely_open,"subType: open-like, clock: late (<=5s)"
257,PT03M52.00S,2,1610612744,GSW,201939,Curry,S. Curry,145,209,25,Missed,1,,,0,v,MISS Curry 25' 3PT Step Back Jump Shot,Missed Shot,Step Back Jump shot,1,184,21700631,1208,11.0,def_reb(24),3,3,likely_contested,"subType: contested-like, text: pressure-move"
299,PT00M11.90S,2,1610612744,GSW,201939,Curry,S. Curry,12,131,13,Made,1,54.0,81.0,135,v,Curry 13' Floating Jump Shot (6 PTS) (Durant 3 AST),Made Shot,Floating Jump shot,1,217,21700631,1429,6.0,def_reb(24),2,3,likely_contested,"subType: contested-like, distance: mid-range"
317,PT10M51.00S,3,1610612744,GSW,201939,Curry,S. Curry,-209,133,25,Missed,1,,,0,v,MISS Curry 25' 3PT Jump Shot,Missed Shot,Jump Shot,1,229,21700631,1509,11.0,made_fg(24),3,-1,likely_open,subType: open-like
331,PT10M02.00S,3,1610612744,GSW,201939,Curry,S. Curry,-30,159,16,Made,1,58.0,85.0,143,v,Curry 16' Pullup Jump Shot (8 PTS),Made Shot,Pullup Jump shot,1,238,21700631,1558,12.0,keep_clock(24),2,4,likely_contested,"subType: contested-like, text: pressure-move, distance: mid-range"
370,PT06M09.00S,3,1610612744,GSW,201939,Curry,S. Curry,-164,189,25,Made,1,72.0,92.0,164,v,Curry 25' 3PT Jump Shot (11 PTS) (Durant 4 AST),Made Shot,Jump Shot,1,267,21700631,1791,9.0,made_fg(24),3,-1,likely_open,subType: open-like
394,PT04M14.00S,3,1610612744,GSW,201939,Curry,S. Curry,-230,-11,0,Missed,1,,,0,v,MISS Curry 3PT Jump Shot,Missed Shot,Jump Shot,1,287,21700631,1906,18.0,def_reb(24),3,-1,likely_open,"subType: open-like, distance: at-rim/very close, coords: corner-3, corner: catch/spot"
558,PT05M11.00S,4,1610612744,GSW,201939,Curry,S. Curry,-8,20,2,Made,1,111.0,115.0,226,v,Curry 2' Cutting Layup Shot (19 PTS) (Durant 5 AST),Made Shot,Cutting Layup Shot,1,403,21700631,2569,21.0,def_reb(24),2,1,borderline,distance: at-rim/very close
579,PT03M35.00S,4,1610612744,GSW,201939,Curry,S. Curry,6,248,25,Made,1,115.0,119.0,234,v,Curry 25' 3PT Pullup Jump Shot (22 PTS),Made Shot,Pullup Jump shot,1,419,21700631,2665,5.0,made_fg(24),3,4,likely_contested,"subType: contested-like, text: pressure-move, clock: late (<=5s)"
604,PT01M17.00S,4,1610612744,GSW,201939,Curry,S. Curry,-62,138,15,Missed,1,,,0,v,MISS Curry 15' Pullup Jump Shot,Missed Shot,Pullup Jump shot,1,437,21700631,2803,7.0,def_reb(24),2,4,likely_contested,"subType: contested-like, text: pressure-move, distance: mid-range"
42,PT08M21.00S,1,1610612744,GSW,201939,Curry,S. Curry,8,13,2,Made,1,10.0,9.0,19,v,Curry 2' Cutting Layup Shot (2 PTS) (Green 1 AST),Made Shot,Cutting Layup Shot,1,30,21700646,219,11.0,made_fg(24),2,1,borderline,distance: at-rim/very close
144,PT01M21.00S,1,1610612744,GSW,201939,Curry,S. Curry,67,250,26,Missed,1,,,0,v,MISS Curry 26' 3PT Jump Shot,Missed Shot,Jump Shot,1,103,21700646,639,,stale_reset(14),3,-1,likely_open,subType: open-like
248,PT05M47.00S,2,1610612744,GSW,201939,Curry,S. Curry,23,258,26,Made,1,48.0,46.0,94,v,Curry 26' 3PT Step Back Jump Shot (7 PTS),Made Shot,Step Back Jump shot,1,178,21700646,1093,11.0,made_fg(24),3,3,likely_contested,"subType: contested-like, text: pressure-move"
255,PT05M20.00S,2,1610612744,GSW,201939,Curry,S. Curry,6,9,1,Made,1,50.0,48.0,98,v,Curry 1' Driving Layup (9 PTS),Made Shot,Driving Layup Shot,1,183,21700646,1120,9.0,final_ft(24),2,3,likely_contested,"subType: contested-like, distance: at-rim/very close"
288,PT02M50.00S,2,1610612744,GSW,201939,Curry,S. Curry,235,93,25,Missed,1,,,0,v,MISS Curry 25' 3PT Jump Shot,Missed Shot,Jump Shot,1,208,21700646,1270,18.0,turnover(24),3,-1,likely_open,subType: open-like
319,PT01M14.00S,2,1610612744,GSW,201939,Curry,S. Curry,16,21,3,Made,1,60.0,55.0,115,v,Curry 3' Layup (11 PTS) (Iguodala 2 AST),Made Shot,Layup Shot,1,231,21700646,1366,8.0,made_fg(24),2,1,borderline,distance: at-rim/very close
367,PT10M48.00S,3,1610612744,GSW,201939,Curry,S. Curry,-8,18,2,Made,1,64.0,62.0,126,v,Curry 2' Cutting Dunk Shot (13 PTS) (Durant 5 AST),Made Shot,Cutting Dunk Shot,1,263,21700646,1512,22.0,def_reb(24),2,1,borderline,distance: at-rim/very close
377,PT09M56.00S,3,1610612744,GSW,201939,Curry,S. Curry,-130,236,27,Made,1,66.0,65.0,131,v,Curry 27' 3PT Jump Shot (16 PTS) (Durant 6 AST),Made Shot,Jump Shot,0,271,21700646,1564,18.0,def_reb(24),3,-2,likely_open,"subType: open-like, distance: deep above-break 3 (>=27ft)"
400,PT07M51.00S,3,1610612744,GSW,201939,Curry,S. Curry,-224,138,26,Made,1,72.0,71.0,143,v,Curry 26' 3PT Jump Shot (19 PTS) (Green 3 AST),Made Shot,Jump Shot,1,288,21700646,1689,11.0,turnover(24),3,-1,likely_open,subType: open-like
438,PT05M05.00S,3,1610612744,GSW,201939,Curry,S. Curry,75,325,33,Made,1,81.0,82.0,163,v,Curry 33' 3PT Jump Shot (22 PTS),Made Shot,Jump Shot,1,313,21700646,1855,12.0,made_fg(24),3,-2,likely_open,"subType: open-like, distance: deep above-break 3 (>=27ft)"
464,PT03M08.00S,3,1610612744,GSW,201939,Curry,S. Curry,-34,20,4,Missed,1,,,0,v,MISS Curry 4' Driving Layup,Missed Shot,Driving Layup Shot,1,334,21700646,1972,13.0,def_reb(24),2,3,likely_contested,"subType: contested-like, distance: at-rim/very close"
510,PT00M53.00S,3,1610612744,GSW,201939,Curry,S. Curry,-128,256,29,Missed,1,,,0,v,MISS Curry 29' 3PT Jump Shot,Missed Shot,Jump Shot,1,370,21700646,2107,18.0,made_fg(24),3,-2,likely_open,"subType: open-like, distance: deep above-break 3 (>=27ft)"
628,PT04M48.00S,4,1610612744,GSW,201939,Curry,S. Curry,-217,243,33,Missed,1,,,0,v,MISS Curry 33' 3PT Jump Shot,Missed Shot,Jump Shot,1,456,21700646,2592,4.0,turnover(24),3,-1,likely_open,"subType: open-like, distance: deep above-break 3 (>=27ft), clock: late (<=5s)"
641,PT04M02.00S,4,1610612744,GSW,201939,Curry,S. Curry,8,16,2,Missed,1,,,0,v,MISS Curry 2' Driving Layup,Missed Shot,Driving Layup Shot,1,466,21700646,2638,13.0,made_fg(24),2,3,likely_contested,"subType: contested-like, distance: at-rim/very close"
664,PT02M37.00S,4,1610612744,GSW,201939,Curry,S. Curry,-9,13,2,Missed,1,,,0,v,MISS Curry 2' Cutting Layup Shot,Missed Shot,Cutting Layup Shot,1,483,21700646,2723,0.0,made_fg(24),2,2,likely_contested,"distance: at-rim/very close, clock: late (<=5s)"
18,PT10M22.00S,1,1610612744,GSW,201939,Curry,S. Curry,140,210,25,Made,1,4.0,8.0,12,v,Curry 25' 3PT Jump Shot (3 PTS) (Durant 1 AST),Made Shot,Jump Shot,1,11,21700657,98,14.0,def_reb(24),3,-1,likely_open,subType: open-like
26,PT09M46.00S,1,1610612744,GSW,201939,Curry,S. Curry,6,157,16,Made,1,4.0,10.0,14,v,Curry 16' Pullup Jump Shot (5 PTS),Made Shot,Pullup Jump shot,1,18,21700657,134,16.0,def_reb(24),2,4,likely_contested,"subType: contested-like, text: pressure-move, distance: mid-range"
29,PT09M16.00S,1,1610612744,GSW,201939,Curry,S. Curry,42,22,5,Missed,1,,,0,v,MISS Curry 5' Jump Shot,Missed Shot,Jump Shot,1,21,21700657,164,13.0,def_reb(24),2,0,likely_open,"subType: open-like, distance: at-rim/very close"
59,PT06M42.00S,1,1610612744,GSW,201939,Curry,S. Curry,-122,162,20,Made,1,13.0,18.0,31,v,Curry 20' Jump Shot (7 PTS),Made Shot,Jump Shot,1,41,21700657,318,11.0,made_fg(24),2,-1,likely_open,subType: open-like
106,PT03M52.00S,1,1610612744,GSW,201939,Curry,S. Curry,87,244,26,Made,1,20.0,32.0,52,v,Curry 26' 3PT Jump Shot (12 PTS),Made Shot,Jump Shot,1,74,21700657,488,11.0,turnover(24),3,-1,likely_open,subType: open-like
289,PT03M50.00S,2,1610612744,GSW,201939,Curry,S. Curry,47,252,26,Made,1,61.0,54.0,115,v,Curry 26' 3PT Jump Shot (17 PTS) (Durant 4 AST),Made Shot,Jump Shot,1,209,21700657,1210,14.0,made_fg(24),3,-1,likely_open,subType: open-like
295,PT03M22.00S,2,1610612744,GSW,201939,Curry,S. Curry,230,64,24,Missed,1,,,0,v,MISS Curry 24' 3PT Jump Shot,Missed Shot,Jump Shot,1,213,21700657,1238,17.0,keep_clock(22),3,-1,likely_open,subType: open-like
315,PT02M25.00S,2,1610612744,GSW,201939,Curry,S. Curry,18,7,2,Made,1,61.0,56.0,117,v,Curry 2' Layup (19 PTS),Made Shot,Layup Shot,1,230,21700657,1295,21.0,def_reb(24),2,1,borderline,distance: at-rim/very close
344,PT00M00.00S,2,1610612744,GSW,201939,Curry,S. Curry,144,480,50,Missed,1,,,0,v,MISS Curry 50' 3PT Jump Shot,Missed Shot,Jump Shot,1,253,21700657,1440,23.0,def_reb(24),3,-2,likely_open,"subType: open-like, distance: deep above-break 3 (>=27ft)"
348,PT11M49.00S,3,1610612744,GSW,201939,Curry,S. Curry,73,235,25,Missed,1,,,0,v,MISS Curry 25' 3PT Jump Shot,Missed Shot,Jump Shot,1,257,21700657,1451,13.0,period_start(24),3,-1,likely_open,subType: open-like
367,PT09M23.00S,3,1610612744,GSW,201939,Curry,S. Curry,18,261,26,Made,1,72.0,75.0,147,v,Curry 26' 3PT Jump Shot (22 PTS) (Pachulia 5 AST),Made Shot,Jump Shot,1,270,21700657,1597,7.0,made_fg(24),3,-1,likely_open,subType: open-like
373,PT08M49.00S,3,1610612744,GSW,201939,Curry,S. Curry,-231,1,0,Missed,1,,,0,v,MISS Curry 3PT Jump Shot,Missed Shot,Jump Shot,1,275,21700657,1631,14.0,def_reb(24),3,-1,likely_open,"subType: open-like, distance: at-rim/very close, coords: corner-3, corner: catch/spot"
381,PT08M02.00S,3,1610612744,GSW,201939,Curry,S. Curry,132,158,21,Made,1,72.0,77.0,149,v,Curry 21' Jump Shot (24 PTS),Made Shot,Jump Shot,1,283,21700657,1678,16.0,def_reb(24),2,-1,likely_open,subType: open-like
393,PT07M06.00S,3,1610612744,GSW,201939,Curry,S. Curry,20,37,4,Missed,1,,,0,v,MISS Curry 4' Driving Floating Bank Jump Shot,Missed Shot,Driving Floating Bank Jump Shot,1,292,21700657,1734,14.0,keep_clock(20),2,3,likely_contested,"subType: contested-like, distance: at-rim/very close"
397,PT06M46.00S,3,1610612744,GSW,201939,Curry,S. Curry,-75,232,24,Made,1,72.0,82.0,154,v,Curry 24' 3PT Jump Shot (27 PTS) (Durant 5 AST),Made Shot,Jump Shot,1,296,21700657,1754,17.0,def_reb(24),3,-1,likely_open,subType: open-like
409,PT05M18.00S,3,1610612744,GSW,201939,Curry,S. Curry,185,168,25,Made,1,72.0,85.0,157,v,Curry 25' 3PT Jump Shot (30 PTS) (Durant 6 AST),Made Shot,Jump Shot,1,307,21700657,1842,6.0,def_reb(24),3,-1,likely_open,subType: open-like
440,PT03M52.00S,3,1610612744,GSW,201939,Curry,S. Curry,-152,198,25,Missed,1,,,0,v,MISS Curry 25' 3PT Jump Shot,Missed Shot,Jump Shot,1,329,21700657,1928,14.0,def_reb(24),3,-1,likely_open,subType: open-like
569,PT04M41.00S,4,1610612744,GSW,201939,Curry,S. Curry,-9,26,3,Missed,1,,,0,v,MISS Curry 3' Cutting Layup Shot,Missed Shot,Cutting Layup Shot,1,424,21700657,2599,6.0,made_fg(24),2,1,borderline,distance: at-rim/very close
22,PT10M18.00S,1,1610612744,GSW,201939,Curry,S. Curry,103,232,25,Missed,1,,,0,v,MISS Curry 25' 3PT Jump Shot,Missed Shot,Jump Shot,1,12,21700679,102,11.0,made_fg(24),3,-1,likely_open,subType: open-like
48,PT08M03.00S,1,1610612744,GSW,201939,Curry,S. Curry,-162,187,25,Missed,1,,,0,v,MISS Curry 25' 3PT Jump Shot,Missed Shot,Jump Shot,1,33,21700679,237,7.0,made_fg(24),3,-1,likely_open,subType: open-like
59,PT07M02.00S,1,1610612744,GSW,201939,Curry,S. Curry,3,8,1,Missed,1,,,0,v,MISS Curry 1' Driving Finger Roll Layup,Missed Shot,Driving Finger Roll Layup Shot,1,42,21700679,298,5.0,def_foul_14(14),2,2,likely_contested,"distance: at-rim/very close, clock: late (<=5s)"
63,PT06M57.00S,1,1610612744,GSW,201939,Curry,S. Curry,65,253,26,Made,1,16.0,10.0,26,v,Curry 26' 3PT Jump Shot (3 PTS) (Green 3 AST),Made Shot,Jump Shot,1,45,21700679,303,9.0,def_foul_14(14),3,-1,likely_open,subType: open-like
67,PT06M29.00S,1,1610612744,GSW,201939,Curry,S. Curry,-13,260,26,Missed,1,,,0,v,MISS Curry 26' 3PT Pullup Jump Shot,Missed Shot,Pullup Jump shot,1,48,21700679,331,19.0,def_reb(24),3,3,likely_contested,"subType: contested-like, text: pressure-move"
88,PT05M08.00S,1,1610612744,GSW,201939,Curry,S. Curry,3,5,1,Missed,1,,,0,v,MISS Curry 1' Driving Layup,Missed Shot,Driving Layup Shot,1,63,21700679,412,14.0,made_fg(24),2,3,likely_contested,"subType: contested-like, distance: at-rim/very close"
139,PT01M17.00S,1,1610612744,GSW,201939,Curry,S. Curry,24,256,26,Missed,1,,,0,v,MISS Curry 26' 3PT Jump Shot,Missed Shot,Jump Shot,1,101,21700679,643,13.0,made_fg(24),3,-1,likely_open,subType: open-like
146,PT00M25.90S,1,1610612744,GSW,201939,Curry,S. Curry,-193,171,26,Missed,1,,,0,v,MISS Curry 26' 3PT Jump Shot,Missed Shot,Jump Shot,1,108,21700679,695,12.0,made_fg(24),3,-1,likely_open,subType: open-like
275,PT05M01.00S,2,1610612744,GSW,201939,Curry,S. Curry,95,169,19,Made,1,55.0,44.0,99,v,Curry 19' Step Back Jump Shot (5 PTS),Made Shot,Step Back Jump shot,1,200,21700679,1139,13.0,final_ft(24),2,3,likely_contested,"subType: contested-like, text: pressure-move"
282,PT04M44.00S,2,1610612744,GSW,201939,Curry,S. Curry,0,3,0,Missed,1,,,0,v,MISS Curry Driving Layup,Missed Shot,Driving Layup Shot,1,205,21700679,1156,12.0,final_ft(24),2,3,likely_contested,"subType: contested-like, distance: at-rim/very close"
294,PT04M14.00S,2,1610612744,GSW,201939,Curry,S. Curry,160,185,24,Missed,1,,,0,v,MISS Curry 24' 3PT Jump Shot,Missed Shot,Jump Shot,1,215,21700679,1186,9.0,def_foul_14(14),3,-1,likely_open,subType: open-like
328,PT02M00.00S,2,1610612744,GSW,201939,Curry,S. Curry,-79,237,25,Made,1,64.0,54.0,118,v,Curry 25' 3PT Jump Shot (9 PTS) (Green 5 AST),Made Shot,Jump Shot,1,242,21700679,1320,13.0,turnover(24),3,-1,likely_open,subType: open-like
362,PT00M00.00S,2,1610612744,GSW,201939,Curry,S. Curry,-6,572,57,Missed,1,,,0,v,MISS Curry 57' 3PT Jump Shot,Missed Shot,Jump Shot,1,268,21700679,1440,22.0,turnover(24),3,-2,likely_open,"subType: open-like, distance: deep above-break 3 (>=27ft)"
399,PT08M59.00S,3,1610612744,GSW,201939,Curry,S. Curry,-5,15,2,Missed,1,,,0,v,MISS Curry 2' Driving Layup,Missed Shot,Driving Layup Shot,1,295,21700679,1621,18.0,def_reb(24),2,3,likely_contested,"subType: contested-like, distance: at-rim/very close"
403,PT08M42.00S,3,1610612744,GSW,201939,Curry,S. Curry,214,137,25,Made,1,71.0,67.0,138,v,Curry 25' 3PT Jump Shot (12 PTS) (Durant 3 AST),Made Shot,Jump Shot,1,299,21700679,1638,16.0,def_reb(24),3,-1,likely_open,subType: open-like
449,PT04M23.00S,3,1610612744,GSW,201939,Curry,S. Curry,105,241,26,Made,1,78.0,77.0,155,v,Curry 26' 3PT Jump Shot (15 PTS),Made Shot,Jump Shot,1,334,21700679,1897,7.0,def_foul_14(14),3,-1,likely_open,subType: open-like
502,PT01M21.00S,3,1610612744,GSW,201939,Curry,S. Curry,-179,185,26,Made,1,90.0,85.0,175,v,Curry 26' 3PT Jump Shot (19 PTS),Made Shot,Jump Shot,1,373,21700679,2079,18.0,turnover(24),3,-1,likely_open,subType: open-like
600,PT05M33.00S,4,1610612744,GSW,201939,Curry,S. Curry,231,95,25,Missed,1,,,0,v,MISS Curry 25' 3PT Jump Shot,Missed Shot,Jump Shot,1,440,21700679,2547,8.0,keep_clock(18),3,-1,likely_open,subType: open-like
658,PT01M08.00S,4,1610612744,GSW,201939,Curry,S. Curry,-40,263,27,Missed,1,,,0,v,MISS Curry 27' 3PT Jump Shot,Missed Shot,Jump Shot,1,483,21700679,2812,22.0,made_fg(24),3,-2,likely_open,"subType: open-like, distance: deep above-break 3 (>=27ft)"
674,PT00M22.00S,4,1610612744,GSW,201939,Curry,S. Curry,-179,181,25,Missed,1,,,0,v,MISS Curry 25' 3PT Jump Shot,Missed Shot,Jump Shot,1,496,21700679,2858,18.0,final_ft(24),3,-1,likely_open,subType: open-like
17,PT11M06.00S,1,1610612744,GSW,201939,Curry,S. Curry,13,18,2,Missed,1,,,0,h,MISS Curry 2' Layup,Missed Shot,Layup Shot,1,12,21700699,54,18.0,turnover(24),2,1,borderline,distance: at-rim/very close
26,PT10M09.00S,1,1610612744,GSW,201939,Curry,S. Curry,-19,263,26,Made,1,5.0,6.0,11,h,Curry 26' 3PT Jump Shot (3 PTS) (Durant 1 AST),Made Shot,Jump Shot,1,19,21700699,111,10.0,final_ft(24),3,-1,likely_open,subType: open-like
36,PT08M36.00S,1,1610612744,GSW,201939,Curry,S. Curry,-221,121,25,Missed,1,,,0,h,MISS Curry 25' 3PT Jump Shot,Missed Shot,Jump Shot,1,26,21700699,204,8.0,made_fg(24),3,-1,likely_open,subType: open-like
47,PT07M26.00S,1,1610612744,GSW,201939,Curry,S. Curry,227,12,0,Missed,1,,,0,h,MISS Curry 3PT Jump Shot,Missed Shot,Jump Shot,1,34,21700699,274,10.0,made_fg(24),3,-1,likely_open,"subType: open-like, distance: at-rim/very close, coords: corner-3, corner: catch/spot"
65,PT05M15.00S,1,1610612744,GSW,201939,Curry,S. Curry,-226,113,25,Missed,1,,,0,h,MISS Curry 25' 3PT Jump Shot,Missed Shot,Jump Shot,1,48,21700699,405,5.0,made_fg(24),3,0,likely_open,"subType: open-like, clock: late (<=5s)"
128,PT00M04.00S,1,1610612744,GSW,201939,Curry,S. Curry,-150,206,25,Missed,1,,,0,h,MISS Curry 25' 3PT Jump Shot,Missed Shot,Jump Shot,1,98,21700699,716,15.0,def_reb(24),3,-1,likely_open,subType: open-like
234,PT04M42.00S,2,1610612744,GSW,201939,Curry,S. Curry,133,220,26,Missed,1,,,0,h,MISS Curry 26' 3PT Jump Shot,Missed Shot,Jump Shot,1,167,21700699,1158,21.0,turnover(24),3,-1,likely_open,subType: open-like
272,PT02M15.00S,2,1610612744,GSW,201939,Curry,S. Curry,-9,73,7,Missed,1,,,0,h,MISS Curry 7' Turnaround Jump Shot,Missed Shot,Turnaround Jump Shot,1,192,21700699,1305,8.0,made_fg(24),2,0,likely_open,
285,PT01M22.00S,2,1610612744,GSW,201939,Curry,S. Curry,-170,188,25,Made,1,53.0,60.0,113,h,Curry 25' 3PT Jump Shot (6 PTS) (Durant 6 AST),Made Shot,Jump Shot,1,201,21700699,1358,18.0,final_ft(24),3,-1,likely_open,subType: open-like
292,PT00M46.90S,2,1610612744,GSW,201939,Curry,S. Curry,-18,20,3,Made,1,55.0,60.0,115,h,Curry 3' Driving Reverse Layup (8 PTS) (Green 6 AST),Made Shot,Driving Reverse Layup Shot,1,206,21700699,1394,18.0,def_reb(24),2,3,likely_contested,"subType: contested-like, distance: at-rim/very close"
307,PT11M50.00S,3,1610612744,GSW,201939,Curry,S. Curry,70,252,26,Missed,1,,,0,h,MISS Curry 26' 3PT Jump Shot,Missed Shot,Jump Shot,1,216,21700699,1450,14.0,period_start(24),3,-1,likely_open,subType: open-like
339,PT08M46.00S,3,1610612744,GSW,201939,Curry,S. Curry,-78,159,18,Missed,1,,,0,h,MISS Curry 18' Jump Shot,Missed Shot,Jump Shot,1,240,21700699,1634,14.0,made_fg(24),2,-1,likely_open,subType: open-like
349,PT08M08.00S,3,1610612744,GSW,201939,Curry,S. Curry,152,215,26,Made,1,72.0,69.0,141,h,Curry 26' 3PT Jump Shot (12 PTS),Made Shot,Jump Shot,1,247,21700699,1672,13.0,made_fg(24),3,-1,likely_open,subType: open-like
378,PT05M30.00S,3,1610612744,GSW,201939,Curry,S. Curry,-136,216,26,Made,1,83.0,73.0,156,h,Curry 26' 3PT Pullup Jump Shot (17 PTS),Made Shot,Pullup Jump shot,1,266,21700699,1830,12.0,made_fg(24),3,3,likely_contested,"subType: contested-like, text: pressure-move"
395,PT04M24.00S,3,1610612744,GSW,201939,Curry,S. Curry,-211,122,24,Made,1,87.0,75.0,162,h,Curry 24' 3PT Jump Shot (20 PTS) (Thompson 2 AST),Made Shot,Jump Shot,1,278,21700699,1896,21.0,def_reb(24),3,-1,likely_open,subType: open-like
418,PT03M04.00S,3,1610612744,GSW,201939,Curry,S. Curry,175,188,26,Made,1,93.0,80.0,173,h,Curry 26' 3PT Step Back Jump Shot (24 PTS) (Durant 12 AST),Made Shot,Step Back Jump shot,1,293,21700699,1976,6.0,def_violation_14(14),3,3,likely_contested,"subType: contested-like, text: pressure-move"
446,PT00M43.70S,3,1610612744,GSW,201939,Curry,S. Curry,-131,255,29,Missed,1,,,0,h,MISS Curry 29' 3PT Jump Shot,Missed Shot,Jump Shot,1,317,21700699,2117,8.0,made_fg(24),3,-2,likely_open,"subType: open-like, distance: deep above-break 3 (>=27ft)"
561,PT03M58.00S,4,1610612744,GSW,201939,Curry,S. Curry,2,264,26,Made,1,115.0,100.0,215,h,Curry 26' 3PT Jump Shot (29 PTS) (Durant 14 AST),Made Shot,Jump Shot,1,390,21700699,2642,7.0,made_fg(24),3,-1,likely_open,subType: open-like
583,PT02M18.00S,4,1610612744,GSW,201939,Curry,S. Curry,61,256,26,Made,1,121.0,103.0,224,h,Curry 26' 3PT Pullup Jump Shot (32 PTS),Made Shot,Pullup Jump shot,1,407,21700699,2742,11.0,made_fg(24),3,3,likely_contested,"subType: contested-like, text: pressure-move"
12,PT11M19.00S,1,1610612744,GSW,201939,Curry,S. Curry,-78,157,18,Made,1,2.0,0.0,2,h,Curry 18' Jump Shot (2 PTS),Made Shot,Jump Shot,1,7,21700713,41,20.0,def_reb(24),2,-1,likely_open,subType: open-like
36,PT09M38.00S,1,1610612744,GSW,201939,Curry,S. Curry,125,227,26,Missed,1,,,0,h,MISS Curry 26' 3PT Jump Shot,Missed Shot,Jump Shot,1,29,21700713,142,12.0,off_reb(14),3,-1,likely_open,subType: open-like
61,PT07M21.00S,1,1610612744,GSW,201939,Curry,S. Curry,3,15,2,Made,1,15.0,8.0,23,h,Curry 2' Layup (4 PTS),Made Shot,Layup Shot,1,48,21700713,279,20.0,turnover(24),2,1,borderline,distance: at-rim/very close
145,PT01M04.00S,1,1610612744,GSW,201939,Curry,S. Curry,131,238,27,Made,1,35.0,27.0,62,h,Curry 27' 3PT Running Jump Shot (7 PTS),Made Shot,Running Jump Shot,1,108,21700713,656,12.0,made_fg(24),3,-2,likely_open,"subType: open-like, distance: deep above-break 3 (>=27ft)"
262,PT05M25.00S,2,1610612744,GSW,201939,Curry,S. Curry,-169,216,27,Made,1,53.0,45.0,98,h,Curry 27' 3PT Jump Shot (10 PTS) (Durant 4 AST),Made Shot,Jump Shot,1,184,21700713,1115,7.0,final_ft(24),3,-2,likely_open,"subType: open-like, distance: deep above-break 3 (>=27ft)"
275,PT04M04.00S,2,1610612744,GSW,201939,Curry,S. Curry,-226,71,24,Made,1,59.0,50.0,109,h,Curry 24' 3PT Jump Shot (13 PTS) (Durant 5 AST),Made Shot,Jump Shot,1,193,21700713,1196,14.0,made_fg(24),3,-1,likely_open,subType: open-like
289,PT03M01.00S,2,1610612744,GSW,201939,Curry,S. Curry,-144,244,28,Missed,1,,,0,h,MISS Curry 28' 3PT Jump Shot,Missed Shot,Jump Shot,1,201,21700713,1259,5.0,def_reb(24),3,-1,likely_open,"subType: open-like, distance: deep above-break 3 (>=27ft), clock: late (<=5s)"
319,PT00M53.30S,2,1610612744,GSW,201939,Curry,S. Curry,-12,18,2,Made,1,72.0,58.0,130,h,Curry 2' Reverse Layup (15 PTS) (Iguodala 2 AST),Made Shot,Reverse Layup Shot,1,223,21700713,1387,13.0,final_ft(24),2,3,likely_contested,"subType: contested-like, distance: at-rim/very close"
372,PT08M23.00S,3,1610612744,GSW,201939,Curry,S. Curry,82,199,22,Made,1,84.0,75.0,159,h,Curry 22' Jump Shot (19 PTS),Made Shot,Jump Shot,1,260,21700713,1657,10.0,made_fg(24),2,-1,likely_open,subType: open-like
396,PT05M43.00S,3,1610612744,GSW,201939,Curry,S. Curry,-157,210,26,Missed,1,,,0,h,MISS Curry 26' 3PT Jump Shot,Missed Shot,Jump Shot,1,278,21700713,1817,5.0,made_fg(24),3,0,likely_open,"subType: open-like, clock: late (<=5s)"
422,PT03M51.00S,3,1610612744,GSW,201939,Curry,S. Curry,159,201,26,Missed,1,,,0,h,MISS Curry 26' 3PT Step Back Jump Shot,Missed Shot,Step Back Jump shot,1,297,21700713,1929,15.0,turnover(24),3,3,likely_contested,"subType: contested-like, text: pressure-move"
441,PT02M11.00S,3,1610612744,GSW,201939,Curry,S. Curry,-6,278,28,Made,1,104.0,90.0,194,h,Curry 28' 3PT Jump Shot (22 PTS) (Durant 9 AST),Made Shot,Jump Shot,1,312,21700713,2029,16.0,made_fg(24),3,-2,likely_open,"subType: open-like, distance: deep above-break 3 (>=27ft)"
619,PT02M37.00S,4,1610612744,GSW,201939,Curry,S. Curry,110,147,18,Missed,1,,,0,h,MISS Curry 18' Pullup Jump Shot,Missed Shot,Pullup Jump shot,1,444,21700713,2723,13.0,def_reb(24),2,3,likely_contested,"subType: contested-like, text: pressure-move"
631,PT01M38.00S,4,1610612744,GSW,201939,Curry,S. Curry,165,218,27,Made,1,124.0,111.0,235,h,Curry 27' 3PT Jump Shot (25 PTS) (Iguodala 3 AST),Made Shot,Jump Shot,1,456,21700713,2782,20.0,turnover(24),3,-2,likely_open,"subType: open-like, distance: deep above-break 3 (>=27ft)"
13,PT11M00.00S,1,1610612744,GSW,201939,Curry,S. Curry,46,104,11,Made,1,2.0,5.0,7,h,Curry 11' Floating Jump Shot (2 PTS),Made Shot,Floating Jump shot,1,7,21700728,60,10.0,made_fg(24),2,3,likely_contested,"subType: contested-like, distance: mid-range"
21,PT10M11.00S,1,1610612744,GSW,201939,Curry,S. Curry,235,27,24,Made,1,7.0,8.0,15,h,Curry 24' 3PT Step Back Jump Shot (5 PTS) (Green 1 AST),Made Shot,Step Back Jump shot,1,13,21700728,109,10.0,made_fg(24),3,3,likely_contested,"subType: contested-like, text: pressure-move, coords: corner-3"
43,PT08M35.00S,1,1610612744,GSW,201939,Curry,S. Curry,-196,162,25,Missed,1,,,0,h,MISS Curry 25' 3PT Jump Shot,Missed Shot,Jump Shot,1,31,21700728,205,18.0,final_ft(24),3,-1,likely_open,subType: open-like
67,PT06M30.00S,1,1610612744,GSW,201939,Curry,S. Curry,-16,163,16,Made,1,14.0,20.0,34,h,Curry 16' Driving Floating Jump Shot (7 PTS) (Pachulia 1 AST),Made Shot,Driving Floating Jump Shot,1,48,21700728,330,8.0,def_foul_14(14),2,3,likely_contested,"subType: contested-like, distance: mid-range"
88,PT04M35.00S,1,1610612744,GSW,201939,Curry,S. Curry,6,30,3,Made,1,19.0,24.0,43,h,Curry 3' Driving Finger Roll Layup (9 PTS),Made Shot,Driving Finger Roll Layup Shot,1,62,21700728,445,11.0,final_ft(24),2,1,borderline,distance: at-rim/very close
91,PT04M07.00S,1,1610612744,GSW,201939,Curry,S. Curry,190,169,25,Made,1,22.0,26.0,48,h,Curry 25' 3PT Step Back Jump Shot (12 PTS) (Pachulia 2 AST),Made Shot,Step Back Jump shot,1,64,21700728,473,11.0,made_fg(24),3,3,likely_contested,"subType: contested-like, text: pressure-move"
94,PT03M39.00S,1,1610612744,GSW,201939,Curry,S. Curry,141,209,25,Missed,1,,,0,h,MISS Curry 25' 3PT Jump Shot,Missed Shot,Jump Shot,1,66,21700728,501,11.0,made_fg(24),3,-1,likely_open,subType: open-like
122,PT01M34.00S,1,1610612744,GSW,201939,Curry,S. Curry,149,229,27,Missed,1,,,0,h,MISS Curry 27' 3PT Jump Shot,Missed Shot,Jump Shot,1,86,21700728,626,13.0,turnover(24),3,-2,likely_open,"subType: open-like, distance: deep above-break 3 (>=27ft)"
141,PT00M01.20S,1,1610612744,GSW,201939,Curry,S. Curry,-195,452,49,Missed,1,,,0,h,MISS Curry 49' 3PT Running Jump Shot,Missed Shot,Running Jump Shot,1,103,21700728,719,20.0,made_fg(24),3,-2,likely_open,"subType: open-like, distance: deep above-break 3 (>=27ft)"
273,PT02M31.00S,2,1610612744,GSW,201939,Curry,S. Curry,-196,164,26,Made,1,46.0,49.0,95,h,Curry 26' 3PT Step Back Jump Shot (16 PTS),Made Shot,Step Back Jump shot,1,199,21700728,1289,15.0,def_reb(24),3,3,likely_contested,"subType: contested-like, text: pressure-move"
305,PT11M39.00S,3,1610612744,GSW,201939,Curry,S. Curry,-170,131,21,Made,1,52.0,54.0,106,h,Curry 21' Pullup Jump Shot (18 PTS),Made Shot,Pullup Jump shot,1,221,21700728,1461,3.0,period_start(24),2,4,likely_contested,"subType: contested-like, text: pressure-move, clock: late (<=5s)"
308,PT11M10.00S,3,1610612744,GSW,201939,Curry,S. Curry,5,11,1,Made,1,54.0,54.0,108,h,Curry 1' Cutting Layup Shot (20 PTS) (Durant 2 AST),Made Shot,Cutting Layup Shot,1,224,21700728,1490,15.0,turnover(24),2,1,borderline,distance: at-rim/very close
312,PT10M42.00S,3,1610612744,GSW,201939,Curry,S. Curry,145,218,26,Made,1,57.0,57.0,114,h,Curry 26' 3PT Pullup Jump Shot (23 PTS),Made Shot,Pullup Jump shot,1,226,21700728,1518,11.0,made_fg(24),3,3,likely_contested,"subType: contested-like, text: pressure-move"
336,PT08M53.00S,3,1610612744,GSW,201939,Curry,S. Curry,-168,134,21,Missed,1,,,0,h,MISS Curry 21' Jump Shot,Missed Shot,Jump Shot,1,246,21700728,1627,15.0,def_reb(24),2,-1,likely_open,subType: open-like
364,PT07M06.00S,3,1610612744,GSW,201939,Curry,S. Curry,19,36,4,Missed,1,,,0,h,MISS Curry 4' Layup,Missed Shot,Layup Shot,1,270,21700728,1734,21.0,def_reb(24),2,1,borderline,distance: at-rim/very close
370,PT06M41.00S,3,1610612744,GSW,201939,Curry,S. Curry,9,17,2,Made,1,63.0,60.0,123,h,Curry 2' Layup (25 PTS),Made Shot,Layup Shot,1,276,21700728,1759,19.0,def_reb(24),2,1,borderline,distance: at-rim/very close
403,PT04M20.00S,3,1610612744,GSW,201939,Curry,S. Curry,-45,253,26,Made,1,70.0,63.0,133,h,Curry 26' 3PT Step Back Jump Shot (28 PTS),Made Shot,Step Back Jump shot,1,300,21700728,1900,11.0,def_reb(24),3,3,likely_contested,"subType: contested-like, text: pressure-move"
421,PT02M52.00S,3,1610612744,GSW,201939,Curry,S. Curry,131,227,26,Made,1,75.0,68.0,143,h,Curry 26' 3PT Pullup Jump Shot (31 PTS),Made Shot,Pullup Jump shot,1,311,21700728,1988,13.0,turnover(24),3,3,likely_contested,"subType: contested-like, text: pressure-move"
435,PT02M12.00S,3,1610612744,GSW,201939,Curry,S. Curry,-50,263,27,Made,1,78.0,68.0,146,h,Curry 27' 3PT Pullup Jump Shot (34 PTS) (Looney 1 AST),Made Shot,Pullup Jump shot,1,321,21700728,2028,,stale_reset(24),3,2,likely_contested,"subType: contested-like, text: pressure-move, distance: deep above-break 3 (>=27ft)"
463,PT00M29.10S,3,1610612744,GSW,201939,Curry,S. Curry,-1,128,13,Missed,1,,,0,h,MISS Curry 13' Jump Shot,Missed Shot,Jump Shot,1,341,21700728,2131,6.0,made_fg(24),2,0,likely_open,"subType: open-like, distance: mid-range"
546,PT05M32.00S,4,1610612744,GSW,201939,Curry,S. Curry,94,36,10,Made,1,92.0,89.0,181,h,Curry 10' Driving Finger Roll Layup (36 PTS),Made Shot,Driving Finger Roll Layup Shot,1,401,21700728,2548,7.0,made_fg(24),2,1,borderline,distance: mid-range
585,PT03M42.00S,4,1610612744,GSW,201939,Curry,S. Curry,146,202,25,Missed,1,,,0,h,MISS Curry 25' 3PT Jump Shot,Missed Shot,Jump Shot,1,426,21700728,2658,15.0,def_reb(24),3,-1,likely_open,subType: open-like
608,PT01M45.00S,4,1610612744,GSW,201939,Curry,S. Curry,-38,273,28,Made,1,98.0,95.0,193,h,Curry 28' 3PT Running Jump Shot (39 PTS),Made Shot,Running Jump Shot,1,448,21700728,2775,23.0,def_reb(24),3,-2,likely_open,"subType: open-like, distance: deep above-break 3 (>=27ft)"
612,PT01M08.00S,4,1610612744,GSW,201939,Curry,S. Curry,-5,12,1,Made,1,100.0,95.0,195,h,Curry 1' Driving Layup (41 PTS),Made Shot,Driving Layup Shot,1,452,21700728,2812,14.0,def_reb(24),2,3,likely_contested,"subType: contested-like, distance: at-rim/very close"
51,PT07M36.00S,1,1610612744,GSW,201939,Curry,S. Curry,223,126,26,Missed,1,,,0,v,MISS Curry 26' 3PT Jump Shot,Missed Shot,Jump Shot,1,38,21700751,264,9.0,def_foul_14(14),3,-1,likely_open,subType: open-like
98,PT04M34.00S,1,1610612744,GSW,201939,Curry,S. Curry,67,55,9,Made,1,19.0,16.0,35,v,Curry 9' Driving Layup (2 PTS),Made Shot,Driving Layup Shot,1,73,21700751,446,19.0,def_reb(24),2,3,likely_contested,"subType: contested-like, distance: mid-range"
103,PT04M02.00S,1,1610612744,GSW,201939,Curry,S. Curry,-163,188,25,Missed,1,,,0,v,MISS Curry 25' 3PT Jump Shot,Missed Shot,Jump Shot,1,77,21700751,478,13.0,off_reb(14),3,-1,likely_open,subType: open-like
113,PT03M44.00S,1,1610612744,GSW,201939,Curry,S. Curry,-18,10,2,Missed,1,,,0,v,MISS Curry 2' Driving Reverse Layup,Missed Shot,Driving Reverse Layup Shot,1,84,21700751,496,11.0,final_ft(24),2,3,likely_contested,"subType: contested-like, distance: at-rim/very close"
162,PT00M27.50S,1,1610612744,GSW,201939,Curry,S. Curry,16,8,2,Missed,1,,,0,v,MISS Curry 2' Driving Layup,Missed Shot,Driving Layup Shot,1,121,21700751,693,16.0,made_fg(24),2,3,likely_contested,"subType: contested-like, distance: at-rim/very close"
166,PT00M02.80S,1,1610612744,GSW,201939,Curry,S. Curry,-19,9,2,Made,1,35.0,30.0,65,v,Curry 2' Driving Layup (6 PTS),Made Shot,Driving Layup Shot,1,125,21700751,718,20.0,turnover(24),2,3,likely_contested,"subType: contested-like, distance: at-rim/very close"
268,PT04M29.00S,2,1610612744,GSW,201939,Curry,S. Curry,-70,248,26,Made,1,54.0,49.0,103,v,Curry 26' 3PT Pullup Jump Shot (9 PTS),Made Shot,Pullup Jump shot,1,195,21700751,1171,14.0,made_fg(24),3,3,likely_contested,"subType: contested-like, text: pressure-move"
271,PT03M57.00S,2,1610612744,GSW,201939,Curry,S. Curry,235,82,25,Missed,1,,,0,v,MISS Curry 25' 3PT Step Back Jump Shot,Missed Shot,Step Back Jump shot,1,197,21700751,1203,12.0,made_fg(24),3,3,likely_contested,"subType: contested-like, text: pressure-move"
302,PT01M02.00S,2,1610612744,GSW,201939,Curry,S. Curry,1,6,1,Made,1,64.0,53.0,117,v,Curry 1' Driving Finger Roll Layup (11 PTS) (Thompson 2 AST),Made Shot,Driving Finger Roll Layup Shot,1,223,21700751,1378,20.0,turnover(24),2,1,borderline,distance: at-rim/very close
355,PT08M00.00S,3,1610612744,GSW,201939,Curry,S. Curry,37,47,6,Missed,1,,,0,v,MISS Curry 6' Driving Layup,Missed Shot,Driving Layup Shot,1,256,21700751,1680,12.0,made_fg(24),2,2,likely_contested,subType: contested-like
404,PT05M31.00S,3,1610612744,GSW,201939,Curry,S. Curry,163,197,26,Missed,1,,,0,v,MISS Curry 26' 3PT Jump Shot,Missed Shot,Jump Shot,1,292,21700751,1829,11.0,final_ft(24),3,-1,likely_open,subType: open-like
455,PT02M37.00S,3,1610612744,GSW,201939,Curry,S. Curry,130,225,26,Missed,1,,,0,v,MISS Curry 26' 3PT Jump Shot,Missed Shot,Jump Shot,1,329,21700751,2003,10.0,def_reb(24),3,-1,likely_open,subType: open-like
487,PT00M24.90S,3,1610612744,GSW,201939,Curry,S. Curry,-229,6,0,Missed,1,,,0,v,MISS Curry 3PT Jump Shot,Missed Shot,Jump Shot,1,354,21700751,2136,18.0,def_reb(24),3,-1,likely_open,"subType: open-like, distance: at-rim/very close, coords: corner-3, corner: catch/spot"
13,PT11M09.00S,1,1610612744,GSW,201939,Curry,S. Curry,230,67,24,Missed,1,,,0,v,MISS Curry 24' 3PT Jump Shot,Missed Shot,Jump Shot,1,9,21700774,51,16.0,def_reb(24),3,-1,likely_open,subType: open-like
47,PT07M49.00S,1,1610612744,GSW,201939,Curry,S. Curry,-229,-4,0,Missed,1,,,0,v,MISS Curry 3PT Jump Shot,Missed Shot,Jump Shot,1,36,21700774,251,20.0,def_reb(24),3,-1,likely_open,"subType: open-like, distance: at-rim/very close, coords: corner-3, corner: catch/spot"
51,PT07M33.00S,1,1610612744,GSW,201939,Curry,S. Curry,138,210,25,Missed,1,,,0,v,MISS Curry 25' 3PT Pullup Jump Shot,Missed Shot,Pullup Jump shot,1,40,21700774,267,19.0,def_reb(24),3,3,likely_contested,"subType: contested-like, text: pressure-move"
55,PT06M57.00S,1,1610612744,GSW,201939,Curry,S. Curry,-36,6,4,Missed,1,,,0,v,MISS Curry 4' Driving Layup,Missed Shot,Driving Layup Shot,1,43,21700774,303,6.0,made_fg(24),2,3,likely_contested,"subType: contested-like, distance: at-rim/very close"
71,PT05M14.00S,1,1610612744,GSW,201939,Curry,S. Curry,-228,25,0,Missed,1,,,0,v,MISS Curry 3PT Jump Shot,Missed Shot,Jump Shot,1,54,21700774,406,14.0,def_reb(24),3,-1,likely_open,"subType: open-like, distance: at-rim/very close, coords: corner-3, corner: catch/spot"
86,PT04M24.00S,1,1610612744,GSW,201939,Curry,S. Curry,-55,270,28,Made,1,20.0,17.0,37,v,Curry 28' 3PT Pullup Jump Shot (3 PTS),Made Shot,Pullup Jump shot,1,66,21700774,456,17.0,def_reb(24),3,2,likely_contested,"subType: contested-like, text: pressure-move, distance: deep above-break 3 (>=27ft)"
144,PT00M40.20S,1,1610612744,GSW,201939,Curry,S. Curry,-27,15,3,Made,1,27.0,29.0,56,v,Curry 3' Driving Layup (5 PTS),Made Shot,Driving Layup Shot,1,108,21700774,680,15.0,made_fg(24),2,3,likely_contested,"subType: contested-like, distance: at-rim/very close"
241,PT05M32.00S,2,1610612744,GSW,201939,Curry,S. Curry,3,34,3,Made,1,39.0,45.0,84,v,Curry 3' Driving Layup (7 PTS) (Durant 2 AST),Made Shot,Driving Layup Shot,1,180,21700774,1108,7.0,made_fg(24),2,3,likely_contested,"subType: contested-like, distance: at-rim/very close"
310,PT00M12.70S,2,1610612744,GSW,201939,Curry,S. Curry,13,15,2,Made,1,52.0,58.0,110,v,Curry 2' Driving Layup (13 PTS),Made Shot,Driving Layup Shot,1,235,21700774,1428,4.0,made_fg(24),2,4,likely_contested,"subType: contested-like, distance: at-rim/very close, clock: late (<=5s)"
339,PT09M51.00S,3,1610612744,GSW,201939,Curry,S. Curry,13,41,4,Missed,1,,,0,v,MISS Curry 4' Driving Layup,Missed Shot,Driving Layup Shot,1,257,21700774,1569,7.0,def_reb(24),2,3,likely_contested,"subType: contested-like, distance: at-rim/very close"
348,PT08M59.00S,3,1610612744,GSW,201939,Curry,S. Curry,-32,16,4,Missed,1,,,0,v,MISS Curry 4' Layup,Missed Shot,Layup Shot,1,265,21700774,1621,16.0,def_reb(24),2,1,borderline,distance: at-rim/very close
350,PT08M51.00S,3,1610612744,GSW,201939,Curry,S. Curry,231,50,24,Made,1,59.0,67.0,126,v,Curry 24' 3PT Jump Shot (16 PTS) (Thompson 1 AST),Made Shot,Jump Shot,1,268,21700774,1629,8.0,off_reb(14),3,-2,likely_open,"subType: open-like, coords: corner-3, corner: catch/spot"
393,PT05M23.00S,3,1610612744,GSW,201939,Curry,S. Curry,-195,174,26,Made,1,64.0,78.0,142,v,Curry 26' 3PT Jump Shot (19 PTS) (Durant 5 AST),Made Shot,Jump Shot,1,297,21700774,1837,19.0,def_reb(24),3,-1,likely_open,subType: open-like
403,PT04M51.00S,3,1610612744,GSW,201939,Curry,S. Curry,-4,253,25,Missed,1,,,0,v,MISS Curry 25' 3PT Jump Shot,Missed Shot,Jump Shot,1,304,21700774,1869,9.0,made_fg(24),3,-1,likely_open,subType: open-like
434,PT02M38.00S,3,1610612744,GSW,201939,Curry,S. Curry,106,10,11,Made,1,69.0,82.0,151,v,Curry 11' Floating Jump Shot (21 PTS) (McCaw 3 AST),Made Shot,Floating Jump shot,1,328,21700774,2002,7.0,def_reb(24),2,3,likely_contested,"subType: contested-like, distance: mid-range"
578,PT03M11.00S,4,1610612744,GSW,201939,Curry,S. Curry,76,258,27,Missed,1,,,0,v,MISS Curry 27' 3PT Jump Shot,Missed Shot,Jump Shot,1,434,21700774,2689,14.0,final_ft(24),3,-2,likely_open,"subType: open-like, distance: deep above-break 3 (>=27ft)"
587,PT02M10.00S,4,1610612744,GSW,201939,Curry,S. Curry,234,22,24,Missed,1,,,0,v,MISS Curry 24' 3PT Jump Shot,Missed Shot,Jump Shot,1,442,21700774,2750,8.0,def_reb(24),3,-2,likely_open,"subType: open-like, coords: corner-3, corner: catch/spot"
34,PT08M45.00S,1,1610612744,GSW,201939,Curry,S. Curry,177,188,26,Made,1,12.0,10.0,22,v,Curry 26' 3PT Jump Shot (3 PTS) (Green 1 AST),Made Shot,Jump Shot,1,22,21700782,195,9.0,made_fg(24),3,-1,likely_open,subType: open-like
52,PT07M29.00S,1,1610612744,GSW,201939,Curry,S. Curry,214,120,25,Made,1,16.0,15.0,31,v,Curry 25' 3PT Jump Shot (6 PTS) (Pachulia 2 AST),Made Shot,Jump Shot,1,38,21700782,271,16.0,def_reb(24),3,-1,likely_open,subType: open-like
57,PT06M56.00S,1,1610612744,GSW,201939,Curry,S. Curry,27,21,3,Made,1,16.0,17.0,33,v,Curry 3' Running Layup (8 PTS),Made Shot,Running Layup Shot,1,41,21700782,304,15.0,def_reb(24),2,3,likely_contested,"subType: contested-like, distance: at-rim/very close"
106,PT03M08.00S,1,1610612744,GSW,201939,Curry,S. Curry,88,226,24,Missed,1,,,0,v,MISS Curry 24' 3PT Pullup Jump Shot,Missed Shot,Pullup Jump shot,1,76,21700782,532,9.0,made_fg(24),3,3,likely_contested,"subType: contested-like, text: pressure-move"
127,PT02M06.00S,1,1610612744,GSW,201939,Curry,S. Curry,190,199,28,Missed,1,,,0,v,MISS Curry 28' 3PT Jump Shot,Missed Shot,Jump Shot,1,93,21700782,594,18.0,def_reb(24),3,-2,likely_open,"subType: open-like, distance: deep above-break 3 (>=27ft)"
140,PT01M20.00S,1,1610612744,GSW,201939,Curry,S. Curry,111,231,26,Missed,1,,,0,v,MISS Curry 26' 3PT Jump Shot,Missed Shot,Jump Shot,1,102,21700782,640,15.0,turnover(24),3,-1,likely_open,subType: open-like
147,PT00M43.90S,1,1610612744,GSW,201939,Curry,S. Curry,-15,6,2,Made,1,29.0,30.0,59,v,Curry 2' Driving Reverse Layup (10 PTS),Made Shot,Driving Reverse Layup Shot,1,108,21700782,677,9.0,made_fg(24),2,3,likely_contested,"subType: contested-like, distance: at-rim/very close"
318,PT01M47.00S,2,1610612744,GSW,201939,Curry,S. Curry,204,127,24,Missed,1,,,0,v,MISS Curry 24' 3PT Pullup Jump Shot,Missed Shot,Pullup Jump shot,1,229,21700782,1333,12.0,def_reb(24),3,3,likely_contested,"subType: contested-like, text: pressure-move"
320,PT01M42.00S,2,1610612744,GSW,201939,Curry,S. Curry,38,22,4,Made,1,52.0,56.0,108,v,Curry 4' Driving Finger Roll Layup (12 PTS),Made Shot,Driving Finger Roll Layup Shot,1,231,21700782,1338,12.0,off_reb(14),2,1,borderline,distance: at-rim/very close
328,PT01M12.00S,2,1610612744,GSW,201939,Curry,S. Curry,54,243,25,Missed,1,,,0,v,MISS Curry 25' 3PT Jump Shot,Missed Shot,Jump Shot,1,236,21700782,1368,9.0,final_ft(24),3,-1,likely_open,subType: open-like
390,PT09M06.00S,3,1610612744,GSW,201939,Curry,S. Curry,-95,232,25,Made,1,62.0,66.0,128,v,Curry 25' 3PT Step Back Jump Shot (15 PTS),Made Shot,Step Back Jump shot,1,286,21700782,1614,15.0,turnover(24),3,3,likely_contested,"subType: contested-like, text: pressure-move"
435,PT05M42.00S,3,1610612744,GSW,201939,Curry,S. Curry,-186,174,25,Made,1,65.0,77.0,142,v,Curry 25' 3PT Step Back Jump Shot (20 PTS) (Thompson 2 AST),Made Shot,Step Back Jump shot,1,322,21700782,1818,21.0,def_reb(24),3,3,likely_contested,"subType: contested-like, text: pressure-move"
481,PT01M58.00S,3,1610612744,GSW,201939,Curry,S. Curry,-186,193,27,Missed,1,,,0,v,MISS Curry 27' 3PT Jump Shot,Missed Shot,Jump Shot,1,354,21700782,2042,6.0,final_ft(24),3,-2,likely_open,"subType: open-like, distance: deep above-break 3 (>=27ft)"
483,PT01M45.00S,3,1610612744,GSW,201939,Curry,S. Curry,-25,28,4,Missed,1,,,0,v,MISS Curry 4' Cutting Layup Shot,Missed Shot,Cutting Layup Shot,1,356,21700782,2055,4.0,off_reb(14),2,2,likely_contested,"distance: at-rim/very close, clock: late (<=5s)"
653,PT01M54.00S,4,1610612744,GSW,201939,Curry,S. Curry,-152,206,26,Missed,1,,,0,v,MISS Curry 26' 3PT Step Back Jump Shot,Missed Shot,Step Back Jump shot,1,479,21700782,2766,8.0,made_fg(24),3,3,likely_contested,"subType: contested-like, text: pressure-move"
688,PT00M21.10S,4,1610612744,GSW,201939,Curry,S. Curry,-134,281,31,Made,1,113.0,108.0,221,v,Curry 31' 3PT Jump Shot (24 PTS) (Green 8 AST),Made Shot,Jump Shot,1,507,21700782,2859,20.0,final_ft(24),3,-2,likely_open,"subType: open-like, distance: deep above-break 3 (>=27ft)"
19,PT10M15.00S,1,1610612744,GSW,201939,Curry,S. Curry,-117,155,19,Made,1,4.0,6.0,10,h,Curry 19' Running Jump Shot (2 PTS),Made Shot,Running Jump Shot,1,13,21700803,105,14.0,made_fg(24),2,-1,likely_open,subType: open-like
60,PT07M42.00S,1,1610612744,GSW,201939,Curry,S. Curry,157,247,29,Missed,1,,,0,h,MISS Curry 29' 3PT Pullup Jump Shot,Missed Shot,Pullup Jump shot,1,48,21700803,258,13.0,keep_clock(24),3,2,likely_contested,"subType: contested-like, text: pressure-move, distance: deep above-break 3 (>=27ft)"
139,PT02M44.00S,1,1610612744,GSW,201939,Curry,S. Curry,13,265,27,Missed,1,,,0,h,MISS Curry 27' 3PT Jump Shot,Missed Shot,Jump Shot,1,104,21700803,556,5.0,made_fg(24),3,-1,likely_open,"subType: open-like, distance: deep above-break 3 (>=27ft), clock: late (<=5s)"
143,PT02M20.00S,1,1610612744,GSW,201939,Curry,S. Curry,2,102,10,Made,1,23.0,34.0,57,h,Curry 10' Turnaround Fadeaway Bank Jump Shot (4 PTS),Made Shot,Turnaround Fadeaway Bank Jump Shot,1,108,21700803,580,11.0,made_fg(24),2,4,likely_contested,"subType: contested-like, text: pressure-move, distance: mid-range"
146,PT01M40.00S,1,1610612744,GSW,201939,Curry,S. Curry,105,253,27,Made,1,26.0,37.0,63,h,Curry 27' 3PT Pullup Jump Shot (7 PTS),Made Shot,Pullup Jump shot,1,110,21700803,620,5.0,made_fg(24),3,3,likely_contested,"subType: contested-like, text: pressure-move, distance: deep above-break 3 (>=27ft), clock: late (<=5s)"
159,PT00M42.60S,1,1610612744,GSW,201939,Curry,S. Curry,26,33,4,Missed,1,,,0,h,MISS Curry 4' Layup,Missed Shot,Layup Shot,1,119,21700803,678,20.0,jumpball(24),2,1,borderline,distance: at-rim/very close
291,PT03M48.00S,2,1610612744,GSW,201939,Curry,S. Curry,-2,23,2,Made,1,45.0,59.0,104,h,Curry 2' Layup (9 PTS) (Green 3 AST),Made Shot,Layup Shot,1,210,21700803,1212,9.0,def_reb(24),2,1,borderline,distance: at-rim/very close
306,PT03M09.00S,2,1610612744,GSW,201939,Curry,S. Curry,127,228,26,Missed,1,,,0,h,MISS Curry 26' 3PT Step Back Jump Shot,Missed Shot,Step Back Jump shot,1,221,21700803,1251,16.0,def_reb(24),3,3,likely_contested,"subType: contested-like, text: pressure-move"
354,PT00M11.40S,2,1610612744,GSW,201939,Curry,S. Curry,-6,270,27,Missed,1,,,0,h,MISS Curry 27' 3PT Jump Shot,Missed Shot,Jump Shot,1,260,21700803,1429,9.0,made_fg(24),3,-2,likely_open,"subType: open-like, distance: deep above-break 3 (>=27ft)"
405,PT09M52.00S,3,1610612744,GSW,201939,Curry,S. Curry,225,53,0,Missed,1,,,0,h,MISS Curry 3PT Jump Shot,Missed Shot,Jump Shot,1,293,21700803,1568,6.0,def_reb(24),3,0,likely_open,"subType: open-like, distance: at-rim/very close"
438,PT07M42.00S,3,1610612744,GSW,201939,Curry,S. Curry,145,214,26,Made,1,68.0,84.0,152,h,Curry 26' 3PT Pullup Jump Shot (12 PTS) (Durant 1 AST),Made Shot,Pullup Jump shot,1,317,21700803,1698,12.0,final_ft(24),3,3,likely_contested,"subType: contested-like, text: pressure-move"
504,PT03M39.00S,3,1610612744,GSW,201939,Curry,S. Curry,36,262,26,Missed,1,,,0,h,MISS Curry 26' 3PT Jump Shot,Missed Shot,Jump Shot,1,368,21700803,1941,7.0,def_reb(24),3,-1,likely_open,subType: open-like
515,PT02M32.00S,3,1610612744,GSW,201939,Curry,S. Curry,9,20,2,Made,1,73.0,93.0,166,h,Curry 2' Driving Finger Roll Layup (14 PTS),Made Shot,Driving Finger Roll Layup Shot,1,378,21700803,2008,7.0,made_fg(24),2,1,borderline,distance: at-rim/very close
558,PT00M01.20S,3,1610612744,GSW,201939,Curry,S. Curry,-171,605,63,Missed,1,,,0,h,MISS Curry 63' 3PT Jump Shot,Missed Shot,Jump Shot,1,412,21700803,2159,23.0,def_reb(24),3,-2,likely_open,"subType: open-like, distance: deep above-break 3 (>=27ft)"
39,PT08M55.00S,1,1610612744,GSW,201939,Curry,S. Curry,226,109,25,Missed,1,,,0,h,MISS Curry 25' 3PT Jump Shot,Missed Shot,Jump Shot,1,29,21700815,185,10.0,made_fg(24),3,-1,likely_open,subType: open-like
48,PT08M01.00S,1,1610612744,GSW,201939,Curry,S. Curry,-69,156,17,Made,1,9.0,11.0,20,h,Curry 17' Jump Shot (2 PTS) (Pachulia 1 AST),Made Shot,Jump Shot,1,36,21700815,239,8.0,made_fg(24),2,-1,likely_open,subType: open-like
122,PT03M35.00S,1,1610612744,GSW,201939,Curry,S. Curry,130,227,26,Made,1,18.0,19.0,37,h,Curry 26' 3PT Jump Shot (5 PTS) (Young 1 AST),Made Shot,Jump Shot,1,92,21700815,505,22.0,def_reb(24),3,-1,likely_open,subType: open-like
126,PT02M57.00S,1,1610612744,GSW,201939,Curry,S. Curry,160,211,26,Made,1,21.0,19.0,40,h,Curry 26' 3PT Jump Shot (8 PTS) (Durant 2 AST),Made Shot,Jump Shot,1,95,21700815,543,15.0,def_reb(24),3,-1,likely_open,subType: open-like
136,PT02M21.00S,1,1610612744,GSW,201939,Curry,S. Curry,156,237,28,Missed,1,,,0,h,MISS Curry 28' 3PT Jump Shot,Missed Shot,Jump Shot,1,101,21700815,579,5.0,made_fg(24),3,-1,likely_open,"subType: open-like, distance: deep above-break 3 (>=27ft), clock: late (<=5s)"
299,PT03M31.00S,2,1610612744,GSW,201939,Curry,S. Curry,167,199,26,Missed,1,,,0,h,MISS Curry 26' 3PT Jump Shot,Missed Shot,Jump Shot,1,216,21700815,1229,12.0,made_fg(24),3,-1,likely_open,subType: open-like
326,PT00M53.60S,2,1610612744,GSW,201939,Curry,S. Curry,225,41,0,Made,1,58.0,60.0,118,h,Curry 3PT Jump Shot (12 PTS) (Iguodala 2 AST),Made Shot,Jump Shot,1,238,21700815,1387,1.0,made_fg(24),3,0,likely_open,"subType: open-like, distance: at-rim/very close, coords: corner-3, corner: catch/spot, clock: late (<=5s)"
404,PT06M20.00S,3,1610612744,GSW,201939,Curry,S. Curry,144,231,27,Missed,1,,,0,h,MISS Curry 27' 3PT Jump Shot,Missed Shot,Jump Shot,1,299,21700815,1780,9.0,made_fg(24),3,-2,likely_open,"subType: open-like, distance: deep above-break 3 (>=27ft)"
431,PT05M02.00S,3,1610612744,GSW,201939,Curry,S. Curry,128,257,29,Made,1,76.0,76.0,152,h,Curry 29' 3PT Jump Shot (15 PTS) (Durant 3 AST),Made Shot,Jump Shot,1,321,21700815,1858,12.0,def_reb(24),3,-2,likely_open,"subType: open-like, distance: deep above-break 3 (>=27ft)"
435,PT04M23.00S,3,1610612744,GSW,201939,Curry,S. Curry,-13,9,2,Made,1,78.0,79.0,157,h,Curry 2' Driving Reverse Layup (17 PTS) (Durant 4 AST),Made Shot,Driving Reverse Layup Shot,1,323,21700815,1897,5.0,made_fg(24),2,4,likely_contested,"subType: contested-like, distance: at-rim/very close, clock: late (<=5s)"
467,PT01M28.00S,3,1610612744,GSW,201939,Curry,S. Curry,1,59,6,Made,1,87.0,83.0,170,h,Curry 6' Driving Finger Roll Layup (19 PTS),Made Shot,Driving Finger Roll Layup Shot,1,351,21700815,2072,12.0,def_reb(24),2,0,likely_open,
482,PT00M39.30S,3,1610612744,GSW,201939,Curry,S. Curry,28,267,27,Missed,1,,,0,h,MISS Curry 27' 3PT Pullup Jump Shot,Missed Shot,Pullup Jump shot,1,363,21700815,2121,16.0,final_ft(24),3,2,likely_contested,"subType: contested-like, text: pressure-move, distance: deep above-break 3 (>=27ft)"
64,PT06M28.00S,1,1610612744,GSW,201939,Curry,S. Curry,127,226,26,Made,1,11.0,15.0,26,h,Curry 26' 3PT Jump Shot (3 PTS),Made Shot,Jump Shot,1,43,21700831,332,11.0,final_ft(24),3,-1,likely_open,subType: open-like
105,PT03M50.00S,1,1610612744,GSW,201939,Curry,S. Curry,223,66,0,Made,1,21.0,23.0,44,h,Curry 3PT Jump Shot (6 PTS) (Iguodala 1 AST),Made Shot,Jump Shot,1,72,21700831,490,13.0,off_reb(14),3,0,likely_open,"subType: open-like, distance: at-rim/very close"
108,PT03M16.00S,1,1610612744,GSW,201939,Curry,S. Curry,128,231,26,Missed,1,,,0,h,MISS Curry 26' 3PT Jump Shot,Missed Shot,Jump Shot,1,74,21700831,524,16.0,made_fg(24),3,-1,likely_open,subType: open-like
131,PT01M44.00S,1,1610612744,GSW,201939,Curry,S. Curry,-6,18,2,Made,1,23.0,33.0,56,h,Curry 2' Driving Layup (8 PTS),Made Shot,Driving Layup Shot,1,90,21700831,616,10.0,made_fg(24),2,3,likely_contested,"subType: contested-like, distance: at-rim/very close"
143,PT00M27.20S,1,1610612744,GSW,201939,Curry,S. Curry,3,11,1,Made,1,27.0,35.0,62,h,Curry 1' Running Layup (10 PTS),Made Shot,Running Layup Shot,1,101,21700831,693,20.0,def_reb(24),2,3,likely_contested,"subType: contested-like, distance: at-rim/very close"
145,PT00M02.30S,1,1610612744,GSW,201939,Curry,S. Curry,-156,209,26,Missed,1,,,0,h,MISS Curry 26' 3PT Jump Shot,Missed Shot,Jump Shot,1,103,21700831,718,19.0,made_fg(24),3,-1,likely_open,subType: open-like
258,PT04M48.00S,2,1610612744,GSW,201939,Curry,S. Curry,-5,11,1,Made,1,46.0,44.0,90,h,Curry 1' Cutting Layup Shot (12 PTS) (Durant 2 AST),Made Shot,Cutting Layup Shot,1,181,21700831,1152,18.0,def_reb(24),2,1,borderline,distance: at-rim/very close
269,PT03M48.00S,2,1610612744,GSW,201939,Curry,S. Curry,1,32,3,Missed,1,,,0,h,MISS Curry 3' Layup,Missed Shot,Layup Shot,1,194,21700831,1212,12.0,off_reb(14),2,1,borderline,distance: at-rim/very close
303,PT01M08.00S,2,1610612744,GSW,201939,Curry,S. Curry,104,247,27,Made,1,55.0,53.0,108,h,Curry 27' 3PT Jump Shot (15 PTS) (Durant 3 AST),Made Shot,Jump Shot,1,217,21700831,1372,5.0,made_fg(24),3,-1,likely_open,"subType: open-like, distance: deep above-break 3 (>=27ft), clock: late (<=5s)"
310,PT00M12.30S,2,1610612744,GSW,201939,Curry,S. Curry,-102,251,27,Missed,1,,,0,h,MISS Curry 27' 3PT Jump Shot,Missed Shot,Jump Shot,1,222,21700831,1428,6.0,def_reb(24),3,-2,likely_open,"subType: open-like, distance: deep above-break 3 (>=27ft)"
443,PT02M05.00S,3,1610612744,GSW,201939,Curry,S. Curry,52,91,10,Missed,1,,,0,h,MISS Curry 10' Floating Jump Shot,Missed Shot,Floating Jump shot,1,314,21700831,2035,20.0,def_reb(24),2,3,likely_contested,"subType: contested-like, distance: mid-range"
471,PT00M09.10S,3,1610612744,GSW,201939,Curry,S. Curry,2,23,2,Made,1,91.0,75.0,166,h,Curry 2' Layup (17 PTS),Made Shot,Layup Shot,1,337,21700831,2151,9.0,def_reb(24),2,1,borderline,distance: at-rim/very close
475,PT00M00.40S,3,1610612744,GSW,201939,Curry,S. Curry,-7,657,66,Missed,1,,,0,h,MISS Curry 66' 3PT Jump Shot,Missed Shot,Jump Shot,1,341,21700831,2160,19.0,def_reb(24),3,-2,likely_open,"subType: open-like, distance: deep above-break 3 (>=27ft)"
11,PT11M26.00S,1,1610612744,GSW,201939,Curry,S. Curry,-5,252,25,Missed,1,,,0,h,MISS Curry 25' 3PT Jump Shot,Missed Shot,Jump Shot,1,6,21700846,34,12.0,made_fg(24),3,-1,likely_open,subType: open-like
40,PT08M39.00S,1,1610612744,GSW,201939,Curry,S. Curry,85,267,28,Missed,1,,,0,h,MISS Curry 28' 3PT Jump Shot,Missed Shot,Jump Shot,1,32,21700846,201,21.0,def_reb(24),3,-2,likely_open,"subType: open-like, distance: deep above-break 3 (>=27ft)"
75,PT05M36.00S,1,1610612744,GSW,201939,Curry,S. Curry,66,243,25,Missed,1,,,0,h,MISS Curry 25' 3PT Jump Shot,Missed Shot,Jump Shot,1,59,21700846,384,14.0,turnover(24),3,-1,likely_open,subType: open-like
86,PT05M18.00S,1,1610612744,GSW,201939,Curry,S. Curry,116,232,26,Missed,1,,,0,h,MISS Curry 26' 3PT Jump Shot,Missed Shot,Jump Shot,1,66,21700846,402,14.0,turnover(24),3,-1,likely_open,subType: open-like
128,PT02M08.00S,1,1610612744,GSW,201939,Curry,S. Curry,192,180,26,Made,1,20.0,20.0,40,h,Curry 26' 3PT Jump Shot (3 PTS) (Iguodala 1 AST),Made Shot,Jump Shot,1,99,21700846,592,21.0,turnover(24),3,-1,likely_open,subType: open-like
143,PT01M02.00S,1,1610612744,GSW,201939,Curry,S. Curry,115,138,18,Made,1,23.0,20.0,43,h,Curry 18' Jump Shot (5 PTS) (Durant 1 AST),Made Shot,Jump Shot,1,111,21700846,658,12.0,def_reb(24),2,-1,likely_open,subType: open-like
149,PT00M41.30S,1,1610612744,GSW,201939,Curry,S. Curry,-3,16,2,Missed,1,,,0,h,MISS Curry 2' Layup,Missed Shot,Layup Shot,1,116,21700846,679,16.0,made_fg(24),2,1,borderline,distance: at-rim/very close
158,PT00M00.30S,1,1610612744,GSW,201939,Curry,S. Curry,39,676,68,Missed,1,,,0,h,MISS Curry 68' 3PT Jump Shot,Missed Shot,Jump Shot,1,124,21700846,720,24.0,def_reb(24),3,-2,likely_open,"subType: open-like, distance: deep above-break 3 (>=27ft)"
242,PT05M43.00S,2,1610612744,GSW,201939,Curry,S. Curry,6,0,1,Made,1,46.0,36.0,82,h,Curry 1' Cutting Layup Shot (7 PTS) (West 2 AST),Made Shot,Cutting Layup Shot,1,182,21700846,1097,14.0,turnover(24),2,1,borderline,distance: at-rim/very close
271,PT03M36.00S,2,1610612744,GSW,201939,Curry,S. Curry,130,67,15,Made,1,51.0,38.0,89,h,Curry 15' Driving Floating Bank Jump Shot (9 PTS),Made Shot,Driving Floating Bank Jump Shot,1,204,21700846,1224,18.0,turnover(24),2,3,likely_contested,"subType: contested-like, distance: mid-range"
319,PT00M35.00S,2,1610612744,GSW,201939,Curry,S. Curry,132,226,26,Made,1,59.0,45.0,104,h,Curry 26' 3PT Jump Shot (12 PTS) (Durant 4 AST),Made Shot,Jump Shot,1,241,21700846,1405,23.0,def_reb(24),3,-1,likely_open,subType: open-like
326,PT00M05.90S,2,1610612744,GSW,201939,Curry,S. Curry,-2,78,8,Made,1,61.0,45.0,106,h,Curry 8' Floating Jump Shot (14 PTS) (Iguodala 3 AST),Made Shot,Floating Jump shot,1,247,21700846,1435,13.0,def_reb(24),2,3,likely_contested,"subType: contested-like, distance: mid-range"
375,PT09M39.00S,3,1610612744,GSW,201939,Curry,S. Curry,-89,263,28,Made,1,73.0,51.0,124,h,Curry 28' 3PT Jump Shot (18 PTS),Made Shot,Jump Shot,1,276,21700846,1581,21.0,def_reb(24),3,-2,likely_open,"subType: open-like, distance: deep above-break 3 (>=27ft)"
397,PT08M05.00S,3,1610612744,GSW,201939,Curry,S. Curry,-96,147,18,Made,1,75.0,51.0,126,h,Curry 18' Jump Shot (20 PTS),Made Shot,Jump Shot,1,294,21700846,1675,3.0,off_reb(14),2,0,likely_open,"subType: open-like, clock: late (<=5s)"
470,PT02M38.00S,3,1610612744,GSW,201939,Curry,S. Curry,-23,12,3,Missed,1,,,0,h,MISS Curry 3' Layup,Missed Shot,Layup Shot,1,348,21700846,2002,21.0,def_reb(24),2,1,borderline,distance: at-rim/very close
475,PT02M25.00S,3,1610612744,GSW,201939,Curry,S. Curry,6,20,2,Missed,1,,,0,h,MISS Curry 2' Layup,Missed Shot,Layup Shot,1,353,21700846,2015,23.0,def_reb(24),2,1,borderline,distance: at-rim/very close
511,PT00M01.50S,3,1610612744,GSW,201939,Curry,S. Curry,-145,426,45,Missed,1,,,0,h,MISS Curry 45' 3PT Jump Shot,Missed Shot,Jump Shot,1,383,21700846,2159,21.0,made_fg(24),3,-2,likely_open,"subType: open-like, distance: deep above-break 3 (>=27ft)"
37,PT08M58.00S,1,1610612744,GSW,201939,Curry,S. Curry,123,42,13,Missed,1,,,0,v,MISS Curry 13' Fadeaway Jumper,Missed Shot,Fadeaway Jump Shot,1,29,21700864,182,7.0,made_fg(24),2,4,likely_contested,"subType: contested-like, text: pressure-move, distance: mid-range"
41,PT08M36.00S,1,1610612744,GSW,201939,Curry,S. Curry,-194,151,25,Missed,1,,,0,v,MISS Curry 25' 3PT Jump Shot,Missed Shot,Jump Shot,1,33,21700864,204,15.0,def_reb(24),3,-1,likely_open,subType: open-like
92,PT05M16.00S,1,1610612744,GSW,201939,Curry,S. Curry,-82,231,25,Missed,1,,,0,v,MISS Curry 25' 3PT Pullup Jump Shot,Missed Shot,Pullup Jump shot,1,76,21700864,404,16.0,final_ft(24),3,3,likely_contested,"subType: contested-like, text: pressure-move"
128,PT02M48.00S,1,1610612744,GSW,201939,Curry,S. Curry,-55,17,6,Missed,1,,,0,v,MISS Curry 6' Driving Floating Jump Shot,Missed Shot,Driving Floating Jump Shot,1,102,21700864,552,13.0,made_fg(24),2,2,likely_contested,subType: contested-like
149,PT00M51.50S,1,1610612744,GSW,201939,Curry,S. Curry,-4,25,3,Missed,1,,,0,v,MISS Curry 3' Driving Finger Roll Layup,Missed Shot,Driving Finger Roll Layup Shot,1,119,21700864,669,12.0,made_fg(24),2,1,borderline,distance: at-rim/very close
172,PT00M00.00S,1,1610612744,GSW,201939,Curry,S. Curry,11,17,2,Made,1,40.0,27.0,67,v,Curry 2' Driving Finger Roll Layup (2 PTS),Made Shot,Driving Finger Roll Layup Shot,1,137,21700864,720,24.0,turnover(24),2,1,borderline,distance: at-rim/very close
257,PT05M23.00S,2,1610612744,GSW,201939,Curry,S. Curry,-3,20,2,Missed,1,,,0,v,MISS Curry 2' Driving Finger Roll Layup,Missed Shot,Driving Finger Roll Layup Shot,1,197,21700864,1117,6.0,made_fg(24),2,1,borderline,distance: at-rim/very close
263,PT04M35.00S,2,1610612744,GSW,201939,Curry,S. Curry,-228,6,0,Missed,1,,,0,v,MISS Curry 3PT Jump Shot,Missed Shot,Jump Shot,1,203,21700864,1165,7.0,made_fg(24),3,-1,likely_open,"subType: open-like, distance: at-rim/very close, coords: corner-3, corner: catch/spot"
301,PT02M05.00S,2,1610612744,GSW,201939,Curry,S. Curry,-199,142,24,Made,1,61.0,47.0,108,v,Curry 24' 3PT Pullup Jump Shot (5 PTS),Made Shot,Pullup Jump shot,1,229,21700864,1315,14.0,made_fg(24),3,3,likely_contested,"subType: contested-like, text: pressure-move"
323,PT11M46.00S,3,1610612744,GSW,201939,Curry,S. Curry,198,139,24,Made,1,63.0,54.0,117,v,Curry 24' 3PT Jump Shot (8 PTS) (Durant 4 AST),Made Shot,Jump Shot,1,246,21700864,1454,10.0,period_start(24),3,-1,likely_open,subType: open-like
351,PT09M20.00S,3,1610612744,GSW,201939,Curry,S. Curry,-29,251,25,Missed,1,,,0,v,MISS Curry 25' 3PT Pullup Jump Shot,Missed Shot,Pullup Jump shot,1,268,21700864,1600,20.0,turnover(24),3,3,likely_contested,"subType: contested-like, text: pressure-move"
378,PT07M08.00S,3,1610612744,GSW,201939,Curry,S. Curry,6,10,1,Made,1,79.0,75.0,154,v,Curry 1' Driving Reverse Layup (10 PTS),Made Shot,Driving Reverse Layup Shot,1,288,21700864,1732,10.0,made_fg(24),2,3,likely_contested,"subType: contested-like, distance: at-rim/very close"
382,PT06M32.00S,3,1610612744,GSW,201939,Curry,S. Curry,-8,-4,1,Made,1,82.0,77.0,159,v,Curry 1' Reverse Layup (12 PTS) (Durant 5 AST),Made Shot,Reverse Layup Shot,1,290,21700864,1768,3.0,made_fg(24),2,4,likely_contested,"subType: contested-like, distance: at-rim/very close, clock: late (<=5s)"
410,PT04M28.00S,3,1610612744,GSW,201939,Curry,S. Curry,-228,31,0,Missed,1,,,0,v,MISS Curry 3PT Jump Shot,Missed Shot,Jump Shot,1,312,21700864,1892,12.0,off_reb(14),3,-1,likely_open,"subType: open-like, distance: at-rim/very close, coords: corner-3, corner: catch/spot"
533,PT07M10.00S,4,1610612744,GSW,201939,Curry,S. Curry,-60,243,25,Made,1,99.0,99.0,198,v,Curry 25' 3PT Jump Shot (15 PTS) (Green 7 AST),Made Shot,Jump Shot,1,402,21700864,2450,18.0,def_reb(24),3,-1,likely_open,subType: open-like
558,PT05M37.00S,4,1610612744,GSW,201939,Curry,S. Curry,228,69,24,Missed,1,,,0,v,MISS Curry 24' 3PT Jump Shot,Missed Shot,Jump Shot,1,418,21700864,2543,8.0,made_fg(24),3,-1,likely_open,subType: open-like
579,PT04M13.00S,4,1610612744,GSW,201939,Curry,S. Curry,-81,238,25,Missed,1,,,0,v,MISS Curry 25' 3PT Step Back Jump Shot,Missed Shot,Step Back Jump shot,1,435,21700864,2627,13.0,final_ft(24),3,3,likely_contested,"subType: contested-like, text: pressure-move"
9,PT11M32.00S,1,1610612744,GSW,201939,Curry,S. Curry,10,11,1,Made,1,2.0,0.0,2,h,Curry 1' Driving Finger Roll Layup (2 PTS) (Green 1 AST),Made Shot,Driving Finger Roll Layup Shot,1,5,21700872,28,12.0,def_reb(24),2,1,borderline,distance: at-rim/very close
94,PT03M09.00S,1,1610612744,GSW,201939,Curry,S. Curry,152,81,17,Missed,1,,,0,h,MISS Curry 17' Pullup Jump Shot,Missed Shot,Pullup Jump shot,1,67,21700872,531,5.0,turnover(24),2,4,likely_contested,"subType: contested-like, text: pressure-move, clock: late (<=5s)"
101,PT02M41.00S,1,1610612744,GSW,201939,Curry,S. Curry,198,36,20,Missed,1,,,0,h,MISS Curry 20' Step Back Jump Shot,Missed Shot,Step Back Jump shot,1,72,21700872,559,13.0,made_fg(24),2,3,likely_contested,"subType: contested-like, text: pressure-move"
139,PT00M45.00S,1,1610612744,GSW,201939,Curry,S. Curry,-134,262,29,Missed,1,,,0,h,MISS Curry 29' 3PT Running Jump Shot,Missed Shot,Running Jump Shot,1,99,21700872,675,23.0,def_reb(24),3,-2,likely_open,"subType: open-like, distance: deep above-break 3 (>=27ft)"
152,PT00M01.00S,1,1610612744,GSW,201939,Curry,S. Curry,-79,362,37,Made,1,34.0,23.0,57,h,Curry 37' 3PT Pullup Jump Shot (7 PTS),Made Shot,Pullup Jump shot,1,109,21700872,719,22.0,turnover(24),3,2,likely_contested,"subType: contested-like, text: pressure-move, distance: deep above-break 3 (>=27ft)"
290,PT02M37.00S,2,1610612744,GSW,201939,Curry,S. Curry,-20,251,25,Made,1,63.0,52.0,115,h,Curry 25' 3PT Jump Shot (10 PTS) (Green 5 AST),Made Shot,Jump Shot,1,209,21700872,1283,6.0,off_reb(14),3,-1,likely_open,subType: open-like
334,PT00M07.00S,2,1610612744,GSW,201939,Curry,S. Curry,73,253,26,Made,1,70.0,55.0,125,h,Curry 26' 3PT Step Back Jump Shot (15 PTS),Made Shot,Step Back Jump shot,1,243,21700872,1433,9.0,def_reb(24),3,3,likely_contested,"subType: contested-like, text: pressure-move"
341,PT11M47.00S,3,1610612744,GSW,201939,Curry,S. Curry,8,13,2,Made,1,72.0,58.0,130,h,Curry 2' Cutting Layup Shot (17 PTS) (Green 6 AST),Made Shot,Cutting Layup Shot,1,247,21700872,1453,11.0,period_start(24),2,1,borderline,distance: at-rim/very close
358,PT09M35.00S,3,1610612744,GSW,201939,Curry,S. Curry,95,38,10,Made,1,78.0,62.0,140,h,Curry 10' Driving Finger Roll Layup (19 PTS),Made Shot,Driving Finger Roll Layup Shot,1,262,21700872,1585,8.0,turnover(24),2,1,borderline,distance: mid-range
370,PT08M23.00S,3,1610612744,GSW,201939,Curry,S. Curry,-18,6,2,Made,1,80.0,66.0,146,h,Curry 2' Driving Layup (21 PTS),Made Shot,Driving Layup Shot,1,273,21700872,1657,21.0,def_reb(24),2,3,likely_contested,"subType: contested-like, distance: at-rim/very close"
377,PT07M33.00S,3,1610612744,GSW,201939,Curry,S. Curry,180,185,26,Made,1,83.0,68.0,151,h,Curry 26' 3PT Jump Shot (24 PTS),Made Shot,Jump Shot,1,279,21700872,1707,18.0,turnover(24),3,-1,likely_open,subType: open-like
433,PT03M44.00S,3,1610612744,GSW,201939,Curry,S. Curry,-13,266,27,Made,1,93.0,77.0,170,h,Curry 27' 3PT Jump Shot (27 PTS) (Durant 5 AST),Made Shot,Jump Shot,1,321,21700872,1936,13.0,made_fg(24),3,-2,likely_open,"subType: open-like, distance: deep above-break 3 (>=27ft)"
452,PT02M56.00S,3,1610612744,GSW,201939,Curry,S. Curry,61,250,26,Missed,1,,,0,h,MISS Curry 26' 3PT Jump Shot,Missed Shot,Jump Shot,1,333,21700872,1984,12.0,final_ft(24),3,-1,likely_open,subType: open-like
481,PT00M36.50S,3,1610612744,GSW,201939,Curry,S. Curry,-112,-1,11,Made,1,100.0,89.0,189,h,Curry 11' Jump Shot (31 PTS),Made Shot,Jump Shot,1,353,21700872,2124,9.0,made_fg(24),2,0,likely_open,"subType: open-like, distance: mid-range"
607,PT06M00.00S,4,1610612744,GSW,201939,Curry,S. Curry,-16,269,27,Made,1,115.0,108.0,223,h,Curry 27' 3PT Jump Shot (36 PTS),Made Shot,Jump Shot,1,437,21700872,2520,16.0,final_ft(24),3,-2,likely_open,"subType: open-like, distance: deep above-break 3 (>=27ft)"
610,PT05M23.00S,4,1610612744,GSW,201939,Curry,S. Curry,13,252,25,Missed,1,,,0,h,MISS Curry 25' 3PT Step Back Jump Shot,Missed Shot,Step Back Jump shot,1,440,21700872,2557,14.0,def_reb(24),3,3,likely_contested,"subType: contested-like, text: pressure-move"
641,PT03M33.00S,4,1610612744,GSW,201939,Curry,S. Curry,-35,41,5,Made,1,118.0,113.0,231,h,Curry 5' Driving Finger Roll Layup (38 PTS),Made Shot,Driving Finger Roll Layup Shot,1,462,21700872,2667,7.0,made_fg(24),2,1,borderline,distance: at-rim/very close
655,PT01M47.00S,4,1610612744,GSW,201939,Curry,S. Curry,125,262,29,Made,1,125.0,118.0,243,h,Curry 29' 3PT Jump Shot (41 PTS),Made Shot,Jump Shot,1,471,21700872,2773,16.0,def_reb(24),3,-2,likely_open,"subType: open-like, distance: deep above-break 3 (>=27ft)"
666,PT01M34.00S,4,1610612744,GSW,201939,Curry,S. Curry,62,251,26,Made,1,128.0,120.0,248,h,Curry 26' 3PT Jump Shot (44 PTS),Made Shot,Jump Shot,1,478,21700872,2786,14.0,final_ft(24),3,-1,likely_open,subType: open-like
49,PT08M24.00S,1,1610612744,GSW,201939,Curry,S. Curry,-17,36,4,Missed,1,,,0,h,MISS Curry 4' Layup,Missed Shot,Layup Shot,1,39,21700887,216,17.0,def_reb(24),2,1,borderline,distance: at-rim/very close
53,PT07M41.00S,1,1610612744,GSW,201939,Curry,S. Curry,176,186,26,Made,1,7.0,6.0,13,h,Curry 26' 3PT Jump Shot (3 PTS) (Green 1 AST),Made Shot,Jump Shot,1,42,21700887,259,3.0,made_fg(24),3,0,likely_open,"subType: open-like, clock: late (<=5s)"
125,PT02M43.00S,1,1610612744,GSW,201939,Curry,S. Curry,-89,275,29,Made,1,16.0,13.0,29,h,Curry 29' 3PT Running Pull-Up Jump Shot (6 PTS) (Pachulia 1 AST),Made Shot,Running Pull-Up Jump Shot,1,100,21700887,557,19.0,turnover(24),3,2,likely_contested,"subType: contested-like, text: pressure-move, distance: deep above-break 3 (>=27ft)"
147,PT01M28.00S,1,1610612744,GSW,201939,Curry,S. Curry,-168,217,27,Missed,1,,,0,h,MISS Curry 27' 3PT Jump Shot,Missed Shot,Jump Shot,1,115,21700887,632,12.0,final_ft(24),3,-2,likely_open,"subType: open-like, distance: deep above-break 3 (>=27ft)"
152,PT01M04.00S,1,1610612744,GSW,201939,Curry,S. Curry,226,78,24,Missed,1,,,0,h,MISS Curry 24' 3PT Jump Shot,Missed Shot,Jump Shot,1,120,21700887,656,18.0,turnover(24),3,-1,likely_open,subType: open-like
260,PT05M25.00S,2,1610612744,GSW,201939,Curry,S. Curry,105,163,19,Missed,1,,,0,h,MISS Curry 19' Step Back Jump Shot,Missed Shot,Step Back Jump shot,1,196,21700887,1115,17.0,def_reb(24),2,3,likely_contested,"subType: contested-like, text: pressure-move"
279,PT04M51.00S,2,1610612744,GSW,201939,Curry,S. Curry,5,20,2,Made,1,32.0,35.0,67,h,Curry 2' Driving Reverse Layup (8 PTS),Made Shot,Driving Reverse Layup Shot,1,209,21700887,1149,16.0,made_fg(24),2,3,likely_contested,"subType: contested-like, distance: at-rim/very close"
296,PT02M39.00S,2,1610612744,GSW,201939,Curry,S. Curry,4,18,2,Missed,1,,,0,h,MISS Curry 2' Layup,Missed Shot,Layup Shot,1,222,21700887,1281,10.0,made_fg(24),2,1,borderline,distance: at-rim/very close
312,PT01M24.00S,2,1610612744,GSW,201939,Curry,S. Curry,-166,191,25,Made,1,48.0,41.0,89,h,Curry 25' 3PT Jump Shot (11 PTS) (Green 5 AST),Made Shot,Jump Shot,1,233,21700887,1356,2.0,made_fg(24),3,0,likely_open,"subType: open-like, clock: late (<=5s)"
338,PT00M00.60S,2,1610612744,GSW,201939,Curry,S. Curry,-144,609,63,Missed,1,,,0,h,MISS Curry 63' 3PT Jump Shot,Missed Shot,Jump Shot,1,252,21700887,1440,23.0,turnover(24),3,-2,likely_open,"subType: open-like, distance: deep above-break 3 (>=27ft)"
366,PT10M24.00S,3,1610612744,GSW,201939,Curry,S. Curry,232,14,0,Missed,1,,,0,h,MISS Curry 3PT Jump Shot,Missed Shot,Jump Shot,1,273,21700887,1536,12.0,final_ft(24),3,-1,likely_open,"subType: open-like, distance: at-rim/very close, coords: corner-3, corner: catch/spot"
375,PT09M42.00S,3,1610612744,GSW,201939,Curry,S. Curry,-18,260,26,Missed,1,,,0,h,MISS Curry 26' 3PT Step Back Jump Shot,Missed Shot,Step Back Jump shot,1,281,21700887,1578,8.0,made_fg(24),3,3,likely_contested,"subType: contested-like, text: pressure-move"
382,PT08M55.00S,3,1610612744,GSW,201939,Curry,S. Curry,101,85,13,Missed,1,,,0,h,MISS Curry 13' Jump Bank Shot,Missed Shot,Jump Bank Shot,1,287,21700887,1625,,stale_reset(24),2,3,likely_contested,"subType: contested-like, distance: mid-range"
400,PT07M35.00S,3,1610612744,GSW,201939,Curry,S. Curry,2,36,4,Made,1,58.0,59.0,117,h,Curry 4' Driving Finger Roll Layup (13 PTS),Made Shot,Driving Finger Roll Layup Shot,1,302,21700887,1705,7.0,made_fg(24),2,1,borderline,distance: at-rim/very close
408,PT06M41.00S,3,1610612744,GSW,201939,Curry,S. Curry,236,20,24,Made,1,63.0,59.0,122,h,Curry 24' 3PT Jump Shot (16 PTS) (Durant 2 AST),Made Shot,Jump Shot,1,309,21700887,1759,5.0,turnover(24),3,-1,likely_open,"subType: open-like, coords: corner-3, corner: catch/spot, clock: late (<=5s)"
424,PT05M24.00S,3,1610612744,GSW,201939,Curry,S. Curry,-144,218,26,Made,1,68.0,61.0,129,h,Curry 26' 3PT Jump Shot (19 PTS) (Green 7 AST),Made Shot,Jump Shot,1,317,21700887,1836,8.0,made_fg(24),3,-1,likely_open,subType: open-like
430,PT04M45.00S,3,1610612744,GSW,201939,Curry,S. Curry,-102,142,17,Made,1,70.0,63.0,133,h,Curry 17' Jump Shot (21 PTS) (Green 8 AST),Made Shot,Jump Shot,1,319,21700887,1875,3.0,made_fg(24),2,0,likely_open,"subType: open-like, clock: late (<=5s)"
433,PT04M27.00S,3,1610612744,GSW,201939,Curry,S. Curry,-234,-4,0,Missed,1,,,0,h,MISS Curry 3PT Jump Shot,Missed Shot,Jump Shot,1,321,21700887,1893,13.0,made_fg(24),3,-1,likely_open,"subType: open-like, distance: at-rim/very close, coords: corner-3, corner: catch/spot"
472,PT02M14.00S,3,1610612744,GSW,201939,Curry,S. Curry,-227,-1,0,Missed,1,,,0,h,MISS Curry 3PT Jump Shot,Missed Shot,Jump Shot,1,351,21700887,2026,22.0,keep_clock(24),3,-1,likely_open,"subType: open-like, distance: at-rim/very close, coords: corner-3, corner: catch/spot"
23,PT10M15.00S,1,1610612744,GSW,201939,Curry,S. Curry,-46,158,16,Made,1,4.0,6.0,10,v,Curry 16' Pullup Jump Shot (2 PTS),Made Shot,Pullup Jump shot,1,14,21700900,105,15.0,made_fg(24),2,4,likely_contested,"subType: contested-like, text: pressure-move, distance: mid-range"
27,PT09M55.00S,1,1610612744,GSW,201939,Curry,S. Curry,20,267,27,Missed,1,,,0,v,MISS Curry 27' 3PT Pullup Jump Shot,Missed Shot,Pullup Jump shot,1,18,21700900,125,22.0,def_reb(24),3,2,likely_contested,"subType: contested-like, text: pressure-move, distance: deep above-break 3 (>=27ft)"
56,PT07M03.00S,1,1610612744,GSW,201939,Curry,S. Curry,104,246,27,Missed,1,,,0,v,MISS Curry 27' 3PT Jump Shot,Missed Shot,Jump Shot,1,38,21700900,297,12.0,made_fg(24),3,-2,likely_open,"subType: open-like, distance: deep above-break 3 (>=27ft)"
89,PT04M05.00S,1,1610612744,GSW,201939,Curry,S. Curry,-76,247,26,Made,1,24.0,26.0,50,v,Curry 26' 3PT Jump Shot (5 PTS) (Durant 2 AST),Made Shot,Jump Shot,1,62,21700900,475,10.0,final_ft(24),3,-1,likely_open,subType: open-like
111,PT02M00.00S,1,1610612744,GSW,201939,Curry,S. Curry,63,177,19,Missed,1,,,0,v,MISS Curry 19' Jump Shot,Missed Shot,Jump Shot,1,78,21700900,600,13.0,made_fg(24),2,-1,likely_open,subType: open-like
130,PT00M10.70S,1,1610612744,GSW,201939,Curry,S. Curry,-6,10,1,Made,1,37.0,37.0,74,v,Curry 1' Layup (7 PTS) (Iguodala 1 AST),Made Shot,Layup Shot,1,92,21700900,710,4.0,made_fg(24),2,2,likely_contested,"distance: at-rim/very close, clock: late (<=5s)"
213,PT06M12.00S,2,1610612744,GSW,201939,Curry,S. Curry,230,56,24,Missed,1,,,0,v,MISS Curry 24' 3PT Jump Shot,Missed Shot,Jump Shot,1,152,21700900,1068,8.0,keep_clock(19),3,-1,likely_open,subType: open-like
303,PT10M59.00S,3,1610612744,GSW,201939,Curry,S. Curry,-133,222,26,Made,1,64.0,69.0,133,v,Curry 26' 3PT Pullup Jump Shot (10 PTS) (McGee 3 AST),Made Shot,Pullup Jump shot,1,219,21700900,1501,21.0,def_reb(24),3,3,likely_contested,"subType: contested-like, text: pressure-move"
306,PT10M35.00S,3,1610612744,GSW,201939,Curry,S. Curry,-177,183,25,Missed,1,,,0,v,MISS Curry 25' 3PT Jump Shot,Missed Shot,Jump Shot,1,222,21700900,1525,15.0,def_reb(24),3,-1,likely_open,subType: open-like
329,PT08M56.00S,3,1610612744,GSW,201939,Curry,S. Curry,5,-5,1,Missed,1,,,0,v,MISS Curry 1' Layup,Missed Shot,Layup Shot,1,240,21700900,1624,17.0,def_reb(24),2,1,borderline,distance: at-rim/very close
370,PT06M09.00S,3,1610612744,GSW,201939,Curry,S. Curry,204,5,20,Missed,1,,,0,v,MISS Curry 20' Step Back Jump Shot,Missed Shot,Step Back Jump shot,1,269,21700900,1791,16.0,def_reb(24),2,3,likely_contested,"subType: contested-like, text: pressure-move"
377,PT05M39.00S,3,1610612744,GSW,201939,Curry,S. Curry,-3,34,3,Made,1,68.0,83.0,151,v,Curry 3' Cutting Layup Shot (12 PTS) (Green 5 AST),Made Shot,Cutting Layup Shot,1,275,21700900,1821,15.0,def_reb(24),2,1,borderline,distance: at-rim/very close
388,PT04M28.00S,3,1610612744,GSW,201939,Curry,S. Curry,140,84,16,Made,1,73.0,87.0,160,v,Curry 16' Jump Shot (14 PTS) (Pachulia 1 AST),Made Shot,Jump Shot,1,283,21700900,1892,6.0,made_fg(24),2,0,likely_open,"subType: open-like, distance: mid-range"
401,PT03M35.00S,3,1610612744,GSW,201939,Curry,S. Curry,130,214,25,Made,1,73.0,90.0,163,v,Curry 25' 3PT Pullup Jump Shot (17 PTS),Made Shot,Pullup Jump shot,1,295,21700900,1945,13.0,def_reb(24),3,3,likely_contested,"subType: contested-like, text: pressure-move"
434,PT01M37.00S,3,1610612744,GSW,201939,Curry,S. Curry,114,231,26,Made,1,79.0,98.0,177,v,Curry 26' 3PT Pullup Jump Shot (20 PTS),Made Shot,Pullup Jump shot,1,319,21700900,2063,16.0,made_fg(24),3,3,likely_contested,"subType: contested-like, text: pressure-move"
451,PT00M07.10S,3,1610612744,GSW,201939,Curry,S. Curry,209,162,26,Missed,1,,,0,v,MISS Curry 26' 3PT Fadeaway Jumper,Missed Shot,Fadeaway Jump Shot,1,331,21700900,2153,5.0,made_fg(24),3,4,likely_contested,"subType: contested-like, text: pressure-move, clock: late (<=5s)"
35,PT08M56.00S,1,1610612744,GSW,201939,Curry,S. Curry,-8,135,14,Missed,1,,,0,v,MISS Curry 14' Floating Jump Shot,Missed Shot,Floating Jump shot,1,25,21700917,184,20.0,def_reb(24),2,3,likely_contested,"subType: contested-like, distance: mid-range"
43,PT08M17.00S,1,1610612744,GSW,201939,Curry,S. Curry,18,26,3,Missed,1,,,0,v,MISS Curry 3' Driving Layup,Missed Shot,Driving Layup Shot,1,32,21700917,223,20.0,turnover(24),2,3,likely_contested,"subType: contested-like, distance: at-rim/very close"
59,PT06M49.00S,1,1610612744,GSW,201939,Curry,S. Curry,241,53,25,Made,1,11.0,17.0,28,v,Curry 25' 3PT Pullup Jump Shot (3 PTS),Made Shot,Pullup Jump shot,1,44,21700917,311,8.0,made_fg(24),3,3,likely_contested,"subType: contested-like, text: pressure-move"
108,PT02M58.00S,1,1610612744,GSW,201939,Curry,S. Curry,165,299,34,Missed,1,,,0,v,MISS Curry 34' 3PT Pullup Jump Shot,Missed Shot,Pullup Jump shot,1,81,21700917,542,19.0,def_reb(24),3,2,likely_contested,"subType: contested-like, text: pressure-move, distance: deep above-break 3 (>=27ft)"
114,PT02M22.00S,1,1610612744,GSW,201939,Curry,S. Curry,-124,243,27,Made,1,19.0,25.0,44,v,Curry 27' 3PT Jump Shot (6 PTS) (Iguodala 1 AST),Made Shot,Jump Shot,1,87,21700917,578,11.0,made_fg(24),3,-2,likely_open,"subType: open-like, distance: deep above-break 3 (>=27ft)"
143,PT00M12.40S,1,1610612744,GSW,201939,Curry,S. Curry,-144,204,25,Made,1,21.0,35.0,56,v,Curry 25' 3PT Pullup Jump Shot (9 PTS) (Iguodala 2 AST),Made Shot,Pullup Jump shot,1,109,21700917,708,7.0,def_reb(24),3,3,likely_contested,"subType: contested-like, text: pressure-move"
275,PT03M42.00S,2,1610612744,GSW,201939,Curry,S. Curry,30,35,5,Missed,1,,,0,v,MISS Curry 5' Driving Finger Roll Layup,Missed Shot,Driving Finger Roll Layup Shot,1,204,21700917,1218,14.0,turnover(24),2,1,borderline,distance: at-rim/very close
277,PT03M36.00S,2,1610612744,GSW,201939,Curry,S. Curry,143,230,27,Missed,1,,,0,v,MISS Curry 27' 3PT Jump Shot,Missed Shot,Jump Shot,1,206,21700917,1224,11.0,off_reb(14),3,-2,likely_open,"subType: open-like, distance: deep above-break 3 (>=27ft)"
305,PT01M57.00S,2,1610612744,GSW,201939,Curry,S. Curry,-160,122,20,Missed,1,,,0,v,MISS Curry 20' Jump Shot,Missed Shot,Jump Shot,1,224,21700917,1323,8.0,made_fg(24),2,-1,likely_open,subType: open-like
353,PT10M13.00S,3,1610612744,GSW,201939,Curry,S. Curry,-186,80,20,Missed,1,,,0,v,MISS Curry 20' Step Back Jump Shot,Missed Shot,Step Back Jump shot,1,254,21700917,1547,6.0,def_reb(24),2,3,likely_contested,"subType: contested-like, text: pressure-move"
429,PT03M54.00S,3,1610612744,GSW,201939,Curry,S. Curry,214,126,25,Missed,1,,,0,v,MISS Curry 25' 3PT Jump Shot,Missed Shot,Jump Shot,1,315,21700917,1926,19.0,def_reb(24),3,-1,likely_open,subType: open-like
432,PT03M25.00S,3,1610612744,GSW,201939,Curry,S. Curry,-6,4,1,Made,1,68.0,77.0,145,v,Curry 1' Driving Finger Roll Layup (16 PTS),Made Shot,Driving Finger Roll Layup Shot,1,318,21700917,1955,10.0,made_fg(24),2,1,borderline,distance: at-rim/very close
438,PT02M56.00S,3,1610612744,GSW,201939,Curry,S. Curry,-157,209,26,Missed,1,,,0,v,MISS Curry 26' 3PT Pullup Jump Shot,Missed Shot,Pullup Jump shot,1,324,21700917,1984,22.0,def_reb(24),3,3,likely_contested,"subType: contested-like, text: pressure-move"
455,PT02M11.00S,3,1610612744,GSW,201939,Curry,S. Curry,-235,0,24,Made,1,70.0,82.0,152,v,Curry 24' 3PT Jump Shot (19 PTS),Made Shot,Jump Shot,1,335,21700917,2029,19.0,turnover(24),3,-2,likely_open,"subType: open-like, coords: corner-3, corner: catch/spot"
611,PT03M05.00S,4,1610612744,GSW,201939,Curry,S. Curry,-174,195,26,Missed,1,,,0,v,MISS Curry 26' 3PT Pullup Jump Shot,Missed Shot,Pullup Jump shot,1,447,21700917,2695,12.0,made_fg(24),3,3,likely_contested,"subType: contested-like, text: pressure-move"
8,PT11M21.00S,1,1610612744,GSW,201939,Curry,S. Curry,-8,7,1,Made,1,2.0,2.0,4,v,Curry 1' Cutting Layup Shot (2 PTS) (Green 1 AST),Made Shot,Cutting Layup Shot,1,4,21700928,39,5.0,made_fg(24),2,2,likely_contested,"distance: at-rim/very close, clock: late (<=5s)"
20,PT10M00.00S,1,1610612744,GSW,201939,Curry,S. Curry,-111,246,27,Missed,1,,,0,v,MISS Curry 27' 3PT Jump Shot,Missed Shot,Jump Shot,1,14,21700928,120,18.0,turnover(24),3,-2,likely_open,"subType: open-like, distance: deep above-break 3 (>=27ft)"
74,PT05M24.00S,1,1610612744,GSW,201939,Curry,S. Curry,-221,113,25,Made,1,14.0,21.0,35,v,Curry 25' 3PT Jump Shot (10 PTS) (Green 5 AST),Made Shot,Jump Shot,1,56,21700928,396,14.0,turnover(24),3,-1,likely_open,subType: open-like
108,PT02M33.00S,1,1610612744,GSW,201939,Curry,S. Curry,0,11,1,Missed,1,,,0,v,MISS Curry 1' Cutting Layup Shot,Missed Shot,Cutting Layup Shot,1,81,21700928,567,7.0,made_fg(24),2,1,borderline,distance: at-rim/very close
129,PT01M44.00S,1,1610612744,GSW,201939,Curry,S. Curry,3,8,1,Missed,1,,,0,v,MISS Curry 1' Driving Layup,Missed Shot,Driving Layup Shot,1,94,21700928,616,13.0,final_ft(24),2,3,likely_contested,"subType: contested-like, distance: at-rim/very close"
241,PT05M29.00S,2,1610612744,GSW,201939,Curry,S. Curry,-175,189,26,Made,1,40.0,48.0,88,v,Curry 26' 3PT Jump Shot (13 PTS) (Durant 1 AST),Made Shot,Jump Shot,1,177,21700928,1111,12.0,def_reb(24),3,-1,likely_open,subType: open-like
244,PT04M53.00S,2,1610612744,GSW,201939,Curry,S. Curry,26,174,18,Made,1,42.0,50.0,92,v,Curry 18' Pullup Jump Shot (15 PTS) (Durant 2 AST),Made Shot,Pullup Jump shot,1,179,21700928,1147,4.0,made_fg(24),2,4,likely_contested,"subType: contested-like, text: pressure-move, clock: late (<=5s)"
259,PT04M23.00S,2,1610612744,GSW,201939,Curry,S. Curry,206,133,25,Made,1,42.0,54.0,96,v,Curry 25' 3PT Jump Shot (19 PTS) (Durant 3 AST),Made Shot,Jump Shot,1,188,21700928,1177,16.0,def_reb(24),3,-1,likely_open,subType: open-like
270,PT03M27.00S,2,1610612744,GSW,201939,Curry,S. Curry,6,12,1,Made,1,48.0,56.0,104,v,Curry 1' Driving Layup (21 PTS) (Green 6 AST),Made Shot,Driving Layup Shot,1,196,21700928,1233,6.0,made_fg(24),2,3,likely_contested,"subType: contested-like, distance: at-rim/very close"
294,PT01M51.00S,2,1610612744,GSW,201939,Curry,S. Curry,63,242,25,Missed,1,,,0,v,MISS Curry 25' 3PT Jump Shot,Missed Shot,Jump Shot,1,216,21700928,1329,15.0,turnover(24),3,-1,likely_open,subType: open-like
311,PT01M04.00S,2,1610612744,GSW,201939,Curry,S. Curry,117,217,25,Missed,1,,,0,v,MISS Curry 25' 3PT Jump Shot,Missed Shot,Jump Shot,1,229,21700928,1376,4.0,made_fg(24),3,0,likely_open,"subType: open-like, clock: late (<=5s)"
322,PT00M04.60S,2,1610612744,GSW,201939,Curry,S. Curry,-24,18,3,Made,1,50.0,62.0,112,v,Curry 3' Driving Layup (25 PTS) (Green 7 AST),Made Shot,Driving Layup Shot,1,238,21700928,1436,1.0,turnover(24),2,4,likely_contested,"subType: contested-like, distance: at-rim/very close, clock: late (<=5s)"
352,PT11M17.00S,3,1610612744,GSW,201939,Curry,S. Curry,126,215,25,Made,1,50.0,65.0,115,v,Curry 25' 3PT Jump Shot (28 PTS) (Durant 4 AST),Made Shot,Jump Shot,1,251,21700928,1483,19.0,def_reb(24),3,-1,likely_open,subType: open-like
356,PT10M43.00S,3,1610612744,GSW,201939,Curry,S. Curry,224,84,24,Missed,1,,,0,v,MISS Curry 24' 3PT Jump Shot,Missed Shot,Jump Shot,1,254,21700928,1517,18.0,def_reb(24),3,-1,likely_open,subType: open-like
368,PT09M43.00S,3,1610612744,GSW,201939,Curry,S. Curry,225,26,0,Missed,1,,,0,v,MISS Curry 3PT Jump Shot,Missed Shot,Jump Shot,1,263,21700928,1577,17.0,def_reb(24),3,-1,likely_open,"subType: open-like, distance: at-rim/very close, coords: corner-3, corner: catch/spot"
14,PT10M32.00S,1,1610612744,GSW,201939,Curry,S. Curry,-131,231,27,Missed,1,,,0,h,MISS Curry 27' 3PT Jump Shot,Missed Shot,Jump Shot,1,8,21700963,88,11.0,made_fg(24),3,-2,likely_open,"subType: open-like, distance: deep above-break 3 (>=27ft)"
18,PT10M14.00S,1,1610612744,GSW,201939,Curry,S. Curry,92,157,18,Made,1,2.0,5.0,7,h,Curry 18' Floating Jump Shot (2 PTS) (McGee 1 AST),Made Shot,Floating Jump shot,1,12,21700963,106,17.0,def_reb(24),2,2,likely_contested,subType: contested-like
52,PT06M57.00S,1,1610612744,GSW,201939,Curry,S. Curry,132,229,26,Missed,1,,,0,h,MISS Curry 26' 3PT Jump Shot,Missed Shot,Jump Shot,1,38,21700963,303,16.0,made_fg(24),3,-1,likely_open,subType: open-like
128,PT01M55.00S,1,1610612744,GSW,201939,Curry,S. Curry,-58,50,8,Made,1,29.0,14.0,43,h,Curry 8' Driving Finger Roll Layup (7 PTS),Made Shot,Driving Finger Roll Layup Shot,1,93,21700963,605,16.0,turnover(24),2,1,borderline,distance: mid-range
134,PT01M24.00S,1,1610612744,GSW,201939,Curry,S. Curry,-25,284,29,Made,1,32.0,14.0,46,h,Curry 29' 3PT Jump Shot (10 PTS) (Iguodala 2 AST),Made Shot,Jump Shot,1,99,21700963,636,16.0,turnover(24),3,-2,likely_open,"subType: open-like, distance: deep above-break 3 (>=27ft)"
140,PT00M58.30S,1,1610612744,GSW,201939,Curry,S. Curry,2,278,28,Made,1,35.0,14.0,49,h,Curry 28' 3PT Running Jump Shot (13 PTS),Made Shot,Running Jump Shot,1,103,21700963,662,22.0,turnover(24),3,-2,likely_open,"subType: open-like, distance: deep above-break 3 (>=27ft)"
227,PT05M29.00S,2,1610612744,GSW,201939,Curry,S. Curry,56,124,14,Missed,1,,,0,h,MISS Curry 14' Running Jump Shot,Missed Shot,Running Jump Shot,1,168,21700963,1111,14.0,made_fg(24),2,0,likely_open,"subType: open-like, distance: mid-range"
229,PT05M16.00S,2,1610612744,GSW,201939,Curry,S. Curry,38,248,25,Made,1,42.0,39.0,81,h,Curry 25' 3PT Jump Shot (16 PTS) (Iguodala 3 AST),Made Shot,Jump Shot,1,170,21700963,1124,6.0,off_reb(14),3,-1,likely_open,subType: open-like
287,PT00M27.80S,2,1610612744,GSW,201939,Curry,S. Curry,-177,210,27,Missed,1,,,0,h,MISS Curry 27' 3PT Jump Shot,Missed Shot,Jump Shot,1,214,21700963,1413,13.0,made_fg(24),3,-2,likely_open,"subType: open-like, distance: deep above-break 3 (>=27ft)"
333,PT09M13.00S,3,1610612744,GSW,201939,Curry,S. Curry,-11,16,2,Made,1,59.0,58.0,117,h,Curry 2' Layup (18 PTS),Made Shot,Layup Shot,1,240,21700963,1607,20.0,def_reb(24),2,1,borderline,distance: at-rim/very close
335,PT08M43.00S,3,1610612744,GSW,201939,Curry,S. Curry,-23,47,5,Made,1,61.0,60.0,121,h,Curry 5' Running Finger Roll Layup (20 PTS),Made Shot,Running Finger Roll Layup Shot,1,242,21700963,1637,10.0,made_fg(24),2,1,borderline,distance: at-rim/very close
346,PT07M18.00S,3,1610612744,GSW,201939,Curry,S. Curry,-32,32,5,Missed,1,,,0,h,MISS Curry 5' Cutting Layup Shot,Missed Shot,Cutting Layup Shot,1,250,21700963,1722,,stale_reset(24),2,1,borderline,distance: at-rim/very close
386,PT04M23.00S,3,1610612744,GSW,201939,Curry,S. Curry,-236,33,24,Made,1,71.0,68.0,139,h,Curry 24' 3PT Jump Shot (23 PTS),Made Shot,Jump Shot,1,279,21700963,1897,11.0,off_reb(14),3,-2,likely_open,"subType: open-like, coords: corner-3, corner: catch/spot"
388,PT04M04.00S,3,1610612744,GSW,201939,Curry,S. Curry,136,237,27,Missed,1,,,0,h,MISS Curry 27' 3PT Jump Shot,Missed Shot,Jump Shot,1,281,21700963,1916,16.0,made_fg(24),3,-2,likely_open,"subType: open-like, distance: deep above-break 3 (>=27ft)"
402,PT03M30.00S,3,1610612744,GSW,201939,Curry,S. Curry,71,160,18,Made,1,73.0,72.0,145,h,Curry 18' Jump Shot (25 PTS),Made Shot,Jump Shot,1,292,21700963,1950,18.0,def_reb(24),2,-1,likely_open,subType: open-like
413,PT02M52.00S,3,1610612744,GSW,201939,Curry,S. Curry,81,268,28,Missed,1,,,0,h,MISS Curry 28' 3PT Jump Shot,Missed Shot,Jump Shot,1,299,21700963,1988,16.0,final_ft(24),3,-2,likely_open,"subType: open-like, distance: deep above-break 3 (>=27ft)"
423,PT01M59.00S,3,1610612744,GSW,201939,Curry,S. Curry,9,18,2,Made,1,77.0,76.0,153,h,Curry 2' Driving Finger Roll Layup (27 PTS) (Durant 3 AST),Made Shot,Driving Finger Roll Layup Shot,1,307,21700963,2041,9.0,turnover(24),2,1,borderline,distance: at-rim/very close
431,PT01M25.00S,3,1610612744,GSW,201939,Curry,S. Curry,150,210,26,Made,1,80.0,78.0,158,h,Curry 26' 3PT Jump Shot (30 PTS),Made Shot,Jump Shot,1,312,21700963,2075,15.0,final_ft(24),3,-1,likely_open,subType: open-like
434,PT01M01.00S,3,1610612744,GSW,201939,Curry,S. Curry,-147,235,28,Made,1,83.0,78.0,161,h,Curry 28' 3PT Jump Shot (33 PTS) (Green 6 AST),Made Shot,Jump Shot,1,315,21700963,2099,22.0,def_reb(24),3,-2,likely_open,"subType: open-like, distance: deep above-break 3 (>=27ft)"
591,PT02M29.00S,4,1610612744,GSW,201939,Curry,S. Curry,90,248,26,Missed,1,,,0,h,MISS Curry 26' 3PT Jump Shot,Missed Shot,Jump Shot,1,420,21700963,2731,3.0,def_foul_14(14),3,0,likely_open,"subType: open-like, clock: late (<=5s)"
24,PT09M50.00S,1,1610612744,GSW,201939,Curry,S. Curry,-119,100,16,Missed,1,,,0,h,MISS Curry 16' Driving Floating Bank Jump Shot,Missed Shot,Driving Floating Bank Jump Shot,1,19,21700976,130,19.0,def_reb(24),2,3,likely_contested,"subType: contested-like, distance: mid-range"
7,PT11M44.00S,1,1610612744,GSW,201939,Curry,S. Curry,136,58,15,Missed,1,,,0,h,MISS Curry 15' Jump Bank Shot,Missed Shot,Jump Bank Shot,1,3,21701087,16,8.0,jumpball(24),2,3,likely_contested,"subType: contested-like, distance: mid-range"
20,PT10M37.00S,1,1610612744,GSW,201939,Curry,S. Curry,83,279,29,Missed,1,,,0,h,MISS Curry 29' 3PT Jump Shot,Missed Shot,Jump Shot,1,15,21701087,83,21.0,def_reb(24),3,-2,likely_open,"subType: open-like, distance: deep above-break 3 (>=27ft)"
45,PT08M40.00S,1,1610612744,GSW,201939,Curry,S. Curry,-109,132,17,Made,1,4.0,6.0,10,h,Curry 17' Jump Shot (2 PTS),Made Shot,Jump Shot,1,35,21701087,200,13.0,keep_clock(24),2,-1,likely_open,subType: open-like
70,PT06M15.00S,1,1610612744,GSW,201939,Curry,S. Curry,106,232,26,Missed,1,,,0,h,MISS Curry 26' 3PT Jump Shot,Missed Shot,Jump Shot,1,55,21701087,345,13.0,made_fg(24),3,-1,likely_open,subType: open-like
79,PT05M17.00S,1,1610612744,GSW,201939,Curry,S. Curry,89,144,17,Missed,1,,,0,h,MISS Curry 17' Jump Shot,Missed Shot,Jump Shot,1,64,21701087,403,12.0,made_fg(24),2,-1,likely_open,subType: open-like
104,PT03M32.00S,1,1610612744,GSW,201939,Curry,S. Curry,-215,126,25,Missed,1,,,0,h,MISS Curry 25' 3PT Jump Shot,Missed Shot,Jump Shot,1,84,21701087,508,12.0,made_fg(24),3,-1,likely_open,subType: open-like
245,PT06M26.00S,2,1610612744,GSW,201939,Curry,S. Curry,-113,115,16,Made,1,22.0,33.0,55,h,Curry 16' Pullup Jump Shot (4 PTS) (West 1 AST),Made Shot,Pullup Jump shot,1,188,21701087,1054,6.0,def_foul_14(14),2,4,likely_contested,"subType: contested-like, text: pressure-move, distance: mid-range"
250,PT05M28.00S,2,1610612744,GSW,201939,Curry,S. Curry,56,110,12,Made,1,24.0,37.0,61,h,Curry 12' Pullup Jump Shot (6 PTS) (Iguodala 1 AST),Made Shot,Pullup Jump shot,1,193,21701087,1112,3.0,made_fg(24),2,5,likely_contested,"subType: contested-like, text: pressure-move, distance: mid-range, clock: late (<=5s)"
255,PT05M05.00S,2,1610612744,GSW,201939,Curry,S. Curry,103,142,18,Made,1,26.0,37.0,63,h,Curry 18' Pullup Jump Shot (8 PTS),Made Shot,Pullup Jump shot,1,196,21701087,1135,16.0,turnover(24),2,3,likely_contested,"subType: contested-like, text: pressure-move"
304,PT02M16.00S,2,1610612744,GSW,201939,Curry,S. Curry,109,235,26,Missed,1,,,0,h,MISS Curry 26' 3PT Jump Shot,Missed Shot,Jump Shot,1,233,21701087,1304,15.0,made_fg(24),3,-1,likely_open,subType: open-like
314,PT01M48.00S,2,1610612744,GSW,201939,Curry,S. Curry,158,-1,16,Made,1,41.0,46.0,87,h,Curry 16' Jump Shot (13 PTS) (Cook 3 AST),Made Shot,Jump Shot,1,240,21701087,1332,3.0,final_ft(24),2,1,borderline,"subType: open-like, distance: mid-range, clock: late (<=5s)"
356,PT10M58.00S,3,1610612744,GSW,201939,Curry,S. Curry,184,190,26,Made,1,48.0,51.0,99,h,Curry 26' 3PT Pullup Jump Shot (16 PTS),Made Shot,Pullup Jump shot,1,261,21701087,1502,10.0,def_reb(24),3,3,likely_contested,"subType: contested-like, text: pressure-move"
361,PT10M25.00S,3,1610612744,GSW,201939,Curry,S. Curry,60,253,26,Missed,1,,,0,h,MISS Curry 26' 3PT Jump Shot,Missed Shot,Jump Shot,1,265,21701087,1535,9.0,keep_clock(15),3,-1,likely_open,subType: open-like
373,PT09M32.00S,3,1610612744,GSW,201939,Curry,S. Curry,-145,112,18,Made,1,50.0,53.0,103,h,Curry 18' Pullup Jump Shot (18 PTS) (McCaw 1 AST),Made Shot,Pullup Jump shot,1,275,21701087,1588,14.0,made_fg(24),2,3,likely_contested,"subType: contested-like, text: pressure-move"
392,PT07M56.00S,3,1610612744,GSW,201939,Curry,S. Curry,18,27,3,Missed,1,,,0,h,MISS Curry 3' Driving Layup,Missed Shot,Driving Layup Shot,1,293,21701087,1684,18.0,def_reb(24),2,3,likely_contested,"subType: contested-like, distance: at-rim/very close"
417,PT05M53.00S,3,1610612744,GSW,201939,Curry,S. Curry,59,257,26,Made,1,56.0,60.0,116,h,Curry 26' 3PT Jump Shot (21 PTS) (Iguodala 2 AST),Made Shot,Jump Shot,1,309,21701087,1807,11.0,def_reb(24),3,-1,likely_open,subType: open-like
431,PT04M30.00S,3,1610612744,GSW,201939,Curry,S. Curry,-7,32,3,Made,1,60.0,62.0,122,h,Curry 3' Layup (23 PTS),Made Shot,Layup Shot,1,318,21701087,1890,13.0,off_reb(14),2,1,borderline,distance: at-rim/very close
453,PT03M30.00S,3,1610612744,GSW,201939,Curry,S. Curry,217,132,25,Made,1,65.0,64.0,129,h,Curry 25' 3PT Pullup Jump Shot (28 PTS) (Iguodala 4 AST),Made Shot,Pullup Jump shot,1,331,21701087,1950,17.0,def_reb(24),3,3,likely_contested,"subType: contested-like, text: pressure-move"
