actionNumber,clock,period,teamId,teamTricode,personId,playerName,playerNameI,xLegacy,yLegacy,shotDistance,shotResult,isFieldGoal,scoreHome,scoreAway,pointsTotal,location,description,actionType,subType,videoAvailable,actionId,gameId,ABS_TIME,SHOT_CLOCK_APPROX,SHOT_CLOCK_SOURCE,shotValue,contest_score,contest_label,contest_reasons
10,PT11M31.00S,1,1610612744,GSW,201939,Curry,S. Curry,226,90,24,Made,1,3.0,0.0,3,h,Curry 24' 3PT Step Back Jump Shot (3 PTS) (Durant 1 AST),Made Shot,Step Back Jump shot,1,6,21800002,29,12.0,turnover(24),3,3,likely_contested,"subType: contested-like, text: pressure-move"
58,PT07M57.00S,1,1610612744,GSW,201939,Curry,S. Curry,-2,63,6,Made,1,14.0,8.0,22,h,Curry 6' Driving Floating Jump Shot (5 PTS) (Durant 2 AST),Made Shot,Driving Floating Jump Shot,1,44,21800002,243,9.0,final_ft(24),2,2,likely_contested,subType: contested-like
131,PT03M46.00S,1,1610612744,GSW,201939,Curry,S. Curry,5,29,3,Made,1,24.0,18.0,42,h,Curry 3' Driving Layup (9 PTS) (Green 5 AST),Made Shot,Driving Layup Shot,1,101,21800002,494,8.0,made_fg(24),2,3,likely_contested,"subType: contested-like, distance: at-rim/very close"
141,PT02M58.00S,1,1610612744,GSW,201939,Curry,S. Curry,-6,18,2,Missed,1,,,0,h,MISS Curry 2' Driving Reverse Layup,Missed Shot,Driving Reverse Layup Shot,1,108,21800002,542,14.0,turnover(24),2,3,likely_contested,"subType: contested-like, distance: at-rim/very close"
145,PT02M49.00S,1,1610612744,GSW,201939,Curry,S. Curry,-228,8,0,Made,1,29.0,19.0,48,h,Curry 3PT Jump Shot (12 PTS) (Looney 1 AST),Made Shot,Jump Shot,1,112,21800002,551,11.0,off_reb(14),3,-1,likely_open,"subType: open-like, distance: at-rim/very close, coords: corner-3, corner: catch/spot"
276,PT06M39.00S,2,1610612744,GSW,201939,Curry,S. Curry,96,25,10,Missed,1,,,0,h,MISS Curry 10' Driving Floating Bank Jump Shot,Missed Shot,Driving Floating Bank Jump Shot,1,207,21800002,1041,17.0,def_reb(24),2,3,likely_contested,"subType: contested-like, distance: mid-range"
293,PT06M05.00S,2,1610612744,GSW,201939,Curry,S. Curry,-204,195,28,Made,1,46.0,37.0,83,h,Curry 28' 3PT Jump Shot (15 PTS) (Durant 3 AST),Made Shot,Jump Shot,1,221,21800002,1075,19.0,def_reb(24),3,-2,likely_open,"subType: open-like, distance: deep above-break 3 (>=27ft)"
368,PT01M03.00S,2,1610612744,GSW,201939,Curry,S. Curry,6,25,3,Made,1,55.0,47.0,102,h,Curry 3' Cutting Layup Shot (19 PTS) (Durant 4 AST),Made Shot,Cutting Layup Shot,1,276,21800002,1377,6.0,made_fg(24),2,1,borderline,distance: at-rim/very close
374,PT00M44.20S,2,1610612744,GSW,201939,Curry,S. Curry,113,52,12,Missed,1,,,0,h,MISS Curry 12' Driving Floating Jump Shot,Missed Shot,Driving Floating Jump Shot,1,279,21800002,1396,16.0,def_reb(24),2,3,likely_contested,"subType: contested-like, distance: mid-range"
418,PT09M47.00S,3,1610612744,GSW,201939,Curry,S. Curry,25,281,28,Made,1,62.0,56.0,118,h,Curry 28' 3PT Running Pull-Up Jump Shot (22 PTS),Made Shot,Running Pull-Up Jump Shot,1,308,21800002,1573,11.0,made_fg(24),3,2,likely_contested,"subType: contested-like, text: pressure-move, distance: deep above-break 3 (>=27ft)"
470,PT05M20.00S,3,1610612744,GSW,201939,Curry,S. Curry,5,282,28,Made,1,75.0,71.0,146,h,Curry 28' 3PT Jump Shot (25 PTS) (Looney 2 AST),Made Shot,Jump Shot,1,344,21800002,1840,9.0,off_reb(14),3,-2,likely_open,"subType: open-like, distance: deep above-break 3 (>=27ft)"
474,PT05M03.00S,3,1610612744,GSW,201939,Curry,S. Curry,-21,267,27,Missed,1,,,0,h,MISS Curry 27' 3PT Jump Shot,Missed Shot,Jump Shot,1,347,21800002,1857,18.0,def_reb(24),3,-2,likely_open,"subType: open-like, distance: deep above-break 3 (>=27ft)"
478,PT04M50.00S,3,1610612744,GSW,201939,Curry,S. Curry,144,221,26,Missed,1,,,0,h,MISS Curry 26' 3PT Step Back Jump Shot,Missed Shot,Step Back Jump shot,1,350,21800002,1870,3.0,def_foul_14(14),3,4,likely_contested,"subType: contested-like, text: pressure-move, clock: late (<=5s)"
509,PT03M01.00S,3,1610612744,GSW,201939,Curry,S. Curry,18,257,26,Missed,1,,,0,h,MISS Curry 26' 3PT Jump Shot,Missed Shot,Jump Shot,1,373,21800002,1979,20.0,def_reb(24),3,-1,likely_open,subType: open-like
533,PT01M28.00S,3,1610612744,GSW,201939,Curry,S. Curry,199,173,26,Missed,1,,,0,h,MISS Curry 26' 3PT Jump Shot,Missed Shot,Jump Shot,1,390,21800002,2072,12.0,turnover(24),3,-1,likely_open,subType: open-like
537,PT01M11.00S,3,1610612744,GSW,201939,Curry,S. Curry,8,14,2,Made,1,81.0,75.0,156,h,Curry 2' Running Finger Roll Layup (27 PTS),Made Shot,Running Finger Roll Layup Shot,1,394,21800002,2089,16.0,def_reb(24),2,1,borderline,distance: at-rim/very close
547,PT00M40.70S,3,1610612744,GSW,201939,Curry,S. Curry,7,51,5,Missed,1,,,0,h,MISS Curry 5' Driving Layup,Missed Shot,Driving Layup Shot,1,402,21800002,2120,7.0,off_reb(14),2,3,likely_contested,"subType: contested-like, distance: at-rim/very close"
649,PT06M51.00S,4,1610612744,GSW,201939,Curry,S. Curry,-112,0,11,Missed,1,,,0,h,MISS Curry 11' Jump Shot,Missed Shot,Jump Shot,1,476,21800002,2469,17.0,def_reb(24),2,0,likely_open,"subType: open-like, distance: mid-range"
654,PT06M24.00S,4,1610612744,GSW,201939,Curry,S. Curry,6,25,3,Made,1,95.0,89.0,184,h,Curry 3' Driving Layup (29 PTS) (Durant 5 AST),Made Shot,Driving Layup Shot,1,480,21800002,2496,10.0,def_reb(24),2,3,likely_contested,"subType: contested-like, distance: at-rim/very close"
724,PT01M46.00S,4,1610612744,GSW,201939,Curry,S. Curry,38,171,18,Made,1,101.0,97.0,198,h,Curry 18' Pullup Jump Shot (31 PTS),Made Shot,Pullup Jump shot,1,531,21800002,2774,13.0,final_ft(24),2,3,likely_contested,"subType: contested-like, text: pressure-move"
35,PT09M27.00S,1,1610612744,GSW,201939,Curry,S. Curry,-82,141,16,Made,1,5.0,6.0,11,v,Curry 16' Pullup Jump Shot (2 PTS),Made Shot,Pullup Jump shot,1,25,21800024,153,13.0,keep_clock(15),2,4,likely_contested,"subType: contested-like, text: pressure-move, distance: mid-range"
94,PT05M24.00S,1,1610612744,GSW,201939,Curry,S. Curry,212,132,25,Missed,1,,,0,v,MISS Curry 25' 3PT Pullup Jump Shot,Missed Shot,Pullup Jump shot,1,69,21800024,396,9.0,made_fg(24),3,3,likely_contested,"subType: contested-like, text: pressure-move"
120,PT03M39.00S,1,1610612744,GSW,201939,Curry,S. Curry,-160,0,16,Made,1,19.0,21.0,40,v,Curry 16' Pullup Jump Shot (4 PTS) (Looney 1 AST),Made Shot,Pullup Jump shot,1,87,21800024,501,16.0,def_reb(24),2,4,likely_contested,"subType: contested-like, text: pressure-move, distance: mid-range"
124,PT03M08.00S,1,1610612744,GSW,201939,Curry,S. Curry,57,46,7,Missed,1,,,0,v,MISS Curry 7' Driving Layup,Missed Shot,Driving Layup Shot,1,89,21800024,532,14.0,made_fg(24),2,2,likely_contested,subType: contested-like
255,PT07M12.00S,2,1610612744,GSW,201939,Curry,S. Curry,104,164,19,Made,1,43.0,45.0,88,v,Curry 19' Jump Shot (6 PTS),Made Shot,Jump Shot,1,185,21800024,1008,15.0,made_fg(24),2,-1,likely_open,subType: open-like
304,PT07M32.00S,2,1610612744,GSW,201939,Curry,S. Curry,24,26,4,Missed,1,,,0,v,MISS Curry 4' Layup,Missed Shot,Layup Shot,1,177,21800024,988,6.0,made_fg(24),2,1,borderline,distance: at-rim/very close
314,PT04M18.00S,2,1610612744,GSW,201939,Curry,S. Curry,171,179,25,Made,1,60.0,59.0,119,v,Curry 25' 3PT Jump Shot (9 PTS) (Durant 3 AST),Made Shot,Jump Shot,1,222,21800024,1182,13.0,final_ft(24),3,-1,likely_open,subType: open-like
321,PT03M12.00S,2,1610612744,GSW,201939,Curry,S. Curry,-227,64,24,Missed,1,,,0,v,MISS Curry 24' 3PT Jump Shot,Missed Shot,Jump Shot,1,227,21800024,1248,17.0,def_reb(24),3,-1,likely_open,subType: open-like
378,PT10M24.00S,3,1610612744,GSW,201939,Curry,S. Curry,-13,13,2,Made,1,86.0,75.0,161,v,Curry 2' Layup (11 PTS),Made Shot,Layup Shot,1,267,21800024,1536,21.0,turnover(24),2,1,borderline,distance: at-rim/very close
390,PT09M17.00S,3,1610612744,GSW,201939,Curry,S. Curry,-137,214,25,Made,1,88.0,80.0,168,v,Curry 25' 3PT Jump Shot (14 PTS) (Durant 4 AST),Made Shot,Jump Shot,1,277,21800024,1603,13.0,made_fg(24),3,-1,likely_open,subType: open-like
399,PT08M19.00S,3,1610612744,GSW,201939,Curry,S. Curry,-50,132,14,Missed,1,,,0,v,MISS Curry 14' Pullup Jump Shot,Missed Shot,Pullup Jump shot,1,285,21800024,1661,18.0,def_reb(24),2,4,likely_contested,"subType: contested-like, text: pressure-move, distance: mid-range"
409,PT07M43.00S,3,1610612744,GSW,201939,Curry,S. Curry,161,185,25,Missed,1,,,0,v,MISS Curry 25' 3PT Jump Shot,Missed Shot,Jump Shot,1,292,21800024,1697,11.0,def_reb(24),3,-1,likely_open,subType: open-like
428,PT06M12.00S,3,1610612744,GSW,201939,Curry,S. Curry,-24,134,14,Missed,1,,,0,v,MISS Curry 14' Floating Jump Shot,Missed Shot,Floating Jump shot,1,306,21800024,1788,4.0,def_foul_14(14),2,4,likely_contested,"subType: contested-like, distance: mid-range, clock: late (<=5s)"
441,PT05M19.00S,3,1610612744,GSW,201939,Curry,S. Curry,27,26,4,Made,1,98.0,84.0,182,v,Curry 4' Driving Layup (16 PTS),Made Shot,Driving Layup Shot,1,319,21800024,1841,7.0,made_fg(24),2,3,likely_contested,"subType: contested-like, distance: at-rim/very close"
471,PT03M18.00S,3,1610612744,GSW,201939,Curry,S. Curry,4,8,1,Made,1,98.0,88.0,186,v,Curry 1' Driving Layup (18 PTS),Made Shot,Driving Layup Shot,1,342,21800024,1962,15.0,turnover(24),2,3,likely_contested,"subType: contested-like, distance: at-rim/very close"
485,PT02M12.00S,3,1610612744,GSW,201939,Curry,S. Curry,-154,27,16,Made,1,98.0,92.0,190,v,Curry 16' Step Back Jump Shot (20 PTS),Made Shot,Step Back Jump shot,1,352,21800024,2028,9.0,turnover(24),2,4,likely_contested,"subType: contested-like, text: pressure-move, distance: mid-range"
489,PT01M15.00S,3,1610612744,GSW,201939,Curry,S. Curry,97,17,10,Made,1,100.0,94.0,194,v,Curry 10' Pullup Jump Shot (22 PTS),Made Shot,Pullup Jump shot,1,356,21800024,2085,2.0,made_fg(24),2,5,likely_contested,"subType: contested-like, text: pressure-move, distance: mid-range, clock: late (<=5s)"
494,PT00M40.40S,3,1610612744,GSW,201939,Curry,S. Curry,-226,105,25,Made,1,100.0,97.0,197,v,Curry 25' 3PT Jump Shot (25 PTS) (Jerebko 1 AST),Made Shot,Jump Shot,1,361,21800024,2120,11.0,off_reb(14),3,-1,likely_open,subType: open-like
501,PT00M05.70S,3,1610612744,GSW,201939,Curry,S. Curry,-46,233,24,Missed,1,,,0,v,MISS Curry 24' Step Back Jump Shot,Missed Shot,Step Back Jump shot,1,365,21800024,2155,7.0,def_reb(24),2,3,likely_contested,"subType: contested-like, text: pressure-move"
589,PT07M25.00S,4,1610612744,GSW,201939,Curry,S. Curry,156,193,25,Made,1,111.0,110.0,221,v,Curry 25' 3PT Jump Shot (28 PTS) (Durant 5 AST),Made Shot,Jump Shot,1,424,21800024,2435,12.0,def_reb(24),3,-1,likely_open,subType: open-like
604,PT06M02.00S,4,1610612744,GSW,201939,Curry,S. Curry,33,16,4,Missed,1,,,0,v,MISS Curry 4' Cutting Layup Shot,Missed Shot,Cutting Layup Shot,1,435,21800024,2518,15.0,def_reb(24),2,1,borderline,distance: at-rim/very close
621,PT04M41.00S,4,1610612744,GSW,201939,Curry,S. Curry,135,211,25,Missed,1,,,0,v,MISS Curry 25' 3PT Step Back Jump Shot,Missed Shot,Step Back Jump shot,1,448,21800024,2599,11.0,made_fg(24),3,3,likely_contested,"subType: contested-like, text: pressure-move"
654,PT01M45.00S,4,1610612744,GSW,201939,Curry,S. Curry,101,231,25,Made,1,121.0,122.0,243,v,Curry 25' 3PT Jump Shot (31 PTS) (Durant 7 AST),Made Shot,Jump Shot,1,473,21800024,2775,9.0,turnover(24),3,-1,likely_open,subType: open-like
674,PT00M29.20S,4,1610612744,GSW,201939,Curry,S. Curry,-27,13,3,Missed,1,,,0,v,MISS Curry 3' Cutting Layup Shot,Missed Shot,Cutting Layup Shot,1,488,21800024,2851,8.0,off_reb(14),2,1,borderline,distance: at-rim/very close
15,PT11M18.00S,1,1610612744,GSW,201939,Curry,S. Curry,-68,239,25,Missed,1,,,0,v,MISS Curry 25' 3PT Pullup Jump Shot,Missed Shot,Pullup Jump shot,1,10,21800038,42,19.0,def_reb(24),3,3,likely_contested,"subType: contested-like, text: pressure-move"
54,PT08M03.00S,1,1610612744,GSW,201939,Curry,S. Curry,-149,188,24,Missed,1,,,0,v,MISS Curry 24' 3PT Pullup Jump Shot,Missed Shot,Pullup Jump shot,1,41,21800038,237,21.0,def_reb(24),3,3,likely_contested,"subType: contested-like, text: pressure-move"
128,PT03M20.00S,1,1610612744,GSW,201939,Curry,S. Curry,11,261,26,Made,1,13.0,20.0,33,v,Curry 26' 3PT Pullup Jump Shot (3 PTS),Made Shot,Pullup Jump shot,1,102,21800038,520,14.0,final_ft(24),3,3,likely_contested,"subType: contested-like, text: pressure-move"
161,PT02M01.00S,1,1610612744,GSW,201939,Curry,S. Curry,-6,9,1,Made,1,13.0,25.0,38,v,Curry 1' Driving Finger Roll Layup (8 PTS),Made Shot,Driving Finger Roll Layup Shot,1,126,21800038,599,19.0,def_reb(24),2,1,borderline,distance: at-rim/very close
179,PT00M25.70S,1,1610612744,GSW,201939,Curry,S. Curry,22,10,2,Missed,1,,,0,v,MISS Curry 2' Running Finger Roll Layup,Missed Shot,Running Finger Roll Layup Shot,1,141,21800038,695,19.0,def_reb(24),2,1,borderline,distance: at-rim/very close
295,PT05M12.00S,2,1610612744,GSW,201939,Curry,S. Curry,-228,-7,0,Made,1,34.0,41.0,75,v,Curry 3PT Fadeaway Jumper (11 PTS) (Looney 1 AST),Made Shot,Fadeaway Jump Shot,1,224,21800038,1128,9.0,made_fg(24),3,4,likely_contested,"subType: contested-like, text: pressure-move, distance: at-rim/very close, coords: corner-3"
311,PT04M30.00S,2,1610612744,GSW,201939,Curry,S. Curry,25,26,4,Missed,1,,,0,v,MISS Curry 4' Driving Layup,Missed Shot,Driving Layup Shot,1,234,21800038,1170,9.0,made_fg(24),2,3,likely_contested,"subType: contested-like, distance: at-rim/very close"
326,PT03M59.00S,2,1610612744,GSW,201939,Curry,S. Curry,92,224,24,Missed,1,,,0,v,MISS Curry 24' 3PT Pullup Jump Shot,Missed Shot,Pullup Jump shot,1,246,21800038,1201,17.0,def_reb(24),3,3,likely_contested,"subType: contested-like, text: pressure-move"
341,PT03M05.00S,2,1610612744,GSW,201939,Curry,S. Curry,-4,8,1,Missed,1,,,0,v,MISS Curry 1' Reverse Layup,Missed Shot,Reverse Layup Shot,1,259,21800038,1255,8.0,made_fg(24),2,3,likely_contested,"subType: contested-like, distance: at-rim/very close"
420,PT10M21.00S,3,1610612744,GSW,201939,Curry,S. Curry,46,249,25,Missed,1,,,0,v,MISS Curry 25' 3PT Jump Shot,Missed Shot,Jump Shot,1,310,21800038,1539,8.0,def_foul_14(14),3,-1,likely_open,subType: open-like
438,PT08M16.00S,3,1610612744,GSW,201939,Curry,S. Curry,31,26,4,Made,1,53.0,55.0,108,v,Curry 4' Running Finger Roll Layup (14 PTS),Made Shot,Running Finger Roll Layup Shot,1,325,21800038,1664,16.0,made_fg(24),2,1,borderline,distance: at-rim/very close
444,PT07M36.00S,3,1610612744,GSW,201939,Curry,S. Curry,106,227,25,Missed,1,,,0,v,MISS Curry 25' 3PT Jump Shot,Missed Shot,Jump Shot,1,329,21800038,1704,9.0,made_fg(24),3,-1,likely_open,subType: open-like
503,PT04M15.00S,3,1610612744,GSW,201939,Curry,S. Curry,231,43,0,Missed,1,,,0,v,MISS Curry 3PT Jump Shot,Missed Shot,Jump Shot,1,370,21800038,1905,14.0,keep_clock(18),3,-1,likely_open,"subType: open-like, distance: at-rim/very close, coords: corner-3, corner: catch/spot"
507,PT03M55.00S,3,1610612744,GSW,201939,Curry,S. Curry,-7,195,20,Made,1,70.0,65.0,135,v,Curry 20' Pullup Jump Shot (16 PTS),Made Shot,Pullup Jump shot,1,373,21800038,1925,10.0,made_fg(24),2,3,likely_contested,"subType: contested-like, text: pressure-move"
523,PT02M32.00S,3,1610612744,GSW,201939,Curry,S. Curry,-160,223,27,Missed,1,,,0,v,MISS Curry 27' 3PT Jump Shot,Missed Shot,Jump Shot,1,385,21800038,2008,19.0,turnover(24),3,-2,likely_open,"subType: open-like, distance: deep above-break 3 (>=27ft)"
542,PT00M53.50S,3,1610612744,GSW,201939,Curry,S. Curry,222,10,0,Made,1,75.0,70.0,145,v,Curry 3PT Jump Shot (19 PTS) (Iguodala 2 AST),Made Shot,Jump Shot,1,400,21800038,2107,18.0,def_reb(24),3,-1,likely_open,"subType: open-like, distance: at-rim/very close, coords: corner-3, corner: catch/spot"
548,PT00M33.40S,3,1610612744,GSW,201939,Curry,S. Curry,15,273,27,Missed,1,,,0,v,MISS Curry 27' 3PT Pullup Jump Shot,Missed Shot,Pullup Jump shot,1,404,21800038,2127,20.0,final_ft(24),3,2,likely_contested,"subType: contested-like, text: pressure-move, distance: deep above-break 3 (>=27ft)"
603,PT08M16.00S,4,1610612744,GSW,201939,Curry,S. Curry,-132,217,25,Made,1,89.0,79.0,168,v,Curry 25' 3PT Jump Shot (22 PTS) (Durant 4 AST),Made Shot,Jump Shot,1,443,21800038,2384,12.0,made_fg(24),3,-1,likely_open,subType: open-like
610,PT07M36.00S,4,1610612744,GSW,201939,Curry,S. Curry,169,175,24,Made,1,89.0,82.0,171,v,Curry 24' 3PT Jump Shot (25 PTS) (Durant 5 AST),Made Shot,Jump Shot,1,448,21800038,2424,10.0,turnover(24),3,-1,likely_open,subType: open-like
620,PT07M05.00S,4,1610612744,GSW,201939,Curry,S. Curry,81,237,25,Made,1,89.0,85.0,174,v,Curry 25' 3PT Jump Shot (28 PTS) (Green 3 AST),Made Shot,Jump Shot,1,454,21800038,2455,19.0,def_reb(24),3,-1,likely_open,subType: open-like
661,PT03M52.00S,4,1610612744,GSW,201939,Curry,S. Curry,73,262,27,Missed,1,,,0,v,MISS Curry 27' 3PT Pullup Jump Shot,Missed Shot,Pullup Jump shot,1,483,21800038,2648,11.0,def_reb(24),3,2,likely_contested,"subType: contested-like, text: pressure-move, distance: deep above-break 3 (>=27ft)"
674,PT02M04.00S,4,1610612744,GSW,201939,Curry,S. Curry,108,36,11,Made,1,97.0,95.0,192,v,Curry 11' Driving Floating Bank Jump Shot (30 PTS),Made Shot,Driving Floating Bank Jump Shot,1,492,21800038,2756,10.0,turnover(24),2,3,likely_contested,"subType: contested-like, distance: mid-range"
691,PT00M33.30S,4,1610612744,GSW,201939,Curry,S. Curry,220,83,24,Missed,1,,,0,v,MISS Curry 24' 3PT Step Back Jump Shot,Missed Shot,Step Back Jump shot,1,507,21800038,2847,15.0,def_reb(24),3,3,likely_contested,"subType: contested-like, text: pressure-move"
11,PT11M17.00S,1,1610612744,GSW,201939,Curry,S. Curry,-208,172,27,Missed,1,,,0,h,MISS Curry 27' 3PT Jump Shot,Missed Shot,Jump Shot,1,6,21800047,43,17.0,def_reb(24),3,-2,likely_open,"subType: open-like, distance: deep above-break 3 (>=27ft)"
28,PT09M02.00S,1,1610612744,GSW,201939,Curry,S. Curry,-5,47,5,Made,1,6.0,7.0,13,h,Curry 5' Driving Finger Roll Layup (2 PTS) (Thompson 1 AST),Made Shot,Driving Finger Roll Layup Shot,1,20,21800047,178,,stale_reset(24),2,1,borderline,distance: at-rim/very close
53,PT06M24.00S,1,1610612744,GSW,201939,Curry,S. Curry,214,125,25,Missed,1,,,0,h,MISS Curry 25' 3PT Jump Shot,Missed Shot,Jump Shot,1,37,21800047,336,11.0,made_fg(24),3,-1,likely_open,subType: open-like
110,PT03M17.00S,1,1610612744,GSW,201939,Curry,S. Curry,96,91,13,Made,1,21.0,18.0,39,h,Curry 13' Driving Floating Bank Jump Shot (4 PTS) (Looney 1 AST),Made Shot,Driving Floating Bank Jump Shot,1,80,21800047,523,13.0,def_reb(24),2,3,likely_contested,"subType: contested-like, distance: mid-range"
122,PT02M40.00S,1,1610612744,GSW,201939,Curry,S. Curry,-49,252,26,Missed,1,,,0,h,MISS Curry 26' 3PT Jump Shot,Missed Shot,Jump Shot,1,88,21800047,560,16.0,turnover(24),3,-1,likely_open,subType: open-like
143,PT01M09.00S,1,1610612744,GSW,201939,Curry,S. Curry,-234,71,24,Missed,1,,,0,h,MISS Curry 24' 3PT Pullup Jump Shot,Missed Shot,Pullup Jump shot,1,104,21800047,651,18.0,def_reb(24),3,3,likely_contested,"subType: contested-like, text: pressure-move"
164,PT00M01.50S,1,1610612744,GSW,201939,Curry,S. Curry,-138,530,55,Missed,1,,,0,h,MISS Curry 55' 3PT Jump Shot,Missed Shot,Jump Shot,1,119,21800047,719,22.0,turnover(24),3,-2,likely_open,"subType: open-like, distance: deep above-break 3 (>=27ft)"
270,PT04M57.00S,2,1610612744,GSW,201939,Curry,S. Curry,174,188,26,Made,1,56.0,39.0,95,h,Curry 26' 3PT Step Back Jump Shot (7 PTS) (Durant 2 AST),Made Shot,Step Back Jump shot,1,186,21800047,1143,8.0,off_reb(14),3,3,likely_contested,"subType: contested-like, text: pressure-move"
296,PT03M23.00S,2,1610612744,GSW,201939,Curry,S. Curry,4,31,3,Made,1,58.0,41.0,99,h,Curry 3' Cutting Finger Roll Layup Shot (9 PTS) (Green 6 AST),Made Shot,Cutting Finger Roll Layup Shot,1,205,21800047,1237,9.0,made_fg(24),2,1,borderline,distance: at-rim/very close
305,PT02M30.00S,2,1610612744,GSW,201939,Curry,S. Curry,139,223,26,Made,1,61.0,41.0,102,h,Curry 26' 3PT Step Back Jump Shot (12 PTS) (Green 7 AST),Made Shot,Step Back Jump shot,1,212,21800047,1290,14.0,def_reb(24),3,3,likely_contested,"subType: contested-like, text: pressure-move"
318,PT01M19.00S,2,1610612744,GSW,201939,Curry,S. Curry,0,29,3,Made,1,63.0,45.0,108,h,Curry 3' Driving Finger Roll Layup (14 PTS) (Jones 1 AST),Made Shot,Driving Finger Roll Layup Shot,1,221,21800047,1361,10.0,made_fg(24),2,1,borderline,distance: at-rim/very close
423,PT06M11.00S,3,1610612744,GSW,201939,Curry,S. Curry,-227,3,0,Made,1,85.0,58.0,143,h,Curry 3PT Jump Shot (18 PTS) (Green 8 AST),Made Shot,Jump Shot,1,298,21800047,1789,9.0,turnover(24),3,-1,likely_open,"subType: open-like, distance: at-rim/very close, coords: corner-3, corner: catch/spot"
457,PT04M52.00S,3,1610612744,GSW,201939,Curry,S. Curry,186,177,26,Missed,1,,,0,h,MISS Curry 26' 3PT Jump Shot,Missed Shot,Jump Shot,1,321,21800047,1868,13.0,final_ft(24),3,-1,likely_open,subType: open-like
474,PT03M47.00S,3,1610612744,GSW,201939,Curry,S. Curry,13,41,4,Made,1,93.0,67.0,160,h,Curry 4' Driving Floating Jump Shot (20 PTS),Made Shot,Driving Floating Jump Shot,1,333,21800047,1933,13.0,made_fg(24),2,3,likely_contested,"subType: contested-like, distance: at-rim/very close"
501,PT01M53.00S,3,1610612744,GSW,201939,Curry,S. Curry,-75,243,25,Made,1,99.0,74.0,173,h,Curry 25' 3PT Pullup Jump Shot (23 PTS),Made Shot,Pullup Jump shot,1,351,21800047,2047,14.0,final_ft(24),3,3,likely_contested,"subType: contested-like, text: pressure-move"
506,PT01M28.00S,3,1610612744,GSW,201939,Curry,S. Curry,96,245,26,Made,1,102.0,76.0,178,h,Curry 26' 3PT Pullup Jump Shot (26 PTS) (Jerebko 2 AST),Made Shot,Pullup Jump shot,1,355,21800047,2072,15.0,final_ft(24),3,3,likely_contested,"subType: contested-like, text: pressure-move"
518,PT00M28.50S,3,1610612744,GSW,201939,Curry,S. Curry,87,267,28,Made,1,106.0,81.0,187,h,Curry 28' 3PT Pullup Jump Shot (29 PTS),Made Shot,Pullup Jump shot,1,364,21800047,2132,15.0,made_fg(24),3,2,likely_contested,"subType: contested-like, text: pressure-move, distance: deep above-break 3 (>=27ft)"
521,PT00M03.80S,3,1610612744,GSW,201939,Curry,S. Curry,149,297,33,Missed,1,,,0,h,MISS Curry 33' 3PT Jump Shot,Missed Shot,Jump Shot,1,367,21800047,2157,20.0,def_reb(24),3,-2,likely_open,"subType: open-like, distance: deep above-break 3 (>=27ft)"
44,PT09M17.00S,1,1610612744,GSW,201939,Curry,S. Curry,154,197,25,Made,1,10.0,8.0,18,h,Curry 25' 3PT Pullup Jump Shot (3 PTS),Made Shot,Pullup Jump shot,1,31,21800062,163,6.0,made_fg(24),3,3,likely_contested,"subType: contested-like, text: pressure-move"
61,PT07M53.00S,1,1610612744,GSW,201939,Curry,S. Curry,5,12,1,Made,1,14.0,12.0,26,h,Curry 1' Cutting Layup Shot (5 PTS) (Jones 1 AST),Made Shot,Cutting Layup Shot,1,43,21800062,247,10.0,made_fg(24),2,1,borderline,distance: at-rim/very close
121,PT04M22.00S,1,1610612744,GSW,201939,Curry,S. Curry,-170,227,28,Made,1,29.0,22.0,51,h,Curry 28' 3PT Step Back Jump Shot (8 PTS),Made Shot,Step Back Jump shot,1,86,21800062,458,15.0,made_fg(24),3,2,likely_contested,"subType: contested-like, text: pressure-move, distance: deep above-break 3 (>=27ft)"
125,PT04M05.00S,1,1610612744,GSW,201939,Curry,S. Curry,9,18,2,Missed,1,,,0,h,MISS Curry 2' Driving Finger Roll Layup,Missed Shot,Driving Finger Roll Layup Shot,1,89,21800062,475,17.0,turnover(24),2,1,borderline,distance: at-rim/very close
135,PT03M30.00S,1,1610612744,GSW,201939,Curry,S. Curry,-154,272,31,Made,1,32.0,22.0,54,h,Curry 31' 3PT Running Jump Shot (11 PTS) (Jerebko 1 AST),Made Shot,Running Jump Shot,1,99,21800062,510,20.0,def_reb(24),3,-2,likely_open,"subType: open-like, distance: deep above-break 3 (>=27ft)"
139,PT03M04.00S,1,1610612744,GSW,201939,Curry,S. Curry,-11,62,6,Made,1,34.0,25.0,59,h,Curry 6' Driving Finger Roll Layup (13 PTS),Made Shot,Driving Finger Roll Layup Shot,1,101,21800062,536,11.0,made_fg(24),2,0,likely_open,
142,PT02M48.00S,1,1610612744,GSW,201939,Curry,S. Curry,-7,331,33,Made,1,37.0,25.0,62,h,Curry 33' 3PT Running Pull-Up Jump Shot (16 PTS),Made Shot,Running Pull-Up Jump Shot,1,104,21800062,552,21.0,def_reb(24),3,2,likely_contested,"subType: contested-like, text: pressure-move, distance: deep above-break 3 (>=27ft)"
150,PT02M17.00S,1,1610612744,GSW,201939,Curry,S. Curry,82,278,29,Made,1,40.0,25.0,65,h,Curry 29' 3PT Pullup Jump Shot (19 PTS),Made Shot,Pullup Jump shot,1,110,21800062,583,18.0,def_reb(24),3,2,likely_contested,"subType: contested-like, text: pressure-move, distance: deep above-break 3 (>=27ft)"
161,PT01M30.00S,1,1610612744,GSW,201939,Curry,S. Curry,6,16,2,Missed,1,,,0,h,MISS Curry 2' Driving Layup,Missed Shot,Driving Layup Shot,1,118,21800062,630,12.0,final_ft(24),2,3,likely_contested,"subType: contested-like, distance: at-rim/very close"
165,PT01M01.00S,1,1610612744,GSW,201939,Curry,S. Curry,-7,47,5,Made,1,44.0,33.0,77,h,Curry 5' Driving Finger Roll Layup (23 PTS) (Looney 1 AST),Made Shot,Driving Finger Roll Layup Shot,1,121,21800062,659,,stale_reset(24),2,1,borderline,distance: at-rim/very close
178,PT00M08.40S,1,1610612744,GSW,201939,Curry,S. Curry,101,256,28,Missed,1,,,0,h,MISS Curry 28' 3PT Jump Shot,Missed Shot,Jump Shot,1,132,21800062,712,5.0,def_reb(24),3,-1,likely_open,"subType: open-like, distance: deep above-break 3 (>=27ft), clock: late (<=5s)"
290,PT04M11.00S,2,1610612744,GSW,201939,Curry,S. Curry,-234,29,24,Missed,1,,,0,h,MISS Curry 24' 3PT Pullup Jump Shot,Missed Shot,Pullup Jump shot,1,210,21800062,1189,10.0,made_fg(24),3,3,likely_contested,"subType: contested-like, text: pressure-move, coords: corner-3"
315,PT02M35.00S,2,1610612744,GSW,201939,Curry,S. Curry,-223,123,25,Made,1,71.0,59.0,130,h,Curry 25' 3PT Pullup Jump Shot (26 PTS) (Green 10 AST),Made Shot,Pullup Jump shot,1,229,21800062,1285,15.0,turnover(24),3,3,likely_contested,"subType: contested-like, text: pressure-move"
321,PT02M03.00S,2,1610612744,GSW,201939,Curry,S. Curry,179,50,19,Made,1,73.0,61.0,134,h,Curry 19' Turnaround Fadeaway (28 PTS),Made Shot,Turnaround Fadeaway shot,1,232,21800062,1317,10.0,def_foul_14(14),2,3,likely_contested,"subType: contested-like, text: pressure-move"
384,PT09M03.00S,3,1610612744,GSW,201939,Curry,S. Curry,-51,110,12,Missed,1,,,0,h,MISS Curry 12' Driving Floating Bank Jump Shot,Missed Shot,Driving Floating Bank Jump Shot,1,274,21800062,1617,10.0,made_fg(24),2,3,likely_contested,"subType: contested-like, distance: mid-range"
386,PT08M58.00S,3,1610612744,GSW,201939,Curry,S. Curry,-10,271,27,Made,1,88.0,78.0,166,h,Curry 27' 3PT Pullup Jump Shot (34 PTS) (Jones 2 AST),Made Shot,Pullup Jump shot,1,276,21800062,1622,12.0,off_reb(14),3,2,likely_contested,"subType: contested-like, text: pressure-move, distance: deep above-break 3 (>=27ft)"
455,PT04M15.00S,3,1610612744,GSW,201939,Curry,S. Curry,-228,29,0,Made,1,103.0,88.0,191,h,Curry 3PT Jump Shot (39 PTS),Made Shot,Jump Shot,1,323,21800062,1905,18.0,turnover(24),3,-1,likely_open,"subType: open-like, distance: at-rim/very close, coords: corner-3, corner: catch/spot"
464,PT03M39.00S,3,1610612744,GSW,201939,Curry,S. Curry,-225,-12,0,Made,1,107.0,90.0,197,h,Curry 3PT Pullup Jump Shot (43 PTS) (Looney 3 AST),Made Shot,Pullup Jump shot,1,330,21800062,1941,12.0,off_reb(14),3,4,likely_contested,"subType: contested-like, text: pressure-move, distance: at-rim/very close, coords: corner-3"
467,PT03M11.00S,3,1610612744,GSW,201939,Curry,S. Curry,8,68,7,Missed,1,,,0,h,MISS Curry 7' Driving Finger Roll Layup,Missed Shot,Driving Finger Roll Layup Shot,1,332,21800062,1969,6.0,made_fg(24),2,0,likely_open,
471,PT02M46.00S,3,1610612744,GSW,201939,Curry,S. Curry,-206,232,31,Made,1,110.0,93.0,203,h,Curry 31' 3PT Turnaround Jump Shot (46 PTS) (Durant 5 AST),Made Shot,Turnaround Jump Shot,1,336,21800062,1994,15.0,def_reb(24),3,-1,likely_open,distance: deep above-break 3 (>=27ft)
484,PT01M54.00S,3,1610612744,GSW,201939,Curry,S. Curry,-230,-5,0,Missed,1,,,0,h,MISS Curry 3PT Jump Shot,Missed Shot,Jump Shot,1,345,21800062,2046,12.0,def_reb(24),3,-1,likely_open,"subType: open-like, distance: at-rim/very close, coords: corner-3, corner: catch/spot"
497,PT01M20.00S,3,1610612744,GSW,201939,Curry,S. Curry,0,313,31,Made,1,115.0,93.0,208,h,Curry 31' 3PT Pullup Jump Shot (51 PTS),Made Shot,Pullup Jump shot,1,355,21800062,2080,19.0,def_reb(24),3,2,likely_contested,"subType: contested-like, text: pressure-move, distance: deep above-break 3 (>=27ft)"
499,PT00M51.30S,3,1610612744,GSW,201939,Curry,S. Curry,8,347,35,Missed,1,,,0,h,MISS Curry 35' 3PT Jump Shot,Missed Shot,Jump Shot,1,357,21800062,2109,15.0,made_fg(24),3,-2,likely_open,"subType: open-like, distance: deep above-break 3 (>=27ft)"
515,PT00M02.80S,3,1610612744,GSW,201939,Curry,S. Curry,-18,315,32,Missed,1,,,0,h,MISS Curry 32' 3PT Jump Shot,Missed Shot,Jump Shot,1,368,21800062,2158,16.0,def_reb(24),3,-2,likely_open,"subType: open-like, distance: deep above-break 3 (>=27ft)"
32,PT09M01.00S,1,1610612744,GSW,201939,Curry,S. Curry,-5,1,1,Made,1,10.0,8.0,18,v,Curry 1' Cutting Layup Shot (2 PTS) (Green 1 AST),Made Shot,Cutting Layup Shot,1,20,21800068,179,10.0,made_fg(24),2,1,borderline,distance: at-rim/very close
79,PT05M25.00S,1,1610612744,GSW,201939,Curry,S. Curry,-60,243,25,Made,1,16.0,15.0,31,v,Curry 25' 3PT Jump Shot (5 PTS),Made Shot,Jump Shot,1,58,21800068,395,14.0,turnover(24),3,-1,likely_open,subType: open-like
86,PT04M56.00S,1,1610612744,GSW,201939,Curry,S. Curry,-221,-13,0,Made,1,16.0,18.0,34,v,Curry 3PT Jump Shot (8 PTS) (Looney 1 AST),Made Shot,Jump Shot,1,62,21800068,424,10.0,turnover(24),3,-1,likely_open,"subType: open-like, distance: at-rim/very close, coords: corner-3, corner: catch/spot"
98,PT04M20.00S,1,1610612744,GSW,201939,Curry,S. Curry,3,4,1,Made,1,16.0,20.0,36,v,Curry 1' Driving Layup (10 PTS),Made Shot,Driving Layup Shot,1,70,21800068,460,18.0,def_reb(24),2,3,likely_contested,"subType: contested-like, distance: at-rim/very close"
103,PT03M49.00S,1,1610612744,GSW,201939,Curry,S. Curry,-171,167,24,Made,1,16.0,23.0,39,v,Curry 24' 3PT Jump Shot (13 PTS) (Durant 1 AST),Made Shot,Jump Shot,1,75,21800068,491,20.0,def_reb(24),3,-1,likely_open,subType: open-like
108,PT03M19.00S,1,1610612744,GSW,201939,Curry,S. Curry,143,268,30,Missed,1,,,0,v,MISS Curry 30' 3PT Jump Shot,Missed Shot,Jump Shot,1,79,21800068,521,19.0,def_reb(24),3,-2,likely_open,"subType: open-like, distance: deep above-break 3 (>=27ft)"
112,PT02M44.00S,1,1610612744,GSW,201939,Curry,S. Curry,-205,-34,21,Missed,1,,,0,v,MISS Curry 21' Jump Shot,Missed Shot,Jump Shot,1,83,21800068,556,13.0,def_reb(24),2,-1,likely_open,subType: open-like
128,PT02M02.00S,1,1610612744,GSW,201939,Curry,S. Curry,-2,250,25,Missed,1,,,0,v,MISS Curry 25' 3PT Jump Shot,Missed Shot,Jump Shot,1,96,21800068,598,20.0,turnover(24),3,-1,likely_open,subType: open-like
256,PT04M04.00S,2,1610612744,GSW,201939,Curry,S. Curry,141,253,29,Missed,1,,,0,v,MISS Curry 29' 3PT Jump Shot,Missed Shot,Jump Shot,1,184,21800068,1196,20.0,def_reb(24),3,-2,likely_open,"subType: open-like, distance: deep above-break 3 (>=27ft)"
280,PT02M31.00S,2,1610612744,GSW,201939,Curry,S. Curry,22,29,4,Missed,1,,,0,v,MISS Curry 4' Driving Finger Roll Layup,Missed Shot,Driving Finger Roll Layup Shot,1,202,21800068,1289,6.0,made_fg(24),2,1,borderline,distance: at-rim/very close
336,PT10M38.00S,3,1610612744,GSW,201939,Curry,S. Curry,-84,265,28,Made,1,56.0,58.0,114,v,Curry 28' 3PT Jump Shot (17 PTS) (Green 4 AST),Made Shot,Jump Shot,1,244,21800068,1522,10.0,keep_clock(16),3,-2,likely_open,"subType: open-like, distance: deep above-break 3 (>=27ft)"
354,PT08M51.00S,3,1610612744,GSW,201939,Curry,S. Curry,11,18,2,Made,1,64.0,62.0,126,v,Curry 2' Driving Finger Roll Layup (19 PTS),Made Shot,Driving Finger Roll Layup Shot,1,259,21800068,1629,15.0,final_ft(24),2,1,borderline,distance: at-rim/very close
369,PT07M31.00S,3,1610612744,GSW,201939,Curry,S. Curry,222,83,24,Made,1,68.0,67.0,135,v,Curry 24' 3PT Jump Shot (22 PTS) (Durant 2 AST),Made Shot,Jump Shot,1,271,21800068,1709,8.0,made_fg(24),3,-1,likely_open,subType: open-like
392,PT05M51.00S,3,1610612744,GSW,201939,Curry,S. Curry,6,12,1,Missed,1,,,0,v,MISS Curry 1' Driving Layup,Missed Shot,Driving Layup Shot,1,287,21800068,1809,10.0,made_fg(24),2,3,likely_contested,"subType: contested-like, distance: at-rim/very close"
413,PT03M14.00S,3,1610612744,GSW,201939,Curry,S. Curry,154,212,26,Missed,1,,,0,v,MISS Curry 26' 3PT Jump Shot,Missed Shot,Jump Shot,1,305,21800068,1966,16.0,def_reb(24),3,-1,likely_open,subType: open-like
428,PT02M55.00S,3,1610612744,GSW,201939,Curry,S. Curry,-7,193,19,Made,1,78.0,71.0,149,v,Curry 19' Pullup Jump Shot (24 PTS) (Looney 2 AST),Made Shot,Pullup Jump shot,1,314,21800068,1985,10.0,made_fg(24),2,3,likely_contested,"subType: contested-like, text: pressure-move"
435,PT02M04.00S,3,1610612744,GSW,201939,Curry,S. Curry,15,267,27,Missed,1,,,0,v,MISS Curry 27' 3PT Jump Shot,Missed Shot,Jump Shot,1,320,21800068,2036,17.0,turnover(24),3,-2,likely_open,"subType: open-like, distance: deep above-break 3 (>=27ft)"
589,PT02M10.00S,4,1610612744,GSW,201939,Curry,S. Curry,156,201,25,Made,1,100.0,121.0,221,v,Curry 25' 3PT Jump Shot (29 PTS),Made Shot,Jump Shot,1,430,21800068,2750,14.0,off_reb(14),3,-1,likely_open,subType: open-like
27,PT09M55.00S,1,1610612744,GSW,201939,Curry,S. Curry,-91,227,24,Made,1,5.0,5.0,10,v,Curry 24' 3PT Pullup Jump Shot (3 PTS) (Green 2 AST),Made Shot,Pullup Jump shot,1,20,21800083,125,18.0,def_reb(24),3,3,likely_contested,"subType: contested-like, text: pressure-move"
41,PT08M38.00S,1,1610612744,GSW,201939,Curry,S. Curry,-226,14,0,Made,1,8.0,10.0,18,v,Curry 3PT Jump Shot (6 PTS) (Jones 1 AST),Made Shot,Jump Shot,1,30,21800083,202,12.0,made_fg(24),3,-1,likely_open,"subType: open-like, distance: at-rim/very close, coords: corner-3, corner: catch/spot"
44,PT08M13.00S,1,1610612744,GSW,201939,Curry,S. Curry,16,203,20,Missed,1,,,0,v,MISS Curry 20' Driving Floating Jump Shot,Missed Shot,Driving Floating Jump Shot,1,32,21800083,227,15.0,made_fg(24),2,2,likely_contested,subType: contested-like
84,PT04M42.00S,1,1610612744,GSW,201939,Curry,S. Curry,-182,167,25,Made,1,23.0,19.0,42,v,Curry 25' 3PT Jump Shot (9 PTS) (Green 4 AST),Made Shot,Jump Shot,1,61,21800083,438,15.0,made_fg(24),3,-1,likely_open,subType: open-like
120,PT02M58.00S,1,1610612744,GSW,201939,Curry,S. Curry,39,188,19,Missed,1,,,0,v,MISS Curry 19' Pullup Jump Shot,Missed Shot,Pullup Jump shot,1,87,21800083,542,19.0,def_reb(24),2,3,likely_contested,"subType: contested-like, text: pressure-move"
144,PT01M27.00S,1,1610612744,GSW,201939,Curry,S. Curry,-6,20,2,Made,1,26.0,30.0,56,v,Curry 2' Driving Layup (14 PTS),Made Shot,Driving Layup Shot,1,107,21800083,633,8.0,def_foul_14(14),2,3,likely_contested,"subType: contested-like, distance: at-rim/very close"
146,PT00M53.70S,1,1610612744,GSW,201939,Curry,S. Curry,11,252,25,Missed,1,,,0,v,MISS Curry 25' 3PT Pullup Jump Shot,Missed Shot,Pullup Jump shot,1,109,21800083,667,10.0,made_fg(24),3,3,likely_contested,"subType: contested-like, text: pressure-move"
153,PT00M06.70S,1,1610612744,GSW,201939,Curry,S. Curry,99,3,10,Made,1,29.0,32.0,61,v,Curry 10' Driving Floating Jump Shot (16 PTS) (Iguodala 1 AST),Made Shot,Driving Floating Jump Shot,1,114,21800083,714,5.0,def_reb(24),2,4,likely_contested,"subType: contested-like, distance: mid-range, clock: late (<=5s)"
251,PT05M02.00S,2,1610612744,GSW,201939,Curry,S. Curry,-14,-6,2,Made,1,39.0,50.0,89,v,Curry 2' Running Layup (18 PTS),Made Shot,Running Layup Shot,1,179,21800083,1138,18.0,def_reb(24),2,3,likely_contested,"subType: contested-like, distance: at-rim/very close"
275,PT03M26.00S,2,1610612744,GSW,201939,Curry,S. Curry,74,151,17,Missed,1,,,0,v,MISS Curry 17' Driving Floating Jump Shot,Missed Shot,Driving Floating Jump Shot,1,196,21800083,1234,10.0,final_ft(24),2,2,likely_contested,subType: contested-like
277,PT03M19.00S,2,1610612744,GSW,201939,Curry,S. Curry,-228,-10,0,Made,1,42.0,55.0,97,v,Curry 3PT Pullup Jump Shot (21 PTS) (Green 8 AST),Made Shot,Pullup Jump shot,1,198,21800083,1241,8.0,off_reb(14),3,4,likely_contested,"subType: contested-like, text: pressure-move, distance: at-rim/very close, coords: corner-3"
298,PT01M16.00S,2,1610612744,GSW,201939,Curry,S. Curry,19,264,26,Made,1,44.0,63.0,107,v,Curry 26' 3PT Pullup Jump Shot (24 PTS),Made Shot,Pullup Jump shot,1,214,21800083,1364,18.0,def_reb(24),3,3,likely_contested,"subType: contested-like, text: pressure-move"
304,PT00M27.00S,2,1610612744,GSW,201939,Curry,S. Curry,226,90,24,Missed,1,,,0,v,MISS Curry 24' 3PT Jump Shot,Missed Shot,Jump Shot,1,219,21800083,1413,7.0,made_fg(24),3,-1,likely_open,subType: open-like
308,PT00M00.70S,2,1610612744,GSW,201939,Curry,S. Curry,121,440,46,Missed,1,,,0,v,MISS Curry 46' 3PT Pullup Jump Shot,Missed Shot,Pullup Jump shot,1,223,21800083,1440,21.0,def_reb(24),3,2,likely_contested,"subType: contested-like, text: pressure-move, distance: deep above-break 3 (>=27ft)"
330,PT11M10.00S,3,1610612744,GSW,201939,Curry,S. Curry,-157,134,21,Missed,1,,,0,v,MISS Curry 21' Pullup Jump Shot,Missed Shot,Pullup Jump shot,1,236,21800083,1490,16.0,final_ft(24),2,3,likely_contested,"subType: contested-like, text: pressure-move"
343,PT10M00.00S,3,1610612744,GSW,201939,Curry,S. Curry,92,253,27,Missed,1,,,0,v,MISS Curry 27' 3PT Jump Shot,Missed Shot,Jump Shot,1,247,21800083,1560,2.0,made_fg(24),3,-1,likely_open,"subType: open-like, distance: deep above-break 3 (>=27ft), clock: late (<=5s)"
360,PT08M28.00S,3,1610612744,GSW,201939,Curry,S. Curry,14,-8,2,Made,1,55.0,69.0,124,v,Curry 2' Running Layup (26 PTS) (Green 9 AST),Made Shot,Running Layup Shot,1,259,21800083,1652,19.0,turnover(24),2,3,likely_contested,"subType: contested-like, distance: at-rim/very close"
381,PT06M43.00S,3,1610612744,GSW,201939,Curry,S. Curry,-165,241,29,Made,1,60.0,76.0,136,v,Curry 29' 3PT Jump Shot (29 PTS) (Durant 4 AST),Made Shot,Jump Shot,1,274,21800083,1757,17.0,turnover(24),3,-2,likely_open,"subType: open-like, distance: deep above-break 3 (>=27ft)"
418,PT04M47.00S,3,1610612744,GSW,201939,Curry,S. Curry,52,252,26,Missed,1,,,0,v,MISS Curry 26' 3PT Pullup Jump Shot,Missed Shot,Pullup Jump shot,1,299,21800083,1873,14.0,final_ft(24),3,3,likely_contested,"subType: contested-like, text: pressure-move"
444,PT03M21.00S,3,1610612744,GSW,201939,Curry,S. Curry,-8,86,9,Missed,1,,,0,v,MISS Curry 9' Driving Floating Jump Shot,Missed Shot,Driving Floating Jump Shot,1,319,21800083,1959,21.0,def_reb(24),2,3,likely_contested,"subType: contested-like, distance: mid-range"
462,PT01M55.00S,3,1610612744,GSW,201939,Curry,S. Curry,-158,215,27,Missed,1,,,0,v,MISS Curry 27' 3PT Jump Shot,Missed Shot,Jump Shot,1,334,21800083,2045,21.0,def_reb(24),3,-2,likely_open,"subType: open-like, distance: deep above-break 3 (>=27ft)"
466,PT01M22.00S,3,1610612744,GSW,201939,Curry,S. Curry,220,70,0,Missed,1,,,0,v,MISS Curry 3PT Jump Shot,Missed Shot,Jump Shot,1,338,21800083,2078,8.0,made_fg(24),3,0,likely_open,"subType: open-like, distance: at-rim/very close"
560,PT05M11.00S,4,1610612744,GSW,201939,Curry,S. Curry,-231,-21,0,Missed,1,,,0,v,MISS Curry 3PT Jump Shot,Missed Shot,Jump Shot,1,401,21800083,2569,7.0,made_fg(24),3,-1,likely_open,"subType: open-like, distance: at-rim/very close, coords: corner-3, corner: catch/spot"
599,PT02M10.00S,4,1610612744,GSW,201939,Curry,S. Curry,-16,183,18,Missed,1,,,0,v,MISS Curry 18' Pullup Jump Shot,Missed Shot,Pullup Jump shot,1,431,21800083,2750,10.0,turnover(24),2,3,likely_contested,"subType: contested-like, text: pressure-move"
608,PT01M08.00S,4,1610612744,GSW,201939,Curry,S. Curry,-30,247,25,Made,1,108.0,115.0,223,v,Curry 25' 3PT Pullup Jump Shot (32 PTS),Made Shot,Pullup Jump shot,1,438,21800083,2812,11.0,def_reb(24),3,3,likely_contested,"subType: contested-like, text: pressure-move"
611,PT00M46.70S,4,1610612744,GSW,201939,Curry,S. Curry,11,-4,1,Missed,1,,,0,v,MISS Curry 1' Driving Layup,Missed Shot,Driving Layup Shot,1,441,21800083,2834,12.0,def_reb(24),2,3,likely_contested,"subType: contested-like, distance: at-rim/very close"
28,PT09M31.00S,1,1610612744,GSW,201939,Curry,S. Curry,-8,11,1,Made,1,3.0,9.0,12,v,Curry 1' Running Layup (2 PTS),Made Shot,Running Layup Shot,1,20,21800091,149,21.0,def_reb(24),2,3,likely_contested,"subType: contested-like, distance: at-rim/very close"
74,PT06M09.00S,1,1610612744,GSW,201939,Curry,S. Curry,-122,267,29,Made,1,10.0,22.0,32,v,Curry 29' 3PT Jump Shot (7 PTS),Made Shot,Jump Shot,0,54,21800091,351,18.0,made_fg(24),3,-2,likely_open,"subType: open-like, distance: deep above-break 3 (>=27ft)"
76,PT05M40.00S,1,1610612744,GSW,201939,Curry,S. Curry,22,-3,2,Made,1,13.0,24.0,37,v,Curry 2' Driving Layup (9 PTS) (Durant 2 AST),Made Shot,Driving Layup Shot,0,56,21800091,380,11.0,made_fg(24),2,3,likely_contested,"subType: contested-like, distance: at-rim/very close"
150,PT01M16.00S,1,1610612744,GSW,201939,Curry,S. Curry,180,176,25,Missed,1,,,0,v,MISS Curry 25' 3PT Jump Shot,Missed Shot,Jump Shot,1,110,21800091,644,12.0,made_fg(24),3,-1,likely_open,subType: open-like
267,PT05M40.00S,2,1610612744,GSW,201939,Curry,S. Curry,232,-5,0,Missed,1,,,0,v,MISS Curry 3PT Jump Shot,Missed Shot,Jump Shot,1,187,21800091,1100,14.0,turnover(24),3,-1,likely_open,"subType: open-like, distance: at-rim/very close, coords: corner-3, corner: catch/spot"
288,PT03M57.00S,2,1610612744,GSW,201939,Curry,S. Curry,4,18,2,Made,1,48.0,75.0,123,v,Curry 2' Layup (13 PTS),Made Shot,Layup Shot,1,207,21800091,1203,22.0,def_reb(24),2,1,borderline,distance: at-rim/very close
316,PT04M22.00S,2,1610612744,GSW,201939,Curry,S. Curry,-7,201,20,Made,1,48.0,73.0,121,v,Curry 20' Pullup Jump Shot (11 PTS),Made Shot,Pullup Jump shot,1,204,21800091,1178,14.0,made_fg(24),2,3,likely_contested,"subType: contested-like, text: pressure-move"
325,PT02M28.00S,2,1610612744,GSW,201939,Curry,S. Curry,-18,4,2,Made,1,48.0,83.0,131,v,Curry 2' Cutting Layup Shot (18 PTS) (Green 8 AST),Made Shot,Cutting Layup Shot,1,224,21800091,1292,19.0,def_reb(24),2,1,borderline,distance: at-rim/very close
352,PT00M38.40S,2,1610612744,GSW,201939,Curry,S. Curry,146,206,25,Made,1,50.0,90.0,140,v,Curry 25' 3PT Jump Shot (21 PTS) (Green 10 AST),Made Shot,Jump Shot,1,247,21800091,1402,13.0,made_fg(24),3,-1,likely_open,subType: open-like
53,PT08M40.00S,1,1610612744,GSW,201939,Curry,S. Curry,-68,36,8,Made,1,14.0,12.0,26,h,Curry 8' Driving Finger Roll Layup (2 PTS),Made Shot,Driving Finger Roll Layup Shot,1,35,21800108,200,4.0,made_fg(24),2,2,likely_contested,"distance: mid-range, clock: late (<=5s)"
67,PT07M38.00S,1,1610612744,GSW,201939,Curry,S. Curry,8,299,30,Made,1,17.0,17.0,34,h,Curry 30' 3PT Jump Shot (5 PTS),Made Shot,Jump Shot,1,48,21800108,262,19.0,made_fg(24),3,-2,likely_open,"subType: open-like, distance: deep above-break 3 (>=27ft)"
80,PT06M46.00S,1,1610612744,GSW,201939,Curry,S. Curry,-3,70,7,Made,1,19.0,21.0,40,h,Curry 7' Floating Jump Shot (7 PTS),Made Shot,Floating Jump shot,1,56,21800108,314,11.0,made_fg(24),2,2,likely_contested,subType: contested-like
100,PT05M10.00S,1,1610612744,GSW,201939,Curry,S. Curry,-5,22,2,Missed,1,,,0,h,MISS Curry 2' Running Finger Roll Layup,Missed Shot,Running Finger Roll Layup Shot,1,71,21800108,410,20.0,turnover(24),2,1,borderline,distance: at-rim/very close
141,PT03M14.00S,1,1610612744,GSW,201939,Curry,S. Curry,33,278,28,Missed,1,,,0,h,MISS Curry 28' 3PT Jump Shot,Missed Shot,Jump Shot,1,102,21800108,526,17.0,def_reb(24),3,-2,likely_open,"subType: open-like, distance: deep above-break 3 (>=27ft)"
287,PT06M19.00S,2,1610612744,GSW,201939,Curry,S. Curry,87,185,20,Made,1,57.0,56.0,113,h,Curry 20' Pullup Jump Shot (12 PTS),Made Shot,Pullup Jump shot,1,204,21800108,1061,15.0,made_fg(24),2,3,likely_contested,"subType: contested-like, text: pressure-move"
307,PT04M39.00S,2,1610612744,GSW,201939,Curry,S. Curry,2,269,27,Made,1,60.0,56.0,116,h,Curry 27' 3PT Jump Shot (15 PTS),Made Shot,Jump Shot,1,218,21800108,1161,14.0,def_reb(24),3,-2,likely_open,"subType: open-like, distance: deep above-break 3 (>=27ft)"
344,PT02M45.00S,2,1610612744,GSW,201939,Curry,S. Curry,-16,59,6,Missed,1,,,0,h,MISS Curry 6' Driving Floating Jump Shot,Missed Shot,Driving Floating Jump Shot,1,242,21800108,1275,5.0,made_fg(24),2,3,likely_contested,"subType: contested-like, clock: late (<=5s)"
409,PT10M45.00S,3,1610612744,GSW,201939,Curry,S. Curry,-150,206,25,Made,1,78.0,68.0,146,h,Curry 25' 3PT Step Back Jump Shot (18 PTS),Made Shot,Step Back Jump shot,1,289,21800108,1515,15.0,final_ft(24),3,3,likely_contested,"subType: contested-like, text: pressure-move"
414,PT09M58.00S,3,1610612744,GSW,201939,Curry,S. Curry,63,263,27,Missed,1,,,0,h,MISS Curry 27' 3PT Jump Shot,Missed Shot,Jump Shot,1,294,21800108,1562,14.0,made_fg(24),3,-2,likely_open,"subType: open-like, distance: deep above-break 3 (>=27ft)"
422,PT09M19.00S,3,1610612744,GSW,201939,Curry,S. Curry,1,20,2,Missed,1,,,0,h,MISS Curry 2' Driving Reverse Layup,Missed Shot,Driving Reverse Layup Shot,1,302,21800108,1601,16.0,def_reb(24),2,3,likely_contested,"subType: contested-like, distance: at-rim/very close"
426,PT08M57.00S,3,1610612744,GSW,201939,Curry,S. Curry,9,55,6,Made,1,80.0,70.0,150,h,Curry 6' Driving Finger Roll Layup (20 PTS) (Durant 4 AST),Made Shot,Driving Finger Roll Layup Shot,1,306,21800108,1623,12.0,def_reb(24),2,0,likely_open,
435,PT07M55.00S,3,1610612744,GSW,201939,Curry,S. Curry,-230,-16,0,Made,1,83.0,70.0,153,h,Curry 3PT Jump Shot (23 PTS) (Thompson 3 AST),Made Shot,Jump Shot,1,314,21800108,1685,19.0,turnover(24),3,-1,likely_open,"subType: open-like, distance: at-rim/very close, coords: corner-3, corner: catch/spot"
467,PT05M19.00S,3,1610612744,GSW,201939,Curry,S. Curry,217,147,26,Missed,1,,,0,h,MISS Curry 26' 3PT Jump Shot,Missed Shot,Jump Shot,1,336,21800108,1841,11.0,made_fg(24),3,-1,likely_open,subType: open-like
469,PT05M08.00S,3,1610612744,GSW,201939,Curry,S. Curry,-5,26,3,Made,1,90.0,78.0,168,h,Curry 3' Driving Finger Roll Layup (25 PTS) (Durant 7 AST),Made Shot,Driving Finger Roll Layup Shot,1,338,21800108,1852,5.0,off_reb(14),2,2,likely_contested,"distance: at-rim/very close, clock: late (<=5s)"
490,PT04M01.00S,3,1610612744,GSW,201939,Curry,S. Curry,62,276,28,Made,1,95.0,85.0,180,h,Curry 28' 3PT Pullup Jump Shot (28 PTS) (McKinnie 1 AST),Made Shot,Pullup Jump shot,1,350,21800108,1919,24.0,made_fg(24),3,2,likely_contested,"subType: contested-like, text: pressure-move, distance: deep above-break 3 (>=27ft)"
528,PT01M12.00S,3,1610612744,GSW,201939,Curry,S. Curry,116,279,30,Made,1,105.0,90.0,195,h,Curry 30' 3PT Turnaround Jump Shot (31 PTS) (Iguodala 2 AST),Made Shot,Turnaround Jump Shot,1,379,21800108,2088,9.0,def_reb(24),3,-1,likely_open,distance: deep above-break 3 (>=27ft)
537,PT00M48.00S,3,1610612744,GSW,201939,Curry,S. Curry,131,248,28,Missed,1,,,0,h,MISS Curry 28' 3PT Pullup Jump Shot,Missed Shot,Pullup Jump shot,1,386,21800108,2112,14.0,final_ft(24),3,2,likely_contested,"subType: contested-like, text: pressure-move, distance: deep above-break 3 (>=27ft)"
621,PT06M31.00S,4,1610612744,GSW,201939,Curry,S. Curry,142,218,26,Made,1,118.0,103.0,221,h,Curry 26' 3PT Step Back Jump Shot (34 PTS) (Green 8 AST),Made Shot,Step Back Jump shot,1,444,21800108,2489,13.0,made_fg(24),3,3,likely_contested,"subType: contested-like, text: pressure-move"
651,PT03M47.00S,4,1610612744,GSW,201939,Curry,S. Curry,-7,225,23,Missed,1,,,0,h,MISS Curry 23' Turnaround Jump Shot,Missed Shot,Turnaround Jump Shot,1,463,21800108,2653,1.0,made_fg(24),2,1,borderline,clock: late (<=5s)
13,PT11M12.00S,1,1610612744,GSW,201939,Curry,S. Curry,-17,20,3,Made,1,4.0,3.0,7,h,Curry 3' Driving Reverse Layup (2 PTS) (Green 1 AST),Made Shot,Driving Reverse Layup Shot,1,6,21800124,48,10.0,def_foul_14(14),2,3,likely_contested,"subType: contested-like, distance: at-rim/very close"
41,PT08M14.00S,1,1610612744,GSW,201939,Curry,S. Curry,-18,262,26,Made,1,16.0,8.0,24,h,Curry 26' 3PT Pullup Jump Shot (5 PTS) (Green 4 AST),Made Shot,Pullup Jump shot,1,27,21800124,226,14.0,def_foul_14(14),3,3,likely_contested,"subType: contested-like, text: pressure-move"
54,PT06M51.00S,1,1610612744,GSW,201939,Curry,S. Curry,-2,22,2,Missed,1,,,0,h,MISS Curry 2' Cutting Layup Shot,Missed Shot,Cutting Layup Shot,1,34,21800124,309,9.0,made_fg(24),2,1,borderline,distance: at-rim/very close
91,PT03M37.00S,1,1610612744,GSW,201939,Curry,S. Curry,-143,239,28,Missed,1,,,0,h,MISS Curry 28' 3PT Jump Shot,Missed Shot,Jump Shot,1,59,21800124,503,0.0,made_fg(24),3,-1,likely_open,"subType: open-like, distance: deep above-break 3 (>=27ft), clock: late (<=5s)"
97,PT03M10.00S,1,1610612744,GSW,201939,Curry,S. Curry,-169,216,27,Missed,1,,,0,h,MISS Curry 27' 3PT Jump Shot,Missed Shot,Jump Shot,1,65,21800124,530,10.0,off_reb(14),3,-2,likely_open,"subType: open-like, distance: deep above-break 3 (>=27ft)"
129,PT01M35.00S,1,1610612744,GSW,201939,Curry,S. Curry,3,190,19,Made,1,36.0,28.0,64,h,Curry 19' Step Back Jump Shot (7 PTS),Made Shot,Step Back Jump shot,1,89,21800124,625,11.0,final_ft(24),2,3,likely_contested,"subType: contested-like, text: pressure-move"
142,PT00M44.50S,1,1610612744,GSW,201939,Curry,S. Curry,5,13,1,Missed,1,,,0,h,MISS Curry 1' Layup,Missed Shot,Layup Shot,1,100,21800124,676,17.0,made_fg(24),2,1,borderline,distance: at-rim/very close
148,PT00M02.90S,1,1610612744,GSW,201939,Curry,S. Curry,-77,175,19,Missed,1,,,0,h,MISS Curry 19' Jump Shot,Missed Shot,Jump Shot,1,106,21800124,718,15.0,def_reb(24),2,-1,likely_open,subType: open-like
260,PT03M20.00S,2,1610612744,GSW,201939,Curry,S. Curry,5,18,2,Made,1,54.0,53.0,107,h,Curry 2' Driving Finger Roll Layup (9 PTS),Made Shot,Driving Finger Roll Layup Shot,1,183,21800124,1240,14.0,made_fg(24),2,1,borderline,distance: at-rim/very close
279,PT02M28.00S,2,1610612744,GSW,201939,Curry,S. Curry,-183,220,29,Made,1,59.0,53.0,112,h,Curry 29' 3PT Jump Shot (12 PTS) (Durant 1 AST),Made Shot,Jump Shot,1,198,21800124,1292,19.0,def_reb(24),3,-2,likely_open,"subType: open-like, distance: deep above-break 3 (>=27ft)"
305,PT00M04.50S,2,1610612744,GSW,201939,Curry,S. Curry,55,22,6,Missed,1,,,0,h,MISS Curry 6' Jump Shot,Missed Shot,Jump Shot,1,218,21800124,1436,13.0,off_reb(14),2,-1,likely_open,subType: open-like
322,PT11M22.00S,3,1610612744,GSW,201939,Curry,S. Curry,116,242,27,Missed,1,,,0,h,MISS Curry 27' 3PT Jump Shot,Missed Shot,Jump Shot,1,228,21800124,1478,13.0,keep_clock(18),3,-2,likely_open,"subType: open-like, distance: deep above-break 3 (>=27ft)"
342,PT09M33.00S,3,1610612744,GSW,201939,Curry,S. Curry,-86,155,18,Made,1,67.0,63.0,130,h,Curry 18' Step Back Jump Shot (16 PTS) (Green 9 AST),Made Shot,Step Back Jump shot,1,246,21800124,1587,11.0,def_reb(24),2,3,likely_contested,"subType: contested-like, text: pressure-move"
386,PT05M51.00S,3,1610612744,GSW,201939,Curry,S. Curry,-190,182,26,Missed,1,,,0,h,MISS Curry 26' 3PT Jump Shot,Missed Shot,Jump Shot,1,282,21800124,1809,21.0,def_reb(24),3,-1,likely_open,subType: open-like
437,PT03M14.00S,3,1610612744,GSW,201939,Curry,S. Curry,-19,8,2,Made,1,76.0,78.0,154,h,Curry 2' Driving Layup (18 PTS),Made Shot,Driving Layup Shot,1,319,21800124,1966,9.0,def_reb(24),2,3,likely_contested,"subType: contested-like, distance: at-rim/very close"
441,PT02M51.00S,3,1610612744,GSW,201939,Curry,S. Curry,24,46,5,Missed,1,,,0,h,MISS Curry 5' Jump Shot,Missed Shot,Jump Shot,1,322,21800124,1989,13.0,def_reb(24),2,0,likely_open,"subType: open-like, distance: at-rim/very close"
467,PT01M44.00S,3,1610612744,GSW,201939,Curry,S. Curry,185,168,25,Made,1,81.0,82.0,163,h,Curry 25' 3PT Pullup Jump Shot (21 PTS),Made Shot,Pullup Jump shot,1,340,21800124,2056,14.0,final_ft(24),3,3,likely_contested,"subType: contested-like, text: pressure-move"
475,PT01M11.00S,3,1610612744,GSW,201939,Curry,S. Curry,171,235,29,Missed,1,,,0,h,MISS Curry 29' 3PT Jump Shot,Missed Shot,Jump Shot,1,346,21800124,2089,13.0,def_reb(24),3,-2,likely_open,"subType: open-like, distance: deep above-break 3 (>=27ft)"
477,PT01M07.00S,3,1610612744,GSW,201939,Curry,S. Curry,76,263,27,Missed,1,,,0,h,MISS Curry 27' 3PT Jump Shot,Missed Shot,Jump Shot,1,348,21800124,2093,12.0,off_reb(14),3,-2,likely_open,"subType: open-like, distance: deep above-break 3 (>=27ft)"
490,PT00M03.50S,3,1610612744,GSW,201939,Curry,S. Curry,0,26,3,Made,1,83.0,85.0,168,h,Curry 3' Running Finger Roll Layup (23 PTS),Made Shot,Running Finger Roll Layup Shot,1,359,21800124,2157,19.0,def_reb(24),2,1,borderline,distance: at-rim/very close
606,PT03M31.00S,4,1610612744,GSW,201939,Curry,S. Curry,-230,1,0,Missed,1,,,0,h,MISS Curry 3PT Jump Shot,Missed Shot,Jump Shot,1,437,21800124,2669,13.0,def_reb(24),3,-1,likely_open,"subType: open-like, distance: at-rim/very close, coords: corner-3, corner: catch/spot"
634,PT01M27.00S,4,1610612744,GSW,201939,Curry,S. Curry,-220,122,25,Made,1,114.0,99.0,213,h,Curry 25' 3PT Step Back Jump Shot (26 PTS),Made Shot,Step Back Jump shot,1,460,21800124,2793,13.0,made_fg(24),3,3,likely_contested,"subType: contested-like, text: pressure-move"
640,PT00M44.30S,4,1610612744,GSW,201939,Curry,S. Curry,11,21,2,Made,1,116.0,99.0,215,h,Curry 2' Driving Layup (28 PTS) (Durant 3 AST),Made Shot,Driving Layup Shot,1,466,21800124,2836,10.0,def_reb(24),2,3,likely_contested,"subType: contested-like, distance: at-rim/very close"
644,PT00M16.20S,4,1610612744,GSW,201939,Curry,S. Curry,-138,214,25,Missed,1,,,0,h,MISS Curry 25' 3PT Step Back Jump Shot,Missed Shot,Step Back Jump shot,1,469,21800124,2864,6.0,def_reb(24),3,3,likely_contested,"subType: contested-like, text: pressure-move"
19,PT10M32.00S,1,1610612744,GSW,201939,Curry,S. Curry,-171,264,31,Missed,1,,,0,h,MISS Curry 31' 3PT Running Pull-Up Jump Shot,Missed Shot,Running Pull-Up Jump Shot,1,11,21800147,88,17.0,made_fg(24),3,2,likely_contested,"subType: contested-like, text: pressure-move, distance: deep above-break 3 (>=27ft)"
32,PT08M46.00S,1,1610612744,GSW,201939,Curry,S. Curry,93,197,22,Missed,1,,,0,h,MISS Curry 22' Jump Shot,Missed Shot,Jump Shot,1,21,21800147,194,9.0,made_fg(24),2,-1,likely_open,subType: open-like
109,PT02M56.00S,1,1610612744,GSW,201939,Curry,S. Curry,146,244,28,Missed,1,,,0,h,MISS Curry 28' 3PT Jump Shot,Missed Shot,Jump Shot,1,77,21800147,544,11.0,def_reb(24),3,-2,likely_open,"subType: open-like, distance: deep above-break 3 (>=27ft)"
118,PT02M32.00S,1,1610612744,GSW,201939,Curry,S. Curry,-78,151,17,Missed,1,,,0,h,MISS Curry 17' Driving Floating Jump Shot,Missed Shot,Driving Floating Jump Shot,1,84,21800147,568,10.0,final_ft(24),2,2,likely_contested,subType: contested-like
125,PT01M57.00S,1,1610612744,GSW,201939,Curry,S. Curry,-147,277,31,Made,1,22.0,26.0,48,h,Curry 31' 3PT Jump Shot (3 PTS) (Durant 3 AST),Made Shot,Jump Shot,1,89,21800147,603,11.0,made_fg(24),3,-2,likely_open,"subType: open-like, distance: deep above-break 3 (>=27ft)"
134,PT01M17.00S,1,1610612744,GSW,201939,Curry,S. Curry,-114,154,19,Missed,1,,,0,h,MISS Curry 19' Fadeaway Jumper,Missed Shot,Fadeaway Jump Shot,1,94,21800147,643,12.0,turnover(24),2,3,likely_contested,"subType: contested-like, text: pressure-move"
144,PT00M41.60S,1,1610612744,GSW,201939,Curry,S. Curry,-12,26,3,Missed,1,,,0,h,MISS Curry 3' Running Layup,Missed Shot,Running Layup Shot,1,102,21800147,679,22.0,def_reb(24),2,3,likely_contested,"subType: contested-like, distance: at-rim/very close"
269,PT04M07.00S,2,1610612744,GSW,201939,Curry,S. Curry,36,26,4,Missed,1,,,0,h,MISS Curry 4' Layup,Missed Shot,Layup Shot,1,191,21800147,1193,11.0,made_fg(24),2,1,borderline,distance: at-rim/very close
273,PT03M57.00S,2,1610612744,GSW,201939,Curry,S. Curry,-8,127,13,Made,1,47.0,49.0,96,h,Curry 13' Jump Shot (6 PTS),Made Shot,Jump Shot,1,196,21800147,1203,4.0,off_reb(14),2,1,borderline,"subType: open-like, distance: mid-range, clock: late (<=5s)"
294,PT02M52.00S,2,1610612744,GSW,201939,Curry,S. Curry,-218,138,26,Made,1,50.0,53.0,103,h,Curry 26' 3PT Jump Shot (9 PTS) (Thompson 1 AST),Made Shot,Jump Shot,1,204,21800147,1268,12.0,made_fg(24),3,-1,likely_open,subType: open-like
336,PT00M43.90S,2,1610612744,GSW,201939,Curry,S. Curry,-100,157,19,Missed,1,,,0,h,MISS Curry 19' Jump Bank Shot,Missed Shot,Jump Bank Shot,1,235,21800147,1397,15.0,def_reb(24),2,2,likely_contested,subType: contested-like
354,PT11M46.00S,3,1610612744,GSW,201939,Curry,S. Curry,103,157,19,Made,1,60.0,58.0,118,h,Curry 19' Jump Shot (12 PTS),Made Shot,Jump Shot,1,242,21800147,1454,10.0,period_start(24),2,-1,likely_open,subType: open-like
378,PT10M07.00S,3,1610612744,GSW,201939,Curry,S. Curry,3,40,4,Made,1,62.0,63.0,125,h,Curry 4' Running Finger Roll Layup (14 PTS),Made Shot,Running Finger Roll Layup Shot,1,258,21800147,1553,16.0,def_reb(24),2,1,borderline,distance: at-rim/very close
385,PT08M51.00S,3,1610612744,GSW,201939,Curry,S. Curry,158,219,27,Missed,1,,,0,h,MISS Curry 27' 3PT Jump Shot,Missed Shot,Jump Shot,1,264,21800147,1629,19.0,def_reb(24),3,-2,likely_open,"subType: open-like, distance: deep above-break 3 (>=27ft)"
451,PT04M10.00S,3,1610612744,GSW,201939,Curry,S. Curry,103,3,10,Missed,1,,,0,h,MISS Curry 10' Driving Finger Roll Layup,Missed Shot,Driving Finger Roll Layup Shot,1,314,21800147,1910,7.0,off_reb(14),2,1,borderline,distance: mid-range
468,PT03M14.00S,3,1610612744,GSW,201939,Curry,S. Curry,-205,179,27,Made,1,81.0,71.0,152,h,Curry 27' 3PT Running Jump Shot (17 PTS),Made Shot,Running Jump Shot,1,325,21800147,1966,17.0,turnover(24),3,-2,likely_open,"subType: open-like, distance: deep above-break 3 (>=27ft)"
471,PT02M38.00S,3,1610612744,GSW,201939,Curry,S. Curry,-19,19,3,Missed,1,,,0,h,MISS Curry 3' Driving Finger Roll Layup,Missed Shot,Driving Finger Roll Layup Shot,1,328,21800147,2002,9.0,def_reb(24),2,1,borderline,distance: at-rim/very close
28,PT10M12.00S,1,1610612744,GSW,201939,Curry,S. Curry,-55,104,12,Missed,1,,,0,h,MISS Curry 12' Turnaround Jump Shot,Missed Shot,Turnaround Jump Shot,1,19,21800166,108,2.0,made_fg(24),2,2,likely_contested,"distance: mid-range, clock: late (<=5s)"
38,PT09M29.00S,1,1610612744,GSW,201939,Curry,S. Curry,14,31,3,Made,1,4.0,6.0,10,h,Curry 3' Layup (2 PTS) (Durant 1 AST),Made Shot,Layup Shot,1,29,21800166,151,12.0,turnover(24),2,1,borderline,distance: at-rim/very close
49,PT08M45.00S,1,1610612744,GSW,201939,Curry,S. Curry,158,236,28,Missed,1,,,0,h,MISS Curry 28' 3PT Jump Shot,Missed Shot,Jump Shot,1,36,21800166,195,11.0,off_reb(14),3,-2,likely_open,"subType: open-like, distance: deep above-break 3 (>=27ft)"
73,PT06M28.00S,1,1610612744,GSW,201939,Curry,S. Curry,-49,38,6,Made,1,15.0,14.0,29,h,Curry 6' Driving Floating Bank Jump Shot (4 PTS) (Looney 1 AST),Made Shot,Driving Floating Bank Jump Shot,1,54,21800166,332,4.0,made_fg(24),2,3,likely_contested,"subType: contested-like, clock: late (<=5s)"
187,PT09M56.00S,2,1610612744,GSW,201939,Curry,S. Curry,-57,267,27,Missed,1,,,0,h,MISS Curry 27' 3PT Pullup Jump Shot,Missed Shot,Pullup Jump shot,1,130,21800166,844,12.0,made_fg(24),3,2,likely_contested,"subType: contested-like, text: pressure-move, distance: deep above-break 3 (>=27ft)"
197,PT09M14.00S,2,1610612744,GSW,201939,Curry,S. Curry,119,153,19,Missed,1,,,0,h,MISS Curry 19' Jump Shot,Missed Shot,Jump Shot,1,139,21800166,886,14.0,keep_clock(24),2,-1,likely_open,subType: open-like
207,PT08M01.00S,2,1610612744,GSW,201939,Curry,S. Curry,133,179,22,Made,1,36.0,38.0,74,h,Curry 22' Pullup Jump Shot (6 PTS),Made Shot,Pullup Jump shot,1,148,21800166,959,7.0,off_reb(14),2,3,likely_contested,"subType: contested-like, text: pressure-move"
222,PT07M33.00S,2,1610612744,GSW,201939,Curry,S. Curry,40,257,26,Missed,1,,,0,h,MISS Curry 26' 3PT Pullup Jump Shot,Missed Shot,Pullup Jump shot,1,158,21800166,987,12.0,final_ft(24),3,3,likely_contested,"subType: contested-like, text: pressure-move"
288,PT03M40.00S,2,1610612744,GSW,201939,Curry,S. Curry,96,91,13,Missed,1,,,0,h,MISS Curry 13' Driving Floating Jump Shot,Missed Shot,Driving Floating Jump Shot,1,210,21800166,1220,13.0,made_fg(24),2,3,likely_contested,"subType: contested-like, distance: mid-range"
311,PT02M11.00S,2,1610612744,GSW,201939,Curry,S. Curry,-98,169,20,Made,1,47.0,60.0,107,h,Curry 20' Pullup Jump Shot (8 PTS),Made Shot,Pullup Jump shot,1,227,21800166,1309,7.0,made_fg(24),2,3,likely_contested,"subType: contested-like, text: pressure-move"
332,PT00M45.70S,2,1610612744,GSW,201939,Curry,S. Curry,17,20,3,Missed,1,,,0,h,MISS Curry 3' Driving Layup,Missed Shot,Driving Layup Shot,1,241,21800166,1395,11.0,turnover(24),2,3,likely_contested,"subType: contested-like, distance: at-rim/very close"
378,PT09M59.00S,3,1610612744,GSW,201939,Curry,S. Curry,88,165,19,Missed,1,,,0,h,MISS Curry 19' Pullup Jump Shot,Missed Shot,Pullup Jump shot,1,274,21800166,1561,13.0,made_fg(24),2,3,likely_contested,"subType: contested-like, text: pressure-move"
432,PT06M12.00S,3,1610612744,GSW,201939,Curry,S. Curry,188,25,19,Made,1,66.0,84.0,150,h,Curry 19' Turnaround Jump Shot (10 PTS) (Thompson 1 AST),Made Shot,Turnaround Jump Shot,1,315,21800166,1788,8.0,made_fg(24),2,0,likely_open,
455,PT04M39.00S,3,1610612744,GSW,201939,Curry,S. Curry,-150,253,29,Missed,1,,,0,h,MISS Curry 29' 3PT Pullup Jump Shot,Missed Shot,Pullup Jump shot,1,331,21800166,1881,23.0,made_fg(24),3,2,likely_contested,"subType: contested-like, text: pressure-move, distance: deep above-break 3 (>=27ft)"
35,PT08M54.00S,1,1610612744,GSW,201939,Curry,S. Curry,-146,239,28,Missed,1,,,0,v,MISS Curry 28' 3PT Jump Shot,Missed Shot,Jump Shot,1,29,21800331,186,21.0,def_reb(24),3,-2,likely_open,"subType: open-like, distance: deep above-break 3 (>=27ft)"
52,PT07M32.00S,1,1610612744,GSW,201939,Curry,S. Curry,-133,241,28,Missed,1,,,0,v,MISS Curry 28' 3PT Pullup Jump Shot,Missed Shot,Pullup Jump shot,1,43,21800331,268,14.0,turnover(24),3,2,likely_contested,"subType: contested-like, text: pressure-move, distance: deep above-break 3 (>=27ft)"
100,PT04M04.00S,1,1610612744,GSW,201939,Curry,S. Curry,-131,231,27,Missed,1,,,0,v,MISS Curry 27' 3PT Jump Shot,Missed Shot,Jump Shot,1,78,21800331,476,5.0,made_fg(24),3,-1,likely_open,"subType: open-like, distance: deep above-break 3 (>=27ft), clock: late (<=5s)"
179,PT11M47.00S,2,1610612744,GSW,201939,Curry,S. Curry,-11,22,2,Made,1,24.0,26.0,50,v,Curry 2' Driving Layup (2 PTS),Made Shot,Driving Layup Shot,1,126,21800331,733,11.0,period_start(24),2,3,likely_contested,"subType: contested-like, distance: at-rim/very close"
192,PT10M47.00S,2,1610612744,GSW,201939,Curry,S. Curry,11,19,2,Missed,1,,,0,v,MISS Curry 2' Driving Reverse Layup,Missed Shot,Driving Reverse Layup Shot,1,135,21800331,793,7.0,def_foul_14(14),2,3,likely_contested,"subType: contested-like, distance: at-rim/very close"
200,PT10M22.00S,2,1610612744,GSW,201939,Curry,S. Curry,-167,36,17,Missed,1,,,0,v,MISS Curry 17' Pullup Jump Shot,Missed Shot,Pullup Jump shot,1,142,21800331,818,8.0,def_reb(24),2,3,likely_contested,"subType: contested-like, text: pressure-move"
217,PT09M08.00S,2,1610612744,GSW,201939,Curry,S. Curry,76,125,15,Made,1,32.0,29.0,61,v,Curry 15' Driving Floating Jump Shot (5 PTS),Made Shot,Driving Floating Jump Shot,1,155,21800331,892,3.0,made_fg(24),2,4,likely_contested,"subType: contested-like, distance: mid-range, clock: late (<=5s)"
322,PT01M39.00S,2,1610612744,GSW,201939,Curry,S. Curry,158,250,30,Missed,1,,,0,v,MISS Curry 30' 3PT Jump Shot,Missed Shot,Jump Shot,1,234,21800331,1341,17.0,turnover(24),3,-2,likely_open,"subType: open-like, distance: deep above-break 3 (>=27ft)"
344,PT00M01.30S,2,1610612744,GSW,201939,Curry,S. Curry,-58,495,50,Missed,1,,,0,v,MISS Curry 50' 3PT Jump Shot,Missed Shot,Jump Shot,1,251,21800331,1439,24.0,def_reb(24),3,-2,likely_open,"subType: open-like, distance: deep above-break 3 (>=27ft)"
389,PT07M17.00S,3,1610612744,GSW,201939,Curry,S. Curry,-133,244,28,Made,1,69.0,58.0,127,v,Curry 28' 3PT Jump Shot (10 PTS) (Durant 3 AST),Made Shot,Jump Shot,1,285,21800331,1723,7.0,final_ft(24),3,-2,likely_open,"subType: open-like, distance: deep above-break 3 (>=27ft)"
401,PT06M08.00S,3,1610612744,GSW,201939,Curry,S. Curry,-218,170,28,Made,1,71.0,61.0,132,v,Curry 28' 3PT Jump Shot (13 PTS) (Jones 2 AST),Made Shot,Jump Shot,1,294,21800331,1792,12.0,def_reb(24),3,-2,likely_open,"subType: open-like, distance: deep above-break 3 (>=27ft)"
405,PT05M43.00S,3,1610612744,GSW,201939,Curry,S. Curry,-50,16,5,Made,1,74.0,63.0,137,v,Curry 5' Driving Layup (15 PTS),Made Shot,Driving Layup Shot,1,296,21800331,1817,11.0,made_fg(24),2,3,likely_contested,"subType: contested-like, distance: at-rim/very close"
511,PT11M20.00S,4,1610612744,GSW,201939,Curry,S. Curry,24,106,11,Missed,1,,,0,v,MISS Curry 11' Turnaround Hook Shot,Missed Shot,Turnaround Hook Shot,1,370,21800331,2200,9.0,def_reb(24),2,3,likely_contested,"subType: contested-like, distance: mid-range"
533,PT09M44.00S,4,1610612744,GSW,201939,Curry,S. Curry,9,17,2,Made,1,90.0,80.0,170,v,Curry 2' Cutting Layup Shot (17 PTS) (Bell 2 AST),Made Shot,Cutting Layup Shot,1,388,21800331,2296,6.0,made_fg(24),2,1,borderline,distance: at-rim/very close
545,PT08M56.00S,4,1610612744,GSW,201939,Curry,S. Curry,-44,28,5,Missed,1,,,0,v,MISS Curry 5' Layup,Missed Shot,Layup Shot,1,397,21800331,2344,17.0,made_fg(24),2,1,borderline,distance: at-rim/very close
553,PT08M38.00S,4,1610612744,GSW,201939,Curry,S. Curry,-78,273,28,Made,1,92.0,84.0,176,v,Curry 28' 3PT Jump Shot (20 PTS) (Livingston 2 AST),Made Shot,Jump Shot,1,401,21800331,2362,6.0,def_foul_14(14),3,-2,likely_open,"subType: open-like, distance: deep above-break 3 (>=27ft)"
558,PT07M47.00S,4,1610612744,GSW,201939,Curry,S. Curry,-117,278,30,Missed,1,,,0,v,MISS Curry 30' 3PT Jump Shot,Missed Shot,Jump Shot,1,404,21800331,2413,,stale_reset(24),3,-2,likely_open,"subType: open-like, distance: deep above-break 3 (>=27ft)"
603,PT04M52.00S,4,1610612744,GSW,201939,Curry,S. Curry,-25,27,4,Made,1,96.0,86.0,182,v,Curry 4' Driving Layup (22 PTS),Made Shot,Driving Layup Shot,1,439,21800331,2588,24.0,def_reb(24),2,3,likely_contested,"subType: contested-like, distance: at-rim/very close"
630,PT03M57.00S,4,1610612744,GSW,201939,Curry,S. Curry,35,31,5,Missed,1,,,0,v,MISS Curry 5' Driving Layup,Missed Shot,Driving Layup Shot,1,459,21800331,2643,14.0,final_ft(24),2,3,likely_contested,"subType: contested-like, distance: at-rim/very close"
642,PT02M54.00S,4,1610612744,GSW,201939,Curry,S. Curry,-8,221,22,Made,1,101.0,91.0,192,v,Curry 22' Pullup Jump Shot (25 PTS) (Iguodala 2 AST),Made Shot,Pullup Jump shot,1,469,21800331,2706,17.0,turnover(24),2,3,likely_contested,"subType: contested-like, text: pressure-move"
671,PT01M10.00S,4,1610612744,GSW,201939,Curry,S. Curry,15,28,3,Made,1,107.0,98.0,205,v,Curry 3' Layup (27 PTS) (Durant 7 AST),Made Shot,Layup Shot,1,491,21800331,2810,17.0,final_ft(24),2,1,borderline,distance: at-rim/very close
39,PT08M32.00S,1,1610612744,GSW,201939,Curry,S. Curry,-131,220,26,Made,1,2.0,7.0,9,v,Curry 26' 3PT Jump Shot (3 PTS) (Durant 1 AST),Made Shot,Jump Shot,1,30,21800344,208,20.0,def_reb(24),3,-1,likely_open,subType: open-like
55,PT07M14.00S,1,1610612744,GSW,201939,Curry,S. Curry,-222,-7,0,Made,1,4.0,12.0,16,v,Curry 3PT Jump Shot (6 PTS) (Durant 2 AST),Made Shot,Jump Shot,1,42,21800344,286,11.0,turnover(24),3,-1,likely_open,"subType: open-like, distance: at-rim/very close, coords: corner-3, corner: catch/spot"
67,PT06M03.00S,1,1610612744,GSW,201939,Curry,S. Curry,207,150,26,Made,1,6.0,15.0,21,v,Curry 26' 3PT Jump Shot (9 PTS) (Iguodala 2 AST),Made Shot,Jump Shot,1,50,21800344,357,8.0,turnover(24),3,-1,likely_open,subType: open-like
80,PT04M45.00S,1,1610612744,GSW,201939,Curry,S. Curry,-4,17,2,Made,1,9.0,19.0,28,v,Curry 2' Driving Finger Roll Layup (11 PTS) (Thompson 1 AST),Made Shot,Driving Finger Roll Layup Shot,1,58,21800344,435,5.0,off_reb(14),2,2,likely_contested,"distance: at-rim/very close, clock: late (<=5s)"
84,PT04M18.00S,1,1610612744,GSW,201939,Curry,S. Curry,-4,8,1,Made,1,11.0,21.0,32,v,Curry 1' Cutting Layup Shot (13 PTS) (Durant 3 AST),Made Shot,Cutting Layup Shot,1,60,21800344,462,14.0,made_fg(24),2,1,borderline,distance: at-rim/very close
101,PT03M38.00S,1,1610612744,GSW,201939,Curry,S. Curry,-33,247,25,Made,1,13.0,26.0,39,v,Curry 25' 3PT Pullup Jump Shot (16 PTS),Made Shot,Pullup Jump shot,1,70,21800344,502,15.0,keep_clock(22),3,3,likely_contested,"subType: contested-like, text: pressure-move"
103,PT03M18.00S,1,1610612744,GSW,201939,Curry,S. Curry,-127,221,25,Missed,1,,,0,v,MISS Curry 25' 3PT Step Back Jump Shot,Missed Shot,Step Back Jump shot,1,72,21800344,522,16.0,turnover(24),3,3,likely_contested,"subType: contested-like, text: pressure-move"
255,PT05M43.00S,2,1610612744,GSW,201939,Curry,S. Curry,137,215,25,Missed,1,,,0,v,MISS Curry 25' 3PT Jump Shot,Missed Shot,Jump Shot,1,175,21800344,1097,11.0,made_fg(24),3,-1,likely_open,subType: open-like
265,PT05M09.00S,2,1610612744,GSW,201939,Curry,S. Curry,-4,9,1,Made,1,36.0,47.0,83,v,Curry 1' Driving Reverse Layup (20 PTS),Made Shot,Driving Reverse Layup Shot,1,182,21800344,1131,13.0,made_fg(24),2,3,likely_contested,"subType: contested-like, distance: at-rim/very close"
279,PT03M57.00S,2,1610612744,GSW,201939,Curry,S. Curry,23,252,25,Missed,1,,,0,v,MISS Curry 25' 3PT Pullup Jump Shot,Missed Shot,Pullup Jump shot,1,194,21800344,1203,17.0,def_reb(24),3,3,likely_contested,"subType: contested-like, text: pressure-move"
337,PT00M02.20S,2,1610612744,GSW,201939,Curry,S. Curry,-35,248,25,Missed,1,,,0,v,MISS Curry 25' 3PT Step Back Jump Shot,Missed Shot,Step Back Jump shot,1,235,21800344,1438,10.0,def_foul_14(14),3,3,likely_contested,"subType: contested-like, text: pressure-move"
404,PT07M26.00S,3,1610612744,GSW,201939,Curry,S. Curry,-187,170,25,Made,1,62.0,77.0,139,v,Curry 25' 3PT Jump Shot (23 PTS) (Looney 3 AST),Made Shot,Jump Shot,1,274,21800344,1714,12.0,made_fg(24),3,-1,likely_open,subType: open-like
467,PT03M32.00S,3,1610612744,GSW,201939,Curry,S. Curry,-6,13,1,Missed,1,,,0,v,MISS Curry 1' Driving Reverse Layup,Missed Shot,Driving Reverse Layup Shot,1,316,21800344,1948,5.0,final_ft(24),2,4,likely_contested,"subType: contested-like, distance: at-rim/very close, clock: late (<=5s)"
475,PT03M03.00S,3,1610612744,GSW,201939,Curry,S. Curry,-201,36,20,Missed,1,,,0,v,MISS Curry 20' Jump Shot,Missed Shot,Jump Shot,1,323,21800344,1977,15.0,turnover(24),2,-1,likely_open,subType: open-like
587,PT08M11.00S,4,1610612744,GSW,201939,Curry,S. Curry,199,-11,20,Missed,1,,,0,v,MISS Curry 20' Jump Shot,Missed Shot,Jump Shot,1,400,21800344,2389,12.0,off_reb(14),2,-1,likely_open,subType: open-like
616,PT05M58.00S,4,1610612744,GSW,201939,Curry,S. Curry,0,12,1,Made,1,93.0,114.0,207,v,Curry 1' Driving Layup (27 PTS),Made Shot,Driving Layup Shot,1,423,21800344,2522,20.0,def_reb(24),2,3,likely_contested,"subType: contested-like, distance: at-rim/very close"
639,PT04M37.00S,4,1610612744,GSW,201939,Curry,S. Curry,8,257,26,Made,1,95.0,119.0,214,v,Curry 26' 3PT Pullup Jump Shot (30 PTS),Made Shot,Pullup Jump shot,1,441,21800344,2603,17.0,def_reb(24),3,3,likely_contested,"subType: contested-like, text: pressure-move"
12,PT11M12.00S,1,1610612744,GSW,201939,Curry,S. Curry,154,120,20,Missed,1,,,0,v,MISS Curry 20' Pullup Jump Shot,Missed Shot,Pullup Jump shot,1,5,21800355,48,11.0,made_fg(24),2,3,likely_contested,"subType: contested-like, text: pressure-move"
27,PT09M54.00S,1,1610612744,GSW,201939,Curry,S. Curry,-136,213,25,Made,1,12.0,5.0,17,v,Curry 25' 3PT Jump Shot (3 PTS),Made Shot,Jump Shot,1,17,21800355,126,13.0,made_fg(24),3,-1,likely_open,subType: open-like
55,PT06M52.00S,1,1610612744,GSW,201939,Curry,S. Curry,-135,246,28,Missed,1,,,0,v,MISS Curry 28' 3PT Jump Shot,Missed Shot,Jump Shot,1,41,21800355,308,13.0,made_fg(24),3,-2,likely_open,"subType: open-like, distance: deep above-break 3 (>=27ft)"
59,PT06M37.00S,1,1610612744,GSW,201939,Curry,S. Curry,12,19,2,Made,1,14.0,13.0,27,v,Curry 2' Running Finger Roll Layup (5 PTS) (Durant 2 AST),Made Shot,Running Finger Roll Layup Shot,1,45,21800355,323,18.0,turnover(24),2,1,borderline,distance: at-rim/very close
102,PT04M20.00S,1,1610612744,GSW,201939,Curry,S. Curry,-15,262,26,Made,1,20.0,16.0,36,v,Curry 26' 3PT Jump Shot (8 PTS) (Jerebko 1 AST),Made Shot,Jump Shot,1,79,21800355,460,9.0,def_foul_14(14),3,-1,likely_open,subType: open-like
116,PT03M12.00S,1,1610612744,GSW,201939,Curry,S. Curry,231,-4,0,Made,1,21.0,21.0,42,v,Curry 3PT Jump Shot (11 PTS) (Durant 3 AST),Made Shot,Jump Shot,1,89,21800355,528,4.0,final_ft(24),3,0,likely_open,"subType: open-like, distance: at-rim/very close, coords: corner-3, corner: catch/spot, clock: late (<=5s)"
120,PT02M48.00S,1,1610612744,GSW,201939,Curry,S. Curry,190,269,33,Made,1,21.0,24.0,45,v,Curry 33' 3PT Jump Shot (14 PTS),Made Shot,Jump Shot,1,92,21800355,552,21.0,def_reb(24),3,-2,likely_open,"subType: open-like, distance: deep above-break 3 (>=27ft)"
124,PT02M23.00S,1,1610612744,GSW,201939,Curry,S. Curry,-5,4,1,Made,1,21.0,26.0,47,v,Curry 1' Running Layup (16 PTS) (Durant 4 AST),Made Shot,Running Layup Shot,1,96,21800355,577,22.0,def_reb(24),2,3,likely_contested,"subType: contested-like, distance: at-rim/very close"
247,PT06M28.00S,2,1610612744,GSW,201939,Curry,S. Curry,-103,148,18,Missed,1,,,0,v,MISS Curry 18' Jump Shot,Missed Shot,Jump Shot,1,186,21800355,1052,14.0,turnover(24),2,-1,likely_open,subType: open-like
249,PT06M11.00S,2,1610612744,GSW,201939,Curry,S. Curry,-221,24,0,Missed,1,,,0,v,MISS Curry 3PT Jump Shot,Missed Shot,Jump Shot,1,188,21800355,1069,2.0,off_reb(14),3,0,likely_open,"subType: open-like, distance: at-rim/very close, coords: corner-3, corner: catch/spot, clock: late (<=5s)"
285,PT03M46.00S,2,1610612744,GSW,201939,Curry,S. Curry,-172,208,27,Made,1,45.0,51.0,96,v,Curry 27' 3PT Jump Shot (20 PTS) (Durant 5 AST),Made Shot,Jump Shot,1,212,21800355,1214,,stale_reset(24),3,-2,likely_open,"subType: open-like, distance: deep above-break 3 (>=27ft)"
311,PT00M59.00S,2,1610612744,GSW,201939,Curry,S. Curry,-192,193,27,Made,1,56.0,58.0,114,v,Curry 27' 3PT Step Back Jump Shot (25 PTS),Made Shot,Step Back Jump shot,1,232,21800355,1381,13.0,made_fg(24),3,2,likely_contested,"subType: contested-like, text: pressure-move, distance: deep above-break 3 (>=27ft)"
314,PT00M36.70S,2,1610612744,GSW,201939,Curry,S. Curry,-87,315,33,Missed,1,,,0,v,MISS Curry 33' 3PT Jump Shot,Missed Shot,Jump Shot,1,234,21800355,1404,18.0,made_fg(24),3,-2,likely_open,"subType: open-like, distance: deep above-break 3 (>=27ft)"
348,PT09M09.00S,3,1610612744,GSW,201939,Curry,S. Curry,-161,220,27,Made,1,67.0,65.0,132,v,Curry 27' 3PT Step Back Jump Shot (28 PTS),Made Shot,Step Back Jump shot,1,261,21800355,1611,21.0,def_reb(24),3,2,likely_contested,"subType: contested-like, text: pressure-move, distance: deep above-break 3 (>=27ft)"
369,PT07M27.00S,3,1610612744,GSW,201939,Curry,S. Curry,26,6,3,Missed,1,,,0,v,MISS Curry 3' Driving Hook Shot,Missed Shot,Driving Hook Shot,1,277,21800355,1713,11.0,def_reb(24),2,3,likely_contested,"subType: contested-like, distance: at-rim/very close"
423,PT02M45.00S,3,1610612744,GSW,201939,Curry,S. Curry,178,174,25,Missed,1,,,0,v,MISS Curry 25' 3PT Jump Shot,Missed Shot,Jump Shot,1,316,21800355,1995,11.0,made_fg(24),3,-1,likely_open,subType: open-like
531,PT06M42.00S,4,1610612744,GSW,201939,Curry,S. Curry,-2,-6,1,Missed,1,,,0,v,MISS Curry 1' Driving Reverse Layup,Missed Shot,Driving Reverse Layup Shot,1,394,21800355,2478,12.0,def_reb(24),2,3,likely_contested,"subType: contested-like, distance: at-rim/very close"
535,PT06M26.00S,4,1610612744,GSW,201939,Curry,S. Curry,37,247,25,Made,1,97.0,110.0,207,v,Curry 25' 3PT Jump Shot (33 PTS),Made Shot,Jump Shot,1,398,21800355,2494,19.0,def_reb(24),3,-1,likely_open,subType: open-like
542,PT05M59.00S,4,1610612744,GSW,201939,Curry,S. Curry,107,227,25,Made,1,99.0,114.0,213,v,Curry 25' 3PT Jump Shot (37 PTS),Made Shot,Jump Shot,1,403,21800355,2521,11.0,made_fg(24),3,-1,likely_open,subType: open-like
562,PT04M37.00S,4,1610612744,GSW,201939,Curry,S. Curry,188,180,26,Missed,1,,,0,v,MISS Curry 26' 3PT Jump Shot,Missed Shot,Jump Shot,1,420,21800355,2603,12.0,off_reb(14),3,-1,likely_open,subType: open-like
20,PT10M28.00S,1,1610612744,GSW,201939,Curry,S. Curry,128,137,19,Missed,1,,,0,v,MISS Curry 19' Pullup Jump Shot,Missed Shot,Pullup Jump shot,1,13,21800377,92,10.0,turnover(24),2,3,likely_contested,"subType: contested-like, text: pressure-move"
42,PT08M47.00S,1,1610612744,GSW,201939,Curry,S. Curry,-191,226,30,Made,1,4.0,9.0,13,v,Curry 30' 3PT Jump Shot (3 PTS) (Durant 1 AST),Made Shot,Jump Shot,1,32,21800377,193,18.0,def_reb(24),3,-2,likely_open,"subType: open-like, distance: deep above-break 3 (>=27ft)"
52,PT08M23.00S,1,1610612744,GSW,201939,Curry,S. Curry,-51,259,26,Made,1,4.0,12.0,16,v,Curry 26' 3PT Jump Shot (6 PTS) (Durant 2 AST),Made Shot,Jump Shot,1,37,21800377,217,8.0,keep_clock(15),3,-1,likely_open,subType: open-like
72,PT06M26.00S,1,1610612744,GSW,201939,Curry,S. Curry,3,12,1,Missed,1,,,0,v,MISS Curry 1' Driving Reverse Layup,Missed Shot,Driving Reverse Layup Shot,1,53,21800377,334,12.0,made_fg(24),2,3,likely_contested,"subType: contested-like, distance: at-rim/very close"
244,PT07M34.00S,2,1610612744,GSW,201939,Curry,S. Curry,-196,221,30,Missed,1,,,0,v,MISS Curry 30' 3PT Jump Shot,Missed Shot,Jump Shot,1,183,21800377,986,22.0,def_reb(24),3,-2,likely_open,"subType: open-like, distance: deep above-break 3 (>=27ft)"
290,PT05M19.00S,2,1610612744,GSW,201939,Curry,S. Curry,-6,0,1,Made,1,39.0,45.0,84,v,Curry 1' Driving Finger Roll Layup (8 PTS),Made Shot,Driving Finger Roll Layup Shot,1,216,21800377,1121,14.0,final_ft(24),2,1,borderline,distance: at-rim/very close
349,PT00M32.80S,2,1610612744,GSW,201939,Curry,S. Curry,-72,265,27,Missed,1,,,0,v,MISS Curry 27' 3PT Pullup Jump Shot,Missed Shot,Pullup Jump shot,1,257,21800377,1408,17.0,final_ft(24),3,2,likely_contested,"subType: contested-like, text: pressure-move, distance: deep above-break 3 (>=27ft)"
401,PT09M23.00S,3,1610612744,GSW,201939,Curry,S. Curry,-11,10,1,Made,1,59.0,62.0,121,v,Curry 1' Reverse Layup (10 PTS) (Iguodala 2 AST),Made Shot,Reverse Layup Shot,1,293,21800377,1597,21.0,def_reb(24),2,3,likely_contested,"subType: contested-like, distance: at-rim/very close"
429,PT07M18.00S,3,1610612744,GSW,201939,Curry,S. Curry,-123,132,18,Missed,1,,,0,v,MISS Curry 18' Step Back Jump Shot,Missed Shot,Step Back Jump shot,1,313,21800377,1722,11.0,turnover(24),2,3,likely_contested,"subType: contested-like, text: pressure-move"
451,PT05M48.00S,3,1610612744,GSW,201939,Curry,S. Curry,22,158,16,Missed,1,,,0,v,MISS Curry 16' Pullup Jump Shot,Missed Shot,Pullup Jump shot,1,331,21800377,1812,10.0,made_fg(24),2,4,likely_contested,"subType: contested-like, text: pressure-move, distance: mid-range"
459,PT04M52.00S,3,1610612744,GSW,201939,Curry,S. Curry,101,253,27,Missed,1,,,0,v,MISS Curry 27' 3PT Jump Shot,Missed Shot,Jump Shot,1,337,21800377,1868,10.0,made_fg(24),3,-2,likely_open,"subType: open-like, distance: deep above-break 3 (>=27ft)"
497,PT03M00.00S,3,1610612744,GSW,201939,Curry,S. Curry,77,274,28,Made,1,74.0,75.0,149,v,Curry 28' 3PT Pullup Jump Shot (13 PTS),Made Shot,Pullup Jump shot,1,363,21800377,1980,15.0,made_fg(24),3,2,likely_contested,"subType: contested-like, text: pressure-move, distance: deep above-break 3 (>=27ft)"
514,PT01M42.00S,3,1610612744,GSW,201939,Curry,S. Curry,-106,232,26,Missed,1,,,0,v,MISS Curry 26' 3PT Jump Shot,Missed Shot,Jump Shot,1,373,21800377,2058,13.0,turnover(24),3,-1,likely_open,subType: open-like
523,PT00M54.90S,3,1610612744,GSW,201939,Curry,S. Curry,-2,24,2,Missed,1,,,0,v,MISS Curry 2' Driving Layup,Missed Shot,Driving Layup Shot,1,379,21800377,2106,11.0,turnover(24),2,3,likely_contested,"subType: contested-like, distance: at-rim/very close"
529,PT00M19.60S,3,1610612744,GSW,201939,Curry,S. Curry,234,110,26,Made,1,76.0,83.0,159,v,Curry 26' 3PT Pullup Jump Shot (16 PTS) (Bell 1 AST),Made Shot,Pullup Jump shot,1,385,21800377,2141,8.0,def_reb(24),3,3,likely_contested,"subType: contested-like, text: pressure-move"
642,PT03M40.00S,4,1610612744,GSW,201939,Curry,S. Curry,130,246,28,Missed,1,,,0,v,MISS Curry 28' 3PT Jump Shot,Missed Shot,Jump Shot,1,461,21800377,2660,9.0,turnover(24),3,-2,likely_open,"subType: open-like, distance: deep above-break 3 (>=27ft)"
670,PT02M00.00S,4,1610612744,GSW,201939,Curry,S. Curry,2,6,1,Made,1,91.0,103.0,194,v,Curry 1' Cutting Layup Shot (18 PTS) (Durant 6 AST),Made Shot,Cutting Layup Shot,1,480,21800377,2760,9.0,turnover(24),2,1,borderline,distance: at-rim/very close
10,PT11M22.00S,1,1610612744,GSW,201939,Curry,S. Curry,-176,196,26,Made,1,3.0,0.0,3,h,Curry 26' 3PT Pullup Jump Shot (3 PTS) (Green 1 AST),Made Shot,Pullup Jump shot,1,6,21800400,38,10.0,turnover(24),3,3,likely_contested,"subType: contested-like, text: pressure-move"
59,PT06M42.00S,1,1610612744,GSW,201939,Curry,S. Curry,-141,235,27,Missed,1,,,0,h,MISS Curry 27' 3PT Jump Shot,Missed Shot,Jump Shot,1,44,21800400,318,13.0,made_fg(24),3,-2,likely_open,"subType: open-like, distance: deep above-break 3 (>=27ft)"
92,PT04M32.00S,1,1610612744,GSW,201939,Curry,S. Curry,116,173,21,Missed,1,,,0,h,MISS Curry 21' Jump Shot,Missed Shot,Jump Shot,1,67,21800400,448,14.0,turnover(24),2,-1,likely_open,subType: open-like
117,PT03M11.00S,1,1610612744,GSW,201939,Curry,S. Curry,22,27,3,Made,1,21.0,18.0,39,h,Curry 3' Driving Finger Roll Layup (5 PTS),Made Shot,Driving Finger Roll Layup Shot,1,86,21800400,529,10.0,made_fg(24),2,1,borderline,distance: at-rim/very close
128,PT02M30.00S,1,1610612744,GSW,201939,Curry,S. Curry,-24,310,31,Missed,1,,,0,h,MISS Curry 31' 3PT Jump Shot,Missed Shot,Jump Shot,1,96,21800400,570,8.0,off_reb(14),3,-2,likely_open,"subType: open-like, distance: deep above-break 3 (>=27ft)"
133,PT02M07.00S,1,1610612744,GSW,201939,Curry,S. Curry,-12,43,4,Missed,1,,,0,h,MISS Curry 4' Jump Shot,Missed Shot,Jump Shot,1,100,21800400,593,21.0,def_reb(24),2,0,likely_open,"subType: open-like, distance: at-rim/very close"
152,PT00M58.90S,1,1610612744,GSW,201939,Curry,S. Curry,227,38,0,Missed,1,,,0,h,MISS Curry 3PT Jump Shot,Missed Shot,Jump Shot,1,114,21800400,662,12.0,def_reb(24),3,-1,likely_open,"subType: open-like, distance: at-rim/very close, coords: corner-3, corner: catch/spot"
161,PT00M24.60S,1,1610612744,GSW,201939,Curry,S. Curry,-225,37,0,Made,1,30.0,22.0,52,h,Curry 3PT Fadeaway Jumper (8 PTS) (Jerebko 1 AST),Made Shot,Fadeaway Jump Shot,1,121,21800400,696,12.0,turnover(24),3,4,likely_contested,"subType: contested-like, text: pressure-move, distance: at-rim/very close, coords: corner-3"
176,PT00M01.90S,1,1610612744,GSW,201939,Curry,S. Curry,-130,117,17,Missed,1,,,0,h,MISS Curry 17' Driving Floating Jump Shot,Missed Shot,Driving Floating Jump Shot,1,128,21800400,719,19.0,final_ft(24),2,2,likely_contested,subType: contested-like
274,PT04M15.00S,2,1610612744,GSW,201939,Curry,S. Curry,2,69,7,Made,1,48.0,46.0,94,h,Curry 7' Driving Floating Jump Shot (10 PTS) (Jerebko 2 AST),Made Shot,Driving Floating Jump Shot,1,197,21800400,1185,13.0,made_fg(24),2,2,likely_contested,subType: contested-like
278,PT03M55.00S,2,1610612744,GSW,201939,Curry,S. Curry,37,275,28,Missed,1,,,0,h,MISS Curry 28' 3PT Running Jump Shot,Missed Shot,Running Jump Shot,1,201,21800400,1205,20.0,def_reb(24),3,-2,likely_open,"subType: open-like, distance: deep above-break 3 (>=27ft)"
295,PT03M12.00S,2,1610612744,GSW,201939,Curry,S. Curry,-226,13,0,Made,1,53.0,49.0,102,h,Curry 3PT Jump Shot (13 PTS) (Looney 2 AST),Made Shot,Jump Shot,1,213,21800400,1248,9.0,off_reb(14),3,-1,likely_open,"subType: open-like, distance: at-rim/very close, coords: corner-3, corner: catch/spot"
359,PT11M28.00S,3,1610612744,GSW,201939,Curry,S. Curry,175,211,27,Missed,1,,,0,h,MISS Curry 27' 3PT Jump Shot,Missed Shot,Jump Shot,1,256,21800400,1472,9.0,final_ft(24),3,-2,likely_open,"subType: open-like, distance: deep above-break 3 (>=27ft)"
401,PT08M08.00S,3,1610612744,GSW,201939,Curry,S. Curry,230,69,24,Made,1,70.0,61.0,131,h,Curry 24' 3PT Pullup Jump Shot (18 PTS) (Green 5 AST),Made Shot,Pullup Jump shot,1,293,21800400,1672,10.0,off_reb(14),3,3,likely_contested,"subType: contested-like, text: pressure-move"
452,PT04M00.00S,3,1610612744,GSW,201939,Curry,S. Curry,-179,179,25,Missed,1,,,0,h,MISS Curry 25' 3PT Jump Shot,Missed Shot,Jump Shot,1,329,21800400,1920,14.0,def_reb(24),3,-1,likely_open,subType: open-like
494,PT01M44.00S,3,1610612744,GSW,201939,Curry,S. Curry,-8,10,1,Made,1,86.0,73.0,159,h,Curry 1' Running Layup (22 PTS),Made Shot,Running Layup Shot,1,362,21800400,2056,21.0,def_reb(24),2,3,likely_contested,"subType: contested-like, distance: at-rim/very close"
501,PT01M17.00S,3,1610612744,GSW,201939,Curry,S. Curry,-70,60,9,Made,1,88.0,74.0,162,h,Curry 9' Driving Finger Roll Layup (24 PTS),Made Shot,Driving Finger Roll Layup Shot,1,368,21800400,2083,12.0,final_ft(24),2,1,borderline,distance: mid-range
509,PT00M40.60S,3,1610612744,GSW,201939,Curry,S. Curry,-158,206,26,Made,1,91.0,75.0,166,h,Curry 26' 3PT Pullup Jump Shot (27 PTS) (Jerebko 4 AST),Made Shot,Pullup Jump shot,1,375,21800400,2120,11.0,def_reb(24),3,3,likely_contested,"subType: contested-like, text: pressure-move"
517,PT00M10.70S,3,1610612744,GSW,201939,Curry,S. Curry,-22,14,3,Missed,1,,,0,h,MISS Curry 3' Driving Finger Roll Layup,Missed Shot,Driving Finger Roll Layup Shot,1,380,21800400,2150,7.0,final_ft(24),2,1,borderline,distance: at-rim/very close
613,PT05M06.00S,4,1610612744,GSW,201939,Curry,S. Curry,3,299,30,Made,1,104.0,91.0,195,h,Curry 30' 3PT Jump Shot (30 PTS),Made Shot,Jump Shot,1,448,21800400,2574,13.0,made_fg(24),3,-2,likely_open,"subType: open-like, distance: deep above-break 3 (>=27ft)"
620,PT04M06.00S,4,1610612744,GSW,201939,Curry,S. Curry,116,252,28,Made,1,107.0,93.0,200,h,Curry 28' 3PT Turnaround Jump Shot (33 PTS),Made Shot,Turnaround Jump Shot,1,454,21800400,2634,9.0,off_reb(14),3,-1,likely_open,distance: deep above-break 3 (>=27ft)
641,PT02M37.00S,4,1610612744,GSW,201939,Curry,S. Curry,170,89,19,Made,1,109.0,98.0,207,h,Curry 19' Fadeaway Jumper (35 PTS),Made Shot,Fadeaway Jump Shot,1,471,21800400,2723,7.0,made_fg(24),2,3,likely_contested,"subType: contested-like, text: pressure-move"
676,PT00M47.40S,4,1610612744,GSW,201939,Curry,S. Curry,19,298,30,Missed,1,,,0,h,MISS Curry 30' 3PT Jump Shot,Missed Shot,Jump Shot,1,495,21800400,2833,11.0,final_ft(24),3,-2,likely_open,"subType: open-like, distance: deep above-break 3 (>=27ft)"
12,PT11M10.00S,1,1610612744,GSW,201939,Curry,S. Curry,-232,36,0,Made,1,3.0,2.0,5,h,Curry 3PT Jump Shot (3 PTS) (Thompson 1 AST),Made Shot,Jump Shot,1,8,21800415,50,19.0,turnover(24),3,-1,likely_open,"subType: open-like, distance: at-rim/very close, coords: corner-3, corner: catch/spot"
73,PT06M00.00S,1,1610612744,GSW,201939,Curry,S. Curry,89,206,22,Missed,1,,,0,h,MISS Curry 22' Pullup Jump Shot,Missed Shot,Pullup Jump shot,1,55,21800415,360,16.0,made_fg(24),2,3,likely_contested,"subType: contested-like, text: pressure-move"
89,PT04M10.00S,1,1610612744,GSW,201939,Curry,S. Curry,-231,23,0,Missed,1,,,0,h,MISS Curry 3PT Jump Shot,Missed Shot,Jump Shot,1,69,21800415,470,11.0,def_reb(24),3,-1,likely_open,"subType: open-like, distance: at-rim/very close, coords: corner-3, corner: catch/spot"
108,PT03M17.00S,1,1610612744,GSW,201939,Curry,S. Curry,-231,7,0,Missed,1,,,0,h,MISS Curry 3PT Jump Shot,Missed Shot,Jump Shot,1,81,21800415,523,10.0,def_reb(24),3,-1,likely_open,"subType: open-like, distance: at-rim/very close, coords: corner-3, corner: catch/spot"
222,PT07M37.00S,2,1610612744,GSW,201939,Curry,S. Curry,151,211,26,Made,1,31.0,39.0,70,h,Curry 26' 3PT Step Back Jump Shot (6 PTS) (Green 3 AST),Made Shot,Step Back Jump shot,1,164,21800415,983,,stale_reset(14),3,3,likely_contested,"subType: contested-like, text: pressure-move"
242,PT05M35.00S,2,1610612744,GSW,201939,Curry,S. Curry,-128,230,26,Missed,1,,,0,h,MISS Curry 26' 3PT Jump Shot,Missed Shot,Jump Shot,1,177,21800415,1105,5.0,def_foul_14(14),3,0,likely_open,"subType: open-like, clock: late (<=5s)"
299,PT01M18.00S,2,1610612744,GSW,201939,Curry,S. Curry,9,32,3,Missed,1,,,0,h,MISS Curry 3' Layup,Missed Shot,Layup Shot,1,216,21800415,1362,11.0,off_reb(14),2,1,borderline,distance: at-rim/very close
315,PT11M49.00S,3,1610612744,GSW,201939,Curry,S. Curry,95,152,18,Made,1,43.0,57.0,100,h,Curry 18' Pullup Jump Shot (10 PTS),Made Shot,Pullup Jump shot,1,228,21800415,1451,13.0,period_start(24),2,3,likely_contested,"subType: contested-like, text: pressure-move"
346,PT08M21.00S,3,1610612744,GSW,201939,Curry,S. Curry,-209,155,26,Missed,1,,,0,h,MISS Curry 26' 3PT Jump Shot,Missed Shot,Jump Shot,1,255,21800415,1659,19.0,turnover(24),3,-1,likely_open,subType: open-like
355,PT07M17.00S,3,1610612744,GSW,201939,Curry,S. Curry,-169,193,26,Missed,1,,,0,h,MISS Curry 26' 3PT Jump Shot,Missed Shot,Jump Shot,1,263,21800415,1723,18.0,def_reb(24),3,-1,likely_open,subType: open-like
388,PT05M00.00S,3,1610612744,GSW,201939,Curry,S. Curry,165,192,25,Missed,1,,,0,h,MISS Curry 25' 3PT Jump Shot,Missed Shot,Jump Shot,1,289,21800415,1860,12.0,final_ft(24),3,-1,likely_open,subType: open-like
496,PT09M34.00S,4,1610612744,GSW,201939,Curry,S. Curry,-116,40,12,Missed,1,,,0,h,MISS Curry 12' Step Back Jump Shot,Missed Shot,Step Back Jump shot,1,364,21800415,2306,9.0,keep_clock(15),2,4,likely_contested,"subType: contested-like, text: pressure-move, distance: mid-range"
11,PT11M12.00S,1,1610612744,GSW,201939,Curry,S. Curry,118,163,20,Made,1,0.0,4.0,4,v,Curry 20' Step Back Jump Shot (2 PTS),Made Shot,Step Back Jump shot,1,6,21800428,48,16.0,def_reb(24),2,3,likely_contested,"subType: contested-like, text: pressure-move"
28,PT09M49.00S,1,1610612744,GSW,201939,Curry,S. Curry,-193,159,25,Missed,1,,,0,v,MISS Curry 25' 3PT Jump Shot,Missed Shot,Jump Shot,1,20,21800428,131,12.0,made_fg(24),3,-1,likely_open,subType: open-like
40,PT09M03.00S,1,1610612744,GSW,201939,Curry,S. Curry,-14,5,1,Made,1,8.0,13.0,21,v,Curry 1' Cutting Layup Shot (4 PTS) (Durant 1 AST),Made Shot,Cutting Layup Shot,1,28,21800428,177,9.0,made_fg(24),2,1,borderline,distance: at-rim/very close
52,PT08M03.00S,1,1610612744,GSW,201939,Curry,S. Curry,236,18,24,Made,1,13.0,19.0,32,v,Curry 24' 3PT Jump Shot (7 PTS) (Green 4 AST),Made Shot,Jump Shot,1,35,21800428,237,7.0,made_fg(24),3,-2,likely_open,"subType: open-like, coords: corner-3, corner: catch/spot"
77,PT06M24.00S,1,1610612744,GSW,201939,Curry,S. Curry,-8,8,1,Missed,1,,,0,v,MISS Curry 1' Cutting Layup Shot,Missed Shot,Cutting Layup Shot,1,50,21800428,336,12.0,made_fg(24),2,1,borderline,distance: at-rim/very close
219,PT09M31.00S,2,1610612744,GSW,201939,Curry,S. Curry,216,118,25,Made,1,42.0,51.0,93,v,Curry 25' 3PT Jump Shot (10 PTS) (Green 6 AST),Made Shot,Jump Shot,1,152,21800428,869,4.0,made_fg(24),3,0,likely_open,"subType: open-like, clock: late (<=5s)"
240,PT08M04.00S,2,1610612744,GSW,201939,Curry,S. Curry,-60,68,9,Made,1,46.0,55.0,101,v,Curry 9' Jump Bank Shot (12 PTS),Made Shot,Jump Bank Shot,1,167,21800428,956,9.0,made_fg(24),2,3,likely_contested,"subType: contested-like, distance: mid-range"
317,PT03M24.00S,2,1610612744,GSW,201939,Curry,S. Curry,-104,231,25,Missed,1,,,0,v,MISS Curry 25' 3PT Jump Shot,Missed Shot,Jump Shot,1,223,21800428,1236,15.0,def_reb(24),3,-1,likely_open,subType: open-like
331,PT02M10.00S,2,1610612744,GSW,201939,Curry,S. Curry,146,244,28,Missed,1,,,0,v,MISS Curry 28' 3PT Jump Shot,Missed Shot,Jump Shot,1,234,21800428,1310,16.0,def_reb(24),3,-2,likely_open,"subType: open-like, distance: deep above-break 3 (>=27ft)"
341,PT01M27.00S,2,1610612744,GSW,201939,Curry,S. Curry,-229,37,0,Made,1,60.0,74.0,134,v,Curry 3PT Jump Shot (17 PTS) (Thompson 1 AST),Made Shot,Jump Shot,1,244,21800428,1353,21.0,def_reb(24),3,-1,likely_open,"subType: open-like, distance: at-rim/very close, coords: corner-3, corner: catch/spot"
354,PT00M27.10S,2,1610612744,GSW,201939,Curry,S. Curry,200,162,26,Missed,1,,,0,v,MISS Curry 26' 3PT Jump Shot,Missed Shot,Jump Shot,1,253,21800428,1413,14.0,made_fg(24),3,-1,likely_open,subType: open-like
357,PT00M00.50S,2,1610612744,GSW,201939,Curry,S. Curry,-35,613,61,Missed,1,,,0,v,MISS Curry 61' 3PT Jump Shot,Missed Shot,Jump Shot,1,256,21800428,1440,23.0,made_fg(24),3,-2,likely_open,"subType: open-like, distance: deep above-break 3 (>=27ft)"
393,PT09M49.00S,3,1610612744,GSW,201939,Curry,S. Curry,-162,184,25,Made,1,72.0,82.0,154,v,Curry 25' 3PT Jump Shot (20 PTS) (Looney 3 AST),Made Shot,Jump Shot,1,281,21800428,1571,7.0,def_foul_14(14),3,-1,likely_open,subType: open-like
419,PT07M54.00S,3,1610612744,GSW,201939,Curry,S. Curry,-4,24,2,Made,1,75.0,86.0,161,v,Curry 2' Driving Finger Roll Layup (22 PTS) (Durant 6 AST),Made Shot,Driving Finger Roll Layup Shot,1,303,21800428,1686,15.0,def_reb(24),2,1,borderline,distance: at-rim/very close
453,PT05M29.00S,3,1610612744,GSW,201939,Curry,S. Curry,224,19,0,Made,1,82.0,96.0,178,v,Curry 3PT Jump Shot (27 PTS) (Green 10 AST),Made Shot,Jump Shot,1,327,21800428,1831,9.0,off_reb(14),3,-1,likely_open,"subType: open-like, distance: at-rim/very close, coords: corner-3, corner: catch/spot"
484,PT03M30.00S,3,1610612744,GSW,201939,Curry,S. Curry,33,193,20,Missed,1,,,0,v,MISS Curry 20' Step Back Jump Shot,Missed Shot,Step Back Jump shot,1,350,21800428,1950,21.0,def_reb(24),2,3,likely_contested,"subType: contested-like, text: pressure-move"
501,PT02M21.00S,3,1610612744,GSW,201939,Curry,S. Curry,61,167,18,Made,1,87.0,100.0,187,v,Curry 18' Step Back Jump Shot (29 PTS),Made Shot,Step Back Jump shot,1,364,21800428,2019,15.0,def_reb(24),2,3,likely_contested,"subType: contested-like, text: pressure-move"
513,PT01M31.00S,3,1610612744,GSW,201939,Curry,S. Curry,132,140,19,Missed,1,,,0,v,MISS Curry 19' Fadeaway Jumper,Missed Shot,Fadeaway Jump Shot,1,371,21800428,2069,13.0,made_fg(24),2,3,likely_contested,"subType: contested-like, text: pressure-move"
534,PT00M25.70S,3,1610612744,GSW,201939,Curry,S. Curry,137,210,25,Missed,1,,,0,v,MISS Curry 25' 3PT Jump Shot,Missed Shot,Jump Shot,1,387,21800428,2135,17.0,made_fg(24),3,-1,likely_open,subType: open-like
624,PT06M52.00S,4,1610612744,GSW,201939,Curry,S. Curry,163,222,28,Missed,1,,,0,v,MISS Curry 28' 3PT Jump Shot,Missed Shot,Jump Shot,1,451,21800428,2468,18.0,def_reb(24),3,-2,likely_open,"subType: open-like, distance: deep above-break 3 (>=27ft)"
656,PT04M33.00S,4,1610612744,GSW,201939,Curry,S. Curry,230,42,0,Missed,1,,,0,v,MISS Curry 3PT Jump Shot,Missed Shot,Jump Shot,1,475,21800428,2607,16.0,def_reb(24),3,-1,likely_open,"subType: open-like, distance: at-rim/very close, coords: corner-3, corner: catch/spot"
678,PT03M03.00S,4,1610612744,GSW,201939,Curry,S. Curry,-105,229,25,Missed,1,,,0,v,MISS Curry 25' 3PT Jump Shot,Missed Shot,Jump Shot,1,493,21800428,2697,10.0,keep_clock(16),3,-1,likely_open,subType: open-like
700,PT01M42.00S,4,1610612744,GSW,201939,Curry,S. Curry,-5,3,1,Made,1,123.0,121.0,244,v,Curry 1' Running Layup (31 PTS) (Thompson 3 AST),Made Shot,Running Layup Shot,1,510,21800428,2778,22.0,turnover(24),2,3,likely_contested,"subType: contested-like, distance: at-rim/very close"
42,PT07M57.00S,1,1610612744,GSW,201939,Curry,S. Curry,-165,223,28,Missed,1,,,0,h,MISS Curry 28' 3PT Jump Shot,Missed Shot,Jump Shot,1,31,21800449,243,9.0,made_fg(24),3,-2,likely_open,"subType: open-like, distance: deep above-break 3 (>=27ft)"
51,PT06M45.00S,1,1610612744,GSW,201939,Curry,S. Curry,-13,22,3,Missed,1,,,0,h,MISS Curry 3' Driving Finger Roll Layup,Missed Shot,Driving Finger Roll Layup Shot,1,38,21800449,315,2.0,made_fg(24),2,2,likely_contested,"distance: at-rim/very close, clock: late (<=5s)"
81,PT04M34.00S,1,1610612744,GSW,201939,Curry,S. Curry,-23,18,3,Made,1,15.0,12.0,27,h,Curry 3' Driving Layup (2 PTS) (Thompson 1 AST),Made Shot,Driving Layup Shot,1,62,21800449,446,12.0,made_fg(24),2,3,likely_contested,"subType: contested-like, distance: at-rim/very close"
180,PT10M42.00S,2,1610612744,GSW,201939,Curry,S. Curry,-231,36,0,Missed,1,,,0,h,MISS Curry 3PT Jump Shot,Missed Shot,Jump Shot,1,132,21800449,798,13.0,turnover(24),3,-1,likely_open,"subType: open-like, distance: at-rim/very close, coords: corner-3, corner: catch/spot"
215,PT07M57.00S,2,1610612744,GSW,201939,Curry,S. Curry,-228,122,26,Missed,1,,,0,h,MISS Curry 26' 3PT Jump Shot,Missed Shot,Jump Shot,1,155,21800449,963,5.0,def_foul_14(14),3,0,likely_open,"subType: open-like, clock: late (<=5s)"
219,PT07M36.00S,2,1610612744,GSW,201939,Curry,S. Curry,-155,264,31,Made,1,41.0,26.0,67,h,Curry 31' 3PT Running Pull-Up Jump Shot (10 PTS),Made Shot,Running Pull-Up Jump Shot,1,159,21800449,984,18.0,def_reb(24),3,2,likely_contested,"subType: contested-like, text: pressure-move, distance: deep above-break 3 (>=27ft)"
228,PT06M57.00S,2,1610612744,GSW,201939,Curry,S. Curry,-181,205,27,Missed,1,,,0,h,MISS Curry 27' 3PT Jump Shot,Missed Shot,Jump Shot,1,165,21800449,1023,4.0,made_fg(24),3,-1,likely_open,"subType: open-like, distance: deep above-break 3 (>=27ft), clock: late (<=5s)"
363,PT09M06.00S,3,1610612744,GSW,201939,Curry,S. Curry,-55,88,10,Made,1,65.0,47.0,112,h,Curry 10' Driving Floating Bank Jump Shot (12 PTS),Made Shot,Driving Floating Bank Jump Shot,1,262,21800449,1614,17.0,def_reb(24),2,3,likely_contested,"subType: contested-like, distance: mid-range"
368,PT08M40.00S,3,1610612744,GSW,201939,Curry,S. Curry,-194,167,26,Made,1,68.0,47.0,115,h,Curry 26' 3PT Jump Shot (15 PTS) (Thompson 2 AST),Made Shot,Jump Shot,1,266,21800449,1640,17.0,def_reb(24),3,-1,likely_open,subType: open-like
390,PT06M56.00S,3,1610612744,GSW,201939,Curry,S. Curry,122,150,19,Missed,1,,,0,h,MISS Curry 19' Step Back Jump Shot,Missed Shot,Step Back Jump shot,1,281,21800449,1744,13.0,turnover(24),2,3,likely_contested,"subType: contested-like, text: pressure-move"
392,PT06M47.00S,3,1610612744,GSW,201939,Curry,S. Curry,-16,8,2,Made,1,72.0,52.0,124,h,Curry 2' Driving Reverse Layup (17 PTS) (Durant 4 AST),Made Shot,Driving Reverse Layup Shot,1,283,21800449,1753,6.0,off_reb(14),2,3,likely_contested,"subType: contested-like, distance: at-rim/very close"
497,PT11M15.00S,4,1610612744,GSW,201939,Curry,S. Curry,141,248,29,Made,1,87.0,67.0,154,h,Curry 29' 3PT Jump Shot (20 PTS) (Iguodala 2 AST),Made Shot,Jump Shot,1,361,21800449,2205,15.0,def_reb(24),3,-2,likely_open,"subType: open-like, distance: deep above-break 3 (>=27ft)"
525,PT08M34.00S,4,1610612744,GSW,201939,Curry,S. Curry,95,261,28,Missed,1,,,0,h,MISS Curry 28' 3PT Jump Shot,Missed Shot,Jump Shot,1,382,21800449,2366,8.0,def_foul_14(14),3,-2,likely_open,"subType: open-like, distance: deep above-break 3 (>=27ft)"
538,PT07M41.00S,4,1610612744,GSW,201939,Curry,S. Curry,-4,30,3,Missed,1,,,0,h,MISS Curry 3' Running Finger Roll Layup,Missed Shot,Running Finger Roll Layup Shot,1,391,21800449,2419,12.0,made_fg(24),2,1,borderline,distance: at-rim/very close
574,PT04M26.00S,4,1610612744,GSW,201939,Curry,S. Curry,-2,36,4,Missed,1,,,0,h,MISS Curry 4' Layup,Missed Shot,Layup Shot,1,418,21800449,2614,9.0,turnover(24),2,1,borderline,distance: at-rim/very close
580,PT03M59.00S,4,1610612744,GSW,201939,Curry,S. Curry,-194,174,26,Missed,1,,,0,h,MISS Curry 26' 3PT Running Jump Shot,Missed Shot,Running Jump Shot,1,424,21800449,2641,18.0,def_reb(24),3,-1,likely_open,subType: open-like
21,PT10M16.00S,1,1610612744,GSW,201939,Curry,S. Curry,11,163,16,Missed,1,,,0,v,MISS Curry 16' Pullup Jump Shot,Missed Shot,Pullup Jump shot,1,15,21800464,104,15.0,made_fg(24),2,4,likely_contested,"subType: contested-like, text: pressure-move, distance: mid-range"
25,PT10M01.00S,1,1610612744,GSW,201939,Curry,S. Curry,25,19,3,Missed,1,,,0,v,MISS Curry 3' Driving Reverse Layup,Missed Shot,Driving Reverse Layup Shot,1,19,21800464,119,19.0,def_reb(24),2,3,likely_contested,"subType: contested-like, distance: at-rim/very close"
65,PT06M23.00S,1,1610612744,GSW,201939,Curry,S. Curry,-228,57,24,Made,1,9.0,11.0,20,v,Curry 24' 3PT Jump Shot (3 PTS) (Durant 1 AST),Made Shot,Jump Shot,1,54,21800464,337,16.0,turnover(24),3,-1,likely_open,subType: open-like
176,PT11M48.00S,2,1610612744,GSW,201939,Curry,S. Curry,-14,-6,2,Made,1,24.0,23.0,47,v,Curry 2' Driving Layup (5 PTS) (Livingston 1 AST),Made Shot,Driving Layup Shot,1,134,21800464,732,12.0,period_start(24),2,3,likely_contested,"subType: contested-like, distance: at-rim/very close"
217,PT08M24.00S,2,1610612744,GSW,201939,Curry,S. Curry,234,98,25,Made,1,33.0,32.0,65,v,Curry 25' 3PT Jump Shot (8 PTS) (Livingston 3 AST),Made Shot,Jump Shot,1,163,21800464,936,14.0,turnover(24),3,-1,likely_open,subType: open-like
222,PT07M57.00S,2,1610612744,GSW,201939,Curry,S. Curry,-162,185,25,Made,1,35.0,35.0,70,v,Curry 25' 3PT Step Back Jump Shot (11 PTS),Made Shot,Step Back Jump shot,1,167,21800464,963,15.0,made_fg(24),3,3,likely_contested,"subType: contested-like, text: pressure-move"
241,PT06M51.00S,2,1610612744,GSW,201939,Curry,S. Curry,34,11,4,Made,1,37.0,39.0,76,v,Curry 4' Driving Layup (13 PTS),Made Shot,Driving Layup Shot,1,177,21800464,1029,15.0,made_fg(24),2,3,likely_contested,"subType: contested-like, distance: at-rim/very close"
245,PT06M24.00S,2,1610612744,GSW,201939,Curry,S. Curry,-150,204,25,Made,1,39.0,42.0,81,v,Curry 25' 3PT Jump Shot (16 PTS),Made Shot,Jump Shot,1,181,21800464,1056,18.0,made_fg(24),3,-1,likely_open,subType: open-like
248,PT05M48.00S,2,1610612744,GSW,201939,Curry,S. Curry,28,27,4,Made,1,42.0,44.0,86,v,Curry 4' Driving Layup (18 PTS) (Green 1 AST),Made Shot,Driving Layup Shot,1,183,21800464,1092,9.0,made_fg(24),2,3,likely_contested,"subType: contested-like, distance: at-rim/very close"
295,PT03M46.00S,2,1610612744,GSW,201939,Curry,S. Curry,46,99,11,Missed,1,,,0,v,MISS Curry 11' Driving Floating Jump Shot,Missed Shot,Driving Floating Jump Shot,1,217,21800464,1214,9.0,made_fg(24),2,3,likely_contested,"subType: contested-like, distance: mid-range"
318,PT02M36.00S,2,1610612744,GSW,201939,Curry,S. Curry,225,-8,0,Missed,1,,,0,v,MISS Curry 3PT Fadeaway Jumper,Missed Shot,Fadeaway Jump Shot,1,233,21800464,1284,8.0,made_fg(24),3,4,likely_contested,"subType: contested-like, text: pressure-move, distance: at-rim/very close, coords: corner-3"
389,PT11M23.00S,3,1610612744,GSW,201939,Curry,S. Curry,-203,167,26,Missed,1,,,0,v,MISS Curry 26' 3PT Pullup Jump Shot,Missed Shot,Pullup Jump shot,1,283,21800464,1477,17.0,turnover(24),3,3,likely_contested,"subType: contested-like, text: pressure-move"
417,PT09M29.00S,3,1610612744,GSW,201939,Curry,S. Curry,-231,5,0,Made,1,61.0,62.0,123,v,Curry 3PT Jump Shot (24 PTS) (Thompson 1 AST),Made Shot,Jump Shot,1,307,21800464,1591,19.0,def_reb(24),3,-1,likely_open,"subType: open-like, distance: at-rim/very close, coords: corner-3, corner: catch/spot"
484,PT04M55.00S,3,1610612744,GSW,201939,Curry,S. Curry,-115,84,14,Made,1,72.0,72.0,144,v,Curry 14' Driving Floating Bank Jump Shot (26 PTS),Made Shot,Driving Floating Bank Jump Shot,1,357,21800464,1865,11.0,made_fg(24),2,3,likely_contested,"subType: contested-like, distance: mid-range"
554,PT11M28.00S,4,1610612744,GSW,201939,Curry,S. Curry,-93,128,16,Missed,1,,,0,v,MISS Curry 16' Driving Floating Jump Shot,Missed Shot,Driving Floating Jump Shot,1,405,21800464,2192,8.0,made_fg(24),2,3,likely_contested,"subType: contested-like, distance: mid-range"
580,PT09M37.00S,4,1610612744,GSW,201939,Curry,S. Curry,-32,23,4,Made,1,90.0,82.0,172,v,Curry 4' Driving Layup (28 PTS),Made Shot,Driving Layup Shot,1,426,21800464,2303,19.0,def_reb(24),2,3,likely_contested,"subType: contested-like, distance: at-rim/very close"
588,PT08M53.00S,4,1610612744,GSW,201939,Curry,S. Curry,24,4,2,Made,1,93.0,84.0,177,v,Curry 2' Cutting Layup Shot (30 PTS) (Jerebko 2 AST),Made Shot,Cutting Layup Shot,1,431,21800464,2347,3.0,made_fg(24),2,2,likely_contested,"distance: at-rim/very close, clock: late (<=5s)"
632,PT05M29.00S,4,1610612744,GSW,201939,Curry,S. Curry,0,31,3,Missed,1,,,0,v,MISS Curry 3' Driving Layup,Missed Shot,Driving Layup Shot,1,462,21800464,2551,19.0,def_reb(24),2,3,likely_contested,"subType: contested-like, distance: at-rim/very close"
654,PT03M24.00S,4,1610612744,GSW,201939,Curry,S. Curry,-183,179,26,Missed,1,,,0,v,MISS Curry 26' 3PT Jump Shot,Missed Shot,Jump Shot,1,478,21800464,2676,3.0,keep_clock(15),3,0,likely_open,"subType: open-like, clock: late (<=5s)"
668,PT02M00.00S,4,1610612744,GSW,201939,Curry,S. Curry,20,5,2,Made,1,104.0,100.0,204,v,Curry 2' Running Layup (32 PTS),Made Shot,Running Layup Shot,1,491,21800464,2760,14.0,turnover(24),2,3,likely_contested,"subType: contested-like, distance: at-rim/very close"
675,PT01M31.00S,4,1610612744,GSW,201939,Curry,S. Curry,-210,155,26,Missed,1,,,0,v,MISS Curry 26' 3PT Jump Shot,Missed Shot,Jump Shot,1,497,21800464,2789,19.0,final_ft(24),3,-1,likely_open,subType: open-like
17,PT10M46.00S,1,1610612744,GSW,201939,Curry,S. Curry,-210,164,27,Missed,1,,,0,h,MISS Curry 27' 3PT Jump Shot,Missed Shot,Jump Shot,1,12,21800484,74,16.0,def_reb(24),3,-2,likely_open,"subType: open-like, distance: deep above-break 3 (>=27ft)"
21,PT10M08.00S,1,1610612744,GSW,201939,Curry,S. Curry,117,259,28,Missed,1,,,0,h,MISS Curry 28' 3PT Jump Shot,Missed Shot,Jump Shot,1,15,21800484,112,4.0,made_fg(24),3,-1,likely_open,"subType: open-like, distance: deep above-break 3 (>=27ft), clock: late (<=5s)"
29,PT09M26.00S,1,1610612744,GSW,201939,Curry,S. Curry,-175,262,32,Missed,1,,,0,h,MISS Curry 32' 3PT Jump Shot,Missed Shot,Jump Shot,1,23,21800484,154,10.0,off_reb(14),3,-2,likely_open,"subType: open-like, distance: deep above-break 3 (>=27ft)"
48,PT07M23.00S,1,1610612744,GSW,201939,Curry,S. Curry,-213,170,27,Made,1,12.0,10.0,22,h,Curry 27' 3PT Turnaround Jump Shot (3 PTS) (Durant 2 AST),Made Shot,Turnaround Jump Shot,1,37,21800484,277,14.0,made_fg(24),3,-1,likely_open,distance: deep above-break 3 (>=27ft)
179,PT09M48.00S,2,1610612744,GSW,201939,Curry,S. Curry,-136,254,29,Made,1,38.0,40.0,78,h,Curry 29' 3PT Jump Shot (6 PTS) (Jerebko 2 AST),Made Shot,Jump Shot,1,134,21800484,852,12.0,made_fg(24),3,-2,likely_open,"subType: open-like, distance: deep above-break 3 (>=27ft)"
187,PT09M07.00S,2,1610612744,GSW,201939,Curry,S. Curry,-221,225,32,Missed,1,,,0,h,MISS Curry 32' 3PT Jump Shot,Missed Shot,Jump Shot,1,140,21800484,893,19.0,def_reb(24),3,-2,likely_open,"subType: open-like, distance: deep above-break 3 (>=27ft)"
204,PT07M35.00S,2,1610612744,GSW,201939,Curry,S. Curry,125,147,19,Made,1,40.0,43.0,83,h,Curry 19' Jump Shot (8 PTS) (Iguodala 1 AST),Made Shot,Jump Shot,1,155,21800484,985,16.0,def_reb(24),2,-1,likely_open,subType: open-like
219,PT06M30.00S,2,1610612744,GSW,201939,Curry,S. Curry,-19,29,3,Missed,1,,,0,h,MISS Curry 3' Driving Finger Roll Layup,Missed Shot,Driving Finger Roll Layup Shot,1,163,21800484,1050,9.0,made_fg(24),2,1,borderline,distance: at-rim/very close
244,PT05M05.00S,2,1610612744,GSW,201939,Curry,S. Curry,172,62,18,Missed,1,,,0,h,MISS Curry 18' Jump Shot,Missed Shot,Jump Shot,1,180,21800484,1135,13.0,made_fg(24),2,-1,likely_open,subType: open-like
250,PT04M33.00S,2,1610612744,GSW,201939,Curry,S. Curry,-157,225,27,Made,1,49.0,51.0,100,h,Curry 27' 3PT Jump Shot (11 PTS) (Thompson 2 AST),Made Shot,Jump Shot,1,186,21800484,1167,16.0,def_reb(24),3,-2,likely_open,"subType: open-like, distance: deep above-break 3 (>=27ft)"
289,PT02M48.00S,2,1610612744,GSW,201939,Curry,S. Curry,233,67,24,Made,1,54.0,54.0,108,h,Curry 24' 3PT Jump Shot (14 PTS) (Green 3 AST),Made Shot,Jump Shot,1,217,21800484,1272,4.0,off_reb(14),3,0,likely_open,"subType: open-like, clock: late (<=5s)"
293,PT02M17.00S,2,1610612744,GSW,201939,Curry,S. Curry,-228,57,24,Missed,1,,,0,h,MISS Curry 24' 3PT Jump Shot,Missed Shot,Jump Shot,1,220,21800484,1303,18.0,def_reb(24),3,-1,likely_open,subType: open-like
306,PT00M41.10S,2,1610612744,GSW,201939,Curry,S. Curry,177,223,28,Missed,1,,,0,h,MISS Curry 28' 3PT Jump Shot,Missed Shot,Jump Shot,1,227,21800484,1399,,stale_reset(24),3,-2,likely_open,"subType: open-like, distance: deep above-break 3 (>=27ft)"
352,PT09M22.00S,3,1610612744,GSW,201939,Curry,S. Curry,92,260,28,Missed,1,,,0,h,MISS Curry 28' 3PT Jump Shot,Missed Shot,Jump Shot,1,266,21800484,1598,10.0,def_reb(24),3,-2,likely_open,"subType: open-like, distance: deep above-break 3 (>=27ft)"
404,PT05M46.00S,3,1610612744,GSW,201939,Curry,S. Curry,-19,21,3,Missed,1,,,0,h,MISS Curry 3' Layup,Missed Shot,Layup Shot,1,304,21800484,1814,10.0,def_reb(24),2,1,borderline,distance: at-rim/very close
429,PT04M12.00S,3,1610612744,GSW,201939,Curry,S. Curry,-171,187,25,Missed,1,,,0,h,MISS Curry 25' 3PT Jump Shot,Missed Shot,Jump Shot,1,324,21800484,1908,0.0,made_fg(24),3,0,likely_open,"subType: open-like, clock: late (<=5s)"
525,PT10M56.00S,4,1610612744,GSW,201939,Curry,S. Curry,-154,215,26,Missed,1,,,0,h,MISS Curry 26' 3PT Jump Shot,Missed Shot,Jump Shot,1,389,21800484,2224,16.0,final_ft(24),3,-1,likely_open,subType: open-like
529,PT10M36.00S,4,1610612744,GSW,201939,Curry,S. Curry,0,9,1,Missed,1,,,0,h,MISS Curry 1' Running Finger Roll Layup,Missed Shot,Running Finger Roll Layup Shot,1,393,21800484,2244,10.0,turnover(24),2,1,borderline,distance: at-rim/very close
540,PT09M49.00S,4,1610612744,GSW,201939,Curry,S. Curry,168,247,30,Made,1,101.0,88.0,189,h,Curry 30' 3PT Jump Shot (17 PTS) (Jerebko 3 AST),Made Shot,Jump Shot,1,402,21800484,2291,16.0,def_reb(24),3,-2,likely_open,"subType: open-like, distance: deep above-break 3 (>=27ft)"
546,PT09M10.00S,4,1610612744,GSW,201939,Curry,S. Curry,158,211,26,Made,1,104.0,90.0,194,h,Curry 26' 3PT Jump Shot (20 PTS) (Livingston 2 AST),Made Shot,Jump Shot,1,406,21800484,2330,11.0,made_fg(24),3,-1,likely_open,subType: open-like
613,PT04M38.00S,4,1610612744,GSW,201939,Curry,S. Curry,-231,74,24,Missed,1,,,0,h,MISS Curry 24' 3PT Jump Shot,Missed Shot,Jump Shot,1,452,21800484,2602,5.0,made_fg(24),3,0,likely_open,"subType: open-like, clock: late (<=5s)"
657,PT01M32.00S,4,1610612744,GSW,201939,Curry,S. Curry,-11,260,26,Missed,1,,,0,h,MISS Curry 26' 3PT Jump Shot,Missed Shot,Jump Shot,1,486,21800484,2788,10.0,made_fg(24),3,-1,likely_open,subType: open-like
36,PT08M43.00S,1,1610612744,GSW,201939,Curry,S. Curry,15,20,3,Made,1,9.0,7.0,16,h,Curry 3' Running Layup (4 PTS),Made Shot,Running Layup Shot,1,27,21800494,197,16.0,final_ft(24),2,3,likely_contested,"subType: contested-like, distance: at-rim/very close"
45,PT08M17.00S,1,1610612744,GSW,201939,Curry,S. Curry,230,46,0,Missed,1,,,0,h,MISS Curry 3PT Jump Shot,Missed Shot,Jump Shot,1,35,21800494,223,7.0,off_reb(14),3,-1,likely_open,"subType: open-like, distance: at-rim/very close, coords: corner-3, corner: catch/spot"
71,PT06M26.00S,1,1610612744,GSW,201939,Curry,S. Curry,4,10,1,Made,1,17.0,14.0,31,h,Curry 1' Cutting Finger Roll Layup Shot (7 PTS) (Green 2 AST),Made Shot,Cutting Finger Roll Layup Shot,1,55,21800494,334,12.0,def_reb(24),2,1,borderline,distance: at-rim/very close
193,PT11M03.00S,2,1610612744,GSW,201939,Curry,S. Curry,-142,243,28,Missed,1,,,0,h,MISS Curry 28' 3PT Jump Shot,Missed Shot,Jump Shot,1,132,21800494,777,9.0,turnover(24),3,-2,likely_open,"subType: open-like, distance: deep above-break 3 (>=27ft)"
200,PT10M46.00S,2,1610612744,GSW,201939,Curry,S. Curry,185,195,27,Missed,1,,,0,h,MISS Curry 27' 3PT Pullup Jump Shot,Missed Shot,Pullup Jump shot,1,137,21800494,794,14.0,turnover(24),3,2,likely_contested,"subType: contested-like, text: pressure-move, distance: deep above-break 3 (>=27ft)"
202,PT10M42.00S,2,1610612744,GSW,201939,Curry,S. Curry,230,13,0,Made,1,39.0,36.0,75,h,Curry 3PT Pullup Jump Shot (10 PTS) (Livingston 1 AST),Made Shot,Pullup Jump shot,1,139,21800494,798,12.0,off_reb(14),3,4,likely_contested,"subType: contested-like, text: pressure-move, distance: at-rim/very close, coords: corner-3"
231,PT08M29.00S,2,1610612744,GSW,201939,Curry,S. Curry,68,267,28,Missed,1,,,0,h,MISS Curry 28' 3PT Running Pull-Up Jump Shot,Missed Shot,Running Pull-Up Jump Shot,1,160,21800494,931,14.0,made_fg(24),3,2,likely_contested,"subType: contested-like, text: pressure-move, distance: deep above-break 3 (>=27ft)"
260,PT07M14.00S,2,1610612744,GSW,201939,Curry,S. Curry,-128,258,29,Made,1,48.0,48.0,96,h,Curry 29' 3PT Pullup Jump Shot (14 PTS),Made Shot,Pullup Jump shot,1,182,21800494,1006,12.0,keep_clock(18),3,2,likely_contested,"subType: contested-like, text: pressure-move, distance: deep above-break 3 (>=27ft)"
336,PT02M16.00S,2,1610612744,GSW,201939,Curry,S. Curry,-133,142,19,Made,1,57.0,65.0,122,h,Curry 19' Step Back Jump Shot (17 PTS),Made Shot,Step Back Jump shot,1,239,21800494,1304,12.0,made_fg(24),2,3,likely_contested,"subType: contested-like, text: pressure-move"
339,PT01M54.00S,2,1610612744,GSW,201939,Curry,S. Curry,81,267,28,Made,1,60.0,68.0,128,h,Curry 28' 3PT Running Pull-Up Jump Shot (20 PTS),Made Shot,Running Pull-Up Jump Shot,1,241,21800494,1326,16.0,made_fg(24),3,2,likely_contested,"subType: contested-like, text: pressure-move, distance: deep above-break 3 (>=27ft)"
389,PT11M46.00S,3,1610612744,GSW,201939,Curry,S. Curry,20,24,3,Made,1,69.0,71.0,140,h,Curry 3' Driving Finger Roll Layup (24 PTS),Made Shot,Driving Finger Roll Layup Shot,1,266,21800494,1454,10.0,period_start(24),2,1,borderline,distance: at-rim/very close
416,PT08M39.00S,3,1610612744,GSW,201939,Curry,S. Curry,17,288,29,Missed,1,,,0,h,MISS Curry 29' 3PT Jump Shot,Missed Shot,Jump Shot,1,289,21800494,1641,7.0,final_ft(24),3,-2,likely_open,"subType: open-like, distance: deep above-break 3 (>=27ft)"
426,PT08M07.00S,3,1610612744,GSW,201939,Curry,S. Curry,160,206,26,Missed,1,,,0,h,MISS Curry 26' 3PT Jump Shot,Missed Shot,Jump Shot,1,298,21800494,1673,12.0,off_reb(14),3,-1,likely_open,subType: open-like
439,PT07M13.00S,3,1610612744,GSW,201939,Curry,S. Curry,-108,231,26,Made,1,76.0,81.0,157,h,Curry 26' 3PT Pullup Jump Shot (27 PTS),Made Shot,Pullup Jump shot,1,310,21800494,1727,16.0,def_reb(24),3,3,likely_contested,"subType: contested-like, text: pressure-move"
447,PT06M47.00S,3,1610612744,GSW,201939,Curry,S. Curry,-92,103,14,Made,1,78.0,81.0,159,h,Curry 14' Driving Floating Bank Jump Shot (29 PTS) (Green 5 AST),Made Shot,Driving Floating Bank Jump Shot,1,315,21800494,1753,13.0,def_reb(24),2,3,likely_contested,"subType: contested-like, distance: mid-range"
467,PT05M33.00S,3,1610612744,GSW,201939,Curry,S. Curry,-3,75,8,Missed,1,,,0,h,MISS Curry 8' Hook Shot,Missed Shot,Hook Shot,1,329,21800494,1827,11.0,def_reb(24),2,3,likely_contested,"subType: contested-like, distance: mid-range"
510,PT02M25.00S,3,1610612744,GSW,201939,Curry,S. Curry,-163,195,25,Missed,1,,,0,h,MISS Curry 25' 3PT Running Pull-Up Jump Shot,Missed Shot,Running Pull-Up Jump Shot,1,360,21800494,2015,19.0,turnover(24),3,3,likely_contested,"subType: contested-like, text: pressure-move"
563,PT10M50.00S,4,1610612744,GSW,201939,Curry,S. Curry,175,195,26,Missed,1,,,0,h,MISS Curry 26' 3PT Jump Shot,Missed Shot,Jump Shot,1,398,21800494,2230,2.0,made_fg(24),3,0,likely_open,"subType: open-like, clock: late (<=5s)"
602,PT08M51.00S,4,1610612744,GSW,201939,Curry,S. Curry,-232,14,0,Made,1,109.0,106.0,215,h,Curry 3PT Step Back Jump Shot (36 PTS),Made Shot,Step Back Jump shot,1,426,21800494,2349,11.0,off_reb(14),3,4,likely_contested,"subType: contested-like, text: pressure-move, distance: at-rim/very close, coords: corner-3"
669,PT03M32.00S,4,1610612744,GSW,201939,Curry,S. Curry,-130,226,26,Made,1,121.0,117.0,238,h,Curry 26' 3PT Pullup Jump Shot (39 PTS) (Durant 5 AST),Made Shot,Pullup Jump shot,1,479,21800494,2668,8.0,turnover(24),3,3,likely_contested,"subType: contested-like, text: pressure-move"
685,PT02M06.00S,4,1610612744,GSW,201939,Curry,S. Curry,168,236,29,Missed,1,,,0,h,MISS Curry 29' 3PT Step Back Jump Shot,Missed Shot,Step Back Jump shot,1,490,21800494,2754,1.0,off_reb(14),3,3,likely_contested,"subType: contested-like, text: pressure-move, distance: deep above-break 3 (>=27ft), clock: late (<=5s)"
704,PT00M00.50S,4,1610612744,GSW,201939,Curry,S. Curry,13,25,3,Made,1,129.0,127.0,256,h,Curry 3' Driving Finger Roll Layup (42 PTS),Made Shot,Driving Finger Roll Layup Shot,1,505,21800494,2880,5.0,made_fg(24),2,2,likely_contested,"distance: at-rim/very close, clock: late (<=5s)"
13,PT11M00.00S,1,1610612744,GSW,201939,Curry,S. Curry,-111,152,19,Missed,1,,,0,h,MISS Curry 19' Jump Shot,Missed Shot,Jump Shot,1,7,21800500,60,6.0,made_fg(24),2,-1,likely_open,subType: open-like
64,PT06M59.00S,1,1610612744,GSW,201939,Curry,S. Curry,-147,256,30,Missed,1,,,0,h,MISS Curry 30' 3PT Jump Shot,Missed Shot,Jump Shot,1,51,21800500,301,17.0,def_reb(24),3,-2,likely_open,"subType: open-like, distance: deep above-break 3 (>=27ft)"
68,PT06M10.00S,1,1610612744,GSW,201939,Curry,S. Curry,-9,36,4,Made,1,14.0,13.0,27,h,Curry 4' Driving Finger Roll Layup (2 PTS) (Durant 1 AST),Made Shot,Driving Finger Roll Layup Shot,1,54,21800500,350,,stale_reset(24),2,1,borderline,distance: at-rim/very close
77,PT05M40.00S,1,1610612744,GSW,201939,Curry,S. Curry,101,164,19,Made,1,16.0,15.0,31,h,Curry 19' Step Back Jump Shot (4 PTS),Made Shot,Step Back Jump shot,1,59,21800500,380,9.0,made_fg(24),2,3,likely_contested,"subType: contested-like, text: pressure-move"
192,PT08M47.00S,2,1610612744,GSW,201939,Curry,S. Curry,-197,191,27,Missed,1,,,0,h,MISS Curry 27' 3PT Jump Shot,Missed Shot,Jump Shot,1,139,21800500,913,15.0,made_fg(24),3,-2,likely_open,"subType: open-like, distance: deep above-break 3 (>=27ft)"
247,PT05M35.00S,2,1610612744,GSW,201939,Curry,S. Curry,156,225,27,Missed,1,,,0,h,MISS Curry 27' 3PT Jump Shot,Missed Shot,Jump Shot,1,183,21800500,1105,21.0,turnover(24),3,-2,likely_open,"subType: open-like, distance: deep above-break 3 (>=27ft)"
278,PT03M56.00S,2,1610612744,GSW,201939,Curry,S. Curry,5,16,2,Made,1,42.0,52.0,94,h,Curry 2' Driving Finger Roll Layup (6 PTS),Made Shot,Driving Finger Roll Layup Shot,1,203,21800500,1204,15.0,turnover(24),2,1,borderline,distance: at-rim/very close
294,PT02M32.00S,2,1610612744,GSW,201939,Curry,S. Curry,-157,73,17,Missed,1,,,0,h,MISS Curry 17' Driving Floating Jump Shot,Missed Shot,Driving Floating Jump Shot,1,214,21800500,1288,12.0,made_fg(24),2,2,likely_contested,subType: contested-like
327,PT00M01.10S,2,1610612744,GSW,201939,Curry,S. Curry,-202,15,20,Missed,1,,,0,h,MISS Curry 20' Pullup Jump Shot,Missed Shot,Pullup Jump shot,1,238,21800500,1439,7.0,made_fg(24),2,3,likely_contested,"subType: contested-like, text: pressure-move"
364,PT09M50.00S,3,1610612744,GSW,201939,Curry,S. Curry,-231,13,0,Missed,1,,,0,h,MISS Curry 3PT Jump Shot,Missed Shot,Jump Shot,1,263,21800500,1570,18.0,def_reb(24),3,-1,likely_open,"subType: open-like, distance: at-rim/very close, coords: corner-3, corner: catch/spot"
423,PT05M13.00S,3,1610612744,GSW,201939,Curry,S. Curry,7,99,10,Missed,1,,,0,h,MISS Curry 10' Driving Floating Jump Shot,Missed Shot,Driving Floating Jump Shot,1,308,21800500,1847,13.0,final_ft(24),2,3,likely_contested,"subType: contested-like, distance: mid-range"
426,PT04M59.00S,3,1610612744,GSW,201939,Curry,S. Curry,-21,32,4,Missed,1,,,0,h,MISS Curry 4' Layup,Missed Shot,Layup Shot,1,311,21800500,1861,15.0,turnover(24),2,1,borderline,distance: at-rim/very close
431,PT04M48.00S,3,1610612744,GSW,201939,Curry,S. Curry,24,263,26,Made,1,65.0,76.0,141,h,Curry 26' 3PT Pullup Jump Shot (9 PTS),Made Shot,Pullup Jump shot,1,316,21800500,1872,17.0,turnover(24),3,3,likely_contested,"subType: contested-like, text: pressure-move"
434,PT04M17.00S,3,1610612744,GSW,201939,Curry,S. Curry,234,19,0,Made,1,68.0,76.0,144,h,Curry 3PT Pullup Jump Shot (12 PTS) (Looney 2 AST),Made Shot,Pullup Jump shot,1,319,21800500,1903,17.0,def_reb(24),3,4,likely_contested,"subType: contested-like, text: pressure-move, distance: at-rim/very close, coords: corner-3"
465,PT02M17.00S,3,1610612744,GSW,201939,Curry,S. Curry,168,237,29,Missed,1,,,0,h,MISS Curry 29' 3PT Jump Shot,Missed Shot,Jump Shot,1,340,21800500,2023,14.0,made_fg(24),3,-2,likely_open,"subType: open-like, distance: deep above-break 3 (>=27ft)"
502,PT11M27.00S,4,1610612744,GSW,201939,Curry,S. Curry,187,194,27,Missed,1,,,0,h,MISS Curry 27' 3PT Jump Shot,Missed Shot,Jump Shot,1,364,21800500,2193,9.0,made_fg(24),3,-2,likely_open,"subType: open-like, distance: deep above-break 3 (>=27ft)"
615,PT03M45.00S,4,1610612744,GSW,201939,Curry,S. Curry,-100,46,11,Missed,1,,,0,h,MISS Curry 11' Jump Shot,Missed Shot,Jump Shot,1,442,21800500,2655,17.0,def_reb(24),2,0,likely_open,"subType: open-like, distance: mid-range"
16,PT11M01.00S,1,1610612744,GSW,201939,Curry,S. Curry,16,85,9,Made,1,2.0,4.0,6,h,Curry 9' Running Finger Roll Layup (2 PTS) (Green 1 AST),Made Shot,Running Finger Roll Layup Shot,1,10,21800516,59,12.0,made_fg(24),2,1,borderline,distance: mid-range
35,PT09M01.00S,1,1610612744,GSW,201939,Curry,S. Curry,-152,10,15,Missed,1,,,0,h,MISS Curry 15' Jump Shot,Missed Shot,Jump Shot,1,22,21800516,179,19.0,def_reb(24),2,0,likely_open,"subType: open-like, distance: mid-range"
50,PT07M40.00S,1,1610612744,GSW,201939,Curry,S. Curry,12,67,7,Made,1,11.0,17.0,28,h,Curry 7' Driving Floating Jump Shot (4 PTS) (Durant 1 AST),Made Shot,Driving Floating Jump Shot,1,36,21800516,260,7.0,final_ft(24),2,2,likely_contested,subType: contested-like
87,PT04M29.00S,1,1610612744,GSW,201939,Curry,S. Curry,-184,14,18,Made,1,20.0,21.0,41,h,Curry 18' Jump Shot (6 PTS) (Durant 4 AST),Made Shot,Jump Shot,1,62,21800516,451,3.0,made_fg(24),2,0,likely_open,"subType: open-like, clock: late (<=5s)"
163,PT11M51.00S,2,1610612744,GSW,201939,Curry,S. Curry,198,173,26,Missed,1,,,0,h,MISS Curry 26' 3PT Jump Shot,Missed Shot,Jump Shot,1,115,21800516,729,15.0,period_start(24),3,-1,likely_open,subType: open-like
167,PT11M32.00S,2,1610612744,GSW,201939,Curry,S. Curry,8,129,13,Made,1,30.0,27.0,57,h,Curry 13' Driving Floating Jump Shot (8 PTS) (Iguodala 1 AST),Made Shot,Driving Floating Jump Shot,1,119,21800516,748,12.0,turnover(24),2,3,likely_contested,"subType: contested-like, distance: mid-range"
214,PT08M22.00S,2,1610612744,GSW,201939,Curry,S. Curry,-143,215,26,Made,1,35.0,27.0,62,h,Curry 26' 3PT Pullup Jump Shot (11 PTS) (Jerebko 1 AST),Made Shot,Pullup Jump shot,1,157,21800516,938,16.0,def_reb(24),3,3,likely_contested,"subType: contested-like, text: pressure-move"
229,PT07M03.00S,2,1610612744,GSW,201939,Curry,S. Curry,-60,253,26,Made,1,38.0,32.0,70,h,Curry 26' 3PT Pullup Jump Shot (14 PTS) (Looney 1 AST),Made Shot,Pullup Jump shot,1,167,21800516,1017,7.0,made_fg(24),3,3,likely_contested,"subType: contested-like, text: pressure-move"
237,PT06M18.00S,2,1610612744,GSW,201939,Curry,S. Curry,134,61,15,Missed,1,,,0,h,MISS Curry 15' Jump Bank Shot,Missed Shot,Jump Bank Shot,1,173,21800516,1062,13.0,made_fg(24),2,3,likely_contested,"subType: contested-like, distance: mid-range"
340,PT00M01.00S,2,1610612744,GSW,201939,Curry,S. Curry,197,362,41,Missed,1,,,0,h,MISS Curry 41' 3PT Jump Shot,Missed Shot,Jump Shot,1,249,21800516,1439,17.0,keep_clock(22),3,-2,likely_open,"subType: open-like, distance: deep above-break 3 (>=27ft)"
365,PT10M22.00S,3,1610612744,GSW,201939,Curry,S. Curry,106,259,28,Missed,1,,,0,h,MISS Curry 28' 3PT Pullup Jump Shot,Missed Shot,Pullup Jump shot,1,267,21800516,1538,15.0,def_reb(24),3,2,likely_contested,"subType: contested-like, text: pressure-move, distance: deep above-break 3 (>=27ft)"
372,PT10M01.00S,3,1610612744,GSW,201939,Curry,S. Curry,92,45,10,Missed,1,,,0,h,MISS Curry 10' Driving Finger Roll Layup,Missed Shot,Driving Finger Roll Layup Shot,1,274,21800516,1559,22.0,made_fg(24),2,1,borderline,distance: mid-range
396,PT08M42.00S,3,1610612744,GSW,201939,Curry,S. Curry,-136,293,32,Made,1,53.0,55.0,108,h,Curry 32' 3PT Jump Shot (18 PTS) (Green 7 AST),Made Shot,Jump Shot,1,295,21800516,1638,14.0,def_reb(24),3,-2,likely_open,"subType: open-like, distance: deep above-break 3 (>=27ft)"
458,PT04M52.00S,3,1610612744,GSW,201939,Curry,S. Curry,71,269,28,Missed,1,,,0,h,MISS Curry 28' 3PT Jump Shot,Missed Shot,Jump Shot,1,343,21800516,1868,17.0,final_ft(24),3,-2,likely_open,"subType: open-like, distance: deep above-break 3 (>=27ft)"
533,PT11M33.00S,4,1610612744,GSW,201939,Curry,S. Curry,228,60,24,Missed,1,,,0,h,MISS Curry 24' 3PT Jump Shot,Missed Shot,Jump Shot,1,397,21800516,2187,11.0,def_reb(24),3,-1,likely_open,subType: open-like
540,PT10M52.00S,4,1610612744,GSW,201939,Curry,S. Curry,3,176,18,Missed,1,,,0,h,MISS Curry 18' Jump Shot,Missed Shot,Jump Shot,1,402,21800516,2228,6.0,def_foul_14(14),2,-1,likely_open,subType: open-like
542,PT10M46.00S,4,1610612744,GSW,201939,Curry,S. Curry,-145,283,32,Made,1,74.0,75.0,149,h,Curry 32' 3PT Step Back Jump Shot (21 PTS) (Looney 2 AST),Made Shot,Step Back Jump shot,1,404,21800516,2234,10.0,off_reb(14),3,2,likely_contested,"subType: contested-like, text: pressure-move, distance: deep above-break 3 (>=27ft)"
554,PT09M33.00S,4,1610612744,GSW,201939,Curry,S. Curry,-19,288,29,Missed,1,,,0,h,MISS Curry 29' 3PT Jump Shot,Missed Shot,Jump Shot,1,414,21800516,2307,12.0,made_fg(24),3,-2,likely_open,"subType: open-like, distance: deep above-break 3 (>=27ft)"
579,PT07M08.00S,4,1610612744,GSW,201939,Curry,S. Curry,183,199,27,Missed,1,,,0,h,MISS Curry 27' 3PT Running Pull-Up Jump Shot,Missed Shot,Running Pull-Up Jump Shot,1,436,21800516,2452,20.0,turnover(24),3,2,likely_contested,"subType: contested-like, text: pressure-move, distance: deep above-break 3 (>=27ft)"
595,PT06M16.00S,4,1610612744,GSW,201939,Curry,S. Curry,-11,38,4,Made,1,80.0,86.0,166,h,Curry 4' Running Layup (23 PTS),Made Shot,Running Layup Shot,1,450,21800516,2504,22.0,turnover(24),2,3,likely_contested,"subType: contested-like, distance: at-rim/very close"
650,PT03M01.00S,4,1610612744,GSW,201939,Curry,S. Curry,207,147,25,Made,1,89.0,96.0,185,h,Curry 25' 3PT Pullup Jump Shot (26 PTS) (Durant 10 AST),Made Shot,Pullup Jump shot,1,483,21800516,2699,12.0,made_fg(24),3,3,likely_contested,"subType: contested-like, text: pressure-move"
661,PT02M07.00S,4,1610612744,GSW,201939,Curry,S. Curry,201,190,28,Missed,1,,,0,h,MISS Curry 28' 3PT Jump Shot,Missed Shot,Jump Shot,1,491,21800516,2753,6.0,turnover(24),3,-2,likely_open,"subType: open-like, distance: deep above-break 3 (>=27ft)"
677,PT01M06.00S,4,1610612744,GSW,201939,Curry,S. Curry,201,170,26,Made,1,97.0,100.0,197,h,Curry 26' 3PT Step Back Jump Shot (29 PTS) (Durant 11 AST),Made Shot,Step Back Jump shot,1,503,21800516,2814,15.0,final_ft(24),3,3,likely_contested,"subType: contested-like, text: pressure-move"
686,PT00M24.60S,4,1610612744,GSW,201939,Curry,S. Curry,-72,291,30,Missed,1,,,0,h,MISS Curry 30' 3PT Jump Shot,Missed Shot,Jump Shot,1,510,21800516,2856,20.0,def_reb(24),3,-2,likely_open,"subType: open-like, distance: deep above-break 3 (>=27ft)"
734,PT03M23.00S,5,1610612744,GSW,201939,Curry,S. Curry,-99,174,20,Missed,1,,,0,h,MISS Curry 20' Jump Shot,Missed Shot,Jump Shot,1,540,21800516,2977,14.0,turnover(24),2,-1,likely_open,subType: open-like
747,PT02M01.00S,5,1610612744,GSW,201939,Curry,S. Curry,131,149,20,Missed,1,,,0,h,MISS Curry 20' Turnaround Jump Shot,Missed Shot,Turnaround Jump Shot,1,549,21800516,3059,4.0,def_reb(24),2,1,borderline,clock: late (<=5s)
8,PT11M21.00S,1,1610612744,GSW,201939,Curry,S. Curry,65,115,13,Made,1,2.0,2.0,4,v,Curry 13' Driving Floating Jump Shot (2 PTS) (Durant 1 AST),Made Shot,Driving Floating Jump Shot,1,4,21800534,39,9.0,made_fg(24),2,3,likely_contested,"subType: contested-like, distance: mid-range"
32,PT08M43.00S,1,1610612744,GSW,201939,Curry,S. Curry,126,225,26,Missed,1,,,0,v,MISS Curry 26' 3PT Pullup Jump Shot,Missed Shot,Pullup Jump shot,1,23,21800534,197,16.0,made_fg(24),3,3,likely_contested,"subType: contested-like, text: pressure-move"
68,PT05M11.00S,1,1610612744,GSW,201939,Curry,S. Curry,23,5,2,Missed,1,,,0,v,MISS Curry 2' Driving Finger Roll Layup,Missed Shot,Driving Finger Roll Layup Shot,1,51,21800534,409,17.0,made_fg(24),2,1,borderline,distance: at-rim/very close
153,PT11M49.00S,2,1610612744,GSW,201939,Curry,S. Curry,50,210,22,Made,1,27.0,32.0,59,v,Curry 22' Pullup Jump Shot (4 PTS),Made Shot,Pullup Jump shot,1,108,21800534,731,13.0,period_start(24),2,3,likely_contested,"subType: contested-like, text: pressure-move"
158,PT11M07.00S,2,1610612744,GSW,201939,Curry,S. Curry,38,131,14,Made,1,27.0,34.0,61,v,Curry 14' Turnaround Fadeaway (6 PTS) (Livingston 1 AST),Made Shot,Turnaround Fadeaway shot,1,113,21800534,773,17.0,def_reb(24),2,4,likely_contested,"subType: contested-like, text: pressure-move, distance: mid-range"
167,PT10M18.00S,2,1610612744,GSW,201939,Curry,S. Curry,-180,187,26,Made,1,27.0,37.0,64,v,Curry 26' 3PT Running Pull-Up Jump Shot (9 PTS),Made Shot,Running Pull-Up Jump Shot,1,121,21800534,822,20.0,turnover(24),3,3,likely_contested,"subType: contested-like, text: pressure-move"
193,PT08M36.00S,2,1610612744,GSW,201939,Curry,S. Curry,-226,75,24,Missed,1,,,0,v,MISS Curry 24' 3PT Jump Shot,Missed Shot,Jump Shot,1,140,21800534,924,5.0,made_fg(24),3,0,likely_open,"subType: open-like, clock: late (<=5s)"
229,PT06M10.00S,2,1610612744,GSW,201939,Curry,S. Curry,-155,74,17,Missed,1,,,0,v,MISS Curry 17' Pullup Jump Shot,Missed Shot,Pullup Jump shot,1,167,21800534,1070,11.0,off_reb(14),2,3,likely_contested,"subType: contested-like, text: pressure-move"
305,PT01M20.00S,2,1610612744,GSW,201939,Curry,S. Curry,-171,216,28,Missed,1,,,0,v,MISS Curry 28' 3PT Jump Shot,Missed Shot,Jump Shot,1,226,21800534,1360,5.0,def_reb(24),3,-1,likely_open,"subType: open-like, distance: deep above-break 3 (>=27ft), clock: late (<=5s)"
334,PT11M39.00S,3,1610612744,GSW,201939,Curry,S. Curry,-188,169,25,Made,1,51.0,61.0,112,v,Curry 25' 3PT Jump Shot (17 PTS) (Green 3 AST),Made Shot,Jump Shot,1,248,21800534,1461,3.0,final_ft(24),3,0,likely_open,"subType: open-like, clock: late (<=5s)"
369,PT09M09.00S,3,1610612744,GSW,201939,Curry,S. Curry,26,254,26,Missed,1,,,0,v,MISS Curry 26' 3PT Running Pull-Up Jump Shot,Missed Shot,Running Pull-Up Jump Shot,1,274,21800534,1611,20.0,turnover(24),3,3,likely_contested,"subType: contested-like, text: pressure-move"
502,PT11M01.00S,4,1610612744,GSW,201939,Curry,S. Curry,-71,74,10,Missed,1,,,0,v,MISS Curry 10' Driving Floating Bank Jump Shot,Missed Shot,Driving Floating Bank Jump Shot,1,366,21800534,2219,15.0,def_reb(24),2,3,likely_contested,"subType: contested-like, distance: mid-range"
517,PT10M03.00S,4,1610612744,GSW,201939,Curry,S. Curry,131,236,27,Missed,1,,,0,v,MISS Curry 27' 3PT Running Pull-Up Jump Shot,Missed Shot,Running Pull-Up Jump Shot,1,377,21800534,2277,19.0,def_reb(24),3,2,likely_contested,"subType: contested-like, text: pressure-move, distance: deep above-break 3 (>=27ft)"
526,PT09M05.00S,4,1610612744,GSW,201939,Curry,S. Curry,-223,16,0,Missed,1,,,0,v,MISS Curry 3PT Jump Shot,Missed Shot,Jump Shot,1,385,21800534,2335,13.0,def_reb(24),3,-1,likely_open,"subType: open-like, distance: at-rim/very close, coords: corner-3, corner: catch/spot"
610,PT02M13.00S,4,1610612744,GSW,201939,Curry,S. Curry,24,164,17,Made,1,100.0,109.0,209,v,Curry 17' Pullup Jump Shot (21 PTS),Made Shot,Pullup Jump shot,1,448,21800534,2747,14.0,final_ft(24),2,3,likely_contested,"subType: contested-like, text: pressure-move"
10,PT11M19.00S,1,1610612744,GSW,201939,Curry,S. Curry,-4,9,1,Missed,1,,,0,v,MISS Curry 1' Reverse Layup,Missed Shot,Reverse Layup Shot,1,6,21800548,41,0.0,made_fg(24),2,4,likely_contested,"subType: contested-like, distance: at-rim/very close, clock: late (<=5s)"
31,PT09M50.00S,1,1610612744,GSW,201939,Curry,S. Curry,12,251,25,Missed,1,,,0,v,MISS Curry 25' 3PT Pullup Jump Shot,Missed Shot,Pullup Jump shot,1,24,21800548,130,11.0,made_fg(24),3,3,likely_contested,"subType: contested-like, text: pressure-move"
48,PT08M21.00S,1,1610612744,GSW,201939,Curry,S. Curry,-30,15,3,Made,1,7.0,13.0,20,v,Curry 3' Jump Bank Shot (4 PTS) (Green 1 AST),Made Shot,Jump Bank Shot,1,37,21800548,219,16.0,def_reb(24),2,3,likely_contested,"subType: contested-like, distance: at-rim/very close"
66,PT06M08.00S,1,1610612744,GSW,201939,Curry,S. Curry,-9,0,1,Made,1,15.0,19.0,34,v,Curry 1' Driving Finger Roll Layup (6 PTS),Made Shot,Driving Finger Roll Layup Shot,1,49,21800548,352,11.0,def_reb(24),2,1,borderline,distance: at-rim/very close
175,PT10M27.00S,2,1610612744,GSW,201939,Curry,S. Curry,-3,5,1,Made,1,29.0,35.0,64,v,Curry 1' Running Layup (8 PTS) (Iguodala 2 AST),Made Shot,Running Layup Shot,1,129,21800548,813,23.0,def_reb(24),2,3,likely_contested,"subType: contested-like, distance: at-rim/very close"
181,PT10M00.00S,2,1610612744,GSW,201939,Curry,S. Curry,-188,166,25,Made,1,31.0,39.0,70,v,Curry 25' 3PT Pullup Jump Shot (12 PTS),Made Shot,Pullup Jump shot,1,133,21800548,840,11.0,made_fg(24),3,3,likely_contested,"subType: contested-like, text: pressure-move"
184,PT09M31.00S,2,1610612744,GSW,201939,Curry,S. Curry,-87,130,16,Missed,1,,,0,v,MISS Curry 16' Jump Shot,Missed Shot,Jump Shot,1,135,21800548,869,12.0,made_fg(24),2,0,likely_open,"subType: open-like, distance: mid-range"
199,PT08M45.00S,2,1610612744,GSW,201939,Curry,S. Curry,-161,199,26,Missed,1,,,0,v,MISS Curry 26' 3PT Running Pull-Up Jump Shot,Missed Shot,Running Pull-Up Jump Shot,1,148,21800548,915,21.0,def_reb(24),3,3,likely_contested,"subType: contested-like, text: pressure-move"
321,PT01M32.00S,2,1610612744,GSW,201939,Curry,S. Curry,142,140,20,Made,1,50.0,59.0,109,v,Curry 20' Pullup Jump Shot (16 PTS) (Durant 4 AST),Made Shot,Pullup Jump shot,1,233,21800548,1348,9.0,final_ft(24),2,3,likely_contested,"subType: contested-like, text: pressure-move"
324,PT01M02.00S,2,1610612744,GSW,201939,Curry,S. Curry,61,117,13,Made,1,52.0,61.0,113,v,Curry 13' Driving Floating Jump Shot (18 PTS),Made Shot,Driving Floating Jump Shot,1,235,21800548,1378,12.0,made_fg(24),2,3,likely_contested,"subType: contested-like, distance: mid-range"
355,PT10M59.00S,3,1610612744,GSW,201939,Curry,S. Curry,24,259,26,Made,1,57.0,72.0,129,v,Curry 26' 3PT Jump Shot (21 PTS),Made Shot,Jump Shot,1,255,21800548,1501,8.0,made_fg(24),3,-1,likely_open,subType: open-like
551,PT11M42.00S,4,1610612744,GSW,201939,Curry,S. Curry,82,238,25,Made,1,87.0,111.0,198,v,Curry 25' 3PT Pullup Jump Shot (26 PTS),Made Shot,Pullup Jump shot,1,391,21800548,2178,8.0,def_foul_14(14),3,3,likely_contested,"subType: contested-like, text: pressure-move"
554,PT11M14.00S,4,1610612744,GSW,201939,Curry,S. Curry,174,180,25,Missed,1,,,0,v,MISS Curry 25' 3PT Jump Shot,Missed Shot,Jump Shot,1,394,21800548,2206,18.0,def_reb(24),3,-1,likely_open,subType: open-like
563,PT10M21.00S,4,1610612744,GSW,201939,Curry,S. Curry,4,-3,1,Made,1,89.0,113.0,202,v,Curry 1' Running Layup (28 PTS) (Iguodala 6 AST),Made Shot,Running Layup Shot,1,402,21800548,2259,20.0,def_reb(24),2,3,likely_contested,"subType: contested-like, distance: at-rim/very close"
567,PT09M52.00S,4,1610612744,GSW,201939,Curry,S. Curry,-230,31,0,Made,1,89.0,116.0,205,v,Curry 3PT Jump Shot (31 PTS) (Green 4 AST),Made Shot,Jump Shot,1,405,21800548,2288,18.0,def_reb(24),3,-1,likely_open,"subType: open-like, distance: at-rim/very close, coords: corner-3, corner: catch/spot"
595,PT07M37.00S,4,1610612744,GSW,201939,Curry,S. Curry,-230,29,0,Made,1,96.0,123.0,219,v,Curry 3PT Jump Shot (34 PTS) (Green 6 AST),Made Shot,Jump Shot,1,421,21800548,2423,11.0,made_fg(24),3,-1,likely_open,"subType: open-like, distance: at-rim/very close, coords: corner-3, corner: catch/spot"
606,PT06M34.00S,4,1610612744,GSW,201939,Curry,S. Curry,-1,275,28,Missed,1,,,0,v,MISS Curry 28' 3PT Jump Shot,Missed Shot,Jump Shot,1,432,21800548,2486,4.0,made_fg(24),3,-1,likely_open,"subType: open-like, distance: deep above-break 3 (>=27ft), clock: late (<=5s)"
17,PT10M42.00S,1,1610612744,GSW,201939,Curry,S. Curry,-225,62,0,Missed,1,,,0,h,MISS Curry 3PT Jump Shot,Missed Shot,Jump Shot,1,11,21800565,78,5.0,made_fg(24),3,1,borderline,"subType: open-like, distance: at-rim/very close, clock: late (<=5s)"
49,PT08M22.00S,1,1610612744,GSW,201939,Curry,S. Curry,-47,291,29,Missed,1,,,0,h,MISS Curry 29' 3PT Jump Shot,Missed Shot,Jump Shot,1,35,21800565,218,18.0,made_fg(24),3,-2,likely_open,"subType: open-like, distance: deep above-break 3 (>=27ft)"
57,PT07M47.00S,1,1610612744,GSW,201939,Curry,S. Curry,-57,265,27,Missed,1,,,0,h,MISS Curry 27' 3PT Jump Shot,Missed Shot,Jump Shot,1,42,21800565,253,8.0,final_ft(24),3,-2,likely_open,"subType: open-like, distance: deep above-break 3 (>=27ft)"
104,PT04M48.00S,1,1610612744,GSW,201939,Curry,S. Curry,3,37,4,Made,1,20.0,15.0,35,h,Curry 4' Running Finger Roll Layup (2 PTS),Made Shot,Running Finger Roll Layup Shot,1,80,21800565,432,19.0,final_ft(24),2,1,borderline,distance: at-rim/very close
202,PT09M36.00S,2,1610612744,GSW,201939,Curry,S. Curry,-219,143,26,Made,1,39.0,31.0,70,h,Curry 26' 3PT Step Back Jump Shot (5 PTS),Made Shot,Step Back Jump shot,1,147,21800565,864,18.0,made_fg(24),3,3,likely_contested,"subType: contested-like, text: pressure-move"
208,PT09M01.00S,2,1610612744,GSW,201939,Curry,S. Curry,9,21,2,Made,1,41.0,31.0,72,h,Curry 2' Cutting Layup Shot (7 PTS) (Green 3 AST),Made Shot,Cutting Layup Shot,1,151,21800565,899,11.0,def_reb(24),2,1,borderline,distance: at-rim/very close
231,PT08M19.00S,2,1610612744,GSW,201939,Curry,S. Curry,190,180,26,Missed,1,,,0,h,MISS Curry 26' 3PT Jump Shot,Missed Shot,Jump Shot,1,166,21800565,941,14.0,final_ft(24),3,-1,likely_open,subType: open-like
308,PT02M10.00S,2,1610612744,GSW,201939,Curry,S. Curry,-24,20,3,Made,1,65.0,48.0,113,h,Curry 3' Running Finger Roll Layup (10 PTS) (Green 5 AST),Made Shot,Running Finger Roll Layup Shot,1,223,21800565,1310,22.0,def_reb(24),2,1,borderline,distance: at-rim/very close
329,PT00M52.70S,2,1610612744,GSW,201939,Curry,S. Curry,-120,290,31,Made,1,68.0,53.0,121,h,Curry 31' 3PT Jump Shot (13 PTS) (Iguodala 1 AST),Made Shot,Jump Shot,0,238,21800565,1388,7.0,def_foul_14(14),3,-2,likely_open,"subType: open-like, distance: deep above-break 3 (>=27ft)"
352,PT11M14.00S,3,1610612744,GSW,201939,Curry,S. Curry,-2,158,16,Made,1,72.0,53.0,125,h,Curry 16' Jump Shot (15 PTS),Made Shot,Jump Shot,1,254,21800565,1486,8.0,off_reb(14),2,0,likely_open,"subType: open-like, distance: mid-range"
375,PT10M03.00S,3,1610612744,GSW,201939,Curry,S. Curry,-10,10,1,Made,1,75.0,61.0,136,h,Curry 1' Cutting Layup Shot (18 PTS) (Green 6 AST),Made Shot,Cutting Layup Shot,1,270,21800565,1557,15.0,made_fg(24),2,1,borderline,distance: at-rim/very close
384,PT08M49.00S,3,1610612744,GSW,201939,Curry,S. Curry,230,27,0,Made,1,80.0,66.0,146,h,Curry 3PT Pullup Jump Shot (21 PTS) (Bell 1 AST),Made Shot,Pullup Jump shot,1,276,21800565,1631,8.0,off_reb(14),3,4,likely_contested,"subType: contested-like, text: pressure-move, distance: at-rim/very close, coords: corner-3"
388,PT08M10.00S,3,1610612744,GSW,201939,Curry,S. Curry,230,-1,0,Missed,1,,,0,h,MISS Curry 3PT Jump Shot,Missed Shot,Jump Shot,1,278,21800565,1670,6.0,made_fg(24),3,-1,likely_open,"subType: open-like, distance: at-rim/very close, coords: corner-3, corner: catch/spot"
404,PT06M48.00S,3,1610612744,GSW,201939,Curry,S. Curry,-145,147,21,Missed,1,,,0,h,MISS Curry 21' Step Back Jump Shot,Missed Shot,Step Back Jump shot,1,291,21800565,1752,19.0,final_ft(24),2,3,likely_contested,"subType: contested-like, text: pressure-move"
424,PT05M39.00S,3,1610612744,GSW,201939,Curry,S. Curry,-190,204,28,Made,1,85.0,74.0,159,h,Curry 28' 3PT Running Jump Shot (24 PTS) (Iguodala 2 AST),Made Shot,Running Jump Shot,1,306,21800565,1821,21.0,def_reb(24),3,-2,likely_open,"subType: open-like, distance: deep above-break 3 (>=27ft)"
431,PT05M04.00S,3,1610612744,GSW,201939,Curry,S. Curry,-26,17,3,Made,1,87.0,74.0,161,h,Curry 3' Driving Finger Roll Layup (26 PTS),Made Shot,Driving Finger Roll Layup Shot,1,311,21800565,1856,9.0,def_reb(24),2,1,borderline,distance: at-rim/very close
505,PT11M22.00S,4,1610612744,GSW,201939,Curry,S. Curry,-154,213,26,Missed,1,,,0,h,MISS Curry 26' 3PT Jump Shot,Missed Shot,Jump Shot,1,352,21800565,2198,10.0,final_ft(24),3,-1,likely_open,subType: open-like
524,PT09M33.00S,4,1610612744,GSW,201939,Curry,S. Curry,188,194,27,Missed,1,,,0,h,MISS Curry 27' 3PT Jump Shot,Missed Shot,Jump Shot,1,368,21800565,2307,19.0,def_reb(24),3,-2,likely_open,"subType: open-like, distance: deep above-break 3 (>=27ft)"
542,PT08M11.00S,4,1610612744,GSW,201939,Curry,S. Curry,11,58,6,Missed,1,,,0,h,MISS Curry 6' Hook Shot,Missed Shot,Hook Shot,1,382,21800565,2389,11.0,def_reb(24),2,2,likely_contested,subType: contested-like
556,PT07M31.00S,4,1610612744,GSW,201939,Curry,S. Curry,-4,73,7,Made,1,110.0,105.0,215,h,Curry 7' Driving Finger Roll Layup (28 PTS),Made Shot,Driving Finger Roll Layup Shot,1,392,21800565,2429,3.0,final_ft(24),2,1,borderline,clock: late (<=5s)
558,PT06M56.00S,4,1610612744,GSW,201939,Curry,S. Curry,209,171,27,Missed,1,,,0,h,MISS Curry 27' 3PT Jump Shot,Missed Shot,Jump Shot,1,394,21800565,2464,1.0,made_fg(24),3,-1,likely_open,"subType: open-like, distance: deep above-break 3 (>=27ft), clock: late (<=5s)"
638,PT00M53.80S,4,1610612744,GSW,201939,Curry,S. Curry,73,278,29,Missed,1,,,0,h,MISS Curry 29' 3PT Jump Shot,Missed Shot,Jump Shot,1,459,21800565,2827,14.0,final_ft(24),3,-2,likely_open,"subType: open-like, distance: deep above-break 3 (>=27ft)"
645,PT00M00.10S,4,1610612744,GSW,201939,Curry,S. Curry,0,714,71,Missed,1,,,0,h,MISS Curry 71' 3PT Jump Shot,Missed Shot,Jump Shot,1,466,21800565,2880,24.0,def_reb(24),3,-2,likely_open,"subType: open-like, distance: deep above-break 3 (>=27ft)"
656,PT04M11.00S,5,1610612744,GSW,201939,Curry,S. Curry,-6,11,1,Made,1,121.0,121.0,242,h,Curry 1' Driving Layup (30 PTS),Made Shot,Driving Layup Shot,1,474,21800565,2929,14.0,made_fg(24),2,3,likely_contested,"subType: contested-like, distance: at-rim/very close"
675,PT02M22.00S,5,1610612744,GSW,201939,Curry,S. Curry,-230,-7,0,Made,1,128.0,124.0,252,h,Curry 3PT Running Pull-Up Jump Shot (33 PTS) (Durant 2 AST),Made Shot,Running Pull-Up Jump Shot,1,485,21800565,3038,21.0,def_reb(24),3,4,likely_contested,"subType: contested-like, text: pressure-move, distance: at-rim/very close, coords: corner-3"
690,PT01M17.00S,5,1610612744,GSW,201939,Curry,S. Curry,100,73,12,Missed,1,,,0,h,MISS Curry 12' Driving Floating Jump Shot,Missed Shot,Driving Floating Jump Shot,1,495,21800565,3103,14.0,made_fg(24),2,3,likely_contested,"subType: contested-like, distance: mid-range"
705,PT00M23.10S,5,1610612744,GSW,201939,Curry,S. Curry,-165,67,18,Made,1,134.0,132.0,266,h,Curry 18' Jump Shot (35 PTS) (Thompson 4 AST),Made Shot,Jump Shot,1,506,21800565,3157,14.0,final_ft(24),2,-1,likely_open,subType: open-like
25,PT10M03.00S,1,1610612744,GSW,201939,Curry,S. Curry,178,178,25,Missed,1,,,0,v,MISS Curry 25' 3PT Jump Shot,Missed Shot,Jump Shot,1,17,21800583,117,11.0,made_fg(24),3,-1,likely_open,subType: open-like
34,PT09M20.00S,1,1610612744,GSW,201939,Curry,S. Curry,-177,178,25,Made,1,7.0,10.0,17,v,Curry 25' 3PT Pullup Jump Shot (3 PTS),Made Shot,Pullup Jump shot,1,26,21800583,160,22.0,def_reb(24),3,3,likely_contested,"subType: contested-like, text: pressure-move"
87,PT04M33.00S,1,1610612744,GSW,201939,Curry,S. Curry,188,169,25,Made,1,22.0,25.0,47,v,Curry 25' 3PT Jump Shot (6 PTS) (Thompson 1 AST),Made Shot,Jump Shot,1,67,21800583,447,14.0,made_fg(24),3,-1,likely_open,subType: open-like
95,PT03M26.00S,1,1610612744,GSW,201939,Curry,S. Curry,-6,274,27,Made,1,22.0,31.0,53,v,Curry 27' 3PT Jump Shot (9 PTS) (Durant 3 AST),Made Shot,Jump Shot,1,73,21800583,514,18.0,def_reb(24),3,-2,likely_open,"subType: open-like, distance: deep above-break 3 (>=27ft)"
174,PT10M29.00S,2,1610612744,GSW,201939,Curry,S. Curry,-137,138,19,Made,1,34.0,47.0,81,v,Curry 19' Step Back Jump Shot (11 PTS),Made Shot,Step Back Jump shot,1,127,21800583,811,8.0,made_fg(24),2,3,likely_contested,"subType: contested-like, text: pressure-move"
193,PT09M19.00S,2,1610612744,GSW,201939,Curry,S. Curry,-228,89,24,Missed,1,,,0,v,MISS Curry 24' 3PT Jump Shot,Missed Shot,Jump Shot,1,139,21800583,881,7.0,made_fg(24),3,-1,likely_open,subType: open-like
235,PT06M39.00S,2,1610612744,GSW,201939,Curry,S. Curry,-161,202,26,Made,1,49.0,53.0,102,v,Curry 26' 3PT Jump Shot (14 PTS) (McKinnie 1 AST),Made Shot,Jump Shot,1,170,21800583,1041,6.0,def_foul_14(14),3,-1,likely_open,subType: open-like
287,PT02M30.00S,2,1610612744,GSW,201939,Curry,S. Curry,-198,76,21,Made,1,63.0,65.0,128,v,Curry 21' Jump Shot (16 PTS) (Iguodala 3 AST),Made Shot,Jump Shot,1,204,21800583,1290,16.0,def_reb(24),2,-1,likely_open,subType: open-like
291,PT02M00.00S,2,1610612744,GSW,201939,Curry,S. Curry,-20,15,3,Missed,1,,,0,v,MISS Curry 3' Running Layup,Missed Shot,Running Layup Shot,1,207,21800583,1320,18.0,def_reb(24),2,3,likely_contested,"subType: contested-like, distance: at-rim/very close"
333,PT10M56.00S,3,1610612744,GSW,201939,Curry,S. Curry,-116,224,25,Made,1,71.0,73.0,144,v,Curry 25' 3PT Jump Shot (19 PTS) (Looney 2 AST),Made Shot,Jump Shot,1,240,21800583,1504,17.0,def_reb(24),3,-1,likely_open,subType: open-like
353,PT09M33.00S,3,1610612744,GSW,201939,Curry,S. Curry,181,173,25,Made,1,71.0,81.0,152,v,Curry 25' 3PT Jump Shot (22 PTS) (Green 5 AST),Made Shot,Jump Shot,1,257,21800583,1587,15.0,def_reb(24),3,-1,likely_open,subType: open-like
358,PT09M19.00S,3,1610612744,GSW,201939,Curry,S. Curry,61,248,26,Missed,1,,,0,v,MISS Curry 26' 3PT Pullup Jump Shot,Missed Shot,Pullup Jump shot,1,261,21800583,1601,21.0,turnover(24),3,3,likely_contested,"subType: contested-like, text: pressure-move"
389,PT06M16.00S,3,1610612744,GSW,201939,Curry,S. Curry,149,198,25,Missed,1,,,0,v,MISS Curry 25' 3PT Jump Shot,Missed Shot,Jump Shot,1,283,21800583,1784,4.0,made_fg(24),3,0,likely_open,"subType: open-like, clock: late (<=5s)"
411,PT04M48.00S,3,1610612744,GSW,201939,Curry,S. Curry,-97,222,24,Missed,1,,,0,v,MISS Curry 24' 3PT Jump Shot,Missed Shot,Jump Shot,1,301,21800583,1872,9.0,made_fg(24),3,-1,likely_open,subType: open-like
485,PT11M48.00S,4,1610612744,GSW,201939,Curry,S. Curry,30,243,24,Made,1,103.0,99.0,202,v,Curry 24' 3PT Pullup Jump Shot (25 PTS),Made Shot,Pullup Jump shot,1,351,21800583,2172,12.0,period_start(24),3,3,likely_contested,"subType: contested-like, text: pressure-move"
489,PT11M18.00S,4,1610612744,GSW,201939,Curry,S. Curry,87,241,26,Missed,1,,,0,v,MISS Curry 26' 3PT Pullup Jump Shot,Missed Shot,Pullup Jump shot,1,354,21800583,2202,8.0,turnover(24),3,3,likely_contested,"subType: contested-like, text: pressure-move"
510,PT09M50.00S,4,1610612744,GSW,201939,Curry,S. Curry,234,43,24,Missed,1,,,0,v,MISS Curry 24' 3PT Jump Shot,Missed Shot,Jump Shot,1,372,21800583,2290,7.0,made_fg(24),3,-2,likely_open,"subType: open-like, coords: corner-3, corner: catch/spot"
542,PT07M53.00S,4,1610612744,GSW,201939,Curry,S. Curry,-57,264,27,Made,1,105.0,105.0,210,v,Curry 27' 3PT Pullup Jump Shot (28 PTS),Made Shot,Pullup Jump shot,1,397,21800583,2407,18.0,def_reb(24),3,2,likely_contested,"subType: contested-like, text: pressure-move, distance: deep above-break 3 (>=27ft)"
575,PT04M57.00S,4,1610612744,GSW,201939,Curry,S. Curry,84,247,26,Made,1,113.0,114.0,227,v,Curry 26' 3PT Jump Shot (31 PTS) (Durant 8 AST),Made Shot,Jump Shot,1,419,21800583,2583,7.0,made_fg(24),3,-1,likely_open,subType: open-like
579,PT04M28.00S,4,1610612744,GSW,201939,Curry,S. Curry,3,40,4,Made,1,115.0,116.0,231,v,Curry 4' Driving Floating Jump Shot (33 PTS),Made Shot,Driving Floating Jump Shot,1,421,21800583,2612,15.0,made_fg(24),2,3,likely_contested,"subType: contested-like, distance: at-rim/very close"
590,PT03M55.00S,4,1610612744,GSW,201939,Curry,S. Curry,90,204,22,Missed,1,,,0,v,MISS Curry 22' Step Back Jump Shot,Missed Shot,Step Back Jump shot,1,429,21800583,2645,8.0,keep_clock(24),2,3,likely_contested,"subType: contested-like, text: pressure-move"
604,PT03M01.00S,4,1610612744,GSW,201939,Curry,S. Curry,149,231,27,Made,1,119.0,120.0,239,v,Curry 27' 3PT Jump Shot (37 PTS) (Durant 9 AST),Made Shot,Jump Shot,1,439,21800583,2699,7.0,made_fg(24),3,-2,likely_open,"subType: open-like, distance: deep above-break 3 (>=27ft)"
608,PT02M21.00S,4,1610612744,GSW,201939,Curry,S. Curry,-223,114,25,Missed,1,,,0,v,MISS Curry 25' 3PT Jump Shot,Missed Shot,Jump Shot,1,441,21800583,2739,5.0,made_fg(24),3,0,likely_open,"subType: open-like, clock: late (<=5s)"
612,PT02M03.00S,4,1610612744,GSW,201939,Curry,S. Curry,-19,5,2,Made,1,121.0,122.0,243,v,Curry 2' Cutting Layup Shot (39 PTS) (Green 6 AST),Made Shot,Cutting Layup Shot,1,445,21800583,2757,18.0,def_reb(24),2,1,borderline,distance: at-rim/very close
628,PT01M15.00S,4,1610612744,GSW,201939,Curry,S. Curry,103,236,26,Missed,1,,,0,v,MISS Curry 26' 3PT Jump Shot,Missed Shot,Jump Shot,1,454,21800583,2805,2.0,def_reb(24),3,0,likely_open,"subType: open-like, clock: late (<=5s)"
639,PT00M19.80S,4,1610612744,GSW,201939,Curry,S. Curry,-226,-10,0,Missed,1,,,0,v,MISS Curry 3PT Jump Shot,Missed Shot,Jump Shot,1,463,21800583,2861,4.0,def_reb(24),3,0,likely_open,"subType: open-like, distance: at-rim/very close, coords: corner-3, corner: catch/spot, clock: late (<=5s)"
16,PT10M59.00S,1,1610612744,GSW,201939,Curry,S. Curry,-32,84,9,Missed,1,,,0,h,MISS Curry 9' Jump Shot,Missed Shot,Jump Shot,1,11,21800605,61,13.0,def_reb(24),2,0,likely_open,"subType: open-like, distance: mid-range"
45,PT08M03.00S,1,1610612744,GSW,201939,Curry,S. Curry,-232,57,24,Made,1,13.0,9.0,22,h,Curry 24' 3PT Turnaround Fadeaway (3 PTS),Made Shot,Turnaround Fadeaway shot,1,32,21800605,237,9.0,off_reb(14),3,3,likely_contested,"subType: contested-like, text: pressure-move"
68,PT06M32.00S,1,1610612744,GSW,201939,Curry,S. Curry,-230,99,25,Missed,1,,,0,h,MISS Curry 25' 3PT Pullup Jump Shot,Missed Shot,Pullup Jump shot,1,51,21800605,328,11.0,turnover(24),3,3,likely_contested,"subType: contested-like, text: pressure-move"
87,PT04M43.00S,1,1610612744,GSW,201939,Curry,S. Curry,227,99,25,Missed,1,,,0,h,MISS Curry 25' 3PT Jump Shot,Missed Shot,Jump Shot,1,67,21800605,437,5.0,turnover(24),3,0,likely_open,"subType: open-like, clock: late (<=5s)"
172,PT10M26.00S,2,1610612744,GSW,201939,Curry,S. Curry,128,222,26,Missed,1,,,0,h,MISS Curry 26' 3PT Jump Shot,Missed Shot,Jump Shot,1,127,21800605,814,10.0,made_fg(24),3,-1,likely_open,subType: open-like
176,PT10M02.00S,2,1610612744,GSW,201939,Curry,S. Curry,-5,17,2,Missed,1,,,0,h,MISS Curry 2' Layup,Missed Shot,Layup Shot,1,130,21800605,838,5.0,made_fg(24),2,2,likely_contested,"distance: at-rim/very close, clock: late (<=5s)"
190,PT09M10.00S,2,1610612744,GSW,201939,Curry,S. Curry,-9,275,28,Made,1,39.0,37.0,76,h,Curry 28' 3PT Jump Shot (6 PTS) (Jerebko 1 AST),Made Shot,Jump Shot,1,140,21800605,890,12.0,keep_clock(19),3,-2,likely_open,"subType: open-like, distance: deep above-break 3 (>=27ft)"
198,PT08M10.00S,2,1610612744,GSW,201939,Curry,S. Curry,174,191,26,Missed,1,,,0,h,MISS Curry 26' 3PT Jump Shot,Missed Shot,Jump Shot,1,145,21800605,950,11.0,made_fg(24),3,-1,likely_open,subType: open-like
205,PT07M31.00S,2,1610612744,GSW,201939,Curry,S. Curry,86,45,10,Made,1,43.0,39.0,82,h,Curry 10' Driving Finger Roll Layup (8 PTS),Made Shot,Driving Finger Roll Layup Shot,1,151,21800605,989,1.0,def_reb(24),2,2,likely_contested,"distance: mid-range, clock: late (<=5s)"
224,PT06M33.00S,2,1610612744,GSW,201939,Curry,S. Curry,0,26,3,Missed,1,,,0,h,MISS Curry 3' Layup,Missed Shot,Layup Shot,1,166,21800605,1047,18.0,def_reb(24),2,1,borderline,distance: at-rim/very close
301,PT01M52.00S,2,1610612744,GSW,201939,Curry,S. Curry,166,217,27,Made,1,54.0,49.0,103,h,Curry 27' 3PT Turnaround Jump Shot (12 PTS),Made Shot,Turnaround Jump Shot,1,223,21800605,1328,8.0,off_reb(14),3,-1,likely_open,distance: deep above-break 3 (>=27ft)
304,PT01M16.00S,2,1610612744,GSW,201939,Curry,S. Curry,3,22,2,Made,1,56.0,49.0,105,h,Curry 2' Layup (14 PTS),Made Shot,Layup Shot,1,226,21800605,1364,17.0,def_reb(24),2,1,borderline,distance: at-rim/very close
333,PT11M22.00S,3,1610612744,GSW,201939,Curry,S. Curry,193,94,21,Missed,1,,,0,h,MISS Curry 21' Jump Shot,Missed Shot,Jump Shot,1,244,21800605,1478,11.0,off_reb(14),2,-1,likely_open,subType: open-like
344,PT10M15.00S,3,1610612744,GSW,201939,Curry,S. Curry,-192,195,27,Missed,1,,,0,h,MISS Curry 27' 3PT Jump Shot,Missed Shot,Jump Shot,1,253,21800605,1545,20.0,def_reb(24),3,-2,likely_open,"subType: open-like, distance: deep above-break 3 (>=27ft)"
365,PT08M10.00S,3,1610612744,GSW,201939,Curry,S. Curry,-4,73,7,Missed,1,,,0,h,MISS Curry 7' Jump Shot,Missed Shot,Jump Shot,1,266,21800605,1670,6.0,final_ft(24),2,-1,likely_open,subType: open-like
402,PT05M46.00S,3,1610612744,GSW,201939,Curry,S. Curry,171,215,27,Missed,1,,,0,h,MISS Curry 27' 3PT Jump Shot,Missed Shot,Jump Shot,1,294,21800605,1814,18.0,def_reb(24),3,-2,likely_open,"subType: open-like, distance: deep above-break 3 (>=27ft)"
526,PT09M22.00S,4,1610612744,GSW,201939,Curry,S. Curry,103,260,28,Missed,1,,,0,h,MISS Curry 28' 3PT Jump Shot,Missed Shot,Jump Shot,1,389,21800605,2318,19.0,def_reb(24),3,-2,likely_open,"subType: open-like, distance: deep above-break 3 (>=27ft)"
562,PT07M08.00S,4,1610612744,GSW,201939,Curry,S. Curry,89,266,28,Missed,1,,,0,h,MISS Curry 28' 3PT Jump Shot,Missed Shot,Jump Shot,1,412,21800605,2452,15.0,made_fg(24),3,-2,likely_open,"subType: open-like, distance: deep above-break 3 (>=27ft)"
579,PT05M39.00S,4,1610612744,GSW,201939,Curry,S. Curry,-179,193,26,Missed,1,,,0,h,MISS Curry 26' 3PT Jump Shot,Missed Shot,Jump Shot,1,427,21800605,2541,19.0,def_reb(24),3,-1,likely_open,subType: open-like
49,PT08M07.00S,1,1610612744,GSW,201939,Curry,S. Curry,-19,13,2,Made,1,18.0,6.0,24,h,Curry 2' Driving Finger Roll Layup (2 PTS),Made Shot,Driving Finger Roll Layup Shot,1,36,21800629,233,11.0,made_fg(24),2,1,borderline,distance: at-rim/very close
55,PT07M36.00S,1,1610612744,GSW,201939,Curry,S. Curry,176,-2,18,Made,1,20.0,8.0,28,h,Curry 18' Jump Shot (4 PTS) (Green 2 AST),Made Shot,Jump Shot,1,41,21800629,264,9.0,final_ft(24),2,-1,likely_open,subType: open-like
63,PT06M50.00S,1,1610612744,GSW,201939,Curry,S. Curry,-2,278,28,Missed,1,,,0,h,MISS Curry 28' 3PT Jump Shot,Missed Shot,Jump Shot,1,48,21800629,310,20.0,def_reb(24),3,-2,likely_open,"subType: open-like, distance: deep above-break 3 (>=27ft)"
88,PT04M56.00S,1,1610612744,GSW,201939,Curry,S. Curry,-205,150,25,Missed,1,,,0,h,MISS Curry 25' 3PT Jump Shot,Missed Shot,Jump Shot,1,69,21800629,424,16.0,def_reb(24),3,-1,likely_open,subType: open-like
261,PT04M55.00S,2,1610612744,GSW,201939,Curry,S. Curry,-188,198,27,Made,1,66.0,37.0,103,h,Curry 27' 3PT Jump Shot (9 PTS) (Durant 2 AST),Made Shot,Jump Shot,1,182,21800629,1145,11.0,made_fg(24),3,-2,likely_open,"subType: open-like, distance: deep above-break 3 (>=27ft)"
272,PT04M10.00S,2,1610612744,GSW,201939,Curry,S. Curry,-172,190,26,Missed,1,,,0,h,MISS Curry 26' 3PT Pullup Jump Shot,Missed Shot,Pullup Jump shot,1,190,21800629,1190,18.0,def_reb(24),3,3,likely_contested,"subType: contested-like, text: pressure-move"
295,PT02M47.00S,2,1610612744,GSW,201939,Curry,S. Curry,-8,16,2,Made,1,72.0,45.0,117,h,Curry 2' Reverse Layup (11 PTS),Made Shot,Reverse Layup Shot,1,205,21800629,1273,12.0,off_reb(14),2,3,likely_contested,"subType: contested-like, distance: at-rim/very close"
310,PT01M37.00S,2,1610612744,GSW,201939,Curry,S. Curry,23,17,3,Made,1,74.0,49.0,123,h,Curry 3' Reverse Layup (13 PTS) (Durant 3 AST),Made Shot,Reverse Layup Shot,1,216,21800629,1343,11.0,made_fg(24),2,3,likely_contested,"subType: contested-like, distance: at-rim/very close"
313,PT01M13.00S,2,1610612744,GSW,201939,Curry,S. Curry,160,206,26,Missed,1,,,0,h,MISS Curry 26' 3PT Jump Shot,Missed Shot,Jump Shot,1,218,21800629,1367,16.0,made_fg(24),3,-1,likely_open,subType: open-like
351,PT10M27.00S,3,1610612744,GSW,201939,Curry,S. Curry,168,221,28,Made,1,80.0,59.0,139,h,Curry 28' 3PT Step Back Jump Shot (16 PTS) (Green 5 AST),Made Shot,Step Back Jump shot,1,245,21800629,1533,10.0,made_fg(24),3,2,likely_contested,"subType: contested-like, text: pressure-move, distance: deep above-break 3 (>=27ft)"
356,PT10M00.00S,3,1610612744,GSW,201939,Curry,S. Curry,212,153,26,Made,1,83.0,59.0,142,h,Curry 26' 3PT Jump Shot (19 PTS) (Green 6 AST),Made Shot,Jump Shot,1,249,21800629,1560,18.0,def_reb(24),3,-1,likely_open,subType: open-like
370,PT08M37.00S,3,1610612744,GSW,201939,Curry,S. Curry,124,254,28,Made,1,86.0,61.0,147,h,Curry 28' 3PT Jump Shot (22 PTS),Made Shot,Jump Shot,1,262,21800629,1643,20.0,def_reb(24),3,-2,likely_open,"subType: open-like, distance: deep above-break 3 (>=27ft)"
421,PT05M49.00S,3,1610612744,GSW,201939,Curry,S. Curry,165,231,28,Missed,1,,,0,h,MISS Curry 28' 3PT Jump Shot,Missed Shot,Jump Shot,1,298,21800629,1811,17.0,turnover(24),3,-2,likely_open,"subType: open-like, distance: deep above-break 3 (>=27ft)"
438,PT05M18.00S,3,1610612744,GSW,201939,Curry,S. Curry,-52,117,13,Made,1,103.0,68.0,171,h,Curry 13' Driving Floating Jump Shot (25 PTS) (Iguodala 2 AST),Made Shot,Driving Floating Jump Shot,1,310,21800629,1842,17.0,turnover(24),2,3,likely_contested,"subType: contested-like, distance: mid-range"
476,PT02M44.00S,3,1610612744,GSW,201939,Curry,S. Curry,-8,300,30,Missed,1,,,0,h,MISS Curry 30' 3PT Jump Shot,Missed Shot,Jump Shot,1,340,21800629,1996,17.0,def_reb(24),3,-2,likely_open,"subType: open-like, distance: deep above-break 3 (>=27ft)"
478,PT02M38.00S,3,1610612744,GSW,201939,Curry,S. Curry,228,52,0,Made,1,113.0,70.0,183,h,Curry 3PT Pullup Jump Shot (28 PTS) (Bell 1 AST),Made Shot,Pullup Jump shot,1,342,21800629,2002,10.0,off_reb(14),3,4,likely_contested,"subType: contested-like, text: pressure-move, distance: at-rim/very close"
18,PT10M35.00S,1,1610612744,GSW,201939,Curry,S. Curry,-3,4,1,Made,1,0.0,4.0,4,v,Curry 1' Driving Reverse Layup (2 PTS),Made Shot,Driving Reverse Layup Shot,1,13,21800642,85,9.0,def_reb(24),2,3,likely_contested,"subType: contested-like, distance: at-rim/very close"
41,PT07M52.00S,1,1610612744,GSW,201939,Curry,S. Curry,95,239,26,Made,1,7.0,11.0,18,v,Curry 26' 3PT Jump Shot (5 PTS) (Green 2 AST),Made Shot,Jump Shot,1,33,21800642,248,11.0,made_fg(24),3,-1,likely_open,subType: open-like
45,PT07M22.00S,1,1610612744,GSW,201939,Curry,S. Curry,-205,11,21,Missed,1,,,0,v,MISS Curry 21' Fadeaway Jumper,Missed Shot,Fadeaway Jump Shot,1,36,21800642,278,17.0,def_reb(24),2,3,likely_contested,"subType: contested-like, text: pressure-move"
51,PT07M06.00S,1,1610612744,GSW,201939,Curry,S. Curry,0,-6,1,Missed,1,,,0,v,MISS Curry 1' Tip Layup Shot,Missed Shot,Tip Layup Shot,1,42,21800642,294,14.0,off_reb(14),2,3,likely_contested,"subType: contested-like, distance: at-rim/very close"
55,PT06M37.00S,1,1610612744,GSW,201939,Curry,S. Curry,221,30,0,Made,1,10.0,14.0,24,v,Curry 3PT Jump Shot (8 PTS) (Green 3 AST),Made Shot,Jump Shot,1,45,21800642,323,0.0,made_fg(24),3,0,likely_open,"subType: open-like, distance: at-rim/very close, coords: corner-3, corner: catch/spot, clock: late (<=5s)"
69,PT05M50.00S,1,1610612744,GSW,201939,Curry,S. Curry,14,5,1,Made,1,10.0,16.0,26,v,Curry 1' Driving Finger Roll Layup (10 PTS),Made Shot,Driving Finger Roll Layup Shot,1,54,21800642,370,3.0,off_reb(14),2,2,likely_contested,"distance: at-rim/very close, clock: late (<=5s)"
94,PT03M48.00S,1,1610612744,GSW,201939,Curry,S. Curry,-11,252,25,Missed,1,,,0,v,MISS Curry 25' 3PT Jump Shot,Missed Shot,Jump Shot,1,74,21800642,492,15.0,made_fg(24),3,-1,likely_open,subType: open-like
104,PT03M29.00S,1,1610612744,GSW,201939,Curry,S. Curry,-59,246,25,Made,1,22.0,19.0,41,v,Curry 25' 3PT Pullup Jump Shot (13 PTS),Made Shot,Pullup Jump shot,1,81,21800642,511,14.0,made_fg(24),3,3,likely_contested,"subType: contested-like, text: pressure-move"
129,PT02M07.00S,1,1610612744,GSW,201939,Curry,S. Curry,71,243,25,Made,1,25.0,22.0,47,v,Curry 25' 3PT Pullup Jump Shot (16 PTS),Made Shot,Pullup Jump shot,1,98,21800642,593,11.0,made_fg(24),3,3,likely_contested,"subType: contested-like, text: pressure-move"
132,PT01M34.00S,1,1610612744,GSW,201939,Curry,S. Curry,115,229,26,Missed,1,,,0,v,MISS Curry 26' 3PT Pullup Jump Shot,Missed Shot,Pullup Jump shot,1,102,21800642,626,21.0,def_reb(24),3,3,likely_contested,"subType: contested-like, text: pressure-move"
249,PT05M55.00S,2,1610612744,GSW,201939,Curry,S. Curry,76,204,22,Missed,1,,,0,v,MISS Curry 22' Step Back Jump Shot,Missed Shot,Step Back Jump shot,1,187,21800642,1085,7.0,def_foul_14(14),2,3,likely_contested,"subType: contested-like, text: pressure-move"
253,PT05M48.00S,2,1610612744,GSW,201939,Curry,S. Curry,181,173,25,Missed,1,,,0,v,MISS Curry 25' 3PT Jump Shot,Missed Shot,Jump Shot,1,191,21800642,1092,14.0,off_reb(14),3,-1,likely_open,subType: open-like
273,PT04M17.00S,2,1610612744,GSW,201939,Curry,S. Curry,23,19,3,Made,1,46.0,46.0,92,v,Curry 3' Driving Floating Bank Jump Shot (18 PTS) (Iguodala 1 AST),Made Shot,Driving Floating Bank Jump Shot,1,205,21800642,1183,20.0,turnover(24),2,3,likely_contested,"subType: contested-like, distance: at-rim/very close"
301,PT01M40.00S,2,1610612744,GSW,201939,Curry,S. Curry,20,252,25,Made,1,52.0,57.0,109,v,Curry 25' 3PT Jump Shot (21 PTS) (Iguodala 3 AST),Made Shot,Jump Shot,1,225,21800642,1340,7.0,def_foul_14(14),3,-1,likely_open,subType: open-like
319,PT00M43.30S,2,1610612744,GSW,201939,Curry,S. Curry,-102,57,12,Missed,1,,,0,v,MISS Curry 12' Pullup Jump Shot,Missed Shot,Pullup Jump shot,1,239,21800642,1397,15.0,made_fg(24),2,4,likely_contested,"subType: contested-like, text: pressure-move, distance: mid-range"
321,PT00M30.40S,2,1610612744,GSW,201939,Curry,S. Curry,-193,77,21,Made,1,54.0,62.0,116,v,Curry 21' Step Back Jump Shot (24 PTS) (Iguodala 4 AST),Made Shot,Step Back Jump shot,1,241,21800642,1410,3.0,off_reb(14),2,4,likely_contested,"subType: contested-like, text: pressure-move, clock: late (<=5s)"
349,PT10M06.00S,3,1610612744,GSW,201939,Curry,S. Curry,-191,207,28,Made,1,59.0,67.0,126,v,Curry 28' 3PT Step Back Jump Shot (27 PTS) (Green 5 AST),Made Shot,Step Back Jump shot,1,259,21800642,1554,4.0,made_fg(24),3,3,likely_contested,"subType: contested-like, text: pressure-move, distance: deep above-break 3 (>=27ft), clock: late (<=5s)"
362,PT08M29.00S,3,1610612744,GSW,201939,Curry,S. Curry,42,251,25,Missed,1,,,0,v,MISS Curry 25' 3PT Step Back Jump Shot,Missed Shot,Step Back Jump shot,1,267,21800642,1651,16.0,made_fg(24),3,3,likely_contested,"subType: contested-like, text: pressure-move"
378,PT07M29.00S,3,1610612744,GSW,201939,Curry,S. Curry,-188,167,25,Made,1,68.0,78.0,146,v,Curry 25' 3PT Jump Shot (30 PTS) (Durant 2 AST),Made Shot,Jump Shot,1,280,21800642,1711,18.0,turnover(24),3,-1,likely_open,subType: open-like
388,PT06M16.00S,3,1610612744,GSW,201939,Curry,S. Curry,192,168,26,Missed,1,,,0,v,MISS Curry 26' 3PT Step Back Jump Shot,Missed Shot,Step Back Jump shot,1,288,21800642,1784,9.0,final_ft(24),3,3,likely_contested,"subType: contested-like, text: pressure-move"
432,PT03M41.00S,3,1610612744,GSW,201939,Curry,S. Curry,74,17,8,Made,1,77.0,84.0,161,v,Curry 8' Driving Floating Jump Shot (32 PTS),Made Shot,Driving Floating Jump Shot,1,322,21800642,1939,2.0,keep_clock(24),2,4,likely_contested,"subType: contested-like, distance: mid-range, clock: late (<=5s)"
439,PT03M15.00S,3,1610612744,GSW,201939,Curry,S. Curry,-14,12,2,Missed,1,,,0,v,MISS Curry 2' Driving Finger Roll Layup,Missed Shot,Driving Finger Roll Layup Shot,1,327,21800642,1965,6.0,final_ft(24),2,1,borderline,distance: at-rim/very close
446,PT02M47.00S,3,1610612744,GSW,201939,Curry,S. Curry,184,167,25,Made,1,81.0,89.0,170,v,Curry 25' 3PT Step Back Jump Shot (35 PTS),Made Shot,Step Back Jump shot,1,333,21800642,1993,7.0,final_ft(24),3,3,likely_contested,"subType: contested-like, text: pressure-move"
451,PT02M02.00S,3,1610612744,GSW,201939,Curry,S. Curry,-152,205,26,Missed,1,,,0,v,MISS Curry 26' 3PT Step Back Jump Shot,Missed Shot,Step Back Jump shot,1,337,21800642,2038,4.0,off_reb(14),3,4,likely_contested,"subType: contested-like, text: pressure-move, clock: late (<=5s)"
568,PT07M09.00S,4,1610612744,GSW,201939,Curry,S. Curry,216,126,25,Made,1,97.0,103.0,200,v,Curry 25' 3PT Jump Shot (38 PTS) (Durant 4 AST),Made Shot,Jump Shot,1,424,21800642,2451,16.0,def_reb(24),3,-1,likely_open,subType: open-like
572,PT06M38.00S,4,1610612744,GSW,201939,Curry,S. Curry,-8,257,26,Missed,1,,,0,v,MISS Curry 26' 3PT Jump Shot,Missed Shot,Jump Shot,1,426,21800642,2482,12.0,made_fg(24),3,-1,likely_open,subType: open-like
586,PT05M37.00S,4,1610612744,GSW,201939,Curry,S. Curry,91,143,17,Missed,1,,,0,v,MISS Curry 17' Pullup Jump Shot,Missed Shot,Pullup Jump shot,1,437,21800642,2543,10.0,final_ft(24),2,3,likely_contested,"subType: contested-like, text: pressure-move"
609,PT04M14.00S,4,1610612744,GSW,201939,Curry,S. Curry,-223,123,25,Made,1,110.0,108.0,218,v,Curry 25' 3PT Pullup Jump Shot (41 PTS) (Iguodala 6 AST),Made Shot,Pullup Jump shot,1,453,21800642,2626,8.0,final_ft(24),3,3,likely_contested,"subType: contested-like, text: pressure-move"
620,PT03M21.00S,4,1610612744,GSW,201939,Curry,S. Curry,101,238,26,Missed,1,,,0,v,MISS Curry 26' 3PT Fadeaway Jumper,Missed Shot,Fadeaway Jump Shot,1,462,21800642,2679,5.0,turnover(24),3,4,likely_contested,"subType: contested-like, text: pressure-move, clock: late (<=5s)"
645,PT01M39.00S,4,1610612744,GSW,201939,Curry,S. Curry,40,122,13,Made,1,114.0,114.0,228,v,Curry 13' Driving Floating Jump Shot (43 PTS) (Durant 5 AST),Made Shot,Driving Floating Jump Shot,1,485,21800642,2781,12.0,def_reb(24),2,3,likely_contested,"subType: contested-like, distance: mid-range"
654,PT00M42.70S,4,1610612744,GSW,201939,Curry,S. Curry,38,272,27,Made,1,114.0,117.0,231,v,Curry 27' 3PT Pullup Jump Shot (46 PTS),Made Shot,Pullup Jump shot,1,490,21800642,2838,9.0,def_reb(24),3,2,likely_contested,"subType: contested-like, text: pressure-move, distance: deep above-break 3 (>=27ft)"
667,PT00M14.90S,4,1610612744,GSW,201939,Curry,S. Curry,-43,23,5,Missed,1,,,0,v,MISS Curry 5' Driving Floating Bank Jump Shot,Missed Shot,Driving Floating Bank Jump Shot,1,500,21800642,2866,8.0,def_reb(24),2,3,likely_contested,"subType: contested-like, distance: at-rim/very close"
25,PT10M00.00S,1,1610612744,GSW,201939,Curry,S. Curry,-215,114,24,Made,1,2.0,8.0,10,v,Curry 24' 3PT Step Back Jump Shot (3 PTS) (Durant 2 AST),Made Shot,Step Back Jump shot,1,18,21800655,120,14.0,def_reb(24),3,3,likely_contested,"subType: contested-like, text: pressure-move"
29,PT09M32.00S,1,1610612744,GSW,201939,Curry,S. Curry,133,227,26,Missed,1,,,0,v,MISS Curry 26' 3PT Jump Shot,Missed Shot,Jump Shot,1,21,21800655,148,13.0,def_reb(24),3,-1,likely_open,subType: open-like
59,PT06M46.00S,1,1610612744,GSW,201939,Curry,S. Curry,228,-11,0,Made,1,13.0,25.0,38,v,Curry 3PT Jump Shot (6 PTS) (Looney 1 AST),Made Shot,Jump Shot,1,39,21800655,314,6.0,made_fg(24),3,-1,likely_open,"subType: open-like, distance: at-rim/very close, coords: corner-3, corner: catch/spot"
95,PT04M12.00S,1,1610612744,GSW,201939,Curry,S. Curry,-78,261,27,Made,1,24.0,34.0,58,v,Curry 27' 3PT Pullup Jump Shot (9 PTS),Made Shot,Pullup Jump shot,1,64,21800655,468,17.0,made_fg(24),3,2,likely_contested,"subType: contested-like, text: pressure-move, distance: deep above-break 3 (>=27ft)"
104,PT03M35.00S,1,1610612744,GSW,201939,Curry,S. Curry,221,11,0,Missed,1,,,0,v,MISS Curry 3PT Turnaround Fadeaway Shot,Missed Shot,Turnaround Fadeaway shot,1,70,21800655,505,6.0,final_ft(24),3,4,likely_contested,"subType: contested-like, text: pressure-move, distance: at-rim/very close, coords: corner-3"
131,PT01M00.00S,1,1610612744,GSW,201939,Curry,S. Curry,-199,135,24,Made,1,30.0,46.0,76,v,Curry 24' 3PT Pullup Jump Shot (12 PTS) (Green 4 AST),Made Shot,Pullup Jump shot,1,92,21800655,660,14.0,def_reb(24),3,3,likely_contested,"subType: contested-like, text: pressure-move"
243,PT05M27.00S,2,1610612744,GSW,201939,Curry,S. Curry,-220,-13,0,Missed,1,,,0,v,MISS Curry 3PT Step Back Jump Shot,Missed Shot,Step Back Jump shot,1,164,21800655,1113,9.0,final_ft(24),3,4,likely_contested,"subType: contested-like, text: pressure-move, distance: at-rim/very close, coords: corner-3"
265,PT03M49.00S,2,1610612744,GSW,201939,Curry,S. Curry,3,20,2,Missed,1,,,0,v,MISS Curry 2' Driving Layup,Missed Shot,Driving Layup Shot,1,179,21800655,1211,11.0,keep_clock(24),2,3,likely_contested,"subType: contested-like, distance: at-rim/very close"
273,PT03M37.00S,2,1610612744,GSW,201939,Curry,S. Curry,-190,158,25,Missed,1,,,0,v,MISS Curry 25' 3PT Jump Shot,Missed Shot,Jump Shot,1,185,21800655,1223,14.0,turnover(24),3,-1,likely_open,subType: open-like
332,PT11M13.00S,3,1610612744,GSW,201939,Curry,S. Curry,-14,25,3,Missed,1,,,0,v,MISS Curry 3' Layup,Missed Shot,Layup Shot,1,226,21800655,1487,12.0,def_reb(24),2,1,borderline,distance: at-rim/very close
334,PT11M09.00S,3,1610612744,GSW,201939,Curry,S. Curry,-204,13,20,Made,1,60.0,84.0,144,v,Curry 20' Driving Layup (16 PTS) (Looney 4 AST),Made Shot,Driving Layup Shot,1,228,21800655,1491,13.0,off_reb(14),2,2,likely_contested,subType: contested-like
349,PT10M03.00S,3,1610612744,GSW,201939,Curry,S. Curry,-170,191,26,Missed,1,,,0,v,MISS Curry 26' 3PT Jump Shot,Missed Shot,Jump Shot,1,242,21800655,1557,18.0,made_fg(24),3,-1,likely_open,subType: open-like
360,PT08M51.00S,3,1610612744,GSW,201939,Curry,S. Curry,227,32,0,Made,1,66.0,87.0,153,v,Curry 3PT Jump Shot (19 PTS) (Green 8 AST),Made Shot,Jump Shot,1,250,21800655,1629,,stale_reset(24),3,-1,likely_open,"subType: open-like, distance: at-rim/very close, coords: corner-3, corner: catch/spot"
424,PT05M11.00S,3,1610612744,GSW,201939,Curry,S. Curry,51,76,9,Missed,1,,,0,v,MISS Curry 9' Driving Floating Jump Shot,Missed Shot,Driving Floating Jump Shot,1,278,21800655,1849,16.0,turnover(24),2,3,likely_contested,"subType: contested-like, distance: mid-range"
438,PT03M22.00S,3,1610612744,GSW,201939,Curry,S. Curry,199,139,24,Made,1,78.0,101.0,179,v,Curry 24' 3PT Jump Shot (23 PTS) (Green 10 AST),Made Shot,Jump Shot,1,300,21800655,1958,15.0,def_reb(24),3,-1,likely_open,subType: open-like
446,PT03M00.00S,3,1610612744,GSW,201939,Curry,S. Curry,117,147,19,Made,1,78.0,103.0,181,v,Curry 19' Step Back Jump Shot (25 PTS),Made Shot,Step Back Jump shot,1,305,21800655,1980,16.0,def_reb(24),2,3,likely_contested,"subType: contested-like, text: pressure-move"
449,PT02M27.00S,3,1610612744,GSW,201939,Curry,S. Curry,-172,254,31,Made,1,78.0,106.0,184,v,Curry 31' 3PT Jump Shot (28 PTS) (Green 11 AST),Made Shot,Jump Shot,1,308,21800655,2013,15.0,def_reb(24),3,-2,likely_open,"subType: open-like, distance: deep above-break 3 (>=27ft)"
458,PT01M17.00S,3,1610612744,GSW,201939,Curry,S. Curry,112,275,30,Made,1,81.0,112.0,193,v,Curry 30' 3PT Jump Shot (31 PTS),Made Shot,Jump Shot,1,315,21800655,2083,4.0,off_reb(14),3,-1,likely_open,"subType: open-like, distance: deep above-break 3 (>=27ft), clock: late (<=5s)"
34,PT09M56.00S,1,1610612744,GSW,201939,Curry,S. Curry,-127,269,30,Missed,1,,,0,h,MISS Curry 30' 3PT Jump Shot,Missed Shot,Jump Shot,1,22,21800663,124,18.0,turnover(24),3,-2,likely_open,"subType: open-like, distance: deep above-break 3 (>=27ft)"
67,PT08M01.00S,1,1610612744,GSW,201939,Curry,S. Curry,74,272,28,Made,1,13.0,11.0,24,h,Curry 28' 3PT Step Back Jump Shot (5 PTS) (Green 4 AST),Made Shot,Step Back Jump shot,1,47,21800663,239,14.0,def_reb(24),3,2,likely_contested,"subType: contested-like, text: pressure-move, distance: deep above-break 3 (>=27ft)"
197,PT11M49.00S,2,1610612744,GSW,201939,Curry,S. Curry,26,293,29,Missed,1,,,0,h,MISS Curry 29' 3PT Jump Shot,Missed Shot,Jump Shot,1,138,21800663,731,13.0,period_start(24),3,-2,likely_open,"subType: open-like, distance: deep above-break 3 (>=27ft)"
211,PT10M50.00S,2,1610612744,GSW,201939,Curry,S. Curry,-213,175,28,Missed,1,,,0,h,MISS Curry 28' 3PT Jump Shot,Missed Shot,Jump Shot,1,148,21800663,790,5.0,made_fg(24),3,-1,likely_open,"subType: open-like, distance: deep above-break 3 (>=27ft), clock: late (<=5s)"
230,PT09M28.00S,2,1610612744,GSW,201939,Curry,S. Curry,-96,172,20,Missed,1,,,0,h,MISS Curry 20' Jump Shot,Missed Shot,Jump Shot,1,165,21800663,872,14.0,def_reb(24),2,-1,likely_open,subType: open-like
258,PT07M38.00S,2,1610612744,GSW,201939,Curry,S. Curry,147,253,29,Made,1,45.0,54.0,99,h,Curry 29' 3PT Running Pull-Up Jump Shot (8 PTS),Made Shot,Running Pull-Up Jump Shot,1,185,21800663,982,17.0,turnover(24),3,2,likely_contested,"subType: contested-like, text: pressure-move, distance: deep above-break 3 (>=27ft)"
323,PT03M48.00S,2,1610612744,GSW,201939,Curry,S. Curry,-36,268,27,Missed,1,,,0,h,MISS Curry 27' 3PT Jump Shot,Missed Shot,Jump Shot,1,234,21800663,1212,15.0,def_reb(24),3,-2,likely_open,"subType: open-like, distance: deep above-break 3 (>=27ft)"
400,PT10M27.00S,3,1610612744,GSW,201939,Curry,S. Curry,190,199,28,Missed,1,,,0,h,MISS Curry 28' 3PT Jump Shot,Missed Shot,Jump Shot,1,290,21800663,1533,6.0,made_fg(24),3,-2,likely_open,"subType: open-like, distance: deep above-break 3 (>=27ft)"
431,PT08M33.00S,3,1610612744,GSW,201939,Curry,S. Curry,100,245,26,Made,1,75.0,84.0,159,h,Curry 26' 3PT Jump Shot (15 PTS) (Green 9 AST),Made Shot,Jump Shot,1,313,21800663,1647,8.0,made_fg(24),3,-1,likely_open,subType: open-like
455,PT06M14.00S,3,1610612744,GSW,201939,Curry,S. Curry,-27,95,10,Missed,1,,,0,h,MISS Curry 10' Floating Jump Shot,Missed Shot,Floating Jump shot,1,329,21800663,1786,10.0,final_ft(24),2,3,likely_contested,"subType: contested-like, distance: mid-range"
478,PT05M02.00S,3,1610612744,GSW,201939,Curry,S. Curry,-13,16,2,Made,1,82.0,96.0,178,h,Curry 2' Layup (17 PTS),Made Shot,Layup Shot,1,346,21800663,1858,20.0,def_reb(24),2,1,borderline,distance: at-rim/very close
491,PT04M05.00S,3,1610612744,GSW,201939,Curry,S. Curry,-150,209,26,Made,1,85.0,98.0,183,h,Curry 26' 3PT Jump Shot (20 PTS) (Iguodala 2 AST),Made Shot,Jump Shot,1,355,21800663,1915,10.0,keep_clock(17),3,-1,likely_open,subType: open-like
506,PT03M05.00S,3,1610612744,GSW,201939,Curry,S. Curry,106,226,25,Made,1,91.0,101.0,192,h,Curry 25' 3PT Pullup Jump Shot (23 PTS) (Durant 2 AST),Made Shot,Pullup Jump shot,1,364,21800663,1975,5.0,keep_clock(15),3,4,likely_contested,"subType: contested-like, text: pressure-move, clock: late (<=5s)"
510,PT02M37.00S,3,1610612744,GSW,201939,Curry,S. Curry,-150,211,26,Made,1,94.0,104.0,198,h,Curry 26' 3PT Running Pull-Up Jump Shot (26 PTS) (Green 11 AST),Made Shot,Running Pull-Up Jump Shot,1,366,21800663,2003,13.0,made_fg(24),3,3,likely_contested,"subType: contested-like, text: pressure-move"
522,PT01M48.00S,3,1610612744,GSW,201939,Curry,S. Curry,110,253,28,Made,1,99.0,104.0,203,h,Curry 28' 3PT Jump Shot (29 PTS),Made Shot,Jump Shot,1,376,21800663,2052,3.0,off_reb(14),3,-1,likely_open,"subType: open-like, distance: deep above-break 3 (>=27ft), clock: late (<=5s)"
524,PT01M24.00S,3,1610612744,GSW,201939,Curry,S. Curry,17,277,28,Made,1,102.0,104.0,206,h,Curry 28' 3PT Pullup Jump Shot (32 PTS),Made Shot,Pullup Jump shot,1,378,21800663,2076,16.0,turnover(24),3,2,likely_contested,"subType: contested-like, text: pressure-move, distance: deep above-break 3 (>=27ft)"
536,PT00M33.40S,3,1610612744,GSW,201939,Curry,S. Curry,67,303,31,Made,1,107.0,109.0,216,h,Curry 31' 3PT Pullup Jump Shot (35 PTS),Made Shot,Pullup Jump shot,1,386,21800663,2127,17.0,final_ft(24),3,2,likely_contested,"subType: contested-like, text: pressure-move, distance: deep above-break 3 (>=27ft)"
660,PT05M58.00S,4,1610612744,GSW,201939,Curry,S. Curry,107,246,27,Missed,1,,,0,h,MISS Curry 27' 3PT Jump Shot,Missed Shot,Jump Shot,1,473,21800663,2522,10.0,turnover(24),3,-2,likely_open,"subType: open-like, distance: deep above-break 3 (>=27ft)"
675,PT04M59.00S,4,1610612744,GSW,201939,Curry,S. Curry,-163,216,27,Missed,1,,,0,h,MISS Curry 27' 3PT Jump Shot,Missed Shot,Jump Shot,1,483,21800663,2581,15.0,final_ft(24),3,-2,likely_open,"subType: open-like, distance: deep above-break 3 (>=27ft)"
702,PT02M28.00S,4,1610612744,GSW,201939,Curry,S. Curry,-20,25,3,Missed,1,,,0,h,MISS Curry 3' Driving Layup,Missed Shot,Driving Layup Shot,1,507,21800663,2732,,stale_reset(14),2,3,likely_contested,"subType: contested-like, distance: at-rim/very close"
715,PT01M51.00S,4,1610612744,GSW,201939,Curry,S. Curry,84,40,9,Made,1,136.0,128.0,264,h,Curry 9' Driving Finger Roll Layup (37 PTS),Made Shot,Driving Finger Roll Layup Shot,1,515,21800663,2769,5.0,final_ft(24),2,2,likely_contested,"distance: mid-range, clock: late (<=5s)"
727,PT01M02.00S,4,1610612744,GSW,201939,Curry,S. Curry,217,203,30,Missed,1,,,0,h,MISS Curry 30' 3PT Step Back Jump Shot,Missed Shot,Step Back Jump shot,1,522,21800663,2818,13.0,def_reb(24),3,2,likely_contested,"subType: contested-like, text: pressure-move, distance: deep above-break 3 (>=27ft)"
38,PT09M09.00S,1,1610612744,GSW,201939,Curry,S. Curry,149,197,25,Missed,1,,,0,v,MISS Curry 25' 3PT Jump Shot,Missed Shot,Jump Shot,1,29,21800676,171,16.0,turnover(24),3,-1,likely_open,subType: open-like
48,PT08M36.00S,1,1610612744,GSW,201939,Curry,S. Curry,-128,216,25,Made,1,6.0,7.0,13,v,Curry 25' 3PT Jump Shot (3 PTS) (Durant 2 AST),Made Shot,Jump Shot,1,36,21800676,204,4.0,final_ft(24),3,0,likely_open,"subType: open-like, clock: late (<=5s)"
82,PT06M30.00S,1,1610612744,GSW,201939,Curry,S. Curry,14,11,2,Made,1,11.0,11.0,22,v,Curry 2' Running Layup (5 PTS),Made Shot,Running Layup Shot,1,60,21800676,330,16.0,def_reb(24),2,3,likely_contested,"subType: contested-like, distance: at-rim/very close"
85,PT05M58.00S,1,1610612744,GSW,201939,Curry,S. Curry,-235,22,24,Made,1,11.0,14.0,25,v,Curry 24' 3PT Jump Shot (8 PTS) (Green 2 AST),Made Shot,Jump Shot,1,63,21800676,362,12.0,turnover(24),3,-2,likely_open,"subType: open-like, coords: corner-3, corner: catch/spot"
122,PT03M04.00S,1,1610612744,GSW,201939,Curry,S. Curry,-150,211,26,Missed,1,,,0,v,MISS Curry 26' 3PT Pullup Jump Shot,Missed Shot,Pullup Jump shot,1,87,21800676,536,13.0,made_fg(24),3,3,likely_contested,"subType: contested-like, text: pressure-move"
254,PT07M09.00S,2,1610612744,GSW,201939,Curry,S. Curry,228,-9,0,Missed,1,,,0,v,MISS Curry 3PT Jump Shot,Missed Shot,Jump Shot,1,182,21800676,1011,10.0,def_reb(24),3,-1,likely_open,"subType: open-like, distance: at-rim/very close, coords: corner-3, corner: catch/spot"
262,PT06M26.00S,2,1610612744,GSW,201939,Curry,S. Curry,226,7,0,Missed,1,,,0,v,MISS Curry 3PT Jump Shot,Missed Shot,Jump Shot,1,187,21800676,1054,6.0,made_fg(24),3,-1,likely_open,"subType: open-like, distance: at-rim/very close, coords: corner-3, corner: catch/spot"
310,PT02M36.00S,2,1610612744,GSW,201939,Curry,S. Curry,-202,221,30,Made,1,44.0,48.0,92,v,Curry 30' 3PT Step Back Jump Shot (13 PTS),Made Shot,Step Back Jump shot,1,222,21800676,1284,10.0,made_fg(24),3,2,likely_contested,"subType: contested-like, text: pressure-move, distance: deep above-break 3 (>=27ft)"
373,PT11M22.00S,3,1610612744,GSW,201939,Curry,S. Curry,20,11,2,Made,1,51.0,54.0,105,v,Curry 2' Cutting Layup Shot (16 PTS) (Cousins 1 AST),Made Shot,Cutting Layup Shot,1,268,21800676,1478,21.0,def_reb(24),2,1,borderline,distance: at-rim/very close
378,PT10M47.00S,3,1610612744,GSW,201939,Curry,S. Curry,232,83,25,Missed,1,,,0,v,MISS Curry 25' 3PT Jump Shot,Missed Shot,Jump Shot,1,272,21800676,1513,5.0,def_violation_14(14),3,0,likely_open,"subType: open-like, clock: late (<=5s)"
416,PT08M20.00S,3,1610612744,GSW,201939,Curry,S. Curry,-119,13,12,Missed,1,,,0,v,MISS Curry 12' Turnaround Fadeaway Shot,Missed Shot,Turnaround Fadeaway shot,1,304,21800676,1660,5.0,def_foul_14(14),2,5,likely_contested,"subType: contested-like, text: pressure-move, distance: mid-range, clock: late (<=5s)"
424,PT07M38.00S,3,1610612744,GSW,201939,Curry,S. Curry,20,15,3,Made,1,53.0,66.0,119,v,Curry 3' Running Finger Roll Layup (18 PTS) (Thompson 2 AST),Made Shot,Running Finger Roll Layup Shot,1,311,21800676,1702,20.0,turnover(24),2,1,borderline,distance: at-rim/very close
452,PT06M18.00S,3,1610612744,GSW,201939,Curry,S. Curry,-116,17,12,Made,1,58.0,71.0,129,v,Curry 12' Jump Shot (20 PTS) (Green 6 AST),Made Shot,Jump Shot,1,328,21800676,1782,13.0,made_fg(24),2,0,likely_open,"subType: open-like, distance: mid-range"
469,PT04M51.00S,3,1610612744,GSW,201939,Curry,S. Curry,-172,190,26,Missed,1,,,0,v,MISS Curry 26' 3PT Jump Shot,Missed Shot,Jump Shot,1,341,21800676,1869,10.0,def_reb(24),3,-1,likely_open,subType: open-like
493,PT03M22.00S,3,1610612744,GSW,201939,Curry,S. Curry,-20,14,2,Made,1,65.0,75.0,140,v,Curry 2' Driving Layup (22 PTS),Made Shot,Driving Layup Shot,1,359,21800676,1958,14.0,final_ft(24),2,3,likely_contested,"subType: contested-like, distance: at-rim/very close"
495,PT02M53.00S,3,1610612744,GSW,201939,Curry,S. Curry,36,303,31,Missed,1,,,0,v,MISS Curry 31' 3PT Jump Shot,Missed Shot,Jump Shot,1,361,21800676,1987,10.0,made_fg(24),3,-2,likely_open,"subType: open-like, distance: deep above-break 3 (>=27ft)"
510,PT01M55.00S,3,1610612744,GSW,201939,Curry,S. Curry,-6,13,1,Made,1,69.0,79.0,148,v,Curry 1' Running Finger Roll Layup (26 PTS) (Iguodala 3 AST),Made Shot,Running Finger Roll Layup Shot,1,373,21800676,2045,23.0,def_reb(24),2,1,borderline,distance: at-rim/very close
514,PT01M36.00S,3,1610612744,GSW,201939,Curry,S. Curry,-52,189,20,Made,1,69.0,81.0,150,v,Curry 20' Running Pull-Up Jump Shot (28 PTS),Made Shot,Running Pull-Up Jump Shot,1,376,21800676,2064,18.0,turnover(24),2,3,likely_contested,"subType: contested-like, text: pressure-move"
627,PT06M55.00S,4,1610612744,GSW,201939,Curry,S. Curry,-111,260,28,Missed,1,,,0,v,MISS Curry 28' 3PT Jump Shot,Missed Shot,Jump Shot,1,450,21800676,2465,15.0,def_reb(24),3,-2,likely_open,"subType: open-like, distance: deep above-break 3 (>=27ft)"
38,PT09M21.00S,1,1610612744,GSW,201939,Curry,S. Curry,-174,214,28,Missed,1,,,0,v,MISS Curry 28' 3PT Jump Shot,Missed Shot,Jump Shot,1,29,21800701,159,17.0,turnover(24),3,-2,likely_open,"subType: open-like, distance: deep above-break 3 (>=27ft)"
111,PT03M24.00S,1,1610612744,GSW,201939,Curry,S. Curry,-163,239,29,Made,1,18.0,21.0,39,v,Curry 29' 3PT Pullup Jump Shot (3 PTS) (Durant 2 AST),Made Shot,Pullup Jump shot,1,85,21800701,516,9.0,made_fg(24),3,2,likely_contested,"subType: contested-like, text: pressure-move, distance: deep above-break 3 (>=27ft)"
130,PT02M20.00S,1,1610612744,GSW,201939,Curry,S. Curry,120,228,26,Missed,1,,,0,v,MISS Curry 26' 3PT Jump Shot,Missed Shot,Jump Shot,1,97,21800701,580,9.0,made_fg(24),3,-1,likely_open,subType: open-like
164,PT00M06.60S,1,1610612744,GSW,201939,Curry,S. Curry,233,75,24,Missed,1,,,0,v,MISS Curry 24' 3PT Jump Shot,Missed Shot,Jump Shot,1,125,21800701,714,8.0,made_fg(24),3,-1,likely_open,subType: open-like
287,PT03M59.00S,2,1610612744,GSW,201939,Curry,S. Curry,14,12,2,Made,1,45.0,57.0,102,v,Curry 2' Driving Layup (7 PTS),Made Shot,Driving Layup Shot,1,199,21800701,1201,15.0,final_ft(24),2,3,likely_contested,"subType: contested-like, distance: at-rim/very close"
294,PT03M23.00S,2,1610612744,GSW,201939,Curry,S. Curry,163,196,25,Missed,1,,,0,v,MISS Curry 25' 3PT Jump Shot,Missed Shot,Jump Shot,1,204,21800701,1237,9.0,made_fg(24),3,-1,likely_open,subType: open-like
327,PT00M54.80S,2,1610612744,GSW,201939,Curry,S. Curry,241,0,24,Missed,1,,,0,v,MISS Curry 24' 3PT Jump Shot,Missed Shot,Jump Shot,1,229,21800701,1386,14.0,def_reb(24),3,-2,likely_open,"subType: open-like, coords: corner-3, corner: catch/spot"
338,PT00M00.30S,2,1610612744,GSW,201939,Curry,S. Curry,40,385,39,Missed,1,,,0,v,MISS Curry 39' 3PT Pullup Jump Shot,Missed Shot,Pullup Jump shot,1,238,21800701,1440,21.0,def_reb(24),3,2,likely_contested,"subType: contested-like, text: pressure-move, distance: deep above-break 3 (>=27ft)"
426,PT06M06.00S,3,1610612744,GSW,201939,Curry,S. Curry,-232,0,0,Made,1,63.0,92.0,155,v,Curry 3PT Jump Shot (11 PTS) (Thompson 2 AST),Made Shot,Jump Shot,1,301,21800701,1794,10.0,turnover(24),3,-1,likely_open,"subType: open-like, distance: at-rim/very close, coords: corner-3, corner: catch/spot"
486,PT02M09.00S,3,1610612744,GSW,201939,Curry,S. Curry,-221,-5,0,Missed,1,,,0,v,MISS Curry 3PT Jump Shot,Missed Shot,Jump Shot,1,345,21800701,2031,16.0,turnover(24),3,-1,likely_open,"subType: open-like, distance: at-rim/very close, coords: corner-3, corner: catch/spot"
503,PT00M53.10S,3,1610612744,GSW,201939,Curry,S. Curry,-158,192,25,Missed,1,,,0,v,MISS Curry 25' 3PT Jump Shot,Missed Shot,Jump Shot,1,359,21800701,2107,12.0,off_reb(14),3,-1,likely_open,subType: open-like
507,PT00M27.70S,3,1610612744,GSW,201939,Curry,S. Curry,-118,146,19,Missed,1,,,0,v,MISS Curry 19' Step Back Jump Shot,Missed Shot,Step Back Jump shot,1,362,21800701,2133,1.0,def_foul_14(14),2,4,likely_contested,"subType: contested-like, text: pressure-move, clock: late (<=5s)"
18,PT10M45.00S,1,1610612744,GSW,201939,Curry,S. Curry,-141,232,27,Missed,1,,,0,v,MISS Curry 27' 3PT Jump Shot,Missed Shot,Jump Shot,1,10,21800716,75,8.0,made_fg(24),3,-2,likely_open,"subType: open-like, distance: deep above-break 3 (>=27ft)"
33,PT09M16.00S,1,1610612744,GSW,201939,Curry,S. Curry,52,30,6,Made,1,6.0,10.0,16,v,Curry 6' Driving Layup (2 PTS),Made Shot,Driving Layup Shot,1,23,21800716,164,20.0,def_reb(24),2,2,likely_contested,subType: contested-like
93,PT04M24.00S,1,1610612744,GSW,201939,Curry,S. Curry,35,61,7,Missed,1,,,0,v,MISS Curry 7' Driving Layup,Missed Shot,Driving Layup Shot,1,66,21800716,456,18.0,def_reb(24),2,2,likely_contested,subType: contested-like
123,PT02M37.00S,1,1610612744,GSW,201939,Curry,S. Curry,-81,56,10,Made,1,24.0,27.0,51,v,Curry 10' Driving Floating Bank Jump Shot (4 PTS),Made Shot,Driving Floating Bank Jump Shot,1,91,21800716,563,13.0,final_ft(24),2,3,likely_contested,"subType: contested-like, distance: mid-range"
136,PT02M02.00S,1,1610612744,GSW,201939,Curry,S. Curry,172,315,36,Missed,1,,,0,v,MISS Curry 36' 3PT Pullup Jump Shot,Missed Shot,Pullup Jump shot,1,101,21800716,598,8.0,off_reb(14),3,2,likely_contested,"subType: contested-like, text: pressure-move, distance: deep above-break 3 (>=27ft)"
142,PT01M22.00S,1,1610612744,GSW,201939,Curry,S. Curry,-35,19,4,Made,1,26.0,33.0,59,v,Curry 4' Driving Layup (7 PTS),Made Shot,Driving Layup Shot,1,105,21800716,638,11.0,made_fg(24),2,3,likely_contested,"subType: contested-like, distance: at-rim/very close"
267,PT05M29.00S,2,1610612744,GSW,201939,Curry,S. Curry,152,111,19,Made,1,41.0,52.0,93,v,Curry 19' Pullup Jump Shot (11 PTS),Made Shot,Pullup Jump shot,1,184,21800716,1111,15.0,def_reb(24),2,3,likely_contested,"subType: contested-like, text: pressure-move"
298,PT03M33.00S,2,1610612744,GSW,201939,Curry,S. Curry,-167,210,27,Made,1,50.0,61.0,111,v,Curry 27' 3PT Jump Shot (17 PTS) (Iguodala 3 AST),Made Shot,Jump Shot,1,207,21800716,1227,13.0,off_reb(14),3,-2,likely_open,"subType: open-like, distance: deep above-break 3 (>=27ft)"
302,PT02M54.00S,2,1610612744,GSW,201939,Curry,S. Curry,-24,21,3,Made,1,52.0,63.0,115,v,Curry 3' Driving Reverse Layup (19 PTS),Made Shot,Driving Reverse Layup Shot,1,209,21800716,1266,5.0,made_fg(24),2,4,likely_contested,"subType: contested-like, distance: at-rim/very close, clock: late (<=5s)"
322,PT01M13.00S,2,1610612744,GSW,201939,Curry,S. Curry,1,14,1,Made,1,59.0,65.0,124,v,Curry 1' Driving Finger Roll Layup (21 PTS),Made Shot,Driving Finger Roll Layup Shot,1,227,21800716,1367,9.0,made_fg(24),2,1,borderline,distance: at-rim/very close
330,PT00M09.60S,2,1610612744,GSW,201939,Curry,S. Curry,83,283,29,Missed,1,,,0,v,MISS Curry 29' 3PT Pullup Jump Shot,Missed Shot,Pullup Jump shot,1,233,21800716,1431,8.0,def_reb(24),3,2,likely_contested,"subType: contested-like, text: pressure-move, distance: deep above-break 3 (>=27ft)"
353,PT10M00.00S,3,1610612744,GSW,201939,Curry,S. Curry,-229,-2,0,Made,1,67.0,74.0,141,v,Curry 3PT Jump Shot (24 PTS) (Green 5 AST),Made Shot,Jump Shot,1,247,21800716,1560,13.0,off_reb(14),3,-1,likely_open,"subType: open-like, distance: at-rim/very close, coords: corner-3, corner: catch/spot"
384,PT07M13.00S,3,1610612744,GSW,201939,Curry,S. Curry,11,4,1,Made,1,69.0,83.0,152,v,Curry 1' Cutting Layup Shot (26 PTS) (Cousins 3 AST),Made Shot,Cutting Layup Shot,1,271,21800716,1727,16.0,def_reb(24),2,1,borderline,distance: at-rim/very close
407,PT05M34.00S,3,1610612744,GSW,201939,Curry,S. Curry,-229,-14,0,Missed,1,,,0,v,MISS Curry 3PT Jump Shot,Missed Shot,Jump Shot,1,288,21800716,1826,10.0,made_fg(24),3,-1,likely_open,"subType: open-like, distance: at-rim/very close, coords: corner-3, corner: catch/spot"
410,PT05M08.00S,3,1610612744,GSW,201939,Curry,S. Curry,24,13,3,Made,1,76.0,86.0,162,v,Curry 3' Cutting Layup Shot (29 PTS) (Green 6 AST),Made Shot,Cutting Layup Shot,1,291,21800716,1852,13.0,made_fg(24),2,1,borderline,distance: at-rim/very close
447,PT03M16.00S,3,1610612744,GSW,201939,Curry,S. Curry,-2,25,3,Made,1,83.0,96.0,179,v,Curry 3' Driving Finger Roll Layup (32 PTS),Made Shot,Driving Finger Roll Layup Shot,1,314,21800716,1964,14.0,made_fg(24),2,1,borderline,distance: at-rim/very close
450,PT02M54.00S,3,1610612744,GSW,201939,Curry,S. Curry,8,12,1,Missed,1,,,0,v,MISS Curry 1' Driving Finger Roll Layup,Missed Shot,Driving Finger Roll Layup Shot,1,317,21800716,1986,19.0,def_reb(24),2,1,borderline,distance: at-rim/very close
468,PT01M35.00S,3,1610612744,GSW,201939,Curry,S. Curry,150,90,17,Made,1,90.0,100.0,190,v,Curry 17' Step Back Jump Shot (34 PTS),Made Shot,Step Back Jump shot,1,331,21800716,2065,7.0,made_fg(24),2,3,likely_contested,"subType: contested-like, text: pressure-move"
592,PT05M10.00S,4,1610612744,GSW,201939,Curry,S. Curry,-126,290,32,Missed,1,,,0,v,MISS Curry 32' 3PT Pullup Jump Shot,Missed Shot,Pullup Jump shot,1,419,21800716,2570,8.0,def_reb(24),3,2,likely_contested,"subType: contested-like, text: pressure-move, distance: deep above-break 3 (>=27ft)"
619,PT03M28.00S,4,1610612744,GSW,201939,Curry,S. Curry,74,147,16,Made,1,111.0,121.0,232,v,Curry 16' Pullup Jump Shot (36 PTS) (Durant 4 AST),Made Shot,Pullup Jump shot,1,438,21800716,2672,9.0,final_ft(24),2,4,likely_contested,"subType: contested-like, text: pressure-move, distance: mid-range"
624,PT03M04.00S,4,1610612744,GSW,201939,Curry,S. Curry,-2,26,3,Made,1,111.0,123.0,234,v,Curry 3' Driving Reverse Layup (38 PTS),Made Shot,Driving Reverse Layup Shot,1,441,21800716,2696,12.0,turnover(24),2,3,likely_contested,"subType: contested-like, distance: at-rim/very close"
629,PT02M33.00S,4,1610612744,GSW,201939,Curry,S. Curry,74,58,9,Missed,1,,,0,v,MISS Curry 9' Pullup Jump Shot,Missed Shot,Pullup Jump shot,1,445,21800716,2727,8.0,turnover(24),2,4,likely_contested,"subType: contested-like, text: pressure-move, distance: mid-range"
650,PT00M41.20S,4,1610612744,GSW,201939,Curry,S. Curry,-130,262,29,Missed,1,,,0,v,MISS Curry 29' 3PT Step Back Jump Shot,Missed Shot,Step Back Jump shot,1,461,21800716,2839,5.0,made_fg(24),3,3,likely_contested,"subType: contested-like, text: pressure-move, distance: deep above-break 3 (>=27ft), clock: late (<=5s)"
654,PT00M21.20S,4,1610612744,GSW,201939,Curry,S. Curry,9,11,1,Missed,1,,,0,v,MISS Curry 1' Driving Reverse Layup,Missed Shot,Driving Reverse Layup Shot,1,464,21800716,2859,10.0,made_fg(24),2,3,likely_contested,"subType: contested-like, distance: at-rim/very close"
11,PT11M39.00S,1,1610612744,GSW,201939,Curry,S. Curry,-38,8,4,Missed,1,,,0,v,MISS Curry 4' Driving Layup,Missed Shot,Driving Layup Shot,1,7,21800732,21,21.0,def_reb(24),2,3,likely_contested,"subType: contested-like, distance: at-rim/very close"
51,PT07M57.00S,1,1610612744,GSW,201939,Curry,S. Curry,191,178,26,Missed,1,,,0,v,MISS Curry 26' 3PT Jump Shot,Missed Shot,Jump Shot,1,41,21800732,243,13.0,final_ft(24),3,-1,likely_open,subType: open-like
65,PT07M12.00S,1,1610612744,GSW,201939,Curry,S. Curry,181,198,27,Missed,1,,,0,v,MISS Curry 27' 3PT Pullup Jump Shot,Missed Shot,Pullup Jump shot,1,50,21800732,288,19.0,turnover(24),3,2,likely_contested,"subType: contested-like, text: pressure-move, distance: deep above-break 3 (>=27ft)"
173,PT11M50.00S,2,1610612744,GSW,201939,Curry,S. Curry,148,227,27,Missed,1,,,0,v,MISS Curry 27' 3PT Pullup Jump Shot,Missed Shot,Pullup Jump shot,0,125,21800732,730,14.0,period_start(24),3,2,likely_contested,"subType: contested-like, text: pressure-move, distance: deep above-break 3 (>=27ft)"
190,PT10M04.00S,2,1610612744,GSW,201939,Curry,S. Curry,217,153,27,Made,1,31.0,32.0,63,v,Curry 27' 3PT Jump Shot (3 PTS) (Green 3 AST),Made Shot,Jump Shot,1,139,21800732,836,17.0,def_reb(24),3,-2,likely_open,"subType: open-like, distance: deep above-break 3 (>=27ft)"
194,PT09M32.00S,2,1610612744,GSW,201939,Curry,S. Curry,240,64,25,Made,1,31.0,35.0,66,v,Curry 25' 3PT Jump Shot (6 PTS) (Livingston 1 AST),Made Shot,Jump Shot,1,142,21800732,868,12.0,def_reb(24),3,-1,likely_open,subType: open-like
207,PT08M25.00S,2,1610612744,GSW,201939,Curry,S. Curry,-211,135,25,Made,1,36.0,40.0,76,v,Curry 25' 3PT Jump Shot (9 PTS) (Green 4 AST),Made Shot,Jump Shot,1,152,21800732,935,12.0,made_fg(24),3,-1,likely_open,subType: open-like
211,PT08M08.00S,2,1610612744,GSW,201939,Curry,S. Curry,187,192,27,Made,1,36.0,43.0,79,v,Curry 27' 3PT Jump Shot (12 PTS) (Green 5 AST),Made Shot,Jump Shot,1,155,21800732,952,21.0,def_reb(24),3,-2,likely_open,"subType: open-like, distance: deep above-break 3 (>=27ft)"
246,PT05M50.00S,2,1610612744,GSW,201939,Curry,S. Curry,-187,177,26,Made,1,43.0,50.0,93,v,Curry 26' 3PT Step Back Jump Shot (15 PTS),Made Shot,Step Back Jump shot,1,178,21800732,1090,15.0,made_fg(24),3,3,likely_contested,"subType: contested-like, text: pressure-move"
263,PT04M37.00S,2,1610612744,GSW,201939,Curry,S. Curry,-16,11,2,Made,1,47.0,56.0,103,v,Curry 2' Cutting Layup Shot (17 PTS) (Iguodala 2 AST),Made Shot,Cutting Layup Shot,1,190,21800732,1163,12.0,made_fg(24),2,1,borderline,distance: at-rim/very close
296,PT02M11.00S,2,1610612744,GSW,201939,Curry,S. Curry,166,204,26,Missed,1,,,0,v,MISS Curry 26' 3PT Jump Shot,Missed Shot,Jump Shot,1,211,21800732,1309,10.0,made_fg(24),3,-1,likely_open,subType: open-like
318,PT00M36.60S,2,1610612744,GSW,201939,Curry,S. Curry,235,101,26,Missed,1,,,0,v,MISS Curry 26' 3PT Jump Shot,Missed Shot,Jump Shot,1,230,21800732,1404,16.0,turnover(24),3,-1,likely_open,subType: open-like
383,PT08M37.00S,3,1610612744,GSW,201939,Curry,S. Curry,189,185,26,Made,1,66.0,71.0,137,v,Curry 26' 3PT Pullup Jump Shot (20 PTS) (Green 7 AST),Made Shot,Pullup Jump shot,1,271,21800732,1643,5.0,made_fg(24),3,4,likely_contested,"subType: contested-like, text: pressure-move, clock: late (<=5s)"
393,PT07M42.00S,3,1610612744,GSW,201939,Curry,S. Curry,43,26,5,Missed,1,,,0,v,MISS Curry 5' Driving Finger Roll Layup,Missed Shot,Driving Finger Roll Layup Shot,1,277,21800732,1698,6.0,made_fg(24),2,1,borderline,distance: at-rim/very close
612,PT05M00.00S,4,1610612744,GSW,201939,Curry,S. Curry,106,262,28,Missed,1,,,0,v,MISS Curry 28' 3PT Jump Shot,Missed Shot,Jump Shot,1,441,21800732,2580,19.0,turnover(24),3,-2,likely_open,"subType: open-like, distance: deep above-break 3 (>=27ft)"
14,PT11M08.00S,1,1610612744,GSW,201939,Curry,S. Curry,0,5,1,Made,1,0.0,2.0,2,v,Curry 1' Cutting Finger Roll Layup Shot (2 PTS) (Cousins 1 AST),Made Shot,Cutting Finger Roll Layup Shot,1,10,21800745,52,16.0,def_reb(24),2,1,borderline,distance: at-rim/very close
88,PT05M18.00S,1,1610612744,GSW,201939,Curry,S. Curry,226,132,26,Made,1,16.0,19.0,35,v,Curry 26' 3PT Jump Shot (5 PTS) (Cousins 2 AST),Made Shot,Jump Shot,1,65,21800745,402,12.0,made_fg(24),3,-1,likely_open,subType: open-like
94,PT04M51.00S,1,1610612744,GSW,201939,Curry,S. Curry,-227,-25,0,Made,1,16.0,22.0,38,v,Curry 3PT Jump Shot (8 PTS),Made Shot,Jump Shot,1,70,21800745,429,12.0,off_reb(14),3,-1,likely_open,"subType: open-like, distance: at-rim/very close, coords: corner-3, corner: catch/spot"
108,PT03M59.00S,1,1610612744,GSW,201939,Curry,S. Curry,-44,29,5,Made,1,16.0,24.0,40,v,Curry 5' Driving Floating Bank Jump Shot (10 PTS),Made Shot,Driving Floating Bank Jump Shot,1,80,21800745,481,13.0,def_reb(24),2,3,likely_contested,"subType: contested-like, distance: at-rim/very close"
243,PT06M22.00S,2,1610612744,GSW,201939,Curry,S. Curry,77,184,20,Made,1,34.0,52.0,86,v,Curry 20' Step Back Jump Shot (12 PTS) (Bell 1 AST),Made Shot,Step Back Jump shot,1,173,21800745,1058,11.0,made_fg(24),2,3,likely_contested,"subType: contested-like, text: pressure-move"
263,PT05M41.00S,2,1610612744,GSW,201939,Curry,S. Curry,-177,209,27,Made,1,34.0,57.0,91,v,Curry 27' 3PT Pullup Jump Shot (15 PTS) (Livingston 2 AST),Made Shot,Pullup Jump shot,1,183,21800745,1099,18.0,def_reb(24),3,2,likely_contested,"subType: contested-like, text: pressure-move, distance: deep above-break 3 (>=27ft)"
282,PT04M25.00S,2,1610612744,GSW,201939,Curry,S. Curry,18,16,2,Made,1,38.0,59.0,97,v,Curry 2' Driving Layup (17 PTS),Made Shot,Driving Layup Shot,1,195,21800745,1175,14.0,made_fg(24),2,3,likely_contested,"subType: contested-like, distance: at-rim/very close"
297,PT03M24.00S,2,1610612744,GSW,201939,Curry,S. Curry,-232,-23,0,Made,1,40.0,62.0,102,v,Curry 3PT Jump Shot (20 PTS) (Iguodala 4 AST),Made Shot,Jump Shot,1,205,21800745,1236,7.0,keep_clock(15),3,-1,likely_open,"subType: open-like, distance: at-rim/very close, coords: corner-3, corner: catch/spot"
301,PT03M01.00S,2,1610612744,GSW,201939,Curry,S. Curry,163,169,23,Missed,1,,,0,v,MISS Curry 23' Pullup Jump Shot,Missed Shot,Pullup Jump shot,1,208,21800745,1259,17.0,turnover(24),2,3,likely_contested,"subType: contested-like, text: pressure-move"
334,PT00M00.40S,2,1610612744,GSW,201939,Curry,S. Curry,-125,234,27,Made,1,48.0,69.0,117,v,Curry 27' 3PT Pullup Jump Shot (23 PTS),Made Shot,Pullup Jump shot,1,234,21800745,1440,18.0,made_fg(24),3,2,likely_contested,"subType: contested-like, text: pressure-move, distance: deep above-break 3 (>=27ft)"
437,PT04M15.00S,3,1610612744,GSW,201939,Curry,S. Curry,-177,216,28,Made,1,68.0,90.0,158,v,Curry 28' 3PT Jump Shot (26 PTS) (Durant 7 AST),Made Shot,Jump Shot,1,312,21800745,1905,8.0,def_reb(24),3,-2,likely_open,"subType: open-like, distance: deep above-break 3 (>=27ft)"
441,PT03M49.00S,3,1610612744,GSW,201939,Curry,S. Curry,205,152,26,Missed,1,,,0,v,MISS Curry 26' 3PT Pullup Jump Shot,Missed Shot,Pullup Jump shot,1,314,21800745,1931,14.0,made_fg(24),3,3,likely_contested,"subType: contested-like, text: pressure-move"
470,PT02M04.00S,3,1610612744,GSW,201939,Curry,S. Curry,239,7,24,Missed,1,,,0,v,MISS Curry 24' 3PT Jump Shot,Missed Shot,Jump Shot,1,330,21800745,2036,6.0,def_reb(24),3,-2,likely_open,"subType: open-like, coords: corner-3, corner: catch/spot"
20,PT10M38.00S,1,1610612744,GSW,201939,Curry,S. Curry,-1,31,3,Made,1,4.0,5.0,9,h,Curry 3' Cutting Layup Shot (2 PTS) (Cousins 2 AST),Made Shot,Cutting Layup Shot,1,13,21800768,82,15.0,made_fg(24),2,1,borderline,distance: at-rim/very close
62,PT07M07.00S,1,1610612744,GSW,201939,Curry,S. Curry,4,17,2,Missed,1,,,0,h,MISS Curry 2' Driving Finger Roll Layup,Missed Shot,Driving Finger Roll Layup Shot,1,45,21800768,293,12.0,turnover(24),2,1,borderline,distance: at-rim/very close
72,PT06M42.00S,1,1610612744,GSW,201939,Curry,S. Curry,176,207,27,Made,1,17.0,10.0,27,h,Curry 27' 3PT Pullup Jump Shot (5 PTS) (Green 1 AST),Made Shot,Pullup Jump shot,1,52,21800768,318,9.0,def_foul_14(14),3,2,likely_contested,"subType: contested-like, text: pressure-move, distance: deep above-break 3 (>=27ft)"
84,PT05M57.00S,1,1610612744,GSW,201939,Curry,S. Curry,190,206,28,Made,1,20.0,12.0,32,h,Curry 28' 3PT Pullup Jump Shot (8 PTS) (Cousins 5 AST),Made Shot,Pullup Jump shot,1,60,21800768,363,11.0,off_reb(14),3,2,likely_contested,"subType: contested-like, text: pressure-move, distance: deep above-break 3 (>=27ft)"
105,PT04M17.00S,1,1610612744,GSW,201939,Curry,S. Curry,-156,149,22,Missed,1,,,0,h,MISS Curry 22' Step Back Jump Shot,Missed Shot,Step Back Jump shot,1,73,21800768,463,14.0,made_fg(24),2,3,likely_contested,"subType: contested-like, text: pressure-move"
121,PT03M03.00S,1,1610612744,GSW,201939,Curry,S. Curry,96,32,10,Made,1,27.0,22.0,49,h,Curry 10' Driving Floating Bank Jump Shot (11 PTS),Made Shot,Driving Floating Bank Jump Shot,1,83,21800768,537,11.0,made_fg(24),2,3,likely_contested,"subType: contested-like, distance: mid-range"
230,PT07M38.00S,2,1610612744,GSW,201939,Curry,S. Curry,193,174,26,Made,1,40.0,38.0,78,h,Curry 26' 3PT Pullup Jump Shot (14 PTS) (Green 3 AST),Made Shot,Pullup Jump shot,1,160,21800768,982,9.0,def_reb(24),3,3,likely_contested,"subType: contested-like, text: pressure-move"
274,PT04M48.00S,2,1610612744,GSW,201939,Curry,S. Curry,-168,267,32,Made,1,50.0,45.0,95,h,Curry 32' 3PT Jump Shot (17 PTS) (Durant 3 AST),Made Shot,Jump Shot,1,195,21800768,1152,19.0,def_reb(24),3,-2,likely_open,"subType: open-like, distance: deep above-break 3 (>=27ft)"
293,PT03M38.00S,2,1610612744,GSW,201939,Curry,S. Curry,-224,107,25,Made,1,55.0,49.0,104,h,Curry 25' 3PT Jump Shot (20 PTS) (Green 4 AST),Made Shot,Jump Shot,1,205,21800768,1222,7.0,final_ft(24),3,-1,likely_open,subType: open-like
296,PT03M02.00S,2,1610612744,GSW,201939,Curry,S. Curry,168,233,29,Missed,1,,,0,h,MISS Curry 29' 3PT Jump Shot,Missed Shot,Jump Shot,1,207,21800768,1258,16.0,made_fg(24),3,-2,likely_open,"subType: open-like, distance: deep above-break 3 (>=27ft)"
311,PT01M52.00S,2,1610612744,GSW,201939,Curry,S. Curry,222,113,25,Made,1,58.0,51.0,109,h,Curry 25' 3PT Jump Shot (23 PTS) (Green 5 AST),Made Shot,Jump Shot,1,221,21800768,1328,7.0,def_reb(24),3,-1,likely_open,subType: open-like
336,PT00M00.90S,2,1610612744,GSW,201939,Curry,S. Curry,95,645,65,Missed,1,,,0,h,MISS Curry 65' 3PT Jump Shot,Missed Shot,Jump Shot,1,240,21800768,1440,21.0,made_fg(24),3,-2,likely_open,"subType: open-like, distance: deep above-break 3 (>=27ft)"
350,PT11M00.00S,3,1610612744,GSW,201939,Curry,S. Curry,22,24,3,Missed,1,,,0,h,MISS Curry 3' Driving Layup,Missed Shot,Driving Layup Shot,1,247,21800768,1500,0.0,def_foul_14(14),2,4,likely_contested,"subType: contested-like, distance: at-rim/very close, clock: late (<=5s)"
355,PT10M41.00S,3,1610612744,GSW,201939,Curry,S. Curry,144,227,27,Made,1,67.0,58.0,125,h,Curry 27' 3PT Running Pull-Up Jump Shot (26 PTS),Made Shot,Running Pull-Up Jump Shot,1,251,21800768,1519,14.0,made_fg(24),3,2,likely_contested,"subType: contested-like, text: pressure-move, distance: deep above-break 3 (>=27ft)"
370,PT09M37.00S,3,1610612744,GSW,201939,Curry,S. Curry,-187,183,26,Missed,1,,,0,h,MISS Curry 26' 3PT Jump Shot,Missed Shot,Jump Shot,1,264,21800768,1583,12.0,final_ft(24),3,-1,likely_open,subType: open-like
411,PT05M58.00S,3,1610612744,GSW,201939,Curry,S. Curry,2,22,2,Made,1,73.0,73.0,146,h,Curry 2' Layup (28 PTS),Made Shot,Layup Shot,1,296,21800768,1802,23.0,made_fg(24),2,1,borderline,distance: at-rim/very close
442,PT04M18.00S,3,1610612744,GSW,201939,Curry,S. Curry,-69,261,27,Made,1,80.0,81.0,161,h,Curry 27' 3PT Jump Shot (33 PTS) (Durant 4 AST),Made Shot,Jump Shot,1,314,21800768,1902,10.0,made_fg(24),3,-2,likely_open,"subType: open-like, distance: deep above-break 3 (>=27ft)"
455,PT03M29.00S,3,1610612744,GSW,201939,Curry,S. Curry,157,246,29,Missed,1,,,0,h,MISS Curry 29' 3PT Jump Shot,Missed Shot,Jump Shot,1,324,21800768,1951,7.0,off_reb(14),3,-2,likely_open,"subType: open-like, distance: deep above-break 3 (>=27ft)"
551,PT10M03.00S,4,1610612744,GSW,201939,Curry,S. Curry,14,263,26,Missed,1,,,0,h,MISS Curry 26' 3PT Jump Shot,Missed Shot,Jump Shot,1,389,21800768,2277,5.0,made_fg(24),3,0,likely_open,"subType: open-like, clock: late (<=5s)"
555,PT09M44.00S,4,1610612744,GSW,201939,Curry,S. Curry,0,74,7,Missed,1,,,0,h,MISS Curry 7' Driving Floating Jump Shot,Missed Shot,Driving Floating Jump Shot,1,393,21800768,2296,14.0,def_reb(24),2,2,likely_contested,subType: contested-like
610,PT06M30.00S,4,1610612744,GSW,201939,Curry,S. Curry,-143,219,26,Missed,1,,,0,h,MISS Curry 26' 3PT Running Pull-Up Jump Shot,Missed Shot,Running Pull-Up Jump Shot,1,430,21800768,2490,18.0,def_reb(24),3,3,likely_contested,"subType: contested-like, text: pressure-move"
621,PT05M46.00S,4,1610612744,GSW,201939,Curry,S. Curry,-117,121,17,Made,1,93.0,100.0,193,h,Curry 17' Jump Bank Shot (35 PTS) (Green 9 AST),Made Shot,Jump Bank Shot,1,438,21800768,2534,12.0,def_reb(24),2,2,likely_contested,subType: contested-like
659,PT02M49.00S,4,1610612744,GSW,201939,Curry,S. Curry,-225,0,0,Made,1,101.0,106.0,207,h,Curry 3PT Pullup Jump Shot (38 PTS) (Cousins 6 AST),Made Shot,Pullup Jump shot,1,467,21800768,2711,11.0,off_reb(14),3,4,likely_contested,"subType: contested-like, text: pressure-move, distance: at-rim/very close, coords: corner-3"
667,PT01M57.00S,4,1610612744,GSW,201939,Curry,S. Curry,34,274,28,Missed,1,,,0,h,MISS Curry 28' 3PT Jump Shot,Missed Shot,Jump Shot,1,473,21800768,2763,10.0,off_reb(14),3,-2,likely_open,"subType: open-like, distance: deep above-break 3 (>=27ft)"
672,PT01M32.00S,4,1610612744,GSW,201939,Curry,S. Curry,-13,16,2,Missed,1,,,0,h,MISS Curry 2' Running Layup,Missed Shot,Running Layup Shot,1,478,21800768,2788,13.0,turnover(24),2,3,likely_contested,"subType: contested-like, distance: at-rim/very close"
682,PT01M06.00S,4,1610612744,GSW,201939,Curry,S. Curry,-107,239,26,Made,1,104.0,110.0,214,h,Curry 26' 3PT Jump Shot (41 PTS) (Iguodala 4 AST),Made Shot,Jump Shot,1,487,21800768,2814,22.0,final_ft(24),3,-1,likely_open,subType: open-like
688,PT00M48.40S,4,1610612744,GSW,201939,Curry,S. Curry,-165,247,30,Missed,1,,,0,h,MISS Curry 30' 3PT Jump Shot,Missed Shot,Jump Shot,1,491,21800768,2832,20.0,keep_clock(23),3,-2,likely_open,"subType: open-like, distance: deep above-break 3 (>=27ft)"
44,PT09M23.00S,1,1610612744,GSW,201939,Curry,S. Curry,-92,52,11,Missed,1,,,0,h,MISS Curry 11' Running Finger Roll Layup,Missed Shot,Running Finger Roll Layup Shot,1,33,21800782,157,18.0,def_reb(24),2,1,borderline,distance: mid-range
100,PT04M59.00S,1,1610612744,GSW,201939,Curry,S. Curry,223,59,0,Missed,1,,,0,h,MISS Curry 3PT Jump Shot,Missed Shot,Jump Shot,1,74,21800782,421,7.0,made_fg(24),3,0,likely_open,"subType: open-like, distance: at-rim/very close"
102,PT04M50.00S,1,1610612744,GSW,201939,Curry,S. Curry,185,185,26,Missed,1,,,0,h,MISS Curry 26' 3PT Jump Shot,Missed Shot,Jump Shot,1,76,21800782,430,7.0,off_reb(14),3,-1,likely_open,subType: open-like
139,PT01M46.00S,1,1610612744,GSW,201939,Curry,S. Curry,-154,254,30,Missed,1,,,0,h,MISS Curry 30' 3PT Jump Shot,Missed Shot,Jump Shot,1,107,21800782,614,9.0,made_fg(24),3,-2,likely_open,"subType: open-like, distance: deep above-break 3 (>=27ft)"
250,PT05M36.00S,2,1610612744,GSW,201939,Curry,S. Curry,62,254,26,Missed,1,,,0,h,MISS Curry 26' 3PT Jump Shot,Missed Shot,Jump Shot,1,181,21800782,1104,8.0,def_foul_14(14),3,-1,likely_open,subType: open-like
260,PT04M22.00S,2,1610612744,GSW,201939,Curry,S. Curry,130,57,14,Missed,1,,,0,h,MISS Curry 14' Hook Shot,Missed Shot,Hook Shot,1,189,21800782,1178,4.0,def_foul_14(14),2,4,likely_contested,"subType: contested-like, distance: mid-range, clock: late (<=5s)"
317,PT00M48.90S,2,1610612744,GSW,201939,Curry,S. Curry,176,207,27,Missed,1,,,0,h,MISS Curry 27' 3PT Jump Shot,Missed Shot,Jump Shot,1,230,21800782,1392,12.0,made_fg(24),3,-2,likely_open,"subType: open-like, distance: deep above-break 3 (>=27ft)"
390,PT07M45.00S,3,1610612744,GSW,201939,Curry,S. Curry,46,36,6,Missed,1,,,0,h,MISS Curry 6' Driving Finger Roll Layup,Missed Shot,Driving Finger Roll Layup Shot,1,279,21800782,1695,12.0,made_fg(24),2,0,likely_open,
596,PT06M20.00S,4,1610612744,GSW,201939,Curry,S. Curry,-4,14,1,Made,1,103.0,93.0,196,h,Curry 1' Driving Finger Roll Layup (4 PTS),Made Shot,Driving Finger Roll Layup Shot,1,423,21800782,2500,7.0,final_ft(24),2,1,borderline,distance: at-rim/very close
604,PT05M42.00S,4,1610612744,GSW,201939,Curry,S. Curry,175,218,28,Made,1,106.0,95.0,201,h,Curry 28' 3PT Pullup Jump Shot (7 PTS) (Durant 11 AST),Made Shot,Pullup Jump shot,1,428,21800782,2538,8.0,made_fg(24),3,2,likely_contested,"subType: contested-like, text: pressure-move, distance: deep above-break 3 (>=27ft)"
612,PT05M21.00S,4,1610612744,GSW,201939,Curry,S. Curry,-196,180,27,Made,1,109.0,97.0,206,h,Curry 27' 3PT Pullup Jump Shot (10 PTS),Made Shot,Pullup Jump shot,1,433,21800782,2559,12.0,final_ft(24),3,2,likely_contested,"subType: contested-like, text: pressure-move, distance: deep above-break 3 (>=27ft)"
615,PT05M02.00S,4,1610612744,GSW,201939,Curry,S. Curry,-201,192,28,Missed,1,,,0,h,MISS Curry 28' 3PT Jump Shot,Missed Shot,Jump Shot,1,436,21800782,2578,20.0,turnover(24),3,-2,likely_open,"subType: open-like, distance: deep above-break 3 (>=27ft)"
629,PT04M20.00S,4,1610612744,GSW,201939,Curry,S. Curry,-87,73,11,Made,1,111.0,97.0,208,h,Curry 11' Driving Finger Roll Layup (12 PTS),Made Shot,Driving Finger Roll Layup Shot,1,448,21800782,2620,5.0,off_reb(14),2,2,likely_contested,"distance: mid-range, clock: late (<=5s)"
632,PT03M42.00S,4,1610612744,GSW,201939,Curry,S. Curry,187,321,37,Missed,1,,,0,h,MISS Curry 37' 3PT Jump Shot,Missed Shot,Jump Shot,1,451,21800782,2658,4.0,def_reb(24),3,-1,likely_open,"subType: open-like, distance: deep above-break 3 (>=27ft), clock: late (<=5s)"
642,PT02M57.00S,4,1610612744,GSW,201939,Curry,S. Curry,5,13,1,Made,1,115.0,97.0,212,h,Curry 1' Cutting Layup Shot (14 PTS) (Iguodala 4 AST),Made Shot,Cutting Layup Shot,1,460,21800782,2703,6.0,turnover(24),2,1,borderline,distance: at-rim/very close
75,PT06M07.00S,1,1610612744,GSW,201939,Curry,S. Curry,120,145,19,Missed,1,,,0,h,MISS Curry 19' Jump Shot,Missed Shot,Jump Shot,1,53,21800810,353,14.0,made_fg(24),2,-1,likely_open,subType: open-like
114,PT03M01.00S,1,1610612744,GSW,201939,Curry,S. Curry,-186,125,22,Missed,1,,,0,h,MISS Curry 22' Jump Shot,Missed Shot,Jump Shot,1,84,21800810,539,11.0,def_reb(24),2,-1,likely_open,subType: open-like
120,PT02M37.00S,1,1610612744,GSW,201939,Curry,S. Curry,-18,77,8,Missed,1,,,0,h,MISS Curry 8' Step Back Jump Shot,Missed Shot,Step Back Jump shot,1,90,21800810,563,13.0,def_reb(24),2,4,likely_contested,"subType: contested-like, text: pressure-move, distance: mid-range"
243,PT07M26.00S,2,1610612744,GSW,201939,Curry,S. Curry,128,245,28,Missed,1,,,0,h,MISS Curry 28' 3PT Jump Shot,Missed Shot,Jump Shot,1,178,21800810,994,11.0,final_ft(24),3,-2,likely_open,"subType: open-like, distance: deep above-break 3 (>=27ft)"
266,PT05M57.00S,2,1610612744,GSW,201939,Curry,S. Curry,-14,14,2,Made,1,47.0,40.0,87,h,Curry 2' Cutting Layup Shot (4 PTS) (Green 3 AST),Made Shot,Cutting Layup Shot,1,196,21800810,1083,11.0,final_ft(24),2,1,borderline,distance: at-rim/very close
277,PT04M33.00S,2,1610612744,GSW,201939,Curry,S. Curry,-152,210,26,Missed,1,,,0,h,MISS Curry 26' 3PT Jump Shot,Missed Shot,Jump Shot,1,204,21800810,1167,15.0,made_fg(24),3,-1,likely_open,subType: open-like
320,PT02M10.00S,2,1610612744,GSW,201939,Curry,S. Curry,-226,4,0,Made,1,60.0,50.0,110,h,Curry 3PT Jump Shot (7 PTS) (Thompson 3 AST),Made Shot,Jump Shot,1,237,21800810,1310,19.0,def_reb(24),3,-1,likely_open,"subType: open-like, distance: at-rim/very close, coords: corner-3, corner: catch/spot"
324,PT01M49.00S,2,1610612744,GSW,201939,Curry,S. Curry,-19,15,2,Made,1,62.0,50.0,112,h,Curry 2' Running Finger Roll Layup (9 PTS),Made Shot,Running Finger Roll Layup Shot,1,240,21800810,1331,14.0,turnover(24),2,1,borderline,distance: at-rim/very close
399,PT08M40.00S,3,1610612744,GSW,201939,Curry,S. Curry,227,33,0,Made,1,80.0,64.0,144,h,Curry 3PT Pullup Jump Shot (12 PTS) (Thompson 6 AST),Made Shot,Pullup Jump shot,1,289,21800810,1640,12.0,def_reb(24),3,4,likely_contested,"subType: contested-like, text: pressure-move, distance: at-rim/very close, coords: corner-3"
470,PT04M34.00S,3,1610612744,GSW,201939,Curry,S. Curry,5,12,1,Made,1,94.0,73.0,167,h,Curry 1' Cutting Layup Shot (14 PTS) (Durant 5 AST),Made Shot,Cutting Layup Shot,1,340,21800810,1886,11.0,final_ft(24),2,1,borderline,distance: at-rim/very close
486,PT03M12.00S,3,1610612744,GSW,201939,Curry,S. Curry,-3,18,2,Made,1,101.0,76.0,177,h,Curry 2' Layup (16 PTS) (Durant 7 AST),Made Shot,Layup Shot,1,351,21800810,1968,19.0,turnover(24),2,1,borderline,distance: at-rim/very close
504,PT02M00.00S,3,1610612744,GSW,201939,Curry,S. Curry,194,202,28,Made,1,110.0,81.0,191,h,Curry 28' 3PT Running Pull-Up Jump Shot (19 PTS) (Durant 9 AST),Made Shot,Running Pull-Up Jump Shot,1,362,21800810,2040,20.0,final_ft(24),3,2,likely_contested,"subType: contested-like, text: pressure-move, distance: deep above-break 3 (>=27ft)"
29,PT09M23.00S,1,1610612744,GSW,201939,Curry,S. Curry,-242,0,24,Missed,1,,,0,v,MISS Curry 24' 3PT Jump Shot,Missed Shot,Jump Shot,1,20,21800822,157,8.0,made_fg(24),3,-2,likely_open,"subType: open-like, coords: corner-3, corner: catch/spot"
57,PT07M09.00S,1,1610612744,GSW,201939,Curry,S. Curry,-209,16,21,Missed,1,,,0,v,MISS Curry 21' Jump Shot,Missed Shot,Jump Shot,1,44,21800822,291,11.0,final_ft(24),2,-1,likely_open,subType: open-like
78,PT05M10.00S,1,1610612744,GSW,201939,Curry,S. Curry,152,221,27,Missed,1,,,0,v,MISS Curry 27' 3PT Jump Shot,Missed Shot,Jump Shot,1,59,21800822,410,2.0,made_fg(24),3,-1,likely_open,"subType: open-like, distance: deep above-break 3 (>=27ft), clock: late (<=5s)"
272,PT07M03.00S,2,1610612744,GSW,201939,Curry,S. Curry,23,4,2,Missed,1,,,0,v,MISS Curry 2' Layup,Missed Shot,Layup Shot,1,195,21800822,1017,,stale_reset(14),2,1,borderline,distance: at-rim/very close
341,PT04M01.00S,2,1610612744,GSW,201939,Curry,S. Curry,3,3,0,Missed,1,,,0,v,MISS Curry Driving Reverse Layup,Missed Shot,Driving Reverse Layup Shot,1,242,21800822,1199,15.0,turnover(24),2,3,likely_contested,"subType: contested-like, distance: at-rim/very close"
363,PT01M51.00S,2,1610612744,GSW,201939,Curry,S. Curry,-211,146,26,Made,1,51.0,56.0,107,v,Curry 26' 3PT Running Pull-Up Jump Shot (7 PTS),Made Shot,Running Pull-Up Jump Shot,1,261,21800822,1329,13.0,made_fg(24),3,3,likely_contested,"subType: contested-like, text: pressure-move"
378,PT00M08.20S,2,1610612744,GSW,201939,Curry,S. Curry,-233,17,0,Missed,1,,,0,v,MISS Curry 3PT Jump Shot,Missed Shot,Jump Shot,1,273,21800822,1432,6.0,made_fg(24),3,-1,likely_open,"subType: open-like, distance: at-rim/very close, coords: corner-3, corner: catch/spot"
394,PT11M48.00S,3,1610612744,GSW,201939,Curry,S. Curry,-98,238,26,Missed,1,,,0,v,MISS Curry 26' 3PT Jump Shot,Missed Shot,Jump Shot,1,280,21800822,1452,8.0,def_foul_14(14),3,-1,likely_open,subType: open-like
416,PT09M18.00S,3,1610612744,GSW,201939,Curry,S. Curry,160,206,26,Missed,1,,,0,v,MISS Curry 26' 3PT Jump Shot,Missed Shot,Jump Shot,1,299,21800822,1602,19.0,def_reb(24),3,-1,likely_open,subType: open-like
464,PT05M37.00S,3,1610612744,GSW,201939,Curry,S. Curry,-223,155,27,Missed,1,,,0,v,MISS Curry 27' 3PT Running Jump Shot,Missed Shot,Running Jump Shot,1,333,21800822,1823,20.0,def_reb(24),3,-2,likely_open,"subType: open-like, distance: deep above-break 3 (>=27ft)"
515,PT02M39.00S,3,1610612744,GSW,201939,Curry,S. Curry,190,83,21,Made,1,76.0,77.0,153,v,Curry 21' Jump Shot (9 PTS) (Iguodala 4 AST),Made Shot,Jump Shot,1,370,21800822,2001,7.0,made_fg(24),2,-1,likely_open,subType: open-like
529,PT01M19.00S,3,1610612744,GSW,201939,Curry,S. Curry,-223,120,25,Missed,1,,,0,v,MISS Curry 25' 3PT Jump Shot,Missed Shot,Jump Shot,1,381,21800822,2081,17.0,def_reb(24),3,-1,likely_open,subType: open-like
657,PT05M46.00S,4,1610612744,GSW,201939,Curry,S. Curry,131,221,26,Made,1,94.0,101.0,195,v,Curry 26' 3PT Jump Shot (13 PTS) (Cousins 3 AST),Made Shot,Jump Shot,1,475,21800822,2534,16.0,def_reb(24),3,-1,likely_open,subType: open-like
682,PT04M49.00S,4,1610612744,GSW,201939,Curry,S. Curry,217,107,24,Made,1,98.0,104.0,202,v,Curry 24' 3PT Jump Shot (16 PTS) (Cousins 4 AST),Made Shot,Jump Shot,1,492,21800822,2591,15.0,made_fg(24),3,-1,likely_open,subType: open-like
686,PT04M15.00S,4,1610612744,GSW,201939,Curry,S. Curry,36,27,5,Made,1,100.0,106.0,206,v,Curry 5' Driving Finger Roll Layup (18 PTS),Made Shot,Driving Finger Roll Layup Shot,1,494,21800822,2625,11.0,made_fg(24),2,1,borderline,distance: at-rim/very close
689,PT03M46.00S,4,1610612744,GSW,201939,Curry,S. Curry,107,296,31,Missed,1,,,0,v,MISS Curry 31' 3PT Running Pull-Up Jump Shot,Missed Shot,Running Pull-Up Jump Shot,1,497,21800822,2654,18.0,def_reb(24),3,2,likely_contested,"subType: contested-like, text: pressure-move, distance: deep above-break 3 (>=27ft)"
699,PT03M10.00S,4,1610612744,GSW,201939,Curry,S. Curry,-29,67,7,Made,1,100.0,111.0,211,v,Curry 7' Driving Floating Jump Shot (20 PTS),Made Shot,Driving Floating Jump Shot,1,503,21800822,2690,11.0,turnover(24),2,2,likely_contested,subType: contested-like
30,PT09M39.00S,1,1610612744,GSW,201939,Curry,S. Curry,-114,158,19,Missed,1,,,0,h,MISS Curry 19' Jump Shot,Missed Shot,Jump Shot,1,21,21800838,141,9.0,keep_clock(17),2,-1,likely_open,subType: open-like
42,PT08M40.00S,1,1610612744,GSW,201939,Curry,S. Curry,223,39,0,Missed,1,,,0,h,MISS Curry 3PT Jump Shot,Missed Shot,Jump Shot,1,30,21800838,200,13.0,made_fg(24),3,-1,likely_open,"subType: open-like, distance: at-rim/very close, coords: corner-3, corner: catch/spot"
63,PT06M35.00S,1,1610612744,GSW,201939,Curry,S. Curry,41,186,19,Missed,1,,,0,h,MISS Curry 19' Step Back Jump Shot,Missed Shot,Step Back Jump shot,1,46,21800838,325,9.0,made_fg(24),2,3,likely_contested,"subType: contested-like, text: pressure-move"
97,PT04M24.00S,1,1610612744,GSW,201939,Curry,S. Curry,-172,243,30,Made,1,10.0,26.0,36,h,Curry 30' 3PT Jump Shot (3 PTS) (Green 2 AST),Made Shot,Jump Shot,1,73,21800838,456,10.0,made_fg(24),3,-2,likely_open,"subType: open-like, distance: deep above-break 3 (>=27ft)"
232,PT07M25.00S,2,1610612744,GSW,201939,Curry,S. Curry,-98,285,30,Missed,1,,,0,h,MISS Curry 30' 3PT Jump Shot,Missed Shot,Jump Shot,1,166,21800838,995,15.0,turnover(24),3,-2,likely_open,"subType: open-like, distance: deep above-break 3 (>=27ft)"
249,PT06M22.00S,2,1610612744,GSW,201939,Curry,S. Curry,9,185,19,Made,1,37.0,45.0,82,h,Curry 19' Pullup Jump Shot (5 PTS),Made Shot,Pullup Jump shot,1,177,21800838,1058,16.0,made_fg(24),2,3,likely_contested,"subType: contested-like, text: pressure-move"
255,PT06M03.00S,2,1610612744,GSW,201939,Curry,S. Curry,-103,173,20,Made,1,39.0,45.0,84,h,Curry 20' Running Jump Shot (7 PTS),Made Shot,Running Jump Shot,1,181,21800838,1077,19.0,turnover(24),2,-1,likely_open,subType: open-like
259,PT05M37.00S,2,1610612744,GSW,201939,Curry,S. Curry,-126,291,32,Missed,1,,,0,h,MISS Curry 32' 3PT Running Pull-Up Jump Shot,Missed Shot,Running Pull-Up Jump Shot,1,184,21800838,1103,19.0,turnover(24),3,2,likely_contested,"subType: contested-like, text: pressure-move, distance: deep above-break 3 (>=27ft)"
269,PT04M36.00S,2,1610612744,GSW,201939,Curry,S. Curry,64,111,13,Made,1,43.0,45.0,88,h,Curry 13' Jump Bank Shot (9 PTS),Made Shot,Jump Bank Shot,1,193,21800838,1164,7.0,def_reb(24),2,3,likely_contested,"subType: contested-like, distance: mid-range"
282,PT03M26.00S,2,1610612744,GSW,201939,Curry,S. Curry,-12,274,27,Made,1,48.0,51.0,99,h,Curry 27' 3PT Step Back Jump Shot (12 PTS),Made Shot,Step Back Jump shot,1,199,21800838,1234,11.0,made_fg(24),3,2,likely_contested,"subType: contested-like, text: pressure-move, distance: deep above-break 3 (>=27ft)"
300,PT02M24.00S,2,1610612744,GSW,201939,Curry,S. Curry,-3,314,31,Made,1,51.0,51.0,102,h,Curry 31' 3PT Jump Shot (15 PTS) (Green 4 AST),Made Shot,Jump Shot,1,212,21800838,1296,6.0,off_reb(14),3,-2,likely_open,"subType: open-like, distance: deep above-break 3 (>=27ft)"
358,PT10M50.00S,3,1610612744,GSW,201939,Curry,S. Curry,-167,208,27,Made,1,57.0,61.0,118,h,Curry 27' 3PT Jump Shot (18 PTS) (Durant 3 AST),Made Shot,Jump Shot,1,252,21800838,1510,19.0,def_reb(24),3,-2,likely_open,"subType: open-like, distance: deep above-break 3 (>=27ft)"
454,PT03M47.00S,3,1610612744,GSW,201939,Curry,S. Curry,155,242,29,Missed,1,,,0,h,MISS Curry 29' 3PT Jump Shot,Missed Shot,Jump Shot,1,324,21800838,1933,17.0,def_reb(24),3,-2,likely_open,"subType: open-like, distance: deep above-break 3 (>=27ft)"
464,PT02M58.00S,3,1610612744,GSW,201939,Curry,S. Curry,-3,122,12,Missed,1,,,0,h,MISS Curry 12' Floating Jump Shot,Missed Shot,Floating Jump shot,1,334,21800838,1982,16.0,def_reb(24),2,3,likely_contested,"subType: contested-like, distance: mid-range"
475,PT02M22.00S,3,1610612744,GSW,201939,Curry,S. Curry,63,24,7,Made,1,83.0,78.0,161,h,Curry 7' Driving Floating Jump Shot (22 PTS) (Livingston 1 AST),Made Shot,Driving Floating Jump Shot,1,340,21800838,2018,0.0,made_fg(24),2,3,likely_contested,"subType: contested-like, clock: late (<=5s)"
479,PT01M53.00S,3,1610612744,GSW,201939,Curry,S. Curry,12,283,28,Made,1,86.0,80.0,166,h,Curry 28' 3PT Running Pull-Up Jump Shot (25 PTS),Made Shot,Running Pull-Up Jump Shot,1,342,21800838,2047,12.0,made_fg(24),3,2,likely_contested,"subType: contested-like, text: pressure-move, distance: deep above-break 3 (>=27ft)"
489,PT00M45.00S,3,1610612744,GSW,201939,Curry,S. Curry,90,263,28,Missed,1,,,0,h,MISS Curry 28' 3PT Jump Shot,Missed Shot,Jump Shot,1,351,21800838,2115,21.0,made_fg(24),3,-2,likely_open,"subType: open-like, distance: deep above-break 3 (>=27ft)"
608,PT04M36.00S,4,1610612744,GSW,201939,Curry,S. Curry,-19,45,5,Missed,1,,,0,h,MISS Curry 5' Floating Jump Shot,Missed Shot,Floating Jump shot,1,435,21800838,2604,13.0,made_fg(24),2,3,likely_contested,"subType: contested-like, distance: at-rim/very close"
21,PT10M15.00S,1,1610612744,GSW,201939,Curry,S. Curry,-129,232,27,Missed,1,,,0,h,MISS Curry 27' 3PT Running Pull-Up Jump Shot,Missed Shot,Running Pull-Up Jump Shot,1,15,21800852,105,13.0,turnover(24),3,2,likely_contested,"subType: contested-like, text: pressure-move, distance: deep above-break 3 (>=27ft)"
53,PT08M15.00S,1,1610612744,GSW,201939,Curry,S. Curry,-161,200,26,Missed,1,,,0,h,MISS Curry 26' 3PT Jump Shot,Missed Shot,Jump Shot,1,41,21800852,225,6.0,def_violation_14(14),3,-1,likely_open,subType: open-like
108,PT04M16.00S,1,1610612744,GSW,201939,Curry,S. Curry,9,201,20,Made,1,13.0,7.0,20,h,Curry 20' Pullup Jump Shot (2 PTS) (Durant 2 AST),Made Shot,Pullup Jump shot,1,81,21800852,464,,stale_reset(24),2,3,likely_contested,"subType: contested-like, text: pressure-move"
118,PT03M12.00S,1,1610612744,GSW,201939,Curry,S. Curry,145,224,27,Missed,1,,,0,h,MISS Curry 27' 3PT Pullup Jump Shot,Missed Shot,Pullup Jump shot,1,87,21800852,528,5.0,made_fg(24),3,3,likely_contested,"subType: contested-like, text: pressure-move, distance: deep above-break 3 (>=27ft), clock: late (<=5s)"
125,PT02M32.00S,1,1610612744,GSW,201939,Curry,S. Curry,-19,21,3,Missed,1,,,0,h,MISS Curry 3' Layup,Missed Shot,Layup Shot,1,92,21800852,568,5.0,def_reb(24),2,2,likely_contested,"distance: at-rim/very close, clock: late (<=5s)"
132,PT02M15.00S,1,1610612744,GSW,201939,Curry,S. Curry,6,11,1,Made,1,18.0,11.0,29,h,Curry 1' Layup (4 PTS) (Iguodala 1 AST),Made Shot,Layup Shot,1,99,21800852,585,18.0,turnover(24),2,1,borderline,distance: at-rim/very close
252,PT05M13.00S,2,1610612744,GSW,201939,Curry,S. Curry,-169,221,28,Missed,1,,,0,h,MISS Curry 28' 3PT Jump Shot,Missed Shot,Jump Shot,1,183,21800852,1127,16.0,def_reb(24),3,-2,likely_open,"subType: open-like, distance: deep above-break 3 (>=27ft)"
266,PT04M10.00S,2,1610612744,GSW,201939,Curry,S. Curry,-211,148,26,Missed,1,,,0,h,MISS Curry 26' 3PT Jump Shot,Missed Shot,Jump Shot,1,191,21800852,1190,11.0,made_fg(24),3,-1,likely_open,subType: open-like
284,PT02M58.00S,2,1610612744,GSW,201939,Curry,S. Curry,-223,103,25,Made,1,39.0,35.0,74,h,Curry 25' 3PT Jump Shot (8 PTS) (Durant 3 AST),Made Shot,Jump Shot,1,204,21800852,1262,8.0,made_fg(24),3,-1,likely_open,subType: open-like
289,PT02M35.00S,2,1610612744,GSW,201939,Curry,S. Curry,-162,195,25,Made,1,42.0,35.0,77,h,Curry 25' 3PT Pullup Jump Shot (11 PTS) (Durant 4 AST),Made Shot,Pullup Jump shot,1,207,21800852,1285,17.0,turnover(24),3,3,likely_contested,"subType: contested-like, text: pressure-move"
306,PT00M33.30S,2,1610612744,GSW,201939,Curry,S. Curry,155,272,31,Missed,1,,,0,h,MISS Curry 31' 3PT Jump Shot,Missed Shot,Jump Shot,1,219,21800852,1407,19.0,def_reb(24),3,-2,likely_open,"subType: open-like, distance: deep above-break 3 (>=27ft)"
366,PT08M30.00S,3,1610612744,GSW,201939,Curry,S. Curry,46,268,27,Made,1,60.0,53.0,113,h,Curry 27' 3PT Jump Shot (16 PTS) (Cousins 3 AST),Made Shot,Jump Shot,1,260,21800852,1650,16.0,def_reb(24),3,-2,likely_open,"subType: open-like, distance: deep above-break 3 (>=27ft)"
421,PT05M00.00S,3,1610612744,GSW,201939,Curry,S. Curry,151,236,28,Missed,1,,,0,h,MISS Curry 28' 3PT Jump Shot,Missed Shot,Jump Shot,1,292,21800852,1860,10.0,def_foul_14(14),3,-2,likely_open,"subType: open-like, distance: deep above-break 3 (>=27ft)"
441,PT03M34.00S,3,1610612744,GSW,201939,Curry,S. Curry,-179,211,28,Missed,1,,,0,h,MISS Curry 28' 3PT Jump Shot,Missed Shot,Jump Shot,1,306,21800852,1946,9.0,made_fg(24),3,-2,likely_open,"subType: open-like, distance: deep above-break 3 (>=27ft)"
574,PT06M45.00S,4,1610612744,GSW,201939,Curry,S. Curry,-6,165,17,Missed,1,,,0,h,MISS Curry 17' Turnaround Jump Shot,Missed Shot,Turnaround Jump Shot,1,403,21800852,2475,15.0,keep_clock(22),2,0,likely_open,
598,PT04M59.00S,4,1610612744,GSW,201939,Curry,S. Curry,206,148,25,Made,1,100.0,95.0,195,h,Curry 25' 3PT Pullup Jump Shot (19 PTS) (Durant 7 AST),Made Shot,Pullup Jump shot,1,422,21800852,2581,3.0,made_fg(24),3,4,likely_contested,"subType: contested-like, text: pressure-move, clock: late (<=5s)"
602,PT04M39.00S,4,1610612744,GSW,201939,Curry,S. Curry,141,230,27,Made,1,103.0,95.0,198,h,Curry 27' 3PT Running Pull-Up Jump Shot (22 PTS),Made Shot,Running Pull-Up Jump Shot,1,425,21800852,2601,17.0,def_reb(24),3,2,likely_contested,"subType: contested-like, text: pressure-move, distance: deep above-break 3 (>=27ft)"
611,PT04M13.00S,4,1610612744,GSW,201939,Curry,S. Curry,-16,21,3,Made,1,105.0,95.0,200,h,Curry 3' Layup (24 PTS),Made Shot,Layup Shot,1,432,21800852,2627,16.0,def_reb(24),2,1,borderline,distance: at-rim/very close
645,PT01M40.00S,4,1610612744,GSW,201939,Curry,S. Curry,-165,246,30,Missed,1,,,0,h,MISS Curry 30' 3PT Jump Shot,Missed Shot,Jump Shot,1,461,21800852,2780,7.0,def_reb(24),3,-2,likely_open,"subType: open-like, distance: deep above-break 3 (>=27ft)"
11,PT11M14.00S,1,1610612744,GSW,201939,Curry,S. Curry,137,163,21,Made,1,2.0,2.0,4,v,Curry 21' Pullup Jump Shot (2 PTS) (Green 1 AST),Made Shot,Pullup Jump shot,1,6,21800862,46,7.0,made_fg(24),2,3,likely_contested,"subType: contested-like, text: pressure-move"
22,PT10M35.00S,1,1610612744,GSW,201939,Curry,S. Curry,105,321,34,Missed,1,,,0,v,MISS Curry 34' 3PT Jump Shot,Missed Shot,Jump Shot,1,13,21800862,85,7.0,off_reb(14),3,-2,likely_open,"subType: open-like, distance: deep above-break 3 (>=27ft)"
51,PT08M38.00S,1,1610612744,GSW,201939,Curry,S. Curry,-108,237,26,Made,1,10.0,11.0,21,v,Curry 26' 3PT Pullup Jump Shot (5 PTS),Made Shot,Pullup Jump shot,1,32,21800862,202,17.0,def_reb(24),3,3,likely_contested,"subType: contested-like, text: pressure-move"
53,PT08M14.00S,1,1610612744,GSW,201939,Curry,S. Curry,110,227,25,Missed,1,,,0,v,MISS Curry 25' 3PT Running Pull-Up Jump Shot,Missed Shot,Running Pull-Up Jump Shot,1,34,21800862,226,19.0,made_fg(24),3,3,likely_contested,"subType: contested-like, text: pressure-move"
85,PT05M45.00S,1,1610612744,GSW,201939,Curry,S. Curry,-11,151,15,Made,1,17.0,17.0,34,v,Curry 15' Jump Shot (7 PTS),Made Shot,Jump Shot,1,57,21800862,375,11.0,made_fg(24),2,0,likely_open,"subType: open-like, distance: mid-range"
94,PT05M14.00S,1,1610612744,GSW,201939,Curry,S. Curry,119,250,28,Missed,1,,,0,v,MISS Curry 28' 3PT Pullup Jump Shot,Missed Shot,Pullup Jump shot,1,65,21800862,406,18.0,def_reb(24),3,2,likely_contested,"subType: contested-like, text: pressure-move, distance: deep above-break 3 (>=27ft)"
117,PT03M55.00S,1,1610612744,GSW,201939,Curry,S. Curry,2,172,17,Made,1,19.0,21.0,40,v,Curry 17' Pullup Jump Shot (9 PTS) (Jerebko 1 AST),Made Shot,Pullup Jump shot,1,82,21800862,485,10.0,keep_clock(17),2,3,likely_contested,"subType: contested-like, text: pressure-move"
134,PT02M53.00S,1,1610612744,GSW,201939,Curry,S. Curry,-16,20,3,Missed,1,,,0,v,MISS Curry 3' Driving Layup,Missed Shot,Driving Layup Shot,1,93,21800862,547,5.0,final_ft(24),2,4,likely_contested,"subType: contested-like, distance: at-rim/very close, clock: late (<=5s)"
276,PT04M37.00S,2,1610612744,GSW,201939,Curry,S. Curry,141,226,27,Missed,1,,,0,v,MISS Curry 27' 3PT Jump Shot,Missed Shot,Jump Shot,1,194,21800862,1163,11.0,def_reb(24),3,-2,likely_open,"subType: open-like, distance: deep above-break 3 (>=27ft)"
289,PT03M55.00S,2,1610612744,GSW,201939,Curry,S. Curry,13,6,1,Missed,1,,,0,v,MISS Curry 1' Cutting Layup Shot,Missed Shot,Cutting Layup Shot,1,204,21800862,1205,8.0,made_fg(24),2,1,borderline,distance: at-rim/very close
316,PT02M24.00S,2,1610612744,GSW,201939,Curry,S. Curry,-200,137,24,Made,1,60.0,57.0,117,v,Curry 24' 3PT Pullup Jump Shot (12 PTS),Made Shot,Pullup Jump shot,1,224,21800862,1296,13.0,keep_clock(18),3,3,likely_contested,"subType: contested-like, text: pressure-move"
338,PT00M46.70S,2,1610612744,GSW,201939,Curry,S. Curry,-161,235,28,Missed,1,,,0,v,MISS Curry 28' 3PT Jump Shot,Missed Shot,Jump Shot,1,242,21800862,1394,12.0,keep_clock(16),3,-2,likely_open,"subType: open-like, distance: deep above-break 3 (>=27ft)"
365,PT10M46.00S,3,1610612744,GSW,201939,Curry,S. Curry,-105,4,11,Made,1,68.0,66.0,134,v,Curry 11' Pullup Jump Shot (16 PTS),Made Shot,Pullup Jump shot,1,262,21800862,1514,9.0,made_fg(24),2,4,likely_contested,"subType: contested-like, text: pressure-move, distance: mid-range"
374,PT09M51.00S,3,1610612744,GSW,201939,Curry,S. Curry,195,-1,20,Made,1,72.0,71.0,143,v,Curry 20' Jump Shot (21 PTS) (Thompson 7 AST),Made Shot,Jump Shot,1,269,21800862,1569,10.0,made_fg(24),2,-1,likely_open,subType: open-like
384,PT09M01.00S,3,1610612744,GSW,201939,Curry,S. Curry,26,21,3,Missed,1,,,0,v,MISS Curry 3' Driving Hook Shot,Missed Shot,Driving Hook Shot,1,276,21800862,1619,12.0,made_fg(24),2,3,likely_contested,"subType: contested-like, distance: at-rim/very close"
445,PT05M01.00S,3,1610612744,GSW,201939,Curry,S. Curry,-221,90,24,Made,1,84.0,85.0,169,v,Curry 24' 3PT Jump Shot (26 PTS) (Durant 2 AST),Made Shot,Jump Shot,1,323,21800862,1859,9.0,made_fg(24),3,-1,likely_open,subType: open-like
460,PT03M59.00S,3,1610612744,GSW,201939,Curry,S. Curry,78,252,26,Made,1,86.0,90.0,176,v,Curry 26' 3PT Jump Shot (29 PTS) (Jerebko 3 AST),Made Shot,Jump Shot,1,334,21800862,1921,6.0,made_fg(24),3,-1,likely_open,subType: open-like
464,PT03M28.00S,3,1610612744,GSW,201939,Curry,S. Curry,-133,230,27,Made,1,88.0,93.0,181,v,Curry 27' 3PT Jump Shot (32 PTS) (Green 6 AST),Made Shot,Jump Shot,1,336,21800862,1952,9.0,made_fg(24),3,-2,likely_open,"subType: open-like, distance: deep above-break 3 (>=27ft)"
467,PT03M03.00S,3,1610612744,GSW,201939,Curry,S. Curry,193,109,22,Missed,1,,,0,v,MISS Curry 22' Step Back Jump Shot,Missed Shot,Step Back Jump shot,1,338,21800862,1977,10.0,made_fg(24),2,3,likely_contested,"subType: contested-like, text: pressure-move"
484,PT02M24.00S,3,1610612744,GSW,201939,Curry,S. Curry,-235,8,24,Missed,1,,,0,v,MISS Curry 24' 3PT Jump Shot,Missed Shot,Jump Shot,1,349,21800862,2016,14.0,def_reb(24),3,-2,likely_open,"subType: open-like, coords: corner-3, corner: catch/spot"
576,PT06M55.00S,4,1610612744,GSW,201939,Curry,S. Curry,225,28,0,Missed,1,,,0,v,MISS Curry 3PT Jump Shot,Missed Shot,Jump Shot,1,419,21800862,2465,3.0,made_fg(24),3,0,likely_open,"subType: open-like, distance: at-rim/very close, coords: corner-3, corner: catch/spot, clock: late (<=5s)"
600,PT05M09.00S,4,1610612744,GSW,201939,Curry,S. Curry,116,239,27,Missed,1,,,0,v,MISS Curry 27' 3PT Jump Shot,Missed Shot,Jump Shot,1,441,21800862,2571,12.0,off_reb(14),3,-2,likely_open,"subType: open-like, distance: deep above-break 3 (>=27ft)"
640,PT03M16.00S,4,1610612744,GSW,201939,Curry,S. Curry,57,258,26,Missed,1,,,0,v,MISS Curry 26' 3PT Jump Shot,Missed Shot,Jump Shot,1,470,21800862,2684,6.0,made_fg(24),3,-1,likely_open,subType: open-like
646,PT02M51.00S,4,1610612744,GSW,201939,Curry,S. Curry,52,184,19,Missed,1,,,0,v,MISS Curry 19' Jump Shot,Missed Shot,Jump Shot,1,475,21800862,2709,14.0,final_ft(24),2,-1,likely_open,subType: open-like
17,PT10M41.00S,1,1610612744,GSW,201939,Curry,S. Curry,-192,197,28,Made,1,5.0,2.0,7,h,Curry 28' 3PT Running Jump Shot (3 PTS) (Green 2 AST),Made Shot,Running Jump Shot,1,10,21800871,79,16.0,made_fg(24),3,-2,likely_open,"subType: open-like, distance: deep above-break 3 (>=27ft)"
43,PT08M19.00S,1,1610612744,GSW,201939,Curry,S. Curry,-5,70,7,Missed,1,,,0,h,MISS Curry 7' Driving Finger Roll Layup,Missed Shot,Driving Finger Roll Layup Shot,1,30,21800871,221,10.0,made_fg(24),2,0,likely_open,
54,PT07M43.00S,1,1610612744,GSW,201939,Curry,S. Curry,-12,36,4,Missed,1,,,0,h,MISS Curry 4' Layup,Missed Shot,Layup Shot,1,39,21800871,257,19.0,turnover(24),2,1,borderline,distance: at-rim/very close
63,PT06M57.00S,1,1610612744,GSW,201939,Curry,S. Curry,-234,37,24,Made,1,19.0,13.0,32,h,Curry 24' 3PT Jump Shot (6 PTS) (Green 4 AST),Made Shot,Jump Shot,1,48,21800871,303,14.0,made_fg(24),3,-2,likely_open,"subType: open-like, coords: corner-3, corner: catch/spot"
69,PT06M09.00S,1,1610612744,GSW,201939,Curry,S. Curry,9,13,2,Made,1,21.0,15.0,36,h,Curry 2' Driving Dunk (8 PTS) (Durant 1 AST),Made Shot,Driving Dunk Shot,1,51,21800871,351,4.0,made_fg(24),2,4,likely_contested,"subType: contested-like, distance: at-rim/very close, clock: late (<=5s)"
78,PT05M57.00S,1,1610612744,GSW,201939,Curry,S. Curry,-213,162,27,Missed,1,,,0,h,MISS Curry 27' 3PT Jump Shot,Missed Shot,Jump Shot,1,57,21800871,363,19.0,def_reb(24),3,-2,likely_open,"subType: open-like, distance: deep above-break 3 (>=27ft)"
119,PT03M42.00S,1,1610612744,GSW,201939,Curry,S. Curry,-229,26,0,Missed,1,,,0,h,MISS Curry 3PT Jump Shot,Missed Shot,Jump Shot,1,86,21800871,498,16.0,def_reb(24),3,-1,likely_open,"subType: open-like, distance: at-rim/very close, coords: corner-3, corner: catch/spot"
131,PT02M48.00S,1,1610612744,GSW,201939,Curry,S. Curry,194,209,29,Made,1,28.0,23.0,51,h,Curry 29' 3PT Jump Shot (11 PTS) (Durant 2 AST),Made Shot,Jump Shot,1,98,21800871,552,15.0,def_reb(24),3,-2,likely_open,"subType: open-like, distance: deep above-break 3 (>=27ft)"
311,PT04M30.00S,2,1610612744,GSW,201939,Curry,S. Curry,204,178,27,Made,1,46.0,54.0,100,h,Curry 27' 3PT Step Back Jump Shot (14 PTS),Made Shot,Step Back Jump shot,1,226,21800871,1170,14.0,turnover(24),3,2,likely_contested,"subType: contested-like, text: pressure-move, distance: deep above-break 3 (>=27ft)"
331,PT03M39.00S,2,1610612744,GSW,201939,Curry,S. Curry,-207,195,28,Made,1,51.0,54.0,105,h,Curry 28' 3PT Jump Shot (17 PTS) (Thompson 3 AST),Made Shot,Jump Shot,1,239,21800871,1221,19.0,def_reb(24),3,-2,likely_open,"subType: open-like, distance: deep above-break 3 (>=27ft)"
342,PT02M34.00S,2,1610612744,GSW,201939,Curry,S. Curry,107,260,28,Missed,1,,,0,h,MISS Curry 28' 3PT Jump Shot,Missed Shot,Jump Shot,1,247,21800871,1286,20.0,def_reb(24),3,-2,likely_open,"subType: open-like, distance: deep above-break 3 (>=27ft)"
427,PT09M43.00S,3,1610612744,GSW,201939,Curry,S. Curry,-89,138,16,Made,1,65.0,72.0,137,h,Curry 16' Step Back Jump Shot (19 PTS),Made Shot,Step Back Jump shot,1,299,21800871,1577,14.0,made_fg(24),2,4,likely_contested,"subType: contested-like, text: pressure-move, distance: mid-range"
432,PT09M04.00S,3,1610612744,GSW,201939,Curry,S. Curry,182,195,27,Made,1,68.0,74.0,142,h,Curry 27' 3PT Jump Shot (22 PTS) (Cousins 2 AST),Made Shot,Jump Shot,1,303,21800871,1616,,stale_reset(24),3,-2,likely_open,"subType: open-like, distance: deep above-break 3 (>=27ft)"
442,PT08M10.00S,3,1610612744,GSW,201939,Curry,S. Curry,-230,22,0,Missed,1,,,0,h,MISS Curry 3PT Jump Shot,Missed Shot,Jump Shot,1,310,21800871,1670,16.0,keep_clock(20),3,-1,likely_open,"subType: open-like, distance: at-rim/very close, coords: corner-3, corner: catch/spot"
470,PT06M45.00S,3,1610612744,GSW,201939,Curry,S. Curry,-168,199,26,Missed,1,,,0,h,MISS Curry 26' 3PT Jump Shot,Missed Shot,Jump Shot,1,336,21800871,1755,12.0,off_reb(14),3,-1,likely_open,subType: open-like
506,PT03M59.00S,3,1610612744,GSW,201939,Curry,S. Curry,-21,40,5,Missed,1,,,0,h,MISS Curry 5' Driving Layup,Missed Shot,Driving Layup Shot,1,361,21800871,1921,12.0,made_fg(24),2,3,likely_contested,"subType: contested-like, distance: at-rim/very close"
520,PT02M56.00S,3,1610612744,GSW,201939,Curry,S. Curry,141,227,27,Made,1,82.0,87.0,169,h,Curry 27' 3PT Jump Shot (25 PTS) (Durant 4 AST),Made Shot,Jump Shot,1,375,21800871,1984,5.0,final_ft(24),3,-1,likely_open,"subType: open-like, distance: deep above-break 3 (>=27ft), clock: late (<=5s)"
645,PT07M00.00S,4,1610612744,GSW,201939,Curry,S. Curry,-178,193,26,Made,1,107.0,104.0,211,h,Curry 26' 3PT Step Back Jump Shot (28 PTS),Made Shot,Step Back Jump shot,1,455,21800871,2460,21.0,def_reb(24),3,3,likely_contested,"subType: contested-like, text: pressure-move"
654,PT06M22.00S,4,1610612744,GSW,201939,Curry,S. Curry,-206,158,26,Missed,1,,,0,h,MISS Curry 26' 3PT Jump Shot,Missed Shot,Jump Shot,1,463,21800871,2498,20.0,def_reb(24),3,-1,likely_open,subType: open-like
696,PT04M03.00S,4,1610612744,GSW,201939,Curry,S. Curry,8,50,5,Missed,1,,,0,h,MISS Curry 5' Driving Floating Jump Shot,Missed Shot,Driving Floating Jump Shot,1,493,21800871,2637,6.0,made_fg(24),2,3,likely_contested,"subType: contested-like, distance: at-rim/very close"
716,PT02M34.00S,4,1610612744,GSW,201939,Curry,S. Curry,-40,253,26,Made,1,114.0,108.0,222,h,Curry 26' 3PT Pullup Jump Shot (31 PTS),Made Shot,Pullup Jump shot,1,507,21800871,2726,16.0,def_reb(24),3,3,likely_contested,"subType: contested-like, text: pressure-move"
725,PT01M43.00S,4,1610612744,GSW,201939,Curry,S. Curry,147,216,26,Made,1,117.0,111.0,228,h,Curry 26' 3PT Step Back Jump Shot (34 PTS),Made Shot,Step Back Jump shot,1,515,21800871,2777,13.0,def_reb(24),3,3,likely_contested,"subType: contested-like, text: pressure-move"
730,PT01M12.00S,4,1610612744,GSW,201939,Curry,S. Curry,8,35,4,Missed,1,,,0,h,MISS Curry 4' Driving Layup,Missed Shot,Driving Layup Shot,1,519,21800871,2808,10.0,made_fg(24),2,3,likely_contested,"subType: contested-like, distance: at-rim/very close"
60,PT07M15.00S,1,1610612744,GSW,201939,Curry,S. Curry,179,197,27,Made,1,6.0,18.0,24,h,Curry 27' 3PT Running Jump Shot (3 PTS),Made Shot,Running Jump Shot,1,45,21800892,285,14.0,made_fg(24),3,-2,likely_open,"subType: open-like, distance: deep above-break 3 (>=27ft)"
86,PT05M29.00S,1,1610612744,GSW,201939,Curry,S. Curry,168,214,27,Missed,1,,,0,h,MISS Curry 27' 3PT Jump Shot,Missed Shot,Jump Shot,1,64,21800892,391,13.0,made_fg(24),3,-2,likely_open,"subType: open-like, distance: deep above-break 3 (>=27ft)"
94,PT04M58.00S,1,1610612744,GSW,201939,Curry,S. Curry,93,28,10,Missed,1,,,0,h,MISS Curry 10' Driving Floating Jump Shot,Missed Shot,Driving Floating Jump Shot,1,70,21800892,422,4.0,final_ft(24),2,4,likely_contested,"subType: contested-like, distance: mid-range, clock: late (<=5s)"
129,PT03M13.00S,1,1610612744,GSW,201939,Curry,S. Curry,107,248,27,Missed,1,,,0,h,MISS Curry 27' 3PT Jump Shot,Missed Shot,Jump Shot,1,97,21800892,527,8.0,keep_clock(16),3,-2,likely_open,"subType: open-like, distance: deep above-break 3 (>=27ft)"
297,PT04M22.00S,2,1610612744,GSW,201939,Curry,S. Curry,220,130,26,Made,1,35.0,50.0,85,h,Curry 26' 3PT Jump Shot (6 PTS) (Green 2 AST),Made Shot,Jump Shot,1,223,21800892,1178,10.0,def_reb(24),3,-1,likely_open,subType: open-like
333,PT02M31.00S,2,1610612744,GSW,201939,Curry,S. Curry,10,25,3,Made,1,44.0,54.0,98,h,Curry 3' Running Layup (8 PTS),Made Shot,Running Layup Shot,1,249,21800892,1289,18.0,def_reb(24),2,3,likely_contested,"subType: contested-like, distance: at-rim/very close"
355,PT00M38.40S,2,1610612744,GSW,201939,Curry,S. Curry,5,26,3,Made,1,49.0,59.0,108,h,Curry 3' Running Finger Roll Layup (10 PTS),Made Shot,Running Finger Roll Layup Shot,1,266,21800892,1402,18.0,def_reb(24),2,1,borderline,distance: at-rim/very close
358,PT00M27.10S,2,1610612744,GSW,201939,Curry,S. Curry,107,233,26,Made,1,52.0,59.0,111,h,Curry 26' 3PT Running Jump Shot (13 PTS) (Green 3 AST),Made Shot,Running Jump Shot,1,269,21800892,1413,20.0,def_reb(24),3,-1,likely_open,subType: open-like
384,PT09M54.00S,3,1610612744,GSW,201939,Curry,S. Curry,0,20,2,Made,1,64.0,63.0,127,h,Curry 2' Running Layup (15 PTS) (Thompson 3 AST),Made Shot,Running Layup Shot,1,286,21800892,1566,15.0,turnover(24),2,3,likely_contested,"subType: contested-like, distance: at-rim/very close"
397,PT09M10.00S,3,1610612744,GSW,201939,Curry,S. Curry,122,146,19,Made,1,66.0,66.0,132,h,Curry 19' Turnaround Jump Shot (17 PTS) (Durant 3 AST),Made Shot,Turnaround Jump Shot,1,299,21800892,1610,10.0,made_fg(24),2,0,likely_open,
408,PT08M25.00S,3,1610612744,GSW,201939,Curry,S. Curry,-227,0,0,Missed,1,,,0,h,MISS Curry 3PT Jump Shot,Missed Shot,Jump Shot,1,306,21800892,1655,7.0,made_fg(24),3,-1,likely_open,"subType: open-like, distance: at-rim/very close, coords: corner-3, corner: catch/spot"
454,PT05M37.00S,3,1610612744,GSW,201939,Curry,S. Curry,-228,-6,0,Made,1,76.0,74.0,150,h,Curry 3PT Jump Shot (20 PTS) (Iguodala 1 AST),Made Shot,Jump Shot,1,342,21800892,1823,16.0,def_reb(24),3,-1,likely_open,"subType: open-like, distance: at-rim/very close, coords: corner-3, corner: catch/spot"
467,PT04M52.00S,3,1610612744,GSW,201939,Curry,S. Curry,-53,67,9,Missed,1,,,0,h,MISS Curry 9' Running Layup,Missed Shot,Running Layup Shot,1,349,21800892,1868,18.0,def_reb(24),2,3,likely_contested,"subType: contested-like, distance: mid-range"
499,PT02M44.00S,3,1610612744,GSW,201939,Curry,S. Curry,-143,220,26,Missed,1,,,0,h,MISS Curry 26' 3PT Jump Shot,Missed Shot,Jump Shot,1,375,21800892,1996,13.0,made_fg(24),3,-1,likely_open,subType: open-like
596,PT07M45.00S,4,1610612744,GSW,201939,Curry,S. Curry,-156,230,28,Missed,1,,,0,h,MISS Curry 28' 3PT Jump Shot,Missed Shot,Jump Shot,1,440,21800892,2415,15.0,made_fg(24),3,-2,likely_open,"subType: open-like, distance: deep above-break 3 (>=27ft)"
621,PT05M46.00S,4,1610612744,GSW,201939,Curry,S. Curry,51,67,8,Missed,1,,,0,h,MISS Curry 8' Jump Shot,Missed Shot,Jump Shot,1,458,21800892,2534,7.0,keep_clock(23),2,0,likely_open,"subType: open-like, distance: mid-range"
636,PT04M35.00S,4,1610612744,GSW,201939,Curry,S. Curry,107,268,29,Missed,1,,,0,h,MISS Curry 29' 3PT Jump Shot,Missed Shot,Jump Shot,1,471,21800892,2605,14.0,def_reb(24),3,-2,likely_open,"subType: open-like, distance: deep above-break 3 (>=27ft)"
668,PT01M57.00S,4,1610612744,GSW,201939,Curry,S. Curry,-233,-22,0,Made,1,108.0,114.0,222,h,Curry 3PT Jump Shot (23 PTS) (Thompson 6 AST),Made Shot,Jump Shot,1,496,21800892,2763,16.0,def_reb(24),3,-1,likely_open,"subType: open-like, distance: at-rim/very close, coords: corner-3, corner: catch/spot"
44,PT08M11.00S,1,1610612744,GSW,201939,Curry,S. Curry,235,1,24,Missed,1,,,0,v,MISS Curry 24' 3PT Jump Shot,Missed Shot,Jump Shot,1,33,21800897,229,7.0,made_fg(24),3,-2,likely_open,"subType: open-like, coords: corner-3, corner: catch/spot"
105,PT03M36.00S,1,1610612744,GSW,201939,Curry,S. Curry,16,19,2,Missed,1,,,0,v,MISS Curry 2' Driving Layup,Missed Shot,Driving Layup Shot,1,77,21800897,504,6.0,off_reb(14),2,3,likely_contested,"subType: contested-like, distance: at-rim/very close"
125,PT02M30.00S,1,1610612744,GSW,201939,Curry,S. Curry,-109,221,25,Missed,1,,,0,v,MISS Curry 25' 3PT Jump Shot,Missed Shot,Jump Shot,1,93,21800897,570,18.0,turnover(24),3,-1,likely_open,subType: open-like
261,PT05M33.00S,2,1610612744,GSW,201939,Curry,S. Curry,55,273,28,Made,1,44.0,58.0,102,v,Curry 28' 3PT Jump Shot (4 PTS) (Green 7 AST),Made Shot,Jump Shot,1,189,21800897,1107,14.0,made_fg(24),3,-2,likely_open,"subType: open-like, distance: deep above-break 3 (>=27ft)"
271,PT05M07.00S,2,1610612744,GSW,201939,Curry,S. Curry,6,47,5,Missed,1,,,0,v,MISS Curry 5' Layup,Missed Shot,Layup Shot,1,195,21800897,1133,11.0,def_reb(24),2,1,borderline,distance: at-rim/very close
273,PT05M03.00S,2,1610612744,GSW,201939,Curry,S. Curry,228,124,26,Missed,1,,,0,v,MISS Curry 26' 3PT Jump Shot,Missed Shot,Jump Shot,1,197,21800897,1137,12.0,off_reb(14),3,-1,likely_open,subType: open-like
289,PT03M45.00S,2,1610612744,GSW,201939,Curry,S. Curry,57,274,28,Missed,1,,,0,v,MISS Curry 28' 3PT Jump Shot,Missed Shot,Jump Shot,1,213,21800897,1215,21.0,def_reb(24),3,-2,likely_open,"subType: open-like, distance: deep above-break 3 (>=27ft)"
332,PT01M08.00S,2,1610612744,GSW,201939,Curry,S. Curry,43,269,27,Made,1,53.0,65.0,118,v,Curry 27' 3PT Jump Shot (7 PTS) (Green 8 AST),Made Shot,Jump Shot,1,242,21800897,1372,15.0,def_reb(24),3,-2,likely_open,"subType: open-like, distance: deep above-break 3 (>=27ft)"
373,PT11M45.00S,3,1610612744,GSW,201939,Curry,S. Curry,93,241,26,Missed,1,,,0,v,MISS Curry 26' 3PT Jump Shot,Missed Shot,Jump Shot,1,264,21800897,1455,9.0,period_start(24),3,-1,likely_open,subType: open-like
399,PT08M45.00S,3,1610612744,GSW,201939,Curry,S. Curry,19,22,3,Missed,1,,,0,v,MISS Curry 3' Driving Layup,Missed Shot,Driving Layup Shot,1,285,21800897,1635,13.0,made_fg(24),2,3,likely_contested,"subType: contested-like, distance: at-rim/very close"
419,PT07M31.00S,3,1610612744,GSW,201939,Curry,S. Curry,119,235,26,Made,1,73.0,81.0,154,v,Curry 26' 3PT Jump Shot (10 PTS) (Durant 3 AST),Made Shot,Jump Shot,1,301,21800897,1709,11.0,final_ft(24),3,-1,likely_open,subType: open-like
424,PT07M03.00S,3,1610612744,GSW,201939,Curry,S. Curry,-8,15,2,Made,1,73.0,83.0,156,v,Curry 2' Running Layup (12 PTS) (Thompson 5 AST),Made Shot,Running Layup Shot,1,304,21800897,1737,16.0,def_reb(24),2,3,likely_contested,"subType: contested-like, distance: at-rim/very close"
474,PT03M30.00S,3,1610612744,GSW,201939,Curry,S. Curry,-231,49,24,Missed,1,,,0,v,MISS Curry 24' 3PT Jump Shot,Missed Shot,Jump Shot,1,341,21800897,1950,10.0,turnover(24),3,-2,likely_open,"subType: open-like, coords: corner-3, corner: catch/spot"
490,PT02M49.00S,3,1610612744,GSW,201939,Curry,S. Curry,-154,215,26,Missed,1,,,0,v,MISS Curry 26' 3PT Jump Shot,Missed Shot,Jump Shot,1,353,21800897,1991,12.0,made_fg(24),3,-1,likely_open,subType: open-like
644,PT04M06.00S,4,1610612744,GSW,201939,Curry,S. Curry,-103,264,28,Missed,1,,,0,v,MISS Curry 28' 3PT Jump Shot,Missed Shot,Jump Shot,1,460,21800897,2634,9.0,final_ft(24),3,-2,likely_open,"subType: open-like, distance: deep above-break 3 (>=27ft)"
674,PT01M27.00S,4,1610612744,GSW,201939,Curry,S. Curry,-158,249,29,Missed,1,,,0,v,MISS Curry 29' 3PT Jump Shot,Missed Shot,Jump Shot,1,483,21800897,2793,4.0,made_fg(24),3,-1,likely_open,"subType: open-like, distance: deep above-break 3 (>=27ft), clock: late (<=5s)"
677,PT00M58.50S,4,1610612744,GSW,201939,Curry,S. Curry,-177,212,28,Made,1,110.0,121.0,231,v,Curry 28' 3PT Jump Shot (16 PTS) (Green 10 AST),Made Shot,Jump Shot,1,486,21800897,2822,3.0,turnover(24),3,-1,likely_open,"subType: open-like, distance: deep above-break 3 (>=27ft), clock: late (<=5s)"
683,PT00M24.60S,4,1610612744,GSW,201939,Curry,S. Curry,-182,278,33,Missed,1,,,0,v,MISS Curry 33' 3PT Jump Shot,Missed Shot,Jump Shot,1,490,21800897,2856,7.0,keep_clock(18),3,-2,likely_open,"subType: open-like, distance: deep above-break 3 (>=27ft)"
15,PT10M59.00S,1,1610612744,GSW,201939,Curry,S. Curry,176,180,25,Missed,1,,,0,v,MISS Curry 25' 3PT Jump Shot,Missed Shot,Jump Shot,1,7,21800915,61,11.0,made_fg(24),3,-1,likely_open,subType: open-like
29,PT09M49.00S,1,1610612744,GSW,201939,Curry,S. Curry,-16,7,2,Made,1,4.0,7.0,11,v,Curry 2' Running Layup (2 PTS),Made Shot,Running Layup Shot,1,20,21800915,131,19.0,turnover(24),2,3,likely_contested,"subType: contested-like, distance: at-rim/very close"
46,PT08M19.00S,1,1610612744,GSW,201939,Curry,S. Curry,-234,15,0,Missed,1,,,0,v,MISS Curry 3PT Jump Shot,Missed Shot,Jump Shot,1,32,21800915,221,11.0,off_reb(14),3,-1,likely_open,"subType: open-like, distance: at-rim/very close, coords: corner-3, corner: catch/spot"
62,PT07M18.00S,1,1610612744,GSW,201939,Curry,S. Curry,-20,11,2,Made,1,12.0,9.0,21,v,Curry 2' Reverse Layup (4 PTS) (Jerebko 1 AST),Made Shot,Reverse Layup Shot,1,45,21800915,282,9.0,final_ft(24),2,3,likely_contested,"subType: contested-like, distance: at-rim/very close"
89,PT05M13.00S,1,1610612744,GSW,201939,Curry,S. Curry,108,230,25,Made,1,18.0,14.0,32,v,Curry 25' 3PT Pullup Jump Shot (7 PTS),Made Shot,Pullup Jump shot,1,65,21800915,407,11.0,made_fg(24),3,3,likely_contested,"subType: contested-like, text: pressure-move"
99,PT04M21.00S,1,1610612744,GSW,201939,Curry,S. Curry,-235,10,24,Missed,1,,,0,v,MISS Curry 24' 3PT Jump Shot,Missed Shot,Jump Shot,1,72,21800915,459,5.0,made_fg(24),3,-1,likely_open,"subType: open-like, coords: corner-3, corner: catch/spot, clock: late (<=5s)"
253,PT05M01.00S,2,1610612744,GSW,201939,Curry,S. Curry,-112,223,25,Missed,1,,,0,v,MISS Curry 25' 3PT Jump Shot,Missed Shot,Jump Shot,1,181,21800915,1139,15.0,made_fg(24),3,-1,likely_open,subType: open-like
308,PT02M01.00S,2,1610612744,GSW,201939,Curry,S. Curry,-16,252,25,Missed,1,,,0,v,MISS Curry 25' 3PT Pullup Jump Shot,Missed Shot,Pullup Jump shot,1,222,21800915,1319,23.0,def_reb(24),3,3,likely_contested,"subType: contested-like, text: pressure-move"
325,PT00M56.40S,2,1610612744,GSW,201939,Curry,S. Curry,13,21,2,Made,1,71.0,53.0,124,v,Curry 2' Driving Layup (9 PTS),Made Shot,Driving Layup Shot,1,233,21800915,1384,14.0,keep_clock(23),2,3,likely_contested,"subType: contested-like, distance: at-rim/very close"
364,PT10M48.00S,3,1610612744,GSW,201939,Curry,S. Curry,1,126,13,Made,1,75.0,61.0,136,v,Curry 13' Floating Jump Shot (11 PTS),Made Shot,Floating Jump shot,1,258,21800915,1512,12.0,off_reb(14),2,3,likely_contested,"subType: contested-like, distance: mid-range"
366,PT10M25.00S,3,1610612744,GSW,201939,Curry,S. Curry,153,197,25,Made,1,78.0,64.0,142,v,Curry 25' 3PT Pullup Jump Shot (14 PTS) (Looney 1 AST),Made Shot,Pullup Jump shot,1,260,21800915,1535,18.0,made_fg(24),3,3,likely_contested,"subType: contested-like, text: pressure-move"
385,PT09M10.00S,3,1610612744,GSW,201939,Curry,S. Curry,145,242,28,Missed,1,,,0,v,MISS Curry 28' 3PT Pullup Jump Shot,Missed Shot,Pullup Jump shot,1,275,21800915,1610,14.0,made_fg(24),3,2,likely_contested,"subType: contested-like, text: pressure-move, distance: deep above-break 3 (>=27ft)"
399,PT08M02.00S,3,1610612744,GSW,201939,Curry,S. Curry,119,277,30,Missed,1,,,0,v,MISS Curry 30' 3PT Jump Shot,Missed Shot,Jump Shot,1,286,21800915,1678,10.0,keep_clock(24),3,-2,likely_open,"subType: open-like, distance: deep above-break 3 (>=27ft)"
445,PT04M24.00S,3,1610612744,GSW,201939,Curry,S. Curry,46,289,29,Missed,1,,,0,v,MISS Curry 29' 3PT Jump Shot,Missed Shot,Jump Shot,1,320,21800915,1896,20.0,def_reb(24),3,-2,likely_open,"subType: open-like, distance: deep above-break 3 (>=27ft)"
466,PT03M17.00S,3,1610612744,GSW,201939,Curry,S. Curry,145,210,26,Made,1,93.0,85.0,178,v,Curry 26' 3PT Pullup Jump Shot (19 PTS),Made Shot,Pullup Jump shot,1,336,21800915,1963,15.0,def_reb(24),3,3,likely_contested,"subType: contested-like, text: pressure-move"
470,PT02M40.00S,3,1610612744,GSW,201939,Curry,S. Curry,-16,15,2,Missed,1,,,0,v,MISS Curry 2' Reverse Layup,Missed Shot,Reverse Layup Shot,1,339,21800915,2000,8.0,turnover(24),2,3,likely_contested,"subType: contested-like, distance: at-rim/very close"
584,PT07M37.00S,4,1610612744,GSW,201939,Curry,S. Curry,-141,206,25,Made,1,106.0,103.0,209,v,Curry 25' 3PT Jump Shot (22 PTS),Made Shot,Jump Shot,1,425,21800915,2423,15.0,turnover(24),3,-1,likely_open,subType: open-like
586,PT06M55.00S,4,1610612744,GSW,201939,Curry,S. Curry,-236,37,24,Missed,1,,,0,v,MISS Curry 24' 3PT Jump Shot,Missed Shot,Jump Shot,1,427,21800915,2465,5.0,made_fg(24),3,-1,likely_open,"subType: open-like, coords: corner-3, corner: catch/spot, clock: late (<=5s)"
618,PT04M28.00S,4,1610612744,GSW,201939,Curry,S. Curry,-55,246,25,Missed,1,,,0,v,MISS Curry 25' 3PT Jump Shot,Missed Shot,Jump Shot,1,449,21800915,2612,0.0,def_foul_14(14),3,0,likely_open,"subType: open-like, clock: late (<=5s)"
648,PT02M26.00S,4,1610612744,GSW,201939,Curry,S. Curry,3,14,1,Made,1,116.0,118.0,234,v,Curry 1' Driving Layup (24 PTS),Made Shot,Driving Layup Shot,1,470,21800915,2734,10.0,turnover(24),2,3,likely_contested,"subType: contested-like, distance: at-rim/very close"
17,PT10M41.00S,1,1610612744,GSW,201939,Curry,S. Curry,16,18,2,Missed,1,,,0,v,MISS Curry 2' Driving Layup,Missed Shot,Driving Layup Shot,1,11,21800923,79,9.0,made_fg(24),2,3,likely_contested,"subType: contested-like, distance: at-rim/very close"
45,PT07M42.00S,1,1610612744,GSW,201939,Curry,S. Curry,78,238,25,Missed,1,,,0,v,MISS Curry 25' 3PT Pullup Jump Shot,Missed Shot,Pullup Jump shot,1,31,21800923,258,18.0,made_fg(24),3,3,likely_contested,"subType: contested-like, text: pressure-move"
57,PT06M32.00S,1,1610612744,GSW,201939,Curry,S. Curry,-49,133,14,Made,1,15.0,9.0,24,v,Curry 14' Driving Floating Jump Shot (2 PTS),Made Shot,Driving Floating Jump Shot,1,41,21800923,328,14.0,final_ft(24),2,3,likely_contested,"subType: contested-like, distance: mid-range"
65,PT05M56.00S,1,1610612744,GSW,201939,Curry,S. Curry,-38,254,26,Missed,1,,,0,v,MISS Curry 26' 3PT Jump Shot,Missed Shot,Jump Shot,1,46,21800923,364,12.0,keep_clock(20),3,-1,likely_open,subType: open-like
84,PT04M33.00S,1,1610612744,GSW,201939,Curry,S. Curry,86,239,25,Made,1,23.0,15.0,38,v,Curry 25' 3PT Pullup Jump Shot (8 PTS),Made Shot,Pullup Jump shot,1,61,21800923,447,11.0,made_fg(24),3,3,likely_contested,"subType: contested-like, text: pressure-move"
101,PT03M51.00S,1,1610612744,GSW,201939,Curry,S. Curry,-19,259,26,Made,1,23.0,18.0,41,v,Curry 26' 3PT Pullup Jump Shot (11 PTS),Made Shot,Pullup Jump shot,1,72,21800923,489,14.0,turnover(24),3,3,likely_contested,"subType: contested-like, text: pressure-move"
111,PT03M01.00S,1,1610612744,GSW,201939,Curry,S. Curry,124,227,26,Missed,1,,,0,v,MISS Curry 26' 3PT Pullup Jump Shot,Missed Shot,Pullup Jump shot,1,80,21800923,539,20.0,def_reb(24),3,3,likely_contested,"subType: contested-like, text: pressure-move"
130,PT01M12.00S,1,1610612744,GSW,201939,Curry,S. Curry,-14,23,3,Made,1,26.0,20.0,46,v,Curry 3' Driving Layup (13 PTS),Made Shot,Driving Layup Shot,1,97,21800923,648,8.0,turnover(24),2,3,likely_contested,"subType: contested-like, distance: at-rim/very close"
133,PT00M42.20S,1,1610612744,GSW,201939,Curry,S. Curry,20,10,2,Made,1,28.0,22.0,50,v,Curry 2' Driving Layup (15 PTS),Made Shot,Driving Layup Shot,1,99,21800923,678,16.0,made_fg(24),2,3,likely_contested,"subType: contested-like, distance: at-rim/very close"
136,PT00M05.70S,1,1610612744,GSW,201939,Curry,S. Curry,113,243,27,Missed,1,,,0,v,MISS Curry 27' 3PT Pullup Jump Shot,Missed Shot,Pullup Jump shot,1,102,21800923,715,7.0,def_reb(24),3,2,likely_contested,"subType: contested-like, text: pressure-move, distance: deep above-break 3 (>=27ft)"
242,PT05M44.00S,2,1610612744,GSW,201939,Curry,S. Curry,105,190,22,Missed,1,,,0,v,MISS Curry 22' Jump Shot,Missed Shot,Jump Shot,1,174,21800923,1096,12.0,final_ft(24),2,-1,likely_open,subType: open-like
245,PT05M36.00S,2,1610612744,GSW,201939,Curry,S. Curry,19,8,2,Made,1,43.0,39.0,82,v,Curry 2' Driving Layup (17 PTS),Made Shot,Driving Layup Shot,1,177,21800923,1104,9.0,off_reb(14),2,3,likely_contested,"subType: contested-like, distance: at-rim/very close"
265,PT04M34.00S,2,1610612744,GSW,201939,Curry,S. Curry,10,254,25,Missed,1,,,0,v,MISS Curry 25' 3PT Jump Shot,Missed Shot,Jump Shot,1,194,21800923,1166,18.0,def_reb(24),3,-1,likely_open,subType: open-like
272,PT03M59.00S,2,1610612744,GSW,201939,Curry,S. Curry,0,158,16,Missed,1,,,0,v,MISS Curry 16' Driving Floating Jump Shot,Missed Shot,Driving Floating Jump Shot,1,198,21800923,1201,5.0,made_fg(24),2,4,likely_contested,"subType: contested-like, distance: mid-range, clock: late (<=5s)"
285,PT03M23.00S,2,1610612744,GSW,201939,Curry,S. Curry,85,172,19,Made,1,49.0,43.0,92,v,Curry 19' Pullup Jump Shot (19 PTS),Made Shot,Pullup Jump shot,1,206,21800923,1237,8.0,def_foul_14(14),2,3,likely_contested,"subType: contested-like, text: pressure-move"
315,PT00M36.70S,2,1610612744,GSW,201939,Curry,S. Curry,-14,49,5,Missed,1,,,0,v,MISS Curry 5' Layup,Missed Shot,Layup Shot,1,231,21800923,1404,18.0,def_reb(24),2,1,borderline,distance: at-rim/very close
337,PT11M22.00S,3,1610612744,GSW,201939,Curry,S. Curry,123,216,25,Missed,1,,,0,v,MISS Curry 25' 3PT Jump Shot,Missed Shot,Jump Shot,1,244,21800923,1478,15.0,def_reb(24),3,-1,likely_open,subType: open-like
376,PT07M20.00S,3,1610612744,GSW,201939,Curry,S. Curry,-20,16,3,Missed,1,,,0,v,MISS Curry 3' Driving Layup,Missed Shot,Driving Layup Shot,1,275,21800923,1720,16.0,def_reb(24),2,3,likely_contested,"subType: contested-like, distance: at-rim/very close"
420,PT03M37.00S,3,1610612744,GSW,201939,Curry,S. Curry,-113,94,15,Made,1,66.0,71.0,137,v,Curry 15' Step Back Jump Shot (22 PTS),Made Shot,Step Back Jump shot,1,307,21800923,1943,17.0,def_reb(24),2,4,likely_contested,"subType: contested-like, text: pressure-move, distance: mid-range"
434,PT03M14.00S,3,1610612744,GSW,201939,Curry,S. Curry,187,187,26,Made,1,66.0,74.0,140,v,Curry 26' 3PT Pullup Jump Shot (25 PTS),Made Shot,Pullup Jump shot,1,314,21800923,1966,12.0,def_reb(24),3,3,likely_contested,"subType: contested-like, text: pressure-move"
437,PT02M54.00S,3,1610612744,GSW,201939,Curry,S. Curry,131,266,30,Missed,1,,,0,v,MISS Curry 30' 3PT Jump Shot,Missed Shot,Jump Shot,1,317,21800923,1986,21.0,def_reb(24),3,-2,likely_open,"subType: open-like, distance: deep above-break 3 (>=27ft)"
439,PT02M41.00S,3,1610612744,GSW,201939,Curry,S. Curry,-18,14,2,Made,1,66.0,76.0,142,v,Curry 2' Layup (27 PTS),Made Shot,Layup Shot,1,319,21800923,1999,6.0,off_reb(14),2,1,borderline,distance: at-rim/very close
447,PT02M17.00S,3,1610612744,GSW,201939,Curry,S. Curry,7,17,2,Missed,1,,,0,v,MISS Curry 2' Running Layup,Missed Shot,Running Layup Shot,1,325,21800923,2023,20.0,def_reb(24),2,3,likely_contested,"subType: contested-like, distance: at-rim/very close"
458,PT01M47.00S,3,1610612744,GSW,201939,Curry,S. Curry,70,246,26,Missed,1,,,0,v,MISS Curry 26' 3PT Pullup Jump Shot,Missed Shot,Pullup Jump shot,1,334,21800923,2053,18.0,keep_clock(22),3,3,likely_contested,"subType: contested-like, text: pressure-move"
461,PT01M20.00S,3,1610612744,GSW,201939,Curry,S. Curry,180,203,27,Missed,1,,,0,v,MISS Curry 27' 3PT Jump Shot,Missed Shot,Jump Shot,1,337,21800923,2080,7.0,made_fg(24),3,-2,likely_open,"subType: open-like, distance: deep above-break 3 (>=27ft)"
465,PT00M52.10S,3,1610612744,GSW,201939,Curry,S. Curry,197,157,25,Made,1,68.0,79.0,147,v,Curry 25' 3PT Jump Shot (30 PTS) (Bell 1 AST),Made Shot,Jump Shot,1,341,21800923,2108,15.0,def_reb(24),3,-1,likely_open,subType: open-like
475,PT00M00.30S,3,1610612744,GSW,201939,Curry,S. Curry,-203,273,34,Missed,1,,,0,v,MISS Curry 34' 3PT Jump Shot,Missed Shot,Jump Shot,1,350,21800923,2160,19.0,made_fg(24),3,-2,likely_open,"subType: open-like, distance: deep above-break 3 (>=27ft)"
547,PT06M26.00S,4,1610612744,GSW,201939,Curry,S. Curry,28,185,19,Missed,1,,,0,v,MISS Curry 19' Jump Shot,Missed Shot,Jump Shot,1,401,21800923,2494,15.0,def_reb(24),2,-1,likely_open,subType: open-like
554,PT05M24.00S,4,1610612744,GSW,201939,Curry,S. Curry,-59,261,27,Missed,1,,,0,v,MISS Curry 27' 3PT Jump Shot,Missed Shot,Jump Shot,1,406,21800923,2556,12.0,made_fg(24),3,-2,likely_open,"subType: open-like, distance: deep above-break 3 (>=27ft)"
571,PT04M07.00S,4,1610612744,GSW,201939,Curry,S. Curry,-52,182,19,Missed,1,,,0,v,MISS Curry 19' Step Back Jump Shot,Missed Shot,Step Back Jump shot,1,419,21800923,2633,10.0,made_fg(24),2,3,likely_contested,"subType: contested-like, text: pressure-move"
584,PT03M07.00S,4,1610612744,GSW,201939,Curry,S. Curry,149,215,26,Made,1,89.0,94.0,183,v,Curry 26' 3PT Jump Shot (33 PTS),Made Shot,Jump Shot,1,429,21800923,2693,13.0,def_reb(24),3,-1,likely_open,subType: open-like
603,PT01M27.00S,4,1610612744,GSW,201939,Curry,S. Curry,43,146,15,Missed,1,,,0,v,MISS Curry 15' Jump Shot,Missed Shot,Jump Shot,1,442,21800923,2793,10.0,made_fg(24),2,0,likely_open,"subType: open-like, distance: mid-range"
609,PT01M08.00S,4,1610612744,GSW,201939,Curry,S. Curry,-136,219,26,Missed,1,,,0,v,MISS Curry 26' 3PT Jump Shot,Missed Shot,Jump Shot,1,447,21800923,2812,16.0,keep_clock(23),3,-1,likely_open,subType: open-like
16,PT11M10.00S,1,1610612744,GSW,201939,Curry,S. Curry,-172,28,17,Missed,1,,,0,v,MISS Curry 17' Pullup Jump Shot,Missed Shot,Pullup Jump shot,1,10,21800938,50,9.0,final_ft(24),2,3,likely_contested,"subType: contested-like, text: pressure-move"
24,PT10M19.00S,1,1610612744,GSW,201939,Curry,S. Curry,206,165,26,Made,1,5.0,3.0,8,v,Curry 26' 3PT Jump Shot (3 PTS) (Green 1 AST),Made Shot,Jump Shot,1,17,21800938,101,8.0,made_fg(24),3,-1,likely_open,subType: open-like
33,PT09M33.00S,1,1610612744,GSW,201939,Curry,S. Curry,-1,65,7,Missed,1,,,0,v,MISS Curry 7' Driving Floating Bank Jump Shot,Missed Shot,Driving Floating Bank Jump Shot,1,24,21800938,147,19.0,turnover(24),2,2,likely_contested,subType: contested-like
49,PT08M38.00S,1,1610612744,GSW,201939,Curry,S. Curry,-116,243,27,Missed,1,,,0,v,MISS Curry 27' 3PT Step Back Jump Shot,Missed Shot,Step Back Jump shot,1,37,21800938,202,11.0,made_fg(24),3,2,likely_contested,"subType: contested-like, text: pressure-move, distance: deep above-break 3 (>=27ft)"
53,PT08M06.00S,1,1610612744,GSW,201939,Curry,S. Curry,-230,17,0,Made,1,12.0,8.0,20,v,Curry 3PT Jump Shot (6 PTS) (Green 2 AST),Made Shot,Jump Shot,1,41,21800938,234,2.0,def_reb(24),3,0,likely_open,"subType: open-like, distance: at-rim/very close, coords: corner-3, corner: catch/spot, clock: late (<=5s)"
78,PT06M10.00S,1,1610612744,GSW,201939,Curry,S. Curry,79,257,27,Made,1,19.0,15.0,34,v,Curry 27' 3PT Jump Shot (9 PTS) (Durant 1 AST),Made Shot,Jump Shot,1,59,21800938,350,2.0,made_fg(24),3,-1,likely_open,"subType: open-like, distance: deep above-break 3 (>=27ft), clock: late (<=5s)"
171,PT11M19.00S,2,1610612744,GSW,201939,Curry,S. Curry,109,243,27,Missed,1,,,0,v,MISS Curry 27' 3PT Jump Shot,Missed Shot,Jump Shot,1,120,21800938,761,20.0,def_reb(24),3,-2,likely_open,"subType: open-like, distance: deep above-break 3 (>=27ft)"
231,PT06M59.00S,2,1610612744,GSW,201939,Curry,S. Curry,-123,227,26,Missed,1,,,0,v,MISS Curry 26' 3PT Jump Shot,Missed Shot,Jump Shot,1,166,21800938,1021,20.0,def_reb(24),3,-1,likely_open,subType: open-like
241,PT06M18.00S,2,1610612744,GSW,201939,Curry,S. Curry,-14,25,3,Made,1,50.0,45.0,95,v,Curry 3' Driving Finger Roll Layup (11 PTS) (Durant 2 AST),Made Shot,Driving Finger Roll Layup Shot,1,174,21800938,1062,10.0,made_fg(24),2,1,borderline,distance: at-rim/very close
259,PT05M04.00S,2,1610612744,GSW,201939,Curry,S. Curry,-144,211,26,Missed,1,,,0,v,MISS Curry 26' 3PT Jump Shot,Missed Shot,Jump Shot,1,186,21800938,1136,8.0,made_fg(24),3,-1,likely_open,subType: open-like
263,PT04M33.00S,2,1610612744,GSW,201939,Curry,S. Curry,40,60,7,Missed,1,,,0,v,MISS Curry 7' Floating Jump Shot,Missed Shot,Floating Jump shot,1,189,21800938,1167,3.0,made_fg(24),2,3,likely_contested,"subType: contested-like, clock: late (<=5s)"
265,PT04M30.00S,2,1610612744,GSW,201939,Curry,S. Curry,-22,26,3,Made,1,57.0,48.0,105,v,Curry 3' Finger Roll Layup (14 PTS),Made Shot,Finger Roll Layup Shot,1,191,21800938,1170,13.0,off_reb(14),2,1,borderline,distance: at-rim/very close
324,PT00M28.20S,2,1610612744,GSW,201939,Curry,S. Curry,-188,204,28,Missed,1,,,0,v,MISS Curry 28' 3PT Jump Shot,Missed Shot,Jump Shot,1,237,21800938,1412,17.0,made_fg(24),3,-2,likely_open,"subType: open-like, distance: deep above-break 3 (>=27ft)"
374,PT09M39.00S,3,1610612744,GSW,201939,Curry,S. Curry,212,135,25,Made,1,71.0,66.0,137,v,Curry 25' 3PT Jump Shot (17 PTS) (Green 8 AST),Made Shot,Jump Shot,1,268,21800938,1581,15.0,def_reb(24),3,-1,likely_open,subType: open-like
542,PT09M13.00S,4,1610612744,GSW,201939,Curry,S. Curry,158,218,27,Missed,1,,,0,v,MISS Curry 27' 3PT Jump Shot,Missed Shot,Jump Shot,1,387,21800938,2327,13.0,turnover(24),3,-2,likely_open,"subType: open-like, distance: deep above-break 3 (>=27ft)"
555,PT08M38.00S,4,1610612744,GSW,201939,Curry,S. Curry,-154,116,19,Made,1,101.0,99.0,200,v,Curry 19' Pullup Jump Shot (19 PTS) (Iguodala 3 AST),Made Shot,Pullup Jump shot,1,397,21800938,2362,8.0,def_foul_14(14),2,3,likely_contested,"subType: contested-like, text: pressure-move"
559,PT08M15.00S,4,1610612744,GSW,201939,Curry,S. Curry,114,246,27,Missed,1,,,0,v,MISS Curry 27' 3PT Pullup Jump Shot,Missed Shot,Pullup Jump shot,1,400,21800938,2385,20.0,def_reb(24),3,2,likely_contested,"subType: contested-like, text: pressure-move, distance: deep above-break 3 (>=27ft)"
567,PT07M35.00S,4,1610612744,GSW,201939,Curry,S. Curry,-227,19,0,Missed,1,,,0,v,MISS Curry 3PT Jump Shot,Missed Shot,Jump Shot,1,407,21800938,2425,9.0,def_reb(24),3,-1,likely_open,"subType: open-like, distance: at-rim/very close, coords: corner-3, corner: catch/spot"
597,PT06M04.00S,4,1610612744,GSW,201939,Curry,S. Curry,106,231,25,Missed,1,,,0,v,MISS Curry 25' 3PT Jump Shot,Missed Shot,Jump Shot,1,432,21800938,2516,18.0,turnover(24),3,-1,likely_open,subType: open-like
639,PT03M41.00S,4,1610612744,GSW,201939,Curry,S. Curry,46,297,30,Made,1,109.0,111.0,220,v,Curry 30' 3PT Jump Shot (22 PTS) (Durant 5 AST),Made Shot,Jump Shot,1,463,21800938,2659,12.0,made_fg(24),3,-2,likely_open,"subType: open-like, distance: deep above-break 3 (>=27ft)"
649,PT02M35.00S,4,1610612744,GSW,201939,Curry,S. Curry,-171,0,17,Made,1,111.0,113.0,224,v,Curry 17' Pullup Jump Shot (24 PTS) (Iguodala 4 AST),Made Shot,Pullup Jump shot,1,471,21800938,2725,18.0,def_reb(24),2,3,likely_contested,"subType: contested-like, text: pressure-move"
665,PT01M02.00S,4,1610612744,GSW,201939,Curry,S. Curry,11,288,29,Missed,1,,,0,v,MISS Curry 29' 3PT Jump Shot,Missed Shot,Jump Shot,1,484,21800938,2818,10.0,def_reb(24),3,-2,likely_open,"subType: open-like, distance: deep above-break 3 (>=27ft)"
672,PT00M38.20S,4,1610612744,GSW,201939,Curry,S. Curry,-13,1,1,Made,1,111.0,117.0,228,v,Curry 1' Driving Finger Roll Layup (28 PTS),Made Shot,Driving Finger Roll Layup Shot,1,489,21800938,2842,11.0,def_reb(24),2,1,borderline,distance: at-rim/very close
22,PT10M17.00S,1,1610612744,GSW,201939,Curry,S. Curry,-194,167,26,Missed,1,,,0,h,MISS Curry 26' 3PT Jump Shot,Missed Shot,Jump Shot,1,14,21800964,103,17.0,def_reb(24),3,-1,likely_open,subType: open-like
46,PT08M26.00S,1,1610612744,GSW,201939,Curry,S. Curry,105,171,20,Made,1,2.0,11.0,13,h,Curry 20' Step Back Jump Shot (2 PTS),Made Shot,Step Back Jump shot,1,32,21800964,214,6.0,made_fg(24),2,3,likely_contested,"subType: contested-like, text: pressure-move"
53,PT07M41.00S,1,1610612744,GSW,201939,Curry,S. Curry,-179,193,26,Made,1,7.0,11.0,18,h,Curry 26' 3PT Jump Shot (5 PTS) (Green 2 AST),Made Shot,Jump Shot,1,38,21800964,259,21.0,def_reb(24),3,-1,likely_open,subType: open-like
86,PT04M42.00S,1,1610612744,GSW,201939,Curry,S. Curry,-107,140,18,Made,1,14.0,19.0,33,h,Curry 18' Fadeaway Jumper (7 PTS),Made Shot,Fadeaway Jump Shot,1,57,21800964,438,4.0,made_fg(24),2,4,likely_contested,"subType: contested-like, text: pressure-move, clock: late (<=5s)"
183,PT09M47.00S,2,1610612744,GSW,201939,Curry,S. Curry,12,274,27,Made,1,27.0,40.0,67,h,Curry 27' 3PT Jump Shot (10 PTS) (Green 3 AST),Made Shot,Jump Shot,1,118,21800964,853,3.0,def_foul_14(14),3,-1,likely_open,"subType: open-like, distance: deep above-break 3 (>=27ft), clock: late (<=5s)"
197,PT08M34.00S,2,1610612744,GSW,201939,Curry,S. Curry,-196,172,26,Made,1,30.0,45.0,75,h,Curry 26' 3PT Pullup Jump Shot (13 PTS) (Green 4 AST),Made Shot,Pullup Jump shot,1,127,21800964,926,10.0,off_reb(14),3,3,likely_contested,"subType: contested-like, text: pressure-move"
211,PT07M47.00S,2,1610612744,GSW,201939,Curry,S. Curry,-31,104,11,Missed,1,,,0,h,MISS Curry 11' Jump Shot,Missed Shot,Jump Shot,1,136,21800964,973,11.0,final_ft(24),2,0,likely_open,"subType: open-like, distance: mid-range"
248,PT05M59.00S,2,1610612744,GSW,201939,Curry,S. Curry,60,264,27,Missed,1,,,0,h,MISS Curry 27' 3PT Jump Shot,Missed Shot,Jump Shot,1,161,21800964,1081,10.0,keep_clock(15),3,-2,likely_open,"subType: open-like, distance: deep above-break 3 (>=27ft)"
258,PT05M20.00S,2,1610612744,GSW,201939,Curry,S. Curry,-207,141,25,Made,1,39.0,53.0,92,h,Curry 25' 3PT Pullup Jump Shot (16 PTS) (Jerebko 1 AST),Made Shot,Pullup Jump shot,1,169,21800964,1120,14.0,made_fg(24),3,3,likely_contested,"subType: contested-like, text: pressure-move"
321,PT01M51.00S,2,1610612744,GSW,201939,Curry,S. Curry,145,229,27,Missed,1,,,0,h,MISS Curry 27' 3PT Jump Shot,Missed Shot,Jump Shot,1,217,21800964,1329,9.0,made_fg(24),3,-2,likely_open,"subType: open-like, distance: deep above-break 3 (>=27ft)"
345,PT00M00.10S,2,1610612744,GSW,201939,Curry,S. Curry,19,536,54,Missed,1,,,0,h,MISS Curry 54' 3PT Jump Shot,Missed Shot,Jump Shot,1,236,21800964,1440,22.0,made_fg(24),3,-2,likely_open,"subType: open-like, distance: deep above-break 3 (>=27ft)"
366,PT11M23.00S,3,1610612744,GSW,201939,Curry,S. Curry,6,17,2,Made,1,50.0,73.0,123,h,Curry 2' Cutting Layup Shot (21 PTS) (Cousins 2 AST),Made Shot,Cutting Layup Shot,1,247,21800964,1477,8.0,off_reb(14),2,1,borderline,distance: at-rim/very close
402,PT08M14.00S,3,1610612744,GSW,201939,Curry,S. Curry,5,22,2,Missed,1,,,0,h,MISS Curry 2' Layup,Missed Shot,Layup Shot,1,272,21800964,1666,15.0,made_fg(24),2,1,borderline,distance: at-rim/very close
427,PT06M41.00S,3,1610612744,GSW,201939,Curry,S. Curry,9,320,32,Missed,1,,,0,h,MISS Curry 32' 3PT Jump Shot,Missed Shot,Jump Shot,1,290,21800964,1759,16.0,turnover(24),3,-2,likely_open,"subType: open-like, distance: deep above-break 3 (>=27ft)"
429,PT06M27.00S,3,1610612744,GSW,201939,Curry,S. Curry,-206,115,24,Made,1,63.0,84.0,147,h,Curry 24' Jump Shot (23 PTS) (Cousins 4 AST),Made Shot,Jump Shot,1,292,21800964,1773,2.0,off_reb(14),2,0,likely_open,"subType: open-like, clock: late (<=5s)"
518,PT01M09.00S,3,1610612744,GSW,201939,Curry,S. Curry,-237,69,25,Missed,1,,,0,h,MISS Curry 25' 3PT Jump Shot,Missed Shot,Jump Shot,1,359,21800964,2091,20.0,turnover(24),3,-1,likely_open,subType: open-like
94,PT05M51.00S,1,1610612744,GSW,201939,Curry,S. Curry,113,159,20,Made,1,22.0,6.0,28,h,Curry 20' Pullup Jump Shot (2 PTS) (Durant 2 AST),Made Shot,Pullup Jump shot,1,69,21800984,369,18.0,def_reb(24),2,3,likely_contested,"subType: contested-like, text: pressure-move"
108,PT04M44.00S,1,1610612744,GSW,201939,Curry,S. Curry,215,144,26,Missed,1,,,0,h,MISS Curry 26' 3PT Step Back Jump Shot,Missed Shot,Step Back Jump shot,1,80,21800984,436,5.0,def_reb(24),3,4,likely_contested,"subType: contested-like, text: pressure-move, clock: late (<=5s)"
122,PT04M10.00S,1,1610612744,GSW,201939,Curry,S. Curry,-22,289,29,Made,1,27.0,8.0,35,h,Curry 29' 3PT Step Back Jump Shot (5 PTS),Made Shot,Step Back Jump shot,1,91,21800984,470,21.0,def_reb(24),3,2,likely_contested,"subType: contested-like, text: pressure-move, distance: deep above-break 3 (>=27ft)"
147,PT02M29.00S,1,1610612744,GSW,201939,Curry,S. Curry,74,158,17,Missed,1,,,0,h,MISS Curry 17' Step Back Jump Shot,Missed Shot,Step Back Jump shot,1,109,21800984,571,5.0,turnover(24),2,4,likely_contested,"subType: contested-like, text: pressure-move, clock: late (<=5s)"
160,PT02M06.00S,1,1610612744,GSW,201939,Curry,S. Curry,49,183,19,Missed,1,,,0,h,MISS Curry 19' Driving Floating Jump Shot,Missed Shot,Driving Floating Jump Shot,1,119,21800984,594,11.0,keep_clock(24),2,2,likely_contested,subType: contested-like
171,PT01M30.00S,1,1610612744,GSW,201939,Curry,S. Curry,-20,44,5,Missed,1,,,0,h,MISS Curry 5' Driving Layup,Missed Shot,Driving Layup Shot,1,128,21800984,630,12.0,final_ft(24),2,3,likely_contested,"subType: contested-like, distance: at-rim/very close"
191,PT00M37.50S,1,1610612744,GSW,201939,Curry,S. Curry,-159,212,27,Missed,1,,,0,h,MISS Curry 27' 3PT Jump Shot,Missed Shot,Jump Shot,1,147,21800984,683,13.0,final_ft(24),3,-2,likely_open,"subType: open-like, distance: deep above-break 3 (>=27ft)"
364,PT00M46.20S,2,1610612744,GSW,201939,Curry,S. Curry,2,278,28,Made,1,64.0,50.0,114,h,Curry 28' 3PT Step Back Jump Shot (9 PTS) (Durant 5 AST),Made Shot,Step Back Jump shot,1,267,21800984,1394,17.0,turnover(24),3,2,likely_contested,"subType: contested-like, text: pressure-move, distance: deep above-break 3 (>=27ft)"
395,PT10M51.00S,3,1610612744,GSW,201939,Curry,S. Curry,152,138,21,Made,1,69.0,52.0,121,h,Curry 21' Pullup Jump Shot (11 PTS) (Cousins 4 AST),Made Shot,Pullup Jump shot,1,286,21800984,1509,2.0,def_violation_14(14),2,4,likely_contested,"subType: contested-like, text: pressure-move, clock: late (<=5s)"
419,PT08M21.00S,3,1610612744,GSW,201939,Curry,S. Curry,62,129,14,Missed,1,,,0,h,MISS Curry 14' Driving Floating Jump Shot,Missed Shot,Driving Floating Jump Shot,1,304,21800984,1659,11.0,made_fg(24),2,3,likely_contested,"subType: contested-like, distance: mid-range"
431,PT07M46.00S,3,1610612744,GSW,201939,Curry,S. Curry,217,169,28,Missed,1,,,0,h,MISS Curry 28' 3PT Jump Shot,Missed Shot,Jump Shot,1,315,21800984,1694,13.0,def_reb(24),3,-2,likely_open,"subType: open-like, distance: deep above-break 3 (>=27ft)"
492,PT02M29.00S,3,1610612744,GSW,201939,Curry,S. Curry,-46,295,30,Made,1,88.0,72.0,160,h,Curry 30' 3PT Pullup Jump Shot (14 PTS),Made Shot,Pullup Jump shot,1,362,21800984,2011,16.0,def_reb(24),3,2,likely_contested,"subType: contested-like, text: pressure-move, distance: deep above-break 3 (>=27ft)"
523,PT00M02.90S,3,1610612744,GSW,201939,Curry,S. Curry,-165,446,48,Missed,1,,,0,h,MISS Curry 48' 3PT Jump Shot,Missed Shot,Jump Shot,1,387,21800984,2158,22.0,turnover(24),3,-2,likely_open,"subType: open-like, distance: deep above-break 3 (>=27ft)"
657,PT05M23.00S,4,1610612744,GSW,201939,Curry,S. Curry,226,140,27,Made,1,111.0,91.0,202,h,Curry 27' 3PT Step Back Jump Shot (17 PTS) (Cousins 6 AST),Made Shot,Step Back Jump shot,1,474,21800984,2557,2.0,made_fg(24),3,3,likely_contested,"subType: contested-like, text: pressure-move, distance: deep above-break 3 (>=27ft), clock: late (<=5s)"
660,PT04M50.00S,4,1610612744,GSW,201939,Curry,S. Curry,181,188,26,Missed,1,,,0,h,MISS Curry 26' 3PT Jump Shot,Missed Shot,Jump Shot,1,476,21800984,2590,13.0,made_fg(24),3,-1,likely_open,subType: open-like
677,PT03M25.00S,4,1610612744,GSW,201939,Curry,S. Curry,61,263,27,Missed,1,,,0,h,MISS Curry 27' 3PT Jump Shot,Missed Shot,Jump Shot,1,490,21800984,2675,8.0,turnover(24),3,-2,likely_open,"subType: open-like, distance: deep above-break 3 (>=27ft)"
31,PT09M40.00S,1,1610612744,GSW,201939,Curry,S. Curry,-232,127,26,Missed,1,,,0,h,MISS Curry 26' 3PT Jump Shot,Missed Shot,Jump Shot,1,26,21801000,140,13.0,def_reb(24),3,-1,likely_open,subType: open-like
75,PT06M05.00S,1,1610612744,GSW,201939,Curry,S. Curry,-142,269,30,Missed,1,,,0,h,MISS Curry 30' 3PT Jump Shot,Missed Shot,Jump Shot,1,60,21801000,355,18.0,def_reb(24),3,-2,likely_open,"subType: open-like, distance: deep above-break 3 (>=27ft)"
121,PT03M05.00S,1,1610612744,GSW,201939,Curry,S. Curry,179,193,26,Missed,1,,,0,h,MISS Curry 26' 3PT Jump Shot,Missed Shot,Jump Shot,1,94,21801000,535,18.0,def_reb(24),3,-1,likely_open,subType: open-like
137,PT02M01.00S,1,1610612744,GSW,201939,Curry,S. Curry,-116,179,21,Missed,1,,,0,h,MISS Curry 21' Step Back Jump Shot,Missed Shot,Step Back Jump shot,1,105,21801000,599,12.0,def_reb(24),2,3,likely_contested,"subType: contested-like, text: pressure-move"
266,PT04M41.00S,2,1610612744,GSW,201939,Curry,S. Curry,84,194,21,Missed,1,,,0,h,MISS Curry 21' Step Back Jump Shot,Missed Shot,Step Back Jump shot,1,195,21801000,1159,13.0,keep_clock(18),2,3,likely_contested,"subType: contested-like, text: pressure-move"
268,PT04M35.00S,2,1610612744,GSW,201939,Curry,S. Curry,-101,264,28,Made,1,45.0,39.0,84,h,Curry 28' 3PT Jump Shot (3 PTS) (Looney 2 AST),Made Shot,Jump Shot,1,197,21801000,1165,9.0,off_reb(14),3,-2,likely_open,"subType: open-like, distance: deep above-break 3 (>=27ft)"
288,PT03M49.00S,2,1610612744,GSW,201939,Curry,S. Curry,13,16,2,Missed,1,,,0,h,MISS Curry 2' Driving Finger Roll Layup,Missed Shot,Driving Finger Roll Layup Shot,1,209,21801000,1211,20.0,final_ft(24),2,1,borderline,distance: at-rim/very close
368,PT09M37.00S,3,1610612744,GSW,201939,Curry,S. Curry,33,56,7,Made,1,65.0,61.0,126,h,Curry 7' Driving Finger Roll Layup (5 PTS),Made Shot,Driving Finger Roll Layup Shot,1,262,21801000,1583,11.0,made_fg(24),2,0,likely_open,
372,PT09M04.00S,3,1610612744,GSW,201939,Curry,S. Curry,231,104,25,Missed,1,,,0,h,MISS Curry 25' 3PT Jump Shot,Missed Shot,Jump Shot,1,266,21801000,1616,1.0,made_fg(24),3,0,likely_open,"subType: open-like, clock: late (<=5s)"
405,PT06M28.00S,3,1610612744,GSW,201939,Curry,S. Curry,-195,183,27,Missed,1,,,0,h,MISS Curry 27' 3PT Jump Shot,Missed Shot,Jump Shot,1,295,21801000,1772,16.0,final_ft(24),3,-2,likely_open,"subType: open-like, distance: deep above-break 3 (>=27ft)"
415,PT05M47.00S,3,1610612744,GSW,201939,Curry,S. Curry,-63,261,27,Missed,1,,,0,h,MISS Curry 27' 3PT Jump Shot,Missed Shot,Jump Shot,1,304,21801000,1813,14.0,turnover(24),3,-2,likely_open,"subType: open-like, distance: deep above-break 3 (>=27ft)"
431,PT05M08.00S,3,1610612744,GSW,201939,Curry,S. Curry,-5,82,8,Made,1,68.0,73.0,141,h,Curry 8' Driving Finger Roll Layup (7 PTS) (Durant 1 AST),Made Shot,Driving Finger Roll Layup Shot,1,315,21801000,1852,8.0,off_reb(14),2,1,borderline,distance: mid-range
438,PT04M50.00S,3,1610612744,GSW,201939,Curry,S. Curry,-185,190,27,Missed,1,,,0,h,MISS Curry 27' 3PT Jump Shot,Missed Shot,Jump Shot,1,320,21801000,1870,20.0,def_reb(24),3,-2,likely_open,"subType: open-like, distance: deep above-break 3 (>=27ft)"
450,PT04M14.00S,3,1610612744,GSW,201939,Curry,S. Curry,49,257,26,Missed,1,,,0,h,MISS Curry 26' 3PT Jump Shot,Missed Shot,Jump Shot,1,330,21801000,1906,19.0,def_reb(24),3,-1,likely_open,subType: open-like
462,PT03M39.00S,3,1610612744,GSW,201939,Curry,S. Curry,-190,193,27,Made,1,71.0,75.0,146,h,Curry 27' 3PT Jump Shot (10 PTS) (Durant 2 AST),Made Shot,Jump Shot,1,338,21801000,1941,5.0,def_foul_14(14),3,-1,likely_open,"subType: open-like, distance: deep above-break 3 (>=27ft), clock: late (<=5s)"
595,PT07M16.00S,4,1610612744,GSW,201939,Curry,S. Curry,139,243,28,Made,1,91.0,91.0,182,h,Curry 28' 3PT Jump Shot (13 PTS) (Green 7 AST),Made Shot,Jump Shot,1,434,21801000,2444,11.0,made_fg(24),3,-2,likely_open,"subType: open-like, distance: deep above-break 3 (>=27ft)"
615,PT06M13.00S,4,1610612744,GSW,201939,Curry,S. Curry,228,114,25,Made,1,94.0,93.0,187,h,Curry 25' 3PT Jump Shot (16 PTS) (Livingston 2 AST),Made Shot,Jump Shot,1,446,21801000,2507,11.0,made_fg(24),3,-1,likely_open,subType: open-like
648,PT03M26.00S,4,1610612744,GSW,201939,Curry,S. Curry,132,229,26,Missed,1,,,0,h,MISS Curry 26' 3PT Jump Shot,Missed Shot,Jump Shot,1,469,21801000,2674,4.0,made_fg(24),3,0,likely_open,"subType: open-like, clock: late (<=5s)"
694,PT00M23.70S,4,1610612744,GSW,201939,Curry,S. Curry,-162,225,28,Missed,1,,,0,h,MISS Curry 28' 3PT Jump Shot,Missed Shot,Jump Shot,1,504,21801000,2857,15.0,def_reb(24),3,-2,likely_open,"subType: open-like, distance: deep above-break 3 (>=27ft)"
709,PT00M05.80S,4,1610612744,GSW,201939,Curry,S. Curry,-203,216,30,Missed,1,,,0,h,MISS Curry 30' 3PT Jump Shot,Missed Shot,Jump Shot,1,516,21801000,2875,16.0,final_ft(24),3,-2,likely_open,"subType: open-like, distance: deep above-break 3 (>=27ft)"
13,PT11M28.00S,1,1610612744,GSW,201939,Curry,S. Curry,20,5,2,Made,1,0.0,2.0,2,v,Curry 2' Cutting Layup Shot (2 PTS) (Cousins 1 AST),Made Shot,Cutting Layup Shot,1,9,21801018,32,16.0,def_reb(24),2,1,borderline,distance: at-rim/very close
50,PT06M29.00S,1,1610612744,GSW,201939,Curry,S. Curry,145,222,27,Made,1,7.0,15.0,22,v,Curry 27' 3PT Jump Shot (5 PTS) (Cousins 3 AST),Made Shot,Jump Shot,1,36,21801018,331,8.0,def_reb(24),3,-2,likely_open,"subType: open-like, distance: deep above-break 3 (>=27ft)"
93,PT03M37.00S,1,1610612744,GSW,201939,Curry,S. Curry,133,271,30,Made,1,15.0,20.0,35,v,Curry 30' 3PT Jump Shot (8 PTS) (Livingston 1 AST),Made Shot,Jump Shot,1,67,21801018,503,13.0,turnover(24),3,-2,likely_open,"subType: open-like, distance: deep above-break 3 (>=27ft)"
101,PT02M35.00S,1,1610612744,GSW,201939,Curry,S. Curry,-124,256,28,Missed,1,,,0,v,MISS Curry 28' 3PT Step Back Jump Shot,Missed Shot,Step Back Jump shot,1,73,21801018,565,12.0,turnover(24),3,2,likely_contested,"subType: contested-like, text: pressure-move, distance: deep above-break 3 (>=27ft)"
105,PT02M07.00S,1,1610612744,GSW,201939,Curry,S. Curry,-9,74,7,Made,1,17.0,24.0,41,v,Curry 7' Driving Finger Roll Layup (10 PTS) (Livingston 2 AST),Made Shot,Driving Finger Roll Layup Shot,1,77,21801018,593,20.0,def_reb(24),2,0,likely_open,
126,PT01M01.00S,1,1610612744,GSW,201939,Curry,S. Curry,27,13,3,Made,1,19.0,31.0,50,v,Curry 3' Driving Layup (13 PTS),Made Shot,Driving Layup Shot,1,93,21801018,659,14.0,final_ft(24),2,3,likely_contested,"subType: contested-like, distance: at-rim/very close"
134,PT00M32.40S,1,1610612744,GSW,201939,Curry,S. Curry,-52,288,29,Missed,1,,,0,v,MISS Curry 29' 3PT Jump Shot,Missed Shot,Jump Shot,1,98,21801018,688,15.0,final_ft(24),3,-2,likely_open,"subType: open-like, distance: deep above-break 3 (>=27ft)"
147,PT00M13.10S,1,1610612744,GSW,201939,Curry,S. Curry,103,155,19,Missed,1,,,0,v,MISS Curry 19' Step Back Jump Shot,Missed Shot,Step Back Jump shot,1,107,21801018,707,7.0,final_ft(24),2,3,likely_contested,"subType: contested-like, text: pressure-move"
279,PT01M41.00S,2,1610612744,GSW,201939,Curry,S. Curry,54,299,30,Missed,1,,,0,v,MISS Curry 30' 3PT Jump Shot,Missed Shot,Jump Shot,1,197,21801018,1339,14.0,made_fg(24),3,-2,likely_open,"subType: open-like, distance: deep above-break 3 (>=27ft)"
291,PT00M26.80S,2,1610612744,GSW,201939,Curry,S. Curry,-24,24,3,Missed,1,,,0,v,MISS Curry 3' Driving Layup,Missed Shot,Driving Layup Shot,1,209,21801018,1414,18.0,made_fg(24),2,3,likely_contested,"subType: contested-like, distance: at-rim/very close"
294,PT00M26.50S,2,1610612744,GSW,201939,Curry,S. Curry,3,8,1,Made,1,52.0,54.0,106,v,Curry 1' Putback Layup (15 PTS),Made Shot,Putback Layup Shot,1,211,21801018,1414,14.0,off_reb(14),2,3,likely_contested,"subType: contested-like, distance: at-rim/very close"
363,PT06M43.00S,3,1610612744,GSW,201939,Curry,S. Curry,-186,204,28,Made,1,67.0,72.0,139,v,Curry 28' 3PT Jump Shot (18 PTS) (Thompson 1 AST),Made Shot,Jump Shot,1,258,21801018,1757,20.0,def_reb(24),3,-2,likely_open,"subType: open-like, distance: deep above-break 3 (>=27ft)"
413,PT03M45.00S,3,1610612744,GSW,201939,Curry,S. Curry,87,48,10,Made,1,73.0,81.0,154,v,Curry 10' Driving Floating Bank Jump Shot (22 PTS) (Livingston 3 AST),Made Shot,Driving Floating Bank Jump Shot,1,292,21801018,1935,6.0,off_reb(14),2,3,likely_contested,"subType: contested-like, distance: mid-range"
417,PT03M08.00S,3,1610612744,GSW,201939,Curry,S. Curry,-6,147,15,Missed,1,,,0,v,MISS Curry 15' Pullup Jump Shot,Missed Shot,Pullup Jump shot,1,294,21801018,1972,7.0,made_fg(24),2,4,likely_contested,"subType: contested-like, text: pressure-move, distance: mid-range"
419,PT03M03.00S,3,1610612744,GSW,201939,Curry,S. Curry,-229,4,0,Missed,1,,,0,v,MISS Curry 3PT Jump Shot,Missed Shot,Jump Shot,1,296,21801018,1977,11.0,off_reb(14),3,-1,likely_open,"subType: open-like, distance: at-rim/very close, coords: corner-3, corner: catch/spot"
425,PT02M32.00S,3,1610612744,GSW,201939,Curry,S. Curry,-158,212,26,Missed,1,,,0,v,MISS Curry 26' 3PT Step Back Jump Shot,Missed Shot,Step Back Jump shot,1,302,21801018,2008,5.0,off_reb(14),3,4,likely_contested,"subType: contested-like, text: pressure-move, clock: late (<=5s)"
450,PT01M03.00S,3,1610612744,GSW,201939,Curry,S. Curry,-54,41,7,Missed,1,,,0,v,MISS Curry 7' Driving Layup,Missed Shot,Driving Layup Shot,1,322,21801018,2097,12.0,def_reb(24),2,2,likely_contested,subType: contested-like
454,PT00M30.80S,3,1610612744,GSW,201939,Curry,S. Curry,25,188,19,Missed,1,,,0,v,MISS Curry 19' Step Back Jump Shot,Missed Shot,Step Back Jump shot,1,326,21801018,2130,4.0,def_reb(24),2,4,likely_contested,"subType: contested-like, text: pressure-move, clock: late (<=5s)"
570,PT02M20.00S,4,1610612744,GSW,201939,Curry,S. Curry,49,262,27,Missed,1,,,0,v,MISS Curry 27' 3PT Step Back Jump Shot,Missed Shot,Step Back Jump shot,1,401,21801018,2740,10.0,made_fg(24),3,2,likely_contested,"subType: contested-like, text: pressure-move, distance: deep above-break 3 (>=27ft)"
591,PT00M18.70S,4,1610612744,GSW,201939,Curry,S. Curry,128,141,19,Missed,1,,,0,v,MISS Curry 19' Turnaround Fadeaway Shot,Missed Shot,Turnaround Fadeaway shot,1,417,21801018,2862,2.0,def_foul_14(14),2,4,likely_contested,"subType: contested-like, text: pressure-move, clock: late (<=5s)"
7,PT11M45.00S,1,1610612744,GSW,201939,Curry,S. Curry,-231,57,24,Made,1,0.0,3.0,3,v,Curry 24' 3PT Jump Shot (3 PTS) (Iguodala 1 AST),Made Shot,Jump Shot,1,3,21801038,15,9.0,period_start(24),3,-1,likely_open,subType: open-like
61,PT07M20.00S,1,1610612744,GSW,201939,Curry,S. Curry,0,-6,1,Missed,1,,,0,v,MISS Curry 1' Putback Dunk,Missed Shot,Putback Dunk Shot,1,43,21801038,280,10.0,off_reb(14),2,3,likely_contested,"subType: contested-like, distance: at-rim/very close"
96,PT04M50.00S,1,1610612744,GSW,201939,Curry,S. Curry,-6,27,3,Made,1,12.0,22.0,34,v,Curry 3' Driving Layup (5 PTS),Made Shot,Driving Layup Shot,1,72,21801038,430,5.0,made_fg(24),2,4,likely_contested,"subType: contested-like, distance: at-rim/very close, clock: late (<=5s)"
106,PT04M16.00S,1,1610612744,GSW,201939,Curry,S. Curry,5,-3,1,Made,1,12.0,26.0,38,v,Curry 1' Running Layup (7 PTS),Made Shot,Running Layup Shot,1,80,21801038,464,21.0,turnover(24),2,3,likely_contested,"subType: contested-like, distance: at-rim/very close"
111,PT03M31.00S,1,1610612744,GSW,201939,Curry,S. Curry,-3,38,4,Missed,1,,,0,v,MISS Curry 4' Driving Floating Jump Shot,Missed Shot,Driving Floating Jump Shot,1,85,21801038,509,11.0,def_reb(24),2,3,likely_contested,"subType: contested-like, distance: at-rim/very close"
128,PT02M35.00S,1,1610612744,GSW,201939,Curry,S. Curry,204,-8,20,Made,1,18.0,31.0,49,v,Curry 20' Jump Shot (9 PTS) (Livingston 1 AST),Made Shot,Jump Shot,0,96,21801038,565,8.0,made_fg(24),2,-1,likely_open,subType: open-like
139,PT01M48.00S,1,1610612744,GSW,201939,Curry,S. Curry,-168,195,26,Made,1,21.0,34.0,55,v,Curry 26' 3PT Step Back Jump Shot (12 PTS),Made Shot,Step Back Jump shot,1,104,21801038,612,7.0,made_fg(24),3,3,likely_contested,"subType: contested-like, text: pressure-move"
153,PT00M54.50S,1,1610612744,GSW,201939,Curry,S. Curry,154,230,28,Missed,1,,,0,v,MISS Curry 28' 3PT Pullup Jump Shot,Missed Shot,Pullup Jump shot,1,115,21801038,666,20.0,def_reb(24),3,2,likely_contested,"subType: contested-like, text: pressure-move, distance: deep above-break 3 (>=27ft)"
175,PT00M05.50S,1,1610612744,GSW,201939,Curry,S. Curry,-12,8,1,Missed,1,,,0,v,MISS Curry 1' Driving Layup,Missed Shot,Driving Layup Shot,1,130,21801038,715,13.0,final_ft(24),2,3,likely_contested,"subType: contested-like, distance: at-rim/very close"
282,PT04M34.00S,2,1610612744,GSW,201939,Curry,S. Curry,-208,-15,21,Missed,1,,,0,v,MISS Curry 21' Jump Shot,Missed Shot,Jump Shot,1,204,21801038,1166,3.0,made_fg(24),2,0,likely_open,"subType: open-like, clock: late (<=5s)"
307,PT03M14.00S,2,1610612744,GSW,201939,Curry,S. Curry,-120,231,26,Missed,1,,,0,v,MISS Curry 26' 3PT Jump Shot,Missed Shot,Jump Shot,1,222,21801038,1246,9.0,keep_clock(24),3,-1,likely_open,subType: open-like
337,PT00M52.60S,2,1610612744,GSW,201939,Curry,S. Curry,-112,226,25,Made,1,45.0,62.0,107,v,Curry 25' 3PT Pullup Jump Shot (17 PTS),Made Shot,Pullup Jump shot,1,247,21801038,1388,12.0,made_fg(24),3,3,likely_contested,"subType: contested-like, text: pressure-move"
342,PT00M29.50S,2,1610612744,GSW,201939,Curry,S. Curry,-13,15,2,Made,1,45.0,64.0,109,v,Curry 2' Running Layup (19 PTS) (Thompson 4 AST),Made Shot,Running Layup Shot,1,252,21801038,1411,20.0,def_reb(24),2,3,likely_contested,"subType: contested-like, distance: at-rim/very close"
359,PT11M27.00S,3,1610612744,GSW,201939,Curry,S. Curry,-220,6,0,Missed,1,,,0,v,MISS Curry 3PT Jump Shot,Missed Shot,Jump Shot,1,265,21801038,1473,19.0,turnover(24),3,-1,likely_open,"subType: open-like, distance: at-rim/very close, coords: corner-3, corner: catch/spot"
371,PT09M40.00S,3,1610612744,GSW,201939,Curry,S. Curry,-192,17,19,Missed,1,,,0,v,MISS Curry 19' Jump Shot,Missed Shot,Jump Shot,1,275,21801038,1580,9.0,def_reb(24),2,-1,likely_open,subType: open-like
419,PT06M00.00S,3,1610612744,GSW,201939,Curry,S. Curry,239,1,24,Made,1,60.0,80.0,140,v,Curry 24' 3PT Jump Shot (27 PTS) (Green 5 AST),Made Shot,Jump Shot,1,313,21801038,1800,17.0,def_reb(24),3,-2,likely_open,"subType: open-like, coords: corner-3, corner: catch/spot"
462,PT03M49.00S,3,1610612744,GSW,201939,Curry,S. Curry,-2,0,0,Missed,1,,,0,v,MISS Curry Driving Dunk,Missed Shot,Driving Dunk Shot,1,343,21801038,1931,6.0,off_reb(14),2,3,likely_contested,"subType: contested-like, distance: at-rim/very close"
471,PT03M14.00S,3,1610612744,GSW,201939,Curry,S. Curry,119,215,25,Missed,1,,,0,v,MISS Curry 25' 3PT Step Back Jump Shot,Missed Shot,Step Back Jump shot,1,350,21801038,1966,11.0,made_fg(24),3,3,likely_contested,"subType: contested-like, text: pressure-move"
490,PT02M16.00S,3,1610612744,GSW,201939,Curry,S. Curry,112,234,26,Missed,1,,,0,v,MISS Curry 26' 3PT Jump Shot,Missed Shot,Jump Shot,1,364,21801038,2024,12.0,def_reb(24),3,-1,likely_open,subType: open-like
502,PT00M44.90S,3,1610612744,GSW,201939,Curry,S. Curry,232,40,24,Made,1,69.0,87.0,156,v,Curry 24' 3PT Jump Shot (30 PTS) (McKinnie 1 AST),Made Shot,Jump Shot,1,373,21801038,2116,13.0,turnover(24),3,-2,likely_open,"subType: open-like, coords: corner-3, corner: catch/spot"
506,PT00M08.70S,3,1610612744,GSW,201939,Curry,S. Curry,-114,221,25,Missed,1,,,0,v,MISS Curry 25' 3PT Pullup Jump Shot,Missed Shot,Pullup Jump shot,1,376,21801038,2152,6.0,def_reb(24),3,3,likely_contested,"subType: contested-like, text: pressure-move"
633,PT04M27.00S,4,1610612744,GSW,201939,Curry,S. Curry,9,13,2,Made,1,81.0,100.0,181,v,Curry 2' Driving Finger Roll Layup (32 PTS),Made Shot,Driving Finger Roll Layup Shot,1,467,21801038,2613,20.0,def_reb(24),2,1,borderline,distance: at-rim/very close
643,PT03M40.00S,4,1610612744,GSW,201939,Curry,S. Curry,231,22,0,Missed,1,,,0,v,MISS Curry 3PT Jump Shot,Missed Shot,Jump Shot,1,474,21801038,2660,,stale_reset(24),3,-1,likely_open,"subType: open-like, distance: at-rim/very close, coords: corner-3, corner: catch/spot"
45,PT08M24.00S,1,1610612744,GSW,201939,Curry,S. Curry,-185,167,25,Missed,1,,,0,v,MISS Curry 25' 3PT Jump Shot,Missed Shot,Jump Shot,1,34,21801055,216,20.0,def_reb(24),3,-1,likely_open,subType: open-like
61,PT07M01.00S,1,1610612744,GSW,201939,Curry,S. Curry,-133,8,13,Missed,1,,,0,v,MISS Curry 13' Jump Shot,Missed Shot,Jump Shot,1,47,21801055,299,13.0,off_reb(14),2,0,likely_open,"subType: open-like, distance: mid-range"
86,PT05M38.00S,1,1610612744,GSW,201939,Curry,S. Curry,0,16,2,Missed,1,,,0,v,MISS Curry 2' Driving Finger Roll Layup,Missed Shot,Driving Finger Roll Layup Shot,1,65,21801055,382,19.0,turnover(24),2,1,borderline,distance: at-rim/very close
89,PT05M04.00S,1,1610612744,GSW,201939,Curry,S. Curry,-117,230,26,Missed,1,,,0,v,MISS Curry 26' 3PT Jump Shot,Missed Shot,Jump Shot,1,68,21801055,416,4.0,made_fg(24),3,0,likely_open,"subType: open-like, clock: late (<=5s)"
103,PT04M01.00S,1,1610612744,GSW,201939,Curry,S. Curry,224,-1,0,Missed,1,,,0,v,MISS Curry 3PT Jump Shot,Missed Shot,Jump Shot,1,78,21801055,479,5.0,made_fg(24),3,0,likely_open,"subType: open-like, distance: at-rim/very close, coords: corner-3, corner: catch/spot, clock: late (<=5s)"
125,PT02M32.00S,1,1610612744,GSW,201939,Curry,S. Curry,13,19,2,Missed,1,,,0,v,MISS Curry 2' Driving Finger Roll Layup,Missed Shot,Driving Finger Roll Layup Shot,1,93,21801055,568,8.0,made_fg(24),2,1,borderline,distance: at-rim/very close
136,PT01M34.00S,1,1610612744,GSW,201939,Curry,S. Curry,-149,201,25,Missed,1,,,0,v,MISS Curry 25' 3PT Jump Shot,Missed Shot,Jump Shot,1,102,21801055,626,16.0,def_reb(24),3,-1,likely_open,subType: open-like
147,PT00M18.30S,1,1610612744,GSW,201939,Curry,S. Curry,-2,17,2,Made,1,23.0,21.0,44,v,Curry 2' Driving Finger Roll Layup (2 PTS),Made Shot,Driving Finger Roll Layup Shot,1,110,21801055,702,5.0,off_reb(14),2,2,likely_contested,"distance: at-rim/very close, clock: late (<=5s)"
152,PT00M00.20S,1,1610612744,GSW,201939,Curry,S. Curry,29,603,60,Made,1,25.0,25.0,50,v,Curry 60' 3PT Pullup Jump Shot (6 PTS),Made Shot,Pullup Jump shot,1,114,21801055,720,23.0,made_fg(24),3,2,likely_contested,"subType: contested-like, text: pressure-move, distance: deep above-break 3 (>=27ft)"
247,PT04M56.00S,2,1610612744,GSW,201939,Curry,S. Curry,-97,209,23,Made,1,43.0,38.0,81,v,Curry 23' Step Back Jump Shot (8 PTS),Made Shot,Step Back Jump shot,1,185,21801055,1144,10.0,def_reb(24),2,3,likely_contested,"subType: contested-like, text: pressure-move"
263,PT03M48.00S,2,1610612744,GSW,201939,Curry,S. Curry,-58,251,26,Missed,1,,,0,v,MISS Curry 26' 3PT Jump Shot,Missed Shot,Jump Shot,1,196,21801055,1212,9.0,made_fg(24),3,-1,likely_open,subType: open-like
267,PT03M23.00S,2,1610612744,GSW,201939,Curry,S. Curry,234,-1,0,Missed,1,,,0,v,MISS Curry 3PT Jump Shot,Missed Shot,Jump Shot,1,200,21801055,1237,8.0,turnover(24),3,-1,likely_open,"subType: open-like, distance: at-rim/very close, coords: corner-3, corner: catch/spot"
280,PT02M27.00S,2,1610612744,GSW,201939,Curry,S. Curry,99,227,25,Made,1,52.0,41.0,93,v,Curry 25' 3PT Pullup Jump Shot (11 PTS),Made Shot,Pullup Jump shot,1,209,21801055,1293,14.0,final_ft(24),3,3,likely_contested,"subType: contested-like, text: pressure-move"
304,PT00M41.00S,2,1610612744,GSW,201939,Curry,S. Curry,125,222,25,Missed,1,,,0,v,MISS Curry 25' 3PT Step Back Jump Shot,Missed Shot,Step Back Jump shot,1,225,21801055,1399,9.0,made_fg(24),3,3,likely_contested,"subType: contested-like, text: pressure-move"
328,PT10M21.00S,3,1610612744,GSW,201939,Curry,S. Curry,152,195,25,Missed,1,,,0,v,MISS Curry 25' 3PT Running Pull-Up Jump Shot,Missed Shot,Running Pull-Up Jump Shot,1,244,21801055,1539,19.0,turnover(24),3,3,likely_contested,"subType: contested-like, text: pressure-move"
424,PT03M07.00S,3,1610612744,GSW,201939,Curry,S. Curry,3,274,27,Missed,1,,,0,v,MISS Curry 27' 3PT Pullup Jump Shot,Missed Shot,Pullup Jump shot,1,314,21801055,1973,9.0,def_foul_14(14),3,2,likely_contested,"subType: contested-like, text: pressure-move, distance: deep above-break 3 (>=27ft)"
426,PT02M57.00S,3,1610612744,GSW,201939,Curry,S. Curry,-115,246,27,Made,1,72.0,68.0,140,v,Curry 27' 3PT Step Back Jump Shot (14 PTS),Made Shot,Step Back Jump shot,1,316,21801055,1983,8.0,off_reb(14),3,2,likely_contested,"subType: contested-like, text: pressure-move, distance: deep above-break 3 (>=27ft)"
442,PT01M34.00S,3,1610612744,GSW,201939,Curry,S. Curry,-5,27,3,Made,1,75.0,72.0,147,v,Curry 3' Driving Finger Roll Layup (16 PTS),Made Shot,Driving Finger Roll Layup Shot,1,329,21801055,2066,6.0,made_fg(24),2,1,borderline,distance: at-rim/very close
445,PT01M03.00S,3,1610612744,GSW,201939,Curry,S. Curry,-230,85,25,Made,1,75.0,75.0,150,v,Curry 25' 3PT Jump Shot (19 PTS) (Looney 1 AST),Made Shot,Jump Shot,1,332,21801055,2097,15.0,turnover(24),3,-1,likely_open,subType: open-like
448,PT00M33.10S,3,1610612744,GSW,201939,Curry,S. Curry,-76,258,27,Made,1,77.0,78.0,155,v,Curry 27' 3PT Pullup Jump Shot (22 PTS),Made Shot,Pullup Jump shot,1,334,21801055,2127,17.0,made_fg(24),3,2,likely_contested,"subType: contested-like, text: pressure-move, distance: deep above-break 3 (>=27ft)"
470,PT00M00.10S,3,1610612744,GSW,201939,Curry,S. Curry,162,561,58,Missed,1,,,0,v,MISS Curry 58' 3PT Running Jump Shot,Missed Shot,Running Jump Shot,1,347,21801055,2160,22.0,final_ft(24),3,-2,likely_open,"subType: open-like, distance: deep above-break 3 (>=27ft)"
584,PT04M17.00S,4,1610612744,GSW,201939,Curry,S. Curry,-109,241,26,Missed,1,,,0,v,MISS Curry 26' 3PT Jump Shot,Missed Shot,Jump Shot,1,425,21801055,2623,8.0,final_ft(24),3,-1,likely_open,subType: open-like
612,PT01M49.00S,4,1610612744,GSW,201939,Curry,S. Curry,-3,12,1,Missed,1,,,0,v,MISS Curry 1' Driving Finger Roll Layup,Missed Shot,Driving Finger Roll Layup Shot,1,445,21801055,2771,20.0,made_fg(24),2,1,borderline,distance: at-rim/very close
616,PT01M45.00S,4,1610612744,GSW,201939,Curry,S. Curry,-242,83,26,Made,1,109.0,105.0,214,v,Curry 26' 3PT Jump Shot (25 PTS) (Durant 3 AST),Made Shot,Jump Shot,1,448,21801055,2775,10.0,off_reb(14),3,-1,likely_open,subType: open-like
629,PT00M14.80S,4,1610612744,GSW,201939,Curry,S. Curry,2,262,26,Missed,1,,,0,v,MISS Curry 26' 3PT Pullup Jump Shot,Missed Shot,Pullup Jump shot,1,458,21801055,2866,20.0,def_reb(24),3,3,likely_contested,"subType: contested-like, text: pressure-move"
21,PT10M16.00S,1,1610612744,GSW,201939,Curry,S. Curry,-6,1,1,Missed,1,,,0,v,MISS Curry 1' Cutting Layup Shot,Missed Shot,Cutting Layup Shot,1,12,21801062,104,11.0,made_fg(24),2,1,borderline,distance: at-rim/very close
56,PT06M43.00S,1,1610612744,GSW,201939,Curry,S. Curry,-208,15,21,Missed,1,,,0,v,MISS Curry 21' Jump Shot,Missed Shot,Jump Shot,1,41,21801062,317,4.0,made_fg(24),2,0,likely_open,"subType: open-like, clock: late (<=5s)"
124,PT03M14.00S,1,1610612744,GSW,201939,Curry,S. Curry,-114,217,25,Made,1,25.0,23.0,48,v,Curry 25' 3PT Jump Shot (3 PTS) (Green 4 AST),Made Shot,Jump Shot,1,93,21801062,526,13.0,made_fg(24),3,-1,likely_open,subType: open-like
132,PT02M07.00S,1,1610612744,GSW,201939,Curry,S. Curry,-36,247,25,Missed,1,,,0,v,MISS Curry 25' 3PT Pullup Jump Shot,Missed Shot,Pullup Jump shot,1,99,21801062,593,21.0,def_reb(24),3,3,likely_contested,"subType: contested-like, text: pressure-move"
134,PT01M56.00S,1,1610612744,GSW,201939,Curry,S. Curry,-232,39,24,Made,1,25.0,28.0,53,v,Curry 24' 3PT Jump Shot (6 PTS) (Iguodala 1 AST),Made Shot,Jump Shot,1,101,21801062,604,6.0,off_reb(14),3,-2,likely_open,"subType: open-like, coords: corner-3, corner: catch/spot"
145,PT00M49.30S,1,1610612744,GSW,201939,Curry,S. Curry,-74,47,9,Missed,1,,,0,v,MISS Curry 9' Cutting Finger Roll Layup Shot,Missed Shot,Cutting Finger Roll Layup Shot,1,110,21801062,671,14.0,turnover(24),2,1,borderline,distance: mid-range
152,PT00M41.90S,1,1610612744,GSW,201939,Curry,S. Curry,-207,139,25,Missed,1,,,0,v,MISS Curry 25' 3PT Jump Shot,Missed Shot,Jump Shot,1,115,21801062,679,8.0,off_reb(14),3,-1,likely_open,subType: open-like
156,PT00M14.00S,1,1610612744,GSW,201939,Curry,S. Curry,233,63,24,Missed,1,,,0,v,MISS Curry 24' 3PT Jump Shot,Missed Shot,Jump Shot,1,119,21801062,706,10.0,def_reb(24),3,-1,likely_open,subType: open-like
285,PT03M41.00S,2,1610612744,GSW,201939,Curry,S. Curry,6,16,2,Made,1,42.0,54.0,96,v,Curry 2' Driving Layup (8 PTS),Made Shot,Driving Layup Shot,1,203,21801062,1219,16.0,def_reb(24),2,3,likely_contested,"subType: contested-like, distance: at-rim/very close"
312,PT01M59.00S,2,1610612744,GSW,201939,Curry,S. Curry,-160,197,25,Made,1,45.0,57.0,102,v,Curry 25' 3PT Step Back Jump Shot (11 PTS),Made Shot,Step Back Jump shot,1,224,21801062,1321,10.0,def_reb(24),3,3,likely_contested,"subType: contested-like, text: pressure-move"
315,PT01M48.00S,2,1610612744,GSW,201939,Curry,S. Curry,-155,239,28,Missed,1,,,0,v,MISS Curry 28' 3PT Jump Shot,Missed Shot,Jump Shot,1,227,21801062,1332,21.0,turnover(24),3,-2,likely_open,"subType: open-like, distance: deep above-break 3 (>=27ft)"
338,PT00M00.80S,2,1610612744,GSW,201939,Curry,S. Curry,134,214,25,Missed,1,,,0,v,MISS Curry 25' 3PT Step Back Jump Shot,Missed Shot,Step Back Jump shot,1,243,21801062,1440,16.0,keep_clock(19),3,3,likely_contested,"subType: contested-like, text: pressure-move"
389,PT08M00.00S,3,1610612744,GSW,201939,Curry,S. Curry,30,247,25,Made,1,61.0,64.0,125,v,Curry 25' 3PT Step Back Jump Shot (14 PTS) (Bogut 1 AST),Made Shot,Step Back Jump shot,1,280,21801062,1680,5.0,made_fg(24),3,4,likely_contested,"subType: contested-like, text: pressure-move, clock: late (<=5s)"
394,PT07M32.00S,3,1610612744,GSW,201939,Curry,S. Curry,0,13,1,Made,1,61.0,66.0,127,v,Curry 1' Reverse Layup (16 PTS) (Bogut 2 AST),Made Shot,Reverse Layup Shot,1,283,21801062,1708,6.0,turnover(24),2,3,likely_contested,"subType: contested-like, distance: at-rim/very close"
405,PT06M46.00S,3,1610612744,GSW,201939,Curry,S. Curry,158,19,16,Made,1,62.0,70.0,132,v,Curry 16' Turnaround Fadeaway (18 PTS) (Durant 5 AST),Made Shot,Turnaround Fadeaway shot,1,291,21801062,1754,17.0,final_ft(24),2,4,likely_contested,"subType: contested-like, text: pressure-move, distance: mid-range"
485,PT02M27.00S,3,1610612744,GSW,201939,Curry,S. Curry,-171,182,25,Made,1,68.0,80.0,148,v,Curry 25' 3PT Jump Shot (22 PTS) (Iguodala 5 AST),Made Shot,Jump Shot,1,352,21801062,2013,12.0,off_reb(14),3,-1,likely_open,subType: open-like
488,PT01M56.00S,3,1610612744,GSW,201939,Curry,S. Curry,125,221,25,Made,1,70.0,83.0,153,v,Curry 25' 3PT Step Back Jump Shot (25 PTS),Made Shot,Step Back Jump shot,1,354,21801062,2044,10.0,made_fg(24),3,3,likely_contested,"subType: contested-like, text: pressure-move"
491,PT01M23.00S,3,1610612744,GSW,201939,Curry,S. Curry,-84,274,29,Missed,1,,,0,v,MISS Curry 29' 3PT Turnaround Jump Shot,Missed Shot,Turnaround Jump Shot,1,356,21801062,2077,11.0,made_fg(24),3,-1,likely_open,distance: deep above-break 3 (>=27ft)
495,PT00M59.10S,3,1610612744,GSW,201939,Curry,S. Curry,-3,9,1,Made,1,73.0,85.0,158,v,Curry 1' Cutting Layup Shot (27 PTS) (Green 8 AST),Made Shot,Cutting Layup Shot,1,360,21801062,2101,11.0,def_reb(24),2,1,borderline,distance: at-rim/very close
509,PT00M05.00S,3,1610612744,GSW,201939,Curry,S. Curry,235,56,24,Made,1,75.0,91.0,166,v,Curry 24' 3PT Step Back Jump Shot (33 PTS) (Green 9 AST),Made Shot,Step Back Jump shot,1,370,21801062,2155,9.0,made_fg(24),3,3,likely_contested,"subType: contested-like, text: pressure-move"
637,PT02M14.00S,4,1610612744,GSW,201939,Curry,S. Curry,207,145,25,Made,1,103.0,115.0,218,v,Curry 25' 3PT Jump Shot (36 PTS) (Durant 9 AST),Made Shot,Jump Shot,1,457,21801062,2746,11.0,final_ft(24),3,-1,likely_open,subType: open-like
110,PT03M13.00S,1,1610612744,GSW,201939,Curry,S. Curry,201,162,26,Missed,1,,,0,h,MISS Curry 26' 3PT Jump Shot,Missed Shot,Jump Shot,1,88,21801079,527,10.0,def_reb(24),3,-1,likely_open,subType: open-like
132,PT01M59.00S,1,1610612744,GSW,201939,Curry,S. Curry,196,199,28,Made,1,17.0,12.0,29,h,Curry 28' 3PT Pullup Jump Shot (3 PTS) (Livingston 1 AST),Made Shot,Pullup Jump shot,1,105,21801079,601,10.0,final_ft(24),3,2,likely_contested,"subType: contested-like, text: pressure-move, distance: deep above-break 3 (>=27ft)"
141,PT01M29.00S,1,1610612744,GSW,201939,Curry,S. Curry,-139,233,27,Missed,1,,,0,h,MISS Curry 27' 3PT Jump Shot,Missed Shot,Jump Shot,1,110,21801079,631,7.0,final_ft(24),3,-2,likely_open,"subType: open-like, distance: deep above-break 3 (>=27ft)"
156,PT00M37.00S,1,1610612744,GSW,201939,Curry,S. Curry,-127,272,30,Missed,1,,,0,h,MISS Curry 30' 3PT Jump Shot,Missed Shot,Jump Shot,1,123,21801079,683,14.0,turnover(24),3,-2,likely_open,"subType: open-like, distance: deep above-break 3 (>=27ft)"
172,PT00M01.40S,1,1610612744,GSW,201939,Curry,S. Curry,-147,457,48,Missed,1,,,0,h,MISS Curry 48' 3PT Running Pull-Up Jump Shot,Missed Shot,Running Pull-Up Jump Shot,1,134,21801079,719,22.0,final_ft(24),3,2,likely_contested,"subType: contested-like, text: pressure-move, distance: deep above-break 3 (>=27ft)"
333,PT11M25.00S,3,1610612744,GSW,201939,Curry,S. Curry,8,13,2,Missed,1,,,0,h,MISS Curry 2' Reverse Layup,Missed Shot,Reverse Layup Shot,1,247,21801079,1475,8.0,made_fg(24),2,3,likely_contested,"subType: contested-like, distance: at-rim/very close"
337,PT11M04.00S,3,1610612744,GSW,201939,Curry,S. Curry,185,235,30,Made,1,56.0,45.0,101,h,Curry 30' 3PT Step Back Jump Shot (6 PTS) (Durant 5 AST),Made Shot,Step Back Jump shot,1,251,21801079,1496,14.0,turnover(24),3,2,likely_contested,"subType: contested-like, text: pressure-move, distance: deep above-break 3 (>=27ft)"
345,PT10M31.00S,3,1610612744,GSW,201939,Curry,S. Curry,-228,115,26,Made,1,59.0,46.0,105,h,Curry 26' 3PT Step Back Jump Shot (9 PTS),Made Shot,Step Back Jump shot,1,256,21801079,1529,16.0,final_ft(24),3,3,likely_contested,"subType: contested-like, text: pressure-move"
365,PT08M38.00S,3,1610612744,GSW,201939,Curry,S. Curry,180,6,18,Missed,1,,,0,h,MISS Curry 18' Jump Shot,Missed Shot,Jump Shot,1,270,21801079,1642,5.0,def_reb(24),2,0,likely_open,"subType: open-like, clock: late (<=5s)"
426,PT04M08.00S,3,1610612744,GSW,201939,Curry,S. Curry,-116,131,17,Missed,1,,,0,h,MISS Curry 17' Step Back Jump Shot,Missed Shot,Step Back Jump shot,1,316,21801079,1912,8.0,keep_clock(24),2,3,likely_contested,"subType: contested-like, text: pressure-move"
440,PT02M11.00S,3,1610612744,GSW,201939,Curry,S. Curry,-231,-13,0,Missed,1,,,0,h,MISS Curry 3PT Jump Shot,Missed Shot,Jump Shot,1,328,21801079,2029,10.0,made_fg(24),3,-1,likely_open,"subType: open-like, distance: at-rim/very close, coords: corner-3, corner: catch/spot"
460,PT01M13.00S,3,1610612744,GSW,201939,Curry,S. Curry,186,279,34,Missed,1,,,0,h,MISS Curry 34' 3PT Jump Shot,Missed Shot,Jump Shot,1,344,21801079,2087,17.0,turnover(24),3,-2,likely_open,"subType: open-like, distance: deep above-break 3 (>=27ft)"
465,PT00M57.00S,3,1610612744,GSW,201939,Curry,S. Curry,176,199,27,Missed,1,,,0,h,MISS Curry 27' 3PT Jump Shot,Missed Shot,Jump Shot,1,348,21801079,2103,14.0,turnover(24),3,-2,likely_open,"subType: open-like, distance: deep above-break 3 (>=27ft)"
467,PT00M53.20S,3,1610612744,GSW,201939,Curry,S. Curry,232,19,0,Made,1,85.0,57.0,142,h,Curry 3PT Fadeaway Jumper (12 PTS),Made Shot,Fadeaway Jump Shot,1,350,21801079,2107,14.0,off_reb(14),3,4,likely_contested,"subType: contested-like, text: pressure-move, distance: at-rim/very close, coords: corner-3"
473,PT00M01.20S,3,1610612744,GSW,201939,Curry,S. Curry,-185,179,26,Made,1,88.0,62.0,150,h,Curry 26' 3PT Step Back Jump Shot (15 PTS),Made Shot,Step Back Jump shot,1,354,21801079,2159,19.0,made_fg(24),3,3,likely_contested,"subType: contested-like, text: pressure-move"
19,PT10M24.00S,1,1610612744,GSW,201939,Curry,S. Curry,234,29,24,Made,1,3.0,3.0,6,h,Curry 24' 3PT Pullup Jump Shot (3 PTS) (Green 1 AST),Made Shot,Pullup Jump shot,1,13,21801101,96,13.0,def_reb(24),3,3,likely_contested,"subType: contested-like, text: pressure-move, coords: corner-3"
23,PT09M47.00S,1,1610612744,GSW,201939,Curry,S. Curry,129,150,20,Made,1,5.0,5.0,10,h,Curry 20' Pullup Jump Shot (5 PTS) (Green 2 AST),Made Shot,Pullup Jump shot,1,15,21801101,133,10.0,made_fg(24),2,3,likely_contested,"subType: contested-like, text: pressure-move"
34,PT08M51.00S,1,1610612744,GSW,201939,Curry,S. Curry,141,211,25,Made,1,8.0,7.0,15,h,Curry 25' 3PT Jump Shot (8 PTS),Made Shot,Jump Shot,1,23,21801101,189,17.0,def_reb(24),3,-1,likely_open,subType: open-like
45,PT07M25.00S,1,1610612744,GSW,201939,Curry,S. Curry,-174,221,28,Missed,1,,,0,h,MISS Curry 28' 3PT Jump Shot,Missed Shot,Jump Shot,1,30,21801101,275,9.0,made_fg(24),3,-2,likely_open,"subType: open-like, distance: deep above-break 3 (>=27ft)"
108,PT02M40.00S,1,1610612744,GSW,201939,Curry,S. Curry,-39,279,28,Made,1,24.0,26.0,50,h,Curry 28' 3PT Pullup Jump Shot (11 PTS),Made Shot,Pullup Jump shot,1,73,21801101,560,15.0,final_ft(24),3,2,likely_contested,"subType: contested-like, text: pressure-move, distance: deep above-break 3 (>=27ft)"
118,PT01M30.00S,1,1610612744,GSW,201939,Curry,S. Curry,212,129,25,Missed,1,,,0,h,MISS Curry 25' 3PT Pullup Jump Shot,Missed Shot,Pullup Jump shot,1,81,21801101,630,15.0,turnover(24),3,3,likely_contested,"subType: contested-like, text: pressure-move"
142,PT00M17.10S,1,1610612744,GSW,201939,Curry,S. Curry,100,64,12,Missed,1,,,0,h,MISS Curry 12' Driving Floating Bank Jump Shot,Missed Shot,Driving Floating Bank Jump Shot,1,97,21801101,703,8.0,final_ft(24),2,3,likely_contested,"subType: contested-like, distance: mid-range"
247,PT02M56.00S,2,1610612744,GSW,201939,Curry,S. Curry,-37,83,9,Missed,1,,,0,h,MISS Curry 9' Driving Finger Roll Layup,Missed Shot,Driving Finger Roll Layup Shot,1,169,21801101,1264,1.0,turnover(24),2,2,likely_contested,"distance: mid-range, clock: late (<=5s)"
251,PT02M49.00S,2,1610612744,GSW,201939,Curry,S. Curry,-226,110,25,Missed,1,,,0,h,MISS Curry 25' 3PT Jump Shot,Missed Shot,Jump Shot,1,171,21801101,1271,8.0,off_reb(14),3,-1,likely_open,subType: open-like
295,PT11M02.00S,3,1610612744,GSW,201939,Curry,S. Curry,126,157,20,Made,1,65.0,52.0,117,h,Curry 20' Pullup Jump Shot (13 PTS) (Thompson 1 AST),Made Shot,Pullup Jump shot,1,202,21801101,1498,2.0,made_fg(24),2,4,likely_contested,"subType: contested-like, text: pressure-move, clock: late (<=5s)"
332,PT06M58.00S,3,1610612744,GSW,201939,Curry,S. Curry,-179,0,18,Missed,1,,,0,h,MISS Curry 18' Jump Shot,Missed Shot,Jump Shot,1,231,21801101,1742,15.0,def_reb(24),2,-1,likely_open,subType: open-like
356,PT04M58.00S,3,1610612744,GSW,201939,Curry,S. Curry,-56,151,16,Made,1,79.0,62.0,141,h,Curry 16' Jump Shot (15 PTS) (Green 4 AST),Made Shot,Jump Shot,1,250,21801101,1862,11.0,off_reb(14),2,0,likely_open,"subType: open-like, distance: mid-range"
376,PT02M57.00S,3,1610612744,GSW,201939,Curry,S. Curry,143,277,31,Missed,1,,,0,h,MISS Curry 31' 3PT Jump Shot,Missed Shot,Jump Shot,1,264,21801101,1983,20.0,def_reb(24),3,-2,likely_open,"subType: open-like, distance: deep above-break 3 (>=27ft)"
393,PT02M06.00S,3,1610612744,GSW,201939,Curry,S. Curry,-188,200,27,Made,1,86.0,73.0,159,h,Curry 27' 3PT Pullup Jump Shot (18 PTS) (Green 5 AST),Made Shot,Pullup Jump shot,1,275,21801101,2034,8.0,made_fg(24),3,2,likely_contested,"subType: contested-like, text: pressure-move, distance: deep above-break 3 (>=27ft)"
418,PT00M20.20S,3,1610612744,GSW,201939,Curry,S. Curry,-4,67,7,Missed,1,,,0,h,MISS Curry 7' Driving Finger Roll Layup,Missed Shot,Driving Finger Roll Layup Shot,1,294,21801101,2140,3.0,off_reb(14),2,1,borderline,clock: late (<=5s)
512,PT04M57.00S,4,1610612744,GSW,201939,Curry,S. Curry,-184,216,28,Made,1,115.0,103.0,218,h,Curry 28' 3PT Jump Shot (24 PTS) (Green 8 AST),Made Shot,Jump Shot,1,356,21801101,2583,22.0,made_fg(24),3,-2,likely_open,"subType: open-like, distance: deep above-break 3 (>=27ft)"
520,PT04M12.00S,4,1610612744,GSW,201939,Curry,S. Curry,66,274,28,Missed,1,,,0,h,MISS Curry 28' 3PT Jump Shot,Missed Shot,Jump Shot,1,361,21801101,2628,5.0,made_fg(24),3,-1,likely_open,"subType: open-like, distance: deep above-break 3 (>=27ft), clock: late (<=5s)"
546,PT01M52.00S,4,1610612744,GSW,201939,Curry,S. Curry,174,50,18,Missed,1,,,0,h,MISS Curry 18' Turnaround Fadeaway Shot,Missed Shot,Turnaround Fadeaway shot,1,382,21801101,2768,,stale_reset(24),2,3,likely_contested,"subType: contested-like, text: pressure-move"
557,PT00M59.40S,4,1610612744,GSW,201939,Curry,S. Curry,6,87,9,Made,1,120.0,111.0,231,h,Curry 9' Driving Floating Jump Shot (26 PTS) (Durant 11 AST),Made Shot,Driving Floating Jump Shot,1,392,21801101,2821,8.0,made_fg(24),2,3,likely_contested,"subType: contested-like, distance: mid-range"
13,PT11M03.00S,1,1610612744,GSW,201939,Curry,S. Curry,-175,202,27,Made,1,5.0,5.0,10,v,Curry 27' 3PT Running Jump Shot (3 PTS),Made Shot,Running Jump Shot,1,6,21801118,57,15.0,made_fg(24),3,-2,likely_open,"subType: open-like, distance: deep above-break 3 (>=27ft)"
16,PT10M41.00S,1,1610612744,GSW,201939,Curry,S. Curry,218,125,25,Made,1,5.0,8.0,13,v,Curry 25' 3PT Jump Shot (6 PTS) (Cousins 1 AST),Made Shot,Jump Shot,1,9,21801118,79,20.0,def_reb(24),3,-1,likely_open,subType: open-like
49,PT07M10.00S,1,1610612744,GSW,201939,Curry,S. Curry,27,11,3,Missed,1,,,0,v,MISS Curry 3' Driving Floating Jump Shot,Missed Shot,Driving Floating Jump Shot,1,36,21801118,290,20.0,def_reb(24),2,3,likely_contested,"subType: contested-like, distance: at-rim/very close"
114,PT02M25.00S,1,1610612744,GSW,201939,Curry,S. Curry,-112,233,26,Made,1,25.0,30.0,55,v,Curry 26' 3PT Jump Shot (10 PTS) (Green 2 AST),Made Shot,Jump Shot,1,83,21801118,575,13.0,made_fg(24),3,-1,likely_open,subType: open-like
137,PT00M49.30S,1,1610612744,GSW,201939,Curry,S. Curry,-170,221,28,Missed,1,,,0,v,MISS Curry 28' 3PT Jump Shot,Missed Shot,Jump Shot,1,99,21801118,671,11.0,made_fg(24),3,-2,likely_open,"subType: open-like, distance: deep above-break 3 (>=27ft)"
158,PT00M04.50S,1,1610612744,GSW,201939,Curry,S. Curry,90,13,9,Missed,1,,,0,v,MISS Curry 9' Driving Floating Bank Jump Shot,Missed Shot,Driving Floating Bank Jump Shot,1,113,21801118,716,2.0,final_ft(24),2,4,likely_contested,"subType: contested-like, distance: mid-range, clock: late (<=5s)"
263,PT04M12.00S,2,1610612744,GSW,201939,Curry,S. Curry,147,209,26,Missed,1,,,0,v,MISS Curry 26' 3PT Step Back Jump Shot,Missed Shot,Step Back Jump shot,1,185,21801118,1188,1.0,final_ft(24),3,4,likely_contested,"subType: contested-like, text: pressure-move, clock: late (<=5s)"
310,PT00M19.30S,2,1610612744,GSW,201939,Curry,S. Curry,-226,81,24,Made,1,58.0,64.0,122,v,Curry 24' 3PT Jump Shot (14 PTS) (Green 3 AST),Made Shot,Jump Shot,1,221,21801118,1421,19.0,turnover(24),3,-1,likely_open,subType: open-like
349,PT10M27.00S,3,1610612744,GSW,201939,Curry,S. Curry,-11,0,1,Missed,1,,,0,v,MISS Curry 1' Layup,Missed Shot,Layup Shot,1,245,21801118,1533,6.0,made_fg(24),2,1,borderline,distance: at-rim/very close
369,PT09M00.00S,3,1610612744,GSW,201939,Curry,S. Curry,-40,158,16,Missed,1,,,0,v,MISS Curry 16' Step Back Jump Shot,Missed Shot,Step Back Jump shot,1,262,21801118,1620,8.0,keep_clock(24),2,4,likely_contested,"subType: contested-like, text: pressure-move, distance: mid-range"
393,PT07M03.00S,3,1610612744,GSW,201939,Curry,S. Curry,-6,263,26,Made,1,68.0,74.0,142,v,Curry 26' 3PT Jump Shot (17 PTS) (Durant 5 AST),Made Shot,Jump Shot,1,281,21801118,1737,8.0,keep_clock(24),3,-1,likely_open,subType: open-like
397,PT06M39.00S,3,1610612744,GSW,201939,Curry,S. Curry,-231,-16,0,Made,1,68.0,77.0,145,v,Curry 3PT Jump Shot (20 PTS) (Cousins 5 AST),Made Shot,Jump Shot,1,284,21801118,1761,18.0,def_reb(24),3,-1,likely_open,"subType: open-like, distance: at-rim/very close, coords: corner-3, corner: catch/spot"
408,PT06M03.00S,3,1610612744,GSW,201939,Curry,S. Curry,-5,11,1,Made,1,70.0,79.0,149,v,Curry 1' Cutting Layup Shot (22 PTS) (Bogut 1 AST),Made Shot,Cutting Layup Shot,1,291,21801118,1797,3.0,final_ft(24),2,2,likely_contested,"distance: at-rim/very close, clock: late (<=5s)"
430,PT04M21.00S,3,1610612744,GSW,201939,Curry,S. Curry,50,84,10,Missed,1,,,0,v,MISS Curry 10' Floating Jump Shot,Missed Shot,Floating Jump shot,1,305,21801118,1899,7.0,def_reb(24),2,3,likely_contested,"subType: contested-like, distance: mid-range"
436,PT04M10.00S,3,1610612744,GSW,201939,Curry,S. Curry,-14,4,1,Missed,1,,,0,v,MISS Curry 1' Running Reverse Layup,Missed Shot,Running Reverse Layup Shot,1,311,21801118,1910,22.0,def_reb(24),2,1,borderline,distance: at-rim/very close
470,PT01M55.00S,3,1610612744,GSW,201939,Curry,S. Curry,144,272,31,Missed,1,,,0,v,MISS Curry 31' 3PT Turnaround Jump Shot,Missed Shot,Turnaround Jump Shot,1,334,21801118,2045,,stale_reset(24),3,-1,likely_open,distance: deep above-break 3 (>=27ft)
478,PT01M09.00S,3,1610612744,GSW,201939,Curry,S. Curry,84,106,14,Missed,1,,,0,v,MISS Curry 14' Driving Floating Jump Shot,Missed Shot,Driving Floating Jump Shot,1,341,21801118,2091,16.0,def_reb(24),2,3,likely_contested,"subType: contested-like, distance: mid-range"
493,PT00M34.90S,3,1610612744,GSW,201939,Curry,S. Curry,-36,252,25,Missed,1,,,0,v,MISS Curry 25' 3PT Running Jump Shot,Missed Shot,Running Jump Shot,1,353,21801118,2126,20.0,turnover(24),3,-1,likely_open,subType: open-like
614,PT04M21.00S,4,1610612744,GSW,201939,Curry,S. Curry,237,36,24,Missed,1,,,0,v,MISS Curry 24' 3PT Step Back Jump Shot,Missed Shot,Step Back Jump shot,1,441,21801118,2619,16.0,def_reb(24),3,3,likely_contested,"subType: contested-like, text: pressure-move, coords: corner-3"
632,PT02M43.00S,4,1610612744,GSW,201939,Curry,S. Curry,121,241,27,Missed,1,,,0,v,MISS Curry 27' 3PT Jump Shot,Missed Shot,Jump Shot,1,456,21801118,2717,8.0,final_ft(24),3,-2,likely_open,"subType: open-like, distance: deep above-break 3 (>=27ft)"
33,PT09M03.00S,1,1610612744,GSW,201939,Curry,S. Curry,-136,225,26,Missed,1,,,0,v,MISS Curry 26' 3PT Jump Shot,Missed Shot,Jump Shot,1,26,21801132,177,20.0,def_reb(24),3,-1,likely_open,subType: open-like
53,PT07M34.00S,1,1610612744,GSW,201939,Curry,S. Curry,220,2,0,Made,1,10.0,11.0,21,v,Curry 3PT Jump Shot (3 PTS) (Durant 1 AST),Made Shot,Jump Shot,1,40,21801132,266,10.0,made_fg(24),3,-1,likely_open,"subType: open-like, distance: at-rim/very close, coords: corner-3, corner: catch/spot"
73,PT05M43.00S,1,1610612744,GSW,201939,Curry,S. Curry,225,4,0,Made,1,16.0,20.0,36,v,Curry 3PT Jump Shot (6 PTS) (Thompson 3 AST),Made Shot,Jump Shot,1,53,21801132,377,13.0,def_reb(24),3,-1,likely_open,"subType: open-like, distance: at-rim/very close, coords: corner-3, corner: catch/spot"
116,PT03M05.00S,1,1610612744,GSW,201939,Curry,S. Curry,-5,22,2,Missed,1,,,0,v,MISS Curry 2' Driving Layup,Missed Shot,Driving Layup Shot,1,82,21801132,535,8.0,keep_clock(16),2,3,likely_contested,"subType: contested-like, distance: at-rim/very close"
125,PT02M48.00S,1,1610612744,GSW,201939,Curry,S. Curry,-14,118,12,Missed,1,,,0,v,MISS Curry 12' Driving Floating Jump Shot,Missed Shot,Driving Floating Jump Shot,1,89,21801132,552,17.0,def_reb(24),2,3,likely_contested,"subType: contested-like, distance: mid-range"
135,PT01M25.00S,1,1610612744,GSW,201939,Curry,S. Curry,-192,215,29,Made,1,20.0,27.0,47,v,Curry 29' 3PT Jump Shot (9 PTS),Made Shot,Jump Shot,1,98,21801132,635,11.0,def_reb(24),3,-2,likely_open,"subType: open-like, distance: deep above-break 3 (>=27ft)"
137,PT00M53.50S,1,1610612744,GSW,201939,Curry,S. Curry,221,26,0,Made,1,22.0,30.0,52,v,Curry 3PT Jump Shot (12 PTS) (Green 2 AST),Made Shot,Jump Shot,1,100,21801132,667,12.0,made_fg(24),3,-1,likely_open,"subType: open-like, distance: at-rim/very close, coords: corner-3, corner: catch/spot"
142,PT00M29.70S,1,1610612744,GSW,201939,Curry,S. Curry,-51,263,27,Missed,1,,,0,v,MISS Curry 27' 3PT Jump Shot,Missed Shot,Jump Shot,1,103,21801132,691,19.0,made_fg(24),3,-2,likely_open,"subType: open-like, distance: deep above-break 3 (>=27ft)"
284,PT03M48.00S,2,1610612744,GSW,201939,Curry,S. Curry,-110,244,27,Made,1,46.0,54.0,100,v,Curry 27' 3PT Jump Shot (15 PTS) (Durant 3 AST),Made Shot,Jump Shot,1,202,21801132,1212,15.0,turnover(24),3,-2,likely_open,"subType: open-like, distance: deep above-break 3 (>=27ft)"
287,PT03M24.00S,2,1610612744,GSW,201939,Curry,S. Curry,-1,7,1,Made,1,49.0,56.0,105,v,Curry 1' Cutting Layup Shot (17 PTS) (Green 3 AST),Made Shot,Cutting Layup Shot,1,204,21801132,1236,15.0,made_fg(24),2,1,borderline,distance: at-rim/very close
313,PT00M31.80S,2,1610612744,GSW,201939,Curry,S. Curry,225,6,0,Made,1,52.0,68.0,120,v,Curry 3PT Jump Shot (20 PTS) (Durant 4 AST),Made Shot,Jump Shot,1,226,21801132,1409,11.0,turnover(24),3,-1,likely_open,"subType: open-like, distance: at-rim/very close, coords: corner-3, corner: catch/spot"
316,PT00M01.80S,2,1610612744,GSW,201939,Curry,S. Curry,-136,251,29,Missed,1,,,0,v,MISS Curry 29' 3PT Jump Shot,Missed Shot,Jump Shot,1,228,21801132,1439,16.0,made_fg(24),3,-2,likely_open,"subType: open-like, distance: deep above-break 3 (>=27ft)"
358,PT09M14.00S,3,1610612744,GSW,201939,Curry,S. Curry,46,247,25,Missed,1,,,0,v,MISS Curry 25' 3PT Jump Shot,Missed Shot,Jump Shot,1,258,21801132,1606,15.0,def_reb(24),3,-1,likely_open,subType: open-like
428,PT04M59.00S,3,1610612744,GSW,201939,Curry,S. Curry,114,225,25,Missed,1,,,0,v,MISS Curry 25' 3PT Jump Shot,Missed Shot,Jump Shot,1,314,21801132,1861,12.0,off_reb(14),3,-1,likely_open,subType: open-like
466,PT02M16.00S,3,1610612744,GSW,201939,Curry,S. Curry,-196,136,24,Missed,1,,,0,v,MISS Curry 24' 3PT Jump Shot,Missed Shot,Jump Shot,1,345,21801132,2024,10.0,made_fg(24),3,-1,likely_open,subType: open-like
470,PT01M53.00S,3,1610612744,GSW,201939,Curry,S. Curry,123,141,19,Missed,1,,,0,v,MISS Curry 19' Pullup Jump Shot,Missed Shot,Pullup Jump shot,1,348,21801132,2047,10.0,made_fg(24),2,3,likely_contested,"subType: contested-like, text: pressure-move"
486,PT00M38.50S,3,1610612744,GSW,201939,Curry,S. Curry,3,15,2,Made,1,84.0,86.0,170,v,Curry 2' Driving Layup (22 PTS),Made Shot,Driving Layup Shot,1,361,21801132,2122,15.0,made_fg(24),2,3,likely_contested,"subType: contested-like, distance: at-rim/very close"
619,PT03M45.00S,4,1610612744,GSW,201939,Curry,S. Curry,5,155,16,Missed,1,,,0,v,MISS Curry 16' Pullup Jump Shot,Missed Shot,Pullup Jump shot,1,453,21801132,2655,11.0,made_fg(24),2,4,likely_contested,"subType: contested-like, text: pressure-move, distance: mid-range"
637,PT02M16.00S,4,1610612744,GSW,201939,Curry,S. Curry,96,240,26,Made,1,113.0,109.0,222,v,Curry 26' 3PT Jump Shot (25 PTS),Made Shot,Jump Shot,1,467,21801132,2744,13.0,made_fg(24),3,-1,likely_open,subType: open-like
652,PT00M49.60S,4,1610612744,GSW,201939,Curry,S. Curry,-3,245,25,Made,1,115.0,114.0,229,v,Curry 25' 3PT Jump Shot (28 PTS) (Durant 7 AST),Made Shot,Jump Shot,1,480,21801132,2831,17.0,def_reb(24),3,-1,likely_open,subType: open-like
697,PT03M17.00S,5,1610612744,GSW,201939,Curry,S. Curry,149,226,27,Missed,1,,,0,v,MISS Curry 27' 3PT Jump Shot,Missed Shot,Jump Shot,1,512,21801132,2983,4.0,made_fg(24),3,-1,likely_open,"subType: open-like, distance: deep above-break 3 (>=27ft), clock: late (<=5s)"
720,PT01M33.00S,5,1610612744,GSW,201939,Curry,S. Curry,7,260,26,Made,1,128.0,122.0,250,v,Curry 26' 3PT Pullup Jump Shot (31 PTS),Made Shot,Pullup Jump shot,1,530,21801132,3087,16.0,made_fg(24),3,3,likely_contested,"subType: contested-like, text: pressure-move"
732,PT00M23.00S,5,1610612744,GSW,201939,Curry,S. Curry,11,248,25,Made,1,128.0,125.0,253,v,Curry 25' 3PT Jump Shot (34 PTS),Made Shot,Jump Shot,1,540,21801132,3157,23.0,def_reb(24),3,-1,likely_open,subType: open-like
741,PT00M14.30S,5,1610612744,GSW,201939,Curry,S. Curry,-67,264,27,Missed,1,,,0,v,MISS Curry 27' 3PT Jump Shot,Missed Shot,Jump Shot,1,546,21801132,3166,20.0,def_reb(24),3,-2,likely_open,"subType: open-like, distance: deep above-break 3 (>=27ft)"
752,PT00M00.80S,5,1610612744,GSW,201939,Curry,S. Curry,-237,24,24,Made,1,130.0,130.0,260,v,Curry 24' 3PT Jump Shot (37 PTS),Made Shot,Jump Shot,1,555,21801132,3180,19.0,keep_clock(23),3,-2,likely_open,"subType: open-like, coords: corner-3, corner: catch/spot"
31,PT09M17.00S,1,1610612744,GSW,201939,Curry,S. Curry,-5,25,3,Missed,1,,,0,h,MISS Curry 3' Cutting Layup Shot,Missed Shot,Cutting Layup Shot,1,20,21801150,163,17.0,made_fg(24),2,1,borderline,distance: at-rim/very close
42,PT08M12.00S,1,1610612744,GSW,201939,Curry,S. Curry,-174,243,30,Missed,1,,,0,h,MISS Curry 30' 3PT Jump Shot,Missed Shot,Jump Shot,1,32,21801150,228,18.0,def_reb(24),3,-2,likely_open,"subType: open-like, distance: deep above-break 3 (>=27ft)"
53,PT06M56.00S,1,1610612744,GSW,201939,Curry,S. Curry,19,26,3,Made,1,11.0,11.0,22,h,Curry 3' Driving Finger Roll Layup (2 PTS),Made Shot,Driving Finger Roll Layup Shot,1,42,21801150,304,10.0,made_fg(24),2,1,borderline,distance: at-rim/very close
72,PT06M12.00S,1,1610612744,GSW,201939,Curry,S. Curry,59,202,21,Made,1,13.0,15.0,28,h,Curry 21' Jump Shot (4 PTS),Made Shot,Jump Shot,1,52,21801150,348,12.0,made_fg(24),2,-1,likely_open,subType: open-like
90,PT04M51.00S,1,1610612744,GSW,201939,Curry,S. Curry,129,235,27,Made,1,21.0,17.0,38,h,Curry 27' 3PT Jump Shot (7 PTS) (Green 3 AST),Made Shot,Jump Shot,1,66,21801150,429,19.0,def_reb(24),3,-2,likely_open,"subType: open-like, distance: deep above-break 3 (>=27ft)"
108,PT03M38.00S,1,1610612744,GSW,201939,Curry,S. Curry,-9,74,7,Missed,1,,,0,h,MISS Curry 7' Driving Finger Roll Layup,Missed Shot,Driving Finger Roll Layup Shot,1,76,21801150,502,6.0,final_ft(24),2,0,likely_open,
112,PT03M21.00S,1,1610612744,GSW,201939,Curry,S. Curry,-218,169,28,Missed,1,,,0,h,MISS Curry 28' 3PT Jump Shot,Missed Shot,Jump Shot,1,80,21801150,519,17.0,def_reb(24),3,-2,likely_open,"subType: open-like, distance: deep above-break 3 (>=27ft)"
116,PT03M12.00S,1,1610612744,GSW,201939,Curry,S. Curry,3,49,5,Made,1,25.0,20.0,45,h,Curry 5' Layup (9 PTS),Made Shot,Layup Shot,1,84,21801150,528,20.0,turnover(24),2,1,borderline,distance: at-rim/very close
139,PT02M07.00S,1,1610612744,GSW,201939,Curry,S. Curry,227,49,0,Made,1,30.0,22.0,52,h,Curry 3PT Jump Shot (12 PTS) (Iguodala 1 AST),Made Shot,Jump Shot,1,100,21801150,593,3.0,made_fg(24),3,0,likely_open,"subType: open-like, distance: at-rim/very close, coords: corner-3, corner: catch/spot, clock: late (<=5s)"
165,PT00M00.30S,1,1610612744,GSW,201939,Curry,S. Curry,139,161,21,Missed,1,,,0,h,MISS Curry 21' Step Back Jump Shot,Missed Shot,Step Back Jump shot,1,120,21801150,720,15.0,def_reb(24),2,3,likely_contested,"subType: contested-like, text: pressure-move"
269,PT05M22.00S,2,1610612744,GSW,201939,Curry,S. Curry,-168,217,27,Missed,1,,,0,h,MISS Curry 27' 3PT Jump Shot,Missed Shot,Jump Shot,1,188,21801150,1118,21.0,turnover(24),3,-2,likely_open,"subType: open-like, distance: deep above-break 3 (>=27ft)"
390,PT05M51.00S,3,1610612744,GSW,201939,Curry,S. Curry,-171,208,27,Made,1,92.0,57.0,149,h,Curry 27' 3PT Pullup Jump Shot (19 PTS) (Green 9 AST),Made Shot,Pullup Jump shot,1,276,21801150,1809,18.0,turnover(24),3,2,likely_contested,"subType: contested-like, text: pressure-move, distance: deep above-break 3 (>=27ft)"
411,PT03M53.00S,3,1610612744,GSW,201939,Curry,S. Curry,159,234,28,Made,1,101.0,59.0,160,h,Curry 28' 3PT Jump Shot (22 PTS) (Looney 1 AST),Made Shot,Jump Shot,1,291,21801150,1927,16.0,def_reb(24),3,-2,likely_open,"subType: open-like, distance: deep above-break 3 (>=27ft)"
417,PT03M19.00S,3,1610612744,GSW,201939,Curry,S. Curry,-225,13,0,Made,1,104.0,59.0,163,h,Curry 3PT Jump Shot (25 PTS) (Durant 9 AST),Made Shot,Jump Shot,1,295,21801150,1961,20.0,def_reb(24),3,-1,likely_open,"subType: open-like, distance: at-rim/very close, coords: corner-3, corner: catch/spot"
7,PT11M46.00S,1,1610612744,GSW,201939,Curry,S. Curry,144,228,27,Made,1,3.0,0.0,3,h,Curry 27' 3PT Jump Shot (3 PTS) (Green 1 AST),Made Shot,Jump Shot,1,3,21801164,14,10.0,jumpball(24),3,-2,likely_open,"subType: open-like, distance: deep above-break 3 (>=27ft)"
27,PT10M40.00S,1,1610612744,GSW,201939,Curry,S. Curry,124,159,20,Made,1,5.0,6.0,11,h,Curry 20' Step Back Jump Shot (5 PTS) (Durant 1 AST),Made Shot,Step Back Jump shot,1,19,21801164,80,11.0,made_fg(24),2,3,likely_contested,"subType: contested-like, text: pressure-move"
68,PT07M48.00S,1,1610612744,GSW,201939,Curry,S. Curry,158,220,27,Missed,1,,,0,h,MISS Curry 27' 3PT Step Back Jump Shot,Missed Shot,Step Back Jump shot,1,54,21801164,252,14.0,def_reb(24),3,2,likely_contested,"subType: contested-like, text: pressure-move, distance: deep above-break 3 (>=27ft)"
114,PT03M58.00S,1,1610612744,GSW,201939,Curry,S. Curry,-152,217,26,Missed,1,,,0,h,MISS Curry 26' 3PT Jump Shot,Missed Shot,Jump Shot,1,91,21801164,482,8.0,made_fg(24),3,-1,likely_open,subType: open-like
140,PT02M01.00S,1,1610612744,GSW,201939,Curry,S. Curry,199,168,26,Made,1,27.0,24.0,51,h,Curry 26' 3PT Pullup Jump Shot (8 PTS) (Iguodala 1 AST),Made Shot,Pullup Jump shot,1,109,21801164,599,9.0,turnover(24),3,3,likely_contested,"subType: contested-like, text: pressure-move"
148,PT01M15.00S,1,1610612744,GSW,201939,Curry,S. Curry,161,242,29,Missed,1,,,0,h,MISS Curry 29' 3PT Jump Shot,Missed Shot,Jump Shot,1,116,21801164,645,18.0,turnover(24),3,-2,likely_open,"subType: open-like, distance: deep above-break 3 (>=27ft)"
338,PT00M08.80S,2,1610612744,GSW,201939,Curry,S. Curry,150,221,27,Missed,1,,,0,h,MISS Curry 27' 3PT Jump Shot,Missed Shot,Jump Shot,1,249,21801164,1432,1.0,def_reb(24),3,-1,likely_open,"subType: open-like, distance: deep above-break 3 (>=27ft), clock: late (<=5s)"
375,PT09M02.00S,3,1610612744,GSW,201939,Curry,S. Curry,-198,172,26,Missed,1,,,0,h,MISS Curry 26' 3PT Jump Shot,Missed Shot,Jump Shot,1,278,21801164,1618,18.0,def_reb(24),3,-1,likely_open,subType: open-like
404,PT07M48.00S,3,1610612744,GSW,201939,Curry,S. Curry,-207,161,26,Made,1,75.0,51.0,126,h,Curry 26' 3PT Jump Shot (11 PTS) (McKinnie 1 AST),Made Shot,Jump Shot,1,302,21801164,1692,20.0,turnover(24),3,-1,likely_open,subType: open-like
448,PT05M12.00S,3,1610612744,GSW,201939,Curry,S. Curry,24,271,27,Made,1,78.0,55.0,133,h,Curry 27' 3PT Jump Shot (14 PTS),Made Shot,Jump Shot,1,339,21801164,1848,15.0,def_reb(24),3,-2,likely_open,"subType: open-like, distance: deep above-break 3 (>=27ft)"
571,PT07M22.00S,4,1610612744,GSW,201939,Curry,S. Curry,-111,253,28,Made,1,105.0,75.0,180,h,Curry 28' 3PT Step Back Jump Shot (17 PTS),Made Shot,Step Back Jump shot,1,423,21801164,2438,11.0,made_fg(24),3,2,likely_contested,"subType: contested-like, text: pressure-move, distance: deep above-break 3 (>=27ft)"
12,PT11M19.00S,1,1610612744,GSW,201939,Curry,S. Curry,-197,8,20,Missed,1,,,0,v,MISS Curry 20' Jump Shot,Missed Shot,Jump Shot,1,6,21801179,41,14.0,def_reb(24),2,-1,likely_open,subType: open-like
110,PT04M19.00S,1,1610612744,GSW,201939,Curry,S. Curry,-125,272,30,Missed,1,,,0,v,MISS Curry 30' 3PT Jump Shot,Missed Shot,Jump Shot,1,80,21801179,461,20.0,def_reb(24),3,-2,likely_open,"subType: open-like, distance: deep above-break 3 (>=27ft)"
147,PT01M07.00S,1,1610612744,GSW,201939,Curry,S. Curry,-139,267,30,Missed,1,,,0,v,MISS Curry 30' 3PT Jump Shot,Missed Shot,Jump Shot,1,110,21801179,653,7.0,made_fg(24),3,-2,likely_open,"subType: open-like, distance: deep above-break 3 (>=27ft)"
314,PT02M49.00S,2,1610612744,GSW,201939,Curry,S. Curry,-185,195,27,Missed,1,,,0,v,MISS Curry 27' 3PT Step Back Jump Shot,Missed Shot,Step Back Jump shot,1,234,21801179,1271,10.0,made_fg(24),3,2,likely_contested,"subType: contested-like, text: pressure-move, distance: deep above-break 3 (>=27ft)"
328,PT01M39.00S,2,1610612744,GSW,201939,Curry,S. Curry,136,225,26,Made,1,40.0,58.0,98,v,Curry 26' 3PT Jump Shot (3 PTS) (Durant 5 AST),Made Shot,Jump Shot,1,247,21801179,1341,8.0,made_fg(24),3,-1,likely_open,subType: open-like
342,PT00M37.80S,2,1610612744,GSW,201939,Curry,S. Curry,0,48,5,Made,1,42.0,60.0,102,v,Curry 5' Cutting Finger Roll Layup Shot (5 PTS) (Green 4 AST),Made Shot,Cutting Finger Roll Layup Shot,1,257,21801179,1403,15.0,made_fg(24),2,1,borderline,distance: at-rim/very close
346,PT00M02.40S,2,1610612744,GSW,201939,Curry,S. Curry,19,37,4,Missed,1,,,0,v,MISS Curry 4' Driving Layup,Missed Shot,Driving Layup Shot,1,260,21801179,1438,2.0,def_reb(24),2,4,likely_contested,"subType: contested-like, distance: at-rim/very close, clock: late (<=5s)"
392,PT09M37.00S,3,1610612744,GSW,201939,Curry,S. Curry,-97,231,25,Missed,1,,,0,v,MISS Curry 25' 3PT Pullup Jump Shot,Missed Shot,Pullup Jump shot,1,291,21801179,1583,12.0,made_fg(24),3,3,likely_contested,"subType: contested-like, text: pressure-move"
435,PT05M59.00S,3,1610612744,GSW,201939,Curry,S. Curry,-41,21,5,Made,1,53.0,82.0,135,v,Curry 5' Driving Floating Bank Jump Shot (7 PTS),Made Shot,Driving Floating Bank Jump Shot,1,325,21801179,1801,2.0,def_reb(24),2,4,likely_contested,"subType: contested-like, distance: at-rim/very close, clock: late (<=5s)"
440,PT05M01.00S,3,1610612744,GSW,201939,Curry,S. Curry,-3,15,2,Missed,1,,,0,v,MISS Curry 2' Driving Reverse Layup,Missed Shot,Driving Reverse Layup Shot,1,330,21801179,1859,12.0,turnover(24),2,3,likely_contested,"subType: contested-like, distance: at-rim/very close"
443,PT04M57.00S,3,1610612744,GSW,201939,Curry,S. Curry,147,224,27,Missed,1,,,0,v,MISS Curry 27' 3PT Jump Shot,Missed Shot,Jump Shot,1,333,21801179,1863,12.0,off_reb(14),3,-2,likely_open,"subType: open-like, distance: deep above-break 3 (>=27ft)"
447,PT04M38.00S,3,1610612744,GSW,201939,Curry,S. Curry,232,35,0,Missed,1,,,0,v,MISS Curry 3PT Jump Shot,Missed Shot,Jump Shot,1,337,21801179,1882,15.0,def_reb(24),3,-1,likely_open,"subType: open-like, distance: at-rim/very close, coords: corner-3, corner: catch/spot"
478,PT02M33.00S,3,1610612744,GSW,201939,Curry,S. Curry,-135,241,28,Missed,1,,,0,v,MISS Curry 28' 3PT Jump Shot,Missed Shot,Jump Shot,1,359,21801179,2007,10.0,made_fg(24),3,-2,likely_open,"subType: open-like, distance: deep above-break 3 (>=27ft)"
491,PT00M58.40S,3,1610612744,GSW,201939,Curry,S. Curry,236,10,24,Missed,1,,,0,v,MISS Curry 24' 3PT Step Back Jump Shot,Missed Shot,Step Back Jump shot,1,370,21801179,2102,3.0,made_fg(24),3,4,likely_contested,"subType: contested-like, text: pressure-move, coords: corner-3, clock: late (<=5s)"
42,PT08M48.00S,1,1610612744,GSW,201939,Curry,S. Curry,-20,1,2,Missed,1,,,0,h,MISS Curry 2' Driving Reverse Layup,Missed Shot,Driving Reverse Layup Shot,1,30,21801191,192,12.0,def_reb(24),2,3,likely_contested,"subType: contested-like, distance: at-rim/very close"
44,PT08M43.00S,1,1610612744,GSW,201939,Curry,S. Curry,1,14,1,Made,1,12.0,7.0,19,h,Curry 1' Layup (2 PTS),Made Shot,Layup Shot,1,32,21801191,197,11.0,off_reb(14),2,1,borderline,distance: at-rim/very close
58,PT06M44.00S,1,1610612744,GSW,201939,Curry,S. Curry,-167,230,28,Made,1,17.0,9.0,26,h,Curry 28' 3PT Jump Shot (5 PTS) (Green 2 AST),Made Shot,Jump Shot,1,46,21801191,316,18.0,def_reb(24),3,-2,likely_open,"subType: open-like, distance: deep above-break 3 (>=27ft)"
86,PT04M40.00S,1,1610612744,GSW,201939,Curry,S. Curry,224,129,26,Made,1,23.0,12.0,35,h,Curry 26' 3PT Pullup Jump Shot (11 PTS) (Durant 1 AST),Made Shot,Pullup Jump shot,1,66,21801191,440,6.0,made_fg(24),3,3,likely_contested,"subType: contested-like, text: pressure-move"
95,PT04M07.00S,1,1610612744,GSW,201939,Curry,S. Curry,122,146,19,Missed,1,,,0,h,MISS Curry 19' Jump Shot,Missed Shot,Jump Shot,1,71,21801191,473,11.0,turnover(24),2,-1,likely_open,subType: open-like
132,PT00M53.60S,1,1610612744,GSW,201939,Curry,S. Curry,-209,148,26,Made,1,32.0,22.0,54,h,Curry 26' 3PT Jump Shot (14 PTS) (Green 3 AST),Made Shot,Jump Shot,1,101,21801191,667,12.0,final_ft(24),3,-1,likely_open,subType: open-like
142,PT00M07.90S,1,1610612744,GSW,201939,Curry,S. Curry,221,120,25,Made,1,35.0,26.0,61,h,Curry 25' 3PT Jump Shot (17 PTS) (Livingston 1 AST),Made Shot,Jump Shot,1,108,21801191,713,8.0,made_fg(24),3,-1,likely_open,subType: open-like
239,PT05M07.00S,2,1610612744,GSW,201939,Curry,S. Curry,109,261,28,Missed,1,,,0,h,MISS Curry 28' 3PT Jump Shot,Missed Shot,Jump Shot,1,175,21801191,1133,9.0,turnover(24),3,-2,likely_open,"subType: open-like, distance: deep above-break 3 (>=27ft)"
258,PT03M31.00S,2,1610612744,GSW,201939,Curry,S. Curry,-8,11,1,Made,1,55.0,40.0,95,h,Curry 1' Cutting Layup Shot (20 PTS) (Cook 1 AST),Made Shot,Cutting Layup Shot,1,190,21801191,1229,18.0,turnover(24),2,1,borderline,distance: at-rim/very close
296,PT00M54.40S,2,1610612744,GSW,201939,Curry,S. Curry,117,127,17,Missed,1,,,0,h,MISS Curry 17' Jump Shot,Missed Shot,Jump Shot,1,220,21801191,1386,12.0,final_ft(24),2,-1,likely_open,subType: open-like
304,PT00M28.80S,2,1610612744,GSW,201939,Curry,S. Curry,17,285,29,Made,1,65.0,49.0,114,h,Curry 29' 3PT Jump Shot (23 PTS) (Durant 3 AST),Made Shot,Jump Shot,1,227,21801191,1412,18.0,final_ft(24),3,-2,likely_open,"subType: open-like, distance: deep above-break 3 (>=27ft)"
344,PT09M14.00S,3,1610612744,GSW,201939,Curry,S. Curry,117,227,26,Made,1,76.0,55.0,131,h,Curry 26' 3PT Pullup Jump Shot (26 PTS),Made Shot,Pullup Jump shot,1,253,21801191,1606,15.0,made_fg(24),3,3,likely_contested,"subType: contested-like, text: pressure-move"
397,PT05M02.00S,3,1610612744,GSW,201939,Curry,S. Curry,-101,193,22,Missed,1,,,0,h,MISS Curry 22' Jump Shot,Missed Shot,Jump Shot,1,291,21801191,1858,18.0,def_reb(24),2,-1,likely_open,subType: open-like
413,PT04M08.00S,3,1610612744,GSW,201939,Curry,S. Curry,16,20,3,Made,1,91.0,76.0,167,h,Curry 3' Driving Finger Roll Layup (29 PTS),Made Shot,Driving Finger Roll Layup Shot,1,305,21801191,1912,11.0,made_fg(24),2,1,borderline,distance: at-rim/very close
416,PT03M50.00S,3,1610612744,GSW,201939,Curry,S. Curry,194,199,28,Made,1,94.0,76.0,170,h,Curry 28' 3PT Jump Shot (32 PTS) (Durant 6 AST),Made Shot,Jump Shot,1,308,21801191,1930,18.0,def_reb(24),3,-2,likely_open,"subType: open-like, distance: deep above-break 3 (>=27ft)"
423,PT03M13.00S,3,1610612744,GSW,201939,Curry,S. Curry,163,27,17,Missed,1,,,0,h,MISS Curry 17' Turnaround Jump Shot,Missed Shot,Turnaround Jump Shot,1,312,21801191,1967,9.0,turnover(24),2,0,likely_open,
427,PT02M44.00S,3,1610612744,GSW,201939,Curry,S. Curry,-228,22,0,Made,1,97.0,79.0,176,h,Curry 3PT Jump Shot (35 PTS) (Durant 7 AST),Made Shot,Jump Shot,1,315,21801191,1996,6.0,made_fg(24),3,-1,likely_open,"subType: open-like, distance: at-rim/very close, coords: corner-3, corner: catch/spot"
442,PT02M00.00S,3,1610612744,GSW,201939,Curry,S. Curry,-3,268,27,Missed,1,,,0,h,MISS Curry 27' 3PT Jump Shot,Missed Shot,Jump Shot,1,325,21801191,2040,13.0,made_fg(24),3,-2,likely_open,"subType: open-like, distance: deep above-break 3 (>=27ft)"
585,PT02M01.00S,4,1610612744,GSW,201939,Curry,S. Curry,-175,221,28,Made,1,118.0,112.0,230,h,Curry 28' 3PT Step Back Jump Shot (38 PTS) (Green 5 AST),Made Shot,Step Back Jump shot,1,426,21801191,2759,13.0,def_reb(24),3,2,likely_contested,"subType: contested-like, text: pressure-move, distance: deep above-break 3 (>=27ft)"
589,PT01M35.00S,4,1610612744,GSW,201939,Curry,S. Curry,100,243,26,Missed,1,,,0,h,MISS Curry 26' 3PT Jump Shot,Missed Shot,Jump Shot,1,429,21801191,2785,15.0,def_reb(24),3,-1,likely_open,subType: open-like
596,PT00M25.50S,4,1610612744,GSW,201939,Curry,S. Curry,-130,141,19,Missed,1,,,0,h,MISS Curry 19' Step Back Jump Shot,Missed Shot,Step Back Jump shot,1,436,21801191,2855,8.0,made_fg(24),2,3,likely_contested,"subType: contested-like, text: pressure-move"
32,PT08M48.00S,1,1610612744,GSW,201939,Curry,S. Curry,16,23,3,Made,1,10.0,7.0,17,h,Curry 3' Cutting Layup Shot (2 PTS) (Cousins 1 AST),Made Shot,Cutting Layup Shot,1,22,21801205,192,9.0,made_fg(24),2,1,borderline,distance: at-rim/very close
57,PT06M51.00S,1,1610612744,GSW,201939,Curry,S. Curry,6,27,3,Made,1,17.0,10.0,27,h,Curry 3' Cutting Layup Shot (4 PTS) (Green 2 AST),Made Shot,Cutting Layup Shot,1,41,21801205,309,8.0,made_fg(24),2,1,borderline,distance: at-rim/very close
84,PT04M08.00S,1,1610612744,GSW,201939,Curry,S. Curry,-148,216,26,Made,1,23.0,19.0,42,h,Curry 26' 3PT Pullup Jump Shot (7 PTS) (Durant 2 AST),Made Shot,Pullup Jump shot,1,62,21801205,472,6.0,def_reb(24),3,3,likely_contested,"subType: contested-like, text: pressure-move"
108,PT02M17.00S,1,1610612744,GSW,201939,Curry,S. Curry,-182,191,26,Missed,1,,,0,h,MISS Curry 26' 3PT Jump Shot,Missed Shot,Jump Shot,1,76,21801205,583,18.0,def_reb(24),3,-1,likely_open,subType: open-like
134,PT00M42.10S,1,1610612744,GSW,201939,Curry,S. Curry,4,34,3,Made,1,32.0,28.0,60,h,Curry 3' Running Layup (9 PTS) (Green 5 AST),Made Shot,Running Layup Shot,1,98,21801205,678,22.0,def_reb(24),2,3,likely_contested,"subType: contested-like, distance: at-rim/very close"
138,PT00M26.50S,1,1610612744,GSW,201939,Curry,S. Curry,-128,238,27,Missed,1,,,0,h,MISS Curry 27' 3PT Jump Shot,Missed Shot,Jump Shot,1,101,21801205,694,18.0,def_reb(24),3,-2,likely_open,"subType: open-like, distance: deep above-break 3 (>=27ft)"
269,PT04M26.00S,2,1610612744,GSW,201939,Curry,S. Curry,-23,8,2,Made,1,49.0,46.0,95,h,Curry 2' Driving Reverse Layup (11 PTS),Made Shot,Driving Reverse Layup Shot,1,189,21801205,1174,16.0,turnover(24),2,3,likely_contested,"subType: contested-like, distance: at-rim/very close"
289,PT03M07.00S,2,1610612744,GSW,201939,Curry,S. Curry,11,115,12,Made,1,53.0,49.0,102,h,Curry 12' Turnaround Jump Shot (13 PTS) (Durant 5 AST),Made Shot,Turnaround Jump Shot,1,205,21801205,1253,12.0,turnover(24),2,1,borderline,distance: mid-range
302,PT02M15.00S,2,1610612744,GSW,201939,Curry,S. Curry,204,172,27,Made,1,56.0,50.0,106,h,Curry 27' 3PT Jump Shot (16 PTS) (Durant 6 AST),Made Shot,Jump Shot,1,215,21801205,1305,11.0,final_ft(24),3,-2,likely_open,"subType: open-like, distance: deep above-break 3 (>=27ft)"
306,PT01M44.00S,2,1610612744,GSW,201939,Curry,S. Curry,-228,27,0,Missed,1,,,0,h,MISS Curry 3PT Step Back Jump Shot,Missed Shot,Step Back Jump shot,1,219,21801205,1336,3.0,def_reb(24),3,5,likely_contested,"subType: contested-like, text: pressure-move, distance: at-rim/very close, coords: corner-3, clock: late (<=5s)"
319,PT00M58.60S,2,1610612744,GSW,201939,Curry,S. Curry,59,195,20,Made,1,60.0,52.0,112,h,Curry 20' Jump Shot (20 PTS),Made Shot,Jump Shot,1,227,21801205,1382,11.0,made_fg(24),2,-1,likely_open,subType: open-like
325,PT00M39.80S,2,1610612744,GSW,201939,Curry,S. Curry,33,78,8,Made,1,62.0,53.0,115,h,Curry 8' Driving Finger Roll Layup (22 PTS),Made Shot,Driving Finger Roll Layup Shot,1,235,21801205,1401,13.0,final_ft(24),2,1,borderline,distance: mid-range
375,PT10M10.00S,3,1610612744,GSW,201939,Curry,S. Curry,-2,37,4,Missed,1,,,0,h,MISS Curry 4' Layup,Missed Shot,Layup Shot,1,268,21801205,1550,19.0,def_reb(24),2,1,borderline,distance: at-rim/very close
386,PT09M14.00S,3,1610612744,GSW,201939,Curry,S. Curry,-129,231,26,Missed,1,,,0,h,MISS Curry 26' 3PT Jump Shot,Missed Shot,Jump Shot,1,274,21801205,1606,7.0,def_foul_14(14),3,-1,likely_open,subType: open-like
416,PT07M00.00S,3,1610612744,GSW,201939,Curry,S. Curry,-130,-4,13,Missed,1,,,0,h,MISS Curry 13' Jump Shot,Missed Shot,Jump Shot,1,297,21801205,1740,12.0,made_fg(24),2,0,likely_open,"subType: open-like, distance: mid-range"
466,PT03M09.00S,3,1610612744,GSW,201939,Curry,S. Curry,229,21,0,Missed,1,,,0,h,MISS Curry 3PT Jump Shot,Missed Shot,Jump Shot,1,332,21801205,1971,8.0,def_reb(24),3,-1,likely_open,"subType: open-like, distance: at-rim/very close, coords: corner-3, corner: catch/spot"
487,PT02M20.00S,3,1610612744,GSW,201939,Curry,S. Curry,-139,216,26,Missed,1,,,0,h,MISS Curry 26' 3PT Jump Shot,Missed Shot,Jump Shot,1,347,21801205,2020,8.0,def_foul_14(14),3,-1,likely_open,subType: open-like
503,PT01M31.00S,3,1610612744,GSW,201939,Curry,S. Curry,6,13,1,Made,1,99.0,73.0,172,h,Curry 1' Layup (24 PTS) (Lee 1 AST),Made Shot,Layup Shot,1,359,21801205,2069,18.0,def_reb(24),2,1,borderline,distance: at-rim/very close
512,PT01M10.00S,3,1610612744,GSW,201939,Curry,S. Curry,175,219,28,Missed,1,,,0,h,MISS Curry 28' 3PT Jump Shot,Missed Shot,Jump Shot,1,364,21801205,2090,16.0,turnover(24),3,-2,likely_open,"subType: open-like, distance: deep above-break 3 (>=27ft)"
533,PT00M03.00S,3,1610612744,GSW,201939,Curry,S. Curry,-201,224,30,Made,1,104.0,73.0,177,h,Curry 30' 3PT Step Back Jump Shot (27 PTS),Made Shot,Step Back Jump shot,1,379,21801205,2157,12.0,def_reb(24),3,2,likely_contested,"subType: contested-like, text: pressure-move, distance: deep above-break 3 (>=27ft)"
25,PT09M49.00S,1,1610612744,GSW,201939,Curry,S. Curry,-180,-15,18,Missed,1,,,0,v,MISS Curry 18' Step Back Jump Shot,Missed Shot,Step Back Jump shot,1,20,21801215,131,3.0,made_fg(24),2,4,likely_contested,"subType: contested-like, text: pressure-move, clock: late (<=5s)"
48,PT08M01.00S,1,1610612744,GSW,201939,Curry,S. Curry,73,255,27,Made,1,4.0,3.0,7,v,Curry 27' 3PT Jump Shot (3 PTS) (Green 1 AST),Made Shot,Jump Shot,1,40,21801215,239,18.0,def_reb(24),3,-2,likely_open,"subType: open-like, distance: deep above-break 3 (>=27ft)"
61,PT06M36.00S,1,1610612744,GSW,201939,Curry,S. Curry,132,199,24,Missed,1,,,0,v,MISS Curry 24' 3PT Jump Shot,Missed Shot,Jump Shot,1,51,21801215,324,14.0,def_reb(24),3,-1,likely_open,subType: open-like
114,PT02M43.00S,1,1610612744,GSW,201939,Curry,S. Curry,-129,-15,13,Made,1,10.0,11.0,21,v,Curry 13' Jump Shot (5 PTS) (Looney 1 AST),Made Shot,Jump Shot,1,91,21801215,557,8.0,def_reb(24),2,0,likely_open,"subType: open-like, distance: mid-range"
