personId,season_year,season,fg_pct,fg3_pct,fg2_pct,total_attempts,fg3_attempts,fg2_attempts
708,2013,2013-14,0.4410112359550562,0.0,0.4447592067988669,356,3,353
951,2013,2013-14,0.4419889502762431,0.37540453074433655,0.5299145299145299,543,309,234
959,2013,2013-14,0.3829787234042553,0.3333333333333333,0.4,94,24,70
965,2013,2013-14,0.39058171745152354,0.38427947598253276,0.4015151515151515,361,229,132
977,2013,2013-14,0.4246575342465753,0.1875,0.49122807017543857,73,16,57
979,2013,2013-14,0.5040322580645161,0.0,0.5040322580645161,248,0,248
1495,2013,2013-14,0.4900662251655629,0.0,0.49278579356270813,906,5,901
1497,2013,2013-14,0.3037974683544304,0.2916666666666667,0.3225806451612903,79,48,31
1536,2013,2013-14,0.23076923076923078,0.07142857142857142,0.4166666666666667,26,14,12
1712,2013,2013-14,0.31521739130434784,0.1951219512195122,0.4117647058823529,92,41,51
1713,2013,2013-14,0.406905055487053,0.3935309973045822,0.41818181818181815,811,371,440
1717,2013,2013-14,0.49725058915946585,0.3981762917933131,0.5317796610169492,1273,329,944
1718,2013,2013-14,0.4508426966292135,0.37333333333333335,0.5072815533980582,712,300,412
1733,2013,2013-14,0.3961352657004831,0.34,0.4485981308411215,207,100,107
1737,2013,2013-14,0.42857142857142855,0.0,0.42857142857142855,126,0,126
1740,2013,2013-14,0.4152542372881356,0.34328358208955223,0.5098039215686274,236,134,102
1882,2013,2013-14,0.5391566265060241,0.0,0.5424242424242425,332,2,330
1889,2013,2013-14,0.4588744588744589,0.5238095238095238,0.4523809523809524,231,21,210
1890,2013,2013-14,0.481638418079096,0.35802469135802467,0.5183150183150184,708,162,546
1891,2013,2013-14,0.3618421052631579,0.3786407766990291,0.32653061224489793,152,103,49
1897,2013,2013-14,0.3971631205673759,0.3148148148148148,0.4482758620689655,141,54,87
1905,2013,2013-14,0.5125,0.2,0.5225806451612903,160,5,155
1938,2013,2013-14,0.4688995215311005,0.3488372093023256,0.5528455284552846,627,258,369
2030,2013,2013-14,0.5121951219512195,0.0,0.5163934426229508,123,1,122
2034,2013,2013-14,0.48081264108352145,0.4592274678111588,0.5047619047619047,443,233,210
2037,2013,2013-14,0.41641938674579626,0.3609865470852018,0.46017699115044247,1011,446,565
2045,2013,2013-14,0.3853211009174312,0.44,0.3389830508474576,109,50,59
2199,2013,2013-14,0.593167701863354,0.0,0.5950155763239875,322,1,321
2200,2013,2013-14,0.480225988700565,0.2857142857142857,0.4833524684270953,885,14,871
2203,2013,2013-14,0.38181818181818183,0.3476190476190476,0.49230769230769234,275,210,65
2207,2013,2013-14,0.4538310412573674,0.400990099009901,0.48859934853420195,1018,404,614
2210,2013,2013-14,0.44954128440366975,0.40863787375415284,0.48441926345609065,654,301,353
2215,2013,2013-14,0.4583333333333333,0.0,0.5238095238095238,24,3,21
2216,2013,2013-14,0.4674457429048414,0.1,0.47368421052631576,1198,20,1178
2222,2013,2013-14,0.5043478260869565,0.296875,0.5843373493975904,230,64,166
2223,2013,2013-14,0.5676392572944297,0.0,0.5691489361702128,377,1,376
2224,2013,2013-14,0.2,0.06666666666666667,0.6,20,15,5
2225,2013,2013-14,0.4989059080962801,0.373134328358209,0.5088547815820543,914,67,847
2229,2013,2013-14,0.23809523809523808,0.2,0.25,21,5,16
2248,2013,2013-14,0.2727272727272727,0.2857142857142857,0.25,11,7,4
2365,2013,2013-14,0.6436363636363637,0.25,0.6615969581749049,275,12,263
2399,2013,2013-14,0.43023255813953487,0.37962962962962965,0.4666666666666667,774,324,450
2400,2013,2013-14,0.5314685314685315,0.4117647058823529,0.5476190476190477,143,17,126
2403,2013,2013-14,0.5033670033670034,0.2,0.5059422750424448,594,5,589
2405,2013,2013-14,0.557347670250896,0.0,0.557347670250896,558,0,558
2406,2013,2013-14,0.39444444444444443,0.39357429718875503,0.3951890034364261,540,249,291
2408,2013,2013-14,0.5,0.0,0.5,6,0,6
2419,2013,2013-14,0.4065040650406504,0.2898550724637681,0.425531914893617,492,69,423
2422,2013,2013-14,0.36319612590799033,0.38650306748466257,0.348,413,163,250
2427,2013,2013-14,0.373134328358209,0.3541666666666667,0.42105263157894735,67,48,19
2430,2013,2013-14,0.4561224489795918,0.0,0.4570552147239264,980,2,978
2440,2013,2013-14,0.43833017077798864,0.34275618374558303,0.5491803278688525,527,283,244
2446,2013,2013-14,0.4636363636363636,0.41935483870967744,0.5208333333333334,110,62,48
2449,2013,2013-14,0.46964285714285714,0.14285714285714285,0.47377938517179025,560,7,553
2457,2013,2013-14,0.4406779661016949,0.4,0.4827586206896552,118,60,58
2501,2013,2013-14,0.47333333333333333,0.0,0.47333333333333333,150,0,150
2544,2013,2013-14,0.5668883961566888,0.3790849673202614,0.6217765042979942,1353,306,1047
2546,2013,2013-14,0.4522215459525259,0.40240963855421685,0.46905537459283386,1643,415,1228
2547,2013,2013-14,0.5162644281217209,0.3394495412844037,0.5687074829931973,953,218,735
2548,2013,2013-14,0.545335085413929,0.28125,0.5569272976680384,761,32,729
2549,2013,2013-14,0.5086705202312138,0.0,0.5131195335276968,346,3,343
2550,2013,2013-14,0.3925686591276252,0.3512396694214876,0.41909814323607425,619,242,377
2555,2013,2013-14,0.5560165975103735,0.23529411764705882,0.5803571428571429,241,17,224
2557,2013,2013-14,0.3853211009174312,0.3425925925925926,0.4063926940639269,327,108,219
2561,2013,2013-14,0.48775292864749736,0.26666666666666666,0.49134199134199136,939,15,924
2564,2013,2013-14,0.5206896551724138,0.4017857142857143,0.5491452991452992,580,112,468
2566,2013,2013-14,0.3987730061349693,0.3504273504273504,0.4258373205741627,326,117,209
2570,2013,2013-14,0.45077720207253885,0.0,0.453125,193,1,192
2571,2013,2013-14,0.42748091603053434,0.28,0.46226415094339623,131,25,106
2581,2013,2013-14,0.37677053824362605,0.3761904761904762,0.3776223776223776,353,210,143
2584,2013,2013-14,0.3763837638376384,0.33884297520661155,0.4066666666666667,271,121,150
2585,2013,2013-14,0.4269340974212034,0.0,0.4281609195402299,349,1,348
2586,2013,2013-14,0.5,0.5,0.0,6,6,0
2588,2013,2013-14,0.4451219512195122,0.42857142857142855,0.4696969696969697,164,98,66
2590,2013,2013-14,0.4166666666666667,0.3688888888888889,0.4407158836689038,672,225,447
2592,2013,2013-14,0.45588235294117646,0.5185185185185185,0.21428571428571427,68,54,14
2594,2013,2013-14,0.4745484400656814,0.4719387755102041,0.4792626728110599,609,392,217
2617,2013,2013-14,0.5068493150684932,0.0,0.5068493150684932,146,0,146
2694,2013,2013-14,0.3333333333333333,0.0,0.3333333333333333,6,0,6
2730,2013,2013-14,0.59125,0.2857142857142857,0.5939470365699874,800,7,793
2732,2013,2013-14,0.3425925925925926,0.27586206896551724,0.3670886075949367,108,29,79
2733,2013,2013-14,0.48254620123203285,0.16666666666666666,0.4864864864864865,487,6,481
2734,2013,2013-14,0.3779527559055118,0.3069306930693069,0.42483660130718953,254,101,153
2736,2013,2013-14,0.4313953488372093,0.30158730158730157,0.46795827123695977,860,189,671
2738,2013,2013-14,0.48034934497816595,0.35428571428571426,0.558303886925795,458,175,283
2740,2013,2013-14,1.0,0.0,1.0,1,0,1
2743,2013,2013-14,0.5010845986984815,0.0,0.5032679738562091,461,2,459
2744,2013,2013-14,0.5087209302325582,0.2,0.5121234386480529,1376,15,1361
2746,2013,2013-14,0.41930251419302517,0.2641509433962264,0.4617768595041322,1233,265,968
2747,2013,2013-14,0.41465968586387436,0.39375,0.4357894736842105,955,480,475
2748,2013,2013-14,0.37373737373737376,0.3415841584158416,0.4421052631578947,297,202,95
2749,2013,2013-14,0.39357429718875503,0.34782608695652173,0.4438202247191011,747,391,356
2754,2013,2013-14,0.4939467312348668,0.23404255319148937,0.5273224043715847,413,47,366
2755,2013,2013-14,0.43010752688172044,0.3872053872053872,0.4476584022038568,1023,297,726
2756,2013,2013-14,0.4,0.5,0.3333333333333333,5,2,3
2757,2013,2013-14,0.43820224719101125,0.4523809523809524,0.4338235294117647,178,42,136
2760,2013,2013-14,0.49455337690631807,0.0,0.5022123893805309,459,7,452
2767,2013,2013-14,0.0,0.0,0.0,2,1,1
2772,2013,2013-14,0.45603751465416176,0.4072398190045249,0.5085158150851582,853,442,411
101106,2013,2013-14,0.6266666666666667,0.0,0.6266666666666667,375,0,375
101107,2013,2013-14,0.4391634980988593,0.358974358974359,0.5034246575342466,526,234,292
101108,2013,2013-14,0.4666666666666667,0.36792452830188677,0.49848024316109424,870,212,658
101109,2013,2013-14,0.39473684210526316,0.31794871794871793,0.43099273607748184,608,195,413
101110,2013,2013-14,0.43270868824531517,0.3924731182795699,0.5023255813953489,587,372,215
101111,2013,2013-14,0.3804347826086957,0.25,0.5833333333333334,92,56,36
101112,2013,2013-14,0.4318766066838046,0.37037037037037035,0.5086705202312138,778,432,346
101114,2013,2013-14,0.44972067039106145,0.3656716417910448,0.5,716,268,448
101115,2013,2013-14,0.4177777777777778,0.0,0.4177777777777778,225,0,225
101122,2013,2013-14,0.3778501628664495,0.3359375,0.40782122905027934,307,128,179
101123,2013,2013-14,0.44532803180914515,0.4,0.49193548387096775,1006,510,496
101126,2013,2013-14,0.4281984334203655,0.37662337662337664,0.462882096069869,383,154,229
101127,2013,2013-14,0.40974212034383956,0.34054054054054056,0.4346978557504873,698,185,513
101128,2013,2013-14,0.4013605442176871,0.35751295336787564,0.48514851485148514,294,193,101
101131,2013,2013-14,0.44761904761904764,0.0,0.44761904761904764,105,0,105
101133,2013,2013-14,0.48148148148148145,0.0,0.48404255319148937,189,1,188
101135,2013,2013-14,0.5229357798165137,0.0,0.523469387755102,981,1,980
101138,2013,2013-14,0.48551724137931035,0.3333333333333333,0.48678720445062584,725,6,719
101139,2013,2013-14,0.4352078239608802,0.3933649289099526,0.4797979797979798,409,211,198
101141,2013,2013-14,0.40932642487046633,0.2824427480916031,0.44642857142857145,579,131,448
101142,2013,2013-14,0.5981308411214953,0.0,0.5981308411214953,107,0,107
101145,2013,2013-14,0.4507042253521127,0.33014354066985646,0.47427502338634236,1278,209,1069
101150,2013,2013-14,0.3995943204868154,0.341991341991342,0.45038167938931295,493,231,262
101154,2013,2013-14,0.4762611275964392,0.2777777777777778,0.4935483870967742,674,54,620
101155,2013,2013-14,0.375,0.0,0.5,8,2,6
101161,2013,2013-14,0.5620915032679739,0.30303030303030304,0.5934065934065934,612,66,546
101162,2013,2013-14,0.5416666666666666,1.0,0.5411203814064363,840,1,839
101179,2013,2013-14,0.30434782608695654,0.20930232558139536,0.3877551020408163,92,43,49
101181,2013,2013-14,0.45588235294117646,0.44941176470588234,0.46439628482972134,748,425,323
101183,2013,2013-14,0.5,0.0,0.5,14,0,14
101187,2013,2013-14,0.4,0.3387096774193548,0.4641350210970464,485,248,237
101198,2013,2013-14,0.42790697674418604,0.3225806451612903,0.44565217391304346,430,62,368
101236,2013,2013-14,0.4307692307692308,0.0,0.43410852713178294,130,1,129
101249,2013,2013-14,0.3263157894736842,0.2976190476190476,0.3490566037735849,190,84,106
200745,2013,2013-14,0.44223107569721115,0.2777777777777778,0.4873096446700508,502,108,394
200746,2013,2013-14,0.45818692902319047,0.2,0.4609375,1423,15,1408
200751,2013,2013-14,0.4125714285714286,0.3795180722891566,0.4562334217506631,875,498,377
200752,2013,2013-14,0.455470737913486,0.3299492385786802,0.48065173116089616,1179,197,982
200755,2013,2013-14,0.4547738693467337,0.3945945945945946,0.5070422535211268,398,185,213
200756,2013,2013-14,0.47368421052631576,0.0,0.47368421052631576,19,0,19
200757,2013,2013-14,0.4147058823529412,0.3157894736842105,0.4946808510638298,340,152,188
200758,2013,2013-14,0.2,0.125,0.2857142857142857,15,8,7
200761,2013,2013-14,0.3802083333333333,0.32558139534883723,0.49206349206349204,192,129,63
200765,2013,2013-14,0.40285714285714286,0.28888888888888886,0.4423076923076923,350,90,260
200768,2013,2013-14,0.42314814814814816,0.38,0.4603448275862069,1080,500,580
200769,2013,2013-14,0.36363636363636365,0.0,0.375,66,2,64
200770,2013,2013-14,0.41483516483516486,0.4375,0.39705882352941174,364,160,204
200777,2013,2013-14,0.47530864197530864,0.0,0.48125,162,2,160
200779,2013,2013-14,0.410958904109589,0.4262295081967213,0.3333333333333333,146,122,24
200780,2013,2013-14,0.35294117647058826,0.0,0.35294117647058826,17,0,17
200782,2013,2013-14,0.43089430894308944,0.387434554973822,0.45047169811320753,615,191,424
200794,2013,2013-14,0.46131805157593125,0.3584905660377358,0.4874251497005988,1047,212,835
200797,2013,2013-14,0.7361111111111112,0.0,0.7361111111111112,72,0,72
200811,2013,2013-14,0.5,0.0,0.5,32,0,32
200826,2013,2013-14,0.3871951219512195,0.31601731601731603,0.4258823529411765,656,231,425
200839,2013,2013-14,0.47540983606557374,0.0,0.4915254237288136,61,2,59
201141,2013,2013-14,0.5510204081632653,0.0,0.5510204081632653,49,0,49
201142,2013,2013-14,0.5029620853080569,0.3910386965376782,0.5488721804511278,1688,491,1197
201143,2013,2013-14,0.5666666666666667,0.36363636363636365,0.5721271393643031,420,11,409
201144,2013,2013-14,0.4495145631067961,0.36082474226804123,0.4844384303112314,1030,291,739
201145,2013,2013-14,0.4116140051238258,0.3409090909090909,0.447741935483871,1171,396,775
201147,2013,2013-14,0.48079306071871125,0.2796208530805687,0.552013422818792,807,211,596
201148,2013,2013-14,0.676737160120846,0.0,0.676737160120846,331,0,331
201149,2013,2013-14,0.475,0.0,0.47619047619047616,800,2,798
201150,2013,2013-14,0.4563986409966025,0.4155844155844156,0.4782608695652174,883,308,575
201152,2013,2013-14,0.45362431800467656,0.3082191780821918,0.496468213925328,1283,292,991
201155,2013,2013-14,0.4361078546307151,0.2727272727272727,0.4549019607843137,853,88,765
201156,2013,2013-14,0.43532058492688414,0.38571428571428573,0.4675324675324675,889,350,539
201158,2013,2013-14,0.4848920863309353,0.4300341296928328,0.5248756218905473,695,293,402
201160,2013,2013-14,0.4645390070921986,0.0,0.4645390070921986,282,0,282
201162,2013,2013-14,0.43847874720357943,0.36,0.5180180180180181,447,225,222
201163,2013,2013-14,0.4159891598915989,0.3475783475783476,0.4780361757105943,738,351,387
201166,2013,2013-14,0.4010327022375215,0.3870967741935484,0.4114114114114114,581,248,333
201167,2013,2013-14,0.4589515331355094,0.4266666666666667,0.47257383966244726,1011,300,711
201168,2013,2013-14,0.523121387283237,0.0,0.5276967930029155,346,3,343
201171,2013,2013-14,0.5166666666666667,0.0,0.5166666666666667,60,0,60
201175,2013,2013-14,0.45699831365935917,0.36363636363636365,0.4587628865979381,593,11,582
201177,2013,2013-14,0.4363957597173145,0.36082474226804123,0.5163636363636364,566,291,275
201188,2013,2013-14,0.47257383966244726,0.18181818181818182,0.47714285714285715,711,11,700
201189,2013,2013-14,0.4426229508196721,0.0,0.45,61,1,60
201196,2013,2013-14,0.42912873862158646,0.28225806451612906,0.4573643410852713,769,124,645
201202,2013,2013-14,0.375,0.0,0.375,32,0,32
201203,2013,2013-14,0.0,0.0,0.0,3,1,2
201228,2013,2013-14,0.437125748502994,0.36551724137931035,0.49206349206349204,334,145,189
201229,2013,2013-14,0.4201954397394137,0.41295546558704455,0.45,307,247,60
201563,2013,2013-14,0.49859154929577465,0.3888888888888889,0.5182724252491694,355,54,301
201564,2013,2013-14,0.4072727272727273,0.3700440528634361,0.43343653250773995,550,227,323
201565,2013,2013-14,0.35365853658536583,0.3404255319148936,0.358974358974359,164,47,117
201566,2013,2013-14,0.43742098609355246,0.3177570093457944,0.48180242634315423,791,214,577
201567,2013,2013-14,0.4574243490499648,0.37623762376237624,0.5021834061135371,1421,505,916
201569,2013,2013-14,0.4357405140758874,0.39147286821705424,0.4561717352415027,817,258,559
201571,2013,2013-14,0.415041782729805,0.4006024096385542,0.4274611398963731,718,332,386
201572,2013,2013-14,0.5633187772925764,0.0,0.5657894736842105,229,1,228
201573,2013,2013-14,0.4019448946515397,0.3584905660377358,0.4246913580246914,617,212,405
201574,2013,2013-14,0.5060483870967742,0.0,0.5060483870967742,496,0,496
201575,2013,2013-14,0.3333333333333333,0.3404255319148936,0.32558139534883723,90,47,43
201576,2013,2013-14,0.38636363636363635,0.29508196721311475,0.43478260869565216,176,61,115
201577,2013,2013-14,0.5512422360248447,0.0,0.552099533437014,644,1,643
201578,2013,2013-14,0.4411764705882353,0.25806451612903225,0.45498783454987834,442,31,411
201579,2013,2013-14,0.4389920424403183,0.4,0.4392523364485981,754,5,749
201580,2013,2013-14,0.4473684210526316,0.0,0.4473684210526316,38,0,38
201581,2013,2013-14,0.5076452599388379,0.0,0.5139318885448917,654,8,646
201582,2013,2013-14,0.5461847389558233,0.0,0.5483870967741935,249,1,248
201583,2013,2013-14,0.4378531073446328,0.40853658536585363,0.4631578947368421,354,164,190
201584,2013,2013-14,0.4804560260586319,0.3711340206185567,0.530952380952381,614,194,420
201585,2013,2013-14,0.49455337690631807,0.0,0.49455337690631807,459,0,459
201586,2013,2013-14,0.5357873210633947,0.38333333333333336,0.545751633986928,978,60,918
201587,2013,2013-14,0.4652014652014652,0.36069651741293535,0.565947242206235,819,402,417
201588,2013,2013-14,0.44155844155844154,0.36538461538461536,0.49719101123595505,616,260,356
201589,2013,2013-14,0.3951219512195122,0.375,0.3988439306358382,410,64,346
201591,2013,2013-14,0.0,0.0,0.0,1,0,1
201593,2013,2013-14,0.5406562054208274,0.0,0.5406562054208274,701,0,701
201596,2013,2013-14,0.45357142857142857,0.38495575221238937,0.5,560,226,334
201599,2013,2013-14,0.6757281553398058,0.0,0.6757281553398058,515,0,515
201600,2013,2013-14,0.531578947368421,0.0,0.531578947368421,190,0,190
201601,2013,2013-14,0.45077720207253885,0.23529411764705882,0.4715909090909091,193,17,176
201604,2013,2013-14,0.44047619047619047,0.38636363636363635,0.5,252,132,120
201609,2013,2013-14,0.505032021957914,0.4080267558528428,0.5415617128463476,1093,299,794
201627,2013,2013-14,0.4576923076923077,0.4512820512820513,0.46153846153846156,520,195,325
201785,2013,2013-14,0.5,0.0,0.75,6,2,4
201858,2013,2013-14,0.42045454545454547,0.39072847682119205,0.46017699115044247,264,151,113
201880,2013,2013-14,0.5737704918032787,0.0,0.5785123966942148,122,1,121
201933,2013,2013-14,0.5283296541574687,0.2727272727272727,0.5368821292775665,1359,44,1315
201934,2013,2013-14,0.5652173913043478,0.0,0.5652173913043478,23,0,23
201935,2013,2013-14,0.45560165975103734,0.36645962732919257,0.5152354570637119,1205,483,722
201936,2013,2013-14,0.4358974358974359,0.22105263157894736,0.4613466334164589,897,95,802
201937,2013,2013-14,0.3805970149253731,0.3308270676691729,0.3929236499068901,670,133,537
201939,2013,2013-14,0.47143890093998553,0.424390243902439,0.5091145833333334,1383,615,768
201941,2013,2013-14,0.5489443378119002,0.0,0.55,521,1,520
201942,2013,2013-14,0.4292821606254442,0.3047619047619048,0.45112781954887216,1407,210,1197
201943,2013,2013-14,0.3726872246696035,0.33698030634573306,0.3967551622418879,1135,457,678
201945,2013,2013-14,0.43333333333333335,0.34782608695652173,0.44539877300613495,930,115,815
201946,2013,2013-14,0.4744897959183674,0.0,0.4793814432989691,196,2,194
201947,2013,2013-14,0.3716475095785441,0.3360655737704918,0.4028776978417266,261,122,139
201948,2013,2013-14,0.35294117647058826,0.32432432432432434,0.3870967741935484,68,37,31
201949,2013,2013-14,0.4642857142857143,0.25287356321839083,0.5475113122171946,308,87,221
201950,2013,2013-14,0.44713656387665196,0.38961038961038963,0.4588859416445623,454,77,377
201951,2013,2013-14,0.4305210918114144,0.3564356435643564,0.4552980132450331,806,202,604
201952,2013,2013-14,0.43846153846153846,0.3288888888888889,0.4687116564417178,1040,225,815
201953,2013,2013-14,0.31683168316831684,0.32432432432432434,0.3125,101,37,64
201954,2013,2013-14,0.4668587896253602,0.37566137566137564,0.500990099009901,694,189,505
201956,2013,2013-14,0.4219512195121951,0.3465909090909091,0.47863247863247865,410,176,234
201957,2013,2013-14,0.44242424242424244,0.3707865168539326,0.5263157894736842,165,89,76
201959,2013,2013-14,0.47879464285714285,0.0,0.48256467941507314,896,7,889
201960,2013,2013-14,0.470404984423676,0.3619402985074627,0.5481283422459893,642,268,374
201961,2013,2013-14,0.4365079365079365,0.423728813559322,0.44776119402985076,126,59,67
201962,2013,2013-14,0.38421052631578945,0.30392156862745096,0.4772727272727273,190,102,88
201964,2013,2013-14,0.40476190476190477,0.16666666666666666,0.5833333333333334,42,18,24
201965,2013,2013-14,0.5804597701149425,0.0,0.5804597701149425,174,0,174
201967,2013,2013-14,0.4636542239685658,0.0,0.46825396825396826,509,5,504
201971,2013,2013-14,0.5343511450381679,0.0,0.5370843989769821,393,2,391
201973,2013,2013-14,0.47115384615384615,0.4189189189189189,0.5,208,74,134
201975,2013,2013-14,0.46300448430493274,0.400990099009901,0.514344262295082,892,404,488
201976,2013,2013-14,0.41372141372141374,0.3607843137254902,0.47345132743362833,481,255,226
201977,2013,2013-14,0.39436619718309857,0.3449367088607595,0.44272445820433437,639,316,323
201978,2013,2013-14,0.3937007874015748,0.35,0.43283582089552236,254,120,134
201979,2013,2013-14,0.4565916398713826,0.3114754098360656,0.492,311,61,250
201980,2013,2013-14,0.4316831683168317,0.41509433962264153,0.45989304812834225,505,318,187
201985,2013,2013-14,0.41304347826086957,0.2727272727272727,0.5416666666666666,46,22,24
201986,2013,2013-14,0.41830065359477125,0.33962264150943394,0.46,153,53,100
201988,2013,2013-14,0.46396396396396394,0.42452830188679247,0.5,666,318,348
202066,2013,2013-14,0.3617021276595745,0.20689655172413793,0.4017857142857143,141,29,112
202083,2013,2013-14,0.44103072348860256,0.3933463796477495,0.4899598393574297,1009,511,498
202087,2013,2013-14,0.4152542372881356,0.3275862068965517,0.4438202247191011,236,58,178
202091,2013,2013-14,0.3548387096774194,0.2903225806451613,0.41935483870967744,62,31,31
202130,2013,2013-14,0.5555555555555556,0.3333333333333333,0.6666666666666666,9,3,6
202197,2013,2013-14,0.3333333333333333,0.0,0.3333333333333333,3,0,3
202322,2013,2013-14,0.4330590875093493,0.35064935064935066,0.4577259475218659,1337,308,1029
202323,2013,2013-14,0.4250734573947111,0.32051282051282054,0.4439306358381503,1021,156,865
202324,2013,2013-14,0.5220883534136547,0.0,0.5227882037533512,747,1,746
202325,2013,2013-14,0.4254992319508449,0.36900369003690037,0.46578947368421053,651,271,380
202326,2013,2013-14,0.49622166246851385,0.0,0.49915540540540543,1191,7,1184
202327,2013,2013-14,0.3986013986013986,0.0,0.3986013986013986,143,0,143
202328,2013,2013-14,0.496551724137931,0.0,0.4970414201183432,1015,1,1014
202329,2013,2013-14,0.47368421052631576,0.2708333333333333,0.49551569506726456,494,48,446
202330,2013,2013-14,0.4127906976744186,0.30357142857142855,0.45345744680851063,1032,280,752
202331,2013,2013-14,0.4236417033773862,0.364,0.4582366589327146,1362,500,862
202332,2013,2013-14,0.5409836065573771,0.0,0.5409836065573771,61,0,61
202333,2013,2013-14,0.41739130434782606,0.345679012345679,0.4393939393939394,345,81,264
202334,2013,2013-14,0.5344827586206896,0.0,0.5344827586206896,290,0,290
202335,2013,2013-14,0.4601226993865031,0.36423841059602646,0.5029585798816568,489,151,338
202336,2013,2013-14,0.4691358024691358,0.0,0.4720496894409938,162,1,161
202337,2013,2013-14,0.38961038961038963,0.37894736842105264,0.4067796610169492,154,95,59
202338,2013,2013-14,0.5045454545454545,0.0,0.5045454545454545,220,0,220
202339,2013,2013-14,0.4766187050359712,0.35714285714285715,0.5168269230769231,556,140,416
202340,2013,2013-14,0.43757575757575756,0.395,0.4512,825,200,625
202341,2013,2013-14,0.4309623430962343,0.32763532763532766,0.5300546448087432,717,351,366
202343,2013,2013-14,0.41543026706231456,0.296,0.4858490566037736,337,125,212
202344,2013,2013-14,0.5508684863523573,0.0,0.5536159600997507,403,2,401
202345,2013,2013-14,0.2222222222222222,0.0,0.2857142857142857,9,2,7
202347,2013,2013-14,0.3924050632911392,0.3235294117647059,0.4444444444444444,79,34,45
202348,2013,2013-14,0.4149746192893401,0.3157894736842105,0.4711729622266402,788,285,503
202349,2013,2013-14,0.4209726443768997,0.3771626297577855,0.45528455284552843,658,289,369
202350,2013,2013-14,0.44680851063829785,0.0,0.44680851063829785,47,0,47
202354,2013,2013-14,0.0,0.0,0.0,1,0,1
202361,2013,2013-14,0.40298507462686567,0.0,0.43548387096774194,67,5,62
202362,2013,2013-14,0.4908045977011494,0.3524590163934426,0.5447284345047924,870,244,626
202363,2013,2013-14,0.6,0.0,0.6,60,0,60
202379,2013,2013-14,0.5271084337349398,0.0,0.5303030303030303,332,2,330
202380,2013,2013-14,0.3333333333333333,0.0,0.3333333333333333,9,0,9
202388,2013,2013-14,0.37606837606837606,0.23809523809523808,0.4533333333333333,117,42,75
202389,2013,2013-14,0.5229357798165137,0.16666666666666666,0.5393474088291746,545,24,521
202390,2013,2013-14,0.40976645435244163,0.37777777777777777,0.42955326460481097,471,180,291
202391,2013,2013-14,0.44561933534743203,0.35807860262008734,0.49191685912240185,662,229,433
202397,2013,2013-14,0.4234875444839858,0.043478260869565216,0.4573643410852713,281,23,258
202399,2013,2013-14,0.52,0.0,0.52,275,0,275
202412,2013,2013-14,0.4,0.35,0.42,70,20,50
202498,2013,2013-14,0.2222222222222222,0.0,0.2222222222222222,9,0,9
202620,2013,2013-14,0.2,0.0,0.2,5,0,5
202681,2013,2013-14,0.43007275666936134,0.35755813953488375,0.458006718924972,1237,344,893
202682,2013,2013-14,0.42738589211618255,0.26262626262626265,0.4699738903394256,482,99,383
202683,2013,2013-14,0.4912075029308324,0.0,0.49178403755868544,853,1,852
202684,2013,2013-14,0.47700394218134035,0.0,0.4776315789473684,761,1,760
202685,2013,2013-14,0.5310650887573964,0.0,0.5318518518518518,676,1,675
202686,2013,2013-14,0.5144508670520231,0.0,0.5144508670520231,173,0,173
202687,2013,2013-14,0.6111111111111112,0.0,0.6111111111111112,144,0,144
202688,2013,2013-14,0.42216117216117216,0.3254437869822485,0.46551724137931033,1092,338,754
202689,2013,2013-14,0.39282589676290464,0.3333333333333333,0.4166666666666667,1143,327,816
202690,2013,2013-14,0.4713656387665198,0.47619047619047616,0.46853146853146854,227,84,143
202691,2013,2013-14,0.44400317712470216,0.41682242990654206,0.46408839779005523,1259,535,724
202692,2013,2013-14,0.457280385078219,0.34965034965034963,0.4796511627906977,831,143,688
202693,2013,2013-14,0.4863905325443787,0.3148148148148148,0.5115332428765265,845,108,737
202694,2013,2013-14,0.4423963133640553,0.38076923076923075,0.4833759590792839,651,260,391
202695,2013,2013-14,0.5224806201550387,0.3791208791208791,0.5788336933045356,645,182,463
202696,2013,2013-14,0.507183908045977,0.0,0.507183908045977,696,0,696
202697,2013,2013-14,0.378099173553719,0.3333333333333333,0.41796875,484,228,256
202698,2013,2013-14,0.373134328358209,0.3684210526315789,0.375,67,19,48
202699,2013,2013-14,0.46368715083798884,0.25396825396825395,0.5084745762711864,716,126,590
202700,2013,2013-14,0.44256756756756754,0.25,0.5188679245283019,296,84,212
202702,2013,2013-14,0.5451219512195122,0.0,0.5471236230110159,820,3,817
202704,2013,2013-14,0.43995633187772926,0.33877551020408164,0.47690014903129657,916,245,671
202705,2013,2013-14,0.456,0.52,0.44,125,25,100
202706,2013,2013-14,0.39095744680851063,0.35353535353535354,0.43258426966292135,376,198,178
202708,2013,2013-14,0.414,0.3448275862068966,0.450920245398773,500,174,326
202709,2013,2013-14,0.47547169811320755,0.3157894736842105,0.5022026431718062,265,38,227
202710,2013,2013-14,0.3968253968253968,0.2833333333333333,0.45695364238410596,693,240,453
202713,2013,2013-14,0.446843853820598,0.3821138211382114,0.49157303370786515,602,246,356
202714,2013,2013-14,0.4171656686626746,0.33695652173913043,0.4637223974763407,501,184,317
202718,2013,2013-14,0.47213779128672745,0.37037037037037035,0.5283018867924528,987,351,636
202719,2013,2013-14,0.5172413793103449,0.0,0.5172413793103449,116,0,116
202720,2013,2013-14,0.491869918699187,0.46938775510204084,0.49746192893401014,246,49,197
202721,2013,2013-14,0.40625,0.3157894736842105,0.46551724137931033,96,38,58
202725,2013,2013-14,0.4634146341463415,0.3870967741935484,0.5098039215686274,82,31,51
202730,2013,2013-14,0.44666666666666666,0.15384615384615385,0.45993031358885017,300,13,287
202732,2013,2013-14,1.0,0.0,1.0,1,0,1
202734,2013,2013-14,0.4276315789473684,0.35403726708074534,0.46779661016949153,456,161,295
202738,2013,2013-14,0.45255474452554745,0.3489010989010989,0.5040983606557377,1096,364,732
202779,2013,2013-14,0.3125,0.29411764705882354,0.3225806451612903,48,17,31
202874,2013,2013-14,0.6,0.0,0.6176470588235294,35,1,34
202933,2013,2013-14,0.4117647058823529,0.25,0.5555555555555556,17,8,9
202952,2013,2013-14,0.4375,0.25,0.5,16,4,12
202962,2013,2013-14,0.6428571428571429,0.0,0.6428571428571429,28,0,28
202970,2013,2013-14,0.5098039215686274,0.0,0.5098039215686274,102,0,102
203076,2013,2013-14,0.5194029850746269,0.2222222222222222,0.5220883534136547,1005,9,996
203077,2013,2013-14,0.4730878186968839,0.1111111111111111,0.48255813953488375,353,9,344
203078,2013,2013-14,0.4186248912097476,0.40233236151603496,0.42555831265508687,1149,343,806
203079,2013,2013-14,0.43303121852970794,0.368,0.4549125168236878,993,250,743
203080,2013,2013-14,0.4812286689419795,0.0,0.4828767123287671,293,1,292
203081,2013,2013-14,0.424079754601227,0.3935018050541516,0.44666666666666666,1304,554,750
203082,2013,2013-14,0.4234354194407457,0.3946078431372549,0.4577259475218659,751,408,343
203083,2013,2013-14,0.6228868660598179,0.0,0.6245110821382008,769,2,767
203084,2013,2013-14,0.39911634756995584,0.3473684210526316,0.41922290388548056,679,190,489
203085,2013,2013-14,0.4050632911392405,0.36363636363636365,0.416,474,99,375
203086,2013,2013-14,0.45054945054945056,0.0,0.4823529411764706,91,6,85
203087,2013,2013-14,0.4318555008210181,0.3562753036437247,0.48342541436464087,609,247,362
203088,2013,2013-14,0.40572792362768495,0.398876404494382,0.4107883817427386,419,178,241
203089,2013,2013-14,0.5383411580594679,0.0,0.5391849529780565,639,1,638
203090,2013,2013-14,0.463768115942029,0.38311688311688313,0.5015197568389058,483,154,329
203091,2013,2013-14,0.0,0.0,0.0,1,0,1
203092,2013,2013-14,0.5379310344827586,0.0,0.5397923875432526,290,1,289
203093,2013,2013-14,0.5421348314606742,0.3069306930693069,0.5810147299509002,712,101,611
203094,2013,2013-14,0.42857142857142855,0.3146067415730337,0.459214501510574,420,89,331
203095,2013,2013-14,0.41911764705882354,0.3755274261603376,0.4527687296416938,544,237,307
203096,2013,2013-14,0.4271412680756396,0.2692307692307692,0.47467438494934877,899,208,691
203098,2013,2013-14,0.38095238095238093,0.2222222222222222,0.5,42,18,24
203099,2013,2013-14,0.2857142857142857,0.14285714285714285,0.35714285714285715,21,7,14
203100,2013,2013-14,0.42698019801980197,0.2127659574468085,0.49193548387096775,808,188,620
203101,2013,2013-14,0.5171790235081374,0.0,0.5171790235081374,553,0,553
203102,2013,2013-14,0.42105263157894735,0.0,0.42105263157894735,38,0,38
203103,2013,2013-14,0.4585635359116022,0.36065573770491804,0.5083333333333333,181,61,120
203104,2013,2013-14,0.31932773109243695,0.2777777777777778,0.32673267326732675,119,18,101
203106,2013,2013-14,0.3761467889908257,0.26865671641791045,0.423841059602649,218,67,151
203108,2013,2013-14,0.4782608695652174,0.0,0.5,23,1,22
203109,2013,2013-14,0.4391891891891892,0.33112582781456956,0.5517241379310345,296,151,145
203110,2013,2013-14,0.4074074074074074,0.3333333333333333,0.4489795918367347,459,165,294
203111,2013,2013-14,0.3185840707964602,0.19148936170212766,0.4090909090909091,113,47,66
203112,2013,2013-14,0.46808510638297873,0.26666666666666666,0.49206349206349204,141,15,126
203113,2013,2013-14,0.3671875,0.3191489361702128,0.3950617283950617,256,94,162
203114,2013,2013-14,0.44028103044496486,0.41379310344827586,0.45390070921985815,854,290,564
203115,2013,2013-14,0.4166666666666667,0.30303030303030304,0.44715447154471544,156,33,123
203116,2013,2013-14,0.34065934065934067,0.25,0.35443037974683544,91,12,79
203117,2013,2013-14,0.39375,0.4,0.38571428571428573,160,90,70
203118,2013,2013-14,0.47929936305732485,0.31,0.5584112149532711,628,200,428
203120,2013,2013-14,0.45,0.3333333333333333,0.5454545454545454,20,9,11
203121,2013,2013-14,0.4397590361445783,0.3246753246753247,0.5393258426966292,166,77,89
203124,2013,2013-14,0.5013477088948787,0.0,0.5054347826086957,371,3,368
203129,2013,2013-14,0.4642857142857143,0.0,0.5909090909090909,28,6,22
203130,2013,2013-14,0.0,0.0,0.0,7,3,4
203133,2013,2013-14,0.3785310734463277,0.3595505617977528,0.3977272727272727,177,89,88
203135,2013,2013-14,0.4766666666666667,0.0,0.4766666666666667,300,0,300
203136,2013,2013-14,0.38461538461538464,0.0,0.38461538461538464,13,0,13
203138,2013,2013-14,0.4596774193548387,0.40119760479041916,0.5073170731707317,372,167,205
203139,2013,2013-14,0.5333333333333333,0.0,0.5333333333333333,15,0,15
203141,2013,2013-14,0.41776937618147447,0.38968481375358166,0.4722222222222222,529,349,180
203142,2013,2013-14,0.4700854700854701,0.4177215189873418,0.5789473684210527,117,79,38
203143,2013,2013-14,0.4607329842931937,0.4642857142857143,0.45098039215686275,191,140,51
203144,2013,2013-14,0.3206751054852321,0.29411764705882354,0.34074074074074073,237,102,135
203145,2013,2013-14,0.42857142857142855,0.3359375,0.48372093023255813,343,128,215
203146,2013,2013-14,0.5,0.0,0.5,2,0,2
203148,2013,2013-14,0.4199655765920826,0.3595505617977528,0.4466501240694789,581,178,403
203156,2013,2013-14,0.4744525547445255,0.0,0.47619047619047616,274,1,273
203183,2013,2013-14,0.6,0.0,0.75,5,1,4
203187,2013,2013-14,0.397196261682243,0.33858267716535434,0.4827586206896552,214,127,87
203197,2013,2013-14,0.38113207547169814,0.375,0.38461538461538464,265,96,169
203263,2013,2013-14,0.32608695652173914,0.32,0.3333333333333333,46,25,21
203268,2013,2013-14,0.46296296296296297,0.25,0.5238095238095238,54,12,42
203315,2013,2013-14,0.43410852713178294,0.4166666666666667,0.4358974358974359,129,12,117
203318,2013,2013-14,0.2972972972972973,0.29411764705882354,0.3,37,17,20
203382,2013,2013-14,0.43558282208588955,0.0,0.43558282208588955,163,0,163
203458,2013,2013-14,0.4230769230769231,0.0,0.4230769230769231,78,0,78
203459,2013,2013-14,0.36363636363636365,0.42857142857142855,0.3157894736842105,33,14,19
203460,2013,2013-14,0.4852941176470588,0.15384615384615385,0.5636363636363636,68,13,55
203461,2013,2013-14,0.35555555555555557,0.24528301886792453,0.38953488372093026,225,53,172
203462,2013,2013-14,0.4550898203592814,0.1388888888888889,0.5419847328244275,167,36,131
203463,2013,2013-14,0.3755522827687776,0.31986531986531985,0.418848167539267,679,297,382
203467,2013,2013-14,0.5,0.4,0.5555555555555556,14,5,9
203468,2013,2013-14,0.4157303370786517,0.375,0.4489795918367347,178,80,98
203469,2013,2013-14,0.42574257425742573,0.0,0.4267990074441687,404,1,403
203471,2013,2013-14,0.3829787234042553,0.23809523809523808,0.4246575342465753,188,42,146
203473,2013,2013-14,0.4578313253012048,0.0,0.4578313253012048,83,0,83
203474,2013,2013-14,0.42857142857142855,0.0,0.42857142857142855,7,0,7
203476,2013,2013-14,0.4977973568281938,1.0,0.49557522123893805,227,1,226
203477,2013,2013-14,0.3563218390804598,0.32727272727272727,0.40625,87,55,32
203479,2013,2013-14,0.41025641025641024,0.45454545454545453,0.39285714285714285,39,11,28
203480,2013,2013-14,0.3333333333333333,0.5,0.2222222222222222,15,6,9
203481,2013,2013-14,0.5348837209302325,0.0,0.5390625,129,1,128
203482,2013,2013-14,0.46613545816733065,0.3508771929824561,0.5,502,114,388
203484,2013,2013-14,0.39565217391304347,0.31891891891891894,0.44727272727272727,460,185,275
203485,2013,2013-14,0.3023255813953488,0.1,0.4107142857142857,86,30,56
203486,2013,2013-14,0.6589403973509934,0.0,0.6655518394648829,302,3,299
203487,2013,2013-14,0.40512333965844405,0.2644230769230769,0.4397163120567376,1054,208,846
203488,2013,2013-14,0.4246575342465753,0.0,0.44285714285714284,73,3,70
203489,2013,2013-14,0.4370179948586118,0.2903225806451613,0.4648318042813456,389,62,327
203490,2013,2013-14,0.3626373626373626,0.19047619047619047,0.4142857142857143,91,21,70
203491,2013,2013-14,0.3157894736842105,0.28,0.34375,57,25,32
203492,2013,2013-14,0.37666666666666665,0.3728813559322034,0.3775933609958506,300,59,241
203493,2013,2013-14,0.35537190082644626,0.3013698630136986,0.4375,121,73,48
203495,2013,2013-14,0.35294117647058826,0.375,0.3333333333333333,17,8,9
203496,2013,2013-14,0.42857142857142855,0.36363636363636365,0.6666666666666666,14,11,3
203497,2013,2013-14,0.4864864864864865,0.0,0.4864864864864865,74,0,74
203498,2013,2013-14,0.4596774193548387,0.2727272727272727,0.4778761061946903,124,11,113
203499,2013,2013-14,0.3795620437956204,0.3157894736842105,0.40404040404040403,137,38,99
203500,2013,2013-14,0.5027027027027027,0.0,0.5027027027027027,185,0,185
203501,2013,2013-14,0.4279475982532751,0.36312849162011174,0.49848024316109424,687,358,329
203502,2013,2013-14,0.4166666666666667,1.0,0.36363636363636365,12,1,11
203503,2013,2013-14,0.38392857142857145,0.3202247191011236,0.45569620253164556,336,178,158
203504,2013,2013-14,0.3801560758082497,0.33035714285714285,0.40998217468805703,897,336,561
203505,2013,2013-14,0.5,0.0,0.6666666666666666,4,1,3
203506,2013,2013-14,0.4188034188034188,0.3274336283185841,0.447887323943662,936,226,710
203507,2013,2013-14,0.4138755980861244,0.3474576271186441,0.44,418,118,300
203508,2013,2013-14,0.34285714285714286,0.21052631578947367,0.5,35,19,16
203513,2013,2013-14,0.23076923076923078,0.0,0.3,13,3,10
203515,2013,2013-14,0.308300395256917,0.2641509433962264,0.3401360544217687,253,106,147
203517,2013,2013-14,0.20512820512820512,0.16666666666666666,0.23809523809523808,39,18,21
203519,2013,2013-14,0.42857142857142855,0.2,0.5555555555555556,14,5,9
203521,2013,2013-14,0.41216216216216217,0.36774193548387096,0.46099290780141844,296,155,141
203524,2013,2013-14,0.425,0.30434782608695654,0.5882352941176471,40,23,17
203527,2013,2013-14,0.42318059299191374,0.3380281690140845,0.4759825327510917,371,142,229
203539,2013,2013-14,0.3488372093023256,0.25,0.3787878787878788,86,20,66
203540,2013,2013-14,0.35051546391752575,0.1794871794871795,0.46551724137931033,97,39,58
203543,2013,2013-14,0.43537414965986393,0.3,0.48598130841121495,147,40,107
203544,2013,2013-14,0.41836734693877553,0.32748538011695905,0.5447154471544715,294,171,123
203545,2013,2013-14,0.5396825396825397,0.0,0.5396825396825397,126,0,126
203546,2013,2013-14,0.3880597014925373,0.3548387096774194,0.4166666666666667,67,31,36
203548,2013,2013-14,0.0,0.0,0.0,1,0,1
203552,2013,2013-14,0.3333333333333333,1.0,0.0,3,1,2
203561,2013,2013-14,0.421875,0.2,0.4406779661016949,128,10,118
203569,2013,2013-14,0.26666666666666666,0.2222222222222222,0.6666666666666666,30,27,3
203584,2013,2013-14,0.4838709677419355,0.48,0.5,31,25,6
203810,2013,2013-14,0.42857142857142855,0.3333333333333333,0.5238095238095238,42,21,21
203816,2013,2013-14,0.0,0.0,0.0,4,2,2
708,2014,2014-15,0.4673202614379085,0.14285714285714285,0.47491638795986624,306,7,299
977,2014,2014-15,0.37307152875175315,0.29347826086956524,0.4007561436672968,713,184,529
1495,2014,2014-15,0.5115995115995116,0.2857142857142857,0.5135467980295566,819,7,812
1713,2014,2014-15,0.33251231527093594,0.2974137931034483,0.3793103448275862,406,232,174
1717,2014,2014-15,0.4585687382297552,0.3795620437956204,0.4860406091370558,1062,274,788
1718,2014,2014-15,0.44664634146341464,0.38943894389438943,0.49575070821529743,656,303,353
1737,2014,2014-15,0.43333333333333335,0.0,0.43333333333333335,30,0,30
1882,2014,2014-15,0.4421052631578947,0.0,0.44680851063829785,95,1,94
1889,2014,2014-15,0.5,0.20588235294117646,0.5390625,290,34,256
1890,2014,2014-15,0.44569288389513106,0.2608695652173913,0.4841628959276018,267,46,221
1891,2014,2014-15,0.42152466367713004,0.39009287925696595,0.5040650406504065,446,323,123
1905,2014,2014-15,0.0,0.0,0.0,5,0,5
1938,2014,2014-15,0.42614601018675724,0.3449612403100775,0.48942598187311176,589,258,331
2030,2014,2014-15,0.4090909090909091,0.0,0.4090909090909091,22,0,22
2034,2014,2014-15,0.32456140350877194,0.32653061224489793,0.3125,114,98,16
2037,2014,2014-15,0.3957091775923719,0.3269230769230769,0.44842105263157894,839,364,475
2045,2014,2014-15,0.44148936170212766,0.4316546762589928,0.46938775510204084,188,139,49
2199,2014,2014-15,0.6659090909090909,0.0,0.6659090909090909,440,0,440
2200,2014,2014-15,0.4943625325238508,0.46153846153846156,0.4951197870452529,1153,26,1127
2202,2014,2014-15,0.34831460674157305,0.3229166666666667,0.3780487804878049,178,96,82
2207,2014,2014-15,0.4351219512195122,0.3590504451038576,0.47238372093023256,1025,337,688
2210,2014,2014-15,0.4444444444444444,0.4258064516129032,0.46153846153846156,324,155,169
2216,2014,2014-15,0.4871244635193133,0.35,0.4901315789473684,932,20,912
2217,2014,2014-15,0.4666666666666667,0.0,0.4666666666666667,30,0,30
2222,2014,2014-15,0.4117647058823529,0.3333333333333333,0.41935483870967744,34,3,31
2223,2014,2014-15,0.43846153846153846,0.0,0.43846153846153846,130,0,130
2225,2014,2014-15,0.4855769230769231,0.42696629213483145,0.49259757738896365,832,89,743
2365,2014,2014-15,0.5797101449275363,0.3076923076923077,0.5979381443298969,207,13,194
2399,2014,2014-15,0.43451143451143454,0.4068441064638783,0.46788990825688076,481,263,218
2400,2014,2014-15,0.39855072463768115,0.3898305084745763,0.4009216589861751,276,59,217
2403,2014,2014-15,0.5108153078202995,0.2,0.5134228187919463,601,5,596
2405,2014,2014-15,0.5571428571428572,0.0,0.5617283950617284,490,4,486
2406,2014,2014-15,0.4065656565656566,0.3789954337899543,0.4406779661016949,396,219,177
2419,2014,2014-15,0.44029850746268656,0.4626865671641791,0.43582089552238806,402,67,335
2422,2014,2014-15,0.3333333333333333,0.3076923076923077,0.36363636363636365,48,26,22
2430,2014,2014-15,0.4993270524899058,0.0,0.4993270524899058,743,0,743
2440,2014,2014-15,0.4439102564102564,0.3617021276595745,0.5685483870967742,624,376,248
2446,2014,2014-15,0.42166344294003866,0.3872340425531915,0.450354609929078,517,235,282
2449,2014,2014-15,0.4672897196261682,0.25,0.4742765273311897,642,20,622
2457,2014,2014-15,0.42857142857142855,0.4090909090909091,0.46153846153846156,35,22,13
2501,2014,2014-15,0.4233576642335766,0.0,0.42962962962962964,137,2,135
2544,2014,2014-15,0.4878811571540266,0.35398230088495575,0.5361702127659574,1279,339,940
2546,2014,2014-15,0.4441687344913151,0.3407821229050279,0.47368421052631576,806,179,627
2547,2014,2014-15,0.4604026845637584,0.375,0.4852686308492201,745,168,577
2548,2014,2014-15,0.46955719557195574,0.28431372549019607,0.48879837067209775,1084,102,982
2549,2014,2014-15,0.5154826958105647,0.0,0.5154826958105647,549,0,549
2550,2014,2014-15,0.37270341207349084,0.34523809523809523,0.39436619718309857,381,168,213
2555,2014,2014-15,0.4189723320158103,0.26666666666666666,0.46632124352331605,253,60,193
2557,2014,2014-15,0.42613636363636365,0.31746031746031744,0.48672566371681414,176,63,113
2561,2014,2014-15,0.4708454810495627,0.2,0.47897897897897895,686,20,666
2563,2014,2014-15,0.2857142857142857,0.0,0.35294117647058826,21,4,17
2564,2014,2014-15,0.46044303797468356,0.31952662721893493,0.5118790496760259,632,169,463
2570,2014,2014-15,0.44933920704845814,0.0,0.45132743362831856,227,1,226
2571,2014,2014-15,0.4740932642487047,0.38392857142857145,0.5109489051094891,386,112,274
2581,2014,2014-15,0.3730886850152905,0.3515981735159817,0.4166666666666667,327,219,108
2584,2014,2014-15,0.38562091503267976,0.34710743801652894,0.41081081081081083,306,121,185
2585,2014,2014-15,0.45368620037807184,0.0,0.45627376425855515,529,3,526
2588,2014,2014-15,0.40869565217391307,0.36507936507936506,0.46153846153846156,230,126,104
2590,2014,2014-15,0.39651162790697675,0.34195402298850575,0.43359375,860,348,512
2592,2014,2014-15,0.3681592039800995,0.36,0.4230769230769231,201,175,26
2594,2014,2014-15,0.4866666666666667,0.4922048997772829,0.47019867549668876,600,449,151
2617,2014,2014-15,0.4476987447698745,0.2,0.4585152838427948,239,10,229
2730,2014,2014-15,0.5933806146572104,0.5,0.5938242280285035,423,2,421
2732,2014,2014-15,0.43728813559322033,0.36082474226804123,0.47474747474747475,295,97,198
2733,2014,2014-15,0.5,0.0,0.5025380710659898,396,2,394
2734,2014,2014-15,0.4179389312977099,0.35714285714285715,0.4806201550387597,524,266,258
2736,2014,2014-15,0.46886912325285895,0.35454545454545455,0.5132275132275133,787,220,567
2738,2014,2014-15,0.4657258064516129,0.3490566037735849,0.5528169014084507,496,212,284
2742,2014,2014-15,0.368,0.3,0.4307692307692308,125,60,65
2743,2014,2014-15,0.4730941704035874,0.0,0.4806378132118451,446,7,439
2744,2014,2014-15,0.48118811881188117,0.4,0.481592039800995,1010,5,1005
2746,2014,2014-15,0.4194528875379939,0.3157894736842105,0.4505928853754941,987,228,759
2747,2014,2014-15,0.41721854304635764,0.3826291079812207,0.46200607902735563,755,426,329
2748,2014,2014-15,0.37894736842105264,0.37962962962962965,0.3780487804878049,190,108,82
2749,2014,2014-15,0.40674603174603174,0.3449612403100775,0.4715447154471545,504,258,246
2754,2014,2014-15,0.4945054945054945,0.3448275862068966,0.5046948356807511,455,29,426
2755,2014,2014-15,0.4272,0.39267015706806285,0.4423963133640553,625,191,434
2757,2014,2014-15,0.4871287128712871,0.26804123711340205,0.5392156862745098,505,97,408
2760,2014,2014-15,0.555,0.0,0.5606060606060606,200,2,198
2772,2014,2014-15,0.4021978021978022,0.34954954954954953,0.48450704225352115,910,555,355
2853,2014,2014-15,0.3076923076923077,0.5,0.2857142857142857,39,4,35
101106,2014,2014-15,0.5633802816901409,0.0,0.5633802816901409,355,0,355
101107,2014,2014-15,0.42424242424242425,0.3584905660377358,0.5,495,265,230
101108,2014,2014-15,0.48547008547008547,0.3982808022922636,0.5225334957369062,1170,349,821
101109,2014,2014-15,0.4056603773584906,0.29411764705882354,0.4583333333333333,106,34,72
101110,2014,2014-15,0.26373626373626374,0.23255813953488372,0.2916666666666667,91,43,48
101111,2014,2014-15,0.4143646408839779,0.3755656108597285,0.475177304964539,362,221,141
101112,2014,2014-15,0.3921971252566735,0.3930635838150289,0.3900709219858156,487,346,141
101114,2014,2014-15,0.3865110246433204,0.3670886075949367,0.3951310861423221,771,237,534
101122,2014,2014-15,0.4012345679012346,0.35714285714285715,0.44871794871794873,162,84,78
101123,2014,2014-15,0.41645244215938304,0.35400516795865633,0.4782608695652174,778,387,391
101126,2014,2014-15,0.34509803921568627,0.2767857142857143,0.3986013986013986,255,112,143
101127,2014,2014-15,0.4394124847001224,0.2671232876712329,0.47690014903129657,817,146,671
101128,2014,2014-15,0.2698412698412698,0.2222222222222222,0.3888888888888889,63,45,18
101131,2014,2014-15,0.421875,0.0,0.421875,192,0,192
101133,2014,2014-15,0.5518867924528302,0.0,0.5518867924528302,212,0,212
101135,2014,2014-15,0.5111821086261981,0.0,0.5144694533762058,313,2,311
101138,2014,2014-15,0.5036603221083455,0.28125,0.5145929339477726,683,32,651
101139,2014,2014-15,0.3978234582829504,0.3452914798206278,0.45931758530183725,827,446,381
101141,2014,2014-15,0.47217235188509876,0.3894736842105263,0.5149863760217984,557,190,367
101145,2014,2014-15,0.4446085672082718,0.2852112676056338,0.4869158878504673,1354,284,1070
101150,2014,2014-15,0.4040948275862069,0.3400447427293065,0.46361746361746364,928,447,481
101161,2014,2014-15,0.5741811175337187,0.41304347826086957,0.5898520084566596,519,46,473
101162,2014,2014-15,0.5664516129032258,0.0,0.5686528497409327,775,3,772
101179,2014,2014-15,0.3452914798206278,0.28440366972477066,0.40350877192982454,223,109,114
101181,2014,2014-15,0.4152542372881356,0.4154929577464789,0.41509433962264153,354,142,212
101183,2014,2014-15,0.2571428571428571,0.0,0.3,35,5,30
101187,2014,2014-15,0.4431818181818182,0.3476190476190476,0.5304347826086957,440,210,230
101198,2014,2014-15,0.3225806451612903,0.0,0.45454545454545453,31,9,22
101236,2014,2014-15,0.4782608695652174,0.0,0.4782608695652174,46,0,46
101249,2014,2014-15,0.40384615384615385,0.3103448275862069,0.44,104,29,75
200745,2014,2014-15,0.45429362880886426,0.36585365853658536,0.465625,361,41,320
200746,2014,2014-15,0.4657243816254417,0.3523809523809524,0.47480916030534354,1415,105,1310
200748,2014,2014-15,1.0,0.0,1.0,1,0,1
200751,2014,2014-15,0.3681592039800995,0.3574144486692015,0.38848920863309355,402,263,139
200752,2014,2014-15,0.4551971326164875,0.35909090909090907,0.47879464285714285,1116,220,896
200755,2014,2014-15,0.47654584221748403,0.4366812227074236,0.5145833333333333,938,458,480
200757,2014,2014-15,0.41767068273092367,0.32051282051282054,0.4619883040935672,249,78,171
200761,2014,2014-15,0.4033333333333333,0.3595505617977528,0.4672131147540984,300,178,122
200765,2014,2014-15,0.4263565891472868,0.313953488372093,0.44364937388193204,645,86,559
200768,2014,2014-15,0.41227229146692235,0.3375959079283887,0.4570552147239264,1043,391,652
200769,2014,2014-15,0.3684210526315789,0.42857142857142855,0.3333333333333333,19,7,12
200770,2014,2014-15,0.3860759493670886,0.36082474226804123,0.4262295081967213,158,97,61
200777,2014,2014-15,0.4900662251655629,0.0,0.4900662251655629,151,0,151
200779,2014,2014-15,0.39285714285714285,0.3958333333333333,0.375,56,48,8
200782,2014,2014-15,0.43791946308724833,0.34523809523809523,0.5058139534883721,596,252,344
200794,2014,2014-15,0.47634408602150535,0.35648148148148145,0.5126050420168067,930,216,714
200797,2014,2014-15,0.6463414634146342,0.0,0.6463414634146342,82,0,82
200811,2014,2014-15,0.42745098039215684,0.0,0.42913385826771655,255,1,254
200826,2014,2014-15,0.4197761194029851,0.32335329341317365,0.4634146341463415,536,167,369
201142,2014,2014-15,0.5096359743040685,0.4025157232704403,0.564935064935065,467,159,308
201143,2014,2014-15,0.5378238341968912,0.3055555555555556,0.5468245425188375,965,36,929
201144,2014,2014-15,0.445578231292517,0.3862815884476534,0.4727272727272727,882,277,605
201145,2014,2014-15,0.4301964839710445,0.3321917808219178,0.4725925925925926,967,292,675
201147,2014,2014-15,0.4260869565217391,0.2680851063829787,0.49122807017543857,805,235,570
201148,2014,2014-15,0.6418732782369146,0.0,0.6472222222222223,363,3,360
201149,2014,2014-15,0.4449648711943794,0.0,0.4470588235294118,427,2,425
201150,2014,2014-15,0.3927710843373494,0.3125,0.45188284518828453,415,176,239
201152,2014,2014-15,0.4659090909090909,0.33043478260869563,0.48417350527549824,968,115,853
201155,2014,2014-15,0.4403183023872679,0.3900709219858156,0.45187601957585644,754,141,613
201156,2014,2014-15,0.36554621848739494,0.3688888888888889,0.36254980079681276,476,225,251
201158,2014,2014-15,0.42340425531914894,0.3739130434782609,0.4708333333333333,470,230,240
201160,2014,2014-15,0.4341216216216216,0.35714285714285715,0.44,592,42,550
201162,2014,2014-15,0.46808510638297873,0.3854166666666667,0.5367965367965368,423,192,231
201163,2014,2014-15,0.4287179487179487,0.34236453201970446,0.4903339191564148,975,406,569
201166,2014,2014-15,0.42105263157894735,0.3865814696485623,0.44246031746031744,817,313,504
201167,2014,2014-15,0.4242081447963801,0.35435435435435436,0.4664246823956443,884,333,551
201168,2014,2014-15,0.5577557755775577,0.0,0.5577557755775577,303,0,303
201171,2014,2014-15,0.5149051490514905,0.0,0.5149051490514905,369,0,369
201175,2014,2014-15,0.4588235294117647,0.0,0.46613545816733065,255,4,251
201177,2014,2014-15,0.5283018867924528,0.42105263157894735,0.5882352941176471,53,19,34
201188,2014,2014-15,0.4944029850746269,0.17647058823529413,0.4995260663507109,1072,17,1055
201196,2014,2014-15,0.37425149700598803,0.31666666666666665,0.38686131386861317,334,60,274
201202,2014,2014-15,0.5806451612903226,0.0,0.5806451612903226,62,0,62
201228,2014,2014-15,0.434052757793765,0.4,0.45867768595041325,417,175,242
201229,2014,2014-15,0.40966921119592875,0.36551724137931035,0.5339805825242718,393,290,103
201563,2014,2014-15,0.4339622641509434,0.23529411764705882,0.47191011235955055,212,34,178
201564,2014,2014-15,0.4222539229671897,0.3574007220216607,0.46462264150943394,701,277,424
201565,2014,2014-15,0.40479041916167663,0.28044280442804426,0.4645390070921986,835,271,564
201566,2014,2014-15,0.4262406526172672,0.2986111111111111,0.45731191885038036,1471,288,1183
201567,2014,2014-15,0.4338235294117647,0.3673469387755102,0.48035714285714287,952,392,560
201568,2014,2014-15,0.4014084507042254,0.3554817275747508,0.45318352059925093,568,301,267
201569,2014,2014-15,0.4106628242074928,0.44761904761904764,0.37994722955145116,694,315,379
201571,2014,2014-15,0.3987635239567233,0.33739837398373984,0.43640897755610975,647,246,401
201572,2014,2014-15,0.5126646403242148,0.1,0.5168884339815762,987,10,977
201573,2014,2014-15,0.4263565891472868,0.30833333333333335,0.4621212121212121,516,120,396
201574,2014,2014-15,0.4696261682242991,0.0,0.4707259953161593,428,1,427
201575,2014,2014-15,0.2037037037037037,0.1111111111111111,0.2962962962962963,54,27,27
201577,2014,2014-15,0.5354691075514875,0.0,0.536697247706422,437,1,436
201578,2014,2014-15,0.49226006191950467,0.2777777777777778,0.4984076433121019,646,18,628
201579,2014,2014-15,0.44647887323943664,0.0,0.4477401129943503,710,2,708
201580,2014,2014-15,0.5316455696202531,0.0,0.5316455696202531,79,0,79
201581,2014,2014-15,0.4749455337690632,0.0,0.47702407002188185,459,2,457
201582,2014,2014-15,0.5501519756838906,0.0,0.5501519756838906,329,0,329
201583,2014,2014-15,0.3991769547325103,0.3398328690807799,0.45675675675675675,729,359,370
201584,2014,2014-15,0.447900466562986,0.4017857142857143,0.47255369928400953,643,224,419
201585,2014,2014-15,0.5083798882681564,0.0,0.5083798882681564,358,0,358
201586,2014,2014-15,0.4758269720101781,0.375609756097561,0.5111876075731497,786,205,581
201587,2014,2014-15,0.4,0.32362459546925565,0.48109965635738833,600,309,291
201588,2014,2014-15,0.4766355140186916,0.35751295336787564,0.543859649122807,535,193,342
201589,2014,2014-15,0.4036458333333333,0.23636363636363636,0.4708029197080292,384,110,274
201593,2014,2014-15,0.42378048780487804,0.0,0.42378048780487804,328,0,328
201595,2014,2014-15,0.5517241379310345,0.0,0.5555555555555556,145,1,144
201596,2014,2014-15,0.40271493212669685,0.29435483870967744,0.4674698795180723,663,248,415
201599,2014,2014-15,0.7097378277153558,0.25,0.7132075471698113,534,4,530
201600,2014,2014-15,0.5169902912621359,0.0,0.5169902912621359,412,0,412
201601,2014,2014-15,0.3946540880503145,0.3069306930693069,0.43548387096774194,636,202,434
201604,2014,2014-15,0.23809523809523808,0.14285714285714285,0.2857142857142857,21,7,14
201609,2014,2014-15,0.500998003992016,0.3474903474903475,0.5545087483176312,1002,259,743
201611,2014,2014-15,0.34523809523809523,0.3409090909090909,0.3611111111111111,168,132,36
201627,2014,2014-15,0.4634146341463415,0.4338461538461538,0.496551724137931,615,325,290
201858,2014,2014-15,0.2830188679245283,0.18181818181818182,0.45,53,33,20
201880,2014,2014-15,0.75,0.0,0.75,8,0,8
201933,2014,2014-15,0.5017482517482518,0.4,0.5040214477211796,1144,25,1119
201935,2014,2014-15,0.44013605442176873,0.3747747747747748,0.47978142076502733,1470,555,915
201936,2014,2014-15,0.4472103004291845,0.3039647577092511,0.48187633262260127,1165,227,938
201937,2014,2014-15,0.3561643835616438,0.2549019607843137,0.3869047619047619,219,51,168
201939,2014,2014-15,0.48695003728560776,0.44272445820433437,0.5280575539568345,1341,646,695
201941,2014,2014-15,0.4594594594594595,0.2727272727272727,0.4621409921671018,777,11,766
201942,2014,2014-15,0.4131313131313131,0.2840909090909091,0.42572062084257206,990,88,902
201943,2014,2014-15,0.4014732965009208,0.36018957345971564,0.42771084337349397,543,211,332
201945,2014,2014-15,0.43683589138134593,0.33088235294117646,0.4571026722925457,847,136,711
201946,2014,2014-15,0.5212121212121212,0.14285714285714285,0.5379746835443038,165,7,158
201947,2014,2014-15,0.36666666666666664,0.2857142857142857,0.4375,30,14,16
201948,2014,2014-15,0.3546099290780142,0.3380281690140845,0.37142857142857144,141,71,70
201949,2014,2014-15,0.5891089108910891,0.21568627450980393,0.6430594900849859,404,51,353
201950,2014,2014-15,0.44569288389513106,0.37777777777777777,0.46867167919799496,534,135,399
201951,2014,2014-15,0.43628509719222464,0.34146341463414637,0.463245492371706,926,205,721
201952,2014,2014-15,0.4599774520856821,0.34299516908212563,0.49558823529411766,887,207,680
201954,2014,2014-15,0.4727272727272727,0.37267080745341613,0.5141388174807198,550,161,389
201956,2014,2014-15,0.4894613583138173,0.40229885057471265,0.5117647058823529,427,87,340
201959,2014,2014-15,0.5019762845849802,0.0,0.5019762845849802,506,0,506
201960,2014,2014-15,0.4869831546707504,0.39473684210526316,0.5673352435530086,653,304,349
201961,2014,2014-15,0.41166936790923825,0.37037037037037035,0.4385026737967914,617,243,374
201962,2014,2014-15,0.37254901960784315,0.2777777777777778,0.42424242424242425,51,18,33
201964,2014,2014-15,0.45,0.5454545454545454,0.3333333333333333,20,11,9
201965,2014,2014-15,0.5789473684210527,0.0,0.5789473684210527,95,0,95
201967,2014,2014-15,0.45722713864306785,0.1,0.46808510638297873,339,10,329
201971,2014,2014-15,0.45614035087719296,0.0,0.45614035087719296,57,0,57
201973,2014,2014-15,0.44591029023746703,0.38571428571428573,0.4811715481171548,379,140,239
201975,2014,2014-15,0.4157303370786517,0.3490566037735849,0.45962732919254656,534,212,322
201976,2014,2014-15,0.38345864661654133,0.3560371517027864,0.4258373205741627,532,323,209
201977,2014,2014-15,0.4057971014492754,0.3776223776223776,0.42574257425742573,345,143,202
201978,2014,2014-15,0.43333333333333335,0.36363636363636365,0.47368421052631576,390,143,247
201979,2014,2014-15,0.42105263157894735,0.2558139534883721,0.45588235294117646,247,43,204
201980,2014,2014-15,0.4363143631436314,0.4179431072210066,0.46619217081850534,738,457,281
201985,2014,2014-15,0.3722627737226277,0.2631578947368421,0.45,137,57,80
201988,2014,2014-15,0.38095238095238093,0.34065934065934067,0.42857142857142855,336,182,154
201991,2014,2014-15,0.42857142857142855,0.5,0.375,14,6,8
202066,2014,2014-15,0.4,0.375,0.4268292682926829,170,88,82
202077,2014,2014-15,0.2727272727272727,0.5,0.2222222222222222,11,2,9
202083,2014,2014-15,0.44813829787234044,0.3887640449438202,0.5342019543973942,752,445,307
202087,2014,2014-15,0.46774193548387094,0.37142857142857144,0.4900662251655629,186,35,151
202130,2014,2014-15,0.38461538461538464,0.15789473684210525,0.6,39,19,20
202322,2014,2014-15,0.4451114922813036,0.2995391705069124,0.47839831401475236,1166,217,949
202323,2014,2014-15,0.4289544235924933,0.2773109243697479,0.45773524720893144,746,119,627
202324,2014,2014-15,0.5250544662309368,0.16666666666666666,0.5274122807017544,918,6,912
202325,2014,2014-15,0.41389290882778584,0.35135135135135137,0.4513888888888889,691,259,432
202326,2014,2014-15,0.46716697936210133,0.25,0.46880907372400754,1066,8,1058
202327,2014,2014-15,0.4583333333333333,0.0,0.4583333333333333,24,0,24
202328,2014,2014-15,0.4958968347010551,0.0,0.4958968347010551,853,0,853
202329,2014,2014-15,0.4117647058823529,0.27419354838709675,0.48497854077253216,357,124,233
202330,2014,2014-15,0.4452621895124195,0.36363636363636365,0.4808454425363276,1087,330,757
202331,2014,2014-15,0.3673469387755102,0.4090909090909091,0.3333333333333333,49,22,27
202332,2014,2014-15,0.47840531561461797,0.0,0.47840531561461797,301,0,301
202333,2014,2014-15,0.23076923076923078,0.0,0.23076923076923078,13,0,13
202334,2014,2014-15,0.6012793176972282,0.0,0.6012793176972282,469,0,469
202335,2014,2014-15,0.4485981308411215,0.3710247349823322,0.5357142857142857,535,283,252
202336,2014,2014-15,0.5,0.0,0.5,172,0,172
202337,2014,2014-15,0.4791666666666667,0.5130434782608696,0.42857142857142855,192,115,77
202338,2014,2014-15,0.5133333333333333,0.0,0.515625,450,2,448
202339,2014,2014-15,0.4474187380497132,0.3235294117647059,0.4909560723514212,1046,272,774
202340,2014,2014-15,0.42843040473840077,0.3522727272727273,0.4689863842662632,1013,352,661
202343,2014,2014-15,0.3783783783783784,0.4444444444444444,0.3157894736842105,37,18,19
202344,2014,2014-15,0.4870689655172414,0.34523809523809523,0.5184210526315789,464,84,380
202347,2014,2014-15,0.42058165548098436,0.3729508196721312,0.47783251231527096,447,244,203
202349,2014,2014-15,0.40827586206896554,0.3789173789173789,0.4358288770053476,725,351,374
202355,2014,2014-15,0.627906976744186,0.0,0.627906976744186,387,0,387
202361,2014,2014-15,0.4878048780487805,0.5,0.48717948717948717,41,2,39
202362,2014,2014-15,0.37636363636363634,0.17142857142857143,0.4247191011235955,550,105,445
202366,2014,2014-15,0.5319148936170213,0.0,0.5319148936170213,94,0,94
202379,2014,2014-15,0.5517241379310345,0.4,0.5660377358490566,58,5,53
202388,2014,2014-15,0.4084507042253521,0.31297709923664124,0.4642857142857143,355,131,224
202389,2014,2014-15,0.5547703180212014,0.3333333333333333,0.5571428571428572,566,6,560
202390,2014,2014-15,0.37375745526838966,0.3048780487804878,0.40707964601769914,503,164,339
202391,2014,2014-15,0.4235474006116208,0.3693181818181818,0.4435146443514644,654,176,478
202397,2014,2014-15,0.3896457765667575,0.3,0.40716612377850164,367,60,307
202399,2014,2014-15,0.4318181818181818,0.0,0.4318181818181818,44,0,44
202407,2014,2014-15,0.3403361344537815,0.3111111111111111,0.3581081081081081,238,90,148
202498,2014,2014-15,0.4117647058823529,0.3181818181818182,0.4166666666666667,442,22,420
202620,2014,2014-15,0.8571428571428571,0.0,0.8571428571428571,14,0,14
202681,2014,2014-15,0.4680161943319838,0.41534391534391535,0.4912485414235706,1235,378,857
202682,2014,2014-15,0.44742268041237115,0.3141025641025641,0.5106382978723404,485,156,329
202683,2014,2014-15,0.5193965517241379,0.35555555555555557,0.5277463193657984,928,45,883
202684,2014,2014-15,0.5471311475409836,0.0,0.5471311475409836,488,0,488
202685,2014,2014-15,0.5720858895705522,0.0,0.5729646697388633,652,1,651
202687,2014,2014-15,0.543010752688172,0.0,0.543010752688172,186,0,186
202688,2014,2014-15,0.4222972972972973,0.3894080996884735,0.4409171075837742,888,321,567
202689,2014,2014-15,0.3853211009174312,0.30357142857142855,0.41797432239657634,981,280,701
202690,2014,2014-15,0.3795180722891566,0.1875,0.4576271186440678,166,48,118
202691,2014,2014-15,0.4634334103156274,0.43853211009174314,0.48143236074270557,1299,545,754
202692,2014,2014-15,0.4033333333333333,0.38235294117647056,0.40948275862068967,300,68,232
202693,2014,2014-15,0.46545454545454545,0.31843575418994413,0.494028230184582,1100,179,921
202694,2014,2014-15,0.4338138925294889,0.35782747603833864,0.4866666666666667,763,313,450
202695,2014,2014-15,0.4793187347931874,0.3489583333333333,0.5190476190476191,822,192,630
202696,2014,2014-15,0.5232172470978441,0.3333333333333333,0.5241666666666667,1206,6,1200
202697,2014,2014-15,0.40976645435244163,0.34183673469387754,0.4581818181818182,471,196,275
202699,2014,2014-15,0.4657534246575342,0.36401673640167365,0.5,949,239,710
202700,2014,2014-15,0.5042857142857143,0.3684210526315789,0.5361552028218695,700,133,567
202702,2014,2014-15,0.5067934782608695,0.125,0.510989010989011,736,8,728
202703,2014,2014-15,0.40544871794871795,0.31629392971246006,0.49517684887459806,624,313,311
202704,2014,2014-15,0.43373493975903615,0.2987551867219917,0.4768211920529801,996,241,755
202706,2014,2014-15,0.4,0.47619047619047616,0.2857142857142857,35,21,14
202708,2014,2014-15,0.4121863799283154,0.3125,0.4581151832460733,558,176,382
202709,2014,2014-15,0.5036496350364964,0.36363636363636365,0.5204359673024523,411,44,367
202710,2014,2014-15,0.4616228070175439,0.37823834196891193,0.48400556328233657,912,193,719
202711,2014,2014-15,0.453125,0.35546875,0.53125,576,256,320
202713,2014,2014-15,0.38565022421524664,0.3983402489626556,0.37073170731707317,446,241,205
202714,2014,2014-15,0.4006849315068493,0.31496062992125984,0.4666666666666667,292,127,165
202718,2014,2014-15,0.4620024125452352,0.3804034582132565,0.520746887966805,829,347,482
202720,2014,2014-15,0.4432234432234432,0.2413793103448276,0.4672131147540984,273,29,244
202721,2014,2014-15,0.33962264150943394,0.21212121212121213,0.3972602739726027,106,33,73
202723,2014,2014-15,0.0,0.0,0.0,1,0,1
202730,2014,2014-15,0.47157190635451507,0.0,0.47157190635451507,299,0,299
202734,2014,2014-15,0.4460431654676259,0.34210526315789475,0.48514851485148514,139,38,101
202738,2014,2014-15,0.42085427135678394,0.37283236994219654,0.4577777777777778,796,346,450
202779,2014,2014-15,0.45,0.6363636363636364,0.3793103448275862,40,11,29
202952,2014,2014-15,0.45,0.0,0.5454545454545454,40,7,33
202962,2014,2014-15,0.6122448979591837,0.0,0.6122448979591837,49,0,49
203076,2014,2014-15,0.5354462051709759,0.08333333333333333,0.540016849199663,1199,12,1187
203077,2014,2014-15,0.46473029045643155,0.0,0.46473029045643155,482,0,482
203078,2014,2014-15,0.42655699177438305,0.4092664092664093,0.4341216216216216,851,259,592
203079,2014,2014-15,0.3964059196617336,0.2967479674796748,0.43142857142857144,946,246,700
203080,2014,2014-15,0.4846153846153846,0.0,0.4883720930232558,260,2,258
203081,2014,2014-15,0.4338235294117647,0.34265734265734266,0.5,1360,572,788
203082,2014,2014-15,0.4103585657370518,0.3717948717948718,0.45179063360881544,753,390,363
203083,2014,2014-15,0.514047866805411,0.0,0.5151199165797706,961,2,959
203084,2014,2014-15,0.4817073170731707,0.4046511627906977,0.5192743764172335,656,215,441
203085,2014,2014-15,0.4092741935483871,0.29770992366412213,0.44931506849315067,496,131,365
203086,2014,2014-15,0.5102040816326531,0.41964285714285715,0.5864661654135338,245,112,133
203087,2014,2014-15,0.416,0.34234234234234234,0.4748201438848921,250,111,139
203088,2014,2014-15,0.45544554455445546,0.391304347826087,0.509090909090909,101,46,55
203089,2014,2014-15,0.5664739884393064,0.0,0.5664739884393064,346,0,346
203090,2014,2014-15,0.3987341772151899,0.17857142857142858,0.5196078431372549,158,56,102
203092,2014,2014-15,0.5492730210016155,0.0,0.5492730210016155,619,0,619
203093,2014,2014-15,0.5284280936454849,0.35135135135135137,0.5534351145038168,299,37,262
203094,2014,2014-15,0.4368421052631579,0.3170731707317073,0.4697986577181208,190,41,149
203095,2014,2014-15,0.44,0.37777777777777777,0.48,575,225,350
203096,2014,2014-15,0.4392655367231638,0.2826086956521739,0.49427480916030536,708,184,524
203098,2014,2014-15,0.494949494949495,0.40384615384615385,0.5957446808510638,99,52,47
203099,2014,2014-15,0.36363636363636365,0.3076923076923077,0.4,33,13,20
203100,2014,2014-15,0.4032258064516129,0.2605633802816901,0.4726027397260274,434,142,292
203101,2014,2014-15,0.5354330708661418,0.0,0.5354330708661418,254,0,254
203103,2014,2014-15,0.3967391304347826,0.23333333333333334,0.47580645161290325,184,60,124
203105,2014,2014-15,0.5467625899280576,0.0,0.5467625899280576,139,0,139
203106,2014,2014-15,0.39473684210526316,0.3055555555555556,0.4358974358974359,114,36,78
203108,2014,2014-15,0.4444444444444444,0.0,0.4444444444444444,27,0,27
203109,2014,2014-15,0.42018348623853213,0.2932692307692308,0.49851632047477745,545,208,337
203110,2014,2014-15,0.44313725490196076,0.3373860182370821,0.5229357798165137,765,329,436
203112,2014,2014-15,0.459214501510574,0.3,0.4944649446494465,331,60,271
203113,2014,2014-15,0.23684210526315788,0.16666666666666666,0.3,38,18,20
203114,2014,2014-15,0.4672036823935558,0.40671641791044777,0.49417637271214643,869,268,601
203115,2014,2014-15,0.42492917847025496,0.27058823529411763,0.47388059701492535,353,85,268
203118,2014,2014-15,0.44370860927152317,0.34375,0.5172413793103449,453,192,261
203120,2014,2014-15,0.47752808988764045,0.3225806451612903,0.5102040816326531,178,31,147
203121,2014,2014-15,0.14285714285714285,0.0,0.16666666666666666,7,1,6
203123,2014,2014-15,0.350253807106599,0.29245283018867924,0.4175824175824176,197,106,91
203124,2014,2014-15,0.49173553719008267,0.27906976744186046,0.5376884422110553,242,43,199
203128,2014,2014-15,0.5128205128205128,0.0,0.547945205479452,78,5,73
203133,2014,2014-15,0.45930232558139533,0.3137254901960784,0.5206611570247934,172,51,121
203135,2014,2014-15,0.4117647058823529,0.0,0.4131147540983607,306,1,305
203136,2014,2014-15,0.6666666666666666,0.0,0.6666666666666666,12,0,12
203138,2014,2014-15,0.4125230202578269,0.40069686411149824,0.42578125,543,287,256
203141,2014,2014-15,0.3824451410658307,0.32124352331606215,0.47619047619047616,319,193,126
203142,2014,2014-15,0.36129032258064514,0.31137724550898205,0.4195804195804196,310,167,143
203143,2014,2014-15,0.3991228070175439,0.3433734939759036,0.5483870967741935,228,166,62
203144,2014,2014-15,0.3970149253731343,0.3381294964028777,0.4387755102040816,335,139,196
203145,2014,2014-15,0.4259818731117825,0.36363636363636365,0.46733668341708545,331,132,199
203148,2014,2014-15,0.3893805309734513,0.32124352331606215,0.44015444015444016,452,193,259
203156,2014,2014-15,0.47410358565737054,0.18181818181818182,0.4875,502,22,480
203187,2014,2014-15,0.4025974025974026,0.29473684210526313,0.576271186440678,154,95,59
203200,2014,2014-15,0.3872340425531915,0.3211009174311927,0.4444444444444444,235,109,126
203210,2014,2014-15,0.574468085106383,0.0,0.6585365853658537,47,6,41
203268,2014,2014-15,0.5365853658536586,0.0,0.5789473684210527,41,3,38
203315,2014,2014-15,0.4,0.0,0.4,5,0,5
203318,2014,2014-15,0.2,0.14285714285714285,0.25,15,7,8
203382,2014,2014-15,0.5657492354740061,0.25,0.5696594427244582,327,4,323
203457,2014,2014-15,0.46248085758039814,0.0,0.46248085758039814,653,0,653
203458,2014,2014-15,0.5070821529745042,0.3333333333333333,0.5085714285714286,353,3,350
203459,2014,2014-15,0.4117647058823529,0.35294117647058826,0.4852941176470588,153,85,68
203460,2014,2014-15,0.4577114427860697,0.24705882352941178,0.6120689655172413,201,85,116
203461,2014,2014-15,0.4208754208754209,0.30434782608695654,0.4306569343065693,297,23,274
203462,2014,2014-15,0.39303482587064675,0.2926829268292683,0.41875,201,41,160
203463,2014,2014-15,0.4368231046931408,0.35805626598465473,0.5068181818181818,831,391,440
203468,2014,2014-15,0.43561643835616437,0.39568345323741005,0.46017699115044247,365,139,226
203469,2014,2014-15,0.46112600536193027,1.0,0.4596774193548387,373,1,372
203471,2014,2014-15,0.4270676691729323,0.35135135135135137,0.44874274661508706,665,148,517
203473,2014,2014-15,0.5617283950617284,0.0,0.5652173913043478,162,1,161
203475,2014,2014-15,0.3765432098765432,0.2978723404255319,0.40869565217391307,162,47,115
203476,2014,2014-15,0.505859375,0.16666666666666666,0.5098814229249012,512,6,506
203477,2014,2014-15,0.3862433862433862,0.3699186991869919,0.4166666666666667,378,246,132
203479,2014,2014-15,0.5,0.5,0.0,2,2,0
203481,2014,2014-15,0.5,0.0,0.5,64,0,64
203482,2014,2014-15,0.4753787878787879,0.3485714285714286,0.5382436260623229,528,175,353
203484,2014,2014-15,0.4012345679012346,0.34459459459459457,0.44886363636363635,972,444,528
203485,2014,2014-15,0.4262295081967213,0.21428571428571427,0.48936170212765956,122,28,94
203486,2014,2014-15,0.5725971370143149,0.0,0.5761316872427984,489,3,486
203487,2014,2014-15,0.39608269858541895,0.23529411764705882,0.4281984334203655,919,153,766
203488,2014,2014-15,0.5496688741721855,0.4090909090909091,0.5736434108527132,151,22,129
203489,2014,2014-15,0.3508771929824561,0.0,0.4,57,7,50
203490,2014,2014-15,0.45012787723785164,0.33653846153846156,0.4912891986062718,391,104,287
203492,2014,2014-15,0.43829787234042555,0.3063063063063063,0.479108635097493,470,111,359
203493,2014,2014-15,0.34285714285714286,0.32608695652173914,0.375,70,46,24
203495,2014,2014-15,0.3333333333333333,0.37037037037037035,0.3188405797101449,96,27,69
203496,2014,2014-15,0.3955026455026455,0.3744394618834081,0.4258064516129032,756,446,310
203497,2014,2014-15,0.6042154566744731,0.0,0.6070588235294118,427,2,425
203498,2014,2014-15,0.48866498740554154,0.39215686274509803,0.5028901734104047,397,51,346
203499,2014,2014-15,0.43287037037037035,0.3017241379310345,0.4810126582278481,432,116,316
203500,2014,2014-15,0.543859649122807,0.0,0.5465994962216625,399,2,397
203501,2014,2014-15,0.3891213389121339,0.3418079096045198,0.43526170798898073,717,354,363
203503,2014,2014-15,0.42857142857142855,0.37055837563451777,0.4942528735632184,371,197,174
203504,2014,2014-15,0.3681592039800995,0.31794871794871793,0.4,1005,390,615
203505,2014,2014-15,0.3,0.2,0.35,30,10,20
203506,2014,2014-15,0.43554327808471455,0.3387096774193548,0.46420047732696895,1086,248,838
203507,2014,2014-15,0.491025641025641,0.1590909090909091,0.5108695652173914,780,44,736
203508,2014,2014-15,0.40298507462686567,0.2962962962962963,0.475,134,54,80
203511,2014,2014-15,0.2692307692307692,0.06666666666666667,0.5454545454545454,26,15,11
203512,2014,2014-15,0.25,0.0,0.25,8,0,8
203515,2014,2014-15,0.367816091954023,0.24615384615384617,0.44036697247706424,174,65,109
203516,2014,2014-15,0.4089068825910931,0.3263157894736842,0.4605263157894737,247,95,152
203521,2014,2014-15,0.36156351791530944,0.40718562874251496,0.30714285714285716,307,167,140
203524,2014,2014-15,0.39589905362776023,0.3269230769230769,0.4295774647887324,634,208,426
203527,2014,2014-15,0.3365695792880259,0.3358208955223881,0.33714285714285713,309,134,175
203530,2014,2014-15,0.4044943820224719,0.1875,0.4520547945205479,89,16,73
203539,2014,2014-15,0.15,0.0,0.17647058823529413,20,3,17
203540,2014,2014-15,0.48314606741573035,0.45,0.5102040816326531,89,40,49
203544,2014,2014-15,0.36486486486486486,0.30057803468208094,0.45528455284552843,296,173,123
203545,2014,2014-15,0.375,0.0,0.375,8,0,8
203546,2014,2014-15,0.34545454545454546,0.3333333333333333,0.36,55,30,25
203552,2014,2014-15,0.0,0.0,0.0,3,1,2
203561,2014,2014-15,0.40145985401459855,0.23529411764705882,0.4563106796116505,137,34,103
203564,2014,2014-15,0.0,0.0,0.0,1,0,1
203565,2014,2014-15,0.25,0.0,0.375,12,4,8
203580,2014,2014-15,0.3448275862068966,0.15384615384615385,0.5,58,26,32
203584,2014,2014-15,0.3696969696969697,0.3644067796610169,0.3829787234042553,165,118,47
203798,2014,2014-15,0.32342007434944237,0.3006134969325153,0.3584905660377358,269,163,106
203805,2014,2014-15,0.2631578947368421,0.2222222222222222,0.3,19,9,10
203893,2014,2014-15,0.32,0.18181818181818182,0.42857142857142855,25,11,14
203894,2014,2014-15,0.3815789473684211,0.3644067796610169,0.4,228,118,110
203897,2014,2014-15,0.4224519940915805,0.3413173652694611,0.44901960784313727,677,167,510
203898,2014,2014-15,0.3611111111111111,0.27906976744186046,0.39603960396039606,144,43,101
203900,2014,2014-15,0.3619047619047619,0.265625,0.4041095890410959,210,64,146
203901,2014,2014-15,0.4251412429378531,0.2619047619047619,0.43543543543543545,708,42,666
203903,2014,2014-15,0.44798657718120805,0.3140495867768595,0.48210526315789476,596,121,475
203906,2014,2014-15,0.3181818181818182,0.18181818181818182,0.45454545454545453,44,22,22
203909,2014,2014-15,0.39631336405529954,0.2866666666666667,0.45422535211267606,434,150,284
203910,2014,2014-15,0.3466666666666667,0.23809523809523808,0.3888888888888889,75,21,54
203912,2014,2014-15,0.42105263157894735,0.3684210526315789,0.47368421052631576,38,19,19
203913,2014,2014-15,0.4117647058823529,0.3709677419354839,0.4351851851851852,170,62,108
203914,2014,2014-15,0.30414746543778803,0.20388349514563106,0.39473684210526316,217,103,114
203915,2014,2014-15,0.30177514792899407,0.18461538461538463,0.375,169,65,104
203917,2014,2014-15,0.36486486486486486,0.3221476510067114,0.40816326530612246,296,149,147
203918,2014,2014-15,0.4144385026737968,0.36470588235294116,0.45588235294117646,374,170,204
203919,2014,2014-15,0.4069767441860465,0.4,0.4098360655737705,86,25,61
203921,2014,2014-15,0.35514018691588783,0.2619047619047619,0.4153846153846154,214,84,130
203922,2014,2014-15,0.3880597014925373,0.2631578947368421,0.4375,67,19,48
203923,2014,2014-15,0.35294117647058826,0.25757575757575757,0.5277777777777778,102,66,36
203924,2014,2014-15,0.3522727272727273,0.3141025641025641,0.3826530612244898,352,156,196
203925,2014,2014-15,0.4,0.36904761904761907,0.4722222222222222,120,84,36
203926,2014,2014-15,0.40186915887850466,0.3170731707317073,0.45454545454545453,107,41,66
203928,2014,2014-15,0.4491017964071856,0.13333333333333333,0.48026315789473684,167,15,152
203930,2014,2014-15,0.35,0.3076923076923077,0.42857142857142855,20,13,7
203932,2014,2014-15,0.44711538461538464,0.2708333333333333,0.5,208,48,160
203933,2014,2014-15,0.5280373831775701,0.23809523809523808,0.5595854922279793,214,21,193
203935,2014,2014-15,0.3668763102725367,0.33455882352941174,0.4097560975609756,477,272,205
203937,2014,2014-15,0.34831460674157305,0.2727272727272727,0.358974358974359,89,11,78
203939,2014,2014-15,0.4626865671641791,0.2727272727272727,0.5,67,11,56
203940,2014,2014-15,0.41363636363636364,0.1111111111111111,0.4265402843601896,220,9,211
203943,2014,2014-15,0.39473684210526316,0.38461538461538464,0.3968253968253968,76,13,63
203944,2014,2014-15,0.3333333333333333,0.0,0.3333333333333333,3,0,3
203945,2014,2014-15,0.25,0.0,0.25,4,0,4
203946,2014,2014-15,0.21428571428571427,0.0,0.21428571428571427,14,0,14
203948,2014,2014-15,0.36666666666666664,0.0,0.36666666666666664,120,0,120
203949,2014,2014-15,0.5454545454545454,0.0,0.5454545454545454,44,0,44
203950,2014,2014-15,0.5675675675675675,0.0,0.5675675675675675,37,0,37
203952,2014,2014-15,0.4371152154793316,0.30952380952380953,0.4530168150346192,1137,126,1011
203953,2014,2014-15,0.49049429657794674,0.25,0.5060728744939271,263,16,247
203955,2014,2014-15,0.42028985507246375,0.35,0.4489795918367347,69,20,49
203956,2014,2014-15,0.5333333333333333,0.0,0.5398773006134969,165,2,163
203957,2014,2014-15,0.3485576923076923,0.3143939393939394,0.40789473684210525,416,264,152
203958,2014,2014-15,0.16666666666666666,0.16666666666666666,0.0,6,6,0
203960,2014,2014-15,0.42196531791907516,0.2440944881889764,0.5251141552511416,346,127,219
203961,2014,2014-15,1.0,0.0,1.0,1,0,1
203963,2014,2014-15,0.4523809523809524,0.16666666666666666,0.5,42,6,36
203991,2014,2014-15,0.4827586206896552,0.0,0.4827586206896552,29,0,29
203994,2014,2014-15,0.4464751958224543,0.0,0.44881889763779526,383,2,381
203998,2014,2014-15,0.3333333333333333,0.6666666666666666,0.2222222222222222,12,3,9
204014,2014,2014-15,0.4524714828897338,0.40588235294117647,0.5376344086021505,263,170,93
204020,2014,2014-15,0.41916167664670656,0.375,0.4369747899159664,167,48,119
204021,2014,2014-15,0.5,0.0,0.5,2,0,2
204022,2014,2014-15,0.4090909090909091,0.0,0.4090909090909091,22,0,22
204025,2014,2014-15,0.3442622950819672,0.29411764705882354,0.36363636363636365,61,17,44
204028,2014,2014-15,0.575091575091575,0.0,0.5772058823529411,273,1,272
204033,2014,2014-15,0.0,0.0,0.0,2,1,1
204037,2014,2014-15,0.4019138755980861,0.36666666666666664,0.40782122905027934,209,30,179
204038,2014,2014-15,0.39921722113502933,0.3522727272727273,0.42388059701492536,511,176,335
204054,2014,2014-15,0.36666666666666664,0.21428571428571427,0.5,30,14,16
204060,2014,2014-15,0.4152542372881356,0.3564356435643564,0.4934210526315789,354,202,152
204065,2014,2014-15,0.3333333333333333,0.5,0.25,6,2,4
204079,2014,2014-15,0.42105263157894735,0.0,0.5,19,3,16
708,2015,2015-16,0.46956521739130436,0.0,0.47368421052631576,115,1,114
977,2015,2015-16,0.35759209344115006,0.284796573875803,0.4102167182662539,1113,467,646
1495,2015,2015-16,0.4875283446712018,0.0,0.489749430523918,441,2,439
1713,2015,2015-16,0.3877551020408163,0.34911242603550297,0.42528735632183906,343,169,174
1717,2015,2015-16,0.447841726618705,0.3684210526315789,0.4831168831168831,1112,342,770
1718,2015,2015-16,0.36272040302267,0.30991735537190085,0.44516129032258067,397,242,155
1737,2015,2015-16,0.6,0.0,0.6,5,0,5
1882,2015,2015-16,0.4305555555555556,0.0,0.43661971830985913,72,1,71
1889,2015,2015-16,0.5566037735849056,0.25,0.5816326530612245,106,8,98
1891,2015,2015-16,0.4015957446808511,0.3563218390804598,0.5043478260869565,376,261,115
1897,2015,2015-16,0.3107344632768362,0.30952380952380953,0.3118279569892473,177,84,93
1938,2015,2015-16,0.4528735632183908,0.39106145251396646,0.49609375,435,179,256
2034,2015,2015-16,0.3548387096774194,0.36538461538461536,0.3,62,52,10
2037,2015,2015-16,0.4036208732694356,0.34011627906976744,0.4403361344537815,939,344,595
2199,2015,2015-16,0.5828025477707006,0.0,0.5846645367412141,314,1,313
2200,2015,2015-16,0.46934673366834173,0.34782608695652173,0.47840172786177104,995,69,926
2207,2015,2015-16,0.43888242142025613,0.38338658146964855,0.4706959706959707,859,313,546
2210,2015,2015-16,0.4583333333333333,0.3815028901734104,0.5539568345323741,312,173,139
2216,2015,2015-16,0.47519294377067256,0.23076923076923078,0.48240635641316687,907,26,881
2225,2015,2015-16,0.49295774647887325,0.4153846153846154,0.5007751937984496,710,65,645
2365,2015,2015-16,0.5277777777777778,0.2857142857142857,0.5862068965517241,72,14,58
2399,2015,2015-16,0.4095744680851064,0.3939393939393939,0.42696629213483145,188,99,89
2400,2015,2015-16,0.32038834951456313,0.17073170731707318,0.41935483870967744,103,41,62
2403,2015,2015-16,0.5442708333333334,0.0,0.5485564304461942,384,3,381
2405,2015,2015-16,0.5656108597285068,0.0,0.5656108597285068,221,0,221
2406,2015,2015-16,0.423728813559322,0.16666666666666666,0.5365853658536586,59,18,41
2419,2015,2015-16,0.44541484716157204,0.17391304347826086,0.47572815533980584,229,23,206
2440,2015,2015-16,0.38095238095238093,0.3216216216216216,0.44891640866873067,693,370,323
2446,2015,2015-16,0.47115384615384615,0.30612244897959184,0.6181818181818182,104,49,55
2449,2015,2015-16,0.4498327759197324,0.40372670807453415,0.4668192219679634,598,161,437
2544,2015,2015-16,0.5204802259887006,0.30851063829787234,0.5731922398589065,1416,282,1134
2546,2015,2015-16,0.4338179035960214,0.3387096774193548,0.4633901705115346,1307,310,997
2547,2015,2015-16,0.4667535853976532,0.36486486486486486,0.5082568807339449,767,222,545
2548,2015,2015-16,0.45646661031276414,0.1590909090909091,0.4679543459174715,1183,44,1139
2549,2015,2015-16,0.46511627906976744,0.25,0.48717948717948717,43,4,39
2550,2015,2015-16,0.3798449612403101,0.3870967741935484,0.373134328358209,129,62,67
2555,2015,2015-16,0.45871559633027525,0.0,0.4672897196261682,109,2,107
2561,2015,2015-16,0.5446428571428571,0.42857142857142855,0.546485260770975,448,7,441
2563,2015,2015-16,0.42857142857142855,0.5,0.4166666666666667,14,2,12
2564,2015,2015-16,0.5274151436031331,0.36231884057971014,0.5636942675159236,383,69,314
2570,2015,2015-16,0.5333333333333333,0.0,0.5333333333333333,75,0,75
2571,2015,2015-16,0.46216216216216216,0.35454545454545455,0.5076923076923077,370,110,260
2581,2015,2015-16,0.3875,0.3443708609271523,0.4606741573033708,240,151,89
2585,2015,2015-16,0.46595744680851064,0.0,0.4689507494646681,470,3,467
2588,2015,2015-16,0.5087719298245614,0.4411764705882353,0.6086956521739131,57,34,23
2590,2015,2015-16,0.4370860927152318,0.35294117647058826,0.48,302,102,200
2592,2015,2015-16,0.4084507042253521,0.3942307692307692,0.4473684210526316,142,104,38
2594,2015,2015-16,0.4343598055105348,0.3979848866498741,0.5,617,397,220
2617,2015,2015-16,0.3770491803278688,0.1111111111111111,0.4230769230769231,61,9,52
2730,2015,2015-16,0.62,0.0,0.6262626262626263,600,6,594
2733,2015,2015-16,0.5356200527704486,0.16666666666666666,0.547683923705722,379,12,367
2734,2015,2015-16,0.446524064171123,0.3291139240506329,0.5324074074074074,374,158,216
2736,2015,2015-16,0.45503355704697984,0.34375,0.5132924335378323,745,256,489
2738,2015,2015-16,0.4782608695652174,0.35064935064935066,0.5700934579439252,368,154,214
2743,2015,2015-16,0.4101694915254237,0.3148148148148148,0.46524064171123,295,108,187
2744,2015,2015-16,0.48514851485148514,0.0,0.48514851485148514,505,0,505
2746,2015,2015-16,0.3638968481375358,0.2867132867132867,0.4174757281553398,349,143,206
2747,2015,2015-16,0.4152941176470588,0.4,0.43823529411764706,850,510,340
2749,2015,2015-16,0.36807817589576547,0.2986111111111111,0.4294478527607362,307,144,163
2754,2015,2015-16,0.4584221748400853,0.35714285714285715,0.468384074941452,469,42,427
2755,2015,2015-16,0.3723150357995227,0.3602941176470588,0.37809187279151946,419,136,283
2756,2015,2015-16,0.38267148014440433,0.36363636363636365,0.40298507462686567,277,143,134
2757,2015,2015-16,0.43434343434343436,0.3409090909090909,0.461038961038961,198,44,154
2760,2015,2015-16,0.4274193548387097,0.0,0.43089430894308944,124,1,123
2772,2015,2015-16,0.41559953434225844,0.37074148296593185,0.4777777777777778,859,499,360
101106,2015,2015-16,0.6272401433691757,1.0,0.6258992805755396,279,1,278
101107,2015,2015-16,0.4524765729585007,0.4021164021164021,0.5040650406504065,747,378,369
101108,2015,2015-16,0.4622980251346499,0.3708206686930091,0.5006369426751592,1114,329,785
101109,2015,2015-16,0.40615835777126097,0.28169014084507044,0.4626865671641791,682,213,469
101111,2015,2015-16,0.382262996941896,0.27325581395348836,0.5032258064516129,327,172,155
101112,2015,2015-16,0.43804034582132567,0.3872340425531915,0.5446428571428571,347,235,112
101114,2015,2015-16,0.41419354838709677,0.34397163120567376,0.4543610547667343,775,282,493
101123,2015,2015-16,0.39182282793867124,0.3230769230769231,0.44648318042813456,587,260,327
101126,2015,2015-16,0.0,0.0,0.0,1,1,0
101127,2015,2015-16,0.39106145251396646,0.30392156862745096,0.42578125,358,102,256
101133,2015,2015-16,0.5892857142857143,0.0,0.5892857142857143,448,0,448
101135,2015,2015-16,0.5313432835820896,0.0,0.5329341317365269,335,1,334
101138,2015,2015-16,0.5488958990536278,0.0,0.5523809523809524,317,2,315
101139,2015,2015-16,0.4085173501577287,0.3669250645994832,0.47368421052631576,634,387,247
101141,2015,2015-16,0.4236006051437216,0.37065637065637064,0.4577114427860697,661,259,402
101145,2015,2015-16,0.42703232125367285,0.30851063829787234,0.4722598105548038,1021,282,739
101150,2015,2015-16,0.4083694083694084,0.34375,0.46380697050938335,693,320,373
101161,2015,2015-16,0.5845070422535211,0.23255813953488372,0.6240208877284595,426,43,383
101162,2015,2015-16,0.5667539267015707,0.0,0.5674967234600262,764,1,763
101179,2015,2015-16,0.3841059602649007,0.3469387755102041,0.4528301886792453,302,196,106
101181,2015,2015-16,0.4593406593406593,0.41379310344827586,0.49603174603174605,455,203,252
101187,2015,2015-16,0.3559322033898305,0.32432432432432434,0.4090909090909091,59,37,22
101236,2015,2015-16,0.5,0.0,0.5,2,0,2
200745,2015,2015-16,0.4551971326164875,0.1875,0.4714828897338403,279,16,263
200746,2015,2015-16,0.5129186602870813,0.0,0.5208940719144801,1045,16,1029
200751,2015,2015-16,0.3506224066390041,0.3,0.4051724137931034,482,250,232
200752,2015,2015-16,0.4627606752730884,0.34418604651162793,0.494949494949495,1007,215,792
200755,2015,2015-16,0.47954545454545455,0.4750593824228028,0.48366013071895425,880,421,459
200757,2015,2015-16,0.5067385444743935,0.34146341463414637,0.5887096774193549,371,123,248
200765,2015,2015-16,0.4539641943734015,0.36470588235294116,0.47875816993464054,782,170,612
200768,2015,2015-16,0.4273789649415693,0.3875685557586837,0.4608294930875576,1198,547,651
200770,2015,2015-16,0.42,0.35555555555555557,0.4727272727272727,100,45,55
200779,2015,2015-16,0.4444444444444444,0.4666666666666667,0.3333333333333333,18,15,3
200782,2015,2015-16,0.4106529209621993,0.3300970873786408,0.45478723404255317,582,206,376
200794,2015,2015-16,0.4699812382739212,0.31896551724137934,0.511990407673861,1066,232,834
200797,2015,2015-16,0.620253164556962,0.0,0.620253164556962,79,0,79
200811,2015,2015-16,0.3584905660377358,0.0,0.3584905660377358,53,0,53
200826,2015,2015-16,0.44585091420534456,0.38461538461538464,0.4811529933481153,711,260,451
201142,2015,2015-16,0.5054308472121651,0.3866943866943867,0.5688888888888889,1381,481,900
201143,2015,2015-16,0.5047709923664122,0.34375,0.5568181818181818,1048,256,792
201144,2015,2015-16,0.4224137931034483,0.3627906976744186,0.4490644490644491,696,215,481
201145,2015,2015-16,0.42961165048543687,0.3145539906103286,0.469721767594108,824,213,611
201147,2015,2015-16,0.38405797101449274,0.27232142857142855,0.4603658536585366,552,224,328
201148,2015,2015-16,0.6730769230769231,0.0,0.6730769230769231,52,0,52
201149,2015,2015-16,0.38345864661654133,0.0,0.38636363636363635,133,1,132
201150,2015,2015-16,0.40522875816993464,0.37254901960784315,0.4215686274509804,306,102,204
201152,2015,2015-16,0.514018691588785,0.23333333333333334,0.5230439442658092,963,30,933
201155,2015,2015-16,0.41309255079006774,0.24096385542168675,0.4527777777777778,443,83,360
201156,2015,2015-16,0.3387096774193548,0.32489451476793246,0.362962962962963,372,237,135
201158,2015,2015-16,0.3858267716535433,0.3063973063973064,0.4556213017751479,635,297,338
201160,2015,2015-16,0.4850894632206759,0.25,0.4928131416837782,503,16,487
201162,2015,2015-16,0.4784394250513347,0.42016806722689076,0.5341365461847389,487,238,249
201166,2015,2015-16,0.40085287846481876,0.3567567567567568,0.4295774647887324,469,185,284
201167,2015,2015-16,0.4430538172715895,0.38235294117647056,0.46880570409982175,799,238,561
201168,2015,2015-16,0.5225806451612903,0.0,0.5294117647058824,155,2,153
201171,2015,2015-16,0.556,0.46153846153846156,0.5611814345991561,250,13,237
201177,2015,2015-16,0.3716216216216216,0.24489795918367346,0.43434343434343436,148,49,99
201188,2015,2015-16,0.4639321074964639,0.6666666666666666,0.4630681818181818,707,3,704
201196,2015,2015-16,0.47297297297297297,0.32432432432432434,0.5072765072765073,592,111,481
201202,2015,2015-16,0.6,0.0,0.6,10,0,10
201228,2015,2015-16,0.34306569343065696,0.2916666666666667,0.3707865168539326,137,48,89
201229,2015,2015-16,0.3855421686746988,0.3602941176470588,0.5,332,272,60
201563,2015,2015-16,0.5219512195121951,0.3333333333333333,0.5306122448979592,205,9,196
201564,2015,2015-16,0.3707165109034268,0.32098765432098764,0.42138364779874216,321,162,159
201565,2015,2015-16,0.4265267175572519,0.29333333333333333,0.4487750556792873,1048,150,898
201566,2015,2015-16,0.45429362880886426,0.2961876832844575,0.5031731640979148,1444,341,1103
201567,2015,2015-16,0.4186284544524053,0.35990888382687924,0.46654275092936803,977,439,538
201568,2015,2015-16,0.41,0.36401673640167365,0.43383947939262474,700,239,461
201569,2015,2015-16,0.41847826086956524,0.3843537414965986,0.4573643410852713,552,294,258
201571,2015,2015-16,0.4228571428571429,0.40476190476190477,0.43956043956043955,350,168,182
201572,2015,2015-16,0.5108038029386344,0.14285714285714285,0.5153105861767279,1157,14,1143
201573,2015,2015-16,0.4233409610983982,0.43722943722943725,0.4077669902912621,437,231,206
201574,2015,2015-16,0.48148148148148145,0.3333333333333333,0.5053763440860215,108,15,93
201575,2015,2015-16,0.4269230769230769,0.4140127388535032,0.44660194174757284,260,157,103
201577,2015,2015-16,0.5392749244712991,0.0,0.540090771558245,662,1,661
201578,2015,2015-16,0.43201754385964913,0.3870967741935484,0.43908629441624364,456,62,394
201579,2015,2015-16,0.44282238442822386,0.0,0.4449877750611247,411,2,409
201580,2015,2015-16,0.5746268656716418,0.0,0.5789473684210527,134,1,133
201581,2015,2015-16,0.5161290322580645,0.0,0.5194805194805194,155,1,154
201582,2015,2015-16,0.47619047619047616,0.0,0.47770700636942676,315,1,314
201583,2015,2015-16,0.42734122712594186,0.3659217877094972,0.4658493870402802,929,358,571
201584,2015,2015-16,0.4538341158059468,0.3778801843317972,0.4928909952606635,639,217,422
201585,2015,2015-16,0.5315315315315315,0.0,0.5315315315315315,444,0,444
201586,2015,2015-16,0.47871116225546606,0.32608695652173914,0.5197080291970803,869,184,685
201587,2015,2015-16,0.4261168384879725,0.3483709273182957,0.49156118143459915,873,399,474
201588,2015,2015-16,0.44113667117726657,0.40764331210191085,0.46588235294117647,739,314,425
201589,2015,2015-16,0.45194274028629855,0.38461538461538464,0.4731182795698925,489,117,372
201593,2015,2015-16,0.38,0.0,0.38,50,0,50
201596,2015,2015-16,0.4099099099099099,0.3087248322147651,0.4610169491525424,444,149,295
201599,2015,2015-16,0.702755905511811,0.0,0.7041420118343196,508,1,507
201600,2015,2015-16,0.5333333333333333,0.0,0.5333333333333333,195,0,195
201601,2015,2015-16,0.45410628019323673,0.325,0.48502994011976047,207,40,167
201603,2015,2015-16,0.38181818181818183,0.36585365853658536,0.391304347826087,110,41,69
201609,2015,2015-16,0.4765714285714286,0.3121951219512195,0.5268656716417911,875,205,670
201619,2015,2015-16,0.5294117647058824,0.0,0.5294117647058824,17,0,17
201627,2015,2015-16,0.4084084084084084,0.3872549019607843,0.4418604651162791,333,204,129
201933,2015,2015-16,0.49917081260364843,0.3333333333333333,0.5042735042735043,603,18,585
201935,2015,2015-16,0.4390847247990105,0.3592085235920852,0.49375,1617,657,960
201936,2015,2015-16,0.43312101910828027,0.38823529411764707,0.4497816593886463,314,85,229
201937,2015,2015-16,0.37372013651877134,0.3263157894736842,0.39646464646464646,586,190,396
201939,2015,2015-16,0.5037546933667084,0.45372460496614,0.5660112359550562,1598,886,712
201941,2015,2015-16,0.5063752276867031,0.0,0.5072992700729927,549,1,548
201942,2015,2015-16,0.4458968772694263,0.3381294964028777,0.4579967689822294,1377,139,1238
201943,2015,2015-16,0.3684210526315789,0.32903225806451614,0.40939597315436244,304,155,149
201945,2015,2015-16,0.43856332703213613,0.35294117647058826,0.4681933842239186,529,136,393
201946,2015,2015-16,0.4507042253521127,0.6666666666666666,0.4411764705882353,71,3,68
201949,2015,2015-16,0.475,0.30303030303030304,0.5402298850574713,240,66,174
201950,2015,2015-16,0.4385026737967914,0.3359073359073359,0.47781065088757396,935,259,676
201951,2015,2015-16,0.3926553672316384,0.3333333333333333,0.4186991869918699,354,108,246
201952,2015,2015-16,0.4392712550607287,0.40145985401459855,0.453781512605042,988,274,714
201954,2015,2015-16,0.48582474226804123,0.4009216589861751,0.518783542039356,776,217,559
201956,2015,2015-16,0.4807073954983923,0.40875912408759124,0.5373563218390804,622,274,348
201959,2015,2015-16,0.526,0.0,0.5291750503018109,500,3,497
201960,2015,2015-16,0.3888888888888889,0.3898305084745763,0.3881578947368421,270,118,152
201961,2015,2015-16,0.38859180035650626,0.3582089552238806,0.41638225255972694,561,268,293
201962,2015,2015-16,0.41123595505617977,0.39901477832512317,0.4214876033057851,445,203,242
201965,2015,2015-16,0.5217391304347826,0.0,0.5454545454545454,23,1,22
201967,2015,2015-16,0.45145631067961167,0.3160919540229885,0.5504201680672269,412,174,238
201971,2015,2015-16,0.4117647058823529,0.0,0.417910447761194,68,1,67
201973,2015,2015-16,0.4125874125874126,0.39814814814814814,0.42134831460674155,286,108,178
201975,2015,2015-16,0.35,0.4444444444444444,0.2727272727272727,20,9,11
201976,2015,2015-16,0.43434343434343436,0.4,0.47183098591549294,594,310,284
201977,2015,2015-16,0.3985239852398524,0.337037037037037,0.45955882352941174,542,270,272
201978,2015,2015-16,0.4351464435146444,0.27906976744186046,0.5228758169934641,239,86,153
201980,2015,2015-16,0.3761140819964349,0.332378223495702,0.4481132075471698,561,349,212
201988,2015,2015-16,0.42483660130718953,0.384375,0.4691780821917808,612,320,292
202066,2015,2015-16,0.39801980198019804,0.3449612403100775,0.4534412955465587,505,258,247
202083,2015,2015-16,0.3875878220140515,0.36,0.4316109422492401,854,525,329
202087,2015,2015-16,0.5176470588235295,0.2833333333333333,0.5897435897435898,255,60,195
202322,2015,2015-16,0.4240177909562639,0.35060975609756095,0.4476003917727718,1349,328,1021
202323,2015,2015-16,0.4555112881806109,0.24096385542168675,0.48208955223880595,753,83,670
202324,2015,2015-16,0.5154130702836005,0.0,0.5179677819083024,811,4,807
202325,2015,2015-16,0.40388349514563104,0.3333333333333333,0.5097087378640777,515,309,206
202326,2015,2015-16,0.4512012012012012,0.3333333333333333,0.4732620320855615,1332,210,1122
202328,2015,2015-16,0.5217853347502657,0.0,0.5223404255319148,941,1,940
202329,2015,2015-16,0.41585535465924894,0.36103151862464183,0.46756756756756757,719,349,370
202330,2015,2015-16,0.4334442595673877,0.348780487804878,0.4772727272727273,1202,410,792
202331,2015,2015-16,0.41752933057280883,0.3710247349823322,0.44733861834654587,1449,566,883
202332,2015,2015-16,0.5955555555555555,0.0,0.5955555555555555,225,0,225
202334,2015,2015-16,0.6112759643916914,0.0,0.6112759643916914,337,0,337
202335,2015,2015-16,0.41379310344827586,0.36177474402730375,0.49,493,293,200
202337,2015,2015-16,0.42214532871972316,0.4036697247706422,0.43333333333333335,289,109,180
202338,2015,2015-16,0.4097560975609756,0.0,0.41379310344827586,205,2,203
202339,2015,2015-16,0.4532520325203252,0.37209302325581395,0.4820936639118457,492,129,363
202340,2015,2015-16,0.4474975466143278,0.36117936117936117,0.5049019607843137,1019,407,612
202341,2015,2015-16,0.37640449438202245,0.26744186046511625,0.4782608695652174,178,86,92
202343,2015,2015-16,0.2,0.25,0.16666666666666666,10,4,6
202344,2015,2015-16,0.4896907216494845,0.2926829268292683,0.5129682997118156,388,41,347
202349,2015,2015-16,0.32608695652173914,0.2465753424657534,0.4153846153846154,138,73,65
202353,2015,2015-16,0.44,0.0,0.4782608695652174,25,2,23
202355,2015,2015-16,0.6055718475073314,0.0,0.6055718475073314,682,0,682
202357,2015,2015-16,0.46808510638297873,0.384,0.5636363636363636,235,125,110
202362,2015,2015-16,0.4810126582278481,0.38461538461538464,0.5,474,78,396
202379,2015,2015-16,0.5416666666666666,0.25,0.6875,48,16,32
202388,2015,2015-16,0.44,0.3838383838383838,0.46215139442231074,350,99,251
202389,2015,2015-16,0.5654596100278552,0.14285714285714285,0.5738636363636364,359,7,352
202390,2015,2015-16,0.4646153846153846,0.41,0.4888888888888889,325,100,225
202391,2015,2015-16,0.41208791208791207,0.336283185840708,0.44621513944223107,728,226,502
202397,2015,2015-16,0.4105480868665977,0.32941176470588235,0.42785445420326224,967,170,797
202407,2015,2015-16,0.28205128205128205,0.08333333333333333,0.37037037037037035,39,12,27
202498,2015,2015-16,0.4424083769633508,0.4036697247706422,0.45787545787545786,382,109,273
202681,2015,2015-16,0.4482366325369738,0.32061068702290074,0.5024311183144247,879,262,617
202682,2015,2015-16,0.4495575221238938,0.29333333333333333,0.5060240963855421,565,150,415
202683,2015,2015-16,0.5757997218358831,0.47619047619047616,0.5787965616045845,719,21,698
202684,2015,2015-16,0.5880952380952381,0.0,0.5880952380952381,420,0,420
202685,2015,2015-16,0.5652985074626866,0.0,0.5652985074626866,536,0,536
202687,2015,2015-16,0.5416666666666666,0.0,0.5435540069686411,288,1,287
202688,2015,2015-16,0.4145251396648045,0.3418803418803419,0.46139705882352944,895,351,544
202689,2015,2015-16,0.42674680691209615,0.37142857142857144,0.4589774078478002,1331,490,841
202690,2015,2015-16,0.4,0.5,0.3333333333333333,5,2,3
202691,2015,2015-16,0.4696969696969697,0.4246153846153846,0.5095108695652174,1386,650,736
202692,2015,2015-16,0.4101796407185629,0.4050632911392405,0.4117647058823529,334,79,255
202693,2015,2015-16,0.42479108635097496,0.3032258064516129,0.458259325044405,718,155,563
202694,2015,2015-16,0.43386243386243384,0.3624161073825503,0.4667697063369397,945,298,647
202695,2015,2015-16,0.5055045871559632,0.44329896907216493,0.5281602002503129,1090,291,799
202696,2015,2015-16,0.5095602294455067,0.2222222222222222,0.5120540019286403,1046,9,1037
202697,2015,2015-16,0.3737704918032787,0.2945205479452055,0.44654088050314467,305,146,159
202699,2015,2015-16,0.46906636670416196,0.33472803347280333,0.5184615384615384,889,239,650
202700,2015,2015-16,0.43902439024390244,0.2807017543859649,0.5,205,57,148
202702,2015,2015-16,0.5575079872204473,0.5,0.5576923076923077,626,2,624
202703,2015,2015-16,0.4072249589490969,0.3901734104046243,0.4296577946768061,609,346,263
202704,2015,2015-16,0.4340836012861736,0.3532934131736527,0.46373626373626375,1244,334,910
202706,2015,2015-16,0.4224137931034483,0.28888888888888886,0.5070422535211268,116,45,71
202708,2015,2015-16,0.4049586776859504,0.3235294117647059,0.42670157068062825,484,102,382
202709,2015,2015-16,0.4393162393162393,0.2727272727272727,0.47789473684210526,585,110,475
202710,2015,2015-16,0.45410628019323673,0.3121951219512195,0.4891566265060241,1035,205,830
202711,2015,2015-16,0.4325767690253672,0.3816568047337278,0.4744525547445255,749,338,411
202712,2015,2015-16,0.4,0.4444444444444444,0.0,10,9,1
202713,2015,2015-16,0.3891402714932127,0.30927835051546393,0.45161290322580644,221,97,124
202714,2015,2015-16,0.43855421686746987,0.312,0.49310344827586206,415,125,290
202718,2015,2015-16,0.4915514592933948,0.41434262948207173,0.54,651,251,400
202720,2015,2015-16,0.48068669527896996,0.38181818181818183,0.5112359550561798,466,110,356
202726,2015,2015-16,0.45,0.1111111111111111,0.7272727272727273,20,9,11
202730,2015,2015-16,0.5162162162162162,0.0,0.5162162162162162,370,0,370
202734,2015,2015-16,0.480719794344473,0.4519230769230769,0.49122807017543857,389,104,285
202738,2015,2015-16,0.4276410998552822,0.35913978494623655,0.4623773173391494,1382,465,917
202962,2015,2015-16,0.5625,0.0,0.5625,32,0,32
203076,2015,2015-16,0.49295774647887325,0.32407407407407407,0.5107003891050583,1136,108,1028
203077,2015,2015-16,0.5409836065573771,0.42857142857142855,0.5555555555555556,61,7,54
203078,2015,2015-16,0.4493116395494368,0.3874538745387454,0.4810606060606061,799,271,528
203079,2015,2015-16,0.39943342776203966,0.35833333333333334,0.4206008583690987,706,240,466
203080,2015,2015-16,0.44673539518900346,0.0,0.4482758620689655,291,1,290
203081,2015,2015-16,0.41926729986431477,0.37540983606557377,0.45023148148148145,1474,610,864
203082,2015,2015-16,0.43130990415335463,0.3864306784660767,0.4843205574912892,626,339,287
203083,2015,2015-16,0.5207547169811321,0.3333333333333333,0.5218216318785579,1060,6,1054
203084,2015,2015-16,0.4660347551342812,0.38317757009345793,0.5083532219570406,633,214,419
203085,2015,2015-16,0.437984496124031,0.33513513513513515,0.4954682779456193,516,185,331
203086,2015,2015-16,0.4482758620689655,0.37719298245614036,0.5265700483091788,435,228,207
203087,2015,2015-16,0.45098039215686275,0.30939226519337015,0.5288753799392097,510,181,329
203088,2015,2015-16,0.3644067796610169,0.32653061224489793,0.391304347826087,118,49,69
203089,2015,2015-16,0.563573883161512,0.0,0.5655172413793104,291,1,290
203090,2015,2015-16,0.4744525547445255,0.2785714285714286,0.5756457564575646,411,140,271
203092,2015,2015-16,0.47586206896551725,0.0,0.47586206896551725,290,0,290
203093,2015,2015-16,0.45231607629427795,0.31645569620253167,0.4895833333333333,367,79,288
203094,2015,2015-16,0.47096774193548385,0.35964912280701755,0.5357142857142857,310,114,196
203095,2015,2015-16,0.46178686759956944,0.4,0.5064935064935064,929,390,539
203096,2015,2015-16,0.43548387096774194,0.2815533980582524,0.45803698435277385,806,103,703
203098,2015,2015-16,0.44375,0.3137254901960784,0.5045871559633027,160,51,109
203099,2015,2015-16,0.34285714285714286,0.3076923076923077,0.36363636363636365,105,39,66
203100,2015,2015-16,0.3384615384615385,0.17647058823529413,0.3958333333333333,65,17,48
203101,2015,2015-16,0.6008583690987125,0.0,0.6008583690987125,233,0,233
203105,2015,2015-16,0.5482456140350878,0.0,0.5482456140350878,228,0,228
203109,2015,2015-16,0.44280442804428044,0.33608815426997246,0.5288888888888889,813,363,450
203110,2015,2015-16,0.4896214896214896,0.3875968992248062,0.5365418894830659,819,258,561
203111,2015,2015-16,0.2647058823529412,0.2,0.2916666666666667,34,10,24
203112,2015,2015-16,0.5560747663551402,0.3877551020408163,0.6060606060606061,214,49,165
203114,2015,2015-16,0.44395796847635727,0.3961218836565097,0.4660691421254802,1142,361,781
203115,2015,2015-16,0.4323499491353001,0.3446153846153846,0.4756838905775076,983,325,658
203118,2015,2015-16,0.46808510638297873,0.3924050632911392,0.5229357798165137,376,158,218
203123,2015,2015-16,0.36363636363636365,0.3125,0.4117647058823529,66,32,34
203124,2015,2015-16,0.47601476014760147,0.22727272727272727,0.4979919678714859,271,22,249
203135,2015,2015-16,0.41333333333333333,0.0,0.41333333333333333,75,0,75
203138,2015,2015-16,0.39705882352941174,0.38010204081632654,0.4201388888888889,680,392,288
203141,2015,2015-16,0.4272844272844273,0.3934782608695652,0.47634069400630913,777,460,317
203142,2015,2015-16,0.3333333333333333,0.2777777777777778,0.4666666666666667,51,36,15
203143,2015,2015-16,0.3741496598639456,0.29473684210526313,0.5192307692307693,147,95,52
203145,2015,2015-16,0.4413793103448276,0.35737704918032787,0.5023809523809524,725,305,420
203148,2015,2015-16,0.4484848484848485,0.35714285714285715,0.4796747967479675,165,42,123
203156,2015,2015-16,0.42857142857142855,0.0,0.42857142857142855,77,0,77
203186,2015,2015-16,0.5714285714285714,0.0,0.5714285714285714,133,0,133
203187,2015,2015-16,0.3711340206185567,0.2727272727272727,0.47368421052631576,194,99,95
203200,2015,2015-16,0.38596491228070173,0.34285714285714286,0.42276422764227645,228,105,123
203210,2015,2015-16,0.46464646464646464,0.3333333333333333,0.4777777777777778,495,45,450
203268,2015,2015-16,0.5454545454545454,0.0,0.6666666666666666,11,2,9
203382,2015,2015-16,0.5052083333333334,0.0,0.5078534031413613,384,2,382
203457,2015,2015-16,0.5212947189097104,0.5,0.5213675213675214,587,2,585
203458,2015,2015-16,0.4230769230769231,0.14285714285714285,0.42625607779578606,624,7,617
203459,2015,2015-16,0.45870206489675514,0.3929824561403509,0.5063613231552163,678,285,393
203460,2015,2015-16,0.49635036496350365,0.3106796116504854,0.6081871345029239,274,103,171
203461,2015,2015-16,0.2962962962962963,0.21428571428571427,0.38461538461538464,27,14,13
203462,2015,2015-16,0.41706161137440756,0.23232323232323232,0.47368421052631576,422,99,323
203463,2015,2015-16,0.42857142857142855,0.3621621621621622,0.4740740740740741,455,185,270
203468,2015,2015-16,0.4479385045422781,0.4173728813559322,0.4629822732012513,1431,472,959
203469,2015,2015-16,0.528604118993135,0.1,0.5386416861826698,437,10,427
203471,2015,2015-16,0.4212548015364917,0.32217573221757323,0.46494464944649444,781,239,542
203473,2015,2015-16,0.559322033898305,0.0,0.559322033898305,177,0,177
203475,2015,2015-16,0.38461538461538464,0.2,0.5,13,5,8
203476,2015,2015-16,0.531951640759931,0.3,0.5402504472271914,579,20,559
203477,2015,2015-16,0.3601108033240997,0.3628865979381443,0.35443037974683544,722,485,237
203481,2015,2015-16,0.5370370370370371,0.0,0.54375,162,2,160
203482,2015,2015-16,0.4550359712230216,0.40476190476190477,0.48554913294797686,556,210,346
203484,2015,2015-16,0.4197916666666667,0.3089430894308943,0.4890016920473773,960,369,591
203485,2015,2015-16,0.32,0.125,0.4117647058823529,25,8,17
203486,2015,2015-16,0.5164410058027079,0.0,0.52046783625731,517,4,513
203487,2015,2015-16,0.45225225225225224,0.2727272727272727,0.472,555,55,500
203488,2015,2015-16,0.5,0.3076923076923077,0.5663716814159292,152,39,113
203490,2015,2015-16,0.47280334728033474,0.36704119850187267,0.5355555555555556,717,267,450
203492,2015,2015-16,0.3767123287671233,0.35714285714285715,0.38461538461538464,146,42,104
203493,2015,2015-16,0.4387755102040816,0.41509433962264153,0.4666666666666667,98,53,45
203496,2015,2015-16,0.3848314606741573,0.35269709543568467,0.45217391304347826,712,482,230
203497,2015,2015-16,0.559322033898305,0.0,0.559322033898305,354,0,354
203498,2015,2015-16,0.4654919236417034,0.2894736842105263,0.5160680529300568,681,152,529
203499,2015,2015-16,0.44223107569721115,0.3611111111111111,0.46446700507614214,502,108,394
203500,2015,2015-16,0.6126760563380281,0.0,0.6126760563380281,426,0,426
203501,2015,2015-16,0.43018867924528303,0.3356643356643357,0.5409836065573771,265,143,122
203503,2015,2015-16,0.37168141592920356,0.36129032258064514,0.3804347826086957,339,155,184
203504,2015,2015-16,0.41324921135646686,0.34375,0.4603174603174603,634,256,378
203506,2015,2015-16,0.4381443298969072,0.3475177304964539,0.4752906976744186,970,282,688
203507,2015,2015-16,0.506416584402764,0.25688073394495414,0.536504424778761,1013,109,904
203508,2015,2015-16,0.40540540540540543,0.2972972972972973,0.5135135135135135,74,37,37
203512,2015,2015-16,0.6363636363636364,0.3333333333333333,0.6585365853658537,44,3,41
203515,2015,2015-16,0.38461538461538464,0.2222222222222222,0.43333333333333335,78,18,60
203516,2015,2015-16,0.4778761061946903,0.4482758620689655,0.509090909090909,113,58,55
203521,2015,2015-16,0.4050880626223092,0.4100418410041841,0.4007352941176471,511,239,272
203524,2015,2015-16,0.44711538461538464,0.32432432432432434,0.5149253731343284,208,74,134
203526,2015,2015-16,0.430622009569378,0.3950617283950617,0.453125,418,162,256
203527,2015,2015-16,0.3691275167785235,0.13513513513513514,0.44642857142857145,149,37,112
203530,2015,2015-16,0.5131578947368421,0.24528301886792453,0.5565749235474006,380,53,327
203546,2015,2015-16,0.4405940594059406,0.35714285714285715,0.5,202,84,118
203552,2015,2015-16,0.45535714285714285,0.45045045045045046,0.46017699115044247,224,111,113
203584,2015,2015-16,0.47593582887700536,0.48360655737704916,0.46153846153846156,187,122,65
203613,2015,2015-16,0.5041322314049587,0.3829787234042553,0.5333333333333333,242,47,195
203648,2015,2015-16,0.75,0.0,1.0,4,1,3
203798,2015,2015-16,0.3553921568627451,0.29045643153526973,0.4491017964071856,408,241,167
203893,2015,2015-16,0.3181818181818182,0.2,0.35294117647058826,22,5,17
203894,2015,2015-16,0.3383084577114428,0.3269230769230769,0.35051546391752575,201,104,97
203895,2015,2015-16,0.4358974358974359,0.45454545454545453,0.42857142857142855,78,22,56
203897,2015,2015-16,0.45151199165797706,0.38924050632911394,0.4821150855365474,959,316,643
203898,2015,2015-16,0.44919786096256686,0.3333333333333333,0.4797297297297297,187,39,148
203900,2015,2015-16,0.3944099378881988,0.3140495867768595,0.4427860696517413,322,121,201
203901,2015,2015-16,0.43561643835616437,0.32608695652173914,0.45141065830721006,730,92,638
203903,2015,2015-16,0.4326047358834244,0.346875,0.46786632390745503,1098,320,778
203906,2015,2015-16,0.29577464788732394,0.25,0.3333333333333333,71,32,39
203909,2015,2015-16,0.4027777777777778,0.28,0.46808510638297873,72,25,47
203912,2015,2015-16,0.3939393939393939,0.391304347826087,0.3953488372093023,66,23,43
203914,2015,2015-16,0.469281045751634,0.35353535353535354,0.5427350427350427,765,297,468
203915,2015,2015-16,0.35185185185185186,0.1,0.4090909090909091,54,10,44
203917,2015,2015-16,0.3853211009174312,0.3261538461538461,0.4727272727272727,545,325,220
203918,2015,2015-16,0.41975308641975306,0.3585746102449889,0.4722753346080306,972,449,523
203919,2015,2015-16,0.3333333333333333,0.0,0.4,6,1,5
203921,2015,2015-16,0.3,0.26666666666666666,0.32,40,15,25
203922,2015,2015-16,0.4304635761589404,0.3783783783783784,0.4473684210526316,151,37,114
203923,2015,2015-16,0.3055555555555556,0.23076923076923078,0.5,36,26,10
203924,2015,2015-16,0.41903171953255425,0.23972602739726026,0.4768211920529801,599,146,453
203925,2015,2015-16,0.25,0.25,0.0,4,4,0
203926,2015,2015-16,0.4518633540372671,0.4247104247104247,0.4701298701298701,644,259,385
203928,2015,2015-16,0.4090909090909091,0.0,0.42857142857142855,22,1,21
203930,2015,2015-16,0.45555555555555555,0.34210526315789475,0.5384615384615384,270,114,156
203932,2015,2015-16,0.47322970639032813,0.29577464788732394,0.5308924485125858,579,142,437
203933,2015,2015-16,0.5011337868480725,0.4,0.5202156334231806,441,70,371
203934,2015,2015-16,0.35,0.24489795918367346,0.5161290322580645,80,49,31
203935,2015,2015-16,0.34782608695652173,0.25311203319502074,0.4270833333333333,529,241,288
203937,2015,2015-16,0.46779661016949153,0.32432432432432434,0.4883720930232558,295,37,258
203939,2015,2015-16,0.49324324324324326,0.125,0.5142857142857142,296,16,280
203940,2015,2015-16,0.36551724137931035,0.28125,0.3893805309734513,145,32,113
203943,2015,2015-16,0.420863309352518,0.2391304347826087,0.45689655172413796,278,46,232
203944,2015,2015-16,0.4287425149700599,0.2777777777777778,0.4355444305381727,835,36,799
203946,2015,2015-16,0.325,0.2,0.34285714285714286,40,5,35
203948,2015,2015-16,0.41148325358851673,1.0,0.40865384615384615,209,1,208
203949,2015,2015-16,0.5357142857142857,0.5,0.5365853658536586,84,2,82
203950,2015,2015-16,0.6,0.0,0.6,5,0,5
203951,2015,2015-16,0.25,0.0,0.4,8,3,5
203952,2015,2015-16,0.45904173106646057,0.3,0.48641304347826086,1294,190,1104
203953,2015,2015-16,0.492769744160178,0.2571428571428571,0.5023148148148148,899,35,864
203955,2015,2015-16,0.4,0.0,0.5714285714285714,10,3,7
203956,2015,2015-16,0.4782608695652174,0.0,0.5789473684210527,23,4,19
203960,2015,2015-16,0.4416403785488959,0.2222222222222222,0.49606299212598426,317,63,254
203961,2015,2015-16,0.5,0.0,0.5,6,0,6
203962,2015,2015-16,0.4166666666666667,0.6666666666666666,0.16666666666666666,12,6,6
203963,2015,2015-16,0.45454545454545453,0.0,0.5555555555555556,11,2,9
203991,2015,2015-16,0.5818639798488665,0.0,0.5833333333333334,397,1,396
203994,2015,2015-16,0.41735537190082644,0.0,0.4225941422594142,242,3,239
203996,2015,2015-16,0.35135135135135137,0.23076923076923078,0.4166666666666667,37,13,24
203998,2015,2015-16,0.08333333333333333,0.14285714285714285,0.0,12,7,5
203999,2015,2015-16,0.5116666666666667,0.3333333333333333,0.5406976744186046,600,84,516
204001,2015,2015-16,0.42099322799097066,0.3333333333333333,0.45412130637636083,886,243,643
204002,2015,2015-16,0.5789473684210527,0.0,0.5789473684210527,19,0,19
204014,2015,2015-16,0.4032258064516129,0.34,0.6666666666666666,62,50,12
204020,2015,2015-16,0.48559670781893005,0.38028169014084506,0.5290697674418605,243,71,172
204025,2015,2015-16,0.4192139737991266,0.3333333333333333,0.4419889502762431,229,48,181
204028,2015,2015-16,0.5480769230769231,0.0,0.5480769230769231,104,0,104
204038,2015,2015-16,0.39285714285714285,0.34375,0.4230769230769231,588,224,364
204060,2015,2015-16,0.4261168384879725,0.38571428571428573,0.5308641975308642,291,210,81
204067,2015,2015-16,0.3076923076923077,0.3191489361702128,0.2777777777777778,65,47,18
204098,2015,2015-16,0.4155844155844156,0.391304347826087,0.42592592592592593,77,23,54
204456,2015,2015-16,0.4698275862068966,0.34831460674157305,0.49866666666666665,464,89,375
1626143,2015,2015-16,0.5083226632522407,0.16666666666666666,0.5109677419354839,781,6,775
1626144,2015,2015-16,0.36353591160220994,0.31896551724137934,0.3789004457652303,905,232,673
1626145,2015,2015-16,0.358974358974359,0.3018867924528302,0.3883495145631068,156,53,103
1626146,2015,2015-16,0.5,0.0,0.5,10,0,10
1626147,2015,2015-16,0.4057142857142857,0.26506024096385544,0.532608695652174,175,83,92
1626148,2015,2015-16,0.30952380952380953,0.2857142857142857,0.3392857142857143,126,70,56
1626149,2015,2015-16,0.6444444444444445,0.0,0.651685393258427,90,1,89
1626151,2015,2015-16,0.2631578947368421,0.3,0.2222222222222222,19,10,9
1626153,2015,2015-16,0.45,0.38461538461538464,0.4626865671641791,80,13,67
1626154,2015,2015-16,0.3673469387755102,0.30158730158730157,0.4857142857142857,98,63,35
1626156,2015,2015-16,0.4100418410041841,0.35135135135135137,0.447098976109215,956,370,586
1626157,2015,2015-16,0.5420641803989592,0.3409090909090909,0.5586854460093896,1153,88,1065
1626158,2015,2015-16,0.5135135135135135,0.18181818181818182,0.5955056179775281,222,44,178
1626159,2015,2015-16,0.42207792207792205,0.27586206896551724,0.47109826589595377,462,116,346
1626161,2015,2015-16,0.5634218289085545,0.0,0.5667655786350149,339,2,337
1626162,2015,2015-16,0.4265402843601896,0.31645569620253167,0.49242424242424243,211,79,132
1626163,2015,2015-16,0.4095238095238095,0.33663366336633666,0.4551083591331269,525,202,323
1626164,2015,2015-16,0.4232987312572088,0.34256055363321797,0.46366782006920415,867,289,578
1626166,2015,2015-16,0.41007194244604317,0.32432432432432434,0.46706586826347307,278,111,167
1626167,2015,2015-16,0.4981132075471698,0.21428571428571427,0.5058139534883721,530,14,516
1626168,2015,2015-16,0.4380733944954128,0.3828125,0.461038961038961,436,128,308
1626169,2015,2015-16,0.375,0.3073170731707317,0.41012658227848103,600,205,395
1626170,2015,2015-16,0.3938618925831202,0.22,0.4536082474226804,391,100,291
1626171,2015,2015-16,0.42660550458715596,0.3076923076923077,0.4427083333333333,436,52,384
1626172,2015,2015-16,0.5714285714285714,0.5,0.6,7,2,5
1626173,2015,2015-16,0.30451127819548873,0.2925170068027211,0.31932773109243695,266,147,119
1626174,2015,2015-16,0.41509433962264153,0.36363636363636365,0.42857142857142855,53,11,42
1626175,2015,2015-16,0.36363636363636365,0.0,0.36363636363636365,22,0,22
1626176,2015,2015-16,1.0,0.0,1.0,2,0,2
1626178,2015,2015-16,0.45652173913043476,0.2857142857142857,0.47580645161290325,138,14,124
1626179,2015,2015-16,0.27358490566037735,0.2222222222222222,0.2911392405063291,106,27,79
1626181,2015,2015-16,0.42358078602620086,0.4044943820224719,0.4357142857142857,229,89,140
1626183,2015,2015-16,0.4,0.0,0.4,5,0,5
1626185,2015,2015-16,0.46551724137931033,0.0,0.47368421052631576,116,2,114
1626191,2015,2015-16,0.4036697247706422,0.38235294117647056,0.41333333333333333,109,34,75
1626192,2015,2015-16,0.2653061224489796,0.23809523809523808,0.2857142857142857,49,21,28
1626196,2015,2015-16,0.4522058823529412,0.4608695652173913,0.445859872611465,272,115,157
1626199,2015,2015-16,0.3969465648854962,0.38,0.4074074074074074,131,50,81
1626202,2015,2015-16,0.3668639053254438,0.21739130434782608,0.42276422764227645,169,46,123
1626204,2015,2015-16,0.5266666666666666,0.1,0.5413793103448276,300,10,290
1626209,2015,2015-16,0.43301435406698563,0.3489583333333333,0.504424778761062,418,192,226
1626210,2015,2015-16,0.4166666666666667,0.0,0.4166666666666667,24,0,24
1626214,2015,2015-16,0.4057971014492754,0.375,0.43243243243243246,69,32,37
1626242,2015,2015-16,0.2631578947368421,0.1111111111111111,0.4,19,9,10
1626245,2015,2015-16,0.5555555555555556,0.0,0.5882352941176471,72,4,68
1626246,2015,2015-16,0.603448275862069,0.0,0.603448275862069,174,0,174
1626251,2015,2015-16,0.2,0.4,0.0,10,5,5
1626253,2015,2015-16,0.35714285714285715,0.325,0.4,70,40,30
1626257,2015,2015-16,0.6282051282051282,0.0,0.6363636363636364,78,1,77
1626262,2015,2015-16,0.5,1.0,0.0,4,2,2
1626266,2015,2015-16,0.0,0.0,0.0,1,0,1
1626273,2015,2015-16,0.4217391304347826,0.26229508196721313,0.47928994082840237,230,61,169
1627293,2015,2015-16,0.3333333333333333,0.0,0.3333333333333333,27,0,27
1627362,2015,2015-16,0.358974358974359,0.0,0.4117647058823529,39,5,34
1713,2016,2016-17,0.39387755102040817,0.3783783783783784,0.4175257731958763,490,296,194
1717,2016,2016-17,0.4365781710914454,0.37799043062200954,0.4626865671641791,678,209,469
1718,2016,2016-17,0.4,0.3488372093023256,0.48148148148148145,70,43,27
1891,2016,2016-17,0.43209876543209874,0.4269005847953216,0.4444444444444444,243,171,72
1897,2016,2016-17,0.27941176470588236,0.23684210526315788,0.3333333333333333,68,38,30
1938,2016,2016-17,0.3895216400911162,0.3920704845814978,0.3867924528301887,439,227,212
2034,2016,2016-17,0.391304347826087,0.4,0.3333333333333333,23,20,3
2037,2016,2016-17,0.4126436781609195,0.36024844720496896,0.44343065693430656,870,322,548
2199,2016,2016-17,0.6710526315789473,0.0,0.6710526315789473,228,0,228
2200,2016,2016-17,0.5016556291390728,0.5384615384615384,0.494,604,104,500
2207,2016,2016-17,0.43610223642172524,0.4108527131782946,0.453804347826087,626,258,368
2210,2016,2016-17,0.446064139941691,0.3333333333333333,0.5796178343949044,343,186,157
2216,2016,2016-17,0.4491701244813278,0.22340425531914893,0.4735632183908046,964,94,870
2225,2016,2016-17,0.46572934973637964,0.3333333333333333,0.484,569,69,500
2365,2016,2016-17,0.4090909090909091,0.0,0.47368421052631576,22,3,19
2399,2016,2016-17,0.42272727272727273,0.39552238805970147,0.46511627906976744,220,134,86
2403,2016,2016-17,0.6171284634760705,0.3333333333333333,0.6237113402061856,397,9,388
2440,2016,2016-17,0.39112050739957716,0.33079847908745247,0.4666666666666667,473,263,210
2449,2016,2016-17,0.47019867549668876,0.34,0.5346534653465347,151,50,101
2544,2016,2016-17,0.5476190476190477,0.36257309941520466,0.6107784431137725,1344,342,1002
2546,2016,2016-17,0.4334053275737941,0.3586698337292161,0.4659090909090909,1389,421,968
2548,2016,2016-17,0.43350785340314135,0.3103448275862069,0.45555555555555555,955,145,810
2555,2016,2016-17,0.6086956521739131,0.0,0.6363636363636364,23,1,22
2561,2016,2016-17,0.5357142857142857,0.375,0.5409836065573771,252,8,244
2563,2016,2016-17,0.375,0.0,0.5,8,2,6
2564,2016,2016-17,0.44648318042813456,0.24691358024691357,0.5121951219512195,327,81,246
2571,2016,2016-17,0.4387755102040816,0.35714285714285715,0.46598639455782315,392,98,294
2585,2016,2016-17,0.5342019543973942,0.0,0.5377049180327869,307,2,305
2592,2016,2016-17,0.4782608695652174,0.4696969696969697,0.5,92,66,26
2594,2016,2016-17,0.4640776699029126,0.45125348189415043,0.4935897435897436,515,359,156
2617,2016,2016-17,0.4782608695652174,0.0,0.55,23,3,20
2730,2016,2016-17,0.632952691680261,0.0,0.6350245499181669,613,2,611
2733,2016,2016-17,0.5474683544303798,0.3333333333333333,0.549520766773163,316,3,313
2734,2016,2016-17,0.39882697947214074,0.327683615819209,0.47560975609756095,341,177,164
2736,2016,2016-17,0.3867924528301887,0.3090909090909091,0.4362934362934363,424,165,259
2738,2016,2016-17,0.5277108433734939,0.3615819209039548,0.6512605042016807,415,177,238
2743,2016,2016-17,0.40654205607476634,0.35185185185185186,0.425,214,54,160
2744,2016,2016-17,0.4989384288747346,0.0,0.5,471,1,470
2747,2016,2016-17,0.3455056179775281,0.3505535055350554,0.32941176470588235,356,271,85
2749,2016,2016-17,0.44370860927152317,0.3882783882783883,0.48942598187311176,604,273,331
2754,2016,2016-17,0.46050420168067224,0.2777777777777778,0.4787430683918669,595,54,541
2756,2016,2016-17,0.3088235294117647,0.3108108108108108,0.3064516129032258,136,74,62
2757,2016,2016-17,0.467005076142132,0.34375,0.4909090909090909,197,32,165
2760,2016,2016-17,0.35714285714285715,0.0,0.35714285714285715,14,0,14
2772,2016,2016-17,0.40852130325814534,0.3441441441441441,0.5555555555555556,798,555,243
101106,2016,2016-17,0.4691358024691358,0.0,0.475,81,1,80
101107,2016,2016-17,0.421875,0.3502824858757062,0.4942857142857143,704,354,350
101108,2016,2016-17,0.4764331210191083,0.4105960264900662,0.5175983436853002,785,302,483
101109,2016,2016-17,0.42996108949416345,0.3194444444444444,0.47297297297297297,514,144,370
101112,2016,2016-17,0.4576923076923077,0.408955223880597,0.5459459459459459,520,335,185
101114,2016,2016-17,0.43833333333333335,0.36324786324786323,0.48633879781420764,600,234,366
101123,2016,2016-17,0.40948275862068967,0.35135135135135137,0.4628099173553719,232,111,121
101127,2016,2016-17,0.6666666666666666,0.0,1.0,3,1,2
101133,2016,2016-17,0.5855855855855856,0.0,0.5855855855855856,111,0,111
101135,2016,2016-17,0.5904761904761905,0.0,0.5904761904761905,420,0,420
101138,2016,2016-17,0.5752688172043011,0.3333333333333333,0.5792349726775956,186,3,183
101139,2016,2016-17,0.43431221020092736,0.4132029339853301,0.47058823529411764,647,409,238
101141,2016,2016-17,0.4314606741573034,0.35323383084577115,0.4959016393442623,890,402,488
101145,2016,2016-17,0.44344703770197486,0.31851851851851853,0.4834123222748815,557,135,422
101150,2016,2016-17,0.4288577154308617,0.3654708520179372,0.48007246376811596,998,446,552
101161,2016,2016-17,0.5756756756756757,0.4090909090909091,0.6118421052631579,370,66,304
101162,2016,2016-17,0.5786350148367952,0.0,0.5803571428571429,674,2,672
101179,2016,2016-17,0.16666666666666666,0.17647058823529413,0.14285714285714285,24,17,7
101181,2016,2016-17,0.41044776119402987,0.3125,0.5,134,64,70
101187,2016,2016-17,0.375,0.3181818181818182,0.4444444444444444,80,44,36
101249,2016,2016-17,0.25,0.0,0.3333333333333333,4,1,3
200746,2016,2016-17,0.47664442326024786,0.4107142857142857,0.48036253776435045,1049,56,993
200751,2016,2016-17,0.3630769230769231,0.33004926108374383,0.4180327868852459,325,203,122
200752,2016,2016-17,0.45475113122171945,0.37168141592920356,0.48328267477203646,442,113,329
200755,2016,2016-17,0.4449438202247191,0.42948717948717946,0.46208530805687204,890,468,422
200757,2016,2016-17,0.44050632911392407,0.3416666666666667,0.48363636363636364,395,120,275
200765,2016,2016-17,0.40819964349376114,0.37593984962406013,0.4182242990654206,561,133,428
200768,2016,2016-17,0.46405228758169936,0.41239316239316237,0.5177777777777778,918,468,450
200770,2016,2016-17,0.3333333333333333,0.4444444444444444,0.0,12,9,3
200771,2016,2016-17,0.3917910447761194,0.36507936507936506,0.4154929577464789,536,252,284
200779,2016,2016-17,0.2857142857142857,0.16666666666666666,1.0,7,6,1
200782,2016,2016-17,0.41286307053941906,0.35714285714285715,0.45104895104895104,482,196,286
200794,2016,2016-17,0.44238683127572015,0.3112033195020747,0.4856361149110807,972,241,731
200826,2016,2016-17,0.4139941690962099,0.3581081081081081,0.4564102564102564,343,148,195
201142,2016,2016-17,0.5370370370370371,0.375,0.6078431372549019,1026,312,714
201143,2016,2016-17,0.4731585518102372,0.35537190082644626,0.5241502683363148,801,242,559
201144,2016,2016-17,0.45986124876114964,0.4081145584725537,0.4966101694915254,1009,419,590
201145,2016,2016-17,0.3942652329749104,0.27461139896373055,0.4575342465753425,558,193,365
201147,2016,2016-17,0.4224137931034483,0.2288135593220339,0.5217391304347826,348,118,230
201148,2016,2016-17,0.6148148148148148,0.0,0.6194029850746269,135,1,134
201149,2016,2016-17,0.4900990099009901,0.0,0.4925373134328358,202,1,201
201150,2016,2016-17,0.48375451263537905,0.30864197530864196,0.5561224489795918,277,81,196
201152,2016,2016-17,0.5269286754002911,0.3813559322033898,0.5571177504393673,687,118,569
201155,2016,2016-17,0.3729508196721312,0.31666666666666665,0.391304347826087,244,60,184
201156,2016,2016-17,0.4296998420221169,0.40380047505938244,0.4811320754716981,633,421,212
201158,2016,2016-17,0.4292682926829268,0.36042402826855124,0.4879518072289157,615,283,332
201160,2016,2016-17,0.5288753799392097,0.47435897435897434,0.545816733067729,329,78,251
201162,2016,2016-17,0.45375722543352603,0.3793103448275862,0.5594405594405595,346,203,143
201163,2016,2016-17,0.46112886048988283,0.3374233128834356,0.5269168026101142,939,326,613
201166,2016,2016-17,0.4033333333333333,0.375,0.42441860465116277,300,128,172
201167,2016,2016-17,0.44047619047619047,0.4105960264900662,0.45724907063197023,420,151,269
201168,2016,2016-17,0.45161290322580644,0.3333333333333333,0.48,31,6,25
201177,2016,2016-17,0.3728813559322034,0.41935483870967744,0.3563218390804598,118,31,87
201188,2016,2016-17,0.4586206896551724,0.3880597014925373,0.4798206278026906,1160,268,892
201196,2016,2016-17,0.38022813688212925,0.3387096774193548,0.39303482587064675,263,62,201
201202,2016,2016-17,0.625,0.0,0.625,16,0,16
201228,2016,2016-17,0.3870967741935484,0.3047619047619048,0.44755244755244755,248,105,143
201229,2016,2016-17,0.4415954415954416,0.391304347826087,0.5371900826446281,351,230,121
201563,2016,2016-17,0.5320197044334976,0.4186046511627907,0.5454545454545454,406,43,363
201565,2016,2016-17,0.47082906857727735,0.21666666666666667,0.48745910577971646,977,60,917
201566,2016,2016-17,0.4245234415249871,0.34305317324185247,0.45949926362297494,1941,583,1358
201567,2016,2016-17,0.42675893886966554,0.37275064267352187,0.4707112970711297,867,389,478
201568,2016,2016-17,0.44666666666666666,0.3888888888888889,0.49061032863849763,750,324,426
201569,2016,2016-17,0.40551181102362205,0.3721633888048411,0.4676056338028169,1016,661,355
201571,2016,2016-17,0.3771760154738878,0.3467153284671533,0.411522633744856,517,274,243
201572,2016,2016-17,0.4735494880546075,0.3462532299741602,0.5363057324840764,1172,387,785
201573,2016,2016-17,0.34375,0.4,0.3333333333333333,32,5,27
201575,2016,2016-17,0.37433155080213903,0.38596491228070173,0.3561643835616438,187,114,73
201577,2016,2016-17,0.49290322580645163,0.0,0.49417852522639066,775,2,773
201578,2016,2016-17,0.44525547445255476,0.37184115523465705,0.5202952029520295,548,277,271
201579,2016,2016-17,0.54421768707483,0.0,0.54421768707483,147,0,147
201580,2016,2016-17,0.6520376175548589,0.0,0.6582278481012658,319,3,316
201582,2016,2016-17,0.5,0.0,0.5114942528735632,178,4,174
201583,2016,2016-17,0.4178525226390686,0.4031620553359684,0.44569288389513106,773,506,267
201584,2016,2016-17,0.4559659090909091,0.40148698884758366,0.4896551724137931,704,269,435
201585,2016,2016-17,0.5510204081632653,0.0,0.5524296675191815,392,1,391
201586,2016,2016-17,0.47963340122199594,0.3911671924290221,0.5218045112781955,982,317,665
201587,2016,2016-17,0.40349075975359344,0.3333333333333333,0.45342706502636204,974,405,569
201588,2016,2016-17,0.4768976897689769,0.4034334763948498,0.5227882037533512,606,233,373
201589,2016,2016-17,0.4418604651162791,0.452991452991453,0.42857142857142855,215,117,98
201599,2016,2016-17,0.7140381282495667,0.0,0.7165217391304348,577,2,575
201600,2016,2016-17,0.47692307692307695,0.0,0.47692307692307695,65,0,65
201601,2016,2016-17,0.5052910052910053,0.39090909090909093,0.5522388059701493,378,110,268
201609,2016,2016-17,0.4750889679715303,0.40484429065743943,0.4994011976047904,1124,289,835
201627,2016,2016-17,0.3888888888888889,0.3082706766917293,0.4789915966386555,252,133,119
201628,2016,2016-17,0.38333333333333336,0.4,0.36,60,35,25
201933,2016,2016-17,0.4933058702368692,0.336283185840708,0.513986013986014,971,113,858
201935,2016,2016-17,0.43966079582517936,0.34656084656084657,0.5302445302445302,1533,756,777
201936,2016,2016-17,0.40540540540540543,0.3559322033898305,0.42857142857142855,370,118,252
201937,2016,2016-17,0.4015384615384615,0.30612244897959184,0.44273127753303965,650,196,454
201939,2016,2016-17,0.4677754677754678,0.41064638783269963,0.536697247706422,1443,789,654
201941,2016,2016-17,0.38461538461538464,0.0,0.38461538461538464,13,0,13
201942,2016,2016-17,0.4666666666666667,0.2661290322580645,0.48416608022519353,1545,124,1421
201943,2016,2016-17,0.35887850467289717,0.3134920634920635,0.3992932862190813,535,252,283
201945,2016,2016-17,0.4231464737793852,0.35260115606936415,0.45526315789473687,553,173,380
201949,2016,2016-17,0.47854356306892065,0.33984375,0.5477582846003899,769,256,513
201950,2016,2016-17,0.45352743561030234,0.35587188612099646,0.49836601307189543,893,281,612
201951,2016,2016-17,0.4540229885057471,0.288135593220339,0.5024752475247525,522,118,404
201952,2016,2016-17,0.44224422442244227,0.35714285714285715,0.4748858447488584,909,252,657
201954,2016,2016-17,0.47619047619047616,0.41714285714285715,0.49536178107606677,714,175,539
201956,2016,2016-17,0.4695121951219512,0.3488372093023256,0.512396694214876,164,43,121
201959,2016,2016-17,0.5148095909732017,0.23076923076923078,0.5201149425287356,709,13,696
201960,2016,2016-17,0.4,0.340625,0.4826086956521739,550,320,230
201961,2016,2016-17,0.41621621621621624,0.37817258883248733,0.5093167701863354,555,394,161
201962,2016,2016-17,0.36752136752136755,0.16666666666666666,0.48,117,42,75
201967,2016,2016-17,0.48467966573816157,0.39226519337016574,0.5786516853932584,359,181,178
201973,2016,2016-17,0.4351145038167939,0.34615384615384615,0.5227272727272727,262,130,132
201975,2016,2016-17,0.40234375,0.40875912408759124,0.3949579831932773,256,137,119
201976,2016,2016-17,0.4198895027624309,0.3819444444444444,0.4627450980392157,543,288,255
201977,2016,2016-17,0.4,0.35,0.4307692307692308,210,80,130
201980,2016,2016-17,0.39198218262806234,0.37942122186495175,0.42028985507246375,449,311,138
201988,2016,2016-17,0.4396135265700483,0.4140845070422535,0.47368421052631576,621,355,266
202066,2016,2016-17,0.4236111111111111,0.37272727272727274,0.47641509433962265,432,220,212
202083,2016,2016-17,0.39315230224321135,0.36325678496868474,0.4320652173913043,847,479,368
202087,2016,2016-17,0.21428571428571427,0.0,0.2727272727272727,14,3,11
202130,2016,2016-17,0.34782608695652173,0.45454545454545453,0.25,23,11,12
202322,2016,2016-17,0.4508710801393728,0.3272058823529412,0.47979363714531387,1435,272,1163
202323,2016,2016-17,0.4257246376811594,0.2627118644067797,0.4700460829493088,552,118,434
202324,2016,2016-17,0.486810551558753,0.3,0.4914004914004914,417,10,407
202325,2016,2016-17,0.365,0.2457627118644068,0.5365853658536586,200,118,82
202326,2016,2016-17,0.4518156424581006,0.3608815426997245,0.48269410664172124,1432,363,1069
202328,2016,2016-17,0.5330578512396694,0.0,0.53601108033241,726,4,722
202329,2016,2016-17,0.3927038626609442,0.330188679245283,0.4448818897637795,466,212,254
202330,2016,2016-17,0.47145328719723184,0.3983957219251337,0.5063938618925832,1156,374,782
202331,2016,2016-17,0.46142433234421365,0.39314516129032256,0.5011737089201878,1348,496,852
202332,2016,2016-17,0.5232558139534884,0.0,0.5232558139534884,86,0,86
202334,2016,2016-17,0.528169014084507,0.0,0.528169014084507,142,0,142
202335,2016,2016-17,0.4010416666666667,0.3715415019762846,0.4580152671755725,384,253,131
202336,2016,2016-17,0.25,0.0,0.25,4,0,4
202337,2016,2016-17,0.40213523131672596,0.4142857142857143,0.36619718309859156,281,210,71
202338,2016,2016-17,0.5505050505050505,0.0,0.5561224489795918,198,2,196
202339,2016,2016-17,0.43423597678916825,0.33548387096774196,0.47651933701657456,1034,310,724
202340,2016,2016-17,0.4632258064516129,0.3898916967509025,0.5040160642570282,775,277,498
202344,2016,2016-17,0.5160744500846024,0.32051282051282054,0.5458089668615984,591,78,513
202348,2016,2016-17,0.481651376146789,0.3894736842105263,0.5528455284552846,218,95,123
202349,2016,2016-17,0.25,0.3333333333333333,0.2,8,3,5
202355,2016,2016-17,0.5570400822199383,0.0,0.5570400822199383,973,0,973
202357,2016,2016-17,0.4241573033707865,0.3163841807909605,0.5307262569832403,356,177,179
202362,2016,2016-17,0.45,0.3,0.48,120,20,100
202389,2016,2016-17,0.5152439024390244,0.0,0.5168195718654435,328,1,327
202390,2016,2016-17,0.0,0.0,0.0,7,2,5
202391,2016,2016-17,0.4375,0.3717948717948718,0.47950819672131145,400,156,244
202397,2016,2016-17,0.4392523364485981,0.26666666666666666,0.4673913043478261,749,105,644
202407,2016,2016-17,0.14285714285714285,0.0,0.2,7,2,5
202412,2016,2016-17,0.2,0.0,0.23076923076923078,15,2,13
202498,2016,2016-17,0.3975409836065574,0.4470588235294118,0.3710691823899371,244,85,159
202620,2016,2016-17,0.5,0.0,0.5,4,0,4
202681,2016,2016-17,0.4725352112676056,0.4013605442176871,0.5045965270684372,1420,441,979
202682,2016,2016-17,0.4426229508196721,0.30927835051546393,0.5306122448979592,244,97,147
202683,2016,2016-17,0.5454545454545454,0.13157894736842105,0.5679542203147353,737,38,699
202684,2016,2016-17,0.5995423340961098,0.0,0.6036866359447005,437,3,434
202685,2016,2016-17,0.5569800569800569,0.5,0.5571428571428572,702,2,700
202687,2016,2016-17,0.528023598820059,0.0,0.528023598820059,339,0,339
202688,2016,2016-17,0.3980952380952381,0.3237410071942446,0.42487046632124353,525,139,386
202689,2016,2016-17,0.443448275862069,0.39867109634551495,0.47523584905660377,1450,602,848
202691,2016,2016-17,0.4680232558139535,0.4142194744976816,0.5157750342935528,1376,647,729
202692,2016,2016-17,0.39919354838709675,0.32894736842105265,0.43023255813953487,248,76,172
202693,2016,2016-17,0.4566929133858268,0.3622448979591837,0.4834054834054834,889,196,693
202694,2016,2016-17,0.41807348560079444,0.33053221288515405,0.46615384615384614,1007,357,650
202695,2016,2016-17,0.4847560975609756,0.3798449612403101,0.5286486486486487,1312,387,925
202696,2016,2016-17,0.4684772065955383,0.30666666666666664,0.4811715481171548,1031,75,956
202697,2016,2016-17,0.4110429447852761,0.36015325670498083,0.4692982456140351,489,261,228
202699,2016,2016-17,0.48071495766698025,0.3471337579617834,0.5367156208277704,1063,314,749
202700,2016,2016-17,0.41304347826086957,0.23404255319148937,0.5054945054945055,138,47,91
202702,2016,2016-17,0.5480769230769231,0.0,0.5560975609756098,416,6,410
202703,2016,2016-17,0.4128,0.3421750663129973,0.5201612903225806,625,377,248
202704,2016,2016-17,0.4194977843426883,0.358695652173913,0.4421906693711968,677,184,493
202708,2016,2016-17,0.3076923076923077,0.23076923076923078,0.3333333333333333,52,13,39
202709,2016,2016-17,0.4523449319213313,0.35555555555555557,0.47718631178707227,661,135,526
202710,2016,2016-17,0.45527156549520764,0.36693548387096775,0.4770916334661355,1252,248,1004
202711,2016,2016-17,0.44497041420118344,0.3673469387755102,0.5121412803532008,845,392,453
202712,2016,2016-17,0.4166666666666667,0.2857142857142857,0.6,12,7,5
202713,2016,2016-17,0.40963855421686746,0.1891891891891892,0.5869565217391305,83,37,46
202714,2016,2016-17,0.4461942257217848,0.30833333333333335,0.5095785440613027,381,120,261
202718,2016,2016-17,0.33783783783783783,0.26881720430107525,0.3875968992248062,222,93,129
202720,2016,2016-17,0.47987616099071206,0.2934131736526946,0.5448851774530271,646,167,479
202722,2016,2016-17,0.44017094017094016,0.3988439306358382,0.5573770491803278,234,173,61
202730,2016,2016-17,0.4583333333333333,0.0,0.46107784431137727,168,1,167
202732,2016,2016-17,0.3873239436619718,0.3695652173913043,0.3958333333333333,142,46,96
202734,2016,2016-17,0.45718901453957994,0.3701923076923077,0.5012165450121655,619,208,411
202738,2016,2016-17,0.46300067888662594,0.37925696594427244,0.528415961305925,1473,646,827
203076,2016,2016-17,0.5045871559633027,0.29850746268656714,0.5244252873563219,1526,134,1392
203077,2016,2016-17,0.4773462783171521,0.1111111111111111,0.4827586206896552,618,9,609
203078,2016,2016-17,0.48184568835098335,0.40398550724637683,0.5376623376623376,1322,552,770
203079,2016,2016-17,0.4238310708898944,0.3953488372093023,0.4375,663,215,448
203080,2016,2016-17,0.5357142857142857,0.0,0.5384615384615384,196,1,195
203081,2016,2016-17,0.4442204301075269,0.3696027633851468,0.49174917491749176,1488,579,909
203082,2016,2016-17,0.43699731903485256,0.3631713554987212,0.5183098591549296,746,391,355
203083,2016,2016-17,0.5301866081229418,0.2857142857142857,0.5320796460176991,911,7,904
203084,2016,2016-17,0.46796875,0.35135135135135137,0.4924385633270321,1280,222,1058
203085,2016,2016-17,0.4418604651162791,0.3712374581939799,0.49074074074074076,731,299,432
203086,2016,2016-17,0.3862433862433862,0.3474178403755869,0.43636363636363634,378,213,165
203087,2016,2016-17,0.46028513238289204,0.2808219178082192,0.5362318840579711,491,146,345
203089,2016,2016-17,0.5145631067961165,0.0,0.5162337662337663,309,1,308
203090,2016,2016-17,0.5032051282051282,0.35051546391752575,0.5720930232558139,624,194,430
203092,2016,2016-17,0.4936708860759494,0.0,0.4968152866242038,158,1,157
203093,2016,2016-17,0.4695121951219512,0.25333333333333335,0.5083932853717026,492,75,417
203094,2016,2016-17,0.38738738738738737,0.18518518518518517,0.4523809523809524,111,27,84
203095,2016,2016-17,0.43870967741935485,0.35555555555555557,0.49122807017543857,930,360,570
203096,2016,2016-17,0.3191489361702128,0.16666666666666666,0.41379310344827586,47,18,29
203098,2016,2016-17,0.4,0.5,0.3333333333333333,5,2,3
203101,2016,2016-17,0.4782608695652174,0.0,0.4782608695652174,92,0,92
203107,2016,2016-17,0.41496598639455784,0.24324324324324326,0.4727272727272727,147,37,110
203109,2016,2016-17,0.4625,0.39847715736040606,0.5398773006134969,720,394,326
203110,2016,2016-17,0.41846153846153844,0.30798479087452474,0.4935400516795866,650,263,387
203112,2016,2016-17,0.4117647058823529,0.4111111111111111,0.4125,170,90,80
203114,2016,2016-17,0.45045045045045046,0.4326923076923077,0.4585152838427948,333,104,229
203115,2016,2016-17,0.44294294294294295,0.3702127659574468,0.48259860788863107,666,235,431
203118,2016,2016-17,0.288135593220339,0.14814814814814814,0.40625,59,27,32
203120,2016,2016-17,0.45910290237467016,0.3055555555555556,0.5979899497487438,379,180,199
203124,2016,2016-17,0.5205811138014528,0.11764705882352941,0.5378787878787878,413,17,396
203138,2016,2016-17,0.385,0.3368421052631579,0.42857142857142855,200,95,105
203141,2016,2016-17,0.37320574162679426,0.34098360655737703,0.46017699115044247,418,305,113
203145,2016,2016-17,0.4091539528432732,0.3458646616541353,0.4461538461538462,721,266,455
203148,2016,2016-17,0.3770491803278688,0.38636363636363635,0.3717948717948718,122,44,78
203186,2016,2016-17,0.5684210526315789,0.25,0.5729537366548043,285,4,281
203200,2016,2016-17,0.43308550185873607,0.3553113553113553,0.5132075471698113,538,273,265
203210,2016,2016-17,0.5,0.3793103448275862,0.5492957746478874,500,145,355
203382,2016,2016-17,0.5125448028673835,0.0,0.5125448028673835,279,0,279
203457,2016,2016-17,0.5954692556634305,0.0,0.5974025974025974,309,1,308
203458,2016,2016-17,0.49676025917926564,0.25,0.5033259423503326,463,12,451
203459,2016,2016-17,0.46831530139103555,0.44370860927152317,0.48985507246376814,647,302,345
203460,2016,2016-17,0.46436285097192226,0.24456521739130435,0.6093189964157706,463,184,279
203461,2016,2016-17,0.41304347826086957,0.2708333333333333,0.5681818181818182,92,48,44
203462,2016,2016-17,0.5454545454545454,0.3333333333333333,0.6078431372549019,66,15,51
203463,2016,2016-17,0.4295942720763723,0.38235294117647056,0.46184738955823296,419,170,249
203468,2016,2016-17,0.48022206800832756,0.4214123006833713,0.5059880239520959,1441,439,1002
203469,2016,2016-17,0.5711060948081265,0.0,0.5723981900452488,443,1,442
203471,2016,2016-17,0.4514003294892916,0.3401360544217687,0.48695652173913045,1214,294,920
203473,2016,2016-17,0.6216216216216216,0.0,0.6216216216216216,259,0,259
203476,2016,2016-17,0.5022692889561271,0.37209302325581395,0.511326860841424,661,43,618
203477,2016,2016-17,0.36416184971098264,0.26595744680851063,0.4810126582278481,173,94,79
203481,2016,2016-17,0.5339805825242718,0.0,0.5392156862745098,103,1,102
203482,2016,2016-17,0.5118110236220472,0.3541666666666667,0.6075949367088608,508,192,316
203484,2016,2016-17,0.39870689655172414,0.3501144164759725,0.4419551934826884,928,437,491
203486,2016,2016-17,0.536115569823435,0.0,0.5413290113452188,623,6,617
203487,2016,2016-17,0.3660130718954248,0.234375,0.40082644628099173,306,64,242
203488,2016,2016-17,0.5044510385756676,0.41818181818181815,0.5462555066079295,337,110,227
203490,2016,2016-17,0.5155666251556662,0.4340175953079179,0.5757575757575758,803,341,462
203493,2016,2016-17,0.421875,0.3835616438356164,0.4727272727272727,128,73,55
203496,2016,2016-17,0.3989071038251366,0.3325242718446602,0.484375,732,412,320
203497,2016,2016-17,0.6608,0.0,0.6618589743589743,625,1,624
203498,2016,2016-17,0.4816053511705686,0.33793103448275863,0.5275938189845475,598,145,453
203500,2016,2016-17,0.5709923664122137,0.0,0.5718654434250765,655,1,654
203501,2016,2016-17,0.4550438596491228,0.35731414868105515,0.5373737373737374,912,417,495
203503,2016,2016-17,0.45471349353049906,0.4056338028169014,0.5483870967741935,541,355,186
203504,2016,2016-17,0.4549019607843137,0.44285714285714284,0.4594594594594595,255,70,185
203506,2016,2016-17,0.44206008583690987,0.36079545454545453,0.49137931034482757,932,352,580
203507,2016,2016-17,0.5210484511517077,0.2722222222222222,0.5625579240037072,1259,180,1079
203510,2016,2016-17,0.3333333333333333,0.2727272727272727,0.35714285714285715,39,11,28
203512,2016,2016-17,0.6602564102564102,0.25,0.6944444444444444,156,12,144
203516,2016,2016-17,0.45482866043613707,0.3722627737226277,0.5163043478260869,321,137,184
203518,2016,2016-17,0.39296187683284456,0.3805668016194332,0.425531914893617,341,247,94
203521,2016,2016-17,0.3895131086142322,0.3674418604651163,0.4043887147335423,534,215,319
203524,2016,2016-17,0.38284518828451886,0.34814814814814815,0.42788461538461536,478,270,208
203526,2016,2016-17,0.45054945054945056,0.3225806451612903,0.5166666666666667,91,31,60
203527,2016,2016-17,0.2857142857142857,0.4,0.2222222222222222,28,10,18
203530,2016,2016-17,0.44047619047619047,0.336734693877551,0.4831932773109244,336,98,238
203546,2016,2016-17,0.48729792147806006,0.37423312883435583,0.5555555555555556,433,163,270
203552,2016,2016-17,0.48079658605974396,0.4254658385093168,0.5275590551181102,703,322,381
203584,2016,2016-17,0.37373737373737376,0.38873239436619716,0.3357142857142857,495,355,140
203585,2016,2016-17,0.41304347826086957,0.33181818181818185,0.4875,460,220,240
203613,2016,2016-17,0.42042755344418054,0.29411764705882354,0.4608150470219436,421,102,319
203894,2016,2016-17,0.3989071038251366,0.3695652173913043,0.42857142857142855,183,92,91
203895,2016,2016-17,0.38666666666666666,0.35294117647058826,0.40404040404040403,150,51,99
203897,2016,2016-17,0.4591549295774648,0.3870967741935484,0.515,710,310,400
203898,2016,2016-17,0.4326923076923077,0.38571428571428573,0.45652173913043476,208,70,138
203901,2016,2016-17,0.47149122807017546,0.273972602739726,0.5091383812010444,912,146,766
203902,2016,2016-17,0.3452914798206278,0.19047619047619047,0.40625,223,63,160
203903,2016,2016-17,0.44537815126050423,0.32865168539325845,0.5034965034965035,1071,356,715
203909,2016,2016-17,0.4556213017751479,0.30303030303030304,0.5533980582524272,169,66,103
203912,2016,2016-17,0.25806451612903225,0.2,0.3125,31,15,16
203914,2016,2016-17,0.5023547880690737,0.4196078431372549,0.5575916230366492,637,255,382
203915,2016,2016-17,0.44370860927152317,0.37623762376237624,0.47761194029850745,302,101,201
203917,2016,2016-17,0.39589905362776023,0.36768802228412256,0.43272727272727274,634,359,275
203918,2016,2016-17,0.4084084084084084,0.3713355048859935,0.4401114206128134,666,307,359
203922,2016,2016-17,0.46745562130177515,0.392,0.5117370892018779,338,125,213
203923,2016,2016-17,0.43103448275862066,0.34285714285714286,0.5652173913043478,58,35,23
203924,2016,2016-17,0.4634146341463415,0.3706896551724138,0.5141509433962265,328,116,212
203925,2016,2016-17,0.425414364640884,0.38461538461538464,0.48936170212765956,362,221,141
203926,2016,2016-17,0.44668008048289737,0.3701923076923077,0.5017301038062284,497,208,289
203930,2016,2016-17,0.41496598639455784,0.3409090909090909,0.468384074941452,735,308,427
203932,2016,2016-17,0.45433526011560693,0.2883895131086142,0.5284280936454849,865,267,598
203933,2016,2016-17,0.4950859950859951,0.2653061224489796,0.526536312849162,814,98,716
203934,2016,2016-17,0.2,0.16666666666666666,0.2222222222222222,15,6,9
203935,2016,2016-17,0.3591455273698264,0.28313253012048195,0.4196642685851319,749,332,417
203937,2016,2016-17,0.4449760765550239,0.375,0.46153846153846156,209,40,169
203939,2016,2016-17,0.5145888594164456,0.28378378378378377,0.570957095709571,377,74,303
203940,2016,2016-17,0.42592592592592593,0.2,0.5128205128205128,54,15,39
203943,2016,2016-17,0.48148148148148145,0.35,0.492,270,20,250
203944,2016,2016-17,0.48771021992238034,0.2698412698412698,0.5070422535211268,773,63,710
203948,2016,2016-17,0.5,0.5,0.5,30,6,24
203949,2016,2016-17,0.5299145299145299,0.25,0.5504587155963303,117,8,109
203950,2016,2016-17,1.0,0.0,1.0,1,0,1
203952,2016,2016-17,0.4515923566878981,0.356401384083045,0.47306791569086654,1570,289,1281
203953,2016,2016-17,0.49017199017199015,0.3651685393258427,0.5251572327044025,814,178,636
203954,2016,2016-17,0.4662004662004662,0.3673469387755102,0.4954682779456193,429,98,331
203957,2016,2016-17,0.42699724517906334,0.2953020134228188,0.5186915887850467,363,149,214
203962,2016,2016-17,0.5454545454545454,0.5,0.5714285714285714,11,4,7
203967,2016,2016-17,0.4110032362459547,0.31085043988269795,0.46928327645051193,927,341,586
203991,2016,2016-17,0.6429840142095915,0.0,0.6429840142095915,563,0,563
203994,2016,2016-17,0.5074906367041199,0.0,0.5084427767354597,534,1,533
203998,2016,2016-17,0.375,0.3333333333333333,0.4,16,6,10
203999,2016,2016-17,0.5784543325526932,0.3237410071942446,0.627972027972028,854,139,715
204001,2016,2016-17,0.449746192893401,0.35668789808917195,0.4932935916542474,985,314,671
204002,2016,2016-17,0.8,0.0,0.8,5,0,5
204014,2016,2016-17,0.3522727272727273,0.3125,0.4583333333333333,88,64,24
204020,2016,2016-17,0.433252427184466,0.372,0.45993031358885017,824,250,574
204025,2016,2016-17,0.4034653465346535,0.3125,0.44565217391304346,404,128,276
204028,2016,2016-17,0.5102040816326531,0.5,0.5102739726027398,294,2,292
204038,2016,2016-17,0.3798165137614679,0.38961038961038963,0.3670886075949367,545,308,237
204060,2016,2016-17,0.4523281596452328,0.44086021505376344,0.47093023255813954,451,279,172
204067,2016,2016-17,0.3157894736842105,0.25,0.6666666666666666,19,16,3
204456,2016,2016-17,0.4609375,0.2,0.4923413566739606,512,55,457
1626143,2016,2016-17,0.5138004246284501,0.0,0.5138004246284501,471,0,471
1626144,2016,2016-17,0.37749546279491836,0.3146067415730337,0.4075067024128686,551,178,373
1626145,2016,2016-17,0.4143646408839779,0.3561643835616438,0.4537037037037037,181,73,108
1626147,2016,2016-17,0.42369020501138954,0.29896907216494845,0.5224489795918368,439,194,245
1626148,2016,2016-17,0.36,0.25925925925925924,0.4782608695652174,50,27,23
1626149,2016,2016-17,0.6521739130434783,0.14285714285714285,0.6627218934911243,345,7,338
1626150,2016,2016-17,0.325,0.27564102564102566,0.3627450980392157,360,156,204
1626151,2016,2016-17,0.0,0.0,0.0,4,2,2
1626153,2016,2016-17,0.4224137931034483,0.3333333333333333,0.45348837209302323,116,30,86
1626154,2016,2016-17,0.0,0.0,0.0,1,1,0
1626155,2016,2016-17,0.4731934731934732,0.32085561497326204,0.5909090909090909,429,187,242
1626156,2016,2016-17,0.40484429065743943,0.3515625,0.4472049689440994,867,384,483
1626157,2016,2016-17,0.5418918918918919,0.36727272727272725,0.5817427385892117,1480,275,1205
1626158,2016,2016-17,0.558252427184466,0.35064935064935066,0.6059701492537314,412,77,335
1626159,2016,2016-17,0.35555555555555557,0.2,0.38421052631578945,225,35,190
1626161,2016,2016-17,0.5301455301455301,0.0,0.5323590814196242,481,2,479
1626162,2016,2016-17,0.42081447963800905,0.2872340425531915,0.5196850393700787,442,188,254
1626163,2016,2016-17,0.39900249376558605,0.327683615819209,0.45535714285714285,802,354,448
1626164,2016,2016-17,0.42348008385744235,0.362962962962963,0.4473684210526316,1431,405,1026
1626166,2016,2016-17,0.3316062176165803,0.313953488372093,0.34579439252336447,193,86,107
1626167,2016,2016-17,0.5109321058688148,0.34782608695652173,0.5358090185676393,869,115,754
1626168,2016,2016-17,0.3621867881548975,0.31862745098039214,0.4,439,204,235
1626169,2016,2016-17,0.35342465753424657,0.2922077922077922,0.3981042654028436,365,154,211
1626170,2016,2016-17,0.42524916943521596,0.3656716417910448,0.47305389221556887,301,134,167
1626171,2016,2016-17,0.488,0.3333333333333333,0.5412186379928315,375,96,279
1626172,2016,2016-17,0.5233644859813084,0.2222222222222222,0.5510204081632653,107,9,98
1626173,2016,2016-17,0.36538461538461536,0.32098765432098764,0.41333333333333333,156,81,75
1626174,2016,2016-17,0.5217391304347826,0.0,0.6666666666666666,23,5,18
1626175,2016,2016-17,0.4411764705882353,0.0,0.45454545454545453,34,1,33
1626176,2016,2016-17,0.4418604651162791,0.0,0.4418604651162791,43,0,43
1626178,2016,2016-17,0.43357933579335795,0.22388059701492538,0.4631578947368421,542,67,475
1626179,2016,2016-17,0.36739659367396593,0.31843575418994413,0.4051724137931034,411,179,232
1626181,2016,2016-17,0.44861660079051385,0.3236994219653179,0.5135135135135135,506,173,333
1626184,2016,2016-17,0.40816326530612246,0.3404255319148936,0.47058823529411764,98,47,51
1626185,2016,2016-17,0.3841059602649007,0.36,0.3888888888888889,151,25,126
1626188,2016,2016-17,0.5,0.4230769230769231,0.55,66,26,40
1626191,2016,2016-17,0.5,0.14285714285714285,0.6,32,7,25
1626192,2016,2016-17,0.5138888888888888,0.5151515151515151,0.5128205128205128,72,33,39
1626195,2016,2016-17,0.5290322580645161,0.26666666666666666,0.5377777777777778,465,15,450
1626196,2016,2016-17,0.3937621832358674,0.3303964757709251,0.44405594405594406,513,227,286
1626199,2016,2016-17,0.373015873015873,0.2608695652173913,0.4375,126,46,80
1626202,2016,2016-17,0.3611111111111111,0.21739130434782608,0.42857142857142855,72,23,49
1626203,2016,2016-17,0.475,0.6,0.4,40,15,25
1626204,2016,2016-17,0.5263157894736842,0.2777777777777778,0.5538461538461539,361,36,325
1626209,2016,2016-17,0.35454545454545455,0.2986111111111111,0.3978494623655914,330,144,186
1626210,2016,2016-17,0.5168539325842697,0.0,0.518796992481203,267,1,266
1626245,2016,2016-17,0.579185520361991,0.0,0.579185520361991,221,0,221
1626246,2016,2016-17,0.5454545454545454,0.0,0.5454545454545454,132,0,132
1626253,2016,2016-17,0.5555555555555556,0.25,0.8,9,4,5
1626254,2016,2016-17,0.45348837209302323,0.14285714285714285,0.4810126582278481,86,7,79
1626257,2016,2016-17,0.6423357664233577,0.3333333333333333,0.6492537313432836,137,3,134
1626273,2016,2016-17,0.36764705882352944,0.21052631578947367,0.42857142857142855,68,19,49
1626780,2016,2016-17,0.3684210526315789,0.3333333333333333,0.4,95,45,50
1627098,2016,2016-17,0.37371134020618557,0.23636363636363636,0.42805755395683454,388,110,278
1627362,2016,2016-17,0.4166666666666667,0.1,0.48,60,10,50
1627733,2016,2016-17,0.35403726708074534,0.27722772277227725,0.48333333333333334,161,101,60
1627734,2016,2016-17,0.3991683991683992,0.32075471698113206,0.43788819875776397,481,159,322
1627735,2016,2016-17,0.3130434782608696,0.13636363636363635,0.3548387096774194,115,22,93
1627736,2016,2016-17,0.4520547945205479,0.32142857142857145,0.5333333333333333,73,28,45
1627737,2016,2016-17,0.44936708860759494,0.32142857142857145,0.5196078431372549,632,224,408
1627738,2016,2016-17,0.5106382978723404,0.0,0.5106382978723404,47,0,47
1627739,2016,2016-17,0.3769968051118211,0.2876712328767123,0.4041666666666667,313,73,240
1627740,2016,2016-17,0.359375,0.2857142857142857,0.4482758620689655,64,35,29
1627741,2016,2016-17,0.42633637548891784,0.39050131926121373,0.46134020618556704,767,379,388
1627742,2016,2016-17,0.40233236151603496,0.29411764705882354,0.44288577154308617,686,187,499
1627743,2016,2016-17,0.75,1.0,0.6666666666666666,4,1,3
1627744,2016,2016-17,0.2857142857142857,0.0,0.2857142857142857,7,0,7
1627745,2016,2016-17,0.5,0.0,0.5,16,0,16
1627746,2016,2016-17,0.536697247706422,0.375,0.5428571428571428,218,8,210
1627747,2016,2016-17,0.45,0.32065217391304346,0.5714285714285714,380,184,196
1627748,2016,2016-17,0.4585635359116022,0.3783783783783784,0.514018691588785,181,74,107
1627749,2016,2016-17,0.43103448275862066,0.391304347826087,0.44086021505376344,116,23,93
1627750,2016,2016-17,0.4041095890410959,0.33430232558139533,0.46632124352331605,730,344,386
1627751,2016,2016-17,0.5826086956521739,0.0,0.5826086956521739,115,0,115
1627752,2016,2016-17,0.4,0.3235294117647059,0.4426229508196721,285,102,183
1627754,2016,2016-17,0.23076923076923078,0.0,0.23076923076923078,13,0,13
1627755,2016,2016-17,0.42105263157894735,0.26582278481012656,0.4553072625698324,437,79,358
1627756,2016,2016-17,0.3541666666666667,0.35096153846153844,0.3625,288,208,80
1627757,2016,2016-17,0.3225806451612903,0.0,0.3225806451612903,31,0,31
1627758,2016,2016-17,0.3778801843317972,0.26744186046511625,0.45038167938931295,217,86,131
1627759,2016,2016-17,0.45390070921985815,0.34074074074074073,0.5069444444444444,423,135,288
1627761,2016,2016-17,0.47959183673469385,0.05555555555555555,0.575,98,18,80
1627762,2016,2016-17,0.5625,0.25,0.6666666666666666,16,4,12
1627763,2016,2016-17,0.4566929133858268,0.40414507772020725,0.4796380090497738,635,193,442
1627767,2016,2016-17,0.47368421052631576,0.0,0.47368421052631576,76,0,76
1627770,2016,2016-17,0.3924050632911392,0.3181818181818182,0.40441176470588236,158,22,136
1627771,2016,2016-17,0.1,0.0,0.16666666666666666,10,4,6
1627773,2016,2016-17,0.40476190476190477,0.5,0.375,42,10,32
1627774,2016,2016-17,0.29213483146067415,0.2549019607843137,0.34210526315789475,89,51,38
1627775,2016,2016-17,0.4326530612244898,0.3333333333333333,0.5327868852459017,245,123,122
1627777,2016,2016-17,0.25,0.08333333333333333,0.3333333333333333,36,12,24
1627778,2016,2016-17,0.7142857142857143,0.0,0.7142857142857143,7,0,7
1627780,2016,2016-17,0.36363636363636365,0.1111111111111111,0.5384615384615384,22,9,13
1627781,2016,2016-17,0.4117647058823529,0.2857142857142857,0.5,68,28,40
1627782,2016,2016-17,0.43103448275862066,0.25,0.6,58,28,30
1627783,2016,2016-17,0.5024390243902439,0.14285714285714285,0.5151515151515151,205,7,198
1627784,2016,2016-17,0.42105263157894735,0.3333333333333333,0.4482758620689655,38,9,29
1627785,2016,2016-17,0.4015748031496063,0.2953020134228188,0.4456824512534819,508,149,359
1627786,2016,2016-17,0.437125748502994,0.2903225806451613,0.5238095238095238,167,62,105
1627787,2016,2016-17,0.2857142857142857,0.3076923076923077,0.0,14,13,1
1627789,2016,2016-17,0.40166204986149584,0.3105590062111801,0.475,361,161,200
1627791,2016,2016-17,0.0,0.0,0.0,3,1,2
1627812,2016,2016-17,0.40609137055837563,0.38636363636363635,0.42201834862385323,394,176,218
1627815,2016,2016-17,0.4,0.23333333333333334,0.5111111111111111,75,30,45
1627816,2016,2016-17,0.46296296296296297,0.3157894736842105,0.5428571428571428,54,19,35
1627817,2016,2016-17,0.4482758620689655,0.38461538461538464,0.5,29,13,16
1627819,2016,2016-17,0.14285714285714285,0.0,0.2,7,2,5
1627823,2016,2016-17,0.45089285714285715,0.40707964601769914,0.4954954954954955,224,113,111
1627826,2016,2016-17,0.5294117647058824,0.0,0.5361702127659574,238,3,235
1627827,2016,2016-17,0.37237237237237236,0.2931937172774869,0.4788732394366197,333,191,142
1627832,2016,2016-17,0.35135135135135137,0.3793103448275862,0.34146341463414637,111,29,82
1627834,2016,2016-17,0.5490196078431373,0.0,0.56,102,2,100
1627835,2016,2016-17,0.39819004524886875,0.3333333333333333,0.45081967213114754,221,99,122
1627848,2016,2016-17,0.5596330275229358,0.3684210526315789,0.6,109,19,90
1627849,2016,2016-17,0.4444444444444444,0.0,0.4444444444444444,27,0,27
1627850,2016,2016-17,0.5333333333333333,0.0,0.5333333333333333,30,0,30
1627851,2016,2016-17,0.4281842818428184,0.32142857142857145,0.5174129353233831,369,168,201
1627852,2016,2016-17,0.36879432624113473,0.30526315789473685,0.5,141,95,46
1627854,2016,2016-17,0.36363636363636365,0.32075471698113206,0.41304347826086957,99,53,46
1627855,2016,2016-17,0.3793103448275862,0.35294117647058826,0.39622641509433965,87,34,53
1627861,2016,2016-17,0.25,0.0,0.25,4,0,4
1627868,2016,2016-17,0.0,0.0,0.0,7,5,2
1627875,2016,2016-17,0.2857142857142857,0.5,0.2,7,2,5
1627879,2016,2016-17,0.425531914893617,0.37037037037037035,0.5,47,27,20
1627884,2016,2016-17,0.5619834710743802,0.2727272727272727,0.5909090909090909,121,11,110
1628021,2016,2016-17,0.5802469135802469,0.2,0.6052631578947368,81,5,76
1713,2017,2017-18,0.4028268551236749,0.34545454545454546,0.4830508474576271,283,165,118
1717,2017,2017-18,0.45646437994722955,0.4094955489614243,0.49406175771971494,758,337,421
1891,2017,2017-18,0.38311688311688313,0.34782608695652173,0.48717948717948717,154,115,39
1938,2017,2017-18,0.43412526997840173,0.3333333333333333,0.5055350553505535,463,192,271
2037,2017,2017-18,0.41509433962264153,0.33121019108280253,0.4766355140186916,742,314,428
2199,2017,2017-18,0.6470588235294118,0.0,0.6470588235294118,187,0,187
2200,2017,2017-18,0.45773524720893144,0.35833333333333334,0.4812623274161736,627,120,507
2207,2017,2017-18,0.40555555555555556,0.27586206896551724,0.4930232558139535,360,145,215
2210,2017,2017-18,0.4444444444444444,0.2857142857142857,0.5,27,7,20
2216,2017,2017-18,0.47313237221494103,0.3469387755102041,0.5032467532467533,763,147,616
2225,2017,2017-18,0.4587628865979381,0.2702702702702703,0.47863247863247865,388,37,351
2403,2017,2017-18,0.5690376569037657,0.0,0.5738396624472574,239,2,237
2544,2017,2017-18,0.5424050632911392,0.3669950738916256,0.6030664395229983,1580,406,1174
2546,2017,2017-18,0.4041095890410959,0.35654008438818563,0.4365994236311239,1168,474,694
2548,2017,2017-18,0.43841642228739003,0.2882882882882883,0.46760070052539404,682,111,571
2555,2017,2017-18,0.6842105263157895,0.0,0.6842105263157895,19,0,19
2561,2017,2017-18,0.5714285714285714,0.375,0.5756756756756757,378,8,370
2570,2017,2017-18,0.5,0.0,0.5,2,0,2
2585,2017,2017-18,0.5643939393939394,0.0,0.5665399239543726,264,1,263
2594,2017,2017-18,0.45867768595041325,0.43617021276595747,0.5370370370370371,484,376,108
2617,2017,2017-18,0.2,0.125,0.2857142857142857,15,8,7
2730,2017,2017-18,0.5554335894621295,0.14285714285714285,0.5586283185840708,911,7,904
2731,2017,2017-18,0.5052631578947369,0.0,0.5052631578947369,95,0,95
2733,2017,2017-18,0.5014577259475219,0.0,0.5088757396449705,343,5,338
2734,2017,2017-18,0.4118942731277533,0.34801762114537443,0.47577092511013214,454,227,227
2736,2017,2017-18,0.5,0.0,0.5,2,0,2
2738,2017,2017-18,0.4625,0.28205128205128205,0.5665024630541872,320,117,203
2744,2017,2017-18,0.5336538461538461,0.0,0.5414634146341464,208,3,205
2746,2017,2017-18,0.25,0.0,0.25,4,0,4
2747,2017,2017-18,0.40336134453781514,0.3753280839895013,0.4532710280373832,595,381,214
2749,2017,2017-18,0.38934426229508196,0.33064516129032256,0.45,244,124,120
2754,2017,2017-18,0.4835164835164835,0.3333333333333333,0.5063291139240507,91,12,79
2772,2017,2017-18,0.4116743471582181,0.36796536796536794,0.5185185185185185,651,462,189
2863,2017,2017-18,0.3333333333333333,0.2222222222222222,0.42857142857142855,39,18,21
101106,2017,2017-18,0.68,0.0,0.68,25,0,25
101107,2017,2017-18,0.458259325044405,0.4131147540983607,0.5116279069767442,563,305,258
101108,2017,2017-18,0.4598997493734336,0.37994722955145116,0.5322195704057279,798,379,419
101109,2017,2017-18,0.4057971014492754,0.3521739130434783,0.4440993788819876,552,230,322
101112,2017,2017-18,0.49056603773584906,0.3391304347826087,0.6701030927835051,212,115,97
101123,2017,2017-18,0.4067796610169492,0.3691275167785235,0.5043478260869565,413,298,115
101127,2017,2017-18,0.42663656884875845,0.29069767441860467,0.45938375350140054,443,86,357
101133,2017,2017-18,0.5564516129032258,0.0,0.5609756097560976,248,2,246
101139,2017,2017-18,0.3789649415692821,0.36123348017621143,0.43448275862068964,599,454,145
101141,2017,2017-18,0.45187601957585644,0.35968379446640314,0.5166666666666667,613,253,360
101150,2017,2017-18,0.43530291697830964,0.3590733590733591,0.4835164835164835,1337,518,819
101161,2017,2017-18,0.5384615384615384,0.3125,0.5701754385964912,260,32,228
101162,2017,2017-18,0.5178571428571429,0.0,0.5178571428571429,560,0,560
101181,2017,2017-18,0.5027027027027027,0.4639175257731959,0.5454545454545454,185,97,88
200746,2017,2017-18,0.5100222717149221,0.29347826086956524,0.5258964143426295,1347,92,1255
200752,2017,2017-18,0.47113594040968343,0.3135593220338983,0.5155131264916468,537,118,419
200755,2017,2017-18,0.459613196814562,0.41956521739130437,0.5035799522673031,879,460,419
200757,2017,2017-18,0.49166666666666664,0.38095238095238093,0.5512820512820513,240,84,156
200765,2017,2017-18,0.4676113360323887,0.3333333333333333,0.5261627906976745,494,150,344
200768,2017,2017-18,0.4269067796610169,0.39932885906040266,0.47413793103448276,944,596,348
200782,2017,2017-18,0.3900226757369615,0.3709677419354839,0.4351145038167939,441,310,131
200794,2017,2017-18,0.46436781609195404,0.34513274336283184,0.5062111801242236,435,113,322
200826,2017,2017-18,0.4391304347826087,0.36741214057507987,0.4986737400530504,690,313,377
201142,2017,2017-18,0.5155482815057283,0.4188861985472155,0.5648949320148331,1222,413,809
201143,2017,2017-18,0.48871181938911024,0.42920353982300885,0.5142314990512334,753,226,527
201144,2017,2017-18,0.38095238095238093,0.3116883116883117,0.43956043956043955,168,77,91
201145,2017,2017-18,0.4773462783171521,0.31176470588235294,0.5401785714285714,618,170,448
201147,2017,2017-18,0.44936708860759494,0.2818181818181818,0.5388349514563107,316,110,206
201148,2017,2017-18,0.5784313725490197,0.0,0.5784313725490197,102,0,102
201149,2017,2017-18,0.5,0.0,0.5,10,0,10
201152,2017,2017-18,0.48726851851851855,0.32044198895027626,0.5314787701317716,864,181,683
201156,2017,2017-18,0.41188524590163933,0.3773006134969325,0.48148148148148145,488,326,162
201158,2017,2017-18,0.4410994764397906,0.37721518987341773,0.5094850948509485,764,395,369
201160,2017,2017-18,0.391304347826087,0.125,0.4939759036144578,115,32,83
201162,2017,2017-18,0.39344262295081966,0.3625,0.4523809523809524,122,80,42
201163,2017,2017-18,0.44532488114104596,0.35772357723577236,0.5012987012987012,631,246,385
201166,2017,2017-18,0.4057971014492754,0.3548387096774194,0.4473684210526316,69,31,38
201167,2017,2017-18,0.4012345679012346,0.38571428571428573,0.41304347826086957,162,70,92
201177,2017,2017-18,0.0,0.0,0.0,1,1,0
201188,2017,2017-18,0.42013552758954503,0.340625,0.45582047685834504,1033,320,713
201196,2017,2017-18,0.358974358974359,0.3076923076923077,0.37362637362637363,117,26,91
201229,2017,2017-18,0.4639830508474576,0.43561643835616437,0.5607476635514018,472,365,107
201281,2017,2017-18,0.47058823529411764,0.5555555555555556,0.375,17,9,8
201563,2017,2017-18,0.506815365551425,0.3953488372093023,0.5201109570041609,807,86,721
201565,2017,2017-18,0.43548387096774194,0.23333333333333334,0.47435897435897434,186,30,156
201566,2017,2017-18,0.44872554831061057,0.29754601226993865,0.4849375459221161,1687,326,1361
201567,2017,2017-18,0.45816186556927296,0.41515151515151516,0.49373433583959897,729,330,399
201568,2017,2017-18,0.3984375,0.32432432432432434,0.45517241379310347,256,111,145
201569,2017,2017-18,0.42783505154639173,0.35855263157894735,0.5441988950276243,970,608,362
201571,2017,2017-18,0.45185185185185184,0.41911764705882354,0.48507462686567165,540,272,268
201572,2017,2017-18,0.46532156368221944,0.3446153846153846,0.5491452991452992,793,325,468
201573,2017,2017-18,0.41603053435114506,0.3698630136986301,0.47413793103448276,262,146,116
201577,2017,2017-18,0.5302325581395348,0.2857142857142857,0.5356576862123613,645,14,631
201578,2017,2017-18,0.3954154727793696,0.36909871244635195,0.4482758620689655,349,233,116
201580,2017,2017-18,0.6210045662100456,0.0,0.6384976525821596,219,6,213
201583,2017,2017-18,0.43125,0.3864306784660767,0.5390070921985816,480,339,141
201584,2017,2017-18,0.4543046357615894,0.4064748201438849,0.48218029350104824,755,278,477
201585,2017,2017-18,0.570694087403599,0.0,0.570694087403599,389,0,389
201586,2017,2017-18,0.48341836734693877,0.3602693602693603,0.5585215605749486,784,297,487
201587,2017,2017-18,0.4153846153846154,0.3357664233576642,0.4734042553191489,650,274,376
201588,2017,2017-18,0.4600389863547758,0.4146341463414634,0.4902597402597403,513,205,308
201589,2017,2017-18,0.46808510638297873,0.34782608695652173,0.5833333333333334,47,23,24
201596,2017,2017-18,0.3792325056433409,0.2774869109947644,0.45634920634920634,443,191,252
201599,2017,2017-18,0.6453287197231834,0.0,0.6453287197231834,578,0,578
201600,2017,2017-18,0.4090909090909091,0.0,0.4090909090909091,22,0,22
201601,2017,2017-18,0.4811594202898551,0.36416184971098264,0.5988372093023255,345,173,172
201609,2017,2017-18,0.4502325581395349,0.37,0.48129032258064514,1075,300,775
201628,2017,2017-18,0.3275862068965517,0.275,0.4444444444444444,58,40,18
201933,2017,2017-18,0.43775100401606426,0.3447204968944099,0.4821958456973294,996,322,674
201935,2017,2017-18,0.4492753623188406,0.3670360110803324,0.530949105914718,1449,722,727
201936,2017,2017-18,0.45241038318912236,0.3986013986013986,0.4818355640535373,809,286,523
201937,2017,2017-18,0.4183796856106409,0.3516483516483517,0.45126353790613716,827,273,554
201939,2017,2017-18,0.49537037037037035,0.4231536926147705,0.5950413223140496,864,501,363
201942,2017,2017-18,0.4564755838641189,0.31010452961672474,0.4937833037300178,1413,287,1126
201943,2017,2017-18,0.375,0.2727272727272727,0.46153846153846156,72,33,39
201949,2017,2017-18,0.503257328990228,0.3081081081081081,0.5874125874125874,614,185,429
201950,2017,2017-18,0.49437299035369775,0.33707865168539325,0.5574324324324325,1244,356,888
201952,2017,2017-18,0.44584382871536526,0.3684210526315789,0.47703180212014135,794,228,566
201954,2017,2017-18,0.4952978056426332,0.4682926829268293,0.5080831408775982,638,205,433
201956,2017,2017-18,0.5797101449275363,0.45454545454545453,0.5945945945945946,207,22,185
201959,2017,2017-18,0.576662143826323,0.2,0.5954415954415955,737,35,702
201960,2017,2017-18,0.4140127388535032,0.37084398976982097,0.45685279187817257,785,391,394
201961,2017,2017-18,0.40714285714285714,0.3920552677029361,0.4793388429752066,700,579,121
201967,2017,2017-18,0.45054945054945056,0.34523809523809523,0.5408163265306123,364,168,196
201973,2017,2017-18,0.4662756598240469,0.4140127388535032,0.5108695652173914,341,157,184
201975,2017,2017-18,0.3994910941475827,0.34285714285714286,0.4644808743169399,393,210,183
201976,2017,2017-18,0.40336134453781514,0.4,0.4067796610169492,119,60,59
201980,2017,2017-18,0.3868092691622103,0.3625,0.4190871369294606,561,320,241
201988,2017,2017-18,0.41055718475073316,0.3719806763285024,0.4701492537313433,682,414,268
202066,2017,2017-18,0.4180672268907563,0.3920704845814978,0.44176706827309237,476,227,249
202083,2017,2017-18,0.406025824964132,0.3805970149253731,0.4406779661016949,697,402,295
202322,2017,2017-18,0.4197901049475262,0.3712574850299401,0.436,667,167,500
202323,2017,2017-18,0.44714038128249567,0.3181818181818182,0.4853932584269663,577,132,445
202324,2017,2017-18,0.5626780626780626,0.2222222222222222,0.596244131455399,702,63,639
202325,2017,2017-18,0.4076086956521739,0.3389830508474576,0.4712041884816754,368,177,191
202326,2017,2017-18,0.4699074074074074,0.35374149659863946,0.5298245614035088,864,294,570
202327,2017,2017-18,0.5,0.0,0.5042016806722689,120,1,119
202328,2017,2017-18,0.5647668393782384,0.0,0.5647668393782384,386,0,386
202329,2017,2017-18,0.3951890034364261,0.3687315634218289,0.43209876543209874,582,339,243
202330,2017,2017-18,0.5,0.0,1.0,2,1,1
202331,2017,2017-18,0.4298507462686567,0.4006568144499179,0.454172366621067,1340,609,731
202332,2017,2017-18,0.3333333333333333,0.0,0.3333333333333333,15,0,15
202334,2017,2017-18,0.5821917808219178,0.0,0.584192439862543,292,1,291
202335,2017,2017-18,0.39849624060150374,0.38596491228070173,0.42105263157894735,266,171,95
202337,2017,2017-18,0.4232558139534884,0.38461538461538464,0.5254237288135594,215,156,59
202339,2017,2017-18,0.47320525783619816,0.3472222222222222,0.5453100158982512,989,360,629
202340,2017,2017-18,0.4144,0.3694581280788177,0.43601895734597157,625,203,422
202344,2017,2017-18,0.5160349854227405,0.24242424242424243,0.5451612903225806,343,33,310
202347,2017,2017-18,0.2857142857142857,0.13636363636363635,0.4074074074074074,49,22,27
202348,2017,2017-18,0.4444444444444444,0.5714285714285714,0.3076923076923077,27,14,13
202355,2017,2017-18,0.5397923875432526,1.0,0.5381944444444444,578,2,576
202357,2017,2017-18,0.4609164420485175,0.41530054644808745,0.5053191489361702,371,183,188
202362,2017,2017-18,0.42736248236953456,0.28879310344827586,0.4947589098532495,709,232,477
202379,2017,2017-18,1.0,0.0,1.0,1,0,1
202389,2017,2017-18,0.5591397849462365,0.2222222222222222,0.64,93,18,75
202391,2017,2017-18,0.4166666666666667,0.5,0.4,12,2,10
202397,2017,2017-18,0.48564294631710364,0.3465346534653465,0.5057142857142857,801,101,700
202498,2017,2017-18,0.38202247191011235,0.4032258064516129,0.36363636363636365,267,124,143
202681,2017,2017-18,0.49126034958601655,0.40786240786240785,0.5411764705882353,1087,407,680
202682,2017,2017-18,0.25,0.0,0.5,4,2,2
202683,2017,2017-18,0.5918653576437588,0.0,0.5935302390998594,713,2,711
202684,2017,2017-18,0.5617021276595745,0.0,0.5617021276595745,235,0,235
202685,2017,2017-18,0.5676855895196506,0.40540540540540543,0.5872756933115824,687,74,613
202687,2017,2017-18,0.5198863636363636,0.0,0.5213675213675214,352,1,351
202689,2017,2017-18,0.4314013206162876,0.3843594009983361,0.468503937007874,1363,601,762
202691,2017,2017-18,0.48853016142735767,0.4403846153846154,0.5266362252663622,1177,520,657
202692,2017,2017-18,0.4106280193236715,0.33098591549295775,0.4522058823529412,414,142,272
202693,2017,2017-18,0.48034934497816595,0.3671497584541063,0.5291666666666667,687,207,480
202694,2017,2017-18,0.4288052373158756,0.36752136752136755,0.46684350132625996,611,234,377
202695,2017,2017-18,0.46846846846846846,0.3142857142857143,0.5394736842105263,111,35,76
202696,2017,2017-18,0.475,0.3137254901960784,0.5267295597484277,840,204,636
202697,2017,2017-18,0.3793103448275862,0.2692307692307692,0.46875,58,26,32
202699,2017,2017-18,0.46027846027846026,0.41123595505617977,0.4884020618556701,1221,445,776
202702,2017,2017-18,0.5135135135135135,0.0,0.5170068027210885,148,1,147
202703,2017,2017-18,0.4473684210526316,0.3770949720670391,0.5245398773006135,684,358,326
202704,2017,2017-18,0.42634315424610053,0.3076923076923077,0.47549019607843135,577,169,408
202705,2017,2017-18,0.5,0.59375,0.45714285714285713,102,32,70
202709,2017,2017-18,0.423841059602649,0.3526315789473684,0.45652173913043476,604,190,414
202710,2017,2017-18,0.4744842562432139,0.35,0.5090152565880721,921,200,721
202711,2017,2017-18,0.47417840375586856,0.4015544041450777,0.5343347639484979,852,386,466
202713,2017,2017-18,0.3333333333333333,0.4,0.3125,21,5,16
202714,2017,2017-18,0.42995169082125606,0.34532374100719426,0.4727272727272727,414,139,275
202718,2017,2017-18,0.46153846153846156,0.4214876033057851,0.504424778761062,234,121,113
202720,2017,2017-18,0.4166666666666667,0.0,0.45454545454545453,36,3,33
202722,2017,2017-18,0.43989071038251365,0.373015873015873,0.5877192982456141,366,252,114
202732,2017,2017-18,0.37735849056603776,0.3584905660377358,0.39622641509433965,106,53,53
202734,2017,2017-18,0.5084134615384616,0.42524916943521596,0.5555555555555556,832,301,531
202738,2017,2017-18,0.37292161520190026,0.2925531914893617,0.43776824034334766,421,188,233
202779,2017,2017-18,0.41414141414141414,0.3333333333333333,0.43790849673202614,198,45,153
202918,2017,2017-18,0.0,0.0,0.0,3,2,1
202933,2017,2017-18,0.46153846153846156,0.46153846153846156,0.0,13,13,0
203076,2017,2017-18,0.533515731874145,0.3395061728395062,0.5576923076923077,1462,162,1300
203077,2017,2017-18,0.5035714285714286,0.0,0.5053763440860215,560,2,558
203078,2017,2017-18,0.46024258760107817,0.3754716981132076,0.5073375262054507,1484,530,954
203079,2017,2017-18,0.3975609756097561,0.3058823529411765,0.4625,410,170,240
203081,2017,2017-18,0.43886925795053006,0.36089030206677264,0.5012722646310432,1415,629,786
203082,2017,2017-18,0.39790575916230364,0.3225806451612903,0.46938775510204084,191,93,98
203083,2017,2017-18,0.52894438138479,0.0,0.535632183908046,881,11,870
203084,2017,2017-18,0.4445364238410596,0.35735735735735735,0.4777142857142857,1208,333,875
203085,2017,2017-18,0.4236024844720497,0.37777777777777777,0.4606741573033708,805,360,445
203086,2017,2017-18,0.5897435897435898,0.4230769230769231,0.6730769230769231,78,26,52
203087,2017,2017-18,0.4567307692307692,0.3700787401574803,0.49480968858131485,832,254,578
203089,2017,2017-18,0.5717131474103586,0.14285714285714285,0.5777777777777777,502,7,495
203090,2017,2017-18,0.494949494949495,0.4152542372881356,0.547486033519553,297,118,179
203092,2017,2017-18,0.5598802395209581,0.35714285714285715,0.5784313725490197,334,28,306
203095,2017,2017-18,0.45885286783042395,0.37910447761194027,0.5160599571734475,802,335,467
203101,2017,2017-18,0.5833333333333334,0.0,0.5833333333333334,180,0,180
203104,2017,2017-18,0.25,0.25,0.25,16,4,12
203107,2017,2017-18,0.5234375,0.46534653465346537,0.5441696113074205,384,101,283
203109,2017,2017-18,0.4038748137108793,0.3225806451612903,0.48787878787878786,671,341,330
203110,2017,2017-18,0.45395799676898224,0.30078125,0.5619834710743802,619,256,363
203112,2017,2017-18,0.3561643835616438,0.3493150684931507,0.3835616438356164,365,292,73
203114,2017,2017-18,0.4661949685534591,0.35872235872235875,0.5167630057803468,1272,407,865
203115,2017,2017-18,0.45233463035019456,0.3696682464454976,0.5099009900990099,1028,422,606
203118,2017,2017-18,0.5267175572519084,0.4049079754601227,0.5817174515235457,524,163,361
203121,2017,2017-18,0.44353182751540043,0.4106145251396648,0.5348837209302325,487,358,129
203124,2017,2017-18,0.5833333333333334,0.23529411764705882,0.5994550408719346,384,17,367
203141,2017,2017-18,0.43859649122807015,0.4666666666666667,0.3333333333333333,57,45,12
203145,2017,2017-18,0.42011834319526625,0.39416058394160586,0.43781094527363185,676,274,402
203186,2017,2017-18,0.6694214876033058,0.5,0.6722689075630253,121,2,119
203200,2017,2017-18,0.37084398976982097,0.3585746102449889,0.38738738738738737,782,449,333
203210,2017,2017-18,0.4569672131147541,0.33858267716535434,0.4986149584487535,488,127,361
203382,2017,2017-18,0.47085201793721976,0.14285714285714285,0.48705882352941177,446,21,425
203457,2017,2017-18,0.5238095238095238,0.0,0.5288461538461539,105,1,104
203458,2017,2017-18,0.5661375661375662,0.3333333333333333,0.568,378,3,375
203459,2017,2017-18,0.407496977025393,0.37781954887218044,0.4610169491525424,827,532,295
203460,2017,2017-18,0.5370370370370371,0.2222222222222222,0.626984126984127,162,36,126
203463,2017,2017-18,0.42091152815013405,0.34591194968553457,0.4766355140186916,373,159,214
203464,2017,2017-18,0.4330708661417323,0.2777777777777778,0.547945205479452,127,54,73
203468,2017,2017-18,0.44318936877076415,0.39705882352941174,0.4645286686103013,1505,476,1029
203469,2017,2017-18,0.5448717948717948,0.6666666666666666,0.5424836601307189,156,3,153
203471,2017,2017-18,0.4363001745200698,0.2900763358778626,0.4796380090497738,1146,262,884
203473,2017,2017-18,0.5241090146750524,0.3546099290780142,0.5952380952380952,477,141,336
203476,2017,2017-18,0.4793814432989691,0.3114754098360656,0.5107033639143731,388,61,327
203477,2017,2017-18,0.3795620437956204,0.3333333333333333,0.4225352112676056,137,66,71
203481,2017,2017-18,0.375,0.2,0.6666666666666666,16,10,6
203482,2017,2017-18,0.4968553459119497,0.37857142857142856,0.5898876404494382,636,280,356
203484,2017,2017-18,0.42606516290726815,0.38313253012048193,0.4725848563968668,798,415,383
203485,2017,2017-18,0.4117647058823529,0.16666666666666666,0.5454545454545454,34,12,22
203486,2017,2017-18,0.6005434782608695,0.0,0.6021798365122616,368,1,367
203487,2017,2017-18,0.3318777292576419,0.23728813559322035,0.36470588235294116,229,59,170
203488,2017,2017-18,0.4583333333333333,0.3712574850299401,0.5586206896551724,312,167,145
203489,2017,2017-18,0.16666666666666666,0.0,0.16666666666666666,6,0,6
203490,2017,2017-18,0.5028248587570622,0.44089456869009586,0.5367132867132867,885,313,572
203493,2017,2017-18,0.489010989010989,0.44483985765124556,0.5358490566037736,546,281,265
203496,2017,2017-18,0.4126794258373206,0.3690909090909091,0.4965034965034965,836,550,286
203497,2017,2017-18,0.6216216216216216,0.0,0.6216216216216216,444,0,444
203498,2017,2017-18,0.44680851063829785,0.25925925925925924,0.4782608695652174,188,27,161
203499,2017,2017-18,0.3835616438356164,0.36046511627906974,0.39849624060150374,219,86,133
203500,2017,2017-18,0.6292134831460674,0.0,0.6309859154929578,712,2,710
203501,2017,2017-18,0.4205607476635514,0.3170731707317073,0.515695067264574,856,410,446
203503,2017,2017-18,0.43529411764705883,0.40298507462686567,0.49044585987261147,425,268,157
203504,2017,2017-18,0.5026041666666666,0.3619047619047619,0.5555555555555556,384,105,279
203505,2017,2017-18,0.2,0.0,0.3333333333333333,5,2,3
203506,2017,2017-18,0.47690014903129657,0.3709677419354839,0.5275330396475771,1342,434,908
203507,2017,2017-18,0.5292439372325249,0.30714285714285716,0.5538827258320127,1402,140,1262
203512,2017,2017-18,0.6125,0.2631578947368421,0.7213114754098361,80,19,61
203516,2017,2017-18,0.4739583333333333,0.3333333333333333,0.5670995670995671,384,153,231
203518,2017,2017-18,0.3951890034364261,0.38009049773755654,0.44285714285714284,291,221,70
203521,2017,2017-18,0.3618421052631579,0.3717948717948718,0.35135135135135137,152,78,74
203524,2017,2017-18,0.2682926829268293,0.19047619047619047,0.35,41,21,20
203526,2017,2017-18,0.45695364238410596,0.40425531914893614,0.4807692307692308,151,47,104
203530,2017,2017-18,0.5157894736842106,0.0,0.5297297297297298,190,5,185
203546,2017,2017-18,0.4484848484848485,0.31794871794871793,0.5333333333333333,495,195,300
203580,2017,2017-18,0.2916666666666667,0.3333333333333333,0.26666666666666666,24,9,15
203584,2017,2017-18,0.40347826086956523,0.39956331877729256,0.4188034188034188,575,458,117
203585,2017,2017-18,0.4931506849315068,0.42857142857142855,0.5526315789473685,73,35,38
203613,2017,2017-18,0.4651773981603154,0.3382352941176471,0.5116696588868941,761,204,557
203687,2017,2017-18,0.5,0.5,0.0,2,2,0
203705,2017,2017-18,0.32608695652173914,0.36363636363636365,0.2916666666666667,46,22,24
203710,2017,2017-18,0.4416243654822335,0.28205128205128205,0.5462184873949579,197,78,119
203816,2017,2017-18,0.0,0.0,0.0,1,0,1
203894,2017,2017-18,0.4199623352165725,0.3761467889908257,0.4504792332268371,531,218,313
203897,2017,2017-18,0.38309859154929576,0.34146341463414637,0.4051724137931034,355,123,232
203898,2017,2017-18,0.41964285714285715,0.25,0.47619047619047616,224,56,168
203900,2017,2017-18,0.2857142857142857,0.2,0.5,7,5,2
203901,2017,2017-18,0.49325337331334335,0.32608695652173914,0.52,667,92,575
203903,2017,2017-18,0.45073375262054505,0.3522012578616352,0.5,954,318,636
203914,2017,2017-18,0.4845814977973568,0.39593908629441626,0.5525291828793775,908,394,514
203915,2017,2017-18,0.38663484486873506,0.325635103926097,0.45185185185185184,838,433,405
203917,2017,2017-18,0.38961038961038963,0.4,0.37037037037037035,154,100,54
203918,2017,2017-18,0.42876165113182424,0.3813813813813814,0.4665071770334928,751,333,418
203920,2017,2017-18,0.5396825396825397,0.0,0.5396825396825397,126,0,126
203922,2017,2017-18,0.4235294117647059,0.4117647058823529,0.43137254901960786,85,34,51
203923,2017,2017-18,0.35714285714285715,0.3,0.5,14,10,4
203924,2017,2017-18,0.5350877192982456,0.2909090909090909,0.6127167630057804,456,110,346
203925,2017,2017-18,0.49114331723027377,0.41899441340782123,0.5893536121673004,621,358,263
203926,2017,2017-18,0.46653543307086615,0.42592592592592593,0.4965753424657534,508,216,292
203930,2017,2017-18,0.3741496598639456,0.3194444444444444,0.4266666666666667,294,144,150
203932,2017,2017-18,0.43352601156069365,0.3362573099415205,0.497131931166348,865,342,523
203933,2017,2017-18,0.49764816556914393,0.2222222222222222,0.5231243576567317,1063,90,973
203935,2017,2017-18,0.36699029126213595,0.30120481927710846,0.42857142857142855,515,249,266
203937,2017,2017-18,0.5273972602739726,0.3333333333333333,0.5564304461942258,438,57,381
203939,2017,2017-18,0.5930232558139535,0.3333333333333333,0.6560693641618497,430,84,346
203940,2017,2017-18,0.7,0.6666666666666666,0.7142857142857143,10,3,7
203943,2017,2017-18,0.4444444444444444,0.30303030303030304,0.5,234,66,168
203944,2017,2017-18,0.5575221238938053,0.2222222222222222,0.5750873108265425,904,45,859
203948,2017,2017-18,0.39766081871345027,0.32558139534883723,0.421875,171,43,128
203949,2017,2017-18,0.2857142857142857,0.2857142857142857,0.0,7,7,0
203952,2017,2017-18,0.4376923076923077,0.33136094674556216,0.47505197505197505,1300,338,962
203953,2017,2017-18,0.4819277108433735,0.38271604938271603,0.5139442231075697,332,81,251
203954,2017,2017-18,0.48295454545454547,0.308411214953271,0.5273159144893111,1056,214,842
203957,2017,2017-18,0.4827586206896552,0.2777777777777778,0.5362318840579711,87,18,69
203960,2017,2017-18,0.5432098765432098,0.5,0.5492957746478874,81,10,71
203961,2017,2017-18,0.5409836065573771,0.0,0.5409836065573771,122,0,122
203962,2017,2017-18,0.32967032967032966,0.28695652173913044,0.40298507462686567,182,115,67
203966,2017,2017-18,0.4691358024691358,0.42857142857142855,0.6111111111111112,81,63,18
203967,2017,2017-18,0.45280898876404496,0.39348370927318294,0.5010183299389002,890,399,491
203991,2017,2017-18,0.6523668639053254,0.0,0.6533333333333333,676,1,675
203992,2017,2017-18,0.44559585492227977,0.39209726443769,0.4853273137697517,772,329,443
203994,2017,2017-18,0.5047318611987381,0.0,0.5084745762711864,951,7,944
203998,2017,2017-18,0.2903225806451613,0.17647058823529413,0.42857142857142855,31,17,14
203999,2017,2017-18,0.499009900990099,0.3964285714285714,0.5383561643835616,1010,280,730
204001,2017,2017-18,0.43869516310461193,0.39473684210526316,0.45385779122541603,889,228,661
204020,2017,2017-18,0.4345991561181435,0.36728395061728397,0.4909560723514212,711,324,387
204022,2017,2017-18,0.48148148148148145,0.0,0.48148148148148145,27,0,27
204025,2017,2017-18,0.3953488372093023,0.30357142857142855,0.4396551724137931,172,56,116
204028,2017,2017-18,0.5905511811023622,0.09090909090909091,0.6379310344827587,127,11,116
204037,2017,2017-18,0.3472222222222222,0.3617021276595745,0.32,72,47,25
204038,2017,2017-18,0.37058823529411766,0.3440366972477064,0.4180327868852459,340,218,122
204060,2017,2017-18,0.46657381615598886,0.4396551724137931,0.515748031496063,718,464,254
204065,2017,2017-18,0.6666666666666666,0.6666666666666666,0.0,3,3,0
204066,2017,2017-18,0.288135593220339,0.3055555555555556,0.2608695652173913,59,36,23
204067,2017,2017-18,0.0,0.0,0.0,2,2,0
204098,2017,2017-18,0.16666666666666666,0.0,0.25,6,2,4
204179,2017,2017-18,0.42857142857142855,0.3333333333333333,0.5555555555555556,21,12,9
204456,2017,2017-18,0.498812351543943,0.43548387096774194,0.5097493036211699,421,62,359
1626143,2017,2017-18,0.5579710144927537,0.25,0.5671641791044776,138,4,134
1626144,2017,2017-18,0.38783269961977185,0.31756756756756754,0.41534391534391535,526,148,378
1626145,2017,2017-18,0.4573170731707317,0.3488372093023256,0.5276381909547738,328,129,199
1626147,2017,2017-18,0.4306930693069307,0.3300970873786408,0.5353535353535354,202,103,99
1626148,2017,2017-18,1.0,1.0,0.0,1,1,0
1626149,2017,2017-18,0.635036496350365,0.14285714285714285,0.6414048059149723,548,7,541
1626150,2017,2017-18,0.4219114219114219,0.33098591549295775,0.46689895470383275,429,142,287
1626151,2017,2017-18,0.2753623188405797,0.20930232558139536,0.38461538461538464,69,43,26
1626153,2017,2017-18,0.4652777777777778,0.3660130718954248,0.5197132616487455,432,153,279
1626154,2017,2017-18,0.35,0.21428571428571427,0.6666666666666666,20,14,6
1626155,2017,2017-18,0.4942084942084942,0.16666666666666666,0.592964824120603,259,60,199
1626156,2017,2017-18,0.41369047619047616,0.3237410071942446,0.47715736040609136,672,278,394
1626157,2017,2017-18,0.5452218430034129,0.42105263157894735,0.5851183765501691,1172,285,887
1626158,2017,2017-18,0.5601659751037344,0.12903225806451613,0.6238095238095238,241,31,210
1626159,2017,2017-18,0.42418032786885246,0.3798449612403101,0.4401114206128134,488,129,359
1626161,2017,2017-18,0.5019404915912031,0.25,0.5059132720105125,773,12,761
1626162,2017,2017-18,0.40253164556962023,0.34146341463414637,0.45605700712589076,790,369,421
1626163,2017,2017-18,0.42877094972067037,0.3795620437956204,0.4592760180995475,716,274,442
1626164,2017,2017-18,0.4316888045540797,0.3828125,0.4597014925373134,1054,384,670
1626166,2017,2017-18,0.4046511627906977,0.38461538461538464,0.41935483870967744,215,91,124
1626167,2017,2017-18,0.4788732394366197,0.35668789808917195,0.5186721991701245,639,157,482
1626168,2017,2017-18,0.4909090909090909,0.38073394495412843,0.5632530120481928,550,218,332
1626169,2017,2017-18,0.375,0.2863247863247863,0.4386503067484663,560,234,326
1626170,2017,2017-18,0.415506958250497,0.32620320855614976,0.46835443037974683,503,187,316
1626171,2017,2017-18,0.47102342786683105,0.35874439461883406,0.5136054421768708,811,223,588
1626172,2017,2017-18,0.5803108808290155,0.2,0.5904255319148937,193,5,188
1626173,2017,2017-18,0.4107142857142857,0.3783783783783784,0.47368421052631576,56,37,19
1626175,2017,2017-18,0.47560975609756095,0.125,0.5606060606060606,82,16,66
1626177,2017,2017-18,0.5641025641025641,0.0,0.5641025641025641,39,0,39
1626178,2017,2017-18,0.4723756906077348,0.24074074074074073,0.491044776119403,724,54,670
1626179,2017,2017-18,0.395,0.3805970149253731,0.40954773869346733,800,402,398
1626181,2017,2017-18,0.40106951871657753,0.2849462365591398,0.5159574468085106,374,186,188
1626185,2017,2017-18,0.44556451612903225,0.3469387755102041,0.46984924623115576,496,98,398
1626188,2017,2017-18,0.48412698412698413,0.4423076923076923,0.5135135135135135,252,104,148
1626191,2017,2017-18,0.42857142857142855,0.125,0.5,42,8,34
1626192,2017,2017-18,0.4230769230769231,0.3523809523809524,0.5055555555555555,390,210,180
1626195,2017,2017-18,0.5548780487804879,0.4166666666666667,0.5657894736842105,164,12,152
1626196,2017,2017-18,0.45084745762711864,0.37797619047619047,0.49544626593806923,885,336,549
1626199,2017,2017-18,0.2631578947368421,0.0,0.38461538461538464,19,6,13
1626202,2017,2017-18,0.43010752688172044,0.3787878787878788,0.4583333333333333,186,66,120
1626203,2017,2017-18,0.4343891402714932,0.41237113402061853,0.45161290322580644,221,97,124
1626204,2017,2017-18,0.5811138014527845,0.16666666666666666,0.5935162094763092,413,12,401
1626205,2017,2017-18,0.6,0.0,0.6,5,0,5
1626209,2017,2017-18,0.44246353322528365,0.33707865168539325,0.5228571428571429,617,267,350
1626210,2017,2017-18,0.3888888888888889,0.0,0.3888888888888889,18,0,18
1626220,2017,2017-18,0.4225352112676056,0.3559322033898305,0.46987951807228917,284,118,166
1626224,2017,2017-18,0.4838709677419355,0.367816091954023,0.5858585858585859,186,87,99
1626242,2017,2017-18,0.0,0.0,0.0,1,0,1
1626245,2017,2017-18,0.5906976744186047,0.0,0.596244131455399,215,2,213
1626246,2017,2017-18,0.5337837837837838,0.0,0.5337837837837838,148,0,148
1626257,2017,2017-18,0.6423357664233577,0.0,0.6567164179104478,137,3,134
1626259,2017,2017-18,0.4642857142857143,0.38095238095238093,0.7142857142857143,28,21,7
1626643,2017,2017-18,0.5,0.0,1.0,2,1,1
1626780,2017,2017-18,0.6086956521739131,0.5,0.7272727272727273,23,12,11
1627098,2017,2017-18,0.3824561403508772,0.3709677419354839,0.391304347826087,285,124,161
1627215,2017,2017-18,0.4375,1.0,0.4,16,1,15
1627362,2017,2017-18,0.4418604651162791,0.36363636363636365,0.46875,43,11,32
1627732,2017,2017-18,0.5450901803607214,0.0,0.5511651469098278,998,11,987
1627733,2017,2017-18,0.38636363636363635,0.36645962732919257,0.42592592592592593,484,322,162
1627734,2017,2017-18,0.5143721633888049,0.35135135135135137,0.5240384615384616,661,37,624
1627735,2017,2017-18,0.6666666666666666,0.8,0.625,21,5,16
1627736,2017,2017-18,0.4101123595505618,0.34146341463414637,0.46875,178,82,96
1627737,2017,2017-18,0.42348008385744235,0.29473684210526313,0.5087108013937283,477,190,287
1627738,2017,2017-18,0.6075471698113207,0.0,0.6075471698113207,265,0,265
1627739,2017,2017-18,0.4294294294294294,0.3208955223880597,0.4567669172932331,666,134,532
1627740,2017,2017-18,0.363013698630137,0.3333333333333333,0.38372093023255816,146,60,86
1627741,2017,2017-18,0.44587352625937837,0.43137254901960786,0.45714285714285713,933,408,525
1627742,2017,2017-18,0.4704336399474376,0.3904761904761905,0.48323170731707316,761,105,656
1627743,2017,2017-18,0.3888888888888889,0.14285714285714285,0.5454545454545454,18,7,11
1627744,2017,2017-18,0.47619047619047616,0.0,0.4878048780487805,42,1,41
1627745,2017,2017-18,0.5,0.0,0.5,22,0,22
1627746,2017,2017-18,0.44759825327510916,0.35294117647058826,0.4594594594594595,458,51,407
1627747,2017,2017-18,0.43537414965986393,0.3469387755102041,0.47959183673469385,735,245,490
1627748,2017,2017-18,0.41139240506329117,0.2980769230769231,0.4669811320754717,316,104,212
1627749,2017,2017-18,0.4433497536945813,0.2647058823529412,0.4539130434782609,609,34,575
1627750,2017,2017-18,0.4510357815442561,0.37844036697247707,0.5015974440894568,1062,436,626
1627751,2017,2017-18,0.6588541666666666,0.5,0.6596858638743456,384,2,382
1627752,2017,2017-18,0.4256410256410256,0.3851203501094092,0.4613899613899614,975,457,518
1627753,2017,2017-18,0.1875,0.10526315789473684,0.3076923076923077,32,19,13
1627755,2017,2017-18,0.38838475499092556,0.2876712328767123,0.4246913580246914,551,146,405
1627756,2017,2017-18,0.4174757281553398,0.3864864864864865,0.45014245014245013,721,370,351
1627758,2017,2017-18,0.3389830508474576,0.3333333333333333,0.34615384615384615,59,33,26
1627759,2017,2017-18,0.46450809464508097,0.3954248366013072,0.5070422535211268,803,306,497
1627761,2017,2017-18,0.4140625,0.36666666666666664,0.42857142857142855,128,30,98
1627762,2017,2017-18,0.5,0.0,0.6,6,1,5
1627763,2017,2017-18,0.4850894632206759,0.38509316770186336,0.5321637426900585,503,161,342
1627767,2017,2017-18,0.5795454545454546,0.0,0.5795454545454546,176,0,176
1627770,2017,2017-18,0.3,0.21052631578947367,0.3333333333333333,70,19,51
1627772,2017,2017-18,0.45454545454545453,0.4,0.5,11,5,6
1627774,2017,2017-18,0.2978723404255319,0.2,0.37037037037037035,47,20,27
1627775,2017,2017-18,0.4088888888888889,0.2375,0.503448275862069,225,80,145
1627777,2017,2017-18,0.36363636363636365,0.0,0.5714285714285714,11,4,7
1627778,2017,2017-18,0.4,0.0,0.4,5,0,5
1627779,2017,2017-18,0.2857142857142857,0.25,0.3333333333333333,14,8,6
1627780,2017,2017-18,0.40540540540540543,0.24,0.4897959183673469,74,25,49
1627781,2017,2017-18,0.3333333333333333,0.3,0.36,90,40,50
1627782,2017,2017-18,0.4312267657992565,0.4016393442622951,0.4557823129251701,269,122,147
1627783,2017,2017-18,0.5080321285140562,0.2196969696969697,0.6120218579234973,498,132,366
1627785,2017,2017-18,0.46511627906976744,0.3888888888888889,0.4852941176470588,86,18,68
1627786,2017,2017-18,0.46788990825688076,0.2894736842105263,0.5633802816901409,109,38,71
1627788,2017,2017-18,0.2857142857142857,0.29411764705882354,0.2727272727272727,28,17,11
1627789,2017,2017-18,0.37453183520599254,0.33544303797468356,0.43119266055045874,267,158,109
1627790,2017,2017-18,0.7313432835820896,0.0,0.7313432835820896,67,0,67
1627812,2017,2017-18,0.426027397260274,0.3732590529247911,0.477088948787062,730,359,371
1627814,2017,2017-18,0.40789473684210525,0.25,0.5108695652173914,152,60,92
1627816,2017,2017-18,0.4230769230769231,0.36363636363636365,0.4666666666666667,26,11,15
1627817,2017,2017-18,0.3333333333333333,0.0,1.0,3,2,1
1627819,2017,2017-18,0.41794871794871796,0.25,0.4612903225806452,390,80,310
1627820,2017,2017-18,0.44534412955465585,0.25,0.4830917874396135,247,40,207
1627821,2017,2017-18,0.25,0.21052631578947367,0.4,24,19,5
1627823,2017,2017-18,0.38666666666666666,0.28,0.6,75,50,25
1627824,2017,2017-18,0.4262295081967213,0.32432432432432434,0.5833333333333334,61,37,24
1627826,2017,2017-18,0.5,0.0,0.5041322314049587,122,1,121
1627827,2017,2017-18,0.38016528925619836,0.29850746268656714,0.48148148148148145,121,67,54
1627832,2017,2017-18,0.42568807339449544,0.41379310344827586,0.43661971830985913,545,261,284
1627834,2017,2017-18,0.42857142857142855,0.0,0.42857142857142855,42,0,42
1627835,2017,2017-18,0.34615384615384615,0.33636363636363636,0.3548387096774194,234,110,124
1627846,2017,2017-18,0.33557046979865773,0.35384615384615387,0.32142857142857145,149,65,84
1627850,2017,2017-18,0.3333333333333333,0.0,0.3333333333333333,3,0,3
1627851,2017,2017-18,0.0,0.0,0.0,2,0,2
1627852,2017,2017-18,0.0,0.0,0.0,2,2,0
1627853,2017,2017-18,0.4146341463414634,0.2903225806451613,0.8,41,31,10
1627854,2017,2017-18,0.42052313883299797,0.39035087719298245,0.44609665427509293,497,228,269
1627855,2017,2017-18,0.4375,0.36363636363636365,0.6,16,11,5
1627856,2017,2017-18,0.5,0.0,0.5,4,0,4
1627858,2017,2017-18,0.3838383838383838,0.23529411764705882,0.4146341463414634,99,17,82
1627863,2017,2017-18,0.43410852713178294,0.25862068965517243,0.5774647887323944,129,58,71
1627866,2017,2017-18,0.5833333333333334,0.0,0.5833333333333334,12,0,12
1627875,2017,2017-18,0.4375,0.26666666666666666,0.5151515151515151,48,15,33
1627883,2017,2017-18,0.38235294117647056,0.38461538461538464,0.38095238095238093,68,26,42
1627884,2017,2017-18,0.39622641509433965,0.16666666666666666,0.5142857142857142,53,18,35
1627885,2017,2017-18,0.47580645161290325,0.23076923076923078,0.5408163265306123,124,26,98
1627936,2017,2017-18,0.43103448275862066,0.3023255813953488,0.5068493150684932,116,43,73
1627982,2017,2017-18,0.2682926829268293,0.23076923076923078,0.2857142857142857,41,13,28
1627988,2017,2017-18,0.3761467889908257,0.3275862068965517,0.43137254901960786,109,58,51
1628021,2017,2017-18,0.47754137115839246,0.34615384615384615,0.49595687331536387,423,52,371
1628035,2017,2017-18,0.5333333333333333,0.3333333333333333,0.8333333333333334,15,9,6
1628365,2017,2017-18,0.40540540540540543,0.0,0.4090909090909091,111,1,110
1628366,2017,2017-18,0.3599290780141844,0.3050847457627119,0.4200743494423792,564,295,269
1628367,2017,2017-18,0.41738197424892703,0.2626728110599078,0.4643356643356643,932,217,715
1628368,2017,2017-18,0.411543287327478,0.30718954248366015,0.4363354037267081,797,153,644
1628369,2017,2017-18,0.4754491017964072,0.43388429752066116,0.4924114671163575,835,242,593
1628370,2017,2017-18,0.36,0.34156378600823045,0.38461538461538464,425,243,182
1628371,2017,2017-18,0.3793103448275862,0.34782608695652173,0.3939393939393939,145,46,99
1628372,2017,2017-18,0.39453125,0.31268436578171094,0.43503649635036495,1024,339,685
1628373,2017,2017-18,0.364,0.3184713375796178,0.3848396501457726,500,157,343
1628374,2017,2017-18,0.43387470997679817,0.36159600997506236,0.4967462039045553,862,401,461
1628378,2017,2017-18,0.4368575624082232,0.34,0.5024630541871922,1362,550,812
1628379,2017,2017-18,0.443010752688172,0.4153846153846154,0.46296296296296297,465,195,270
1628380,2017,2017-18,0.39792387543252594,0.30973451327433627,0.45454545454545453,289,113,176
1628381,2017,2017-18,0.5761467889908257,0.3404255319148936,0.5983935742971888,545,47,498
1628382,2017,2017-18,0.441527446300716,0.3081081081081081,0.5470085470085471,419,185,234
1628383,2017,2017-18,0.5,0.0,0.5,2,0,2
1628384,2017,2017-18,0.47109826589595377,0.37055837563451777,0.6040268456375839,346,197,149
1628386,2017,2017-18,0.5894206549118388,0.3333333333333333,0.599476439790576,397,15,382
1628387,2017,2017-18,0.4444444444444444,0.0,0.4444444444444444,9,0,9
1628388,2017,2017-18,0.47058823529411764,0.42857142857142855,0.48936170212765956,136,42,94
1628389,2017,2017-18,0.5117647058823529,0.0,0.5225225225225225,340,7,333
1628390,2017,2017-18,0.41420118343195267,0.3333333333333333,0.6122448979591837,169,120,49
1628391,2017,2017-18,0.5625,0.4,0.6363636363636364,16,5,11
1628393,2017,2017-18,0.35177865612648224,0.2777777777777778,0.37185929648241206,253,54,199
1628395,2017,2017-18,0.6270270270270271,0.0,0.6408839779005525,185,4,181
1628396,2017,2017-18,0.2727272727272727,0.0,0.3,11,1,10
1628397,2017,2017-18,0.5657894736842105,0.0,0.5657894736842105,152,0,152
1628398,2017,2017-18,0.4504331087584216,0.3663594470046083,0.5107438016528926,1039,434,605
1628400,2017,2017-18,0.34574468085106386,0.32,0.3968253968253968,188,125,63
1628401,2017,2017-18,0.48484848484848486,0.6153846153846154,0.4,33,13,20
1628403,2017,2017-18,0.4,0.125,0.4423076923076923,60,8,52
1628404,2017,2017-18,0.4693333333333333,0.39593908629441626,0.550561797752809,375,197,178
1628405,2017,2017-18,0.5333333333333333,0.16666666666666666,0.5652173913043478,75,6,69
1628407,2017,2017-18,0.375,0.2558139534883721,0.40939597315436244,192,43,149
1628408,2017,2017-18,0.5,0.0,0.5,2,0,2
1628409,2017,2017-18,0.3783783783783784,0.3103448275862069,0.625,74,58,16
1628410,2017,2017-18,1.0,0.0,1.0,1,0,1
1628411,2017,2017-18,0.42660550458715596,0.1956521739130435,0.4883720930232558,218,46,172
1628412,2017,2017-18,0.37894736842105264,0.36046511627906974,0.3843537414965986,380,86,294
1628414,2017,2017-18,0.4291845493562232,0.3770491803278688,0.4476744186046512,233,61,172
1628415,2017,2017-18,0.44041450777202074,0.3560606060606061,0.484251968503937,772,264,508
1628416,2017,2017-18,0.3769633507853403,0.36180904522613067,0.39344262295081966,382,199,183
1628418,2017,2017-18,0.38095238095238093,0.1,0.6363636363636364,21,10,11
1628420,2017,2017-18,0.6666666666666666,0.0,0.8,6,1,5
1628421,2017,2017-18,0.3333333333333333,0.0,0.3333333333333333,3,0,3
1628422,2017,2017-18,0.4472049689440994,0.3235294117647059,0.5376344086021505,161,68,93
1628424,2017,2017-18,0.42328042328042326,0.28205128205128205,0.46,189,39,150
1628425,2017,2017-18,0.4,0.3516483516483517,0.43859649122807015,205,91,114
1628429,2017,2017-18,0.14285714285714285,0.125,0.16666666666666666,14,8,6
1628432,2017,2017-18,0.2894736842105263,0.2894736842105263,0.2894736842105263,76,38,38
1628436,2017,2017-18,0.392,0.35443037974683544,0.45652173913043476,125,79,46
1628439,2017,2017-18,0.4583333333333333,0.2222222222222222,0.49206349206349204,72,9,63
1628443,2017,2017-18,0.2727272727272727,0.0,0.5454545454545454,22,11,11
1628444,2017,2017-18,0.5769230769230769,0.42857142857142855,0.631578947368421,26,7,19
1628449,2017,2017-18,0.0,0.0,0.0,1,1,0
1628451,2017,2017-18,0.25,0.5,0.0,4,2,2
1628455,2017,2017-18,0.38317757009345793,0.2653061224489796,0.4349775784753363,321,98,223
1628462,2017,2017-18,0.41944444444444445,0.3793103448275862,0.4921875,360,232,128
1628463,2017,2017-18,0.4407894736842105,0.3595505617977528,0.5555555555555556,152,89,63
1628464,2017,2017-18,0.5407725321888412,0.3103448275862069,0.6171428571428571,233,58,175
1628467,2017,2017-18,0.4886731391585761,0.3125,0.6132596685082873,309,128,181
1628469,2017,2017-18,0.3706293706293706,0.28846153846153844,0.4175824175824176,143,52,91
1628470,2017,2017-18,0.45255474452554745,0.29310344827586204,0.569620253164557,137,58,79
1628475,2017,2017-18,0.3333333333333333,0.2,1.0,6,5,1
1628476,2017,2017-18,0.32,0.4117647058823529,0.125,25,17,8
1628492,2017,2017-18,0.3333333333333333,0.4,0.0,18,15,3
1628493,2017,2017-18,0.5714285714285714,0.0,0.5714285714285714,7,0,7
1628495,2017,2017-18,0.2765957446808511,0.17391304347826086,0.375,47,23,24
1628499,2017,2017-18,0.38095238095238093,0.75,0.29411764705882354,21,4,17
1628502,2017,2017-18,0.3333333333333333,0.25,0.4117647058823529,33,16,17
1628503,2017,2017-18,0.3924050632911392,0.27586206896551724,0.46,79,29,50
1628504,2017,2017-18,0.2857142857142857,0.07142857142857142,0.39285714285714285,42,14,28
1628506,2017,2017-18,0.15384615384615385,0.0,0.2,13,3,10
1628510,2017,2017-18,0.3424657534246575,0.3673469387755102,0.2916666666666667,73,49,24
1628513,2017,2017-18,1.0,1.0,0.0,1,1,0
1628537,2017,2017-18,0.40625,0.2,0.5,32,10,22
1628571,2017,2017-18,0.0,0.0,0.0,2,1,1
1628681,2017,2017-18,0.32710280373831774,0.25,0.4,107,52,55
1628935,2017,2017-18,0.3333333333333333,0.25,0.4,9,4,5
1713,2018,2018-19,0.4188034188034188,0.38924050632911394,0.48026315789473684,468,316,152
1717,2018,2018-19,0.35904255319148937,0.3121951219512195,0.4152046783625731,376,205,171
2037,2018,2018-19,0.3972602739726027,0.3316831683168317,0.4533898305084746,438,202,236
2199,2018,2018-19,0.6161616161616161,0.0,0.6224489795918368,99,1,98
2200,2018,2018-19,0.44680851063829785,0.46153846153846156,0.4444444444444444,94,13,81
2225,2018,2018-19,0.46004319654427644,0.2549019607843137,0.4854368932038835,463,51,412
2403,2018,2018-19,0.5172413793103449,0.0,0.5309734513274337,116,3,113
2544,2018,2018-19,0.5095890410958904,0.3394495412844037,0.58203125,1095,327,768
2546,2018,2018-19,0.4049586776859504,0.328125,0.49122807017543857,121,64,57
2548,2018,2018-19,0.43333333333333335,0.32950191570881227,0.4721030042918455,960,261,699
2585,2018,2018-19,0.44041450777202074,0.0,0.4497354497354497,193,4,189
2594,2018,2018-19,0.4161490683229814,0.39655172413793105,0.4666666666666667,483,348,135
2617,2018,2018-19,0.3333333333333333,0.0,0.5238095238095238,33,12,21
2730,2018,2018-19,0.6231884057971014,0.0,0.6231884057971014,69,0,69
2733,2018,2018-19,0.5190476190476191,0.0,0.5240384615384616,210,2,208
2734,2018,2018-19,0.3804034582132565,0.31,0.47619047619047616,347,200,147
2736,2018,2018-19,0.5,0.3181818181818182,0.6081081081081081,118,44,74
2738,2018,2018-19,0.5,0.3333333333333333,0.6518987341772152,302,144,158
2747,2018,2018-19,0.34177215189873417,0.3076923076923077,0.375,79,39,40
2772,2018,2018-19,0.39945652173913043,0.33410138248847926,0.49337748344370863,736,434,302
101106,2018,2018-19,0.5,0.0,0.5,36,0,36
101107,2018,2018-19,0.4217791411042945,0.36649214659685864,0.5,652,382,270
101108,2018,2018-19,0.41944444444444445,0.35774647887323946,0.4794520547945205,720,355,365
101109,2018,2018-19,0.4074074074074074,0.32786885245901637,0.47297297297297297,135,61,74
101112,2018,2018-19,0.36752136752136755,0.4050632911392405,0.2894736842105263,117,79,38
101123,2018,2018-19,0.39965397923875434,0.35374149659863946,0.5474452554744526,578,441,137
101133,2018,2018-19,0.4519230769230769,0.1875,0.5,104,16,88
101139,2018,2018-19,0.36012861736334406,0.33004926108374383,0.4166666666666667,311,203,108
101141,2018,2018-19,0.43832020997375326,0.3625,0.49321266968325794,381,160,221
101150,2018,2018-19,0.4253075571177504,0.36082474226804123,0.4474616292798111,1138,291,847
101161,2018,2018-19,0.5031847133757962,0.3,0.5726495726495726,157,40,117
101162,2018,2018-19,0.532258064516129,0.0,0.532258064516129,186,0,186
101181,2018,2018-19,0.375,0.24561403508771928,0.49206349206349204,120,57,63
200746,2018,2018-19,0.5185746777862017,0.23809523809523808,0.5277995301487862,1319,42,1277
200752,2018,2018-19,0.5040214477211796,0.40217391304347827,0.5373665480427047,746,184,562
200755,2018,2018-19,0.44011684518013633,0.39669421487603307,0.5023696682464455,1027,605,422
200757,2018,2018-19,0.47651006711409394,0.4358974358974359,0.5211267605633803,149,78,71
200765,2018,2018-19,0.4050925925925926,0.3591549295774648,0.42758620689655175,432,142,290
200768,2018,2018-19,0.41136671177266576,0.3465783664459161,0.513986013986014,739,453,286
200782,2018,2018-19,0.39579349904397704,0.3772609819121447,0.4485294117647059,523,387,136
200794,2018,2018-19,0.4842105263157895,0.36477987421383645,0.5217391304347826,665,159,506
200826,2018,2018-19,0.41818181818181815,0.296875,0.4785992217898833,385,128,257
201142,2018,2018-19,0.5213304410701374,0.35309278350515466,0.5869346733668341,1383,388,995
201143,2018,2018-19,0.5352697095435685,0.35960591133004927,0.6038461538461538,723,203,520
201144,2018,2018-19,0.4375,0.36384976525821594,0.4827089337175792,1120,426,694
201145,2018,2018-19,0.4745269286754003,0.346875,0.5858310626702997,687,320,367
201147,2018,2018-19,0.43089430894308944,0.3181818181818182,0.4936708860759494,123,44,79
201149,2018,2018-19,0.5164319248826291,0.0,0.5188679245283019,213,1,212
201152,2018,2018-19,0.5267538644470868,0.3493150684931507,0.5640287769784172,841,146,695
201156,2018,2018-19,0.3333333333333333,0.375,0.0,9,8,1
201158,2018,2018-19,0.41304347826086957,0.3721518987341772,0.46779661016949153,690,395,295
201160,2018,2018-19,0.3559322033898305,0.34615384615384615,0.36363636363636365,59,26,33
201162,2018,2018-19,0.4225941422594142,0.3509933774834437,0.5454545454545454,239,151,88
201163,2018,2018-19,0.4175824175824176,0.37341772151898733,0.4782608695652174,273,158,115
201188,2018,2018-19,0.4482758620689655,0.3626373626373626,0.48743718592964824,870,273,597
201229,2018,2018-19,0.38223938223938225,0.3767441860465116,0.4090909090909091,259,215,44
201281,2018,2018-19,0.0,0.0,0.0,6,3,3
201563,2018,2018-19,0.49019607843137253,0.17647058823529413,0.5294117647058824,153,17,136
201565,2018,2018-19,0.4820717131474104,0.3698630136986301,0.5090609555189456,753,146,607
201566,2018,2018-19,0.42769857433808556,0.2895377128953771,0.4811676082862524,1473,411,1062
201567,2018,2018-19,0.38515901060070673,0.36054421768707484,0.4117647058823529,283,147,136
201568,2018,2018-19,0.4626696832579186,0.4327956989247312,0.484375,884,372,512
201569,2018,2018-19,0.4093816631130064,0.36,0.4970414201183432,938,600,338
201571,2018,2018-19,0.46971935007385524,0.4212218649517685,0.5109289617486339,677,311,366
201572,2018,2018-19,0.45165394402035625,0.365234375,0.6131386861313869,786,512,274
201573,2018,2018-19,0.3565217391304348,0.29591836734693877,0.4015151515151515,230,98,132
201577,2018,2018-19,0.5682242990654206,0.22580645161290322,0.5892857142857143,535,31,504
201580,2018,2018-19,0.62402496099844,0.08333333333333333,0.6343402225755167,641,12,629
201583,2018,2018-19,0.30434782608695654,0.225,0.41379310344827586,69,40,29
201584,2018,2018-19,0.4108527131782946,0.2909090909090909,0.5,129,55,74
201585,2018,2018-19,0.477124183006536,0.0,0.477124183006536,153,0,153
201586,2018,2018-19,0.5290763968072976,0.28994082840236685,0.5861581920903954,877,169,708
201587,2018,2018-19,0.4501779359430605,0.38926174496644295,0.5189393939393939,562,298,264
201588,2018,2018-19,0.4521276595744681,0.3137254901960784,0.547085201793722,376,153,223
201599,2018,2018-19,0.6412556053811659,0.0,0.6412556053811659,446,0,446
201601,2018,2018-19,0.4444444444444444,0.3333333333333333,0.5,18,6,12
201609,2018,2018-19,0.4133949191685912,0.3475609756097561,0.45353159851301117,433,164,269
201933,2018,2018-19,0.4615958240119314,0.3620689655172414,0.525030525030525,1341,522,819
201935,2018,2018-19,0.4415924567836564,0.36770428015564205,0.5278093076049943,1909,1028,881
201936,2018,2018-19,0.3893939393939394,0.35648148148148145,0.40540540540540543,660,216,444
201937,2018,2018-19,0.4041095890410959,0.3110236220472441,0.453781512605042,730,254,476
201939,2018,2018-19,0.4716417910447761,0.43703703703703706,0.5245283018867924,1340,810,530
201942,2018,2018-19,0.4805788271134806,0.15555555555555556,0.4921135646687697,1313,45,1268
201949,2018,2018-19,0.43271767810026385,0.33557046979865773,0.4956521739130435,379,149,230
201950,2018,2018-19,0.4719585849870578,0.325068870523416,0.5389447236180904,1159,363,796
201952,2018,2018-19,0.4230769230769231,0.3333333333333333,0.4533762057877814,416,105,311
201954,2018,2018-19,0.4673748103186646,0.4072164948453608,0.4924731182795699,659,194,465
201956,2018,2018-19,0.5341614906832298,0.3488372093023256,0.6016949152542372,161,43,118
201959,2018,2018-19,0.5661080074487895,0.3235294117647059,0.5825049701789264,537,34,503
201960,2018,2018-19,0.3947826086956522,0.3419354838709677,0.45660377358490567,575,310,265
201961,2018,2018-19,0.4026258205689278,0.3709677419354839,0.5411764705882353,457,372,85
201967,2018,2018-19,0.47468354430379744,0.46153846153846156,0.4838709677419355,158,65,93
201973,2018,2018-19,0.4591549295774648,0.3670212765957447,0.562874251497006,355,188,167
201975,2018,2018-19,0.5384615384615384,0.4444444444444444,0.6190476190476191,39,18,21
201976,2018,2018-19,0.40670859538784065,0.3971631205673759,0.4205128205128205,477,282,195
201980,2018,2018-19,0.4650793650793651,0.45517241379310347,0.48717948717948717,630,435,195
201988,2018,2018-19,0.4253393665158371,0.3935643564356436,0.4749034749034749,663,404,259
202066,2018,2018-19,0.42190669371196754,0.3409090909090909,0.5152838427947598,493,264,229
202083,2018,2018-19,0.3997134670487106,0.37220843672456577,0.43728813559322033,698,403,295
202322,2018,2018-19,0.4438405797101449,0.30177514792899407,0.5065274151436031,552,169,383
202323,2018,2018-19,0.4604966139954853,0.21153846153846154,0.4936061381074169,443,52,391
202324,2018,2018-19,0.5864297253634895,0.21794871794871795,0.6395563770794824,619,78,541
202325,2018,2018-19,0.3515625,0.32894736842105265,0.38461538461538464,128,76,52
202326,2018,2018-19,0.4797843665768194,0.2736842105263158,0.5507246376811594,371,95,276
202327,2018,2018-19,0.6944444444444444,0.0,0.6944444444444444,72,0,72
202328,2018,2018-19,0.48677248677248675,0.2,0.4945652173913043,189,5,184
202329,2018,2018-19,0.433389544688027,0.34285714285714286,0.5143769968051118,593,280,313
202330,2018,2018-19,0.46614173228346456,0.3333333333333333,0.5420792079207921,635,231,404
202331,2018,2018-19,0.43804213135068154,0.3857331571994716,0.48424737456242706,1614,757,857
202334,2018,2018-19,0.6158940397350994,0.0,0.62,302,2,300
202335,2018,2018-19,0.3744292237442922,0.3357664233576642,0.43902439024390244,219,137,82
202339,2018,2018-19,0.4840370751802266,0.32891246684350134,0.5824915824915825,971,377,594
202340,2018,2018-19,0.40789473684210525,0.3510204081632653,0.4462809917355372,608,245,363
202347,2018,2018-19,0.5,0.3333333333333333,0.575,58,18,40
202355,2018,2018-19,0.5705882352941176,0.125,0.5813253012048193,680,16,664
202357,2018,2018-19,0.47892074198988194,0.40077821011673154,0.5386904761904762,593,257,336
202362,2018,2018-19,0.42592592592592593,0.37055837563451777,0.4723404255319149,432,197,235
202391,2018,2018-19,0.4399260628465804,0.29411764705882354,0.5169491525423728,541,187,354
202397,2018,2018-19,0.41922290388548056,0.32592592592592595,0.4548022598870056,489,135,354
202498,2018,2018-19,0.39593908629441626,0.27848101265822783,0.4745762711864407,197,79,118
202681,2018,2018-19,0.48670427074939565,0.4009216589861751,0.5328376703841388,1241,434,807
202683,2018,2018-19,0.5490483162518301,0.29411764705882354,0.5624036979969184,683,34,649
202684,2018,2018-19,0.5289473684210526,0.0,0.5289473684210526,380,0,380
202685,2018,2018-19,0.5594795539033457,0.2916666666666667,0.5857142857142857,538,48,490
202687,2018,2018-19,0.5705128205128205,0.0,0.5705128205128205,156,0,156
202688,2018,2018-19,0.38076923076923075,0.3178294573643411,0.44274809160305345,260,129,131
202689,2018,2018-19,0.4340855106888361,0.35567715458276333,0.49422875131164745,1684,731,953
202690,2018,2018-19,0.27586206896551724,0.0,0.5,29,13,16
202691,2018,2018-19,0.46718972895863053,0.4023372287145242,0.5155666251556662,1402,599,803
202692,2018,2018-19,0.4050632911392405,0.3630952380952381,0.42810457516339867,474,168,306
202693,2018,2018-19,0.4214876033057851,0.33497536945812806,0.48398576512455516,484,203,281
202694,2018,2018-19,0.4466824644549763,0.37532133676092544,0.5076923076923077,844,389,455
202695,2018,2018-19,0.49601417183348095,0.3708609271523179,0.5417170495767836,1129,302,827
202696,2018,2018-19,0.517725258493353,0.36363636363636365,0.5494211932324132,1354,231,1123
202697,2018,2018-19,0.3744394618834081,0.34798534798534797,0.4161849710982659,446,273,173
202699,2018,2018-19,0.48724082934609253,0.3969465648854962,0.5284552845528455,1254,393,861
202700,2018,2018-19,0.5,0.0,0.5,6,0,6
202702,2018,2018-19,0.5886792452830188,0.32,0.6166666666666667,265,25,240
202703,2018,2018-19,0.43911439114391143,0.36477987421383645,0.5446428571428571,542,318,224
202704,2018,2018-19,0.42120343839541546,0.36942675159235666,0.4635416666666667,1047,471,576
202705,2018,2018-19,0.44970414201183434,0.2777777777777778,0.5304347826086957,169,54,115
202709,2018,2018-19,0.4124087591240876,0.3216374269005848,0.4535809018567639,548,171,377
202710,2018,2018-19,0.46238938053097345,0.3471502590673575,0.4936708860759494,904,193,711
202711,2018,2018-19,0.4966698382492864,0.42487046632124353,0.5383458646616541,1051,386,665
202714,2018,2018-19,0.4044665012406948,0.35384615384615387,0.42857142857142855,403,130,273
202718,2018,2018-19,0.37362637362637363,0.30851063829787234,0.4431818181818182,182,94,88
202720,2018,2018-19,0.584070796460177,0.09090909090909091,0.6372549019607843,113,11,102
202722,2018,2018-19,0.4503311258278146,0.4289940828402367,0.5130434782608696,453,338,115
202734,2018,2018-19,0.48120300751879697,0.4318181818181818,0.5056179775280899,532,176,356
202738,2018,2018-19,0.3434343434343434,0.27906976744186046,0.39285714285714285,99,43,56
202954,2018,2018-19,0.47619047619047616,0.41025641025641024,0.5151515151515151,105,39,66
203076,2018,2018-19,0.5165692007797271,0.3310344827586207,0.547105561861521,1026,145,881
203077,2018,2018-19,0.4759036144578313,0.3404255319148936,0.4982456140350877,332,47,285
203078,2018,2018-19,0.4748290863890615,0.35067114093959734,0.5478775913129319,1609,596,1013
203079,2018,2018-19,0.41422594142259417,0.3771626297577855,0.4708994708994709,478,289,189
203081,2018,2018-19,0.44422700587084146,0.36858475894245724,0.49887640449438203,1533,643,890
203082,2018,2018-19,0.42843232716650437,0.3833922261484099,0.4837310195227766,1027,566,461
203083,2018,2018-19,0.5332699619771863,0.13157894736842105,0.5483234714003945,1052,38,1014
203084,2018,2018-19,0.4196689386562804,0.3945578231292517,0.43856655290102387,1027,441,586
203085,2018,2018-19,0.40559440559440557,0.3180428134556575,0.5224489795918368,572,327,245
203086,2018,2018-19,0.5454545454545454,0.45045045045045046,0.6259541984732825,242,111,131
203087,2018,2018-19,0.4402451481103167,0.3484848484848485,0.4869029275808937,979,330,649
203089,2018,2018-19,0.4626865671641791,0.3548387096774194,0.5555555555555556,67,31,36
203090,2018,2018-19,0.48711340206185566,0.275,0.582089552238806,388,120,268
203092,2018,2018-19,0.5333333333333333,0.0,0.5517241379310345,30,1,29
203093,2018,2018-19,0.25,0.0,0.5,4,2,2
203095,2018,2018-19,0.43779232927970063,0.34,0.5088852988691438,1069,450,619
203098,2018,2018-19,0.4,0.3793103448275862,0.425531914893617,105,58,47
203101,2018,2018-19,0.6666666666666666,0.0,0.6666666666666666,48,0,48
203107,2018,2018-19,0.4849056603773585,0.3950617283950617,0.5244565217391305,530,162,368
203109,2018,2018-19,0.3989962358845671,0.3314176245210728,0.5272727272727272,797,522,275
203110,2018,2018-19,0.44549763033175355,0.28484848484848485,0.5486381322957199,422,165,257
203112,2018,2018-19,0.2222222222222222,0.13333333333333333,0.6666666666666666,18,15,3
203114,2018,2018-19,0.44076655052264807,0.37763713080168776,0.48516320474777447,1148,474,674
203115,2018,2018-19,0.40217391304347827,0.34183673469387754,0.44696969696969696,460,196,264
203118,2018,2018-19,0.4,0.4007936507936508,0.39880952380952384,420,252,168
203121,2018,2018-19,0.390495867768595,0.36538461538461536,0.4666666666666667,484,364,120
203124,2018,2018-19,0.5073529411764706,0.08333333333333333,0.5483870967741935,136,12,124
203145,2018,2018-19,0.402315484804631,0.32,0.46547314578005117,691,300,391
203159,2018,2018-19,0.6666666666666666,1.0,0.6,6,1,5
203200,2018,2018-19,0.3861003861003861,0.34838709677419355,0.4423076923076923,777,465,312
203210,2018,2018-19,0.4831932773109244,0.4034090909090909,0.53,476,176,300
203263,2018,2018-19,0.35294117647058826,0.32,0.4444444444444444,34,25,9
203382,2018,2018-19,0.47085201793721976,0.3442622950819672,0.5185185185185185,223,61,162
203457,2018,2018-19,0.5869565217391305,0.0,0.5869565217391305,276,0,276
203458,2018,2018-19,0.49382716049382713,0.3627450980392157,0.5540540540540541,648,204,444
203459,2018,2018-19,0.3672922252010724,0.3783783783783784,0.34210526315789475,373,259,114
203463,2018,2018-19,0.390625,0.4146341463414634,0.34782608695652173,64,41,23
203468,2018,2018-19,0.4593724859211585,0.3752808988764045,0.506265664160401,1243,445,798
203469,2018,2018-19,0.5507246376811594,0.2727272727272727,0.5696594427244582,345,22,323
203471,2018,2018-19,0.41394927536231885,0.34065934065934067,0.45,1104,364,740
203473,2018,2018-19,0.4923954372623574,0.3824884792626728,0.56957928802589,526,217,309
203474,2018,2018-19,0.5,0.0,0.5,2,0,2
203476,2018,2018-19,0.5013262599469496,0.3392857142857143,0.5295950155763239,377,56,321
203477,2018,2018-19,0.3902439024390244,0.3541666666666667,0.4411764705882353,164,96,68
203482,2018,2018-19,0.4627659574468085,0.3542319749216301,0.6040816326530613,564,319,245
203484,2018,2018-19,0.4298941798941799,0.3471264367816092,0.5420560747663551,756,435,321
203485,2018,2018-19,0.323943661971831,0.21428571428571427,0.3953488372093023,71,28,43
203486,2018,2018-19,0.5927601809954751,0.2,0.6018518518518519,442,10,432
203487,2018,2018-19,0.37398373983739835,0.2631578947368421,0.4235294117647059,123,38,85
203488,2018,2018-19,0.40166204986149584,0.34765625,0.5333333333333333,361,256,105
203490,2018,2018-19,0.46500777604976673,0.40625,0.5038759689922481,643,256,387
203493,2018,2018-19,0.41245791245791247,0.37659033078880405,0.48258706467661694,594,393,201
203496,2018,2018-19,0.430939226519337,0.37777777777777777,0.5182481751824818,362,225,137
203497,2018,2018-19,0.6685393258426966,0.0,0.6685393258426966,712,0,712
203500,2018,2018-19,0.5945611866501854,0.0,0.5960346964064436,809,2,807
203501,2018,2018-19,0.39274924471299094,0.33962264150943394,0.4418604651162791,993,477,516
203503,2018,2018-19,0.4515235457063712,0.39705882352941174,0.5222929936305732,361,204,157
203504,2018,2018-19,0.4306569343065693,0.3522012578616352,0.46272493573264784,548,159,389
203506,2018,2018-19,0.42346938775510207,0.3425925925925926,0.47043010752688175,588,216,372
203507,2018,2018-19,0.5781876503608661,0.2561576354679803,0.6408045977011494,1247,203,1044
203516,2018,2018-19,0.46938775510204084,0.3525641025641026,0.6014492753623188,294,156,138
203518,2018,2018-19,0.35668789808917195,0.3228346456692913,0.5,157,127,30
203521,2018,2018-19,0.4049586776859504,0.3384615384615385,0.48214285714285715,242,130,112
203524,2018,2018-19,0.38202247191011235,0.31683168316831684,0.4675324675324675,178,101,77
203526,2018,2018-19,0.45962732919254656,0.3333333333333333,0.5346534653465347,161,60,101
203546,2018,2018-19,0.39425587467362927,0.32673267326732675,0.4696132596685083,383,202,181
203552,2018,2018-19,0.4559139784946237,0.450199203187251,0.46261682242990654,465,251,214
203564,2018,2018-19,0.0,0.0,0.0,1,1,0
203584,2018,2018-19,0.4109090909090909,0.38144329896907214,0.48148148148148145,275,194,81
203585,2018,2018-19,0.403470715835141,0.3511111111111111,0.4533898305084746,461,225,236
203613,2018,2018-19,0.38,0.2692307692307692,0.4268292682926829,350,104,246
203710,2018,2018-19,0.4857142857142857,0.3125,0.631578947368421,35,16,19
203894,2018,2018-19,0.38850574712643676,0.3333333333333333,0.4492753623188406,435,228,207
203895,2018,2018-19,0.46923076923076923,0.2857142857142857,0.5368421052631579,130,35,95
203897,2018,2018-19,0.4669603524229075,0.37383177570093457,0.5036855036855037,1135,321,814
203901,2018,2018-19,0.4344660194174757,0.3142857142857143,0.4755700325732899,412,105,307
203903,2018,2018-19,0.4483050847457627,0.3235955056179775,0.5238095238095238,1180,445,735
203914,2018,2018-19,0.423861852433281,0.33884297520661155,0.4759493670886076,637,242,395
203915,2018,2018-19,0.4420289855072464,0.33513513513513515,0.5283842794759825,828,370,458
203917,2018,2018-19,0.40236686390532544,0.3723404255319149,0.44,338,188,150
203918,2018,2018-19,0.43517138599105815,0.3559322033898305,0.4781609195402299,671,236,435
203920,2018,2018-19,0.6026490066225165,0.0,0.6066666666666667,151,1,150
203922,2018,2018-19,0.42045454545454547,0.2903225806451613,0.49122807017543857,176,62,114
203924,2018,2018-19,0.49696233292831105,0.3924914675767918,0.5547169811320755,823,293,530
203925,2018,2018-19,0.5,0.4740932642487047,0.5276243093922652,748,386,362
203926,2018,2018-19,0.490521327014218,0.4077669902912621,0.5694444444444444,422,206,216
203932,2018,2018-19,0.44933078393881454,0.34870317002881845,0.49928469241773965,1046,347,699
203933,2018,2018-19,0.486088379705401,0.42777777777777776,0.5104408352668214,611,180,431
203935,2018,2018-19,0.42151675485008816,0.36416184971098264,0.5113122171945701,567,346,221
203937,2018,2018-19,0.5434782608695652,0.2647058823529412,0.5826446280991735,276,34,242
203939,2018,2018-19,0.5967078189300411,0.30708661417322836,0.6991643454038997,486,127,359
203943,2018,2018-19,0.47045454545454546,0.3357664233576642,0.5313531353135313,440,137,303
203944,2018,2018-19,0.5243342516069789,0.3435897435897436,0.5637583892617449,1089,195,894
203952,2018,2018-19,0.4119106699751861,0.3390804597701149,0.4413472706155633,1209,348,861
203953,2018,2018-19,0.49265687583444595,0.3128205128205128,0.555956678700361,749,195,554
203954,2018,2018-19,0.4837364470391993,0.30038022813688214,0.5352564102564102,1199,263,936
203957,2018,2018-19,0.4190871369294606,0.2903225806451613,0.46368715083798884,241,62,179
203960,2018,2018-19,0.5370370370370371,0.35714285714285715,0.6,54,14,40
203961,2018,2018-19,0.42857142857142855,1.0,0.3333333333333333,7,1,6
203967,2018,2018-19,0.4367816091954023,0.3653250773993808,0.49865951742627346,696,323,373
203991,2018,2018-19,0.6475409836065574,0.0,0.6475409836065574,732,0,732
203992,2018,2018-19,0.4183082271147161,0.3602150537634409,0.4623217922606925,863,372,491
203994,2018,2018-19,0.5084745762711864,0.10344827586206896,0.5232120451693852,826,29,797
203998,2018,2018-19,0.4266666666666667,0.36923076923076925,0.5052631578947369,225,130,95
203999,2018,2018-19,0.5107794361525705,0.3074074074074074,0.5694444444444444,1206,270,936
204020,2018,2018-19,0.41254752851711024,0.34615384615384615,0.4774436090225564,526,260,266
204025,2018,2018-19,0.4444444444444444,0.36633663366336633,0.49375,261,101,160
204038,2018,2018-19,0.38841567291311757,0.35526315789473684,0.4492753623188406,587,380,207
204060,2018,2018-19,0.4476309226932668,0.391304347826087,0.5329153605015674,802,483,319
204456,2018,2018-19,0.5250596658711217,0.3333333333333333,0.5464190981432361,419,42,377
1626143,2018,2018-19,0.585635359116022,0.2,0.5910364145658263,362,5,357
1626144,2018,2018-19,0.44594594594594594,0.32857142857142857,0.49245283018867925,740,210,530
1626145,2018,2018-19,0.4147982062780269,0.31746031746031744,0.453125,446,126,320
1626147,2018,2018-19,0.40764331210191085,0.3116883116883117,0.5,157,77,80
1626149,2018,2018-19,0.6148648648648649,0.17647058823529413,0.6234213547646383,888,17,871
1626150,2018,2018-19,0.3018867924528302,0.2,0.39285714285714285,53,25,28
1626153,2018,2018-19,0.4336917562724014,0.2976190476190476,0.49230769230769234,558,168,390
1626154,2018,2018-19,0.46153846153846156,0.4,0.6666666666666666,13,10,3
1626155,2018,2018-19,0.46875,0.3064516129032258,0.520618556701031,256,62,194
1626156,2018,2018-19,0.43441001977587346,0.36850393700787404,0.481859410430839,1517,635,882
1626157,2018,2018-19,0.5182648401826484,0.4,0.5620437956204379,1314,355,959
1626158,2018,2018-19,0.6082191780821918,0.0,0.6082191780821918,365,0,365
1626159,2018,2018-19,0.4325767690253672,0.375,0.46247464503042596,749,256,493
1626161,2018,2018-19,0.5560053981106613,0.5,0.5561569688768606,741,2,739
1626162,2018,2018-19,0.44536817102137766,0.31952662721893493,0.5297619047619048,842,338,504
1626163,2018,2018-19,0.46308724832214765,0.3597122302158273,0.5534591194968553,298,139,159
1626164,2018,2018-19,0.46693227091633466,0.32608695652173914,0.5362663495838288,1255,414,841
1626166,2018,2018-19,0.4304932735426009,0.2976190476190476,0.5107913669064749,223,84,139
1626167,2018,2018-19,0.48717948717948717,0.3877551020408163,0.5205479452054794,780,196,584
1626168,2018,2018-19,0.41818181818181815,0.255,0.5288135593220339,495,200,295
1626169,2018,2018-19,0.3886363636363636,0.28837209302325584,0.48444444444444446,440,215,225
1626170,2018,2018-19,0.41818181818181815,0.36363636363636365,0.4727272727272727,220,110,110
1626171,2018,2018-19,0.4442675159235669,0.39267015706806285,0.4668192219679634,628,191,437
1626172,2018,2018-19,0.6253602305475504,0.1,0.6409495548961425,347,10,337
1626174,2018,2018-19,0.5213675213675214,0.34615384615384615,0.5714285714285714,117,26,91
1626178,2018,2018-19,0.4106776180698152,0.1836734693877551,0.4360730593607306,487,49,438
1626179,2018,2018-19,0.38738738738738737,0.35311572700296734,0.42249240121580545,666,337,329
1626181,2018,2018-19,0.4825,0.4,0.5434782608695652,400,170,230
1626184,2018,2018-19,0.41935483870967744,0.4,0.4411764705882353,217,115,102
1626185,2018,2018-19,0.41346153846153844,0.3508771929824561,0.48936170212765956,104,57,47
1626188,2018,2018-19,0.4646924829157175,0.405,0.5146443514644351,439,200,239
1626192,2018,2018-19,0.4657142857142857,0.33,0.6466666666666666,350,200,150
1626195,2018,2018-19,0.5186440677966102,0.38461538461538464,0.5390625,295,39,256
1626196,2018,2018-19,0.41228070175438597,0.3565217391304348,0.4575971731448763,1026,460,566
1626203,2018,2018-19,0.33507853403141363,0.296875,0.4126984126984127,191,128,63
1626204,2018,2018-19,0.5198329853862212,0.336734693877551,0.5669291338582677,479,98,381
1626209,2018,2018-19,0.41163793103448276,0.27631578947368424,0.4775641025641026,464,152,312
1626210,2018,2018-19,0.6153846153846154,0.0,0.6666666666666666,13,1,12
1626220,2018,2018-19,0.4752186588921283,0.38636363636363635,0.5688622754491018,343,176,167
1626224,2018,2018-19,0.4265402843601896,0.34759358288770054,0.48936170212765956,844,374,470
1626245,2018,2018-19,0.5307262569832403,0.0,0.5428571428571428,179,4,175
1626246,2018,2018-19,0.6153846153846154,0.4,0.624,260,10,250
1626257,2018,2018-19,0.49107142857142855,0.3235294117647059,0.5641025641025641,112,34,78
1626259,2018,2018-19,0.4230769230769231,0.47619047619047616,0.2,26,21,5
1626296,2018,2018-19,1.0,1.0,0.0,1,1,0
1627215,2018,2018-19,0.4367816091954023,0.4,0.43902439024390244,87,5,82
1627395,2018,2018-19,0.3333333333333333,0.20833333333333334,0.4583333333333333,48,24,24
1627732,2018,2018-19,0.5625,0.0,0.5660377358490566,960,6,954
1627733,2018,2018-19,0.4467005076142132,0.21782178217821782,0.6875,197,101,96
1627734,2018,2018-19,0.59,0.5294117647058824,0.5915080527086384,700,17,683
1627735,2018,2018-19,0.30303030303030304,0.2222222222222222,0.3333333333333333,33,9,24
1627736,2018,2018-19,0.4735413839891452,0.4024691358024691,0.5602409638554217,737,405,332
1627737,2018,2018-19,0.37222222222222223,0.2222222222222222,0.4722222222222222,180,72,108
1627738,2018,2018-19,0.6818181818181818,0.0,0.7142857142857143,22,1,21
1627739,2018,2018-19,0.424901185770751,0.3541666666666667,0.44146341463414634,506,96,410
1627740,2018,2018-19,0.4105263157894737,0.4473684210526316,0.38596491228070173,95,38,57
1627741,2018,2018-19,0.45808823529411763,0.4270353302611367,0.48660084626234135,1360,651,709
1627742,2018,2018-19,0.49657064471879286,0.32978723404255317,0.521259842519685,729,94,635
1627743,2018,2018-19,0.5333333333333333,0.3333333333333333,0.6666666666666666,15,6,9
1627745,2018,2018-19,0.7162162162162162,0.0,0.7162162162162162,74,0,74
1627746,2018,2018-19,0.5306122448979592,0.46153846153846156,0.5555555555555556,49,13,36
1627747,2018,2018-19,0.42857142857142855,0.3116883116883117,0.48328267477203646,483,154,329
1627748,2018,2018-19,0.40671641791044777,0.3202614379084967,0.5217391304347826,268,153,115
1627750,2018,2018-19,0.4373401534526854,0.3671497584541063,0.4756258234519104,1173,414,759
1627751,2018,2018-19,0.6448275862068965,0.0,0.6448275862068965,290,0,290
1627752,2018,2018-19,0.44107744107744107,0.3904761904761905,0.4982078853046595,594,315,279
1627753,2018,2018-19,1.0,0.0,1.0,1,0,1
1627758,2018,2018-19,0.2,0.07692307692307693,0.42857142857142855,20,13,7
1627759,2018,2018-19,0.46464646464646464,0.3442028985507246,0.5290697674418605,792,276,516
1627761,2018,2018-19,0.44642857142857145,0.28901734104046245,0.5079006772009029,616,173,443
1627763,2018,2018-19,0.5053475935828877,0.4262295081967213,0.5436507936507936,748,244,504
1627767,2018,2018-19,0.6199261992619927,0.25,0.6254681647940075,271,4,267
1627772,2018,2018-19,0.38333333333333336,0.34782608695652173,0.40540540540540543,60,23,37
1627774,2018,2018-19,0.5094339622641509,0.3259668508287293,0.6460905349794238,424,181,243
1627775,2018,2018-19,0.4126984126984127,0.32142857142857145,0.4857142857142857,63,28,35
1627777,2018,2018-19,0.47513812154696133,0.4095238095238095,0.5657894736842105,181,105,76
1627780,2018,2018-19,0.625,0.5,0.6666666666666666,8,2,6
1627781,2018,2018-19,0.3103448275862069,0.32,0.25,29,25,4
1627782,2018,2018-19,0.4057971014492754,0.3160919540229885,0.4563106796116505,483,174,309
1627783,2018,2018-19,0.5492063492063493,0.3691588785046729,0.6019151846785226,945,214,731
1627786,2018,2018-19,0.4489795918367347,0.3181818181818182,0.5555555555555556,98,44,54
1627788,2018,2018-19,0.4,0.3263888888888889,0.504950495049505,245,144,101
1627789,2018,2018-19,0.3761467889908257,0.3103448275862069,0.45098039215686275,218,116,102
1627790,2018,2018-19,0.552870090634441,0.0,0.552870090634441,331,0,331
1627812,2018,2018-19,0.4346590909090909,0.3624161073825503,0.4876847290640394,352,149,203
1627814,2018,2018-19,0.4409448818897638,0.39705882352941174,0.4915254237288136,127,68,59
1627816,2018,2018-19,0.49382716049382713,0.391304347826087,0.5344827586206896,81,23,58
1627820,2018,2018-19,0.423963133640553,0.21052631578947367,0.4444444444444444,217,19,198
1627823,2018,2018-19,0.4394904458598726,0.36464088397790057,0.5413533834586466,314,181,133
1627824,2018,2018-19,0.45454545454545453,0.32142857142857145,0.5306122448979592,77,28,49
1627826,2018,2018-19,0.5593667546174143,0.0,0.5593667546174143,379,0,379
1627827,2018,2018-19,0.4318181818181818,0.3110236220472441,0.5437956204379562,528,254,274
1627832,2018,2018-19,0.41,0.3783783783783784,0.4407894736842105,600,296,304
1627846,2018,2018-19,0.4232558139534884,0.32,0.5130434782608696,215,100,115
1627853,2018,2018-19,0.4473684210526316,0.37327188940092165,0.527363184079602,418,217,201
1627854,2018,2018-19,0.4563843236409608,0.4261501210653753,0.4894179894179894,791,413,378
1627855,2018,2018-19,0.0,0.0,0.0,2,2,0
1627863,2018,2018-19,0.46825396825396826,0.4157303370786517,0.5945945945945946,252,178,74
1627883,2018,2018-19,0.41935483870967744,0.35714285714285715,0.47058823529411764,62,28,34
1627884,2018,2018-19,0.49382716049382713,0.3076923076923077,0.5665236051502146,324,91,233
1627885,2018,2018-19,0.431924882629108,0.2696629213483146,0.47477744807121663,426,89,337
1627936,2018,2018-19,0.44508670520231214,0.48,0.43089430894308944,173,50,123
1628021,2018,2018-19,0.48091603053435117,0.32,0.5454545454545454,262,75,187
1628035,2018,2018-19,0.48727272727272725,0.3559322033898305,0.5859872611464968,275,118,157
1628070,2018,2018-19,0.4444444444444444,0.5,0.4,18,8,10
1628249,2018,2018-19,0.5,0.0,0.5714285714285714,16,2,14
1628365,2018,2018-19,0.41935483870967744,0.2857142857142857,0.4326241134751773,155,14,141
1628366,2018,2018-19,0.4057017543859649,0.32894736842105265,0.4824561403508772,456,228,228
1628367,2018,2018-19,0.4126040428061831,0.3244444444444444,0.4448051948051948,841,225,616
1628368,2018,2018-19,0.45825771324863884,0.3706896551724138,0.48160919540229885,1102,232,870
1628369,2018,2018-19,0.4498069498069498,0.3729903536977492,0.4827586206896552,1036,311,725
1628370,2018,2018-19,0.3873720136518771,0.3303030303030303,0.4609375,586,330,256
1628371,2018,2018-19,0.4288052373158756,0.3233082706766917,0.5101449275362319,611,266,345
1628372,2018,2018-19,0.4276923076923077,0.32211538461538464,0.47737556561085975,650,208,442
1628373,2018,2018-19,0.33687943262411346,0.28695652173913044,0.3712574850299401,282,115,167
1628374,2018,2018-19,0.43018867924528303,0.3614457831325301,0.4794816414686825,795,332,463
1628378,2018,2018-19,0.4320261437908497,0.3622350674373796,0.4678536102868447,1530,519,1011
1628379,2018,2018-19,0.43846153846153846,0.3940520446096654,0.4860557768924303,520,269,251
1628380,2018,2018-19,0.4725,0.3305785123966942,0.5340501792114696,400,121,279
1628381,2018,2018-19,0.5595667870036101,0.34810126582278483,0.6092124814264487,831,158,673
1628382,2018,2018-19,0.44742268041237115,0.3551020408163265,0.5416666666666666,485,245,240
1628383,2018,2018-19,0.2857142857142857,0.0,0.4,7,2,5
1628384,2018,2018-19,0.452970297029703,0.3316831683168317,0.5742574257425742,404,202,202
1628385,2018,2018-19,0.5028735632183908,0.0,0.5116959064327485,348,6,342
1628386,2018,2018-19,0.5897887323943662,0.13333333333333333,0.6290630975143403,568,45,523
1628387,2018,2018-19,0.0,0.0,0.0,3,0,3
1628388,2018,2018-19,0.5409836065573771,0.25806451612903225,0.5986842105263158,183,31,152
1628389,2018,2018-19,0.5761316872427984,0.2,0.5881104033970276,486,15,471
1628390,2018,2018-19,0.42923433874709976,0.36551724137931035,0.5602836879432624,431,290,141
1628391,2018,2018-19,0.41434262948207173,0.36220472440944884,0.46774193548387094,251,127,124
1628392,2018,2018-19,0.4878048780487805,0.3333333333333333,0.5142857142857142,41,6,35
1628393,2018,2018-19,0.21428571428571427,0.0,0.2727272727272727,14,3,11
1628395,2018,2018-19,0.515625,0.0,0.5210526315789473,192,2,190
1628396,2018,2018-19,0.5,0.0,0.5,16,0,16
1628397,2018,2018-19,0.5471698113207547,0.2,0.5736040609137056,212,15,197
1628398,2018,2018-19,0.4563017479300828,0.3033175355450237,0.5533834586466165,1087,422,665
1628399,2018,2018-19,0.5,0.4,0.625,18,10,8
1628400,2018,2018-19,0.4240506329113924,0.3146067415730337,0.5652173913043478,158,89,69
1628401,2018,2018-19,0.47882136279926335,0.3380281690140845,0.5286783042394015,543,142,401
1628402,2018,2018-19,0.43400447427293065,0.3136094674556213,0.5071942446043165,447,169,278
1628403,2018,2018-19,0.33962264150943394,0.14285714285714285,0.3695652173913043,53,7,46
1628404,2018,2018-19,0.4073275862068966,0.3357664233576642,0.5105263157894737,464,274,190
1628405,2018,2018-19,0.5342465753424658,0.0,0.5571428571428572,73,3,70
1628407,2018,2018-19,0.47470817120622566,0.4367816091954023,0.49411764705882355,257,87,170
1628408,2018,2018-19,0.38095238095238093,0.25,0.46153846153846156,21,8,13
1628410,2018,2018-19,0.34375,0.25925925925925924,0.40540540540540543,64,27,37
1628411,2018,2018-19,0.4124087591240876,0.3670886075949367,0.4307692307692308,274,79,195
1628412,2018,2018-19,0.42011834319526625,0.21875,0.5428571428571428,169,64,105
1628413,2018,2018-19,0.49382716049382713,0.3541666666666667,0.696969696969697,162,96,66
1628414,2018,2018-19,0.3469387755102041,0.2,0.4117647058823529,49,15,34
1628415,2018,2018-19,0.4016393442622951,0.375,0.4146341463414634,122,40,82
1628416,2018,2018-19,0.4053030303030303,0.3333333333333333,0.4772727272727273,264,132,132
1628417,2018,2018-19,0.44339622641509435,0.2564102564102564,0.5522388059701493,106,39,67
1628418,2018,2018-19,0.6155378486055777,0.3333333333333333,0.684863523573201,502,99,403
1628420,2018,2018-19,0.4928774928774929,0.41409691629955947,0.5305263157894737,702,227,475
1628421,2018,2018-19,0.59375,0.0,0.6333333333333333,32,2,30
1628422,2018,2018-19,0.4154727793696275,0.3684210526315789,0.4606741573033708,698,342,356
1628425,2018,2018-19,0.46474358974358976,0.36054421768707484,0.5575757575757576,312,147,165
1628432,2018,2018-19,0.4166666666666667,0.5,0.375,12,4,8
1628436,2018,2018-19,0.37809187279151946,0.3626943005181347,0.4111111111111111,283,193,90
1628439,2018,2018-19,0.5,0.0,0.5,8,0,8
1628443,2018,2018-19,0.46099290780141844,0.4722222222222222,0.45714285714285713,141,36,105
1628449,2018,2018-19,0.4473684210526316,0.32432432432432434,0.5641025641025641,76,37,39
1628462,2018,2018-19,0.425,0.37037037037037035,0.5384615384615384,40,27,13
1628463,2018,2018-19,0.3,0.2,0.4,10,5,5
1628464,2018,2018-19,0.5488721804511278,0.3880597014925373,0.6030150753768844,266,67,199
1628467,2018,2018-19,0.4533678756476684,0.3532110091743119,0.5833333333333334,386,218,168
1628469,2018,2018-19,0.41919191919191917,0.3956043956043956,0.4262295081967213,396,91,305
1628470,2018,2018-19,0.4419889502762431,0.324468085106383,0.5689655172413793,362,188,174
1628505,2018,2018-19,0.5,0.6666666666666666,0.4,8,3,5
1628513,2018,2018-19,0.3,0.18181818181818182,0.4444444444444444,20,11,9
1628515,2018,2018-19,0.39855072463768115,0.3235294117647059,0.4230769230769231,138,34,104
1628518,2018,2018-19,0.625,0.0,0.625,16,0,16
1628537,2018,2018-19,0.4,0.3333333333333333,0.42857142857142855,10,3,7
1628605,2018,2018-19,0.25,0.0,0.42857142857142855,12,5,7
1628656,2018,2018-19,0.4074074074074074,0.0,0.5789473684210527,27,8,19
1628769,2018,2018-19,0.6666666666666666,0.0,1.0,3,1,2
1628959,2018,2018-19,0.3333333333333333,0.25,0.37037037037037035,39,12,27
1628960,2018,2018-19,0.37640449438202245,0.32323232323232326,0.4430379746835443,178,99,79
1628961,2018,2018-19,0.0,0.0,0.0,3,0,3
1628963,2018,2018-19,0.5042492917847026,0.3125,0.5344262295081967,706,96,610
1628964,2018,2018-19,0.48148148148148145,0.3,0.5549132947976878,243,70,173
1628966,2018,2018-19,0.4225352112676056,0.25,0.5222222222222223,142,52,90
1628969,2018,2018-19,0.42984014209591476,0.3354632587859425,0.548,563,313,250
1628970,2018,2018-19,0.4637964774951076,0.325,0.5530546623794212,511,200,311
1628971,2018,2018-19,0.3980891719745223,0.25806451612903225,0.45701357466063347,314,93,221
1628972,2018,2018-19,0.41452991452991456,0.3188405797101449,0.45454545454545453,234,69,165
1628973,2018,2018-19,0.4672566371681416,0.34806629834254144,0.5234375,565,181,384
1628975,2018,2018-19,0.3027027027027027,0.3333333333333333,0.26506024096385544,185,102,83
1628976,2018,2018-19,0.48517520215633425,0.1875,0.5132743362831859,371,32,339
1628977,2018,2018-19,0.45454545454545453,0.16666666666666666,0.5035460992907801,165,24,141
1628978,2018,2018-19,0.4032258064516129,0.26506024096385544,0.6829268292682927,124,83,41
1628979,2018,2018-19,0.6666666666666666,1.0,0.5,3,1,2
1628980,2018,2018-19,0.33962264150943394,0.26666666666666666,0.3684210526315789,53,15,38
1628982,2018,2018-19,0.3333333333333333,0.0,0.4666666666666667,21,6,15
1628983,2018,2018-19,0.4762569832402235,0.3669064748201439,0.5025996533795494,716,139,577
1628984,2018,2018-19,0.3425925925925926,0.2809917355371901,0.42105263157894735,216,121,95
1628988,2018,2018-19,0.40076335877862596,0.33858267716535434,0.45925925925925926,262,127,135
1628989,2018,2018-19,0.4185692541856925,0.38526912181303113,0.45723684210526316,657,353,304
1628990,2018,2018-19,0.45933014354066987,0.28,0.5157232704402516,209,50,159
1628991,2018,2018-19,0.5059422750424448,0.3591549295774648,0.5525727069351231,589,142,447
1628993,2018,2018-19,0.25,0.5,0.21428571428571427,16,2,14
1628995,2018,2018-19,0.36980306345733044,0.3434065934065934,0.38727272727272727,914,364,550
1628999,2018,2018-19,0.25,0.0,0.3333333333333333,4,1,3
1629001,2018,2018-19,0.390625,0.30526315789473685,0.4409937888198758,256,95,161
1629002,2018,2018-19,0.3275862068965517,0.0,0.3392857142857143,58,2,56
1629003,2018,2018-19,0.39080459770114945,0.3181818181818182,0.46511627906976744,87,44,43
1629004,2018,2018-19,0.32857142857142857,0.3258426966292135,0.3333333333333333,140,89,51
1629006,2018,2018-19,0.3858267716535433,0.27906976744186046,0.4641638225255973,508,215,293
1629010,2018,2018-19,0.4,0.3157894736842105,0.49056603773584906,110,57,53
1629011,2018,2018-19,0.6941580756013745,0.0,0.6941580756013745,291,0,291
1629012,2018,2018-19,0.43034825870646765,0.40202702702702703,0.43956043956043955,1206,296,910
1629013,2018,2018-19,0.43087971274685816,0.4217171717171717,0.453416149068323,557,396,161
1629014,2018,2018-19,0.4444444444444444,0.3448275862068966,0.5294117647058824,63,29,34
1629015,2018,2018-19,0.4117647058823529,0.375,0.4444444444444444,34,16,18
1629016,2018,2018-19,0.4016393442622951,0.34375,0.46551724137931033,244,128,116
1629017,2018,2018-19,0.3188405797101449,0.2857142857142857,0.35294117647058826,69,35,34
1629018,2018,2018-19,0.32,0.23809523809523808,0.3793103448275862,50,21,29
1629019,2018,2018-19,0.44787644787644787,0.3939393939393939,0.46632124352331605,518,132,386
1629020,2018,2018-19,0.47368421052631576,0.0,0.5,19,1,18
1629021,2018,2018-19,0.4152046783625731,0.2857142857142857,0.5212765957446809,171,77,94
1629022,2018,2018-19,0.34782608695652173,0.38461538461538464,0.3333333333333333,46,13,33
1629026,2018,2018-19,0.3835125448028674,0.3333333333333333,0.44715447154471544,279,156,123
1629027,2018,2018-19,0.4179936305732484,0.3236514522821577,0.47674418604651164,1256,482,774
1629028,2018,2018-19,0.5850574712643678,0.0,0.5877598152424942,870,4,866
1629029,2018,2018-19,0.4266441821247892,0.32684824902723736,0.5029761904761905,1186,514,672
1629033,2018,2018-19,0.3424657534246575,0.2608695652173913,0.48148148148148145,73,46,27
1629034,2018,2018-19,0.5319148936170213,0.0,0.5681818181818182,47,3,44
1629045,2018,2018-19,0.3333333333333333,0.23809523809523808,0.4444444444444444,39,21,18
1629053,2018,2018-19,0.25,0.25,0.0,4,4,0
1629055,2018,2018-19,0.0,0.0,0.0,2,2,0
1629057,2018,2018-19,0.7058823529411765,0.0,0.7058823529411765,51,0,51
1629058,2018,2018-19,0.4090909090909091,0.1,0.6666666666666666,22,10,12
1629059,2018,2018-19,0.3931034482758621,0.29545454545454547,0.47468354430379744,290,132,158
1629061,2018,2018-19,0.3055555555555556,0.2608695652173913,0.38461538461538464,36,23,13
1629066,2018,2018-19,0.44988864142538976,0.31521739130434784,0.5433962264150943,449,184,265
1629067,2018,2018-19,0.15151515151515152,0.0,0.2,33,8,25
1629093,2018,2018-19,0.0,0.0,0.0,1,0,1
1629094,2018,2018-19,0.48484848484848486,0.5,0.46153846153846156,33,20,13
1629102,2018,2018-19,0.4666666666666667,0.3793103448275862,0.5483870967741935,60,29,31
1629109,2018,2018-19,0.33112582781456956,0.2971014492753623,0.6923076923076923,151,138,13
1629116,2018,2018-19,0.2,0.0,0.2,5,0,5
1629118,2018,2018-19,0.5384615384615384,0.42857142857142855,0.6666666666666666,13,7,6
1629121,2018,2018-19,0.34545454545454546,0.33783783783783783,0.3611111111111111,110,74,36
1629122,2018,2018-19,0.3333333333333333,0.0,0.6,9,4,5
1629123,2018,2018-19,0.3076923076923077,0.23529411764705882,0.36363636363636365,39,17,22
1629126,2018,2018-19,0.4024390243902439,0.2962962962962963,0.45454545454545453,82,27,55
1629130,2018,2018-19,0.391304347826087,0.2857142857142857,0.7272727272727273,46,35,11
1629133,2018,2018-19,0.37037037037037035,0.45454545454545453,0.3125,27,11,16
1629139,2018,2018-19,0.29411764705882354,0.125,0.37142857142857144,51,16,35
1629140,2018,2018-19,0.5909090909090909,0.0,0.6018518518518519,110,2,108
1629147,2018,2018-19,0.3333333333333333,0.0,0.3333333333333333,3,0,3
1629150,2018,2018-19,0.5714285714285714,0.0,0.5714285714285714,7,0,7
1629151,2018,2018-19,0.4523809523809524,0.40860215053763443,0.5757575757575758,126,93,33
1629152,2018,2018-19,0.3,0.0,0.5,10,4,6
1629155,2018,2018-19,0.0,0.0,0.0,1,1,0
1629164,2018,2018-19,0.2608695652173913,0.3333333333333333,0.23529411764705882,23,6,17
1629168,2018,2018-19,0.5,0.42857142857142855,0.5454545454545454,18,7,11
1629185,2018,2018-19,0.25,0.4,0.0,8,5,3
1629203,2018,2018-19,0.36363636363636365,0.2,0.43478260869565216,33,10,23
1629234,2018,2018-19,0.5769230769230769,0.0,0.5769230769230769,26,0,26
1629244,2018,2018-19,0.4230769230769231,0.4117647058823529,0.4444444444444444,78,51,27
1629312,2018,2018-19,0.4,0.2,0.6,10,5,5
1629353,2018,2018-19,0.2857142857142857,0.2727272727272727,0.3,21,11,10
1629541,2018,2018-19,0.2553191489361702,0.29411764705882354,0.15384615384615385,47,34,13
1713,2019,2019-20,0.3519736842105263,0.30198019801980197,0.45098039215686275,304,202,102
2037,2019,2019-20,0.5,0.5,0.5,4,2,2
2199,2019,2019-20,0.7777777777777778,0.0,0.7777777777777778,18,0,18
2544,2019,2019-20,0.49347659247889486,0.34823529411764703,0.5637813211845103,1303,425,878
2546,2019,2019-20,0.4296675191815857,0.38495575221238937,0.447841726618705,782,226,556
2594,2019,2019-20,0.4300341296928328,0.4177215189873418,0.48214285714285715,293,237,56
2617,2019,2019-20,0.36363636363636365,0.3333333333333333,0.375,11,3,8
2730,2019,2019-20,0.7292418772563177,0.6,0.7316176470588235,277,5,272
2738,2019,2019-20,0.4318181818181818,0.2978723404255319,0.5853658536585366,88,47,41
2747,2019,2019-20,0.3181818181818182,0.09090909090909091,0.5454545454545454,22,11,11
2772,2019,2019-20,0.4382716049382716,0.3719806763285024,0.5555555555555556,324,207,117
101107,2019,2019-20,0.44569288389513106,0.358974358974359,0.5675675675675675,267,156,111
101108,2019,2019-20,0.48928974069898534,0.3651315789473684,0.5540308747855918,887,304,583
101133,2019,2019-20,0.49523809523809526,0.19230769230769232,0.5380434782608695,210,26,184
101139,2019,2019-20,0.3220338983050847,0.3142857142857143,0.3333333333333333,59,35,24
101141,2019,2019-20,0.46645367412140576,0.36496350364963503,0.5454545454545454,313,137,176
101150,2019,2019-20,0.41773504273504275,0.3523809523809524,0.45088566827697263,936,315,621
200746,2019,2019-20,0.4930643127364439,0.3885350318471338,0.5188679245283019,793,157,636
200752,2019,2019-20,0.4463087248322148,0.33636363636363636,0.5106382978723404,596,220,376
200755,2019,2019-20,0.4532488114104596,0.4534005037783375,0.452991452991453,631,397,234
200757,2019,2019-20,0.4065934065934066,0.2777777777777778,0.5945945945945946,91,54,37
200765,2019,2019-20,0.4176829268292683,0.328,0.4729064039408867,328,125,203
200768,2019,2019-20,0.41594022415940224,0.351931330472103,0.5044510385756676,803,466,337
200782,2019,2019-20,0.4154929577464789,0.35785953177257523,0.5511811023622047,426,299,127
200794,2019,2019-20,0.4817351598173516,0.43548387096774194,0.5,438,124,314
200826,2019,2019-20,0.4106280193236715,0.3764705882352941,0.4344262295081967,207,85,122
201143,2019,2019-20,0.44992947813822287,0.3498233215547703,0.5164319248826291,709,283,426
201144,2019,2019-20,0.4091710758377425,0.375,0.43729903536977494,567,256,311
201145,2019,2019-20,0.4622093023255814,0.33879781420765026,0.6024844720496895,344,183,161
201147,2019,2019-20,0.5,0.0,0.6666666666666666,4,1,3
201149,2019,2019-20,0.5,0.0,0.5,8,0,8
201152,2019,2019-20,0.4475873544093178,0.35585585585585583,0.5013192612137203,601,222,379
201158,2019,2019-20,0.39171974522292996,0.37640449438202245,0.4117647058823529,314,178,136
201162,2019,2019-20,0.4,0.42857142857142855,0.3333333333333333,60,42,18
201163,2019,2019-20,0.40437158469945356,0.30578512396694213,0.5967741935483871,183,121,62
201188,2019,2019-20,0.4265232974910394,0.38513513513513514,0.4732824427480916,279,148,131
201229,2019,2019-20,0.35714285714285715,0.33793103448275863,0.43243243243243246,182,145,37
201565,2019,2019-20,0.4900398406374502,0.30612244897959184,0.5346534653465347,753,147,606
201566,2019,2019-20,0.4715066354410617,0.25821596244131456,0.5140449438202247,1281,213,1068
201567,2019,2019-20,0.4497936726272352,0.37435897435897436,0.5370919881305638,727,390,337
201568,2019,2019-20,0.43818849449204406,0.4054669703872437,0.47619047619047616,817,439,378
201569,2019,2019-20,0.3693304535637149,0.31683168316831684,0.46875,463,303,160
201571,2019,2019-20,0.39913232104121477,0.3482587064676617,0.43846153846153846,461,201,260
201572,2019,2019-20,0.43517138599105815,0.31384615384615383,0.5491329479768786,671,325,346
201577,2019,2019-20,0.4916387959866221,0.3333333333333333,0.5773195876288659,299,105,194
201580,2019,2019-20,0.6372549019607843,0.5,0.64,306,6,300
201583,2019,2019-20,0.2857142857142857,0.2,0.5,7,5,2
201584,2019,2019-20,0.4878048780487805,0.44680851063829785,0.5428571428571428,82,47,35
201586,2019,2019-20,0.5119402985074627,0.38461538461538464,0.5594262295081968,670,182,488
201587,2019,2019-20,0.345679012345679,0.2857142857142857,0.4375,81,49,32
201588,2019,2019-20,0.5159574468085106,0.4602272727272727,0.565,376,176,200
201599,2019,2019-20,0.6655052264808362,0.0,0.6655052264808362,287,0,287
201601,2019,2019-20,0.4,0.0,0.6666666666666666,5,2,3
201609,2019,2019-20,0.44060773480662985,0.3668639053254438,0.5051813471502591,724,338,386
201933,2019,2019-20,0.352,0.24324324324324326,0.43884892086330934,250,111,139
201935,2019,2019-20,0.4438573315719947,0.35468564650059314,0.555886736214605,1514,843,671
201937,2019,2019-20,0.4147398843930636,0.3611111111111111,0.43907563025210083,692,216,476
201939,2019,2019-20,0.4024390243902439,0.24489795918367346,0.6363636363636364,82,49,33
201942,2019,2019-20,0.5309818875119161,0.2571428571428571,0.5404339250493096,1049,35,1014
201949,2019,2019-20,0.4790697674418605,0.3626373626373626,0.5645161290322581,215,91,124
201950,2019,2019-20,0.4552683896620278,0.35260115606936415,0.509090909090909,1006,346,660
201952,2019,2019-20,0.43558282208588955,0.36752136752136755,0.45698924731182794,489,117,372
201959,2019,2019-20,0.583916083916084,0.2857142857142857,0.5992647058823529,286,14,272
201960,2019,2019-20,0.3787878787878788,0.24242424242424243,0.5151515151515151,66,33,33
201961,2019,2019-20,0.3505747126436782,0.34965034965034963,0.3548387096774194,174,143,31
201976,2019,2019-20,0.4310850439882698,0.3883495145631068,0.4962962962962963,341,206,135
201980,2019,2019-20,0.41561181434599154,0.3669724770642202,0.5238095238095238,474,327,147
201988,2019,2019-20,0.431438127090301,0.38213399503722084,0.5333333333333333,598,403,195
202066,2019,2019-20,0.3781942078364566,0.3290155440414508,0.472636815920398,587,386,201
202083,2019,2019-20,0.3957345971563981,0.36363636363636365,0.472,422,297,125
202323,2019,2019-20,0.373134328358209,0.0,0.4032258064516129,67,5,62
202324,2019,2019-20,0.616519174041298,0.14285714285714285,0.6265060240963856,339,7,332
202329,2019,2019-20,0.29069767441860467,0.25,0.32,86,36,50
202330,2019,2019-20,0.5,0.38288288288288286,0.5543933054393305,700,222,478
202331,2019,2019-20,0.43861892583120204,0.4120734908136483,0.46384039900249374,782,381,401
202334,2019,2019-20,0.4782608695652174,0.0,0.4782608695652174,46,0,46
202335,2019,2019-20,0.40772532188841204,0.38953488372093026,0.45901639344262296,233,172,61
202339,2019,2019-20,0.4751066856330014,0.34418604651162793,0.5327868852459017,703,215,488
202340,2019,2019-20,0.44386422976501305,0.36416184971098264,0.5095238095238095,383,173,210
202355,2019,2019-20,0.6210826210826211,0.5714285714285714,0.6215827338129496,702,7,695
202357,2019,2019-20,0.48085758039816234,0.41875,0.5405405405405406,653,320,333
202397,2019,2019-20,0.44702467343976776,0.3668639053254438,0.47307692307692306,689,169,520
202498,2019,2019-20,0.34782608695652173,0.3076923076923077,0.4,23,13,10
202681,2019,2019-20,0.47836538461538464,0.39436619718309857,0.5218978102189781,416,142,274
202683,2019,2019-20,0.5718390804597702,0.14285714285714285,0.5806451612903226,348,7,341
202684,2019,2019-20,0.5124555160142349,0.391304347826087,0.5176252319109462,562,23,539
202685,2019,2019-20,0.584573748308525,0.3516483516483517,0.6172839506172839,739,91,648
202687,2019,2019-20,0.5431654676258992,0.0,0.5431654676258992,278,0,278
202688,2019,2019-20,0.3532934131736527,0.3435114503816794,0.3888888888888889,167,131,36
202689,2019,2019-20,0.4251968503937008,0.38054968287526425,0.47596153846153844,889,473,416
202692,2019,2019-20,0.41796875,0.3853820598006645,0.43897216274089934,768,301,467
202693,2019,2019-20,0.4432314410480349,0.38596491228070173,0.5,458,228,230
202694,2019,2019-20,0.4382716049382716,0.40804597701149425,0.461038961038961,810,348,462
202695,2019,2019-20,0.46954986760812,0.37846153846153846,0.5061881188118812,1133,325,808
202696,2019,2019-20,0.47725072604065827,0.3391003460207612,0.5309139784946236,1033,289,744
202697,2019,2019-20,0.328125,0.24242424242424243,0.41935483870967744,64,33,31
202699,2019,2019-20,0.47144075021312876,0.36694677871148457,0.5171568627450981,1173,357,816
202704,2019,2019-20,0.4110429447852761,0.3931034482758621,0.425414364640884,326,145,181
202709,2019,2019-20,0.41504854368932037,0.3522012578616352,0.45454545454545453,412,159,253
202710,2019,2019-20,0.4551451187335092,0.24369747899159663,0.4945226917057903,758,119,639
202711,2019,2019-20,0.4470588235294118,0.4135667396061269,0.4790794979079498,935,457,478
202718,2019,2019-20,0.2777777777777778,0.2857142857142857,0.25,18,14,4
202722,2019,2019-20,0.4344262295081967,0.423728813559322,0.47101449275362317,610,472,138
202734,2019,2019-20,0.425629290617849,0.3772455089820359,0.45555555555555555,437,167,270
202738,2019,2019-20,0.4084507042253521,0.4126984126984127,0.4050632911392405,426,189,237
202951,2019,2019-20,0.5,0.42857142857142855,0.5333333333333333,22,7,15
202954,2019,2019-20,0.44751381215469616,0.3627450980392157,0.4807692307692308,362,102,260
203076,2019,2019-20,0.5027372262773723,0.3302752293577982,0.5455580865603644,1096,218,878
203077,2019,2019-20,0.3333333333333333,0.25,0.3695652173913043,66,20,46
203078,2019,2019-20,0.4551036070606293,0.35343035343035345,0.5145985401459854,1303,481,822
203079,2019,2019-20,0.41414141414141414,0.3191489361702128,0.5,99,47,52
203081,2019,2019-20,0.4625648628613788,0.40059347181008903,0.5244444444444445,1349,674,675
203082,2019,2019-20,0.4030732860520095,0.35119047619047616,0.47953216374269003,846,504,342
203083,2019,2019-20,0.5331632653061225,0.14285714285714285,0.5514018691588785,784,35,749
203084,2019,2019-20,0.46027742749054223,0.3805970149253731,0.5009523809523809,793,268,525
203085,2019,2019-20,0.42115768463073855,0.35555555555555557,0.49783549783549785,501,270,231
203086,2019,2019-20,0.5085470085470085,0.4140625,0.6226415094339622,234,128,106
203087,2019,2019-20,0.4509394572025052,0.33544303797468356,0.5077881619937694,479,158,321
203089,2019,2019-20,0.5555555555555556,0.2222222222222222,0.6444444444444445,171,36,135
203090,2019,2019-20,0.5017667844522968,0.3469387755102041,0.5837837837837838,283,98,185
203092,2019,2019-20,0.25,0.0,0.25,4,0,4
203095,2019,2019-20,0.4671689989235737,0.3986175115207373,0.5272727272727272,929,434,495
203107,2019,2019-20,0.4301270417422868,0.32160804020100503,0.4914772727272727,551,199,352
203109,2019,2019-20,0.40142095914742454,0.3426395939086294,0.5384615384615384,563,394,169
203110,2019,2019-20,0.38924050632911394,0.27906976744186046,0.46524064171123,316,129,187
203114,2019,2019-20,0.49736008447729674,0.4152542372881356,0.5463743676222597,947,354,593
203115,2019,2019-20,0.44986449864498645,0.375,0.49777777777777776,738,288,450
203118,2019,2019-20,0.4257142857142857,0.3686635944700461,0.518796992481203,350,217,133
203124,2019,2019-20,0.49411764705882355,0.25925925925925924,0.603448275862069,85,27,58
203145,2019,2019-20,0.37453183520599254,0.3442622950819672,0.4,534,244,290
203200,2019,2019-20,0.4279835390946502,0.40483383685800606,0.4774193548387097,486,331,155
203210,2019,2019-20,0.4289772727272727,0.3865546218487395,0.5175438596491229,352,238,114
203382,2019,2019-20,0.48031496062992124,0.35119047619047616,0.5821596244131455,381,168,213
203457,2019,2019-20,0.6840148698884758,0.3333333333333333,0.6879699248120301,269,3,266
203458,2019,2019-20,0.554858934169279,0.2711864406779661,0.6192307692307693,319,59,260
203459,2019,2019-20,0.3559322033898305,0.3025210084033613,0.46551724137931033,177,119,58
203460,2019,2019-20,0.27586206896551724,0.21428571428571427,0.3333333333333333,29,14,15
203463,2019,2019-20,0.44403669724770645,0.4004424778761062,0.6559139784946236,545,452,93
203468,2019,2019-20,0.4505899705014749,0.37890625,0.4940758293838863,1356,512,844
203469,2019,2019-20,0.524008350730689,0.24,0.5767326732673267,479,75,404
203471,2019,2019-20,0.4694300518134715,0.38461538461538464,0.5125,965,325,640
203473,2019,2019-20,0.4,0.205607476635514,0.5405405405405406,255,107,148
203476,2019,2019-20,0.45604395604395603,0.35526315789473684,0.5283018867924528,364,152,212
203482,2019,2019-20,0.4623115577889447,0.405982905982906,0.5426829268292683,398,234,164
203484,2019,2019-20,0.46745562130177515,0.38493723849372385,0.5410447761194029,507,239,268
203486,2019,2019-20,0.6145833333333334,0.0,0.6254416961130742,288,5,283
203487,2019,2019-20,0.4269230769230769,0.29333333333333333,0.4810810810810811,260,75,185
203488,2019,2019-20,0.4074074074074074,0.3776223776223776,0.5,189,143,46
203490,2019,2019-20,0.44285714285714284,0.3870967741935484,0.48717948717948717,140,62,78
203493,2019,2019-20,0.4017857142857143,0.3333333333333333,0.4690265486725664,224,111,113
203496,2019,2019-20,0.4218533886583679,0.33541666666666664,0.5925925925925926,723,480,243
203497,2019,2019-20,0.6929982046678635,0.0,0.6929982046678635,557,0,557
203500,2019,2019-20,0.5920502092050209,0.3333333333333333,0.5936842105263158,478,3,475
203501,2019,2019-20,0.4343891402714932,0.39766081871345027,0.48517520215633425,884,513,371
203503,2019,2019-20,0.44502617801047123,0.4015748031496063,0.53125,382,254,128
203504,2019,2019-20,0.44976076555023925,0.4266666666666667,0.4626865671641791,209,75,134
203506,2019,2019-20,0.3943089430894309,0.3173076923076923,0.4507042253521127,246,104,142
203507,2019,2019-20,0.5533117932148627,0.3037542662116041,0.6306878306878307,1238,293,945
203516,2019,2019-20,0.4456824512534819,0.3254437869822485,0.5526315789473685,359,169,190
203521,2019,2019-20,0.35428571428571426,0.23076923076923078,0.4880952380952381,175,91,84
203524,2019,2019-20,0.39568345323741005,0.3684210526315789,0.4392523364485981,278,171,107
203526,2019,2019-20,0.45495495495495497,0.38636363636363635,0.5,222,88,134
203552,2019,2019-20,0.49477351916376305,0.4517133956386293,0.549407114624506,574,321,253
203584,2019,2019-20,0.3870967741935484,0.3484848484848485,0.48148148148148145,186,132,54
203585,2019,2019-20,0.39779005524861877,0.2696629213483146,0.5217391304347826,181,89,92
203648,2019,2019-20,0.5,0.0,0.631578947368421,48,10,38
203658,2019,2019-20,0.5208333333333334,0.0,0.5319148936170213,48,1,47
203705,2019,2019-20,0.3333333333333333,0.25,0.36363636363636365,15,4,11
203894,2019,2019-20,0.41228070175438597,0.31666666666666665,0.5185185185185185,456,240,216
203895,2019,2019-20,0.40710382513661203,0.35714285714285715,0.43333333333333335,366,126,240
203897,2019,2019-20,0.44954128440366975,0.38016528925619836,0.4965034965034965,1199,484,715
203901,2019,2019-20,0.43863636363636366,0.2028985507246377,0.48247978436657685,440,69,371
203903,2019,2019-20,0.4544405997693195,0.36803874092009686,0.5330396475770925,867,413,454
203914,2019,2019-20,0.42003853564547206,0.3333333333333333,0.47896440129449835,519,210,309
203915,2019,2019-20,0.4152791380999021,0.3075,0.48470209339774556,1021,400,621
203918,2019,2019-20,0.5058139534883721,0.49295774647887325,0.5148514851485149,172,71,101
203920,2019,2019-20,0.5104895104895105,0.0,0.5140845070422535,143,1,142
203922,2019,2019-20,0.4864864864864865,0.39086294416243655,0.5341772151898734,592,197,395
203924,2019,2019-20,0.47791798107255523,0.3888888888888889,0.5366492146596858,634,252,382
203925,2019,2019-20,0.48596938775510207,0.4236453201970443,0.5529100529100529,784,406,378
203926,2019,2019-20,0.48811700182815354,0.43537414965986393,0.549407114624506,547,294,253
203932,2019,2019-20,0.4367666232073012,0.3080168776371308,0.49433962264150944,767,237,530
203933,2019,2019-20,0.5356068204613842,0.4026548672566372,0.5745784695201037,997,226,771
203935,2019,2019-20,0.375366568914956,0.3468354430379747,0.4146341463414634,682,395,287
203937,2019,2019-20,0.4743202416918429,0.2823529411764706,0.540650406504065,331,85,246
203939,2019,2019-20,0.6375545851528385,0.2564102564102564,0.7157894736842105,229,39,190
203943,2019,2019-20,0.5652173913043478,0.2,0.6363636363636364,92,15,77
203944,2019,2019-20,0.4602385685884692,0.27705627705627706,0.5148387096774194,1006,231,775
203952,2019,2019-20,0.44683026584867075,0.3323353293413174,0.5062111801242236,978,334,644
203953,2019,2019-20,0.5104895104895105,0.2689075630252101,0.603225806451613,429,119,310
203954,2019,2019-20,0.4769038701622971,0.3313953488372093,0.5166931637519873,801,172,629
203957,2019,2019-20,0.47058823529411764,0.3488372093023256,0.5394736842105263,119,43,76
203960,2019,2019-20,0.591304347826087,0.15384615384615385,0.6470588235294118,115,13,102
203967,2019,2019-20,0.4758364312267658,0.3574468085106383,0.5676567656765676,538,235,303
203991,2019,2019-20,0.6288659793814433,0.0,0.6288659793814433,388,0,388
203992,2019,2019-20,0.43994778067885115,0.37188208616780044,0.5323076923076923,766,441,325
203994,2019,2019-20,0.4954128440366973,0.2,0.5252525252525253,109,10,99
203998,2019,2019-20,0.42696629213483145,0.18181818181818182,0.5714285714285714,89,33,56
203999,2019,2019-20,0.5275443510737629,0.3137254901960784,0.5943627450980392,1071,255,816
204001,2019,2019-20,0.4270386266094421,0.3523573200992556,0.4839319470699433,932,403,529
204020,2019,2019-20,0.388,0.31932773109243695,0.45038167938931295,250,119,131
204025,2019,2019-20,0.3617021276595745,0.3333333333333333,0.375,94,30,64
204038,2019,2019-20,0.4354243542435424,0.3987915407854985,0.4928909952606635,542,331,211
204060,2019,2019-20,0.4448462929475588,0.39943342776203966,0.525,553,353,200
204456,2019,2019-20,0.5158150851581509,0.29411764705882354,0.5253807106598984,411,17,394
1626143,2019,2019-20,0.6234567901234568,0.3333333333333333,0.6289308176100629,162,3,159
1626144,2019,2019-20,0.4617737003058104,0.3448275862068966,0.5041666666666667,327,87,240
1626145,2019,2019-20,0.4592074592074592,0.3790322580645161,0.4918032786885246,429,124,305
1626147,2019,2019-20,0.2631578947368421,0.20689655172413793,0.4444444444444444,38,29,9
1626149,2019,2019-20,0.5800492610837439,0.0,0.593198992443325,812,18,794
1626153,2019,2019-20,0.46228710462287104,0.3700787401574803,0.5035211267605634,411,127,284
1626156,2019,2019-20,0.425531914893617,0.3665893271461717,0.4867469879518072,846,431,415
1626157,2019,2019-20,0.5080385852090032,0.41155234657039713,0.5855072463768116,622,277,345
1626158,2019,2019-20,0.6482558139534884,0.0,0.6482558139534884,344,0,344
1626159,2019,2019-20,0.3875968992248062,0.2222222222222222,0.43137254901960786,129,27,102
1626161,2019,2019-20,0.5794701986754967,0.0,0.5813953488372093,302,1,301
1626162,2019,2019-20,0.4515738498789346,0.3517915309446254,0.5105973025048169,826,307,519
1626163,2019,2019-20,0.4495114006514658,0.33064516129032256,0.5300546448087432,307,124,183
1626164,2019,2019-20,0.4886983632112237,0.3542713567839196,0.5491525423728814,1283,398,885
1626166,2019,2019-20,0.4852941176470588,0.5172413793103449,0.46153846153846156,68,29,39
1626167,2019,2019-20,0.4565587734241908,0.344,0.5400593471810089,587,250,337
1626168,2019,2019-20,0.446064139941691,0.3869047619047619,0.5028571428571429,343,168,175
1626169,2019,2019-20,0.3728813559322034,0.2916666666666667,0.42857142857142855,59,24,35
1626170,2019,2019-20,0.37037037037037035,0.25,0.42105263157894735,27,8,19
1626171,2019,2019-20,0.44991511035653653,0.3582887700534759,0.4925373134328358,589,187,402
1626172,2019,2019-20,0.3670886075949367,0.07142857142857142,0.4307692307692308,79,14,65
1626174,2019,2019-20,0.5669291338582677,0.38571428571428573,0.6358695652173914,508,140,368
1626178,2019,2019-20,0.47112462006079026,0.13043478260869565,0.49673202614379086,329,23,306
1626179,2019,2019-20,0.42295430393198724,0.4066193853427896,0.4362934362934363,941,423,518
1626181,2019,2019-20,0.49498327759197325,0.3992673992673993,0.5753846153846154,598,273,325
1626184,2019,2019-20,0.0,0.0,0.0,4,2,2
1626187,2019,2019-20,0.2413793103448276,0.17391304347826086,0.5,29,23,6
1626188,2019,2019-20,0.4252336448598131,0.36470588235294116,0.46511627906976744,214,85,129
1626192,2019,2019-20,0.45514950166112955,0.3313253012048193,0.6074074074074074,301,166,135
1626195,2019,2019-20,0.5323741007194245,0.22727272727272727,0.5897435897435898,139,22,117
1626196,2019,2019-20,0.43034055727554177,0.3413654618473896,0.48614609571788414,646,249,397
1626203,2019,2019-20,0.359504132231405,0.275,0.4426229508196721,242,120,122
1626204,2019,2019-20,0.531322505800464,0.3522012578616352,0.6360294117647058,431,159,272
1626209,2019,2019-20,0.42201834862385323,0.3076923076923077,0.4857142857142857,218,78,140
1626220,2019,2019-20,0.4328767123287671,0.3770491803278688,0.5454545454545454,365,244,121
1626224,2019,2019-20,0.4367816091954023,0.38317757009345793,0.4965277777777778,609,321,288
1626245,2019,2019-20,0.6296296296296297,0.0,0.6538461538461539,54,2,52
1626246,2019,2019-20,0.5734597156398105,0.23529411764705882,0.6030927835051546,211,17,194
1626259,2019,2019-20,0.41379310344827586,0.36363636363636365,0.5714285714285714,29,22,7
1627732,2019,2019-20,0.5795981452859351,0.2857142857142857,0.5828125,647,7,640
1627733,2019,2019-20,0.44565217391304346,0.3488372093023256,0.5306122448979592,92,43,49
1627734,2019,2019-20,0.5400943396226415,0.2537313432835821,0.5646606914212549,848,67,781
1627736,2019,2019-20,0.4250936329588015,0.38768115942028986,0.46511627906976744,534,276,258
1627737,2019,2019-20,0.5454545454545454,0.20512820512820512,0.5838150289017341,385,39,346
1627739,2019,2019-20,0.4444444444444444,0.25892857142857145,0.5347826086956522,342,112,230
1627740,2019,2019-20,0.14285714285714285,0.0,0.3333333333333333,7,4,3
1627741,2019,2019-20,0.42857142857142855,0.3938953488372093,0.47890295358649787,1162,688,474
1627742,2019,2019-20,0.4625912408759124,0.390625,0.5014044943820225,1096,384,712
1627745,2019,2019-20,0.6797752808988764,0.2222222222222222,0.7041420118343196,178,9,169
1627746,2019,2019-20,0.5510204081632653,0.23076923076923078,0.582089552238806,147,13,134
1627747,2019,2019-20,0.4248633879781421,0.36363636363636365,0.451171875,732,220,512
1627748,2019,2019-20,0.48186528497409326,0.34375,0.5503875968992248,193,64,129
1627749,2019,2019-20,0.46153846153846156,0.36936936936936937,0.48098859315589354,637,111,526
1627750,2019,2019-20,0.4563758389261745,0.345679012345679,0.519298245614035,894,324,570
1627751,2019,2019-20,0.6240601503759399,0.0,0.6240601503759399,266,0,266
1627752,2019,2019-20,0.3761840324763194,0.33874709976798145,0.42857142857142855,739,431,308
1627756,2019,2019-20,0.4092827004219409,0.3357664233576642,0.51,237,137,100
1627759,2019,2019-20,0.4813979706877114,0.3816568047337278,0.5428051001821493,887,338,549
1627761,2019,2019-20,0.45614035087719296,0.23076923076923078,0.5460122699386503,228,65,163
1627763,2019,2019-20,0.4381720430107527,0.32608695652173914,0.4883268482490272,744,230,514
1627767,2019,2019-20,0.647887323943662,0.3333333333333333,0.6546762589928058,142,3,139
1627774,2019,2019-20,0.45251396648044695,0.3333333333333333,0.5327102803738317,179,72,107
1627775,2019,2019-20,0.41358024691358025,0.323943661971831,0.4835164835164835,162,71,91
1627777,2019,2019-20,0.43788819875776397,0.4,0.5257731958762887,322,225,97
1627780,2019,2019-20,0.41379310344827586,0.2826086956521739,0.5,116,46,70
1627783,2019,2019-20,0.4528985507246377,0.3589041095890411,0.4993234100135318,1104,365,739
1627784,2019,2019-20,0.3888888888888889,0.3333333333333333,0.4444444444444444,18,9,9
1627788,2019,2019-20,0.42984014209591476,0.40168539325842695,0.4782608695652174,563,356,207
1627789,2019,2019-20,0.4349442379182156,0.3875,0.5045871559633027,269,160,109
1627790,2019,2019-20,0.5694444444444444,0.0,0.5694444444444444,72,0,72
1627812,2019,2019-20,0.42021276595744683,0.3037974683544304,0.5045871559633027,188,79,109
1627814,2019,2019-20,0.41682974559686886,0.35564853556485354,0.47058823529411764,511,239,272
1627820,2019,2019-20,0.3181818181818182,0.06666666666666667,0.4482758620689655,44,15,29
1627823,2019,2019-20,0.4048582995951417,0.34108527131782945,0.4745762711864407,247,129,118
1627826,2019,2019-20,0.612987012987013,0.0,0.6161879895561357,385,2,383
1627827,2019,2019-20,0.46551724137931033,0.37623762376237624,0.589041095890411,522,303,219
1627832,2019,2019-20,0.4126778783958603,0.39037433155080214,0.43358395989974935,773,374,399
1627846,2019,2019-20,0.467680608365019,0.375,0.5555555555555556,263,128,135
1627853,2019,2019-20,0.4090909090909091,0.391304347826087,0.43902439024390244,220,138,82
1627854,2019,2019-20,0.4165232358003442,0.3884514435695538,0.47,581,381,200
1627863,2019,2019-20,0.4267161410018553,0.36338028169014086,0.5489130434782609,539,355,184
1627884,2019,2019-20,0.5272206303724928,0.2803030303030303,0.6774193548387096,349,132,217
1627885,2019,2019-20,0.4666666666666667,0.38095238095238093,0.4959349593495935,165,42,123
1627936,2019,2019-20,0.41237113402061853,0.3333333333333333,0.4678362573099415,291,120,171
1627982,2019,2019-20,0.5,0.0,0.5,2,0,2
1628021,2019,2019-20,0.5211267605633803,0.42857142857142855,0.5813953488372093,71,28,43
1628035,2019,2019-20,0.4269005847953216,0.2153846153846154,0.5566037735849056,171,65,106
1628365,2019,2019-20,0.4650259067357513,0.26666666666666666,0.5070643642072213,772,135,637
1628366,2019,2019-20,0.4032023289665211,0.37468354430379747,0.4417808219178082,687,395,292
1628367,2019,2019-20,0.44025157232704404,0.3194444444444444,0.5402298850574713,159,72,87
1628368,2019,2019-20,0.47975460122699387,0.2918918918918919,0.5349206349206349,815,185,630
1628369,2019,2019-20,0.45024469820554647,0.40298507462686567,0.4795244385733157,1226,469,757
1628370,2019,2019-20,0.4344262295081967,0.28431372549019607,0.5422535211267606,488,204,284
1628371,2019,2019-20,0.46987951807228917,0.3404255319148936,0.5210084033613446,332,94,238
1628372,2019,2019-20,0.3412322274881517,0.2962962962962963,0.35668789808917195,211,54,157
1628373,2019,2019-20,0.3933933933933934,0.32116788321167883,0.44387755102040816,333,137,196
1628374,2019,2019-20,0.42470389170896783,0.3438485804416404,0.5182481751824818,591,317,274
1628378,2019,2019-20,0.4485842026825633,0.3657505285412262,0.4936708860759494,1342,473,869
1628379,2019,2019-20,0.4415204678362573,0.3989071038251366,0.49056603773584906,342,183,159
1628380,2019,2019-20,0.47058823529411764,0.3684210526315789,0.5102040816326531,68,19,49
1628381,2019,2019-20,0.5834710743801653,0.4013605442176871,0.6419213973799127,605,147,458
1628382,2019,2019-20,0.39589442815249265,0.294478527607362,0.4887640449438202,341,163,178
1628383,2019,2019-20,0.4,0.25,0.5,10,4,6
1628384,2019,2019-20,0.5053003533568905,0.39035087719298245,0.5828402366863905,566,228,338
1628385,2019,2019-20,0.5537848605577689,0.0,0.5582329317269076,251,2,249
1628386,2019,2019-20,0.6494623655913978,0.0,0.6579520697167756,465,6,459
1628388,2019,2019-20,0.4186046511627907,0.2777777777777778,0.45588235294117646,86,18,68
1628389,2019,2019-20,0.5569620253164557,0.14285714285714285,0.5644329896907216,790,14,776
1628390,2019,2019-20,0.35454545454545455,0.2916666666666667,0.5576923076923077,220,168,52
1628391,2019,2019-20,0.3939393939393939,0.2465753424657534,0.576271186440678,132,73,59
1628392,2019,2019-20,0.6567164179104478,0.0,0.7096774193548387,67,5,62
1628394,2019,2019-20,0.5258620689655172,0.0,0.5398230088495575,116,3,113
1628395,2019,2019-20,0.5223880597014925,0.3333333333333333,0.5636363636363636,67,12,55
1628396,2019,2019-20,0.6666666666666666,1.0,0.6612903225806451,189,3,186
1628398,2019,2019-20,0.4356287425149701,0.3161764705882353,0.5176767676767676,668,272,396
1628400,2019,2019-20,0.40816326530612246,0.3779527559055118,0.463768115942029,196,127,69
1628401,2019,2019-20,0.4583333333333333,0.36574074074074076,0.5178571428571429,552,216,336
1628402,2019,2019-20,0.40483383685800606,0.3263888888888889,0.46524064171123,331,144,187
1628403,2019,2019-20,0.5957446808510638,0.0,0.6222222222222222,47,2,45
1628404,2019,2019-20,0.42293233082706766,0.3418079096045198,0.5842696629213483,532,354,178
1628405,2019,2019-20,0.7333333333333333,1.0,0.7142857142857143,15,1,14
1628407,2019,2019-20,0.3483606557377049,0.2835820895522388,0.3728813559322034,244,67,177
1628408,2019,2019-20,0.4140127388535032,0.3469387755102041,0.4444444444444444,157,49,108
1628410,2019,2019-20,0.4295774647887324,0.2641509433962264,0.5280898876404494,142,53,89
1628411,2019,2019-20,0.41630901287553645,0.34146341463414637,0.45695364238410596,233,82,151
1628412,2019,2019-20,0.45098039215686275,0.2857142857142857,0.5666666666666667,51,21,30
1628413,2019,2019-20,0.36363636363636365,0.0,0.5714285714285714,11,4,7
1628414,2019,2019-20,0.5454545454545454,0.5,0.5714285714285714,11,4,7
1628415,2019,2019-20,0.40730337078651685,0.35766423357664234,0.4383561643835616,1068,411,657
1628418,2019,2019-20,0.5813397129186603,0.4065934065934066,0.6299694189602446,418,91,327
1628420,2019,2019-20,0.45936395759717313,0.37790697674418605,0.4949238578680203,566,172,394
1628422,2019,2019-20,0.41379310344827586,0.3619631901840491,0.48031496062992124,290,163,127
1628425,2019,2019-20,0.37109375,0.3235294117647059,0.425,256,136,120
1628427,2019,2019-20,0.4,0.16666666666666666,0.5555555555555556,15,6,9
1628430,2019,2019-20,0.3125,0.2857142857142857,0.3333333333333333,16,7,9
1628436,2019,2019-20,0.4385026737967914,0.28703703703703703,0.6455696202531646,187,108,79
1628443,2019,2019-20,0.4318181818181818,0.3125,0.5,44,16,28
1628449,2019,2019-20,0.47157190635451507,0.3220338983050847,0.569060773480663,299,118,181
1628450,2019,2019-20,0.6666666666666666,0.0,0.6666666666666666,3,0,3
1628464,2019,2019-20,0.5657276995305164,0.3333333333333333,0.6333333333333333,426,96,330
1628467,2019,2019-20,0.46108949416342415,0.3730407523510972,0.6051282051282051,514,319,195
1628470,2019,2019-20,0.46096654275092935,0.32608695652173914,0.6030534351145038,269,138,131
1628476,2019,2019-20,0.46153846153846156,0.4166666666666667,0.5333333333333333,39,24,15
1628499,2019,2019-20,0.2857142857142857,0.0,0.36363636363636365,14,3,11
1628513,2019,2019-20,0.35294117647058826,0.16666666666666666,0.8,17,12,5
1628518,2019,2019-20,0.35714285714285715,0.0,0.35714285714285715,14,0,14
1628539,2019,2019-20,0.3880597014925373,0.3076923076923077,0.6666666666666666,67,52,15
1628605,2019,2019-20,0.4444444444444444,0.6666666666666666,0.3333333333333333,9,3,6
1628778,2019,2019-20,0.38461538461538464,0.3333333333333333,0.42857142857142855,26,12,14
1628960,2019,2019-20,0.46613545816733065,0.40425531914893614,0.5454545454545454,251,141,110
1628961,2019,2019-20,1.0,0.0,1.0,3,0,3
1628963,2019,2019-20,0.46706586826347307,0.18181818181818182,0.5103448275862069,167,22,145
1628964,2019,2019-20,0.46153846153846156,0.34579439252336447,0.5307262569832403,286,107,179
1628966,2019,2019-20,0.42735042735042733,0.3300970873786408,0.5038167938931297,234,103,131
1628968,2019,2019-20,0.3,0.0,0.375,10,2,8
1628969,2019,2019-20,0.5103305785123967,0.36082474226804123,0.6103448275862069,484,194,290
1628970,2019,2019-20,0.42363877822045154,0.33,0.4856512141280353,753,300,453
1628971,2019,2019-20,0.4429530201342282,0.34375,0.4700854700854701,447,96,351
1628972,2019,2019-20,0.43890675241157556,0.3407821229050279,0.4785553047404063,622,179,443
1628973,2019,2019-20,0.46649484536082475,0.35833333333333334,0.5149253731343284,388,120,268
1628975,2019,2019-20,0.4156378600823045,0.4246575342465753,0.4020618556701031,243,146,97
1628976,2019,2019-20,0.5335276967930029,0.20689655172413793,0.5636942675159236,343,29,314
1628977,2019,2019-20,0.44594594594594594,0.2807017543859649,0.48535564853556484,296,57,239
1628978,2019,2019-20,0.4549019607843137,0.3360323886639676,0.5665399239543726,510,247,263
1628980,2019,2019-20,0.3358208955223881,0.3333333333333333,0.3368421052631579,134,39,95
1628981,2019,2019-20,0.5175879396984925,0.13513513513513514,0.6049382716049383,199,37,162
1628982,2019,2019-20,0.4411764705882353,0.5,0.3888888888888889,34,16,18
1628983,2019,2019-20,0.470935960591133,0.3466135458167331,0.5117801047120419,1015,251,764
1628984,2019,2019-20,0.3821391484942887,0.37264957264957266,0.3968253968253968,963,585,378
1628985,2019,2019-20,0.2,0.23529411764705882,0.15384615384615385,30,17,13
1628987,2019,2019-20,0.25925925925925924,0.15,0.5714285714285714,27,20,7
1628988,2019,2019-20,0.413854351687389,0.3936651583710407,0.4269005847953216,563,221,342
1628989,2019,2019-20,0.4131147540983607,0.38023952095808383,0.4528985507246377,610,334,276
1628990,2019,2019-20,0.45714285714285713,0.3157894736842105,0.49635036496350365,175,38,137
1628991,2019,2019-20,0.46879150066401065,0.39402173913043476,0.5402597402597402,753,368,385
1628993,2019,2019-20,0.41379310344827586,0.375,0.42857142857142855,29,8,21
1628995,2019,2019-20,0.35910224438902744,0.32663316582914576,0.3910891089108911,401,199,202
1628997,2019,2019-20,0.44047619047619047,0.5405405405405406,0.3617021276595745,84,37,47
1628998,2019,2019-20,0.42995169082125606,0.23376623376623376,0.5461538461538461,207,77,130
1629001,2019,2019-20,0.4014962593516209,0.2857142857142857,0.46360153256704983,401,140,261
1629002,2019,2019-20,0.5714285714285714,0.0,0.6,42,2,40
1629003,2019,2019-20,0.48375451263537905,0.42962962962962964,0.5352112676056338,277,135,142
1629004,2019,2019-20,0.40987654320987654,0.40350877192982454,0.425,405,285,120
1629005,2019,2019-20,0.0,0.0,0.0,2,1,1
1629006,2019,2019-20,0.4271356783919598,0.2662337662337662,0.5286885245901639,398,154,244
1629008,2019,2019-20,0.5091383812010444,0.4217687074829932,0.5635593220338984,383,147,236
1629010,2019,2019-20,0.3709677419354839,0.3202614379084967,0.42038216560509556,310,153,157
1629011,2019,2019-20,0.7419354838709677,0.0,0.7419354838709677,341,0,341
1629012,2019,2019-20,0.4723756906077348,0.3803921568627451,0.5006016847172082,1086,255,831
1629013,2019,2019-20,0.4040920716112532,0.375,0.49473684210526314,391,296,95
1629014,2019,2019-20,0.39925373134328357,0.33185840707964603,0.4483870967741935,536,226,310
1629015,2019,2019-20,0.2727272727272727,0.0,0.375,11,3,8
1629016,2019,2019-20,0.43050847457627117,0.39090909090909093,0.4540540540540541,295,110,185
1629017,2019,2019-20,0.29411764705882354,0.35714285714285715,0.0,17,14,3
1629018,2019,2019-20,0.4444444444444444,0.417910447761194,0.48554913294797686,441,268,173
1629019,2019,2019-20,0.4811320754716981,0.3584905660377358,0.6037735849056604,106,53,53
1629020,2019,2019-20,0.625,0.0,0.7142857142857143,8,1,7
1629021,2019,2019-20,0.5451127819548872,0.3125,0.6451612903225806,266,80,186
1629022,2019,2019-20,0.4257703081232493,0.40594059405940597,0.43359375,357,101,256
1629023,2019,2019-20,0.45500848896434637,0.3739130434782609,0.5069637883008357,589,230,359
1629026,2019,2019-20,0.3469387755102041,0.25773195876288657,0.52,147,97,50
1629027,2019,2019-20,0.4371497197758207,0.3609154929577465,0.5007342143906021,1249,568,681
1629028,2019,2019-20,0.545774647887324,0.23076923076923078,0.5531531531531532,568,13,555
1629029,2019,2019-20,0.46294820717131474,0.31608133086876156,0.5742296918767507,1255,541,714
1629033,2019,2019-20,0.2903225806451613,0.1875,0.4,155,80,75
1629035,2019,2019-20,0.328125,0.3157894736842105,0.34615384615384615,128,76,52
1629044,2019,2019-20,0.6,0.5,0.6666666666666666,5,2,3
1629048,2019,2019-20,0.4666666666666667,0.19047619047619047,0.5740740740740741,150,42,108
1629052,2019,2019-20,0.3611111111111111,0.2,0.47619047619047616,36,15,21
1629056,2019,2019-20,0.45642201834862384,0.3884297520661157,0.5412371134020618,436,242,194
1629057,2019,2019-20,0.7272727272727273,0.0,0.7272727272727273,88,0,88
1629058,2019,2019-20,0.37209302325581395,0.24358974358974358,0.4787234042553192,172,78,94
1629059,2019,2019-20,0.39779005524861877,0.352112676056338,0.42727272727272725,181,71,110
1629060,2019,2019-20,0.46605504587155966,0.28735632183908044,0.5,545,87,458
1629065,2019,2019-20,0.4174454828660436,0.308411214953271,0.4719626168224299,321,107,214
1629066,2019,2019-20,0.4463276836158192,0.36666666666666664,0.5287356321839081,177,90,87
1629067,2019,2019-20,0.5042735042735043,0.352112676056338,0.5705521472392638,234,71,163
1629076,2019,2019-20,0.6666666666666666,0.0,0.6666666666666666,12,0,12
1629103,2019,2019-20,0.39226519337016574,0.2604166666666667,0.5411764705882353,181,96,85
1629109,2019,2019-20,0.40601503759398494,0.35135135135135137,0.6818181818181818,133,111,22
1629117,2019,2019-20,0.4375,0.3,0.5357142857142857,48,20,28
1629126,2019,2019-20,0.344,0.18867924528301888,0.4583333333333333,125,53,72
1629130,2019,2019-20,0.47016011644832606,0.44554455445544555,0.654320987654321,687,606,81
1629133,2019,2019-20,0.3333333333333333,0.5,0.0,3,2,1
1629134,2019,2019-20,0.4387308533916849,0.35038363171355497,0.5047801147227533,914,391,523
1629139,2019,2019-20,0.4411764705882353,0.375,0.46153846153846156,34,8,26
1629140,2019,2019-20,0.5588235294117647,0.0,0.59375,34,2,32
1629147,2019,2019-20,0.0,0.0,0.0,7,4,3
1629151,2019,2019-20,0.3728813559322034,0.39215686274509803,0.25,59,51,8
1629162,2019,2019-20,0.4887640449438202,0.3815789473684211,0.5686274509803921,178,76,102
1629164,2019,2019-20,0.4,0.2988505747126437,0.4854368932038835,190,87,103
1629168,2019,2019-20,0.28125,0.3333333333333333,0.2608695652173913,32,9,23
1629185,2019,2019-20,0.39285714285714285,0.375,0.4117647058823529,140,72,68
1629216,2019,2019-20,0.21621621621621623,0.2222222222222222,0.2,37,27,10
1629234,2019,2019-20,0.6417910447761194,1.0,0.6363636363636364,67,1,66
1629308,2019,2019-20,0.4603174603174603,0.34782608695652173,0.525,63,23,40
1629346,2019,2019-20,0.5,0.23076923076923078,0.6296296296296297,40,13,27
1629597,2019,2019-20,0.6666666666666666,0.0,0.75,9,1,8
1629598,2019,2019-20,0.4014084507042254,0.34579439252336447,0.5714285714285714,142,107,35
1629599,2019,2019-20,0.42592592592592593,0.3157894736842105,0.4857142857142857,54,19,35
1629605,2019,2019-20,0.7857142857142857,0.0,0.7857142857142857,14,0,14
1629607,2019,2019-20,0.25,0.0,0.5,4,2,2
1629608,2019,2019-20,0.35714285714285715,0.5,0.3333333333333333,14,2,12
1629610,2019,2019-20,0.5,0.2777777777777778,0.6818181818181818,40,18,22
1629611,2019,2019-20,0.46835443037974683,0.35,0.5084745762711864,79,20,59
1629620,2019,2019-20,0.4166666666666667,0.6,0.2857142857142857,12,5,7
1629621,2019,2019-20,0.25,0.3333333333333333,0.16666666666666666,12,6,6
1629622,2019,2019-20,0.6666666666666666,0.0,1.0,3,1,2
1629625,2019,2019-20,0.35,0.2,0.5,20,10,10
1629626,2019,2019-20,0.5,0.4444444444444444,0.5263157894736842,28,9,19
1629627,2019,2019-20,0.5833333333333334,0.42857142857142855,0.5895953757225434,360,14,346
1629628,2019,2019-20,0.4016506189821183,0.3197969543147208,0.4320754716981132,727,197,530
1629629,2019,2019-20,0.3844765342960289,0.332,0.4276315789473684,554,250,304
1629630,2019,2019-20,0.47705442902881534,0.33519553072625696,0.5105540897097626,937,179,758
1629631,2019,2019-20,0.40995607613469986,0.35526315789473684,0.45382585751978893,683,304,379
1629632,2019,2019-20,0.3939393939393939,0.3537234042553192,0.43028846153846156,792,376,416
1629633,2019,2019-20,0.40421792618629176,0.2986425339366516,0.47126436781609193,569,221,348
1629634,2019,2019-20,0.6179540709812108,0.359375,0.6578313253012048,479,64,415
1629635,2019,2019-20,0.3898305084745763,0.2857142857142857,0.463768115942029,236,98,138
1629636,2019,2019-20,0.4005722460658083,0.3547297297297297,0.43424317617866004,699,296,403
1629637,2019,2019-20,0.6718146718146718,0.25,0.6784313725490196,259,4,255
1629638,2019,2019-20,0.3684210526315789,0.3458646616541353,0.39097744360902253,266,133,133
1629639,2019,2019-20,0.42789223454833597,0.38926174496644295,0.4624624624624625,631,298,333
1629640,2019,2019-20,0.5955056179775281,0.5909090909090909,0.5970149253731343,89,22,67
1629641,2019,2019-20,0.35,0.18518518518518517,0.4339622641509434,80,27,53
1629642,2019,2019-20,0.4304635761589404,0.23728813559322035,0.5543478260869565,151,59,92
1629644,2019,2019-20,0.6,0.0,0.75,5,1,4
1629645,2019,2019-20,0.4418052256532066,0.33544303797468356,0.5057034220532319,421,158,263
1629647,2019,2019-20,0.3943217665615142,0.3475177304964539,0.4318181818181818,317,141,176
1629648,2019,2019-20,0.25,0.2,0.3,20,10,10
1629649,2019,2019-20,0.2727272727272727,0.1111111111111111,0.38461538461538464,22,9,13
1629650,2019,2019-20,0.4,0.0,0.4,10,0,10
1629651,2019,2019-20,0.5625,0.14285714285714285,0.6341463414634146,48,7,41
1629652,2019,2019-20,0.3944954128440367,0.297029702970297,0.47863247863247865,218,101,117
1629655,2019,2019-20,0.7014925373134329,0.0,0.7014925373134329,134,0,134
1629657,2019,2019-20,0.4,0.0,1.0,5,3,2
1629658,2019,2019-20,0.46875,0.0,0.5172413793103449,32,3,29
1629659,2019,2019-20,0.4666666666666667,0.3076923076923077,0.5882352941176471,30,13,17
1629660,2019,2019-20,0.336283185840708,0.28,0.38095238095238093,113,50,63
1629661,2019,2019-20,0.4345679012345679,0.3897058823529412,0.5263157894736842,405,272,133
1629662,2019,2019-20,0.4375,0.45,0.4166666666666667,32,20,12
1629663,2019,2019-20,0.38095238095238093,0.36363636363636365,0.4,21,11,10
1629665,2019,2019-20,0.4,0.0,0.6666666666666666,10,4,6
1629667,2019,2019-20,0.4714285714285714,0.375,0.5217391304347826,70,24,46
1629668,2019,2019-20,0.25,0.375,0.0,12,8,4
1629669,2019,2019-20,0.3584905660377358,0.11538461538461539,0.5925925925925926,53,26,27
1629671,2019,2019-20,0.375,0.3684210526315789,0.38461538461538464,32,19,13
1629672,2019,2019-20,0.496875,0.2868217054263566,0.5499021526418787,640,129,511
1629673,2019,2019-20,0.33266932270916333,0.2792452830188679,0.3924050632911392,502,265,237
1629675,2019,2019-20,0.411522633744856,0.32989690721649484,0.4657534246575342,243,97,146
1629676,2019,2019-20,0.0,0.0,0.0,1,0,1
1629677,2019,2019-20,0.3125,0.375,0.25,16,8,8
1629678,2019,2019-20,0.3804347826086957,0.3114754098360656,0.5161290322580645,92,61,31
1629680,2019,2019-20,0.4226415094339623,0.35668789808917195,0.5185185185185185,265,157,108
1629682,2019,2019-20,0.2857142857142857,0.16666666666666666,0.4,49,24,25
1629683,2019,2019-20,0.29411764705882354,0.2,0.3333333333333333,17,5,12
1629684,2019,2019-20,0.41232227488151657,0.25,0.5478260869565217,211,96,115
1629690,2019,2019-20,0.42857142857142855,0.4,0.46153846153846156,28,15,13
1629713,2019,2019-20,0.4166666666666667,0.3103448275862069,0.4727272727272727,84,29,55
1629714,2019,2019-20,0.35714285714285715,0.23076923076923078,0.4666666666666667,28,13,15
1629718,2019,2019-20,0.3157894736842105,0.3333333333333333,0.3,19,9,10
1629719,2019,2019-20,0.5,0.0,0.5,6,0,6
1629723,2019,2019-20,0.6486486486486487,0.5,0.7037037037037037,37,10,27
1629724,2019,2019-20,0.3333333333333333,0.14285714285714285,0.45454545454545453,18,7,11
1629725,2019,2019-20,0.4528301886792453,0.2777777777777778,0.5428571428571428,53,18,35
1629726,2019,2019-20,0.42857142857142855,0.41304347826086957,0.5,56,46,10
1629729,2019,2019-20,0.3333333333333333,0.0,0.42857142857142855,9,2,7
1629730,2019,2019-20,0.46511627906976744,0.17647058823529413,0.6538461538461539,43,17,26
1629731,2019,2019-20,0.6923076923076923,0.5,0.7777777777777778,13,4,9
1629734,2019,2019-20,0.5,0.0,0.5,2,0,2
1629735,2019,2019-20,0.6153846153846154,0.0,0.64,78,3,75
1629738,2019,2019-20,0.4722222222222222,0.5,0.47058823529411764,36,2,34
1629739,2019,2019-20,0.0,0.0,0.0,4,4,0
1629740,2019,2019-20,0.42105263157894735,0.33495145631067963,0.5726495726495726,323,206,117
1629741,2019,2019-20,0.39490445859872614,0.30120481927710846,0.5,157,83,74
1629742,2019,2019-20,0.0,0.0,0.0,3,1,2
1629743,2019,2019-20,0.6818181818181818,0.0,0.6818181818181818,22,0,22
1629744,2019,2019-20,0.4866666666666667,0.47474747474747475,0.5098039215686274,150,99,51
1629745,2019,2019-20,0.2,0.0,0.3333333333333333,5,2,3
1629750,2019,2019-20,0.5,0.2727272727272727,0.5806451612903226,126,33,93
1629752,2019,2019-20,0.5769230769230769,0.375,0.6666666666666666,26,8,18
1629760,2019,2019-20,0.25,0.0,0.5,4,2,2
2544,2020,2020-21,0.5127582017010935,0.3649122807017544,0.5910780669144982,823,285,538
2546,2020,2020-21,0.42084942084942084,0.40923076923076923,0.42920353982300885,777,325,452
2617,2020,2020-21,1.0,0.0,1.0,2,0,2
2730,2020,2020-21,0.5874587458745875,0.25,0.6113074204946997,303,20,283
2738,2020,2020-21,0.38306451612903225,0.32967032967032966,0.5303030303030303,248,182,66
2760,2020,2020-21,0.25,0.0,0.26666666666666666,16,1,15
2772,2020,2020-21,0.4107883817427386,0.34965034965034963,0.5,241,143,98
101108,2020,2020-21,0.49943117178612056,0.3953488372093023,0.5426731078904992,879,258,621
101141,2020,2020-21,0.3888888888888889,0.43902439024390244,0.23076923076923078,54,41,13
101150,2020,2020-21,0.4102167182662539,0.3988439306358382,0.4143763213530655,646,173,473
200746,2020,2020-21,0.47297297297297297,0.3875,0.5046296296296297,296,80,216
200752,2020,2020-21,0.42038216560509556,0.381294964028777,0.4514285714285714,628,278,350
200755,2020,2020-21,0.3970037453183521,0.3707865168539326,0.449438202247191,267,178,89
200765,2020,2020-21,0.4418604651162791,0.4044943820224719,0.46825396825396826,215,89,126
200768,2020,2020-21,0.436241610738255,0.3957703927492447,0.4867924528301887,596,331,265
200782,2020,2020-21,0.3728813559322034,0.33613445378151263,0.4482758620689655,177,119,58
200794,2020,2020-21,0.4763092269326683,0.34265734265734266,0.5503875968992248,401,143,258
201142,2020,2020-21,0.5373134328358209,0.4497354497354497,0.5772946859903382,603,189,414
201143,2020,2020-21,0.45,0.3684210526315789,0.5096153846153846,360,152,208
201144,2020,2020-21,0.44375,0.41194029850746267,0.4786885245901639,640,335,305
201145,2020,2020-21,0.49245283018867925,0.412,0.5642857142857143,530,250,280
201152,2020,2020-21,0.5589123867069486,0.26666666666666666,0.580226904376013,662,45,617
201162,2020,2020-21,0.2222222222222222,0.3333333333333333,0.0,9,6,3
201188,2020,2020-21,0.4536082474226804,0.4098360655737705,0.5277777777777778,194,122,72
201229,2020,2020-21,0.23529411764705882,0.2857142857142857,0.0,17,14,3
201565,2020,2020-21,0.469721767594108,0.3875968992248062,0.491701244813278,611,129,482
201566,2020,2020-21,0.4394184168012924,0.315018315018315,0.47461139896373056,1238,273,965
201567,2020,2020-21,0.4087301587301587,0.36538461538461536,0.4791666666666667,252,156,96
201568,2020,2020-21,0.4336842105263158,0.40551181102362205,0.4660633484162896,475,254,221
201569,2020,2020-21,0.4332425068119891,0.32857142857142857,0.5732484076433121,367,210,157
201571,2020,2020-21,0.3935860058309038,0.3824884792626728,0.4126984126984127,343,217,126
201572,2020,2020-21,0.503125,0.33807829181494664,0.6323119777158774,640,281,359
201577,2020,2020-21,0.6329411764705882,0.2777777777777778,0.6486486486486487,425,18,407
201580,2020,2020-21,0.5106382978723404,0.20833333333333334,0.5387596899224806,282,24,258
201586,2020,2020-21,0.5095890410958904,0.3391304347826087,0.588,365,115,250
201587,2020,2020-21,0.46359223300970875,0.40441176470588236,0.5785714285714286,412,272,140
201588,2020,2020-21,0.48223350253807107,0.3875,0.5470085470085471,197,80,117
201599,2020,2020-21,0.7630522088353414,0.0,0.7661290322580645,249,1,248
201609,2020,2020-21,0.43243243243243246,0.3729508196721312,0.4790996784565916,555,244,311
201933,2020,2020-21,0.4233576642335766,0.34146341463414637,0.5048543689320388,411,205,206
201935,2020,2020-21,0.4659400544959128,0.36227544910179643,0.5525,734,334,400
201937,2020,2020-21,0.38755020080321284,0.308411214953271,0.4471830985915493,498,214,284
201939,2020,2020-21,0.48205128205128206,0.4207240948813982,0.5691489361702128,1365,801,564
201942,2020,2020-21,0.4945652173913043,0.25675675675675674,0.5153664302600472,920,74,846
201949,2020,2020-21,0.44648318042813456,0.25833333333333336,0.5555555555555556,327,120,207
201950,2020,2020-21,0.503037667071689,0.392226148409894,0.5611111111111111,823,283,540
201952,2020,2020-21,0.43309859154929575,0.43902439024390244,0.4306930693069307,284,82,202
201959,2020,2020-21,0.6265822784810127,0.2,0.6713286713286714,158,15,143
201961,2020,2020-21,0.4408284023668639,0.4218181818181818,0.5238095238095238,338,275,63
201976,2020,2020-21,0.42272727272727273,0.3971631205673759,0.46835443037974683,220,141,79
201980,2020,2020-21,0.4117647058823529,0.4050925925925926,0.4375,544,432,112
201988,2020,2020-21,0.41243862520458263,0.3752913752913753,0.5,611,429,182
202066,2020,2020-21,0.4146981627296588,0.335,0.5027624309392266,381,200,181
202083,2020,2020-21,0.3531746031746032,0.3350253807106599,0.41818181818181815,252,197,55
202322,2020,2020-21,0.4035812672176309,0.3172690763052209,0.44863731656184486,726,249,477
202324,2020,2020-21,0.6378600823045267,0.0,0.6431535269709544,243,2,241
202326,2020,2020-21,0.4262295081967213,0.34814814814814815,0.48823529411764705,305,135,170
202329,2020,2020-21,0.3838383838383838,0.21621621621621623,0.4838709677419355,99,37,62
202330,2020,2020-21,0.4726443768996961,0.4146341463414634,0.4988962472406181,658,205,453
202331,2020,2020-21,0.4669464847848898,0.4110576923076923,0.5102420856610801,953,416,537
202334,2020,2020-21,0.4318181818181818,0.0,0.4318181818181818,44,0,44
202335,2020,2020-21,0.43636363636363634,0.35714285714285715,0.6037735849056604,165,112,53
202339,2020,2020-21,0.42054794520547945,0.3408450704225352,0.496,730,355,375
202340,2020,2020-21,0.3742690058479532,0.32673267326732675,0.44285714285714284,171,101,70
202355,2020,2020-21,0.5625,0.0,0.5650224215246636,224,1,223
202357,2020,2020-21,0.45408163265306123,0.3176470588235294,0.5585585585585585,196,85,111
202397,2020,2020-21,0.43434343434343436,0.3673469387755102,0.4475806451612903,297,49,248
202681,2020,2020-21,0.505524861878453,0.4021164021164021,0.5607344632768362,1086,378,708
202683,2020,2020-21,0.6042780748663101,0.25,0.6068222621184919,561,4,557
202684,2020,2020-21,0.5184049079754601,0.0,0.5232198142414861,326,3,323
202685,2020,2020-21,0.5921938088829072,0.3684210526315789,0.6107871720116618,743,57,686
202687,2020,2020-21,0.5867768595041323,0.0,0.5892116182572614,242,1,241
202689,2020,2020-21,0.42011834319526625,0.3597733711048159,0.48606811145510836,676,353,323
202692,2020,2020-21,0.42,0.4146341463414634,0.4251968503937008,500,246,254
202693,2020,2020-21,0.40476190476190477,0.31100478468899523,0.5207100591715976,378,209,169
202694,2020,2020-21,0.4726027397260274,0.47297297297297297,0.4722222222222222,584,296,288
202695,2020,2020-21,0.512114537444934,0.39763779527559057,0.5565749235474006,908,254,654
202696,2020,2020-21,0.47707736389684813,0.4,0.5125523012552301,1396,440,956
202697,2020,2020-21,0.25,0.0,1.0,4,3,1
202699,2020,2020-21,0.5119047619047619,0.3942307692307692,0.5460893854748603,924,208,716
202704,2020,2020-21,0.4495726495726496,0.4326241134751773,0.46534653465346537,585,282,303
202709,2020,2020-21,0.4694835680751174,0.3409090909090909,0.5272108843537415,426,132,294
202710,2020,2020-21,0.49728260869565216,0.24509803921568626,0.5378548895899053,736,102,634
202711,2020,2020-21,0.43891891891891893,0.39045553145336226,0.4870689655172414,925,461,464
202722,2020,2020-21,0.40376569037656906,0.39485981308411217,0.48,478,428,50
202734,2020,2020-21,0.45454545454545453,0.3142857142857143,0.5116279069767442,121,35,86
202738,2020,2020-21,0.3333333333333333,0.25,0.4,27,12,15
202954,2020,2020-21,0.38461538461538464,0.18823529411764706,0.46261682242990654,299,85,214
203076,2020,2020-21,0.4910277324632953,0.26,0.5360623781676414,613,100,513
203078,2020,2020-21,0.48480463096960924,0.3485254691689008,0.535183349851338,1382,373,1009
203081,2020,2020-21,0.4512743628185907,0.390625,0.5190476190476191,1334,704,630
203082,2020,2020-21,0.41233766233766234,0.3371212121212121,0.46875,616,264,352
203083,2020,2020-21,0.493006993006993,0.0,0.5,572,8,564
203084,2020,2020-21,0.4968847352024922,0.390625,0.5673575129533679,642,256,386
203085,2020,2020-21,0.42448979591836733,0.3691275167785235,0.5104166666666666,245,149,96
203086,2020,2020-21,0.42857142857142855,0.42857142857142855,0.0,7,7,0
203087,2020,2020-21,0.43478260869565216,0.40625,0.4594594594594595,276,128,148
203090,2020,2020-21,0.41818181818181815,0.27380952380952384,0.5679012345679012,165,84,81
203095,2020,2020-21,0.4565619223659889,0.4134275618374558,0.5038759689922481,541,283,258
203107,2020,2020-21,0.513677811550152,0.3559322033898305,0.6018957345971564,329,118,211
203109,2020,2020-21,0.40447154471544716,0.3894736842105263,0.45535714285714285,492,380,112
203110,2020,2020-21,0.4473684210526316,0.2698412698412698,0.5354330708661418,380,126,254
203114,2020,2020-21,0.4757914338919926,0.4136986301369863,0.5077574047954866,1074,365,709
203115,2020,2020-21,0.42598684210526316,0.38132295719844356,0.4586894586894587,608,257,351
203118,2020,2020-21,0.36018957345971564,0.3419354838709677,0.4107142857142857,211,155,56
203121,2020,2020-21,0.4583333333333333,0.40476190476190477,0.8333333333333334,48,42,6
203145,2020,2020-21,0.4489795918367347,0.4076086956521739,0.4855769230769231,392,184,208
203200,2020,2020-21,0.4128,0.3818984547461369,0.4941860465116279,625,453,172
203210,2020,2020-21,0.4625668449197861,0.398989898989899,0.5340909090909091,374,198,176
203263,2020,2020-21,0.38461538461538464,0.3333333333333333,1.0,13,12,1
203382,2020,2020-21,0.4407894736842105,0.2621359223300971,0.5323383084577115,304,103,201
203457,2020,2020-21,0.6143497757847534,0.0,0.6227272727272727,223,3,220
203458,2020,2020-21,0.6151079136690647,0.32,0.6442687747035574,278,25,253
203460,2020,2020-21,0.14285714285714285,0.125,0.16666666666666666,14,8,6
203463,2020,2020-21,0.3698630136986301,0.3464285714285714,0.4470588235294118,365,280,85
203468,2020,2020-21,0.4581447963800905,0.4023809523809524,0.5086206896551724,884,420,464
203469,2020,2020-21,0.558641975308642,0.14285714285714285,0.597972972972973,324,28,296
203471,2020,2020-21,0.4368421052631579,0.33490566037735847,0.4762773722627737,760,212,548
203473,2020,2020-21,0.7076923076923077,0.2,0.75,65,5,60
203476,2020,2020-21,0.5214723926380368,0.42857142857142855,0.5913978494623656,163,70,93
203482,2020,2020-21,0.4835007173601148,0.3423913043478261,0.6413373860182371,697,368,329
203484,2020,2020-21,0.4308300395256917,0.40955631399317405,0.460093896713615,506,293,213
203486,2020,2020-21,0.6141732283464567,0.0,0.6256684491978609,381,7,374
203487,2020,2020-21,0.3888888888888889,0.2459016393442623,0.430622009569378,270,61,209
203488,2020,2020-21,0.44569288389513106,0.3695652173913043,0.6144578313253012,267,184,83
203490,2020,2020-21,0.43171806167400884,0.375,0.4796747967479675,227,104,123
203493,2020,2020-21,0.44206773618538325,0.40954773869346733,0.5214723926380368,561,398,163
203496,2020,2020-21,0.40078585461689586,0.3792134831460674,0.45098039215686275,509,356,153
203497,2020,2020-21,0.6753022452504318,0.0,0.68,579,4,575
203500,2020,2020-21,0.6136363636363636,0.0,0.6196721311475409,308,3,305
203501,2020,2020-21,0.446761800219539,0.391304347826087,0.5235602094240838,911,529,382
203503,2020,2020-21,0.5146198830409356,0.5688073394495413,0.41935483870967744,171,109,62
203504,2020,2020-21,0.42776203966005666,0.35365853658536583,0.49206349206349204,353,164,189
203506,2020,2020-21,0.4079861111111111,0.3263598326359833,0.4658753709198813,576,239,337
203507,2020,2020-21,0.5690909090909091,0.3031674208144796,0.6359499431171786,1100,221,879
203516,2020,2020-21,0.4732510288065844,0.4326923076923077,0.5035971223021583,243,104,139
203521,2020,2020-21,0.25,0.16,0.3225806451612903,56,25,31
203524,2020,2020-21,0.35906040268456374,0.32075471698113206,0.45348837209302323,298,212,86
203526,2020,2020-21,0.46756152125279643,0.3902439024390244,0.5123674911660777,447,164,283
203552,2020,2020-21,0.4673913043478261,0.45,0.4852941176470588,552,280,272
203585,2020,2020-21,0.5285714285714286,0.4583333333333333,0.5652173913043478,70,24,46
203648,2020,2020-21,0.48905109489051096,0.2413793103448276,0.5555555555555556,137,29,108
203658,2020,2020-21,0.5333333333333333,0.0,0.5333333333333333,15,0,15
203897,2020,2020-21,0.5066785396260017,0.4192872117400419,0.5712074303405573,1123,477,646
203901,2020,2020-21,0.432475884244373,0.2857142857142857,0.4599236641221374,622,98,524
203903,2020,2020-21,0.42511627906976746,0.34724540901502504,0.523109243697479,1075,599,476
203914,2020,2020-21,0.4,0.3404255319148936,0.4411764705882353,345,141,204
203915,2020,2020-21,0.375,0.2857142857142857,0.4444444444444444,16,7,9
203918,2020,2020-21,0.36153846153846153,0.3008849557522124,0.40816326530612246,260,113,147
203920,2020,2020-21,0.49736842105263157,0.25,0.5365853658536586,380,52,328
203922,2020,2020-21,0.42424242424242425,0.36363636363636365,0.4727272727272727,99,44,55
203924,2020,2020-21,0.4291845493562232,0.3495440729483283,0.472636815920398,932,329,603
203925,2020,2020-21,0.504950495049505,0.4752252252252252,0.5551330798479087,707,444,263
203926,2020,2020-21,0.5323308270676692,0.3881118881118881,0.6411609498680739,665,286,379
203932,2020,2020-21,0.46292585170340683,0.3352272727272727,0.5325077399380805,499,176,323
203933,2020,2020-21,0.5294117647058824,0.0,0.6136363636363636,51,7,44
203935,2020,2020-21,0.3980392156862745,0.32978723404255317,0.4824561403508772,510,282,228
203937,2020,2020-21,0.46808510638297873,0.36015325670498083,0.5390428211586902,658,261,397
203939,2020,2020-21,0.6185567010309279,0.23809523809523808,0.6647398843930635,194,21,173
203943,2020,2020-21,0.0,0.0,0.0,3,2,1
203944,2020,2020-21,0.45571536714610145,0.41131105398457585,0.4742489270386266,1321,389,932
203952,2020,2020-21,0.4773156899810964,0.3804347826086957,0.5289855072463768,1058,368,690
203953,2020,2020-21,0.5454545454545454,0.18181818181818182,0.6363636363636364,55,11,44
203954,2020,2020-21,0.5127919911012235,0.37662337662337664,0.5409395973154363,899,154,745
203957,2020,2020-21,0.38461538461538464,0.18181818181818182,0.5333333333333333,26,11,15
203960,2020,2020-21,0.49557522123893805,0.2,0.5408163265306123,113,15,98
203967,2020,2020-21,0.4473684210526316,0.34814814814814815,0.5120772946859904,342,135,207
203991,2020,2020-21,0.5942446043165468,0.0,0.5942446043165468,695,0,695
203992,2020,2020-21,0.4725663716814159,0.43843843843843844,0.521551724137931,565,333,232
203994,2020,2020-21,0.5135135135135135,0.4,0.5247524752475248,333,30,303
203998,2020,2020-21,0.47058823529411764,0.0,0.6666666666666666,17,5,12
203999,2020,2020-21,0.5661252900232019,0.3881856540084388,0.6060606060606061,1293,237,1056
204001,2020,2020-21,0.47584187408491946,0.375968992248062,0.5364705882352941,683,258,425
204020,2020,2020-21,0.39344262295081966,0.36363636363636365,0.47058823529411764,183,132,51
204025,2020,2020-21,0.15,0.0,0.25,20,8,12
204038,2020,2020-21,0.4489795918367347,0.4235294117647059,0.4838709677419355,147,85,62
204060,2020,2020-21,0.4893238434163701,0.45073891625615764,0.5897435897435898,562,406,156
204222,2020,2020-21,0.0,0.0,0.0,3,2,1
204456,2020,2020-21,0.5591836734693878,0.3125,0.5859728506787331,490,48,442
1626143,2020,2020-21,0.6176470588235294,0.2222222222222222,0.6559139784946236,102,9,93
1626145,2020,2020-21,0.43099273607748184,0.32142857142857145,0.48717948717948717,413,140,273
1626149,2020,2020-21,0.6218905472636815,0.0,0.6323777403035413,603,10,593
1626153,2020,2020-21,0.46332046332046334,0.37209302325581395,0.5086705202312138,518,172,346
1626156,2020,2020-21,0.43098159509202455,0.3870967741935484,0.47076023391812866,652,310,342
1626157,2020,2020-21,0.4857142857142857,0.3873015873015873,0.5410714285714285,875,315,560
1626158,2020,2020-21,0.6365217391304347,0.18181818181818182,0.6453900709219859,575,11,564
1626159,2020,2020-21,0.3523809523809524,0.18518518518518517,0.41025641025641024,210,54,156
1626161,2020,2020-21,0.6318681318681318,0.09090909090909091,0.6666666666666666,182,11,171
1626162,2020,2020-21,0.43922651933701656,0.3157894736842105,0.5193621867881549,724,285,439
1626163,2020,2020-21,0.4708171206225681,0.36470588235294116,0.5232558139534884,257,85,172
1626164,2020,2020-21,0.4840714840714841,0.33962264150943394,0.5425764192139738,1287,371,916
1626166,2020,2020-21,0.4835443037974684,0.4397590361445783,0.5152838427947598,395,166,229
1626167,2020,2020-21,0.47685185185185186,0.33495145631067963,0.6061946902654868,432,206,226
1626168,2020,2020-21,0.4777777777777778,0.35,0.58,90,40,50
1626169,2020,2020-21,0.38197424892703863,0.3284671532846715,0.4583333333333333,233,137,96
1626171,2020,2020-21,0.5234113712374582,0.4713375796178344,0.5419501133786848,598,157,441
1626172,2020,2020-21,0.5482233502538071,0.23529411764705882,0.5777777777777777,197,17,180
1626174,2020,2020-21,0.5140625,0.3737864077669903,0.5806451612903226,640,206,434
1626178,2020,2020-21,0.5,0.0,0.5294117647058824,18,1,17
1626179,2020,2020-21,0.4497354497354497,0.38879159369527144,0.5115452930728241,1134,571,563
1626181,2020,2020-21,0.477124183006536,0.4110576923076923,0.5318725099601593,918,416,502
1626184,2020,2020-21,0.3881856540084388,0.3384615384615385,0.4485981308411215,237,130,107
1626188,2020,2020-21,0.4264705882352941,0.4230769230769231,0.42857142857142855,68,26,42
1626192,2020,2020-21,0.43410852713178294,0.3713235294117647,0.5826086956521739,387,272,115
1626195,2020,2020-21,0.5634328358208955,0.1,0.5813953488372093,268,10,258
1626196,2020,2020-21,0.42718446601941745,0.3295880149812734,0.5014245014245015,618,267,351
1626204,2020,2020-21,0.47058823529411764,0.35964912280701755,0.5506329113924051,272,114,158
1626220,2020,2020-21,0.44416243654822335,0.38489208633093525,0.5862068965517241,394,278,116
1626224,2020,2020-21,0.37372013651877134,0.3055555555555556,0.4580152671755725,586,324,262
1626245,2020,2020-21,0.5384615384615384,0.0,0.6363636363636364,13,2,11
1626246,2020,2020-21,0.5081967213114754,0.125,0.5350877192982456,122,8,114
1626253,2020,2020-21,0.36363636363636365,0.5,0.3333333333333333,11,2,9
1627732,2020,2020-21,0.5574614065180102,0.3,0.5619546247818499,583,10,573
1627734,2020,2020-21,0.5353982300884956,0.32098765432098764,0.5822102425876011,904,162,742
1627736,2020,2020-21,0.44,0.3987538940809969,0.4874551971326165,600,321,279
1627737,2020,2020-21,0.35714285714285715,0.2,0.4444444444444444,14,5,9
1627739,2020,2020-21,0.08333333333333333,0.0,0.1,12,2,10
1627740,2020,2020-21,0.35714285714285715,0.2222222222222222,0.6,14,9,5
1627741,2020,2020-21,0.40625,0.391123439667129,0.44649446494464945,992,721,271
1627742,2020,2020-21,0.4659400544959128,0.38133333333333336,0.509641873278237,1101,375,726
1627745,2020,2020-21,0.6796116504854369,0.2,0.7040816326530612,103,5,98
1627747,2020,2020-21,0.44103194103194104,0.32558139534883723,0.49460431654676257,814,258,556
1627748,2020,2020-21,0.5555555555555556,0.0,0.625,18,2,16
1627749,2020,2020-21,0.4527720739219713,0.3165829145728643,0.48774193548387096,974,199,775
1627750,2020,2020-21,0.4772727272727273,0.40822784810126583,0.523109243697479,792,316,476
1627751,2020,2020-21,0.6162790697674418,0.0,0.6162790697674418,430,0,430
1627752,2020,2020-21,0.40061162079510704,0.4,0.4011627906976744,327,155,172
1627756,2020,2020-21,0.37259615384615385,0.3305785123966942,0.43103448275862066,416,242,174
1627759,2020,2020-21,0.48424842484248426,0.39659367396593675,0.5357142857142857,1111,411,700
1627761,2020,2020-21,0.5131578947368421,0.2641509433962264,0.5885714285714285,228,53,175
1627763,2020,2020-21,0.4530612244897959,0.3877005347593583,0.4933993399339934,980,374,606
1627774,2020,2020-21,0.4945652173913043,0.2948717948717949,0.6415094339622641,184,78,106
1627775,2020,2020-21,1.0,0.0,1.0,1,0,1
1627777,2020,2020-21,0.43703703703703706,0.4246575342465753,0.4690265486725664,405,292,113
1627780,2020,2020-21,0.7692307692307693,0.5,0.8888888888888888,13,4,9
1627783,2020,2020-21,0.4547346514047867,0.2967479674796748,0.509090909090909,961,246,715
1627788,2020,2020-21,0.4009433962264151,0.3754646840148699,0.44516129032258067,424,269,155
1627789,2020,2020-21,0.3651685393258427,0.3138075313807531,0.4700854700854701,356,239,117
1627812,2020,2020-21,0.3508771929824561,0.32142857142857145,0.3793103448275862,57,28,29
1627814,2020,2020-21,0.46715328467153283,0.39690721649484534,0.6375,274,194,80
1627823,2020,2020-21,0.43478260869565216,0.3273809523809524,0.5725190839694656,299,168,131
1627826,2020,2020-21,0.6522842639593909,0.25,0.6564102564102564,394,4,390
1627827,2020,2020-21,0.4721030042918455,0.39403973509933776,0.6158536585365854,466,302,164
1627832,2020,2020-21,0.38850574712643676,0.36554621848739494,0.41624365482233505,870,476,394
1627846,2020,2020-21,0.49137931034482757,0.4186046511627907,0.5342465753424658,116,43,73
1627853,2020,2020-21,0.4188034188034188,0.373134328358209,0.48,117,67,50
1627854,2020,2020-21,0.4725897920604915,0.45161290322580644,0.5106382978723404,529,341,188
1627863,2020,2020-21,0.40441176470588236,0.34615384615384615,0.4827586206896552,272,156,116
1627884,2020,2020-21,0.48355263157894735,0.3161764705882353,0.6190476190476191,304,136,168
1627885,2020,2020-21,0.3333333333333333,0.1875,0.3709677419354839,78,16,62
1627936,2020,2020-21,0.4360655737704918,0.40145985401459855,0.4642857142857143,305,137,168
1628021,2020,2020-21,0.48623853211009177,0.2698412698412698,0.5741935483870968,218,63,155
1628035,2020,2020-21,0.5161290322580645,0.41025641025641024,0.5925925925925926,93,39,54
1628365,2020,2020-21,0.3942307692307692,0.25,0.42045454545454547,104,16,88
1628366,2020,2020-21,0.4142857142857143,0.378021978021978,0.4816326530612245,700,455,245
1628367,2020,2020-21,0.4186704384724187,0.29961089494163423,0.4866666666666667,707,257,450
1628368,2020,2020-21,0.4765765765765766,0.321875,0.5392405063291139,1110,320,790
1628369,2020,2020-21,0.4590288315629742,0.38556701030927837,0.5018007202881153,1318,485,833
1628370,2020,2020-21,0.43358395989974935,0.4009433962264151,0.47058823529411764,399,212,187
1628372,2020,2020-21,0.4,0.3275862068965517,0.4482758620689655,145,58,87
1628373,2020,2020-21,0.3670886075949367,0.4791666666666667,0.1935483870967742,79,48,31
1628374,2020,2020-21,0.4798464491362764,0.40202702702702703,0.5822222222222222,521,296,225
1628378,2020,2020-21,0.4381301558203483,0.38611713665943603,0.47619047619047616,1091,461,630
1628379,2020,2020-21,0.4758454106280193,0.44642857142857145,0.5105263157894737,414,224,190
1628381,2020,2020-21,0.556420233463035,0.39903846153846156,0.6145648312611013,771,208,563
1628382,2020,2020-21,0.40271493212669685,0.3076923076923077,0.5096153846153846,221,117,104
1628383,2020,2020-21,0.4142857142857143,0.2647058823529412,0.5555555555555556,70,34,36
1628384,2020,2020-21,0.4797687861271676,0.39846743295019155,0.562015503875969,519,261,258
1628385,2020,2020-21,0.4329896907216495,0.34782608695652173,0.4594594594594595,97,23,74
1628386,2020,2020-21,0.6182572614107884,0.3157894736842105,0.6306695464362851,482,19,463
1628388,2020,2020-21,0.5,0.0,0.5,10,0,10
1628389,2020,2020-21,0.57,0.25,0.5732323232323232,800,8,792
1628390,2020,2020-21,0.14285714285714285,0.0,0.5,7,5,2
1628391,2020,2020-21,0.40476190476190477,0.3448275862068966,0.4691358024691358,168,87,81
1628392,2020,2020-21,0.5497076023391813,0.3333333333333333,0.5575757575757576,171,6,165
1628394,2020,2020-21,0.0,0.0,0.0,1,1,0
1628395,2020,2020-21,0.3181818181818182,0.0,0.35,22,2,20
1628396,2020,2020-21,0.6649746192893401,0.0,0.6752577319587629,197,3,194
1628398,2020,2020-21,0.4425363276089828,0.3605263157894737,0.5251989389920424,757,380,377
1628400,2020,2020-21,0.40271493212669685,0.3670886075949367,0.49206349206349204,221,158,63
1628401,2020,2020-21,0.4105960264900662,0.345679012345679,0.4857142857142857,453,243,210
1628402,2020,2020-21,0.45733788395904434,0.4066666666666667,0.5104895104895105,293,150,143
1628404,2020,2020-21,0.438953488372093,0.32642487046632124,0.5827814569536424,344,193,151
1628407,2020,2020-21,0.4022038567493113,0.28502415458937197,0.4489402697495183,726,207,519
1628408,2020,2020-21,0.4169014084507042,0.31543624161073824,0.49029126213592233,355,149,206
1628410,2020,2020-21,0.524822695035461,0.3977272727272727,0.5824742268041238,282,88,194
1628411,2020,2020-21,0.3333333333333333,0.12195121951219512,0.47540983606557374,102,41,61
1628412,2020,2020-21,0.375,0.4,0.3684210526315789,24,5,19
1628414,2020,2020-21,0.32608695652173914,0.30434782608695654,0.34782608695652173,46,23,23
1628415,2020,2020-21,0.4190106692531523,0.34408602150537637,0.4613050075872534,1031,372,659
1628418,2020,2020-21,0.6483516483516484,0.42857142857142855,0.7142857142857143,91,21,70
1628419,2020,2020-21,0.5757575757575758,0.3076923076923077,0.75,33,13,20
1628420,2020,2020-21,0.4806201550387597,0.3805970149253731,0.5335968379446641,387,134,253
1628422,2020,2020-21,0.4061433447098976,0.2893081761006289,0.5447761194029851,293,159,134
1628425,2020,2020-21,0.44776119402985076,0.4232558139534884,0.49166666666666664,335,215,120
1628427,2020,2020-21,0.4583333333333333,0.2727272727272727,0.6153846153846154,72,33,39
1628436,2020,2020-21,0.43564356435643564,0.2542372881355932,0.6904761904761905,101,59,42
1628449,2020,2020-21,0.5142857142857142,0.3829787234042553,0.6092307692307692,560,235,325
1628455,2020,2020-21,0.3695652173913043,0.3548387096774194,0.3770491803278688,92,31,61
1628464,2020,2020-21,0.5407725321888412,0.3223684210526316,0.6464968152866242,466,152,314
1628467,2020,2020-21,0.4218181818181818,0.41037735849056606,0.4603174603174603,275,212,63
1628470,2020,2020-21,0.4801762114537445,0.36792452830188677,0.5785123966942148,227,106,121
1628539,2020,2020-21,0.4490566037735849,0.397196261682243,0.6666666666666666,265,214,51
1628578,2020,2020-21,0.625,0.0,0.625,8,0,8
1628778,2020,2020-21,0.4634146341463415,0.46875,0.4444444444444444,82,64,18
1628960,2020,2020-21,0.4178743961352657,0.3905109489051095,0.4714285714285714,414,274,140
1628961,2020,2020-21,0.3,0.0,0.3,10,0,10
1628962,2020,2020-21,0.4444444444444444,0.0,0.4444444444444444,9,0,9
1628963,2020,2020-21,0.5040816326530613,0.3425925925925926,0.5497382198952879,490,108,382
1628964,2020,2020-21,0.4717607973421927,0.3220338983050847,0.5683060109289617,301,118,183
1628966,2020,2020-21,0.44776119402985076,0.29411764705882354,0.5,67,17,50
1628968,2020,2020-21,0.25,0.0,0.3333333333333333,4,1,3
1628969,2020,2020-21,0.5426008968609866,0.4253968253968254,0.6468926553672316,669,315,354
1628970,2020,2020-21,0.5032154340836013,0.4,0.5933734939759037,622,290,332
1628971,2020,2020-21,0.5555555555555556,0.288135593220339,0.5989010989010989,423,59,364
1628972,2020,2020-21,0.4305555555555556,0.3142857142857143,0.5405405405405406,144,70,74
1628973,2020,2020-21,0.5231259968102073,0.405,0.5784543325526932,627,200,427
1628975,2020,2020-21,0.42152466367713004,0.3708609271523179,0.5277777777777778,223,151,72
1628976,2020,2020-21,0.5032822757111597,0.29411764705882354,0.5295566502463054,457,51,406
1628977,2020,2020-21,0.4765957446808511,0.34146341463414637,0.5051546391752577,470,82,388
1628978,2020,2020-21,0.41956882255389716,0.3786127167630058,0.47470817120622566,603,346,257
1628981,2020,2020-21,0.4090909090909091,0.0,0.42857142857142855,44,2,42
1628983,2020,2020-21,0.5079646017699115,0.4176470588235294,0.5468354430379747,565,170,395
1628984,2020,2020-21,0.37668161434977576,0.3752620545073375,0.3802083333333333,669,477,192
1628988,2020,2020-21,0.38990825688073394,0.36813186813186816,0.40551181102362205,436,182,254
1628989,2020,2020-21,0.4322845417236662,0.3626943005181347,0.5101449275362319,731,386,345
1628990,2020,2020-21,0.3786407766990291,0.36363636363636365,0.38271604938271603,103,22,81
1628991,2020,2020-21,0.424,0.2833333333333333,0.5538461538461539,125,60,65
1628993,2020,2020-21,0.5882352941176471,0.16666666666666666,0.6290322580645161,68,6,62
1628995,2020,2020-21,0.3916083916083916,0.39325842696629215,0.3888888888888889,143,89,54
1628997,2020,2020-21,0.375,0.248,0.4961832061068702,256,125,131
1628998,2020,2020-21,0.44148936170212766,0.27586206896551724,0.5153846153846153,188,58,130
1629001,2020,2020-21,0.43765903307888043,0.41232227488151657,0.46703296703296704,393,211,182
1629002,2020,2020-21,0.5083798882681564,0.35135135135135137,0.5492957746478874,179,37,142
1629003,2020,2020-21,0.4497751124437781,0.3497536945812808,0.49353448275862066,667,203,464
1629004,2020,2020-21,0.41106719367588934,0.3343949044585987,0.5364583333333334,506,314,192
1629006,2020,2020-21,0.4015748031496063,0.26851851851851855,0.5,254,108,146
1629007,2020,2020-21,0.5333333333333333,0.375,0.7142857142857143,15,8,7
1629008,2020,2020-21,0.5422276621787026,0.44502617801047123,0.6275862068965518,817,382,435
1629010,2020,2020-21,0.29473684210526313,0.2619047619047619,0.32075471698113206,95,42,53
1629011,2020,2020-21,0.6534090909090909,0.0,0.6534090909090909,176,0,176
1629012,2020,2020-21,0.4751131221719457,0.3712121212121212,0.5077288941736029,1105,264,841
1629013,2020,2020-21,0.40789473684210525,0.38738738738738737,0.4634146341463415,456,333,123
1629014,2020,2020-21,0.41895261845386533,0.425531914893617,0.40336134453781514,401,282,119
1629017,2020,2020-21,0.48484848484848486,0.3333333333333333,0.5897435897435898,66,27,39
1629018,2020,2020-21,0.40764331210191085,0.38461538461538464,0.4353932584269663,785,429,356
1629020,2020,2020-21,0.6059322033898306,0.2,0.6147186147186147,236,5,231
1629021,2020,2020-21,0.45414847161572053,0.34065934065934067,0.5289855072463768,229,91,138
1629022,2020,2020-21,0.42036124794745483,0.3546099290780142,0.47706422018348627,609,282,327
1629023,2020,2020-21,0.4402332361516035,0.38620689655172413,0.4797979797979798,686,290,396
1629026,2020,2020-21,0.5328467153284672,0.4444444444444444,0.5680272108843537,411,117,294
1629027,2020,2020-21,0.4379496402877698,0.3425692695214106,0.4909090909090909,1112,397,715
1629028,2020,2020-21,0.6259097525473072,0.2,0.638680659670165,687,20,667
1629029,2020,2020-21,0.4789045151739452,0.35036496350364965,0.5666251556662516,1351,548,803
1629033,2020,2020-21,0.1111111111111111,0.0,1.0,9,8,1
1629034,2020,2020-21,0.5,0.0,0.6666666666666666,4,1,3
1629035,2020,2020-21,0.42342342342342343,0.2857142857142857,0.6041666666666666,111,63,48
1629048,2020,2020-21,0.42783505154639173,0.25316455696202533,0.5478260869565217,194,79,115
1629052,2020,2020-21,0.48344370860927155,0.4230769230769231,0.547945205479452,151,78,73
1629056,2020,2020-21,0.4276315789473684,0.36704119850187267,0.5132275132275133,456,267,189
1629057,2020,2020-21,0.7209302325581395,0.0,0.7265625,258,2,256
1629060,2020,2020-21,0.4783950617283951,0.3284671532846715,0.5185909980430529,648,137,511
1629066,2020,2020-21,0.34375,0.2857142857142857,0.45454545454545453,32,21,11
1629067,2020,2020-21,0.37037037037037035,0.2765957446808511,0.5,81,47,34
1629076,2020,2020-21,0.6699029126213593,0.5,0.6732673267326733,103,2,101
1629091,2020,2020-21,0.46153846153846156,0.2,0.625,13,5,8
1629103,2020,2020-21,0.4492753623188406,0.4,0.48717948717948717,138,60,78
1629109,2020,2020-21,0.30303030303030304,0.28703703703703703,0.375,132,108,24
1629117,2020,2020-21,0.4,0.40625,0.39285714285714285,60,32,28
1629121,2020,2020-21,0.125,0.0,0.16666666666666666,8,2,6
1629130,2020,2020-21,0.4393305439330544,0.4078303425774878,0.625,717,613,104
1629134,2020,2020-21,0.4848024316109423,0.38125,0.5828402366863905,658,320,338
1629139,2020,2020-21,0.4388888888888889,0.4,0.4777777777777778,180,90,90
1629162,2020,2020-21,0.4132231404958678,0.358695652173913,0.44666666666666666,242,92,150
1629164,2020,2020-21,0.37668161434977576,0.3106796116504854,0.43333333333333335,223,103,120
1629185,2020,2020-21,0.3522727272727273,0.30952380952380953,0.391304347826087,88,42,46
1629216,2020,2020-21,0.3776824034334764,0.3087248322147651,0.5,233,149,84
1629234,2020,2020-21,0.5658536585365853,1.0,0.5615763546798029,205,2,203
1629244,2020,2020-21,0.3333333333333333,0.25,0.5,18,12,6
1629308,2020,2020-21,0.5789473684210527,0.40217391304347827,0.717948717948718,209,92,117
1629346,2020,2020-21,0.4074074074074074,0.4,0.4117647058823529,27,10,17
1629599,2020,2020-21,0.4368932038834951,0.4107142857142857,0.46808510638297873,103,56,47
1629603,2020,2020-21,0.4,0.125,0.46875,40,8,32
1629604,2020,2020-21,0.3787878787878788,0.20588235294117646,0.5625,66,34,32
1629605,2020,2020-21,0.7241379310344828,0.0,0.7241379310344828,29,0,29
1629606,2020,2020-21,0.4642857142857143,0.3333333333333333,0.6153846153846154,28,15,13
1629607,2020,2020-21,0.0,0.0,0.0,4,1,3
1629610,2020,2020-21,0.4166666666666667,0.29850746268656714,0.5660377358490566,120,67,53
1629611,2020,2020-21,0.5085714285714286,0.4175824175824176,0.5405405405405406,350,91,259
1629617,2020,2020-21,0.41025641025641024,0.19047619047619047,0.49122807017543857,78,21,57
1629620,2020,2020-21,0.3333333333333333,0.2857142857142857,0.42857142857142855,21,14,7
1629622,2020,2020-21,0.45454545454545453,0.33783783783783783,0.8974358974358975,187,148,39
1629626,2020,2020-21,0.43103448275862066,0.375,0.47058823529411764,58,24,34
1629627,2020,2020-21,0.6113789778206364,0.29411764705882354,0.6221335992023929,1037,34,1003
1629628,2020,2020-21,0.44056603773584907,0.40129449838187703,0.4567243675099867,1060,309,751
1629629,2020,2020-21,0.3650190114068441,0.2619047619047619,0.45985401459854014,263,126,137
1629630,2020,2020-21,0.44932079414838033,0.3029045643153527,0.49860335195530725,957,241,716
1629631,2020,2020-21,0.4838709677419355,0.3263157894736842,0.5816993464052288,248,95,153
1629632,2020,2020-21,0.4157427937915743,0.3590308370044053,0.4732142857142857,902,454,448
1629633,2020,2020-21,0.4107142857142857,0.24528301886792453,0.48695652173913045,168,53,115
1629634,2020,2020-21,0.5171717171717172,0.2597402597402597,0.5645933014354066,495,77,418
1629635,2020,2020-21,0.37943262411347517,0.22608695652173913,0.48502994011976047,282,115,167
1629636,2020,2020-21,0.4513715710723192,0.39473684210526316,0.47947761194029853,802,266,536
1629637,2020,2020-21,0.625,0.42857142857142855,0.6353383458646616,280,14,266
1629638,2020,2020-21,0.4192139737991266,0.3470319634703196,0.48535564853556484,458,219,239
1629639,2020,2020-21,0.43919885550786836,0.3602693602693603,0.4975124378109453,699,297,402
1629640,2020,2020-21,0.4794326241134752,0.3314917127071823,0.5305343511450382,705,181,524
1629641,2020,2020-21,0.3559322033898305,0.2777777777777778,0.3902439024390244,59,18,41
1629642,2020,2020-21,0.46706586826347307,0.35,0.5747126436781609,167,80,87
1629643,2020,2020-21,0.4166666666666667,0.3475177304964539,0.46994535519125685,324,141,183
1629644,2020,2020-21,0.375,0.24,0.5217391304347826,96,50,46
1629645,2020,2020-21,0.4250681198910082,0.3105590062111801,0.5145631067961165,367,161,206
1629647,2020,2020-21,0.39565217391304347,0.2902097902097902,0.47029702970297027,690,286,404
1629648,2020,2020-21,0.42592592592592593,0.3125,0.5909090909090909,54,32,22
1629649,2020,2020-21,0.42168674698795183,0.39285714285714285,0.43636363636363634,83,28,55
1629650,2020,2020-21,0.5447761194029851,0.0,0.5447761194029851,268,0,268
1629651,2020,2020-21,0.6206896551724138,0.2,0.6357142857142857,145,5,140
1629652,2020,2020-21,0.3865414710485133,0.3434650455927052,0.432258064516129,639,329,310
1629653,2020,2020-21,0.5238095238095238,0.14285714285714285,0.7142857142857143,21,7,14
1629655,2020,2020-21,0.6844444444444444,0.0,0.6844444444444444,225,0,225
1629657,2020,2020-21,0.32954545454545453,0.2826086956521739,0.38095238095238093,88,46,42
1629658,2020,2020-21,0.5,0.0,0.5714285714285714,88,11,77
1629659,2020,2020-21,0.45807770961145194,0.2824427480916031,0.5223463687150838,489,131,358
1629660,2020,2020-21,0.445993031358885,0.4226190476190476,0.4789915966386555,287,168,119
1629661,2020,2020-21,0.42028985507246375,0.3492537313432836,0.581081081081081,483,335,148
1629662,2020,2020-21,0.3707865168539326,0.26,0.5128205128205128,89,50,39
1629663,2020,2020-21,0.5,0.36363636363636365,0.5652173913043478,34,11,23
1629665,2020,2020-21,0.1111111111111111,0.0,0.125,9,1,8
1629667,2020,2020-21,0.46830985915492956,0.3333333333333333,0.547486033519553,284,105,179
1629669,2020,2020-21,0.42388059701492536,0.3333333333333333,0.4972972972972973,335,150,185
1629670,2020,2020-21,0.45925925925925926,0.45161290322580644,0.4657534246575342,135,62,73
1629671,2020,2020-21,0.35353535353535354,0.3409090909090909,0.45454545454545453,99,88,11
1629672,2020,2020-21,0.4966442953020134,0.3333333333333333,0.5327868852459017,298,54,244
1629673,2020,2020-21,0.43248945147679324,0.35144927536231885,0.5454545454545454,474,276,198
1629675,2020,2020-21,0.5232358003442341,0.3505747126436782,0.597051597051597,581,174,407
1629676,2020,2020-21,0.4825174825174825,0.29357798165137616,0.546875,429,109,320
1629677,2020,2020-21,0.44761904761904764,0.27906976744186046,0.5645161290322581,105,43,62
1629680,2020,2020-21,0.41975308641975306,0.3006993006993007,0.59,243,143,100
1629681,2020,2020-21,0.3333333333333333,0.30303030303030304,0.375,57,33,24
1629682,2020,2020-21,0.40476190476190477,0.39473684210526316,0.41304347826086957,84,38,46
1629683,2020,2020-21,0.45714285714285713,0.16666666666666666,0.5172413793103449,35,6,29
1629684,2020,2020-21,0.43724696356275305,0.37209302325581395,0.5084745762711864,247,129,118
1629685,2020,2020-21,0.43846153846153846,0.33766233766233766,0.5849056603773585,130,77,53
1629686,2020,2020-21,0.35,0.35714285714285715,0.3333333333333333,40,28,12
1629690,2020,2020-21,0.3684210526315789,0.1,0.6666666666666666,19,10,9
1629712,2020,2020-21,0.23076923076923078,0.25,0.2,13,8,5
1629713,2020,2020-21,0.46846846846846846,0.3684210526315789,0.5205479452054794,111,38,73
1629714,2020,2020-21,0.4807692307692308,0.42857142857142855,0.5416666666666666,52,28,24
1629716,2020,2020-21,0.3333333333333333,0.0,0.3333333333333333,3,0,3
1629717,2020,2020-21,0.40625,0.3821656050955414,0.5142857142857142,192,157,35
1629718,2020,2020-21,0.3023255813953488,0.23809523809523808,0.36363636363636365,43,21,22
1629719,2020,2020-21,0.5862068965517241,0.0,0.5862068965517241,29,0,29
1629723,2020,2020-21,0.5,0.375,0.5853658536585366,138,56,82
1629725,2020,2020-21,0.2727272727272727,0.25,0.2857142857142857,33,12,21
1629726,2020,2020-21,0.4092827004219409,0.3838383838383838,0.5384615384615384,237,198,39
1629730,2020,2020-21,0.5,0.2857142857142857,0.6363636363636364,18,7,11
1629731,2020,2020-21,0.43086816720257237,0.36619718309859156,0.5714285714285714,311,213,98
1629735,2020,2020-21,0.625,1.0,0.6,16,1,15
1629738,2020,2020-21,0.25,0.0,0.2727272727272727,12,1,11
1629740,2020,2020-21,0.3262411347517731,0.27058823529411763,0.4107142857142857,141,85,56
1629743,2020,2020-21,0.7142857142857143,0.0,0.7142857142857143,35,0,35
1629744,2020,2020-21,0.3937007874015748,0.3375,0.48936170212765956,127,80,47
1629750,2020,2020-21,0.5196078431372549,0.3333333333333333,0.5972222222222222,102,30,72
1629751,2020,2020-21,0.3958333333333333,0.3076923076923077,0.5,48,26,22
1629752,2020,2020-21,0.4666666666666667,0.3076923076923077,0.5882352941176471,30,13,17
1629833,2020,2020-21,0.25,0.25,0.25,20,8,12
1629962,2020,2020-21,0.39285714285714285,0.375,0.4166666666666667,28,16,12
1630162,2020,2020-21,0.41701073492981006,0.32884615384615384,0.4833574529667149,1211,520,691
1630163,2020,2020-21,0.43601190476190477,0.3524904214559387,0.48905109489051096,672,261,411
1630164,2020,2020-21,0.5190217391304348,0.3157894736842105,0.5424242424242425,368,38,330
1630165,2020,2020-21,0.35323383084577115,0.2777777777777778,0.3953488372093023,201,72,129
1630166,2020,2020-21,0.4166666666666667,0.31547619047619047,0.5347222222222222,312,168,144
1630167,2020,2020-21,0.49760765550239233,0.3058823529411765,0.6290322580645161,209,85,124
1630168,2020,2020-21,0.6442953020134228,0.0,0.6575342465753424,149,3,146
1630169,2020,2020-21,0.4717285945072698,0.40878378378378377,0.5294117647058824,619,296,323
1630170,2020,2020-21,0.40594059405940597,0.3466666666666667,0.46405228758169936,303,150,153
1630171,2020,2020-21,0.4203935599284436,0.2897196261682243,0.5014492753623189,559,214,345
1630172,2020,2020-21,0.48295454545454547,0.391304347826087,0.5153846153846153,528,138,390
1630173,2020,2020-21,0.543859649122807,0.0,0.5462555066079295,228,1,227
1630174,2020,2020-21,0.43820224719101125,0.37037037037037035,0.5428571428571428,178,108,70
1630175,2020,2020-21,0.3967391304347826,0.3372093023255814,0.4236842105263158,552,172,380
1630176,2020,2020-21,0.5,0.14285714285714285,0.5862068965517241,36,7,29
1630177,2020,2020-21,0.36807817589576547,0.3354632587859425,0.4019933554817276,614,313,301
1630178,2020,2020-21,0.46153846153846156,0.30097087378640774,0.5122699386503068,429,103,326
1630179,2020,2020-21,0.3125,0.0,0.5555555555555556,16,7,9
1630180,2020,2020-21,0.4037626628075253,0.3804347826086957,0.45021645021645024,691,460,231
1630181,2020,2020-21,0.43450479233226835,0.3103448275862069,0.4823008849557522,313,87,226
1630182,2020,2020-21,0.45161290322580644,0.16,0.5588235294117647,93,25,68
1630183,2020,2020-21,0.44686648501362397,0.36363636363636365,0.5443786982248521,367,198,169
1630184,2020,2020-21,0.3857566765578635,0.3333333333333333,0.4147465437788018,337,120,217
1630185,2020,2020-21,0.34210526315789475,0.36666666666666664,0.3148148148148148,114,60,54
1630186,2020,2020-21,0.39473684210526316,0.2631578947368421,0.5263157894736842,38,19,19
1630187,2020,2020-21,0.4230769230769231,0.2,0.44680851063829785,52,5,47
1630188,2020,2020-21,0.44,0.23529411764705882,0.5454545454545454,50,17,33
1630189,2020,2020-21,0.3181818181818182,0.25,0.3333333333333333,22,4,18
1630190,2020,2020-21,0.3333333333333333,0.34782608695652173,0.2857142857142857,30,23,7
1630191,2020,2020-21,0.5525672371638142,0.3333333333333333,0.5924855491329479,409,63,346
1630192,2020,2020-21,0.4807692307692308,0.4067796610169492,0.5777777777777777,104,59,45
1630193,2020,2020-21,0.39482758620689656,0.38943894389438943,0.4007220216606498,580,303,277
1630194,2020,2020-21,0.5384615384615384,0.0,0.5833333333333334,78,6,72
1630197,2020,2020-21,0.34068627450980393,0.28019323671497587,0.40298507462686567,408,207,201
1630198,2020,2020-21,0.3609022556390977,0.36792452830188677,0.3333333333333333,133,106,27
1630199,2020,2020-21,0.3023255813953488,0.23076923076923078,0.3333333333333333,43,13,30
1630200,2020,2020-21,0.47435897435897434,0.6,0.4657534246575342,78,5,73
1630201,2020,2020-21,0.3735294117647059,0.32142857142857145,0.42441860465116277,340,168,172
1630202,2020,2020-21,0.44019138755980863,0.4112903225806452,0.4823529411764706,418,248,170
1630203,2020,2020-21,0.6666666666666666,0.5,0.75,12,4,8
1630205,2020,2020-21,0.45588235294117646,0.16,0.5225225225225225,136,25,111
1630206,2020,2020-21,0.3888888888888889,0.2222222222222222,0.4444444444444444,36,9,27
1630207,2020,2020-21,0.35714285714285715,0.21052631578947367,0.4782608695652174,42,19,23
1630208,2020,2020-21,0.4444444444444444,0.0,0.5,9,1,8
1630210,2020,2020-21,0.37735849056603776,0.27692307692307694,0.5365853658536586,106,65,41
1630211,2020,2020-21,0.23076923076923078,0.5,0.18181818181818182,13,2,11
1630214,2020,2020-21,0.5585284280936454,0.3384615384615385,0.6196581196581197,299,65,234
1630216,2020,2020-21,0.42424242424242425,0.47058823529411764,0.375,33,17,16
1630217,2020,2020-21,0.46893787575150303,0.4317343173431734,0.5131578947368421,499,271,228
1630218,2020,2020-21,0.4,0.16666666666666666,0.5,20,6,14
1630219,2020,2020-21,0.4489795918367347,0.35,0.5172413793103449,98,40,58
1630221,2020,2020-21,0.30303030303030304,0.10810810810810811,0.41935483870967744,99,37,62
1630222,2020,2020-21,0.42276422764227645,0.36363636363636365,0.49122807017543857,123,66,57
1630223,2020,2020-21,0.5,0.4722222222222222,0.5277777777777778,72,36,36
1630230,2020,2020-21,0.3923444976076555,0.3493975903614458,0.42063492063492064,209,83,126
1630231,2020,2020-21,0.5094339622641509,0.3645833333333333,0.5720720720720721,318,96,222
1630233,2020,2020-21,0.37,0.18181818181818182,0.4626865671641791,100,33,67
1630234,2020,2020-21,0.25,0.2222222222222222,0.3333333333333333,12,9,3
1630235,2020,2020-21,0.4507042253521127,0.19230769230769232,0.6,71,26,45
1630237,2020,2020-21,0.3898305084745763,0.323943661971831,0.48936170212765956,118,71,47
1630238,2020,2020-21,0.3333333333333333,0.5,0.0,3,2,1
1630240,2020,2020-21,0.4714285714285714,0.34782608695652173,0.48663101604278075,210,23,187
1630241,2020,2020-21,0.4444444444444444,0.44680851063829785,0.44,72,47,25
1630253,2020,2020-21,0.3939393939393939,0.22727272727272727,0.7272727272727273,33,22,11
1630256,2020,2020-21,0.5056,0.3076923076923077,0.5953488372093023,625,195,430
1630264,2020,2020-21,0.5,0.2916666666666667,0.6388888888888888,60,24,36
1630266,2020,2020-21,0.0,0.0,0.0,1,1,0
1630267,2020,2020-21,0.38095238095238093,0.35185185185185186,0.4444444444444444,315,216,99
1630268,2020,2020-21,0.2857142857142857,0.2857142857142857,0.0,7,7,0
1630271,2020,2020-21,0.3611111111111111,0.2711864406779661,0.46938775510204084,108,59,49
1630273,2020,2020-21,0.5238095238095238,0.0,0.5238095238095238,84,0,84
1630466,2020,2020-21,0.47761194029850745,0.13333333333333333,0.5769230769230769,67,15,52
2207,2021,2021-22,1.0,0.0,1.0,1,0,1
2544,2021,2021-22,0.5241605241605242,0.359375,0.6196636481241915,1221,448,773
2546,2021,2021-22,0.4412171507607192,0.37531486146095716,0.5214723926380368,723,397,326
2617,2021,2021-22,0.45161290322580644,0.25,0.48148148148148145,31,4,27
2730,2021,2021-22,0.6118721461187214,0.5333333333333333,0.6176470588235294,219,15,204
2738,2021,2021-22,0.38016528925619836,0.22972972972972974,0.6170212765957447,121,74,47
2772,2021,2021-22,0.3333333333333333,0.2702702702702703,0.52,99,74,25
101108,2021,2021-22,0.49320652173913043,0.3165829145728643,0.5586592178770949,736,199,537
101150,2021,2021-22,0.390625,0.3627450980392157,0.4036697247706422,320,102,218
200746,2021,2021-22,0.5502183406113537,0.30434782608695654,0.5776699029126213,458,46,412
200752,2021,2021-22,0.41424802110817943,0.3448275862068966,0.4943181818181818,379,203,176
200765,2021,2021-22,0.38636363636363635,0.3522727272727273,0.42045454545454547,176,88,88
200768,2021,2021-22,0.44019138755980863,0.3769633507853403,0.5387755102040817,627,382,245
200782,2021,2021-22,0.48364485981308414,0.41450777202072536,0.5404255319148936,428,193,235
200794,2021,2021-22,0.391304347826087,0.22857142857142856,0.4625,115,35,80
201142,2021,2021-22,0.5183856502242152,0.38333333333333336,0.5680981595092025,1115,300,815
201143,2021,2021-22,0.46748681898066785,0.33584905660377357,0.5822368421052632,569,265,304
201144,2021,2021-22,0.43489254108723135,0.4082125603864734,0.46419098143236076,791,414,377
201145,2021,2021-22,0.5236294896030246,0.31547619047619047,0.6204986149584487,529,168,361
201152,2021,2021-22,0.5183823529411765,0.3541666666666667,0.5535714285714286,272,48,224
201565,2021,2021-22,0.44525547445255476,0.40217391304347827,0.46703296703296704,274,92,182
201566,2021,2021-22,0.4444444444444444,0.2981132075471698,0.484504132231405,1233,265,968
201567,2021,2021-22,0.4296977660972405,0.3920335429769392,0.49295774647887325,761,477,284
201568,2021,2021-22,0.4338358458961474,0.38095238095238093,0.48514851485148514,597,294,303
201569,2021,2021-22,0.475177304964539,0.4119601328903654,0.5475285171102662,564,301,263
201571,2021,2021-22,0.42342342342342343,0.4146341463414634,0.4482758620689655,222,164,58
201572,2021,2021-22,0.46564885496183206,0.3584905660377358,0.5384615384615384,131,53,78
201577,2021,2021-22,0.5527638190954773,0.3333333333333333,0.5595854922279793,199,6,193
201580,2021,2021-22,0.62882096069869,0.2222222222222222,0.6369710467706013,458,9,449
201586,2021,2021-22,0.5,0.37373737373737376,0.5634517766497462,296,99,197
201587,2021,2021-22,0.4625322997416021,0.4,0.6068376068376068,387,270,117
201588,2021,2021-22,0.4290909090909091,0.30597014925373134,0.5460992907801419,275,134,141
201599,2021,2021-22,0.6433566433566433,0.0,0.6433566433566433,143,0,143
201609,2021,2021-22,0.37748344370860926,0.25396825396825395,0.4659090909090909,151,63,88
201933,2021,2021-22,0.4249201277955272,0.2620689655172414,0.5654761904761905,313,145,168
201935,2021,2021-22,0.4102822580645161,0.33035714285714285,0.47610294117647056,992,448,544
201937,2021,2021-22,0.36253041362530414,0.3390804597701149,0.379746835443038,411,174,237
201939,2021,2021-22,0.43709150326797386,0.38,0.5274261603375527,1224,750,474
201942,2021,2021-22,0.5042345276872964,0.352112676056338,0.5197415649676956,1535,142,1393
201949,2021,2021-22,0.46905537459283386,0.27058823529411763,0.545045045045045,307,85,222
201950,2021,2021-22,0.5010482180293501,0.411214953271028,0.5466034755134281,954,321,633
201954,2021,2021-22,0.2857142857142857,0.0,0.5,7,3,4
201959,2021,2021-22,0.5180722891566265,0.39473684210526316,0.5546875,166,38,128
201961,2021,2021-22,0.41350210970464135,0.3886255924170616,0.6153846153846154,237,211,26
201976,2021,2021-22,0.4059633027522936,0.34297520661157027,0.4845360824742268,436,242,194
201980,2021,2021-22,0.39375,0.3800738007380074,0.46938775510204084,320,271,49
201988,2021,2021-22,0.4080604534005038,0.3996478873239437,0.42920353982300885,794,568,226
202066,2021,2021-22,0.376271186440678,0.31891891891891894,0.4727272727272727,295,185,110
202083,2021,2021-22,0.39545454545454545,0.3375796178343949,0.5396825396825397,220,157,63
202324,2021,2021-22,0.5164835164835165,0.125,0.5542168674698795,182,16,166
202326,2021,2021-22,0.45987654320987653,0.30327868852459017,0.5544554455445545,324,122,202
202328,2021,2021-22,0.5614035087719298,0.0,0.5614035087719298,57,0,57
202330,2021,2021-22,0.4586709886547812,0.39090909090909093,0.49622166246851385,617,220,397
202331,2021,2021-22,0.42138364779874216,0.3540856031128405,0.46701846965699206,636,257,379
202334,2021,2021-22,0.6875,0.0,0.6875,16,0,16
202339,2021,2021-22,0.42094017094017094,0.3128834355828221,0.4786885245901639,468,163,305
202340,2021,2021-22,0.4228571428571429,0.3904761904761905,0.4714285714285714,350,210,140
202355,2021,2021-22,0.6515151515151515,0.0,0.6515151515151515,330,0,330
202357,2021,2021-22,0.4678362573099415,0.3624161073825503,0.5492227979274611,342,149,193
202362,2021,2021-22,0.4551083591331269,0.3,0.5150214592274678,323,90,233
202397,2021,2021-22,0.43023255813953487,0.373134328358209,0.44077134986225897,430,67,363
202681,2021,2021-22,0.46915584415584416,0.41841004184100417,0.5013262599469496,616,239,377
202683,2021,2021-22,0.5257731958762887,0.4,0.532608695652174,97,5,92
202684,2021,2021-22,0.5280898876404494,0.3333333333333333,0.5303030303030303,267,3,264
202685,2021,2021-22,0.5437100213219617,0.36075949367088606,0.5807692307692308,938,158,780
202687,2021,2021-22,0.593103448275862,0.0,0.593103448275862,145,0,145
202688,2021,2021-22,0.4,0.23529411764705882,0.75,25,17,8
202689,2021,2021-22,0.4027027027027027,0.36683417085427134,0.4444444444444444,370,199,171
202691,2021,2021-22,0.4293193717277487,0.38513513513513514,0.47653429602888087,573,296,277
202692,2021,2021-22,0.3914835164835165,0.40359897172236503,0.3775811209439528,728,389,339
202693,2021,2021-22,0.47368421052631576,0.3333333333333333,0.5466666666666666,114,39,75
202694,2021,2021-22,0.4341534008683068,0.36727272727272725,0.47836538461538464,691,275,416
202696,2021,2021-22,0.4731369150779896,0.31419939577039274,0.5370595382746051,1154,331,823
202699,2021,2021-22,0.48238747553816047,0.36727272727272725,0.5247657295850067,1022,275,747
202704,2021,2021-22,0.39198036006546644,0.326171875,0.4394366197183099,1222,512,710
202709,2021,2021-22,0.445,0.4140127388535032,0.46502057613168724,400,157,243
202710,2021,2021-22,0.48009650180940894,0.23275862068965517,0.520336605890603,829,116,713
202711,2021,2021-22,0.4547413793103448,0.38675213675213677,0.5239130434782608,928,468,460
202722,2021,2021-22,0.36,0.3347826086956522,0.4888888888888889,275,230,45
202738,2021,2021-22,0.40119760479041916,0.3373493975903614,0.4642857142857143,167,83,84
202954,2021,2021-22,0.36363636363636365,0.23529411764705882,0.4,77,17,60
203076,2021,2021-22,0.5323741007194245,0.18571428571428572,0.5712,695,70,625
203078,2021,2021-22,0.45136186770428016,0.3,0.5080213903743316,771,210,561
203081,2021,2021-22,0.40217391304347827,0.323943661971831,0.48507462686567165,552,284,268
203082,2021,2021-22,0.3971119133574007,0.2916666666666667,0.49310344827586206,554,264,290
203083,2021,2021-22,0.5704387990762124,0.0,0.5744186046511628,433,3,430
203084,2021,2021-22,0.46882494004796166,0.39444444444444443,0.5253164556962026,834,360,474
203085,2021,2021-22,0.41714285714285715,0.341991341991342,0.5630252100840336,350,231,119
203087,2021,2021-22,0.38328530259365995,0.3235294117647059,0.4406779661016949,347,170,177
203090,2021,2021-22,0.4585635359116022,0.3069306930693069,0.65,181,101,80
203095,2021,2021-22,0.41658031088082903,0.3893376413570275,0.4653179190751445,965,619,346
203107,2021,2021-22,0.3769633507853403,0.20754716981132076,0.4420289855072464,191,53,138
203109,2021,2021-22,0.39889705882352944,0.34794520547945207,0.5027932960893855,544,365,179
203110,2021,2021-22,0.5252918287937743,0.2962962962962963,0.5862068965517241,257,54,203
203114,2021,2021-22,0.4427032321253673,0.37327188940092165,0.4940374787052811,1021,434,587
203115,2021,2021-22,0.4375,0.36511627906976746,0.5042918454935622,896,430,466
203145,2021,2021-22,0.3237410071942446,0.3625,0.2711864406779661,139,80,59
203200,2021,2021-22,0.3942598187311178,0.36721991701244816,0.4666666666666667,662,482,180
203210,2021,2021-22,0.48623853211009177,0.2661290322580645,0.6206896551724138,327,124,203
203457,2021,2021-22,0.5333333333333333,0.0,0.5614035087719298,60,3,57
203458,2021,2021-22,0.5340909090909091,0.2857142857142857,0.567741935483871,176,21,155
203463,2021,2021-22,0.4007421150278293,0.36211031175059955,0.5327868852459017,539,417,122
203468,2021,2021-22,0.46048109965635736,0.3880597014925373,0.5093525179856115,1164,469,695
203469,2021,2021-22,0.5666666666666667,0.0,0.5930232558139535,90,4,86
203471,2021,2021-22,0.430939226519337,0.344,0.4767932489451477,724,250,474
203473,2021,2021-22,0.5655172413793104,0.40425531914893614,0.5967078189300411,290,47,243
203476,2021,2021-22,0.4732142857142857,0.4264705882352941,0.5454545454545454,112,68,44
203482,2021,2021-22,0.44755244755244755,0.33613445378151263,0.5269461077844312,286,119,167
203484,2021,2021-22,0.43546441495778043,0.3897058823529412,0.47980997624703087,829,408,421
203486,2021,2021-22,0.640625,0.0,0.6446540880503144,320,2,318
203488,2021,2021-22,0.45564516129032256,0.4294478527607362,0.5058823529411764,248,163,85
203490,2021,2021-22,0.4639423076923077,0.37037037037037035,0.565,416,216,200
203493,2021,2021-22,0.40119760479041916,0.3596938775510204,0.5504587155963303,501,392,109
203496,2021,2021-22,0.41967871485943775,0.3775811209439528,0.5094339622641509,498,339,159
203497,2021,2021-22,0.7125984251968503,0.0,0.7182539682539683,508,4,504
203500,2021,2021-22,0.546875,0.0,0.5483028720626631,384,1,383
203501,2021,2021-22,0.39433962264150946,0.3355263157894737,0.47345132743362833,530,304,226
203503,2021,2021-22,0.40350877192982454,0.3515625,0.5581395348837209,171,128,43
203504,2021,2021-22,0.39069767441860465,0.3170731707317073,0.43609022556390975,215,82,133
203506,2021,2021-22,0.4794520547945205,0.4166666666666667,0.5405405405405406,73,36,37
203507,2021,2021-22,0.5534136546184739,0.29338842975206614,0.6161515453639083,1245,242,1003
203516,2021,2021-22,0.4583333333333333,0.375,0.5,24,8,16
203524,2021,2021-22,0.15,0.15384615384615385,0.14285714285714285,20,13,7
203526,2021,2021-22,0.46258503401360546,0.2916666666666667,0.5264797507788161,441,120,321
203552,2021,2021-22,0.4871447902571042,0.42245989304812837,0.5534246575342465,739,374,365
203585,2021,2021-22,0.43555555555555553,0.3972602739726027,0.5063291139240507,225,146,79
203648,2021,2021-22,0.546875,0.14285714285714285,0.5964912280701754,128,14,114
203658,2021,2021-22,0.6,0.0,0.6,5,0,5
203816,2021,2021-22,0.5,0.0,0.6666666666666666,4,1,3
203897,2021,2021-22,0.4763912310286678,0.3894736842105263,0.5344585091420534,1186,475,711
203901,2021,2021-22,0.38285714285714284,0.2222222222222222,0.4012738853503185,175,18,157
203903,2021,2021-22,0.41868823000898475,0.31825795644891125,0.5348837209302325,1113,597,516
203914,2021,2021-22,0.43399638336347196,0.3841059602649007,0.4940239043824701,553,302,251
203915,2021,2021-22,0.4163265306122449,0.3393939393939394,0.47901234567901235,735,330,405
203917,2021,2021-22,0.35714285714285715,0.4,0.25,14,10,4
203918,2021,2021-22,0.36942675159235666,0.32967032967032966,0.42424242424242425,157,91,66
203920,2021,2021-22,0.485,0.0,0.521505376344086,200,14,186
203924,2021,2021-22,0.4263233190271817,0.35826771653543305,0.4651685393258427,699,254,445
203925,2021,2021-22,0.45161290322580644,0.4659090909090909,0.4166666666666667,124,88,36
203926,2021,2021-22,0.46236559139784944,0.421875,0.5119617224880383,465,256,209
203932,2021,2021-22,0.5203836930455635,0.3346153846153846,0.6045296167247387,834,260,574
203935,2021,2021-22,0.4178272980501393,0.33055555555555555,0.505586592178771,718,360,358
203937,2021,2021-22,0.44562899786780386,0.3302752293577982,0.48055555555555557,469,109,360
203939,2021,2021-22,0.6708229426433915,0.35135135135135137,0.7032967032967034,401,37,364
203944,2021,2021-22,0.41091492776886035,0.3076923076923077,0.45794392523364486,1246,390,856
203952,2021,2021-22,0.4661432777232581,0.39348370927318294,0.5129032258064516,1019,399,620
203953,2021,2021-22,0.47368421052631576,0.5,0.45454545454545453,38,16,22
203954,2021,2021-22,0.4992503748125937,0.3705179282868526,0.5290858725761773,1334,251,1083
203991,2021,2021-22,0.6125827814569537,0.0,0.6135986733001658,604,1,603
203992,2021,2021-22,0.43073047858942065,0.3681917211328976,0.5164179104477612,794,459,335
203994,2021,2021-22,0.535,0.26785714285714285,0.5625,600,56,544
203999,2021,2021-22,0.5827612509534706,0.3368055555555556,0.6520039100684262,1311,288,1023
204001,2021,2021-22,0.4589308996088657,0.30952380952380953,0.5320388349514563,767,252,515
204020,2021,2021-22,0.3,0.38461538461538464,0.14285714285714285,20,13,7
204025,2021,2021-22,0.3111111111111111,0.35294117647058826,0.2857142857142857,45,17,28
204038,2021,2021-22,0.23076923076923078,0.125,0.4,26,16,10
204060,2021,2021-22,0.40350877192982454,0.3466666666666667,0.6166666666666667,285,225,60
204456,2021,2021-22,0.4807692307692308,0.30303030303030304,0.5142857142857142,208,33,175
1626144,2021,2021-22,0.0,0.0,0.0,2,0,2
1626145,2021,2021-22,0.45108695652173914,0.3902439024390244,0.48703170028818443,552,205,347
1626147,2021,2021-22,0.37894736842105264,0.2542372881355932,0.5833333333333334,95,59,36
1626149,2021,2021-22,0.645045045045045,0.23529411764705882,0.6579925650557621,555,17,538
1626153,2021,2021-22,0.45353159851301117,0.3793103448275862,0.5098039215686274,269,116,153
1626156,2021,2021-22,0.4112820512820513,0.33976833976833976,0.4923413566739606,975,518,457
1626157,2021,2021-22,0.528830313014827,0.4098360655737705,0.5801886792452831,1214,366,848
1626158,2021,2021-22,0.66,0.4,0.6644067796610169,300,5,295
1626159,2021,2021-22,0.4280155642023346,0.22727272727272727,0.4973821989528796,257,66,191
1626161,2021,2021-22,0.45714285714285713,0.5,0.45454545454545453,35,2,33
1626162,2021,2021-22,0.43991416309012876,0.3453887884267631,0.5778364116094987,932,553,379
1626163,2021,2021-22,0.5454545454545454,0.3333333333333333,0.6078431372549019,66,15,51
1626164,2021,2021-22,0.46586910626319494,0.38284518828451886,0.5079533404029692,1421,478,943
1626166,2021,2021-22,0.4088586030664395,0.33649289099526064,0.449468085106383,587,211,376
1626167,2021,2021-22,0.5089058524173028,0.3333333333333333,0.6619047619047619,393,183,210
1626168,2021,2021-22,0.46619217081850534,0.32057416267942584,0.5524079320113314,562,209,353
1626169,2021,2021-22,0.46613545816733065,0.3142857142857143,0.5753424657534246,251,105,146
1626171,2021,2021-22,0.47876004592422505,0.39349112426035504,0.5328330206378987,871,338,533
1626172,2021,2021-22,0.5714285714285714,0.0,0.5730027548209367,364,1,363
1626174,2021,2021-22,0.5011389521640092,0.3898809523809524,0.5701107011070111,878,336,542
1626179,2021,2021-22,0.4438731790916881,0.37436762225969644,0.5156794425087108,1167,593,574
1626181,2021,2021-22,0.46115702479338844,0.4189723320158103,0.4914772727272727,605,253,352
1626192,2021,2021-22,0.4576612903225806,0.3945945945945946,0.6428571428571429,496,370,126
1626195,2021,2021-22,0.5198776758409785,0.3333333333333333,0.526984126984127,327,12,315
1626196,2021,2021-22,0.43820224719101125,0.4146341463414634,0.4583333333333333,534,246,288
1626204,2021,2021-22,0.5222672064777328,0.32857142857142857,0.5988700564971752,247,70,177
1626208,2021,2021-22,0.3631578947368421,0.3,0.42,190,90,100
1626220,2021,2021-22,0.4572072072072072,0.3888888888888889,0.6086956521739131,444,306,138
1626224,2021,2021-22,0.4318181818181818,0.3565459610027855,0.5586854460093896,572,359,213
1626246,2021,2021-22,0.6,0.25,0.6212121212121212,70,4,66
1627734,2021,2021-22,0.5730918499353169,0.312,0.6234567901234568,773,125,648
1627736,2021,2021-22,0.3905882352941176,0.37676609105180536,0.431924882629108,850,637,213
1627737,2021,2021-22,0.4626865671641791,0.32,0.4954128440366973,134,25,109
1627739,2021,2021-22,0.43137254901960786,0.09090909090909091,0.4725274725274725,102,11,91
1627741,2021,2021-22,0.40619307832422585,0.3659217877094972,0.4816753926701571,1098,716,382
1627742,2021,2021-22,0.46083418107833163,0.3274336283185841,0.5006605019815059,983,226,757
1627745,2021,2021-22,0.6578947368421053,0.3448275862068966,0.6962025316455697,266,29,237
1627747,2021,2021-22,0.44379391100702575,0.3203125,0.49665551839464883,854,256,598
1627749,2021,2021-22,0.46172441579371476,0.32653061224489793,0.5036958817317846,1241,294,947
1627751,2021,2021-22,0.6184012066365008,1.0,0.6178247734138973,663,1,662
1627752,2021,2021-22,0.45384615384615384,0.37554585152838427,0.5652173913043478,390,229,161
1627756,2021,2021-22,0.3787878787878788,0.40425531914893614,0.3157894736842105,66,47,19
1627759,2021,2021-22,0.4732949876746097,0.3577586206896552,0.5444887118193891,1217,464,753
1627760,2021,2021-22,0.0,0.0,0.0,4,0,4
1627761,2021,2021-22,0.5610859728506787,0.4166666666666667,0.5891891891891892,221,36,185
1627763,2021,2021-22,0.44751381215469616,0.3118279569892473,0.5182072829131653,543,186,357
1627767,2021,2021-22,0.375,0.0,0.375,8,0,8
1627774,2021,2021-22,0.410958904109589,0.22857142857142856,0.5789473684210527,73,35,38
1627777,2021,2021-22,0.4369449378330373,0.40310077519379844,0.5113636363636364,563,387,176
1627780,2021,2021-22,0.6162790697674418,0.35833333333333334,0.7544642857142857,344,120,224
1627782,2021,2021-22,0.25,0.5,0.0,4,2,2
1627783,2021,2021-22,0.49378624689312345,0.3440366972477064,0.5267947421638018,1207,218,989
1627788,2021,2021-22,0.3872340425531915,0.2894736842105263,0.5147058823529411,470,266,204
1627789,2021,2021-22,0.3978494623655914,0.36065573770491804,0.46875,186,122,64
1627814,2021,2021-22,0.4412532637075718,0.33689839572192515,0.5408163265306123,383,187,196
1627820,2021,2021-22,0.35,0.25,0.4166666666666667,20,8,12
1627822,2021,2021-22,0.3333333333333333,0.125,0.5714285714285714,15,8,7
1627823,2021,2021-22,0.41509433962264153,0.34782608695652173,0.5405405405405406,106,69,37
1627826,2021,2021-22,0.6262626262626263,0.0,0.6262626262626263,495,0,495
1627827,2021,2021-22,0.47109826589595377,0.3954022988505747,0.5992217898832685,692,435,257
1627832,2021,2021-22,0.4029170464904284,0.37694704049844235,0.43956043956043955,1097,642,455
1627846,2021,2021-22,0.34285714285714286,0.2857142857142857,0.38095238095238093,35,14,21
1627853,2021,2021-22,0.5,0.4444444444444444,0.6666666666666666,12,9,3
1627854,2021,2021-22,0.42857142857142855,0.4135593220338983,0.44672131147540983,539,295,244
1627863,2021,2021-22,0.40404040404040403,0.37606837606837606,0.4444444444444444,198,117,81
1627884,2021,2021-22,0.5384615384615384,0.32786885245901637,0.6343283582089553,195,61,134
1627885,2021,2021-22,0.3333333333333333,0.0,0.5,6,2,4
1627936,2021,2021-22,0.3984375,0.3333333333333333,0.46153846153846156,256,126,130
1628021,2021,2021-22,0.48295454545454547,0.30612244897959184,0.5511811023622047,176,49,127
1628035,2021,2021-22,0.39344262295081966,0.3333333333333333,0.4411764705882353,61,27,34
1628221,2021,2021-22,0.2857142857142857,0.16666666666666666,1.0,7,6,1
1628238,2021,2021-22,0.3333333333333333,0.0,0.5,6,2,4
1628365,2021,2021-22,0.4742857142857143,0.23529411764705882,0.5,175,17,158
1628366,2021,2021-22,0.42297650130548303,0.4230769230769231,0.42276422764227645,383,260,123
1628367,2021,2021-22,0.4,0.25384615384615383,0.5117647058823529,300,130,170
1628368,2021,2021-22,0.4725274725274725,0.2971887550200803,0.5243179122182681,1092,249,843
1628369,2021,2021-22,0.45268542199488493,0.3533026113671275,0.5235487404162102,1564,651,913
1628370,2021,2021-22,0.47336561743341404,0.3914027149321267,0.5677083333333334,826,442,384
1628372,2021,2021-22,0.41798941798941797,0.2222222222222222,0.4506172839506173,189,27,162
1628373,2021,2021-22,0.3991031390134529,0.34234234234234234,0.45535714285714285,223,111,112
1628374,2021,2021-22,0.44523470839260315,0.35789473684210527,0.5479876160990712,703,380,323
1628378,2021,2021-22,0.4484011627906977,0.3547400611620795,0.5332409972299169,1376,654,722
1628379,2021,2021-22,0.4491392801251956,0.4491725768321513,0.44907407407407407,639,423,216
1628380,2021,2021-22,0.49032258064516127,0.34146341463414637,0.543859649122807,155,41,114
1628381,2021,2021-22,0.5263975155279503,0.36363636363636365,0.5876068376068376,644,176,468
1628382,2021,2021-22,0.3333333333333333,0.3333333333333333,0.3333333333333333,15,9,6
1628384,2021,2021-22,0.4433285509325681,0.3627760252365931,0.5105263157894737,697,317,380
1628386,2021,2021-22,0.6770642201834862,0.1,0.6878504672897197,545,10,535
1628389,2021,2021-22,0.5569272976680384,0.0,0.5615491009681881,729,6,723
1628391,2021,2021-22,0.7333333333333333,0.0,0.8461538461538461,15,2,13
1628392,2021,2021-22,0.6256830601092896,0.4666666666666667,0.6398809523809523,366,30,336
1628396,2021,2021-22,0.5853658536585366,0.0,0.5853658536585366,123,0,123
1628398,2021,2021-22,0.4519230769230769,0.3413333333333333,0.5258467023172906,936,375,561
1628400,2021,2021-22,0.30303030303030304,0.3,0.30612244897959184,99,50,49
1628401,2021,2021-22,0.42125,0.3116531165311653,0.5150812064965197,800,369,431
1628402,2021,2021-22,0.40165631469979296,0.30824372759856633,0.5294117647058824,483,279,204
1628404,2021,2021-22,0.5043936731107206,0.3427230046948357,0.601123595505618,569,213,356
1628408,2021,2021-22,0.36363636363636365,0.3125,0.4117647058823529,99,48,51
1628411,2021,2021-22,0.4444444444444444,0.6,0.38461538461538464,18,5,13
1628415,2021,2021-22,0.43155893536121676,0.3087248322147651,0.48010610079575594,526,149,377
1628418,2021,2021-22,0.5202702702702703,0.2857142857142857,0.6132075471698113,148,42,106
1628419,2021,2021-22,0.6666666666666666,0.3333333333333333,0.75,15,3,12
1628420,2021,2021-22,0.48382923673997413,0.39490445859872614,0.5446623093681917,773,314,459
1628422,2021,2021-22,0.5,0.0,0.6666666666666666,4,1,3
1628425,2021,2021-22,0.38064516129032255,0.30434782608695654,0.49206349206349204,155,92,63
1628427,2021,2021-22,0.5609756097560976,0.5833333333333334,0.5517241379310345,41,12,29
1628432,2021,2021-22,0.5031055900621118,0.43023255813953487,0.5866666666666667,161,86,75
1628436,2021,2021-22,0.48148148148148145,0.0,0.5909090909090909,27,5,22
1628449,2021,2021-22,0.464471403812825,0.29694323144104806,0.5747126436781609,577,229,348
1628464,2021,2021-22,0.5189003436426117,0.308411214953271,0.6413043478260869,291,107,184
1628467,2021,2021-22,0.3983050847457627,0.3254901960784314,0.5858585858585859,354,255,99
1628470,2021,2021-22,0.45351473922902497,0.32905982905982906,0.5942028985507246,441,234,207
1628476,2021,2021-22,0.23076923076923078,0.23076923076923078,0.23076923076923078,26,13,13
1628537,2021,2021-22,0.0,0.0,0.0,6,2,4
1628539,2021,2021-22,0.3116883116883117,0.3148148148148148,0.30434782608695654,77,54,23
1628591,2021,2021-22,0.75,0.0,1.0,4,1,3
1628778,2021,2021-22,0.34285714285714286,0.23076923076923078,0.6666666666666666,35,26,9
1628960,2021,2021-22,0.44815465729349735,0.4087403598971722,0.5333333333333333,569,389,180
1628962,2021,2021-22,0.7551020408163265,0.0,0.7551020408163265,49,0,49
1628963,2021,2021-22,0.5044843049327354,0.23711340206185566,0.5787965616045845,446,97,349
1628964,2021,2021-22,0.47974068071312803,0.3807829181494662,0.5625,617,281,336
1628966,2021,2021-22,0.5171102661596958,0.3090909090909091,0.5721153846153846,263,55,208
1628969,2021,2021-22,0.5337995337995338,0.3685897435897436,0.6282051282051282,858,312,546
1628970,2021,2021-22,0.49093904448105435,0.3311827956989247,0.5901201602136181,1214,465,749
1628971,2021,2021-22,0.5059288537549407,0.40425531914893614,0.529126213592233,506,94,412
1628972,2021,2021-22,0.4186046511627907,0.3533834586466165,0.488,258,133,125
1628973,2021,2021-22,0.501984126984127,0.373015873015873,0.544973544973545,1008,252,756
1628975,2021,2021-22,0.38735177865612647,0.38823529411764707,0.3855421686746988,253,170,83
1628976,2021,2021-22,0.5248538011695907,0.32710280373831774,0.6148936170212767,684,214,470
1628977,2021,2021-22,0.49619771863117873,0.24731182795698925,0.5496535796766744,526,93,433
1628978,2021,2021-22,0.35119047619047616,0.3394495412844037,0.3728813559322034,336,218,118
1628981,2021,2021-22,0.6545454545454545,0.5,0.660377358490566,55,2,53
1628982,2021,2021-22,0.2708333333333333,0.047619047619047616,0.4444444444444444,48,21,27
1628983,2021,2021-22,0.4534220532319392,0.2996632996632997,0.5139072847682119,1052,297,755
1628984,2021,2021-22,0.36319018404907977,0.3410301953818828,0.4126984126984127,815,563,252
1628988,2021,2021-22,0.4467455621301775,0.3786407766990291,0.4765957446808511,338,103,235
1628989,2021,2021-22,0.45394736842105265,0.38929440389294406,0.5300859598853869,760,411,349
1628990,2021,2021-22,0.5,0.0,0.5,2,0,2
1628991,2021,2021-22,0.41505791505791506,0.3192019950124688,0.4755905511811024,1036,401,635
1628993,2021,2021-22,0.4358974358974359,0.0,0.4857142857142857,39,4,35
1628994,2021,2021-22,0.0,0.0,0.0,5,4,1
1628995,2021,2021-22,0.36470588235294116,0.2777777777777778,0.5161290322580645,85,54,31
1628997,2021,2021-22,0.5073170731707317,0.4129032258064516,0.5647058823529412,410,155,255
1628998,2021,2021-22,0.48226950354609927,0.3836477987421384,0.5416666666666666,423,159,264
1629001,2021,2021-22,0.40431654676258993,0.3736559139784946,0.43962848297213625,695,372,323
1629002,2021,2021-22,0.4521158129175947,0.3064516129032258,0.5551330798479087,449,186,263
1629003,2021,2021-22,0.4292803970223325,0.3233082706766917,0.48148148148148145,403,133,270
1629004,2021,2021-22,0.3888888888888889,0.30597014925373134,0.5,234,134,100
1629005,2021,2021-22,0.6,0.0,0.75,5,1,4
1629006,2021,2021-22,0.40384615384615385,0.2978723404255319,0.49122807017543857,104,47,57
1629008,2021,2021-22,0.3592233009708738,0.20833333333333334,0.4909090909090909,103,48,55
1629011,2021,2021-22,0.760932944606414,0.0,0.760932944606414,343,0,343
1629012,2021,2021-22,0.4503311258278146,0.24444444444444444,0.5377358490566038,151,45,106
1629013,2021,2021-22,0.3938144329896907,0.36826347305389223,0.4503311258278146,485,334,151
1629014,2021,2021-22,0.44291091593475534,0.40497737556561086,0.49014084507042255,797,442,355
1629018,2021,2021-22,0.4143646408839779,0.3834862385321101,0.4454713493530499,1086,545,541
1629020,2021,2021-22,0.5872576177285319,0.14285714285714285,0.6051873198847262,361,14,347
1629021,2021,2021-22,0.49747474747474746,0.3283582089552239,0.6717948717948717,396,201,195
1629022,2021,2021-22,0.40706806282722513,0.31444759206798867,0.48661800486618007,764,353,411
1629023,2021,2021-22,0.4699248120300752,0.3654485049833887,0.6060606060606061,532,301,231
1629026,2021,2021-22,0.4605678233438486,0.33884297520661155,0.5357142857142857,317,121,196
1629027,2021,2021-22,0.46049222797927464,0.3819672131147541,0.5117773019271948,1544,610,934
1629028,2021,2021-22,0.6341463414634146,0.3684210526315789,0.6415929203539823,697,19,678
1629029,2021,2021-22,0.4568781183178902,0.3532513181019332,0.5275779376498801,1403,569,834
1629033,2021,2021-22,0.358974358974359,0.3333333333333333,0.4444444444444444,39,30,9
1629035,2021,2021-22,0.3,0.25,0.35714285714285715,30,16,14
1629048,2021,2021-22,0.5198412698412699,0.2875,0.627906976744186,252,80,172
1629052,2021,2021-22,0.41106719367588934,0.350210970464135,0.4646840148698885,506,237,269
1629056,2021,2021-22,0.4232209737827715,0.3288590604026846,0.5423728813559322,267,149,118
1629057,2021,2021-22,0.7364130434782609,0.0,0.7384196185286104,368,1,367
1629060,2021,2021-22,0.49081364829396323,0.44715447154471544,0.5116279069767442,381,123,258
1629067,2021,2021-22,0.23076923076923078,0.25,0.2222222222222222,13,4,9
1629076,2021,2021-22,0.6052631578947368,0.0,0.6052631578947368,38,0,38
1629083,2021,2021-22,0.0,0.0,0.0,1,1,0
1629103,2021,2021-22,0.4093567251461988,0.29333333333333333,0.5,171,75,96
1629109,2021,2021-22,0.375,0.4,0.2777777777777778,88,70,18
1629111,2021,2021-22,0.4950980392156863,0.3258426966292135,0.6260869565217392,204,89,115
1629117,2021,2021-22,0.4909090909090909,0.2857142857142857,0.5609756097560976,110,28,82
1629130,2021,2021-22,0.39944903581267216,0.3717948717948718,0.5686274509803921,726,624,102
1629139,2021,2021-22,0.4057971014492754,0.34177215189873417,0.4915254237288136,138,79,59
1629150,2021,2021-22,0.0,0.0,0.0,5,0,5
1629162,2021,2021-22,0.44,0.3176470588235294,0.5304347826086957,200,85,115
1629164,2021,2021-22,0.4155844155844156,0.34545454545454546,0.45454545454545453,154,55,99
1629168,2021,2021-22,0.44,0.4,0.4666666666666667,25,10,15
1629185,2021,2021-22,0.2962962962962963,0.32075471698113206,0.25,81,53,28
1629203,2021,2021-22,0.6666666666666666,0.0,0.6666666666666666,3,0,3
1629216,2021,2021-22,0.4171539961013645,0.3684210526315789,0.5,513,323,190
1629234,2021,2021-22,0.5956873315363881,0.21739130434782608,0.6206896551724138,371,23,348
1629308,2021,2021-22,0.48936170212765956,0.3218390804597701,0.5878378378378378,235,87,148
1629309,2021,2021-22,0.0,0.0,0.0,1,0,1
1629312,2021,2021-22,0.34782608695652173,0.32142857142857145,0.3888888888888889,46,28,18
1629597,2021,2021-22,0.0,0.0,0.0,3,2,1
1629599,2021,2021-22,0.45278969957081544,0.3779527559055118,0.5424528301886793,466,254,212
1629600,2021,2021-22,0.5,0.0,1.0,2,1,1
1629603,2021,2021-22,0.5319148936170213,0.0,0.5952380952380952,47,5,42
1629604,2021,2021-22,0.39285714285714285,0.29365079365079366,0.46153846153846156,308,126,182
1629605,2021,2021-22,0.4166666666666667,0.0,0.4166666666666667,12,0,12
1629607,2021,2021-22,0.5384615384615384,0.4166666666666667,0.6428571428571429,26,12,14
1629610,2021,2021-22,0.5,0.0,1.0,2,1,1
1629611,2021,2021-22,0.48405797101449277,0.36538461538461536,0.5352697095435685,690,208,482
1629617,2021,2021-22,0.5063291139240507,0.1875,0.5873015873015873,79,16,63
1629619,2021,2021-22,0.29411764705882354,0.16666666666666666,0.36363636363636365,17,6,11
1629620,2021,2021-22,0.3010752688172043,0.29508196721311475,0.3125,93,61,32
1629622,2021,2021-22,0.44148936170212766,0.4095022624434389,0.5573770491803278,564,442,122
1629623,2021,2021-22,0.4262295081967213,0.34615384615384615,0.4857142857142857,61,26,35
1629626,2021,2021-22,0.5555555555555556,0.25,0.6086956521739131,27,4,23
1629628,2021,2021-22,0.40787269681742044,0.3415841584158416,0.4417721518987342,1194,404,790
1629629,2021,2021-22,0.40441176470588236,0.358695652173913,0.4419642857142857,408,184,224
1629630,2021,2021-22,0.4927782497875956,0.34375,0.5342019543973942,1177,256,921
1629631,2021,2021-22,0.44173913043478263,0.37948717948717947,0.47368421052631576,575,195,380
1629632,2021,2021-22,0.4332298136645963,0.38526912181303113,0.49140893470790376,644,353,291
1629633,2021,2021-22,0.37777777777777777,0.2553191489361702,0.4431818181818182,135,47,88
1629634,2021,2021-22,0.6442953020134228,0.22727272727272727,0.6658823529411765,447,22,425
1629635,2021,2021-22,0.625,0.5,0.6666666666666666,8,2,6
1629636,2021,2021-22,0.4620630861040068,0.3832599118942731,0.5118219749652295,1173,454,719
1629637,2021,2021-22,0.6155778894472361,0.3508771929824561,0.6598240469208211,398,57,341
1629638,2021,2021-22,0.3720588235294118,0.3106508875739645,0.4327485380116959,680,338,342
1629639,2021,2021-22,0.446524064171123,0.39863325740318906,0.4773060029282577,1122,439,683
1629640,2021,2021-22,0.4658753709198813,0.39849624060150374,0.5098039215686274,1011,399,612
1629641,2021,2021-22,0.43455497382198954,0.3411764705882353,0.5094339622641509,191,85,106
1629642,2021,2021-22,0.4603174603174603,0.33116883116883117,0.5838509316770186,315,154,161
1629643,2021,2021-22,0.37565217391304345,0.31805929919137466,0.4803921568627451,575,371,204
1629644,2021,2021-22,0.43478260869565216,0.34615384615384615,0.4883720930232558,69,26,43
1629645,2021,2021-22,0.4146039603960396,0.37530266343825663,0.45569620253164556,808,413,395
1629646,2021,2021-22,0.6382978723404256,0.0,0.6976744186046512,47,4,43
1629647,2021,2021-22,0.4221879815100154,0.29739776951672864,0.5105263157894737,649,269,380
1629649,2021,2021-22,0.4308510638297872,0.3103448275862069,0.5346534653465347,188,87,101
1629650,2021,2021-22,0.5925925925925926,0.0,0.5925925925925926,108,0,108
1629651,2021,2021-22,0.6742424242424242,0.0,0.6742424242424242,264,0,264
1629652,2021,2021-22,0.4035812672176309,0.33248081841432225,0.48656716417910445,726,391,335
1629653,2021,2021-22,0.4782608695652174,0.2222222222222222,0.6428571428571429,23,9,14
1629655,2021,2021-22,0.6934306569343066,0.0,0.6951219512195121,411,1,410
1629656,2021,2021-22,0.40425531914893614,0.38095238095238093,0.5,235,189,46
1629657,2021,2021-22,0.4,0.35,0.48,65,40,25
1629658,2021,2021-22,0.4888888888888889,0.36,0.5384615384615384,90,25,65
1629659,2021,2021-22,0.4163568773234201,0.2692307692307692,0.49157303370786515,538,182,356
1629660,2021,2021-22,0.3780487804878049,0.2903225806451613,0.49295774647887325,328,186,142
1629661,2021,2021-22,0.4596375617792422,0.42455242966751916,0.5231481481481481,607,391,216
1629663,2021,2021-22,0.3191489361702128,0.2962962962962963,0.35,47,27,20
1629667,2021,2021-22,0.484251968503937,0.37962962962962965,0.5616438356164384,254,108,146
1629669,2021,2021-22,0.4745762711864407,0.39375,0.525691699604743,413,160,253
1629670,2021,2021-22,0.4025974025974026,0.34801762114537443,0.4553191489361702,462,227,235
1629671,2021,2021-22,0.2222222222222222,0.125,1.0,9,8,1
1629672,2021,2021-22,0.4851063829787234,0.37037037037037035,0.5826771653543307,235,108,127
1629673,2021,2021-22,0.44801512287334594,0.36379310344827587,0.5502092050209205,1058,580,478
1629674,2021,2021-22,0.4473684210526316,0.0,0.4473684210526316,38,0,38
1629675,2021,2021-22,0.4894957983193277,0.3433734939759036,0.567741935483871,476,166,310
1629676,2021,2021-22,0.5139318885448917,0.4444444444444444,0.5446428571428571,323,99,224
1629678,2021,2021-22,0.4186046511627907,0.3291139240506329,0.56,129,79,50
1629680,2021,2021-22,0.5,0.3125,0.6730769230769231,300,144,156
1629681,2021,2021-22,0.33858267716535434,0.313953488372093,0.3902439024390244,127,86,41
1629682,2021,2021-22,0.2857142857142857,0.2222222222222222,0.4,14,9,5
1629683,2021,2021-22,0.5714285714285714,0.2,0.6875,21,5,16
1629684,2021,2021-22,0.47453703703703703,0.4108527131782946,0.5689655172413793,432,258,174
1629685,2021,2021-22,0.37755102040816324,0.3,0.5714285714285714,98,70,28
1629686,2021,2021-22,0.1,0.14285714285714285,0.0,10,7,3
1629712,2021,2021-22,0.36363636363636365,0.391304347826087,0.3,33,23,10
1629717,2021,2021-22,0.3391003460207612,0.2971887550200803,0.6,289,249,40
1629718,2021,2021-22,0.2564102564102564,0.08333333333333333,0.3333333333333333,39,12,27
1629719,2021,2021-22,0.6774193548387096,0.0,0.6774193548387096,31,0,31
1629723,2021,2021-22,0.5152671755725191,0.4126984126984127,0.6102941176470589,262,126,136
1629726,2021,2021-22,0.39913232104121477,0.3601036269430052,0.6,461,386,75
1629730,2021,2021-22,0.6666666666666666,0.8,0.5,9,5,4
1629731,2021,2021-22,0.45622119815668205,0.3591549295774648,0.64,217,142,75
1629735,2021,2021-22,0.5333333333333333,0.0,0.5333333333333333,15,0,15
1629744,2021,2021-22,0.41044776119402987,0.38461538461538464,0.46511627906976744,134,91,43
1629750,2021,2021-22,0.5415384615384615,0.3564356435643564,0.625,325,101,224
1629751,2021,2021-22,0.3333333333333333,0.3333333333333333,0.0,6,6,0
1629752,2021,2021-22,0.6666666666666666,0.5,1.0,3,2,1
1629755,2021,2021-22,0.47368421052631576,0.4230769230769231,0.5833333333333334,38,26,12
1629760,2021,2021-22,0.0,0.0,0.0,1,1,0
1629783,2021,2021-22,0.25,0.0,0.5,4,2,2
1629833,2021,2021-22,0.3063063063063063,0.2916666666666667,0.3333333333333333,111,72,39
1629873,2021,2021-22,0.0,0.0,0.0,3,2,1
1629875,2021,2021-22,0.49019607843137253,0.35714285714285715,0.5405405405405406,51,14,37
1629958,2021,2021-22,1.0,0.0,1.0,1,0,1
1629962,2021,2021-22,0.3409090909090909,0.40540540540540543,0.0,44,37,7
1630162,2021,2021-22,0.44096385542168676,0.35714285714285715,0.5194401244167963,1245,602,643
1630163,2021,2021-22,0.42902711323763953,0.3893805309734513,0.46153846153846156,1254,565,689
1630165,2021,2021-22,0.38344226579520696,0.2634730538922156,0.4520547945205479,459,167,292
1630166,2021,2021-22,0.4317789291882556,0.3166023166023166,0.525,579,259,320
1630167,2021,2021-22,0.5306553911205074,0.3076923076923077,0.6546052631578947,473,169,304
1630168,2021,2021-22,0.6902654867256637,0.0,0.6902654867256637,226,0,226
1630169,2021,2021-22,0.4730473047304731,0.4138817480719794,0.5173076923076924,909,389,520
1630170,2021,2021-22,0.42670157068062825,0.3605263157894737,0.4921875,764,380,384
1630171,2021,2021-22,0.4802784222737819,0.3503184713375796,0.5547445255474452,431,157,274
1630172,2021,2021-22,0.5294117647058824,0.5172413793103449,0.5342465753424658,102,29,73
1630173,2021,2021-22,0.439469320066335,0.358974358974359,0.46756152125279643,603,156,447
1630174,2021,2021-22,0.3956043956043956,0.26956521739130435,0.6119402985074627,182,115,67
1630175,2021,2021-22,0.39144736842105265,0.3375959079283887,0.43186180422264875,912,391,521
1630176,2021,2021-22,0.5384615384615384,0.0,0.5384615384615384,13,0,13
1630177,2021,2021-22,0.3753943217665615,0.29333333333333333,0.4491017964071856,317,150,167
1630178,2021,2021-22,0.48542713567839196,0.42718446601941745,0.5116618075801749,995,309,686
1630179,2021,2021-22,1.0,0.0,1.0,1,0,1
1630180,2021,2021-22,0.3961267605633803,0.34590163934426227,0.4543726235741445,1136,610,526
1630181,2021,2021-22,0.38293216630196936,0.34972677595628415,0.4051094890510949,457,183,274
1630182,2021,2021-22,0.5078125,0.358974358974359,0.5730337078651685,256,78,178
1630183,2021,2021-22,0.4602888086642599,0.31746031746031744,0.5794701986754967,554,252,302
1630184,2021,2021-22,0.4041095890410959,0.22413793103448276,0.5227272727272727,146,58,88
1630186,2021,2021-22,0.41379310344827586,0.2777777777777778,0.475,58,18,40
1630187,2021,2021-22,0.5,0.0,0.6,6,1,5
1630188,2021,2021-22,0.5028571428571429,0.32786885245901637,0.5964912280701754,350,122,228
1630190,2021,2021-22,0.3263888888888889,0.2631578947368421,0.4489795918367347,144,95,49
1630191,2021,2021-22,0.5102040816326531,0.32608695652173914,0.5292792792792793,490,46,444
1630192,2021,2021-22,0.5161290322580645,0.4625,0.5566037735849056,186,80,106
1630193,2021,2021-22,0.39226519337016574,0.34595959595959597,0.4481707317073171,724,396,328
1630194,2021,2021-22,0.5625,0.25,0.5909090909090909,96,8,88
1630195,2021,2021-22,0.3148148148148148,0.2777777777777778,0.3333333333333333,54,18,36
1630197,2021,2021-22,0.40789473684210525,0.2893401015228426,0.4980694980694981,456,197,259
1630198,2021,2021-22,0.3502824858757062,0.3333333333333333,0.40476190476190477,177,135,42
1630199,2021,2021-22,0.41304347826086957,0.23529411764705882,0.5172413793103449,46,17,29
1630200,2021,2021-22,0.4896755162241888,0.19607843137254902,0.5416666666666666,339,51,288
1630201,2021,2021-22,0.39344262295081966,0.3333333333333333,0.45161290322580644,183,90,93
1630202,2021,2021-22,0.4289544235924933,0.4122448979591837,0.4609375,373,245,128
1630205,2021,2021-22,0.4890282131661442,0.27692307692307694,0.5433070866141733,319,65,254
1630206,2021,2021-22,0.391304347826087,0.2857142857142857,0.48,46,21,25
1630207,2021,2021-22,0.0,0.0,0.0,1,0,1
1630208,2021,2021-22,0.6666666666666666,0.0,0.6666666666666666,90,0,90
1630209,2021,2021-22,0.5263157894736842,0.09090909090909091,0.5466101694915254,247,11,236
1630210,2021,2021-22,0.38613861386138615,0.4,0.3548387096774194,101,70,31
1630214,2021,2021-22,0.4537037037037037,0.20408163265306123,0.5269461077844312,216,49,167
1630215,2021,2021-22,0.40397350993377484,0.3181818181818182,0.5238095238095238,151,88,63
1630216,2021,2021-22,0.36363636363636365,0.3333333333333333,0.4,11,6,5
1630217,2021,2021-22,0.46139872842870117,0.4359464627151052,0.4844290657439446,1101,523,578
1630218,2021,2021-22,0.125,0.25,0.08333333333333333,16,4,12
1630219,2021,2021-22,0.5,0.32,0.6153846153846154,64,25,39
1630222,2021,2021-22,0.4666666666666667,0.25,0.5454545454545454,15,4,11
1630224,2021,2021-22,0.42557651991614254,0.34279475982532753,0.5020161290322581,954,458,496
1630225,2021,2021-22,0.2692307692307692,0.25,0.3,26,16,10
1630227,2021,2021-22,0.40298507462686567,0.2692307692307692,0.4878048780487805,67,26,41
1630228,2021,2021-22,0.5130434782608696,0.33557046979865773,0.5980707395498392,460,149,311
1630230,2021,2021-22,0.4052044609665427,0.2,0.5365853658536586,269,105,164
1630231,2021,2021-22,0.5334608030592735,0.35714285714285715,0.6169014084507042,523,168,355
1630233,2021,2021-22,0.5113636363636364,0.3076923076923077,0.5466666666666666,88,13,75
1630235,2021,2021-22,0.49032258064516127,0.18518518518518517,0.5546875,155,27,128
1630237,2021,2021-22,0.0,0.0,0.0,2,2,0
1630238,2021,2021-22,0.42105263157894735,0.5,0.3333333333333333,19,10,9
1630240,2021,2021-22,0.3898305084745763,0.23333333333333334,0.4700854700854701,177,60,117
1630241,2021,2021-22,0.3333333333333333,0.30434782608695654,1.0,24,23,1
1630243,2021,2021-22,0.45454545454545453,0.375,0.6666666666666666,33,24,9
1630245,2021,2021-22,0.5196261682242991,0.3763440860215054,0.5959885386819485,535,186,349
1630249,2021,2021-22,0.40718562874251496,0.32653061224489793,0.5217391304347826,167,98,69
1630250,2021,2021-22,0.26666666666666666,0.2,0.3,15,5,10
1630256,2021,2021-22,0.49794238683127573,0.3118811881188119,0.5692599620493358,729,202,527
1630257,2021,2021-22,0.0,0.0,0.0,1,0,1
1630264,2021,2021-22,0.5688073394495413,0.5384615384615384,0.5783132530120482,109,26,83
1630267,2021,2021-22,0.3614864864864865,0.3005181347150259,0.47572815533980584,296,193,103
1630270,2021,2021-22,0.2,0.125,0.5,10,8,2
1630271,2021,2021-22,0.4444444444444444,0.2222222222222222,0.6666666666666666,18,9,9
1630273,2021,2021-22,0.4090909090909091,0.0,0.42857142857142855,22,1,21
1630285,2021,2021-22,0.36538461538461536,0.125,0.4090909090909091,52,8,44
1630286,2021,2021-22,0.5,0.0,0.6,6,1,5
1630288,2021,2021-22,0.3076923076923077,0.1111111111111111,0.4117647058823529,26,9,17
1630296,2021,2021-22,0.4583333333333333,0.2857142857142857,0.5294117647058824,72,21,51
1630306,2021,2021-22,0.25,0.25,0.0,4,4,0
1630314,2021,2021-22,0.3723404255319149,0.29245283018867924,0.42045454545454547,282,106,176
1630322,2021,2021-22,0.4057142857142857,0.363013698630137,0.6206896551724138,175,146,29
1630346,2021,2021-22,0.2,0.2,0.0,5,5,0
1630466,2021,2021-22,0.5714285714285714,0.5,0.6,14,4,10
1630525,2021,2021-22,0.0,0.0,0.0,1,1,0
1630526,2021,2021-22,0.41358024691358025,0.3515151515151515,0.4779874213836478,324,165,159
1630527,2021,2021-22,0.38461538461538464,0.3063063063063063,0.4252336448598131,325,111,214
1630528,2021,2021-22,0.448,0.2962962962962963,0.5401929260450161,500,189,311
1630529,2021,2021-22,0.4756944444444444,0.33727810650887574,0.5331695331695332,576,169,407
1630530,2021,2021-22,0.3935018050541516,0.3817204301075269,0.4175824175824176,277,186,91
1630531,2021,2021-22,1.0,0.0,1.0,1,0,1
1630532,2021,2021-22,0.4676923076923077,0.35424354243542433,0.5113636363636364,975,271,704
1630533,2021,2021-22,0.45047169811320753,0.3140495867768595,0.6318681318681318,424,242,182
1630535,2021,2021-22,0.4263157894736842,0.3114754098360656,0.4806201550387597,190,61,129
1630536,2021,2021-22,0.21428571428571427,0.16666666666666666,0.25,14,6,8
1630537,2021,2021-22,0.43156199677938806,0.3686274509803922,0.47540983606557374,621,255,366
1630538,2021,2021-22,0.4028021015761821,0.3659217877094972,0.4647887323943662,571,358,213
1630539,2021,2021-22,0.6428571428571429,0.5,0.6666666666666666,14,2,12
1630540,2021,2021-22,0.2962962962962963,0.25,0.375,108,68,40
1630541,2021,2021-22,0.4371584699453552,0.36363636363636365,0.547945205479452,183,110,73
1630543,2021,2021-22,0.5631067961165048,0.3125,0.5842105263157895,206,16,190
1630544,2021,2021-22,0.39285714285714285,0.3602941176470588,0.4208860759493671,588,272,316
1630547,2021,2021-22,0.3475177304964539,0.3469387755102041,0.34782608695652173,141,49,92
1630549,2021,2021-22,0.5771812080536913,0.2857142857142857,0.5915492957746479,149,7,142
1630550,2021,2021-22,0.43636363636363634,0.25925925925925924,0.6071428571428571,55,27,28
1630551,2021,2021-22,0.4626865671641791,0.35714285714285715,0.5384615384615384,67,28,39
1630552,2021,2021-22,0.5365853658536586,0.23076923076923078,0.6785714285714286,41,13,28
1630553,2021,2021-22,0.35294117647058826,0.34,0.36046511627906974,272,100,172
1630555,2021,2021-22,0.16666666666666666,0.0,0.2,6,1,5
1630556,2021,2021-22,0.41198501872659177,0.35294117647058826,0.4732824427480916,267,136,131
1630557,2021,2021-22,0.45525291828793774,0.35,0.6288659793814433,514,320,194
1630558,2021,2021-22,0.41755634638196915,0.315625,0.47992351816443596,843,320,523
1630559,2021,2021-22,0.4591194968553459,0.31736526946107785,0.6158940397350994,318,167,151
1630560,2021,2021-22,0.43339960238568587,0.27011494252873564,0.5197568389057751,503,174,329
1630561,2021,2021-22,0.3611111111111111,0.24324324324324326,0.4225352112676056,108,37,71
1630563,2021,2021-22,0.37407407407407406,0.30656934306569344,0.44360902255639095,270,137,133
1630565,2021,2021-22,0.2,0.0,0.25,5,1,4
1630567,2021,2021-22,0.4924892703862661,0.3005181347150259,0.5426251691474966,932,193,739
1630568,2021,2021-22,0.4489795918367347,0.32653061224489793,0.5102040816326531,147,49,98
1630570,2021,2021-22,0.5318352059925093,0.23684210526315788,0.5807860262008734,267,38,229
1630572,2021,2021-22,0.4956521739130435,0.4230769230769231,0.5555555555555556,115,52,63
1630573,2021,2021-22,0.46,0.4318181818181818,0.6666666666666666,50,44,6
1630578,2021,2021-22,0.4742857142857143,0.24786324786324787,0.5392156862745098,525,117,408
1630579,2021,2021-22,0.7222222222222222,0.0,0.7222222222222222,54,0,54
1630580,2021,2021-22,0.35714285714285715,0.32558139534883723,0.46153846153846156,56,43,13
1630581,2021,2021-22,0.41940298507462687,0.26291079812206575,0.4923413566739606,670,213,457
1630582,2021,2021-22,0.3125,0.3333333333333333,0.2857142857142857,16,9,7
1630583,2021,2021-22,0.4015151515151515,0.125,0.5595238095238095,132,48,84
1630585,2021,2021-22,0.23809523809523808,0.25,0.23529411764705882,21,4,17
1630586,2021,2021-22,0.4318181818181818,0.25,0.5833333333333334,44,20,24
1630587,2021,2021-22,0.45555555555555555,0.421875,0.5384615384615384,90,64,26
1630589,2021,2021-22,0.25,0.0,0.3333333333333333,4,1,3
1630591,2021,2021-22,0.3613138686131387,0.21428571428571427,0.4431818181818182,548,196,352
1630593,2021,2021-22,0.6666666666666666,0.5,1.0,3,2,1
1630595,2021,2021-22,0.41610087293889425,0.3140495867768595,0.47155688622754494,1031,363,668
1630596,2021,2021-22,0.5084337349397591,0.25,0.540650406504065,830,92,738
1630598,2021,2021-22,0.4629080118694362,0.30434782608695654,0.5728643216080402,337,138,199
1630602,2021,2021-22,0.3125,0.3333333333333333,0.2857142857142857,32,18,14
1630605,2021,2021-22,0.0,0.0,0.0,2,1,1
1630606,2021,2021-22,0.31666666666666665,0.2962962962962963,0.3333333333333333,60,27,33
1630612,2021,2021-22,0.3333333333333333,0.0,0.375,18,2,16
1630613,2021,2021-22,0.405152224824356,0.3767441860465116,0.4339622641509434,427,215,212
1630624,2021,2021-22,0.0,0.0,0.0,2,0,2
1630625,2021,2021-22,0.41089108910891087,0.2549019607843137,0.46357615894039733,202,51,151
1630631,2021,2021-22,0.445578231292517,0.2909090909090909,0.5380434782608695,294,110,184
1630637,2021,2021-22,0.1111111111111111,0.0,0.125,9,1,8
1630640,2021,2021-22,0.0,0.0,0.0,4,2,2
1630643,2021,2021-22,0.0,0.0,0.0,3,2,1
1630644,2021,2021-22,0.5,0.3333333333333333,0.6666666666666666,6,3,3
1630647,2021,2021-22,0.4,0.5,0.3333333333333333,5,2,3
1630648,2021,2021-22,0.09090909090909091,0.16666666666666666,0.0,11,6,5
1630678,2021,2021-22,0.6136363636363636,0.3157894736842105,0.6758241758241759,220,38,182
1630686,2021,2021-22,0.4626865671641791,0.38461538461538464,0.5121951219512195,67,26,41
1630688,2021,2021-22,0.3942307692307692,0.3220338983050847,0.4888888888888889,104,59,45
1630691,2021,2021-22,0.36,0.3333333333333333,0.45454545454545453,50,39,11
1630692,2021,2021-22,0.0,0.0,0.0,3,1,2
1630695,2021,2021-22,0.45454545454545453,0.0,0.5555555555555556,11,2,9
1630698,2021,2021-22,0.32608695652173914,0.23076923076923078,0.45,46,26,20
1630758,2021,2021-22,0.3,0.13333333333333333,0.8,20,15,5
1630787,2021,2021-22,0.35714285714285715,0.3333333333333333,0.375,14,6,8
1630792,2021,2021-22,0.46153846153846156,0.3611111111111111,0.6875,52,36,16
1630846,2021,2021-22,0.5742574257425742,0.4482758620689655,0.625,101,29,72
1630994,2021,2021-22,0.2631578947368421,0.375,0.18181818181818182,19,8,11
2544,2022,2022-23,0.4995898277276456,0.3209549071618037,0.5795724465558195,1219,377,842
2617,2022,2022-23,0.3448275862068966,0.3333333333333333,0.35,29,9,20
2738,2022,2022-23,0.4666666666666667,0.1111111111111111,1.0,15,9,6
101108,2022,2022-23,0.44011976047904194,0.37547892720306514,0.48157248157248156,668,261,407
200752,2022,2022-23,0.3797909407665505,0.25384615384615383,0.4840764331210191,287,130,157
200768,2022,2022-23,0.4041237113402062,0.34516129032258064,0.5085714285714286,485,310,175
200782,2022,2022-23,0.4266666666666667,0.39285714285714285,0.4823529411764706,225,140,85
201142,2022,2022-23,0.5603248259860789,0.4043478260869565,0.6170886075949367,862,230,632
201143,2022,2022-23,0.4759916492693111,0.4461538461538462,0.538961038961039,479,325,154
201144,2022,2022-23,0.4278688524590164,0.38461538461538464,0.4864864864864865,610,351,259
201145,2022,2022-23,0.4878048780487805,0.28846153846153844,0.5803571428571429,328,104,224
201152,2022,2022-23,0.5454545454545454,0.17647058823529413,0.6219512195121951,198,34,164
201565,2022,2022-23,0.3836477987421384,0.30158730158730157,0.4375,159,63,96
201566,2022,2022-23,0.43592330978809285,0.3111888111888112,0.48652482269503544,991,286,705
201567,2022,2022-23,0.3891509433962264,0.3344594594594595,0.515625,424,296,128
201569,2022,2022-23,0.445635528330781,0.3707865168539326,0.5353535353535354,653,356,297
201572,2022,2022-23,0.5305895439377085,0.37362637362637363,0.6373831775700934,899,364,535
201577,2022,2022-23,0.64,0.5,0.647887323943662,75,4,71
201580,2022,2022-23,0.64,0.4,0.65,125,5,120
201586,2022,2022-23,0.48148148148148145,0.3333333333333333,0.5555555555555556,54,18,36
201587,2022,2022-23,0.4199475065616798,0.3911671924290221,0.5625,381,317,64
201588,2022,2022-23,0.46987951807228917,0.35789473684210527,0.6197183098591549,166,95,71
201599,2022,2022-23,0.7652173913043478,1.0,0.7631578947368421,115,1,114
201609,2022,2022-23,0.4208955223880597,0.3586206896551724,0.46842105263157896,335,145,190
201933,2022,2022-23,0.4846153846153846,0.3484848484848485,0.625,130,66,64
201935,2022,2022-23,0.44061757719714967,0.38516746411483255,0.49528301886792453,842,418,424
201937,2022,2022-23,0.34269662921348315,0.25609756097560976,0.4166666666666667,178,82,96
201939,2022,2022-23,0.49338040600176525,0.4272300469483568,0.5789473684210527,1133,639,494
201942,2022,2022-23,0.5042210283960092,0.323943661971831,0.5262704565030146,1303,142,1161
201949,2022,2022-23,0.4489795918367347,0.2,0.5588235294117647,49,15,34
201950,2022,2022-23,0.4789833822091887,0.3844282238442822,0.5424836601307189,1023,411,612
201959,2022,2022-23,0.52,0.3333333333333333,0.5643564356435643,125,24,101
201976,2022,2022-23,0.4,0.33472803347280333,0.5289256198347108,360,239,121
201980,2022,2022-23,0.4489795918367347,0.43243243243243246,0.5,49,37,12
201988,2022,2022-23,0.41148325358851673,0.3656716417910448,0.49333333333333335,209,134,75
202066,2022,2022-23,0.4,0.4230769230769231,0.3684210526315789,45,26,19
202083,2022,2022-23,0.3625,0.31451612903225806,0.5277777777777778,160,124,36
202322,2022,2022-23,0.40828402366863903,0.30275229357798167,0.4585152838427948,338,109,229
202330,2022,2022-23,0.4750430292598967,0.325,0.5320665083135392,581,160,421
202331,2022,2022-23,0.45717131474103584,0.37089201877934275,0.5207612456747405,1004,426,578
202397,2022,2022-23,0.3969465648854962,0.16666666666666666,0.42016806722689076,131,12,119
202681,2022,2022-23,0.4937655860349127,0.3790322580645161,0.5742574257425742,1203,496,707
202685,2022,2022-23,0.5465686274509803,0.3486238532110092,0.5770862800565771,816,109,707
202687,2022,2022-23,0.5776699029126213,0.0,0.5776699029126213,206,0,206
202689,2022,2022-23,0.42105263157894735,0.25,0.5862068965517241,57,28,29
202691,2022,2022-23,0.43610223642172524,0.4117647058823529,0.47024952015355087,1252,731,521
202692,2022,2022-23,0.4357298474945534,0.41422594142259417,0.4590909090909091,459,239,220
202693,2022,2022-23,0.40869565217391307,0.39436619718309857,0.4318181818181818,115,71,44
202694,2022,2022-23,0.4261275272161742,0.36363636363636365,0.4835820895522388,643,308,335
202695,2022,2022-23,0.5120551090700345,0.416,0.5507246376811594,871,250,621
202696,2022,2022-23,0.5200348432055749,0.34870317002881845,0.5942571785268415,1148,347,801
202699,2022,2022-23,0.5005917159763313,0.3888888888888889,0.5700575815738963,845,324,521
202704,2022,2022-23,0.4109375,0.3333333333333333,0.4744318181818182,640,288,352
202709,2022,2022-23,0.42735042735042733,0.3888888888888889,0.4678362573099415,351,180,171
202710,2022,2022-23,0.5394144144144144,0.34951456310679613,0.5643312101910828,888,103,785
202711,2022,2022-23,0.4875283446712018,0.41076487252124644,0.5387523629489603,882,353,529
202722,2022,2022-23,0.43125,0.3900709219858156,0.7368421052631579,160,141,19
203076,2022,2022-23,0.5634095634095634,0.25675675675675674,0.588963963963964,962,74,888
203078,2022,2022-23,0.5056947608200456,0.365296803652968,0.5523520485584219,878,219,659
203081,2022,2022-23,0.46256239600665555,0.3708206686930091,0.5735294117647058,1202,658,544
203082,2022,2022-23,0.43010752688172044,0.3682170542635659,0.5072463768115942,465,258,207
203083,2022,2022-23,0.6058394160583942,0.0,0.6125461254612546,274,3,271
203084,2022,2022-23,0.47281921618204803,0.37393767705382436,0.5525114155251142,791,353,438
203085,2022,2022-23,0.4354066985645933,0.34959349593495936,0.5581395348837209,209,123,86
203086,2022,2022-23,0.4827586206896552,0.3888888888888889,0.6363636363636364,29,18,11
203095,2022,2022-23,0.3373493975903614,0.30701754385964913,0.40384615384615385,166,114,52
203109,2022,2022-23,0.4787234042553192,0.43636363636363634,0.5384615384615384,94,55,39
203110,2022,2022-23,0.5274261603375527,0.3053435114503817,0.6122448979591837,474,131,343
203114,2022,2022-23,0.43596059113300495,0.3148148148148148,0.5163934426229508,406,162,244
203115,2022,2022-23,0.3791208791208791,0.36666666666666664,0.391304347826087,364,180,184
203200,2022,2022-23,0.37745098039215685,0.32167832167832167,0.5081967213114754,204,143,61
203210,2022,2022-23,0.5396825396825397,0.3783783783783784,0.6666666666666666,252,111,141
203457,2022,2022-23,0.3611111111111111,0.5,0.35294117647058826,36,2,34
203458,2022,2022-23,0.5333333333333333,0.0,0.5714285714285714,30,2,28
203468,2022,2022-23,0.4367559523809524,0.3885819521178637,0.46941323345817726,1344,543,801
203469,2022,2022-23,0.6271186440677966,0.0,0.6491228070175439,59,2,57
203471,2022,2022-23,0.4153846153846154,0.3288888888888889,0.4611764705882353,650,225,425
203473,2022,2022-23,0.5099337748344371,0.3076923076923077,0.5803571428571429,151,39,112
203476,2022,2022-23,0.38461538461538464,0.28,0.5714285714285714,117,75,42
203482,2022,2022-23,0.4991023339317774,0.3940677966101695,0.5763239875389408,557,236,321
203484,2022,2022-23,0.4620253164556962,0.4231974921630094,0.5015974440894568,632,319,313
203486,2022,2022-23,0.6797520661157025,0.0,0.6797520661157025,484,0,484
203487,2022,2022-23,0.42857142857142855,0.3333333333333333,0.45454545454545453,14,3,11
203488,2022,2022-23,0.4486301369863014,0.391304347826087,0.5882352941176471,292,207,85
203490,2022,2022-23,0.5,0.35294117647058826,0.6923076923076923,30,17,13
203493,2022,2022-23,0.4085106382978723,0.380352644836272,0.5616438356164384,470,397,73
203496,2022,2022-23,0.44541484716157204,0.39705882352941174,0.5161290322580645,229,136,93
203497,2022,2022-23,0.6593406593406593,0.0,0.6629834254143646,546,3,543
203500,2022,2022-23,0.596958174904943,0.0,0.5992366412213741,263,1,262
203501,2022,2022-23,0.4014167650531287,0.38545454545454544,0.43097643097643096,847,550,297
203506,2022,2022-23,0.3970223325062035,0.330188679245283,0.4712041884816754,403,212,191
203507,2022,2022-23,0.55320813771518,0.27485380116959063,0.5962059620596206,1278,171,1107
203521,2022,2022-23,0.34,0.3333333333333333,0.34782608695652173,50,27,23
203526,2022,2022-23,0.5181818181818182,0.2857142857142857,0.6617647058823529,110,42,68
203552,2022,2022-23,0.46325167037861914,0.4051724137931034,0.5253456221198156,449,232,217
203585,2022,2022-23,0.40789473684210525,0.422680412371134,0.38181818181818183,152,97,55
203648,2022,2022-23,0.43478260869565216,0.0,0.5263157894736842,46,8,38
203897,2022,2022-23,0.48487031700288186,0.375,0.5556872037914692,1388,544,844
203903,2022,2022-23,0.44422890397672166,0.33769063180827885,0.5297202797202797,1031,459,572
203914,2022,2022-23,0.4495114006514658,0.43119266055045874,0.4943820224719101,307,218,89
203915,2022,2022-23,0.4380952380952381,0.3693877551020408,0.4982142857142857,1050,490,560
203920,2022,2022-23,0.59375,0.5,0.6,32,2,30
203924,2022,2022-23,0.47535596933187296,0.4011142061281337,0.5234657039711191,913,359,554
203925,2022,2022-23,0.45681818181818185,0.4264264264264264,0.5514018691588785,440,333,107
203926,2022,2022-23,0.4569789674952199,0.412751677852349,0.5155555555555555,523,298,225
203932,2022,2022-23,0.5637319316688568,0.3468208092485549,0.6275510204081632,761,173,588
203933,2022,2022-23,0.4888888888888889,0.3283582089552239,0.541871921182266,270,67,203
203935,2022,2022-23,0.4152823920265781,0.3362573099415205,0.5192307692307693,602,342,260
203937,2022,2022-23,0.509090909090909,0.4095238095238095,0.5358974358974359,495,105,390
203939,2022,2022-23,0.7323420074349443,0.0,0.7462121212121212,269,5,264
203943,2022,2022-23,0.4583333333333333,0.25,0.5,24,4,20
203944,2022,2022-23,0.4594972067039106,0.34276729559748426,0.5527638190954773,1432,636,796
203952,2022,2022-23,0.4725897920604915,0.39555555555555555,0.5296052631578947,529,225,304
203954,2022,2022-23,0.5481927710843374,0.33,0.5868794326241135,1328,200,1128
203967,2022,2022-23,0.4584837545126354,0.391304347826087,0.5061728395061729,277,115,162
203991,2022,2022-23,0.6529850746268657,0.0,0.6542056074766355,536,1,535
203992,2022,2022-23,0.44680851063829785,0.40555555555555556,0.5059760956175299,611,360,251
203994,2022,2022-23,0.5188118811881188,0.36134453781512604,0.5673575129533679,505,119,386
203999,2022,2022-23,0.6320939334637965,0.3825503355704698,0.6746849942726232,1022,149,873
204001,2022,2022-23,0.49803536345776034,0.3848314606741573,0.5589123867069486,1018,356,662
204060,2022,2022-23,0.43548387096774194,0.4088669950738916,0.5555555555555556,248,203,45
204456,2022,2022-23,0.5431861804222649,0.4406779661016949,0.5562770562770563,521,59,462
1626145,2022,2022-23,0.43802816901408453,0.37116564417177916,0.4947916666666667,710,326,384
1626149,2022,2022-23,0.5980861244019139,0.0,0.6157635467980296,209,6,203
1626153,2022,2022-23,0.4742268041237113,0.3445378151260504,0.563953488372093,291,119,172
1626156,2022,2022-23,0.4694092827004219,0.39591836734693875,0.5480349344978166,948,490,458
1626157,2022,2022-23,0.4953271028037383,0.36585365853658536,0.5757575757575758,428,164,264
1626158,2022,2022-23,0.6179775280898876,0.625,0.6172839506172839,89,8,81
1626159,2022,2022-23,0.4090909090909091,0.3111111111111111,0.43790849673202614,198,45,153
1626162,2022,2022-23,0.43101343101343104,0.3185840707964602,0.5104166666666666,819,339,480
1626163,2022,2022-23,0.49206349206349204,0.3939393939393939,0.6,63,33,30
1626164,2022,2022-23,0.4939081537019681,0.3512658227848101,0.5539280958721704,1067,316,751
1626166,2022,2022-23,0.41501103752759383,0.3675675675675676,0.44776119402985076,453,185,268
1626167,2022,2022-23,0.548431105047749,0.37349397590361444,0.6384297520661157,733,249,484
1626168,2022,2022-23,0.4583333333333333,0.3625,0.5952380952380952,408,240,168
1626169,2022,2022-23,0.5327868852459017,0.45,0.573170731707317,122,40,82
1626171,2022,2022-23,0.49564134495641343,0.36964980544747084,0.554945054945055,803,257,546
1626172,2022,2022-23,0.6302083333333334,0.0,0.6318537859007833,384,1,383
1626174,2022,2022-23,0.5149544863459038,0.3763440860215054,0.5938775510204082,769,279,490
1626179,2022,2022-23,0.414983164983165,0.32673267326732675,0.4802342606149341,1188,505,683
1626181,2022,2022-23,0.4788732394366197,0.397212543554007,0.5342789598108747,710,287,423
1626192,2022,2022-23,0.3919239904988123,0.3385093167701863,0.5656565656565656,421,322,99
1626195,2022,2022-23,0.5266272189349113,0.2727272727272727,0.5443037974683544,169,11,158
1626196,2022,2022-23,0.4314079422382672,0.3651877133105802,0.5057471264367817,554,293,261
1626204,2022,2022-23,0.6098360655737705,0.3333333333333333,0.6539923954372624,305,42,263
1626220,2022,2022-23,0.38617200674536256,0.38902147971360385,0.3793103448275862,593,419,174
1626224,2022,2022-23,0.4509433962264151,0.3717948717948718,0.5642201834862385,530,312,218
1626246,2022,2022-23,0.6833333333333333,0.0,0.6949152542372882,60,1,59
1627732,2022,2022-23,0.5659574468085107,0.0,0.5708154506437768,235,2,233
1627734,2022,2022-23,0.6151385927505331,0.37349397590361444,0.6385964912280702,938,83,855
1627736,2022,2022-23,0.39487726787620064,0.35714285714285715,0.4838709677419355,937,658,279
1627739,2022,2022-23,0.5370370370370371,0.4722222222222222,0.55,216,36,180
1627741,2022,2022-23,0.4576107899807322,0.4254062038404727,0.518005540166205,1038,677,361
1627742,2022,2022-23,0.48383233532934133,0.3902439024390244,0.5067064083457526,835,164,671
1627745,2022,2022-23,0.6395348837209303,0.5882352941176471,0.6521739130434783,86,17,69
1627747,2022,2022-23,0.431266846361186,0.39197530864197533,0.46172248803827753,742,324,418
1627749,2022,2022-23,0.46398786959818045,0.34366925064599485,0.5139484978540773,1319,387,932
1627750,2022,2022-23,0.4543707973102786,0.39814814814814814,0.4942528735632184,1041,432,609
1627751,2022,2022-23,0.6294498381877023,0.0,0.6304700162074555,618,1,617
1627752,2022,2022-23,0.46701846965699206,0.38144329896907214,0.5567567567567567,379,194,185
1627759,2022,2022-23,0.4909616775126536,0.3347022587268994,0.5758928571428571,1383,487,896
1627763,2022,2022-23,0.48360655737704916,0.4444444444444444,0.5103448275862069,732,297,435
1627777,2022,2022-23,0.44223107569721115,0.4010416666666667,0.576271186440678,502,384,118
1627780,2022,2022-23,0.5942028985507246,0.5,0.6511627906976745,69,26,43
1627783,2022,2022-23,0.4798172124904798,0.3240418118466899,0.5233918128654971,1313,287,1026
1627788,2022,2022-23,0.43243243243243246,0.391304347826087,0.46153846153846156,111,46,65
1627814,2022,2022-23,0.4424778761061947,0.44534412955465585,0.43902439024390244,452,247,205
1627823,2022,2022-23,0.42105263157894735,0.2537313432835821,0.6595744680851063,114,67,47
1627826,2022,2022-23,0.6342412451361867,0.0,0.63671875,514,2,512
1627827,2022,2022-23,0.3912175648702595,0.33727810650887574,0.5030674846625767,501,338,163
1627832,2022,2022-23,0.39298561151079137,0.3415841584158416,0.45454545454545453,1112,606,506
1627853,2022,2022-23,0.24324324324324326,0.34782608695652173,0.07142857142857142,37,23,14
1627854,2022,2022-23,0.3614457831325301,0.30434782608695654,0.43243243243243246,83,46,37
1627863,2022,2022-23,0.4720812182741117,0.33636363636363636,0.6436781609195402,197,110,87
1627884,2022,2022-23,0.5,0.3375,0.5866666666666667,230,80,150
1627885,2022,2022-23,0.4166666666666667,0.3,0.46153846153846156,36,10,26
1627936,2022,2022-23,0.45454545454545453,0.36423841059602646,0.5555555555555556,286,151,135
1628221,2022,2022-23,0.38095238095238093,0.3333333333333333,0.6666666666666666,21,18,3
1628365,2022,2022-23,0.5139911634756995,0.3103448275862069,0.543918918918919,679,87,592
1628368,2022,2022-23,0.512396694214876,0.3242506811989101,0.5840248962655602,1331,367,964
1628369,2022,2022-23,0.4663245670301475,0.3498542274052478,0.5578465063001146,1559,686,873
1628370,2022,2022-23,0.4484924623115578,0.3592964824120603,0.5376884422110553,796,398,398
1628371,2022,2022-23,0.41509433962264153,0.4,0.42105263157894735,53,15,38
1628372,2022,2022-23,0.41150442477876104,0.21621621621621623,0.4750733137829912,452,111,341
1628373,2022,2022-23,0.36363636363636365,0.2537313432835821,0.47692307692307695,132,67,65
1628374,2022,2022-23,0.49868995633187774,0.3913894324853229,0.5851735015772871,1145,511,634
1628378,2022,2022-23,0.4843081312410842,0.3858267716535433,0.5658409387222947,1402,635,767
1628379,2022,2022-23,0.49214659685863876,0.4944237918215613,0.48672566371681414,382,269,113
1628380,2022,2022-23,0.5182481751824818,0.3741496598639456,0.571072319201995,548,147,401
1628381,2022,2022-23,0.5077793493635078,0.2916666666666667,0.6188436830835118,707,240,467
1628382,2022,2022-23,0.25925925925925924,0.25,0.2857142857142857,27,20,7
1628384,2022,2022-23,0.47570621468926555,0.3869209809264305,0.5386100386100386,885,367,518
1628386,2022,2022-23,0.6437699680511182,0.1,0.6525974025974026,626,10,616
1628389,2022,2022-23,0.5403949730700179,0.08333333333333333,0.5453720508166969,1114,12,1102
1628392,2022,2022-23,0.5351681957186545,0.21621621621621623,0.5758620689655173,327,37,290
1628396,2022,2022-23,0.5,0.6,0.42857142857142855,12,5,7
1628398,2022,2022-23,0.44833625218914186,0.33264033264033266,0.5325264750378215,1142,481,661
1628401,2022,2022-23,0.46174142480211083,0.38107416879795397,0.547683923705722,758,391,367
1628402,2022,2022-23,0.0,0.0,0.0,3,1,2
1628404,2022,2022-23,0.5288461538461539,0.3719512195121951,0.601123595505618,520,164,356
1628408,2022,2022-23,0.30303030303030304,0.125,0.47058823529411764,33,16,17
1628410,2022,2022-23,0.46096654275092935,0.3563218390804598,0.510989010989011,269,87,182
1628415,2022,2022-23,0.3955600403632694,0.32574031890660593,0.45108695652173914,991,439,552
1628416,2022,2022-23,0.8,0.5,1.0,5,2,3
1628418,2022,2022-23,0.6233062330623306,0.4406779661016949,0.6580645161290323,369,59,310
1628420,2022,2022-23,0.4796116504854369,0.38235294117647056,0.5434083601286174,515,204,311
1628424,2022,2022-23,0.16666666666666666,0.2,0.0,6,5,1
1628425,2022,2022-23,0.0,0.0,0.0,4,2,2
1628427,2022,2022-23,0.47577092511013214,0.3739130434782609,0.5803571428571429,227,115,112
1628432,2022,2022-23,0.3333333333333333,0.3695652173913043,0.2894736842105263,84,46,38
1628435,2022,2022-23,0.6,0.0,0.6,5,0,5
1628436,2022,2022-23,0.6647058823529411,0.23076923076923078,0.7006369426751592,170,13,157
1628449,2022,2022-23,0.4933837429111531,0.328042328042328,0.5852941176470589,529,189,340
1628464,2022,2022-23,0.4772727272727273,0.18181818181818182,0.5757575757575758,44,11,33
1628467,2022,2022-23,0.4556213017751479,0.3482142857142857,0.6666666666666666,169,112,57
1628470,2022,2022-23,0.456,0.3952569169960474,0.5182186234817814,500,253,247
1628960,2022,2022-23,0.4398563734290844,0.3989071038251366,0.518324607329843,557,366,191
1628962,2022,2022-23,0.8194444444444444,0.0,0.8194444444444444,72,0,72
1628963,2022,2022-23,0.5287958115183246,0.2878787878787879,0.5791139240506329,382,66,316
1628964,2022,2022-23,0.4854771784232365,0.3870967741935484,0.5897435897435898,241,124,117
1628966,2022,2022-23,0.5075268817204301,0.39436619718309857,0.5572755417956656,465,142,323
1628969,2022,2022-23,0.468034727703236,0.38235294117647056,0.5139393939393939,1267,442,825
1628971,2022,2022-23,0.48313090418353577,0.35826771653543305,0.5482546201232033,741,254,487
1628972,2022,2022-23,0.43010752688172044,0.3807829181494662,0.5054347826086957,465,281,184
1628973,2022,2022-23,0.49121338912133894,0.4161490683229814,0.5189003436426117,1195,322,873
1628975,2022,2022-23,0.4230088495575221,0.42136498516320475,0.42543859649122806,565,337,228
1628976,2022,2022-23,0.5252854812398042,0.35555555555555557,0.6237113402061856,613,225,388
1628977,2022,2022-23,0.5733333333333334,0.23809523809523808,0.5932203389830508,375,21,354
1628978,2022,2022-23,0.4351851851851852,0.3968253968253968,0.5246913580246914,540,378,162
1628981,2022,2022-23,0.5267857142857143,0.0,0.5462962962962963,112,4,108
1628983,2022,2022-23,0.5097755249818972,0.34523809523809523,0.5325638911788954,1381,168,1213
1628984,2022,2022-23,0.37354988399071926,0.3520710059171598,0.45161290322580644,431,338,93
1628988,2022,2022-23,0.41818181818181815,0.4090909090909091,0.42424242424242425,220,88,132
1628989,2022,2022-23,0.48498845265588914,0.4019607843137255,0.6039325842696629,866,510,356
1628991,2022,2022-23,0.5060827250608273,0.3546099290780142,0.5851851851851851,822,282,540
1628993,2022,2022-23,0.5,0.0,0.75,6,2,4
1628995,2022,2022-23,0.4578313253012048,0.34946236559139787,0.5958904109589042,332,186,146
1628997,2022,2022-23,0.4635036496350365,0.3559322033898305,0.5448717948717948,548,236,312
1628998,2022,2022-23,0.3888888888888889,0.21428571428571427,0.5,36,14,22
1629001,2022,2022-23,0.4254992319508449,0.38957816377171217,0.4838709677419355,651,403,248
1629002,2022,2022-23,0.589041095890411,0.23684210526315788,0.6629834254143646,219,38,181
1629003,2022,2022-23,0.47912524850894633,0.3783783783783784,0.5211267605633803,503,148,355
1629004,2022,2022-23,0.44508670520231214,0.42424242424242425,0.47297297297297297,173,99,74
1629006,2022,2022-23,0.391304347826087,0.3350253807106599,0.4423963133640553,414,197,217
1629008,2022,2022-23,0.48714810281517745,0.41409691629955947,0.5785123966942148,817,454,363
1629011,2022,2022-23,0.6714285714285714,0.0,0.6714285714285714,280,0,280
1629012,2022,2022-23,0.5064102564102564,0.39344262295081966,0.546242774566474,468,122,346
1629013,2022,2022-23,0.37666666666666665,0.3768844221105528,0.37623762376237624,300,199,101
1629014,2022,2022-23,0.44688995215311006,0.37722419928825623,0.5279503105590062,1045,562,483
1629018,2022,2022-23,0.43315508021390375,0.3688888888888889,0.4927835051546392,935,450,485
1629020,2022,2022-23,0.5476718403547672,0.32222222222222224,0.6038781163434903,451,90,361
1629021,2022,2022-23,0.5,0.3128834355828221,0.630901287553648,396,163,233
1629022,2022,2022-23,0.4478178368121442,0.3654618473895582,0.5215827338129496,527,249,278
1629023,2022,2022-23,0.4437627811860941,0.34813084112149534,0.5181818181818182,978,428,550
1629026,2022,2022-23,0.5173410404624278,0.373134328358209,0.6084905660377359,346,134,212
1629027,2022,2022-23,0.42949640287769786,0.3347826086956522,0.47634408602150535,1390,460,930
1629028,2022,2022-23,0.588500563697858,0.2916666666666667,0.59675550405562,887,24,863
1629029,2022,2022-23,0.49620427881297446,0.3419593345656192,0.5881057268722467,1449,541,908
1629033,2022,2022-23,0.3563218390804598,0.3548387096774194,0.36,87,62,25
1629048,2022,2022-23,0.552,0.23076923076923078,0.6363636363636364,125,26,99
1629052,2022,2022-23,0.38557993730407525,0.3096774193548387,0.4573170731707317,319,155,164
1629056,2022,2022-23,0.4230769230769231,0.3662551440329218,0.5371900826446281,364,243,121
1629057,2022,2022-23,0.7470588235294118,0.0,0.7514792899408284,170,1,169
1629060,2022,2022-23,0.4863013698630137,0.31875,0.5495283018867925,584,160,424
1629111,2022,2022-23,0.5281899109792285,0.25,0.6205533596837944,337,84,253
1629117,2022,2022-23,0.5961538461538461,0.2777777777777778,0.6473214285714286,260,36,224
1629126,2022,2022-23,0.0,0.0,0.0,2,1,1
1629130,2022,2022-23,0.37130801687763715,0.328125,0.5555555555555556,237,192,45
1629134,2022,2022-23,0.42444444444444446,0.3542600896860987,0.4933920704845815,450,223,227
1629139,2022,2022-23,0.49137931034482757,0.4444444444444444,0.5567010309278351,232,135,97
1629162,2022,2022-23,0.4206896551724138,0.3076923076923077,0.5522388059701493,145,78,67
1629216,2022,2022-23,0.4021164021164021,0.3342857142857143,0.511520737327189,567,350,217
1629234,2022,2022-23,0.6407185628742516,0.3888888888888889,0.6550632911392406,334,18,316
1629308,2022,2022-23,0.44755244755244755,0.18604651162790697,0.56,143,43,100
1629312,2022,2022-23,0.4305555555555556,0.3394495412844037,0.5233644859813084,216,109,107
1629599,2022,2022-23,0.38620689655172413,0.275,0.42857142857142855,145,40,105
1629603,2022,2022-23,0.48,0.3333333333333333,0.5862068965517241,50,21,29
1629611,2022,2022-23,0.5190839694656488,0.3888888888888889,0.598159509202454,524,198,326
1629614,2022,2022-23,0.4409937888198758,0.34980988593155893,0.5039370078740157,644,263,381
1629622,2022,2022-23,0.41012658227848103,0.34991119005328597,0.5594713656387665,790,563,227
1629623,2022,2022-23,0.4864864864864865,0.3333333333333333,0.631578947368421,37,18,19
1629626,2022,2022-23,0.5460251046025104,0.26548672566371684,0.6328767123287671,478,113,365
1629627,2022,2022-23,0.6076759061833689,0.3684210526315789,0.6177777777777778,469,19,450
1629628,2022,2022-23,0.4336734693877551,0.31025641025641026,0.494910941475827,1176,390,786
1629629,2022,2022-23,0.44551282051282054,0.3125,0.5595238095238095,312,144,168
1629630,2022,2022-23,0.46622734761120266,0.30666666666666664,0.5185995623632386,1214,300,914
1629631,2022,2022-23,0.4610705596107056,0.34965034965034963,0.5205223880597015,822,286,536
1629632,2022,2022-23,0.44276094276094274,0.37209302325581395,0.54,594,344,250
1629633,2022,2022-23,0.3953488372093023,0.08333333333333333,0.5161290322580645,43,12,31
1629634,2022,2022-23,0.6561604584527221,0.16666666666666666,0.6647230320699709,349,6,343
1629636,2022,2022-23,0.46235606731620904,0.41019417475728154,0.49232914923291493,1129,412,717
1629637,2022,2022-23,0.5512820512820513,0.10344827586206896,0.6535433070866141,156,29,127
1629638,2022,2022-23,0.4440677966101695,0.3836477987421384,0.5147058823529411,295,159,136
1629639,2022,2022-23,0.43913435527502254,0.3780260707635009,0.4965034965034965,1109,537,572
1629640,2022,2022-23,0.4519317160826595,0.32923832923832924,0.5226628895184136,1113,407,706
1629641,2022,2022-23,0.4671814671814672,0.26229508196721313,0.5303030303030303,259,61,198
1629642,2022,2022-23,0.44224422442244227,0.3670886075949367,0.5241379310344828,303,158,145
1629643,2022,2022-23,0.3524590163934426,0.3023255813953488,0.4722222222222222,122,86,36
1629644,2022,2022-23,0.42105263157894735,0.3333333333333333,0.5294117647058824,38,21,17
1629645,2022,2022-23,0.4423076923076923,0.36623376623376624,0.501002004008016,884,385,499
1629646,2022,2022-23,0.6444444444444445,0.375,0.6614173228346457,135,8,127
1629647,2022,2022-23,0.453551912568306,0.37735849056603776,0.4846153846153846,183,53,130
1629650,2022,2022-23,0.6354166666666666,0.0,0.6354166666666666,96,0,96
1629651,2022,2022-23,0.7052810902896082,0.0,0.7076923076923077,587,2,585
1629652,2022,2022-23,0.38831615120274915,0.33007334963325186,0.4396551724137931,873,409,464
1629653,2022,2022-23,0.1,0.25,0.0,10,4,6
1629655,2022,2022-23,0.7316455696202532,0.0,0.7316455696202532,395,0,395
1629656,2022,2022-23,0.4684385382059801,0.3857493857493858,0.6410256410256411,602,407,195
1629659,2022,2022-23,0.4192495921696574,0.2857142857142857,0.4853658536585366,613,203,410
1629660,2022,2022-23,0.48760330578512395,0.3888888888888889,0.5460526315789473,242,90,152
1629661,2022,2022-23,0.4704641350210971,0.403921568627451,0.547945205479452,474,255,219
1629662,2022,2022-23,0.2857142857142857,0.0,0.5,7,3,4
1629663,2022,2022-23,0.6153846153846154,0.5,0.8,13,8,5
1629667,2022,2022-23,0.4554294975688817,0.33189655172413796,0.5298701298701298,617,232,385
1629669,2022,2022-23,0.448,0.28879310344827586,0.5419847328244275,625,232,393
1629670,2022,2022-23,0.43595505617977526,0.4075829383886256,0.46153846153846156,445,211,234
1629673,2022,2022-23,0.4303599374021909,0.3359497645211931,0.5241809672386896,1278,637,641
1629674,2022,2022-23,0.6666666666666666,0.0,0.6666666666666666,9,0,9
1629675,2022,2022-23,0.537261698440208,0.3456221198156682,0.6527777777777778,577,217,360
1629676,2022,2022-23,0.432258064516129,0.3,0.5157894736842106,155,60,95
1629677,2022,2022-23,0.45614035087719296,0.25806451612903225,0.6923076923076923,57,31,26
1629678,2022,2022-23,0.45081967213114754,0.32432432432432434,0.6458333333333334,122,74,48
1629680,2022,2022-23,0.43478260869565216,0.36486486486486486,0.5333333333333333,253,148,105
1629684,2022,2022-23,0.453781512605042,0.3951890034364261,0.5459459459459459,476,291,185
1629685,2022,2022-23,0.6666666666666666,0.5,1.0,3,2,1
1629714,2022,2022-23,0.5714285714285714,0.4444444444444444,0.8,14,9,5
1629723,2022,2022-23,0.43125,0.3389830508474576,0.5454545454545454,320,177,143
1629726,2022,2022-23,0.36318407960199006,0.35,0.47619047619047616,201,180,21
1629731,2022,2022-23,0.4124293785310734,0.3543307086614173,0.56,177,127,50
1629735,2022,2022-23,1.0,0.0,1.0,1,0,1
1629750,2022,2022-23,0.5648148148148148,0.37142857142857144,0.6575342465753424,108,35,73
1629875,2022,2022-23,0.3333333333333333,0.3333333333333333,0.3333333333333333,9,3,6
1630162,2022,2022-23,0.4587929915639195,0.3685121107266436,0.5129802699896158,1541,578,963
1630163,2022,2022-23,0.4105409153952843,0.37597911227154046,0.44970414201183434,721,383,338
1630164,2022,2022-23,0.5575221238938053,0.2,0.5799373040752351,339,20,319
1630165,2022,2022-23,0.37668711656441717,0.27972027972027974,0.42911153119092627,815,286,529
1630166,2022,2022-23,0.4369602763385147,0.2974137931034483,0.5302593659942363,579,232,347
1630167,2022,2022-23,0.44630071599045346,0.3441295546558704,0.5930232558139535,419,247,172
1630168,2022,2022-23,0.6378269617706237,0.3076923076923077,0.6466942148760331,497,13,484
1630169,2022,2022-23,0.48989298454221164,0.40049751243781095,0.571753986332574,841,402,439
1630170,2022,2022-23,0.43865546218487395,0.38721804511278196,0.48024316109422494,595,266,329
1630171,2022,2022-23,0.4943502824858757,0.36257309941520466,0.6174863387978142,354,171,183
1630172,2022,2022-23,0.4638109305760709,0.4151624548736462,0.4975,677,277,400
1630173,2022,2022-23,0.48514851485148514,0.26851851851851855,0.5641891891891891,404,108,296
1630174,2022,2022-23,0.4271186440677966,0.3662420382165605,0.4963768115942029,590,314,276
1630175,2022,2022-23,0.4540983606557377,0.3640776699029126,0.5,610,206,404
1630176,2022,2022-23,0.25,0.0,0.25,8,0,8
1630177,2022,2022-23,0.4015748031496063,0.29473684210526313,0.46540880503144655,254,95,159
1630178,2022,2022-23,0.48083242059145676,0.43360433604336046,0.5128676470588235,913,369,544
1630180,2022,2022-23,0.4222488038277512,0.361244019138756,0.48325358851674644,836,418,418
1630181,2022,2022-23,0.43037974683544306,0.35344827586206895,0.5041322314049587,237,116,121
1630182,2022,2022-23,0.5366492146596858,0.40236686390532544,0.6431924882629108,382,169,213
1630183,2022,2022-23,0.5167597765363129,0.39776951672862454,0.5883668903803132,716,269,447
1630184,2022,2022-23,0.45454545454545453,0.4411764705882353,0.46296296296296297,88,34,54
1630188,2022,2022-23,0.4763779527559055,0.28272251308900526,0.5930599369085173,508,191,317
1630191,2022,2022-23,0.4421768707482993,0.32682926829268294,0.5423728813559322,441,205,236
1630192,2022,2022-23,0.5612244897959183,0.26153846153846155,0.7099236641221374,196,65,131
1630193,2022,2022-23,0.44764957264957267,0.3700440528634361,0.520746887966805,936,454,482
1630194,2022,2022-23,0.5933014354066986,0.16666666666666666,0.6059113300492611,209,6,203
1630195,2022,2022-23,0.15,0.0,0.1875,20,4,16
1630197,2022,2022-23,0.43373493975903615,0.36538461538461536,0.4827586206896552,249,104,145
1630198,2022,2022-23,0.4409448818897638,0.4086294416243655,0.5526315789473685,508,394,114
1630200,2022,2022-23,0.458950201884253,0.2848101265822785,0.505982905982906,743,158,585
1630201,2022,2022-23,0.359504132231405,0.3533834586466165,0.3669724770642202,242,133,109
1630202,2022,2022-23,0.4122448979591837,0.36363636363636365,0.4945054945054945,245,154,91
1630205,2022,2022-23,0.4479166666666667,0.3157894736842105,0.5129533678756477,288,95,193
1630206,2022,2022-23,0.7142857142857143,1.0,0.6,7,2,5
1630208,2022,2022-23,0.6293929712460063,1.0,0.6282051282051282,313,1,312
1630209,2022,2022-23,0.5925925925925926,0.42857142857142855,0.65,27,7,20
1630214,2022,2022-23,0.6143790849673203,0.26666666666666666,0.6323024054982818,306,15,291
1630215,2022,2022-23,0.46875,0.5,0.4444444444444444,32,14,18
1630217,2022,2022-23,0.4792332268370607,0.40786240786240785,0.5338345864661654,939,407,532
1630219,2022,2022-23,0.5,0.46153846153846156,0.5238095238095238,68,26,42
1630224,2022,2022-23,0.41648270787343633,0.33754512635379064,0.47080745341614905,1359,554,805
1630225,2022,2022-23,0.15789473684210525,0.1,0.2222222222222222,19,10,9
1630227,2022,2022-23,0.34177215189873417,0.2857142857142857,0.422680412371134,237,140,97
1630228,2022,2022-23,0.5251509054325956,0.3698630136986301,0.5897435897435898,497,146,351
1630230,2022,2022-23,0.43257443082311736,0.30275229357798167,0.5127478753541076,571,218,353
1630231,2022,2022-23,0.5694444444444444,0.3148148148148148,0.6785714285714286,720,216,504
1630233,2022,2022-23,0.5679012345679012,0.36363636363636365,0.6440677966101694,81,22,59
1630235,2022,2022-23,0.4166666666666667,0.0,0.43103448275862066,60,2,58
1630237,2022,2022-23,0.4713375796178344,0.36683417085427134,0.6521739130434783,314,199,115
1630240,2022,2022-23,0.4049586776859504,0.36666666666666664,0.4175824175824176,121,30,91
1630241,2022,2022-23,0.4090909090909091,0.2777777777777778,1.0,22,18,4
1630243,2022,2022-23,0.2413793103448276,0.13333333333333333,0.35714285714285715,29,15,14
1630245,2022,2022-23,0.49298245614035086,0.31216931216931215,0.5826771653543307,570,189,381
1630249,2022,2022-23,0.40540540540540543,0.23809523809523808,0.625,37,21,16
1630250,2022,2022-23,0.2857142857142857,0.25,0.3333333333333333,7,4,3
1630256,2022,2022-23,0.48034934497816595,0.2826086956521739,0.5300546448087432,229,46,183
1630264,2022,2022-23,0.5378787878787878,0.13793103448275862,0.6504854368932039,132,29,103
1630267,2022,2022-23,0.23076923076923078,0.2727272727272727,0.0,13,11,2
1630270,2022,2022-23,0.5,0.5,0.5,10,6,4
1630284,2022,2022-23,0.4392523364485981,0.37209302325581395,0.484375,107,43,64
1630288,2022,2022-23,0.43859649122807015,0.3125,0.4878048780487805,57,16,41
1630296,2022,2022-23,1.0,0.0,1.0,1,0,1
1630322,2022,2022-23,0.39325842696629215,0.35802469135802467,0.75,178,162,16
1630346,2022,2022-23,0.37037037037037035,0.38095238095238093,0.3333333333333333,108,84,24
1630526,2022,2022-23,0.4435483870967742,0.3333333333333333,0.5328467153284672,248,111,137
1630527,2022,2022-23,0.4180327868852459,0.41379310344827586,0.41935483870967744,122,29,93
1630528,2022,2022-23,0.46504559270516715,0.23595505617977527,0.55,329,89,240
1630529,2022,2022-23,0.469061876247505,0.33532934131736525,0.5359281437125748,501,167,334
1630530,2022,2022-23,0.48375,0.40643863179074446,0.6105610561056105,800,497,303
1630531,2022,2022-23,0.4857142857142857,0.4,0.5,35,5,30
1630532,2022,2022-23,0.4847942754919499,0.3611111111111111,0.5435356200527705,1118,360,758
1630533,2022,2022-23,0.42857142857142855,0.25773195876288657,0.5959595959595959,196,97,99
1630534,2022,2022-23,0.4274611398963731,0.35526315789473684,0.5316455696202531,386,228,158
1630535,2022,2022-23,0.39285714285714285,0.14285714285714285,0.47619047619047616,28,7,21
1630537,2022,2022-23,0.36936936936936937,0.3160919540229885,0.4276729559748428,333,174,159
1630538,2022,2022-23,0.39929947460595444,0.37142857142857144,0.43359375,571,315,256
1630539,2022,2022-23,0.5583333333333333,0.21052631578947367,0.6237623762376238,120,19,101
1630540,2022,2022-23,0.3581395348837209,0.29850746268656714,0.4567901234567901,215,134,81
1630541,2022,2022-23,0.47577092511013214,0.362962962962963,0.6413043478260869,227,135,92
1630543,2022,2022-23,0.5628930817610063,0.14285714285714285,0.5822368421052632,318,14,304
1630544,2022,2022-23,0.3932135728542914,0.3151750972762646,0.47540983606557374,501,257,244
1630547,2022,2022-23,0.35751295336787564,0.30275229357798167,0.42857142857142855,193,109,84
1630548,2022,2022-23,0.33653846153846156,0.23809523809523808,0.4878048780487805,104,63,41
1630549,2022,2022-23,0.543859649122807,0.5454545454545454,0.54375,171,11,160
1630550,2022,2022-23,0.39915966386554624,0.3170731707317073,0.48695652173913045,238,123,115
1630551,2022,2022-23,0.3333333333333333,0.2,0.4,15,5,10
1630552,2022,2022-23,0.4906832298136646,0.28846153846153844,0.5871559633027523,322,104,218
1630553,2022,2022-23,0.37640449438202245,0.345679012345679,0.4020618556701031,178,81,97
1630554,2022,2022-23,0.43902439024390244,0.2777777777777778,0.5652173913043478,41,18,23
1630556,2022,2022-23,0.3870967741935484,0.3090909090909091,0.5,93,55,38
1630557,2022,2022-23,0.49743589743589745,0.4244791666666667,0.6368159203980099,585,384,201
1630558,2022,2022-23,0.45363408521303256,0.3197969543147208,0.5841584158415841,399,197,202
1630559,2022,2022-23,0.5285714285714286,0.39814814814814814,0.6313868613138686,490,216,274
1630560,2022,2022-23,0.4407894736842105,0.38345864661654133,0.46439628482972134,456,133,323
1630561,2022,2022-23,0.46153846153846156,0.08333333333333333,0.5303030303030303,78,12,66
1630563,2022,2022-23,0.34615384615384615,0.25,0.42857142857142855,26,12,14
1630564,2022,2022-23,0.5,0.4,0.5714285714285714,12,5,7
1630567,2022,2022-23,0.45570866141732286,0.28125,0.5050505050505051,1016,224,792
1630568,2022,2022-23,0.5431034482758621,0.358974358974359,0.6363636363636364,116,39,77
1630570,2022,2022-23,0.5603715170278638,0.390625,0.6023166023166023,323,64,259
1630572,2022,2022-23,0.4217391304347826,0.30303030303030304,0.5114503816793893,230,99,131
1630573,2022,2022-23,0.45454545454545453,0.417910447761194,0.6557377049180327,396,335,61
1630577,2022,2022-23,0.45384615384615384,0.4024390243902439,0.5416666666666666,130,82,48
1630578,2022,2022-23,0.5531914893617021,0.3333333333333333,0.5700808625336927,799,57,742
1630579,2022,2022-23,0.7757009345794392,0.0,0.7830188679245284,107,1,106
1630580,2022,2022-23,0.21428571428571427,0.25,0.0,14,12,2
1630581,2022,2022-23,0.4821109123434705,0.3247863247863248,0.5237556561085973,1118,234,884
1630583,2022,2022-23,0.4704761904761905,0.3533834586466165,0.5907335907335908,525,266,259
1630586,2022,2022-23,0.4858757062146893,0.4067796610169492,0.5254237288135594,177,59,118
1630587,2022,2022-23,0.4166666666666667,0.3645320197044335,0.5411764705882353,288,203,85
1630590,2022,2022-23,0.3333333333333333,0.3333333333333333,0.3333333333333333,12,3,9
1630591,2022,2022-23,0.4189189189189189,0.32673267326732675,0.49586776859504134,444,202,242
1630593,2022,2022-23,0.46938775510204084,0.32142857142857145,0.5285714285714286,98,28,70
1630595,2022,2022-23,0.41517857142857145,0.2786885245901639,0.4662576687116564,224,61,163
1630596,2022,2022-23,0.5543822597676874,0.21568627450980393,0.5952662721893491,947,102,845
1630598,2022,2022-23,0.512396694214876,0.39344262295081966,0.5726141078838174,363,122,241
1630600,2022,2022-23,0.42857142857142855,0.375,0.45,28,8,20
1630613,2022,2022-23,0.3671875,0.36036036036036034,0.3724137931034483,256,111,145
1630620,2022,2022-23,0.4166666666666667,0.3,1.0,12,10,2
1630625,2022,2022-23,0.4230769230769231,0.29411764705882354,0.5063291139240507,130,51,79
1630631,2022,2022-23,0.4110429447852761,0.3360323886639676,0.48760330578512395,489,247,242
1630637,2022,2022-23,0.4,0.5,0.3333333333333333,15,6,9
1630639,2022,2022-23,0.5,0.4,0.631578947368421,44,25,19
1630643,2022,2022-23,0.6,0.5,0.6923076923076923,25,12,13
1630644,2022,2022-23,0.45,0.36363636363636365,0.5555555555555556,20,11,9
1630647,2022,2022-23,0.44298245614035087,0.2808988764044944,0.5467625899280576,228,89,139
1630648,2022,2022-23,0.5,1.0,0.0,2,1,1
1630649,2022,2022-23,0.0,0.0,0.0,1,1,0
1630678,2022,2022-23,0.52,0.2631578947368421,0.6071428571428571,75,19,56
1630688,2022,2022-23,0.3700440528634361,0.32947976878612717,0.5,227,173,54
1630692,2022,2022-23,0.4475920679886686,0.3220338983050847,0.5106382978723404,353,118,235
1630695,2022,2022-23,0.6666666666666666,0.5714285714285714,0.75,15,7,8
1630696,2022,2022-23,0.4,0.2631578947368421,0.5,45,19,26
1630699,2022,2022-23,0.3950617283950617,0.33098591549295775,0.48514851485148514,243,142,101
1630700,2022,2022-23,0.4182692307692308,0.313953488372093,0.4918032786885246,208,86,122
1630702,2022,2022-23,0.43843843843843844,0.40384615384615385,0.4689265536723164,333,156,177
1630792,2022,2022-23,0.5,0.3333333333333333,1.0,4,3,1
1630846,2022,2022-23,0.5,0.125,0.6363636363636364,30,8,22
1631093,2022,2022-23,0.4160732451678535,0.34285714285714286,0.4565560821484992,983,350,633
1631094,2022,2022-23,0.4269162210338681,0.2982456140350877,0.47072879330943845,1122,285,837
1631095,2022,2022-23,0.4080717488789238,0.3069053708439898,0.4870259481037924,892,391,501
1631097,2022,2022-23,0.434279705573081,0.3225806451612903,0.48829953198127923,951,310,641
1631098,2022,2022-23,0.38596491228070173,0.24285714285714285,0.48514851485148514,171,70,101
1631099,2022,2022-23,0.45268542199488493,0.4111776447105788,0.5266903914590747,782,501,281
1631100,2022,2022-23,0.4652908067542214,0.38996138996138996,0.5364963503649635,533,259,274
1631101,2022,2022-23,0.4722222222222222,0.36042402826855124,0.5589041095890411,648,283,365
1631102,2022,2022-23,0.3625,0.2375,0.4875,160,80,80
1631103,2022,2022-23,0.4402618657937807,0.30196078431372547,0.5393258426966292,611,255,356
1631104,2022,2022-23,0.3209302325581395,0.38461538461538464,0.3006134969325153,215,52,163
1631105,2022,2022-23,0.6482412060301508,0.0,0.6515151515151515,398,2,396
1631106,2022,2022-23,0.4484848484848485,0.3430232558139535,0.48565573770491804,660,172,488
1631107,2022,2022-23,0.4057971014492754,0.22857142857142856,0.5882352941176471,69,35,34
1631108,2022,2022-23,0.41509433962264153,0.41935483870967744,0.4090909090909091,106,62,44
1631109,2022,2022-23,0.6374501992031872,0.0,0.6374501992031872,251,0,251
1631110,2022,2022-23,0.4528985507246377,0.2462686567164179,0.5191387559808612,552,134,418
1631111,2022,2022-23,0.4186046511627907,0.11764705882352941,0.6153846153846154,43,17,26
1631112,2022,2022-23,0.5714285714285714,0.0,0.6666666666666666,7,1,6
1631113,2022,2022-23,0.42168674698795183,0.13333333333333333,0.4852941176470588,83,15,68
1631114,2022,2022-23,0.5214105793450882,0.35609756097560974,0.5789473684210527,794,205,589
1631115,2022,2022-23,0.5280898876404494,0.0,0.5662650602409639,89,6,83
1631116,2022,2022-23,0.3944954128440367,0.38095238095238093,0.44,109,84,25
1631117,2022,2022-23,0.7198067632850241,0.3333333333333333,0.7226277372262774,414,3,411
1631119,2022,2022-23,0.4358974358974359,0.40707964601769914,0.4628099173553719,234,113,121
1631120,2022,2022-23,0.42105263157894735,0.2857142857142857,0.5,19,7,12
1631121,2022,2022-23,0.39603960396039606,0.325,0.4426229508196721,202,80,122
1631123,2022,2022-23,0.42857142857142855,0.3333333333333333,0.5,14,6,8
1631128,2022,2022-23,0.49480968858131485,0.3541666666666667,0.5647668393782384,289,96,193
1631132,2022,2022-23,0.48,0.08333333333333333,0.5144927536231884,150,12,138
1631133,2022,2022-23,0.41919191919191917,0.2857142857142857,0.47183098591549294,198,56,142
1631157,2022,2022-23,0.35,0.3333333333333333,0.36363636363636365,20,9,11
1631160,2022,2022-23,0.32142857142857145,0.2,0.46153846153846156,28,15,13
1631165,2022,2022-23,0.4375,0.5,0.25,16,12,4
1631169,2022,2022-23,0.5,0.3333333333333333,0.5333333333333333,36,6,30
1631172,2022,2022-23,0.4198895027624309,0.2653061224489796,0.6024096385542169,181,98,83
1631197,2022,2022-23,0.38636363636363635,0.25,0.5,44,20,24
1631199,2022,2022-23,0.5,0.3333333333333333,0.7142857142857143,16,9,7
1631205,2022,2022-23,0.18518518518518517,0.16,0.5,27,25,2
1631207,2022,2022-23,0.4444444444444444,0.25925925925925924,0.5555555555555556,72,27,45
1631211,2022,2022-23,0.25,0.25,0.0,4,4,0
1631212,2022,2022-23,0.4915254237288136,0.42857142857142855,0.5111111111111111,59,14,45
1631213,2022,2022-23,0.391304347826087,0.14285714285714285,0.5,23,7,16
1631216,2022,2022-23,0.3626373626373626,0.3382352941176471,0.43478260869565216,182,136,46
1631217,2022,2022-23,0.5106382978723404,0.5,0.5111111111111111,47,2,45
1631219,2022,2022-23,0.32075471698113206,0.22857142857142856,0.5,53,35,18
1631220,2022,2022-23,0.4,0.0,0.4,5,0,5
1631222,2022,2022-23,0.3894736842105263,0.3380281690140845,0.5416666666666666,95,71,24
1631223,2022,2022-23,0.42857142857142855,0.30660377358490565,0.5528846153846154,420,212,208
1631230,2022,2022-23,0.5348837209302325,0.0,0.5609756097560976,86,4,82
1631245,2022,2022-23,0.4523809523809524,0.08333333333333333,0.6,42,12,30
1631246,2022,2022-23,0.3,0.14285714285714285,0.6666666666666666,40,28,12
1631254,2022,2022-23,0.5268817204301075,0.35294117647058826,0.5657894736842105,93,17,76
1631260,2022,2022-23,0.424,0.41904761904761906,0.45,125,105,20
1631288,2022,2022-23,0.5606060606060606,0.35,0.6521739130434783,66,20,46
1631298,2022,2022-23,0.42105263157894735,0.3333333333333333,0.5,19,9,10
1631303,2022,2022-23,0.30434782608695654,0.25,0.36363636363636365,23,12,11
1631306,2022,2022-23,0.3333333333333333,0.375,0.0,9,8,1
1631309,2022,2022-23,0.2222222222222222,0.25,0.0,9,8,1
1631311,2022,2022-23,0.4,0.5,0.0,5,4,1
1631320,2022,2022-23,0.5,0.0,0.5,2,0,2
1631323,2022,2022-23,0.3685897435897436,0.3298429319371728,0.4297520661157025,312,191,121
1631367,2022,2022-23,0.3333333333333333,0.3333333333333333,0.0,3,3,0
1631466,2022,2022-23,0.6153846153846154,0.375,0.6774193548387096,39,8,31
1631495,2022,2022-23,0.4,0.0,0.6666666666666666,5,2,3
1641645,2022,2022-23,0.6071428571428571,0.0,0.6296296296296297,28,1,27
2544,2023,2023-24,0.5285067873303168,0.39263803680981596,0.5853658536585366,1105,326,779
101108,2023,2023-24,0.44871794871794873,0.38857142857142857,0.49767441860465117,390,175,215
200768,2023,2023-24,0.41846153846153844,0.38207547169811323,0.48672566371681414,325,212,113
200782,2023,2023-24,0.3333333333333333,0.3448275862068966,0.3,39,29,10
201142,2023,2023-24,0.5268644747393745,0.41887905604719766,0.5671806167400881,1247,339,908
201143,2023,2023-24,0.5027472527472527,0.42035398230088494,0.6376811594202898,364,226,138
201144,2023,2023-24,0.44672897196261685,0.4226190476190476,0.48743718592964824,535,336,199
201145,2023,2023-24,0.4673202614379085,0.34146341463414637,0.5519125683060109,306,123,183
201152,2023,2023-24,0.6116504854368932,0.16666666666666666,0.6391752577319587,103,6,97
201565,2023,2023-24,0.4768211920529801,0.38461538461538464,0.5089285714285714,151,39,112
201566,2023,2023-24,0.45104895104895104,0.26277372262773724,0.5103448275862069,572,137,435
201567,2023,2023-24,0.43986254295532645,0.345,0.6483516483516484,291,200,91
201568,2023,2023-24,0.45454545454545453,0.3375,0.5647058823529412,165,80,85
201569,2023,2023-24,0.45504587155963305,0.39481268011527376,0.5606060606060606,545,347,198
201572,2023,2023-24,0.48286604361370716,0.3633720930232558,0.6208053691275168,642,344,298
201577,2023,2023-24,0.3888888888888889,0.2857142857142857,0.45454545454545453,18,7,11
201580,2023,2023-24,0.6097560975609756,0.2,0.6271186440677966,123,5,118
201587,2023,2023-24,0.445,0.38461538461538464,0.5964912280701754,200,143,57
201599,2023,2023-24,0.6410256410256411,0.0,0.6410256410256411,78,0,78
201935,2023,2023-24,0.43869209809264303,0.39400921658986177,0.5033333333333333,734,434,300
201939,2023,2023-24,0.44470224284609433,0.4020486555697823,0.509765625,1293,781,512
201942,2023,2023-24,0.4793315743183817,0.3333333333333333,0.5101171458998935,1137,198,939
201949,2023,2023-24,0.3333333333333333,0.0,0.42857142857142855,9,2,7
201950,2023,2023-24,0.4842454394693201,0.45161290322580644,0.5123456790123457,603,279,324
201959,2023,2023-24,0.32,0.125,0.4117647058823529,25,8,17
201976,2023,2023-24,0.40615384615384614,0.33116883116883117,0.47368421052631576,325,154,171
201980,2023,2023-24,0.0,0.0,0.0,2,1,1
201988,2023,2023-24,0.3392857142857143,0.273972602739726,0.46153846153846156,112,73,39
202066,2023,2023-24,0.4594594594594595,0.4,0.5294117647058824,37,20,17
202083,2023,2023-24,0.3625,0.3770491803278688,0.3157894736842105,80,61,19
202330,2023,2023-24,0.4393939393939394,0.40540540540540543,0.44921875,330,74,256
202331,2023,2023-24,0.46950092421441775,0.4064885496183206,0.5286738351254481,1082,524,558
202397,2023,2023-24,0.4140127388535032,0.5,0.40939597315436244,157,8,149
202681,2023,2023-24,0.48723186925434114,0.40607734806629836,0.5348460291734197,979,362,617
202684,2023,2023-24,0.6415094339622641,0.0,0.6476190476190476,106,1,105
202685,2023,2023-24,0.5641838351822503,0.33962264150943394,0.6095238095238096,631,106,525
202687,2023,2023-24,0.559322033898305,0.0,0.559322033898305,118,0,118
202691,2023,2023-24,0.4256825075834176,0.3841059602649007,0.4909090909090909,989,604,385
202692,2023,2023-24,0.37407407407407406,0.37777777777777777,0.3688888888888889,540,315,225
202693,2023,2023-24,0.3673469387755102,0.3870967741935484,0.3333333333333333,49,31,18
202694,2023,2023-24,0.4396551724137931,0.40384615384615385,0.46875,232,104,128
202695,2023,2023-24,0.5226223453370268,0.40764331210191085,0.5695708712613784,1083,314,769
202696,2023,2023-24,0.48295454545454547,0.27898550724637683,0.5551282051282052,1056,276,780
202699,2023,2023-24,0.48766157461809634,0.3407079646017699,0.5408,851,226,625
202704,2023,2023-24,0.44305772230889234,0.3487394957983193,0.4987593052109181,641,238,403
202709,2023,2023-24,0.36065573770491804,0.3170731707317073,0.45,61,41,20
202710,2023,2023-24,0.5061538461538462,0.41739130434782606,0.525233644859813,650,115,535
202711,2023,2023-24,0.4496527777777778,0.39792387543252594,0.5017421602787456,576,289,287
202722,2023,2023-24,0.37058823529411766,0.3767123287671233,0.3333333333333333,170,146,24
202738,2023,2023-24,0.0,0.0,0.0,1,0,1
203076,2023,2023-24,0.5569176882661997,0.29213483146067415,0.5792972459639126,1142,89,1053
203078,2023,2023-24,0.499184339314845,0.37628865979381443,0.5560859188544153,613,194,419
203081,2023,2023-24,0.4248927038626609,0.3526315789473684,0.49411764705882355,1165,570,595
203083,2023,2023-24,0.5568445475638051,0.0,0.5607476635514018,431,3,428
203084,2023,2023-24,0.483974358974359,0.3963963963963964,0.584192439862543,624,333,291
203095,2023,2023-24,0.3395061728395062,0.26,0.46774193548387094,162,100,62
203109,2023,2023-24,0.4484304932735426,0.3722627737226277,0.5697674418604651,223,137,86
203110,2023,2023-24,0.48466257668711654,0.3783783783783784,0.5395348837209303,326,111,215
203114,2023,2023-24,0.47947761194029853,0.35545023696682465,0.56,536,211,325
203200,2023,2023-24,0.45751633986928103,0.4074074074074074,0.5777777777777777,153,108,45
203458,2023,2023-24,0.625,0.0,0.6521739130434783,72,3,69
203468,2023,2023-24,0.45748502994011975,0.4146341463414634,0.5078125,835,451,384
203469,2023,2023-24,0.423728813559322,0.3333333333333333,0.42857142857142855,59,3,56
203471,2023,2023-24,0.4436183395291202,0.38198757763975155,0.4845360824742268,807,322,485
203482,2023,2023-24,0.5404157043879908,0.38405797101449274,0.6135593220338983,433,138,295
203484,2023,2023-24,0.4495049504950495,0.3968871595330739,0.5040322580645161,505,257,248
203486,2023,2023-24,0.6173913043478261,0.0,0.6228070175438597,115,1,114
203488,2023,2023-24,0.34532374100719426,0.29545454545454547,0.43137254901960786,139,88,51
203490,2023,2023-24,0.4666666666666667,0.4,0.6,30,20,10
203493,2023,2023-24,0.4117647058823529,0.4107142857142857,0.4166666666666667,68,56,12
203496,2023,2023-24,0.4387755102040816,0.3392857142857143,0.5714285714285714,98,56,42
203497,2023,2023-24,0.6459143968871596,0.0,0.649706457925636,514,3,511
203501,2023,2023-24,0.4061784897025172,0.3593155893536122,0.47701149425287354,874,526,348
203507,2023,2023-24,0.6133225020308692,0.28448275862068967,0.6475336322869956,1231,116,1115
203552,2023,2023-24,0.3854166666666667,0.33663366336633666,0.43956043956043955,192,101,91
203648,2023,2023-24,0.48,0.0,0.5,25,1,24
203897,2023,2023-24,0.4521276595744681,0.34911242603550297,0.5362318840579711,376,169,207
203903,2023,2023-24,0.41511771995043373,0.2973856209150327,0.4870259481037924,807,306,501
203914,2023,2023-24,0.46218487394957986,0.38414634146341464,0.6351351351351351,238,164,74
203915,2023,2023-24,0.3929824561403509,0.3343465045592705,0.4730290456431535,570,329,241
203924,2023,2023-24,0.4505882352941176,0.40217391304347827,0.4738675958188153,850,276,574
203925,2023,2023-24,0.3684210526315789,0.3333333333333333,0.5,38,30,8
203926,2023,2023-24,0.4326530612244898,0.40609137055837563,0.5416666666666666,245,197,48
203932,2023,2023-24,0.5565891472868217,0.2857142857142857,0.6178707224334601,645,119,526
203933,2023,2023-24,0.38235294117647056,0.18181818181818182,0.4782608695652174,34,11,23
203935,2023,2023-24,0.43037974683544306,0.31343283582089554,0.5825242718446602,237,134,103
203937,2023,2023-24,0.4820936639118457,0.2647058823529412,0.5045592705167173,363,34,329
203939,2023,2023-24,0.6842105263157895,0.5,0.6881720430107527,95,2,93
203944,2023,2023-24,0.46633416458852867,0.29831932773109243,0.5372340425531915,802,238,564
203952,2023,2023-24,0.4622093023255814,0.36363636363636365,0.5085470085470085,688,220,468
203954,2023,2023-24,0.5292439372325249,0.3644859813084112,0.5589225589225589,701,107,594
203957,2023,2023-24,0.5550847457627118,0.5125,0.5769230769230769,236,80,156
203967,2023,2023-24,0.4644808743169399,0.372972972972973,0.5580110497237569,366,185,181
203991,2023,2023-24,0.5674157303370787,0.0,0.5684803001876173,534,1,533
203992,2023,2023-24,0.4249471458773784,0.3743218806509946,0.4961832061068702,946,553,393
203994,2023,2023-24,0.5177304964539007,0.2289156626506024,0.5675675675675675,564,83,481
203995,2023,2023-24,0.44666666666666666,0.2773109243697479,0.5580110497237569,300,119,181
203999,2023,2023-24,0.5942275042444821,0.35051546391752575,0.6422764227642277,1178,194,984
204001,2023,2023-24,0.5104166666666666,0.3660377358490566,0.6044226044226044,672,265,407
204060,2023,2023-24,0.4293193717277487,0.4148148148148148,0.4642857142857143,191,135,56
204456,2023,2023-24,0.5522088353413654,0.3783783783783784,0.5661605206073753,498,37,461
1626145,2023,2023-24,0.48372093023255813,0.41434262948207173,0.5279187817258884,645,251,394
1626153,2023,2023-24,0.3719512195121951,0.32727272727272727,0.3944954128440367,164,55,109
1626156,2023,2023-24,0.4597457627118644,0.42139737991266374,0.49588477366255146,944,458,486
1626157,2023,2023-24,0.5043859649122807,0.41935483870967744,0.5481727574750831,912,310,602
1626158,2023,2023-24,0.5547945205479452,0.3333333333333333,0.5594405594405595,146,3,143
1626162,2023,2023-24,0.4368131868131868,0.2981132075471698,0.5161987041036717,728,265,463
1626164,2023,2023-24,0.4910873440285205,0.35816618911174786,0.5510996119016818,1122,349,773
1626166,2023,2023-24,0.43243243243243246,0.38565022421524664,0.4891304347826087,407,223,184
1626167,2023,2023-24,0.519159456118665,0.35231316725978645,0.6079545454545454,809,281,528
1626168,2023,2023-24,0.45634920634920634,0.3930635838150289,0.5949367088607594,252,173,79
1626171,2023,2023-24,0.5,0.397196261682243,0.5385964912280702,784,214,570
1626172,2023,2023-24,0.6089108910891089,0.0,0.6119402985074627,202,1,201
1626174,2023,2023-24,0.4653846153846154,0.30973451327433627,0.5850340136054422,260,113,147
1626179,2023,2023-24,0.4397244546498278,0.3430232558139535,0.5028462998102466,871,344,527
1626181,2023,2023-24,0.49924585218702866,0.4427710843373494,0.5558912386706949,663,332,331
1626192,2023,2023-24,0.4589041095890411,0.373134328358209,0.6483516483516484,292,201,91
1626196,2023,2023-24,0.44242424242424244,0.33519553072625696,0.5695364238410596,330,179,151
1626204,2023,2023-24,0.5931372549019608,0.42592592592592593,0.6533333333333333,204,54,150
1626220,2023,2023-24,0.39914163090128757,0.37534246575342467,0.48514851485148514,466,365,101
1626224,2023,2023-24,0.476878612716763,0.3910891089108911,0.5972222222222222,346,202,144
1626246,2023,2023-24,0.4583333333333333,0.0,0.5,24,2,22
1627732,2023,2023-24,0.581081081081081,0.0,0.581081081081081,74,0,74
1627734,2023,2023-24,0.6043715846994535,0.40789473684210525,0.6221692491060786,915,76,839
1627736,2023,2023-24,0.4565916398713826,0.42857142857142855,0.5424836601307189,622,469,153
1627739,2023,2023-24,0.47330960854092524,0.39,0.5193370165745856,281,100,181
1627741,2023,2023-24,0.43882978723404253,0.3858267716535433,0.5491803278688525,752,508,244
1627742,2023,2023-24,0.49230769230769234,0.3565217391304348,0.5342281879194631,975,230,745
1627745,2023,2023-24,0.6031746031746031,0.18181818181818182,0.6923076923076923,63,11,52
1627747,2023,2023-24,0.40730717185385656,0.3114754098360656,0.47465437788018433,739,305,434
1627749,2023,2023-24,0.4659357870007831,0.36721991701244816,0.5257861635220126,1277,482,795
1627750,2023,2023-24,0.47520184544405997,0.4201388888888889,0.5025906735751295,867,288,579
1627751,2023,2023-24,0.6532258064516129,0.0,0.6532258064516129,372,0,372
1627752,2023,2023-24,0.44204322200392926,0.38699690402476783,0.5376344086021505,509,323,186
1627759,2023,2023-24,0.501323918799647,0.35501355013550134,0.5719895287958116,1133,369,764
1627763,2023,2023-24,0.4421906693711968,0.41414141414141414,0.4610169491525424,493,198,295
1627777,2023,2023-24,0.4460694698354662,0.375,0.5665024630541872,547,344,203
1627780,2023,2023-24,0.5370370370370371,0.3333333333333333,0.6228070175438597,162,48,114
1627783,2023,2023-24,0.53045013239188,0.3391304347826087,0.5791805094130675,1133,230,903
1627788,2023,2023-24,0.39473684210526316,0.35,0.4444444444444444,76,40,36
1627826,2023,2023-24,0.6587112171837709,0.0,0.6587112171837709,419,0,419
1627827,2023,2023-24,0.41452991452991456,0.34951456310679613,0.5408805031446541,468,309,159
1627832,2023,2023-24,0.4160756501182033,0.38306451612903225,0.46285714285714286,846,496,350
1627853,2023,2023-24,0.0,0.0,0.0,6,6,0
1627863,2023,2023-24,0.44761904761904764,0.3,0.5818181818181818,105,50,55
1627884,2023,2023-24,0.4880952380952381,0.35467980295566504,0.6129032258064516,420,203,217
1627885,2023,2023-24,0.5,0.0,0.5,2,0,2
1627936,2023,2023-24,0.4642857142857143,0.39590443686006827,0.5737704918032787,476,293,183
1628365,2023,2023-24,0.47035573122529645,0.09090909090909091,0.48760330578512395,253,11,242
1628368,2023,2023-24,0.4672897196261682,0.36363636363636365,0.5277435265104808,1284,473,811
1628369,2023,2023-24,0.4719626168224299,0.3806921675774135,0.5401360544217687,1284,549,735
1628370,2023,2023-24,0.4417531718569781,0.3448275862068966,0.527114967462039,867,406,461
1628371,2023,2023-24,0.5241935483870968,0.39361702127659576,0.6038961038961039,248,94,154
1628372,2023,2023-24,0.4316109422492401,0.2962962962962963,0.497737556561086,329,108,221
1628373,2023,2023-24,0.1111111111111111,0.125,0.0,9,8,1
1628374,2023,2023-24,0.4797752808988764,0.39863325740318906,0.5587583148558758,890,439,451
1628378,2023,2023-24,0.4657534246575342,0.3700234192037471,0.5440613026819924,949,427,522
1628379,2023,2023-24,0.4529616724738676,0.4541284403669725,0.4492753623188406,287,218,69
1628380,2023,2023-24,0.48616600790513836,0.31333333333333335,0.5589887640449438,506,150,356
1628381,2023,2023-24,0.5289139633286318,0.36818181818181817,0.6012269938650306,709,220,489
1628384,2023,2023-24,0.494824016563147,0.375,0.5984555984555985,483,224,259
1628385,2023,2023-24,0.4318181818181818,0.23076923076923078,0.5161290322580645,44,13,31
1628386,2023,2023-24,0.6327116212338594,0.0,0.6372832369942196,697,5,692
1628389,2023,2023-24,0.5178173719376392,0.32,0.5234822451317297,898,25,873
1628391,2023,2023-24,0.6666666666666666,1.0,0.5,6,2,4
1628392,2023,2023-24,0.636963696369637,0.3333333333333333,0.64,303,3,300
1628398,2023,2023-24,0.4677938808373591,0.3395348837209302,0.5357142857142857,1242,430,812
1628401,2023,2023-24,0.46266666666666667,0.3995381062355658,0.5488958990536278,750,433,317
1628404,2023,2023-24,0.4168126094570928,0.2966101694915254,0.5014925373134328,571,236,335
1628415,2023,2023-24,0.43209876543209874,0.36156351791530944,0.49560117302052786,648,307,341
1628418,2023,2023-24,0.5462184873949579,0.16666666666666666,0.6138613861386139,119,18,101
1628420,2023,2023-24,0.391304347826087,0.3541666666666667,0.417910447761194,115,48,67
1628424,2023,2023-24,0.3333333333333333,0.2,0.42857142857142855,12,5,7
1628426,2023,2023-24,0.44516129032258067,0.375,0.559322033898305,155,96,59
1628436,2023,2023-24,0.688622754491018,0.0,0.688622754491018,167,0,167
1628449,2023,2023-24,0.5145631067961165,0.34444444444444444,0.646551724137931,206,90,116
1628464,2023,2023-24,0.5317460317460317,0.36363636363636365,0.5786802030456852,252,55,197
1628467,2023,2023-24,0.3968253968253968,0.3076923076923077,0.5416666666666666,126,78,48
1628470,2023,2023-24,0.4225352112676056,0.35877862595419846,0.524390243902439,213,131,82
1628960,2023,2023-24,0.5103806228373703,0.4776902887139108,0.5736040609137056,578,381,197
1628962,2023,2023-24,0.7272727272727273,0.0,0.7272727272727273,22,0,22
1628963,2023,2023-24,0.5846560846560847,0.38095238095238093,0.5966386554621849,378,21,357
1628964,2023,2023-24,0.4915254237288136,0.4107142857142857,0.5289256198347108,177,56,121
1628966,2023,2023-24,0.4394904458598726,0.3076923076923077,0.532608695652174,157,65,92
1628969,2023,2023-24,0.4326424870466321,0.36015325670498083,0.4921383647798742,1158,522,636
1628970,2023,2023-24,0.4588785046728972,0.34615384615384615,0.5235294117647059,1070,390,680
1628971,2023,2023-24,0.47104247104247104,0.31756756756756754,0.5324324324324324,518,148,370
1628972,2023,2023-24,0.37341772151898733,0.3269230769230769,0.46296296296296297,158,104,54
1628973,2023,2023-24,0.47718773373223633,0.4105504587155963,0.5094339622641509,1337,436,901
1628975,2023,2023-24,0.38819875776397517,0.3382352941176471,0.4745762711864407,322,204,118
1628976,2023,2023-24,0.5284090909090909,0.37593984962406013,0.6210045662100456,352,133,219
1628977,2023,2023-24,0.5,0.0,0.5,2,0,2
1628978,2023,2023-24,0.44219308700834326,0.4013605442176871,0.5378486055776892,839,588,251
1628981,2023,2023-24,0.5912408759124088,0.0,0.6090225563909775,137,4,133
1628983,2023,2023-24,0.5384615384615384,0.37142857142857144,0.5754290876242095,1352,245,1107
1628984,2023,2023-24,0.3902439024390244,0.3333333333333333,0.5454545454545454,41,30,11
1628988,2023,2023-24,0.4358974358974359,0.37158469945355194,0.5059523809523809,351,183,168
1628989,2023,2023-24,0.44505494505494503,0.36555891238670696,0.5674418604651162,546,331,215
1628991,2023,2023-24,0.44018691588785047,0.31486880466472306,0.49931224209078406,1070,343,727
1628995,2023,2023-24,0.46236559139784944,0.32978723404255317,0.5978260869565217,186,94,92
1628997,2023,2023-24,0.43392070484581496,0.3516483516483517,0.4889705882352941,454,182,272
1628998,2023,2023-24,0.3813953488372093,0.313953488372093,0.4263565891472868,215,86,129
1629001,2023,2023-24,0.38461538461538464,0.3641025641025641,0.4153846153846154,325,195,130
1629002,2023,2023-24,0.506578947368421,0.2807017543859649,0.6421052631578947,152,57,95
1629003,2023,2023-24,0.3956043956043956,0.25862068965517243,0.4596774193548387,182,58,124
1629004,2023,2023-24,0.3711340206185567,0.35,0.47058823529411764,97,80,17
1629006,2023,2023-24,0.4256410256410256,0.3103448275862069,0.5185185185185185,195,87,108
1629007,2023,2023-24,0.38461538461538464,0.3333333333333333,0.45454545454545453,104,60,44
1629008,2023,2023-24,0.4860813704496788,0.39751552795031053,0.5809312638580931,934,483,451
1629010,2023,2023-24,0.3103448275862069,0.13333333333333333,0.5,29,15,14
1629011,2023,2023-24,0.5913978494623656,0.0,0.5913978494623656,93,0,93
1629012,2023,2023-24,0.49682875264270615,0.4066666666666667,0.5386996904024768,946,300,646
1629013,2023,2023-24,0.4306569343065693,0.3375796178343949,0.5555555555555556,274,157,117
1629014,2023,2023-24,0.4309252217997465,0.38219895287958117,0.47665847665847666,789,382,407
1629018,2023,2023-24,0.42758620689655175,0.40458015267175573,0.45481927710843373,725,393,332
1629020,2023,2023-24,0.5272727272727272,0.32,0.5882352941176471,110,25,85
1629021,2023,2023-24,0.5970464135021097,0.32673267326732675,0.6702412868632708,474,101,373
1629022,2023,2023-24,0.4298850574712644,0.39669421487603307,0.47150259067357514,435,242,193
1629023,2023,2023-24,0.43626062322946174,0.30857142857142855,0.5617977528089888,706,350,356
1629026,2023,2023-24,0.45794392523364486,0.3893805309734513,0.5346534653465347,214,113,101
1629027,2023,2023-24,0.42484342379958245,0.3713646532438479,0.47162426614481406,958,447,511
1629028,2023,2023-24,0.5796610169491525,0.3333333333333333,0.5809199318568995,590,3,587
1629029,2023,2023-24,0.48802190280629704,0.37676609105180536,0.5740291262135923,1461,637,824
1629048,2023,2023-24,0.5978835978835979,0.16666666666666666,0.6271186440677966,189,12,177
1629052,2023,2023-24,0.45384615384615384,0.29411764705882354,0.5569620253164557,130,51,79
1629057,2023,2023-24,0.6538461538461539,0.0,0.6538461538461539,26,0,26
1629060,2023,2023-24,0.5346358792184724,0.4293193717277487,0.5887096774193549,563,191,372
1629111,2023,2023-24,0.49645390070921985,0.25,0.5575221238938053,141,28,113
1629117,2023,2023-24,0.36363636363636365,0.16666666666666666,0.4375,22,6,16
1629130,2023,2023-24,0.46215780998389694,0.41299303944315546,0.5736842105263158,621,431,190
1629139,2023,2023-24,0.35185185185185186,0.2857142857142857,0.5161290322580645,108,77,31
1629162,2023,2023-24,0.4700854700854701,0.4931506849315068,0.4318181818181818,117,73,44
1629216,2023,2023-24,0.375,0.11764705882352941,0.6666666666666666,32,17,15
1629232,2023,2023-24,0.0,0.0,0.0,4,2,2
1629234,2023,2023-24,0.6227272727272727,1.0,0.6175115207373272,220,3,217
1629308,2023,2023-24,0.25,0.25,0.25,12,4,8
1629312,2023,2023-24,0.4482758620689655,0.38961038961038963,0.5327102803738317,261,154,107
1629599,2023,2023-24,0.5037878787878788,0.4117647058823529,0.6015625,264,136,128
1629603,2023,2023-24,0.6666666666666666,0.0,0.8,6,1,5
1629610,2023,2023-24,0.35294117647058826,0.2,0.5714285714285714,17,10,7
1629611,2023,2023-24,0.4892601431980907,0.33879781420765026,0.6059322033898306,419,183,236
1629614,2023,2023-24,0.4989384288747346,0.3618421052631579,0.5642633228840125,471,152,319
1629618,2023,2023-24,0.3870967741935484,0.3181818181818182,0.5555555555555556,31,22,9
1629622,2023,2023-24,0.4182692307692308,0.34541062801932365,0.5619047619047619,624,414,210
1629623,2023,2023-24,0.4,0.0,0.6666666666666666,5,2,3
1629626,2023,2023-24,0.6194029850746269,0.4222222222222222,0.7191011235955056,134,45,89
1629627,2023,2023-24,0.5842332613390929,0.4166666666666667,0.5864332603938731,926,12,914
1629628,2023,2023-24,0.48938992042440316,0.3705357142857143,0.539622641509434,754,224,530
1629629,2023,2023-24,0.3944954128440367,0.33653846153846156,0.4473684210526316,218,104,114
1629630,2023,2023-24,0.47058823529411764,0.27450980392156865,0.5546218487394958,170,51,119
1629631,2023,2023-24,0.4704761904761905,0.40082644628099173,0.5300353356890459,525,242,283
1629632,2023,2023-24,0.44401913875598087,0.37678207739307534,0.5036101083032491,1045,491,554
1629634,2023,2023-24,0.42857142857142855,0.0,0.5,7,1,6
1629636,2023,2023-24,0.44412607449856734,0.3684210526315789,0.5025380710659898,698,304,394
1629637,2023,2023-24,0.7172413793103448,0.0,0.7536231884057971,145,7,138
1629638,2023,2023-24,0.4343891402714932,0.38461538461538464,0.514792899408284,442,273,169
1629639,2023,2023-24,0.4367283950617284,0.3993174061433447,0.4676056338028169,648,293,355
1629640,2023,2023-24,0.4524390243902439,0.34110787172011664,0.5324947589098532,820,343,477
1629642,2023,2023-24,0.4537037037037037,0.30158730158730157,0.6666666666666666,108,63,45
1629643,2023,2023-24,0.3584905660377358,0.2911392405063291,0.5555555555555556,106,79,27
1629646,2023,2023-24,0.725,0.0,0.7435897435897436,40,1,39
1629647,2023,2023-24,0.0,0.0,0.0,1,0,1
1629650,2023,2023-24,0.47058823529411764,0.0,0.47058823529411764,51,0,51
1629651,2023,2023-24,0.6360078277886497,0.2,0.6403162055335968,511,5,506
1629652,2023,2023-24,0.44206773618538325,0.40412979351032446,0.5,561,339,222
1629655,2023,2023-24,0.7183770883054893,0.0,0.7183770883054893,419,0,419
1629656,2023,2023-24,0.36908517350157727,0.33620689655172414,0.4588235294117647,317,232,85
1629659,2023,2023-24,0.3829787234042553,0.3108108108108108,0.4298245614035088,376,148,228
1629660,2023,2023-24,0.5,0.0,0.6666666666666666,4,1,3
1629661,2023,2023-24,0.45104895104895104,0.3981762917933131,0.522633744855967,572,329,243
1629667,2023,2023-24,0.3472222222222222,0.171875,0.4875,144,64,80
1629669,2023,2023-24,0.3170731707317073,0.11764705882352941,0.4583333333333333,41,17,24
1629670,2023,2023-24,0.4576271186440678,0.3173076923076923,0.5681818181818182,236,104,132
1629673,2023,2023-24,0.41067961165048544,0.3231083844580777,0.4898336414048059,1030,489,541
1629674,2023,2023-24,0.6144578313253012,0.0,0.6144578313253012,83,0,83
1629675,2023,2023-24,0.4884393063583815,0.4260355029585799,0.5480225988700564,692,338,354
1629677,2023,2023-24,0.37777777777777777,0.2631578947368421,0.46153846153846156,90,38,52
1629678,2023,2023-24,0.35,0.3076923076923077,0.42857142857142855,20,13,7
1629680,2023,2023-24,0.3973509933774834,0.3378995433789954,0.5542168674698795,302,219,83
1629684,2023,2023-24,0.43796992481203006,0.3633440514469453,0.5429864253393665,532,311,221
1629685,2023,2023-24,0.5,0.47368421052631576,0.6666666666666666,22,19,3
1629716,2023,2023-24,0.0,0.0,0.0,1,0,1
1629717,2023,2023-24,0.32608695652173914,0.34375,0.2857142857142857,46,32,14
1629718,2023,2023-24,0.2222222222222222,0.3333333333333333,0.0,9,6,3
1629723,2023,2023-24,0.4221105527638191,0.30701754385964913,0.5764705882352941,199,114,85
1629726,2023,2023-24,0.46153846153846156,0.45517241379310347,0.5,169,145,24
1629731,2023,2023-24,0.4117647058823529,0.39378238341968913,0.5357142857142857,221,193,28
1629750,2023,2023-24,0.6666666666666666,1.0,0.5,3,1,2
1629875,2023,2023-24,0.35714285714285715,0.0,0.5555555555555556,14,5,9
1630162,2023,2023-24,0.46720707442888726,0.37280701754385964,0.5149833518312985,1357,456,901
1630163,2023,2023-24,0.4326241134751773,0.3553299492385787,0.5,423,197,226
1630164,2023,2023-24,0.6463414634146342,0.0,0.6516393442622951,246,2,244
1630165,2023,2023-24,0.40540540540540543,0.30434782608695654,0.4421052631578947,259,69,190
1630166,2023,2023-24,0.5082458770614693,0.4021164021164021,0.5502092050209205,667,189,478
1630167,2023,2023-24,0.568,0.4009216589861751,0.696113074204947,500,217,283
1630168,2023,2023-24,0.6203966005665722,0.35384615384615387,0.6805555555555556,353,65,288
1630169,2023,2023-24,0.4721919302071974,0.3638344226579521,0.5807860262008734,917,459,458
1630170,2023,2023-24,0.47357926221335994,0.37708830548926014,0.5428082191780822,1003,419,584
1630171,2023,2023-24,0.48997772828507796,0.395,0.5662650602409639,449,200,249
1630172,2023,2023-24,0.4327485380116959,0.3916083916083916,0.4623115577889447,342,143,199
1630173,2023,2023-24,0.5,0.24705882352941178,0.5634218289085545,424,85,339
1630174,2023,2023-24,0.49110320284697506,0.4337748344370861,0.5576923076923077,562,302,260
1630175,2023,2023-24,0.43425076452599387,0.33191489361702126,0.4916467780429594,654,235,419
1630177,2023,2023-24,0.2857142857142857,0.16666666666666666,0.375,70,30,40
1630178,2023,2023-24,0.4481094127111826,0.37751004016064255,0.49530201342281877,1243,498,745
1630180,2023,2023-24,0.4171686746987952,0.3119533527696793,0.5295950155763239,664,343,321
1630181,2023,2023-24,0.2857142857142857,0.125,0.5,14,8,6
1630182,2023,2023-24,0.49295774647887325,0.4011299435028249,0.5842696629213483,355,177,178
1630183,2023,2023-24,0.4908759124087591,0.35135135135135137,0.5858895705521472,548,222,326
1630184,2023,2023-24,0.34782608695652173,0.15384615384615385,0.46511627906976744,69,26,43
1630186,2023,2023-24,0.43902439024390244,0.2727272727272727,0.631578947368421,41,22,19
1630188,2023,2023-24,0.5994236311239193,0.4351145038167939,0.6990740740740741,347,131,216
1630191,2023,2023-24,0.489247311827957,0.38461538461538464,0.5763546798029556,372,169,203
1630192,2023,2023-24,0.4485294117647059,0.23809523809523808,0.48695652173913045,136,21,115
1630193,2023,2023-24,0.4351145038167939,0.3983957219251337,0.4684466019417476,786,374,412
1630194,2023,2023-24,0.5336538461538461,0.37254901960784315,0.5561643835616439,416,51,365
1630196,2023,2023-24,0.5,0.0,0.5,2,0,2
1630197,2023,2023-24,0.39436619718309857,0.24242424242424243,0.5263157894736842,71,33,38
1630198,2023,2023-24,0.46116504854368934,0.42,0.5714285714285714,412,300,112
1630200,2023,2023-24,0.5103305785123967,0.33557046979865773,0.5880597014925373,484,149,335
1630201,2023,2023-24,0.40789473684210525,0.3548387096774194,0.47115384615384615,228,124,104
1630202,2023,2023-24,0.453125,0.39076923076923076,0.5614973262032086,512,325,187
1630204,2023,2023-24,0.42857142857142855,0.35,0.46511627906976744,63,20,43
1630205,2023,2023-24,0.47540983606557374,0.3333333333333333,0.5032679738562091,183,30,153
1630207,2023,2023-24,0.5,0.6363636363636364,0.3333333333333333,20,11,9
1630208,2023,2023-24,0.6898550724637681,0.0,0.6918604651162791,345,1,344
1630209,2023,2023-24,0.5523809523809524,0.2631578947368421,0.6162790697674418,105,19,86
1630214,2023,2023-24,0.41702127659574467,0.20588235294117646,0.5029940119760479,235,68,167
1630215,2023,2023-24,0.47540983606557374,0.28,0.6111111111111112,122,50,72
1630217,2023,2023-24,0.4576502732240437,0.37283236994219654,0.533678756476684,732,346,386
1630219,2023,2023-24,0.3987341772151899,0.2962962962962963,0.4519230769230769,158,54,104
1630222,2023,2023-24,0.3333333333333333,0.4,0.0,6,5,1
1630224,2023,2023-24,0.42581211589113255,0.3425196850393701,0.4928684627575277,1139,508,631
1630227,2023,2023-24,0.4,0.35714285714285715,0.5,20,14,6
1630228,2023,2023-24,0.5268414481897628,0.3092105263157895,0.5778120184899846,801,152,649
1630230,2023,2023-24,0.4610951008645533,0.3819444444444444,0.5172413793103449,347,144,203
1630231,2023,2023-24,0.5283018867924528,0.2857142857142857,0.5801526717557252,159,28,131
1630235,2023,2023-24,0.36363636363636365,0.2,0.3880597014925373,77,10,67
1630240,2023,2023-24,0.3269230769230769,0.125,0.4166666666666667,52,16,36
1630241,2023,2023-24,0.4056338028169014,0.4043887147335423,0.4166666666666667,355,319,36
1630243,2023,2023-24,0.3684210526315789,0.17647058823529413,0.5238095238095238,38,17,21
1630245,2023,2023-24,0.4992272024729521,0.40370370370370373,0.5676392572944297,647,270,377
1630249,2023,2023-24,0.4745762711864407,0.3783783783783784,0.6363636363636364,59,37,22
1630256,2023,2023-24,0.47297297297297297,0.2972972972972973,0.5608108108108109,222,74,148
1630259,2023,2023-24,0.5714285714285714,0.6666666666666666,0.5,7,3,4
1630264,2023,2023-24,0.4875,0.2916666666666667,0.5714285714285714,80,24,56
1630284,2023,2023-24,0.6666666666666666,0.0,0.6666666666666666,3,0,3
1630288,2023,2023-24,0.5789473684210527,0.5,0.8,19,14,5
1630296,2023,2023-24,0.4117647058823529,0.4,0.4166666666666667,17,5,12
1630311,2023,2023-24,1.0,0.0,1.0,1,0,1
1630314,2023,2023-24,0.36363636363636365,0.3333333333333333,0.375,22,6,16
1630322,2023,2023-24,0.4057971014492754,0.4166666666666667,0.3333333333333333,69,60,9
1630346,2023,2023-24,0.44144144144144143,0.4606741573033708,0.36363636363636365,111,89,22
1630526,2023,2023-24,0.5,0.35294117647058826,0.6,84,34,50
1630527,2023,2023-24,0.422680412371134,0.3,0.47761194029850745,97,30,67
1630529,2023,2023-24,0.5071283095723014,0.42358078602620086,0.5801526717557252,491,229,262
1630530,2023,2023-24,0.4353182751540041,0.37110481586402266,0.6044776119402985,487,353,134
1630531,2023,2023-24,0.38235294117647056,0.18181818181818182,0.4782608695652174,136,44,92
1630532,2023,2023-24,0.48261327713382507,0.2901023890784983,0.5685975609756098,949,293,656
1630533,2023,2023-24,0.39466666666666667,0.30687830687830686,0.4838709677419355,375,189,186
1630534,2023,2023-24,0.41005291005291006,0.2925531914893617,0.5263157894736842,378,188,190
1630535,2023,2023-24,0.45454545454545453,0.3333333333333333,0.5,11,3,8
1630537,2023,2023-24,0.39285714285714285,0.3559322033898305,0.44871794871794873,196,118,78
1630538,2023,2023-24,0.36507936507936506,0.3173076923076923,0.4235294117647059,189,104,85
1630540,2023,2023-24,0.4573002754820937,0.41904761904761906,0.5098039215686274,363,210,153
1630541,2023,2023-24,0.4691011235955056,0.36257309941520466,0.5675675675675675,356,171,185
1630543,2023,2023-24,0.6650943396226415,0.0,0.6778846153846154,212,4,208
1630544,2023,2023-24,0.45982142857142855,0.36666666666666664,0.5223880597014925,224,90,134
1630547,2023,2023-24,0.43902439024390244,0.43333333333333335,0.45454545454545453,41,30,11
1630548,2023,2023-24,0.4230769230769231,0.35,0.6666666666666666,52,40,12
1630549,2023,2023-24,0.5833333333333334,0.3076923076923077,0.5983263598326359,252,13,239
1630550,2023,2023-24,0.3790849673202614,0.3235294117647059,0.4235294117647059,153,68,85
1630551,2023,2023-24,0.4,0.3125,0.5555555555555556,50,32,18
1630552,2023,2023-24,0.513302034428795,0.3532608695652174,0.578021978021978,639,184,455
1630553,2023,2023-24,0.3684210526315789,0.4444444444444444,0.3,19,9,10
1630554,2023,2023-24,0.3333333333333333,0.0,0.3333333333333333,6,0,6
1630556,2023,2023-24,0.39705882352941174,0.34146341463414637,0.48148148148148145,68,41,27
1630557,2023,2023-24,0.48024316109422494,0.37343358395989973,0.6447876447876448,658,399,259
1630558,2023,2023-24,0.45643153526970953,0.3442622950819672,0.5714285714285714,241,122,119
1630559,2023,2023-24,0.48848484848484847,0.36666666666666664,0.5827956989247312,825,360,465
1630560,2023,2023-24,0.44728761514841353,0.3573667711598746,0.4908814589665654,977,319,658
1630562,2023,2023-24,0.35294117647058826,0.25,0.5,34,20,14
1630563,2023,2023-24,0.3333333333333333,0.0,0.5,3,1,2
1630567,2023,2023-24,0.474090407938258,0.3392226148409894,0.5352564102564102,907,283,624
1630568,2023,2023-24,0.44642857142857145,0.3103448275862069,0.5925925925925926,56,29,27
1630570,2023,2023-24,0.5377777777777778,0.40816326530612246,0.5738636363636364,225,49,176
1630572,2023,2023-24,0.46987951807228917,0.24324324324324326,0.6521739130434783,83,37,46
1630573,2023,2023-24,0.46275395033860045,0.43455497382198954,0.639344262295082,443,382,61
1630577,2023,2023-24,0.396875,0.3656387665198238,0.4731182795698925,320,227,93
1630578,2023,2023-24,0.5361256544502618,0.3055555555555556,0.5655253837072018,955,108,847
1630579,2023,2023-24,0.7037037037037037,0.0,0.7037037037037037,54,0,54
1630581,2023,2023-24,0.475,0.3444976076555024,0.5283757338551859,720,209,511
1630583,2023,2023-24,0.4397810218978102,0.35135135135135137,0.5436507936507936,548,296,252
1630586,2023,2023-24,0.0,0.0,0.0,1,0,1
1630587,2023,2023-24,0.3584905660377358,0.3,0.4722222222222222,106,70,36
1630590,2023,2023-24,0.5,0.5405405405405406,0.47368421052631576,94,37,57
1630591,2023,2023-24,0.4620355411954766,0.39589442815249265,0.5431654676258992,619,341,278
1630592,2023,2023-24,0.4230769230769231,0.3269230769230769,0.48717948717948717,130,52,78
1630595,2023,2023-24,0.4469067405355494,0.3523809523809524,0.4856770833333333,1083,315,768
1630596,2023,2023-24,0.5772727272727273,0.34146341463414637,0.6015037593984962,440,41,399
1630598,2023,2023-24,0.5652173913043478,0.49504950495049505,0.6057142857142858,276,101,175
1630600,2023,2023-24,0.38461538461538464,0.2857142857142857,0.5,13,7,6
1630604,2023,2023-24,0.16666666666666666,0.0,1.0,6,5,1
1630610,2023,2023-24,0.34,0.3076923076923077,0.35135135135135137,50,13,37
1630611,2023,2023-24,0.5,0.4090909090909091,0.5909090909090909,44,22,22
1630618,2023,2023-24,0.375,0.25,0.5,8,4,4
1630622,2023,2023-24,0.0,0.0,0.0,1,0,1
1630625,2023,2023-24,0.42441860465116277,0.3333333333333333,0.4811320754716981,344,132,212
1630631,2023,2023-24,0.40268456375838924,0.36046511627906974,0.4603174603174603,298,172,126
1630639,2023,2023-24,0.4782608695652174,0.325,0.5961538461538461,92,40,52
1630641,2023,2023-24,0.631578947368421,0.0,0.631578947368421,19,0,19
1630643,2023,2023-24,0.5384615384615384,0.3333333333333333,1.0,13,9,4
1630647,2023,2023-24,0.4915254237288136,0.2222222222222222,0.5714285714285714,118,27,91
1630649,2023,2023-24,0.44047619047619047,0.4528301886792453,0.41935483870967744,84,53,31
1630658,2023,2023-24,0.7,0.0,0.7,10,0,10
1630678,2023,2023-24,0.5135135135135135,0.2222222222222222,0.6071428571428571,37,9,28
1630688,2023,2023-24,0.2916666666666667,0.35,0.0,24,20,4
1630692,2023,2023-24,0.36363636363636365,0.2777777777777778,0.4230769230769231,264,108,156
1630695,2023,2023-24,0.6,0.5,0.8,15,10,5
1630696,2023,2023-24,0.45454545454545453,0.4117647058823529,0.5,33,17,16
1630699,2023,2023-24,0.47019867549668876,0.37142857142857144,0.5555555555555556,151,70,81
1630700,2023,2023-24,0.444,0.2962962962962963,0.5563380281690141,250,108,142
1630702,2023,2023-24,0.4085510688836104,0.36318407960199006,0.45,421,201,220
1630703,2023,2023-24,0.3807266982622433,0.32038834951456313,0.4098360655737705,633,206,427
1630846,2023,2023-24,0.5789473684210527,0.3333333333333333,0.6923076923076923,19,6,13
1630929,2023,2023-24,0.5,0.0,1.0,2,1,1
1631093,2023,2023-24,0.4348355663824604,0.3300653594771242,0.4970873786407767,821,306,515
1631094,2023,2023-24,0.4595055413469736,0.36585365853658536,0.4898419864559819,1173,287,886
1631095,2023,2023-24,0.45244956772334294,0.3580645161290323,0.5286458333333334,694,310,384
1631096,2023,2023-24,0.5388349514563107,0.3841059602649007,0.6283524904214559,824,302,522
1631097,2023,2023-24,0.4521193092621664,0.37073170731707317,0.49074074074074076,637,205,432
1631098,2023,2023-24,0.359375,0.25806451612903225,0.3917525773195876,128,31,97
1631099,2023,2023-24,0.4623115577889447,0.3566084788029925,0.569620253164557,796,401,395
1631100,2023,2023-24,0.28888888888888886,0.2727272727272727,0.3333333333333333,45,33,12
1631101,2023,2023-24,0.39650872817955113,0.3167701863354037,0.45,401,161,240
1631102,2023,2023-24,0.14285714285714285,0.3333333333333333,0.0,7,3,4
1631103,2023,2023-24,0.42830540037243947,0.33181818181818185,0.4952681388012618,537,220,317
1631104,2023,2023-24,0.48255813953488375,0.1951219512195122,0.5725190839694656,172,41,131
1631105,2023,2023-24,0.6242424242424243,0.0,0.6280487804878049,495,3,492
1631106,2023,2023-24,0.48044692737430167,0.36363636363636365,0.5185185185185185,179,44,135
1631107,2023,2023-24,0.4365482233502538,0.4144144144144144,0.46511627906976744,197,111,86
1631108,2023,2023-24,0.4305555555555556,0.36792452830188677,0.4909090909090909,216,106,110
1631109,2023,2023-24,0.6530612244897959,0.0,0.6530612244897959,147,0,147
1631110,2023,2023-24,0.43989431968295906,0.31390134529147984,0.49250936329588013,757,223,534
1631111,2023,2023-24,0.5,0.0,0.7142857142857143,10,3,7
1631112,2023,2023-24,0.6,0.0,0.6666666666666666,10,1,9
1631114,2023,2023-24,0.5340782122905028,0.43555555555555553,0.5671641791044776,895,225,670
1631115,2023,2023-24,0.48333333333333334,0.5,0.4791666666666667,60,12,48
1631116,2023,2023-24,0.3548387096774194,0.32142857142857145,0.40540540540540543,93,56,37
1631117,2023,2023-24,0.6656346749226006,0.21052631578947367,0.694078947368421,323,19,304
1631119,2023,2023-24,0.4111111111111111,0.37606837606837606,0.47619047619047616,180,117,63
1631120,2023,2023-24,0.6666666666666666,0.6666666666666666,0.0,3,3,0
1631121,2023,2023-24,0.4461538461538462,0.3258426966292135,0.5471698113207547,195,89,106
1631123,2023,2023-24,0.23809523809523808,0.0,0.38461538461538464,21,8,13
1631124,2023,2023-24,0.38207547169811323,0.30303030303030304,0.5125,212,132,80
1631128,2023,2023-24,0.4628712871287129,0.3787878787878788,0.5036764705882353,404,132,272
1631131,2023,2023-24,0.5,0.0,0.5,20,0,20
1631133,2023,2023-24,0.4803921568627451,0.2882882882882883,0.5521885521885522,408,111,297
1631157,2023,2023-24,0.52,0.6666666666666666,0.5,25,3,22
1631159,2023,2023-24,0.6363636363636364,0.3333333333333333,0.75,11,3,8
1631165,2023,2023-24,0.4563758389261745,0.3853211009174312,0.65,149,109,40
1631167,2023,2023-24,0.4,0.0,0.5,5,1,4
1631169,2023,2023-24,0.4444444444444444,0.25,0.5263157894736842,27,8,19
1631170,2023,2023-24,0.48355263157894735,0.3181818181818182,0.5509259259259259,608,176,432
1631172,2023,2023-24,0.41346153846153844,0.29850746268656714,0.6216216216216216,104,67,37
1631173,2023,2023-24,0.4,0.3870967741935484,0.4444444444444444,40,31,9
1631197,2023,2023-24,0.52,0.36363636363636365,0.6428571428571429,25,11,14
1631200,2023,2023-24,0.4037735849056604,0.25396825396825395,0.539568345323741,265,126,139
1631204,2023,2023-24,0.4323671497584541,0.38144329896907214,0.4772727272727273,414,194,220
1631205,2023,2023-24,0.35,0.35294117647058826,0.3333333333333333,20,17,3
1631207,2023,2023-24,0.4188034188034188,0.2413793103448276,0.5932203389830508,117,58,59
1631210,2023,2023-24,0.5555555555555556,0.25,0.8,9,4,5
1631212,2023,2023-24,0.4639175257731959,0.30714285714285716,0.5524193548387096,388,140,248
1631214,2023,2023-24,0.25,0.0,0.5,4,2,2
1631216,2023,2023-24,0.3858695652173913,0.3699421965317919,0.6363636363636364,184,173,11
1631217,2023,2023-24,0.5263157894736842,0.0,0.5263157894736842,19,0,19
1631218,2023,2023-24,0.7060931899641577,0.0,0.7086330935251799,279,1,278
1631220,2023,2023-24,0.3076923076923077,0.5,0.2727272727272727,13,2,11
1631221,2023,2023-24,0.4626865671641791,0.40540540540540543,0.5333333333333333,67,37,30
1631222,2023,2023-24,0.3632075471698113,0.2962962962962963,0.4326923076923077,212,108,104
1631223,2023,2023-24,0.40153452685422,0.2929936305732484,0.47435897435897434,391,157,234
1631230,2023,2023-24,0.49557522123893805,0.3333333333333333,0.5096153846153846,113,9,104
1631241,2023,2023-24,0.43333333333333335,0.14285714285714285,0.5897435897435898,60,21,39
1631243,2023,2023-24,0.0,0.0,0.0,1,1,0
1631246,2023,2023-24,0.4489247311827957,0.3793103448275862,0.5325443786982249,372,203,169
1631250,2023,2023-24,0.0,0.0,0.0,2,0,2
1631254,2023,2023-24,0.35,0.2,0.4,40,10,30
1631257,2023,2023-24,0.7272727272727273,0.0,0.8888888888888888,11,2,9
1631260,2023,2023-24,0.4233128834355828,0.40425531914893614,0.5454545454545454,163,141,22
1631262,2023,2023-24,0.4222222222222222,0.38095238095238093,0.4583333333333333,45,21,24
1631288,2023,2023-24,0.43243243243243246,0.32142857142857145,0.5,74,28,46
1631303,2023,2023-24,0.28205128205128205,0.23076923076923078,0.38461538461538464,39,26,13
1631306,2023,2023-24,0.4166666666666667,0.35714285714285715,0.625,36,28,8
1631311,2023,2023-24,0.3902439024390244,0.35064935064935066,0.45652173913043476,123,77,46
1631321,2023,2023-24,0.16666666666666666,0.0,0.5,6,4,2
1631323,2023,2023-24,0.4616822429906542,0.401840490797546,0.5550239234449761,535,326,209
1631338,2023,2023-24,0.2777777777777778,0.0,0.29411764705882354,18,1,17
1631367,2023,2023-24,0.41379310344827586,0.4214876033057851,0.375,145,121,24
1631376,2023,2023-24,0.0,0.0,0.0,1,0,1
1631386,2023,2023-24,0.6,0.0,1.0,5,2,3
1631466,2023,2023-24,0.4857142857142857,0.25,0.5161290322580645,35,4,31
1641705,2023,2023-24,0.469061876247505,0.3261538461538461,0.5376661742983752,1002,325,677
1641706,2023,2023-24,0.43683083511777304,0.36538461538461536,0.4942084942084942,934,416,518
1641707,2023,2023-24,0.4251497005988024,0.32323232323232326,0.5735294117647058,167,99,68
1641708,2023,2023-24,0.5311653116531165,0.14545454545454545,0.5987261146496815,369,55,314
1641709,2023,2023-24,0.4935064935064935,0.19230769230769232,0.5810055865921788,462,104,358
1641710,2023,2023-24,0.4458874458874459,0.39325842696629215,0.4788732394366197,231,89,142
1641711,2023,2023-24,0.4228571428571429,0.36082474226804123,0.5,350,194,156
1641712,2023,2023-24,0.37777777777777777,0.41025641025641024,0.35294117647058826,90,39,51
1641713,2023,2023-24,0.43276283618581907,0.3627906976744186,0.5103092783505154,409,215,194
1641715,2023,2023-24,0.4644808743169399,0.3609467455621302,0.5532994923857868,366,169,197
1641716,2023,2023-24,0.39603960396039606,0.38461538461538464,0.40816326530612246,101,52,49
1641717,2023,2023-24,0.49326145552560646,0.4088669950738916,0.5952380952380952,371,203,168
1641718,2023,2023-24,0.39558823529411763,0.34146341463414637,0.45980707395498394,680,369,311
1641720,2023,2023-24,0.23809523809523808,0.13333333333333333,0.2962962962962963,42,15,27
1641721,2023,2023-24,0.2222222222222222,0.0,0.2857142857142857,9,2,7
1641722,2023,2023-24,0.3876146788990826,0.3693379790940767,0.4228187919463087,436,287,149
1641723,2023,2023-24,0.35135135135135137,0.29411764705882354,0.4,37,17,20
1641724,2023,2023-24,0.2857142857142857,0.23529411764705882,0.5,21,17,4
1641726,2023,2023-24,0.7427536231884058,0.0,0.7481751824817519,276,2,274
1641727,2023,2023-24,0.2,0.0,0.5,5,3,2
1641729,2023,2023-24,0.3937007874015748,0.234375,0.5555555555555556,127,64,63
1641730,2023,2023-24,0.45714285714285713,0.21428571428571427,0.6190476190476191,35,14,21
1641731,2023,2023-24,0.42788461538461536,0.34831460674157305,0.48739495798319327,416,178,238
1641732,2023,2023-24,0.3584905660377358,0.06666666666666667,0.47368421052631576,53,15,38
1641733,2023,2023-24,0.39183673469387753,0.424,0.35833333333333334,245,125,120
1641734,2023,2023-24,0.32432432432432434,0.32142857142857145,0.3333333333333333,37,28,9
1641735,2023,2023-24,0.25,0.0,0.42857142857142855,12,5,7
1641738,2023,2023-24,0.423728813559322,0.3055555555555556,0.6086956521739131,59,36,23
1641739,2023,2023-24,0.46534653465346537,0.35443037974683544,0.5365853658536586,404,158,246
1641741,2023,2023-24,0.4791666666666667,0.3076923076923077,0.5428571428571428,96,26,70
1641745,2023,2023-24,0.0,0.0,0.0,3,3,0
1641748,2023,2023-24,0.5280898876404494,0.375,0.6530612244897959,89,40,49
1641749,2023,2023-24,0.3125,0.3333333333333333,0.3076923076923077,16,3,13
1641753,2023,2023-24,0.47058823529411764,0.25,0.5384615384615384,17,4,13
1641754,2023,2023-24,0.23529411764705882,0.23076923076923078,0.25,17,13,4
1641757,2023,2023-24,0.5555555555555556,0.5,0.5714285714285714,9,2,7
1641763,2023,2023-24,0.40540540540540543,0.32432432432432434,0.4864864864864865,74,37,37
1641764,2023,2023-24,0.4461538461538462,0.3701923076923077,0.4967948717948718,520,208,312
1641765,2023,2023-24,0.34782608695652173,0.22580645161290322,0.4473684210526316,69,31,38
1641766,2023,2023-24,1.0,0.0,1.0,4,0,4
1641767,2023,2023-24,0.41304347826086957,0.3225806451612903,0.6,184,124,60
1641771,2023,2023-24,0.6,0.0,1.0,5,2,3
1641774,2023,2023-24,0.2857142857142857,0.4,0.0,7,5,2
1641775,2023,2023-24,0.375,0.0,0.75,8,4,4
1641778,2023,2023-24,0.4358974358974359,0.4666666666666667,0.4166666666666667,39,15,24
1641787,2023,2023-24,0.4528301886792453,0.36,0.5357142857142857,53,25,28
1641788,2023,2023-24,0.16666666666666666,0.0,0.25,6,2,4
1641793,2023,2023-24,0.3333333333333333,0.25,0.6666666666666666,15,12,3
1641806,2023,2023-24,0.0,0.0,0.0,1,0,1
1641809,2023,2023-24,1.0,1.0,0.0,1,1,0
1641816,2023,2023-24,0.3333333333333333,0.2727272727272727,0.5,15,11,4
1641847,2023,2023-24,0.0,0.0,0.0,1,0,1
1641854,2023,2023-24,0.5114155251141552,0.35294117647058826,0.5405405405405406,219,34,185
1641871,2023,2023-24,0.4807692307692308,0.3811881188118812,0.5747663551401869,416,202,214
1641877,2023,2023-24,0.42857142857142855,0.0,0.42857142857142855,28,0,28
1641926,2023,2023-24,0.5263157894736842,0.125,0.8181818181818182,19,8,11
1641931,2023,2023-24,0.4375,0.3333333333333333,0.5483870967741935,64,33,31
1641970,2023,2023-24,0.45454545454545453,0.25,0.5714285714285714,11,4,7
1641998,2023,2023-24,0.5903614457831325,0.0,0.5903614457831325,83,0,83
2544,2024,2024-25,0.5125984251968504,0.37626262626262624,0.5743707093821511,1270,396,874
101108,2024,2024-25,0.42710120068610635,0.37735849056603776,0.5141509433962265,583,371,212
200768,2024,2024-25,0.3504273504273504,0.32954545454545453,0.41379310344827586,117,88,29
200782,2024,2024-25,0.42857142857142855,0.5,0.0,7,6,1
201142,2024,2024-25,0.5266903914590747,0.43010752688172044,0.574468085106383,1124,372,752
201143,2024,2024-25,0.4229934924078091,0.3630573248407643,0.5510204081632653,461,314,147
201144,2024,2024-25,0.3995726495726496,0.4096774193548387,0.379746835443038,468,310,158
201145,2024,2024-25,0.5041322314049587,0.3670886075949367,0.7619047619047619,121,79,42
201566,2024,2024-25,0.44885679903730447,0.3230240549828179,0.5166666666666667,831,291,540
201567,2024,2024-25,0.3565217391304348,0.3582089552238806,0.3541666666666667,115,67,48
201569,2024,2024-25,0.4264705882352941,0.40875912408759124,0.4626865671641791,204,137,67
201572,2024,2024-25,0.5090439276485789,0.3726541554959786,0.6359102244389028,774,373,401
201587,2024,2024-25,0.4369747899159664,0.43349753694581283,0.45714285714285713,238,203,35
201599,2024,2024-25,0.65,0.0,0.65,140,0,140
201935,2024,2024-25,0.41003861003861003,0.35179640718562877,0.47208931419457734,1295,668,627
201939,2024,2024-25,0.4483306836248013,0.39668367346938777,0.5337552742616034,1258,784,474
201942,2024,2024-25,0.47706422018348627,0.328125,0.5133079847908745,1308,256,1052
201949,2024,2024-25,0.36363636363636365,0.0,0.5,11,3,8
201950,2024,2024-25,0.4432809773123909,0.35294117647058826,0.5468164794007491,573,306,267
201959,2024,2024-25,0.49473684210526314,0.5,0.4946236559139785,95,2,93
201988,2024,2024-25,0.375,0.3466666666666667,0.47619047619047616,96,75,21
202066,2024,2024-25,0.3,0.21428571428571427,0.375,60,28,32
202331,2024,2024-25,0.4298245614035088,0.3582089552238806,0.49337748344370863,570,268,302
202681,2024,2024-25,0.473015873015873,0.4011142061281337,0.5170648464163823,945,359,586
202684,2024,2024-25,0.43661971830985913,0.0,0.45588235294117646,71,3,68
202685,2024,2024-25,0.5502392344497608,0.21621621621621623,0.5711864406779661,627,37,590
202687,2024,2024-25,0.5877192982456141,0.0,0.5877192982456141,114,0,114
202691,2024,2024-25,0.41163055872291904,0.39059674502712477,0.44753086419753085,877,553,324
202692,2024,2024-25,0.42435424354243545,0.4251207729468599,0.421875,271,207,64
202693,2024,2024-25,0.3,0.25,0.35294117647058826,70,36,34
202695,2024,2024-25,0.49759229534510435,0.4105263157894737,0.535796766743649,623,190,433
202696,2024,2024-25,0.5298651252408478,0.40186915887850466,0.5871687587168759,1038,321,717
202699,2024,2024-25,0.47701863354037266,0.3446969696969697,0.5415896487985212,805,264,541
202704,2024,2024-25,0.39097744360902253,0.33783783783783783,0.4576271186440678,133,74,59
202709,2024,2024-25,0.4025974025974026,0.3644859813084112,0.48936170212765956,154,107,47
202710,2024,2024-25,0.5041876046901173,0.3076923076923077,0.5456389452332657,597,104,493
203076,2024,2024-25,0.5164835164835165,0.28225806451612906,0.5534351145038168,910,124,786
203078,2024,2024-25,0.49711815561959655,0.38636363636363635,0.5651162790697675,694,264,430
203081,2024,2024-25,0.4475806451612903,0.37595419847328243,0.5277777777777778,992,524,468
203083,2024,2024-25,0.5,0.15,0.5327102803738317,234,20,214
203084,2024,2024-25,0.5080527086383602,0.43333333333333335,0.5913312693498453,683,360,323
203109,2024,2024-25,0.3181818181818182,0.26666666666666666,0.42857142857142855,22,15,7
203110,2024,2024-25,0.4243614931237721,0.3252032520325203,0.5171102661596958,509,246,263
203114,2024,2024-25,0.47477744807121663,0.3609022556390977,0.5490196078431373,337,133,204
203458,2024,2024-25,0.5079365079365079,0.2222222222222222,0.5555555555555556,63,9,54
203468,2024,2024-25,0.444,0.37254901960784315,0.5046210720887245,1000,459,541
203471,2024,2024-25,0.4062877871825877,0.3423180592991914,0.4583333333333333,827,371,456
203482,2024,2024-25,0.5,0.4177215189873418,0.5343915343915344,268,79,189
203484,2024,2024-25,0.43933823529411764,0.3424242424242424,0.5887850467289719,544,330,214
203486,2024,2024-25,0.6188118811881188,0.0,0.6313131313131313,202,4,198
203497,2024,2024-25,0.6686274509803921,0.0,0.6686274509803921,510,0,510
203500,2024,2024-25,0.5449101796407185,0.0,0.5515151515151515,167,2,165
203501,2024,2024-25,0.40588235294117647,0.3676148796498906,0.484304932735426,680,457,223
203507,2024,2024-25,0.601213040181956,0.2222222222222222,0.6202229299363057,1319,63,1256
203552,2024,2024-25,0.478134110787172,0.45604395604395603,0.5031055900621118,343,182,161
203897,2024,2024-25,0.5110384300899428,0.4458955223880597,0.5618631732168851,1223,536,687
203901,2024,2024-25,0.32786885245901637,0.16666666666666666,0.33620689655172414,122,6,116
203903,2024,2024-25,0.40853658536585363,0.36363636363636365,0.4482758620689655,492,231,261
203914,2024,2024-25,0.38345864661654133,0.3564356435643564,0.46875,133,101,32
203915,2024,2024-25,0.41642228739002934,0.3343558282208589,0.49157303370786515,682,326,356
203924,2024,2024-25,0.37282229965156793,0.36486486486486486,0.381294964028777,574,296,278
203926,2024,2024-25,0.42735042735042733,0.43564356435643564,0.375,117,101,16
203932,2024,2024-25,0.5311871227364185,0.436046511627907,0.5815384615384616,497,172,325
203935,2024,2024-25,0.39299610894941633,0.3475177304964539,0.4482758620689655,257,141,116
203937,2024,2024-25,0.46864686468646866,0.35714285714285715,0.5021459227467812,303,70,233
203939,2024,2024-25,0.6885245901639344,0.4,0.7142857142857143,61,5,56
203944,2024,2024-25,0.4845580404685836,0.34394904458598724,0.5552,939,314,625
203952,2024,2024-25,0.44815256257449343,0.3735632183908046,0.5010183299389002,839,348,491
203954,2024,2024-25,0.4444444444444444,0.2987012987012987,0.49159663865546216,315,77,238
203957,2024,2024-25,0.47761194029850745,0.4339622641509434,0.5061728395061729,134,53,81
203967,2024,2024-25,0.3620689655172414,0.2692307692307692,0.4375,58,26,32
203991,2024,2024-25,0.558974358974359,0.0,0.5604113110539846,390,1,389
203992,2024,2024-25,0.4268292682926829,0.3633217993079585,0.5172413793103449,492,289,203
203994,2024,2024-25,0.4772727272727273,0.3047619047619048,0.5506072874493927,352,105,247
203995,2024,2024-25,0.34798534798534797,0.36,0.33783783783783783,273,125,148
203999,2024,2024-25,0.5762463343108505,0.4169184290030212,0.6272991287512101,1364,331,1033
204001,2024,2024-25,0.48257839721254353,0.412,0.5370370370370371,574,250,324
204060,2024,2024-25,0.2608695652173913,0.2,0.375,23,15,8
204456,2024,2024-25,0.5192307692307693,0.30612244897959184,0.5373913043478261,624,49,575
1626145,2024,2024-25,0.4480234260614934,0.4139650872817955,0.49645390070921985,683,401,282
1626153,2024,2024-25,0.3435114503816794,0.273972602739726,0.43103448275862066,131,73,58
1626156,2024,2024-25,0.390282131661442,0.3138888888888889,0.4892086330935252,638,360,278
1626157,2024,2024-25,0.5259259259259259,0.42011834319526625,0.5667046750285063,1215,338,877
1626158,2024,2024-25,0.6474820143884892,0.0,0.6617647058823529,139,3,136
1626162,2024,2024-25,0.46963562753036436,0.29338842975206614,0.5551102204408818,741,242,499
1626164,2024,2024-25,0.46056338028169014,0.33212341197822143,0.5420023014959724,1420,551,869
1626166,2024,2024-25,0.4013452914798206,0.36328125,0.45263157894736844,446,256,190
1626167,2024,2024-25,0.4808877928483354,0.39593908629441626,0.5611510791366906,811,394,417
1626168,2024,2024-25,0.4197860962566845,0.3403361344537815,0.5588235294117647,374,238,136
1626171,2024,2024-25,0.46554621848739497,0.3651685393258427,0.5083932853717026,595,178,417
1626172,2024,2024-25,0.5143884892086331,0.4,0.5164835164835165,278,5,273
1626179,2024,2024-25,0.3905511811023622,0.29545454545454547,0.4801223241590214,635,308,327
1626181,2024,2024-25,0.4835978835978836,0.4182242990654206,0.5377176015473888,945,428,517
1626192,2024,2024-25,0.4689265536723164,0.32098765432098764,0.59375,177,81,96
1626196,2024,2024-25,0.2894736842105263,0.2727272727272727,0.3125,38,22,16
1626204,2024,2024-25,0.5161290322580645,0.4473684210526316,0.5822784810126582,155,76,79
1626220,2024,2024-25,0.42280701754385963,0.40589569160997735,0.4806201550387597,570,441,129
1627732,2024,2024-25,0.5201793721973094,0.0,0.5201793721973094,223,0,223
1627734,2024,2024-25,0.5901455767077267,0.4166666666666667,0.6268656716417911,893,156,737
1627736,2024,2024-25,0.4304388422035481,0.4164490861618799,0.46557377049180326,1071,766,305
1627739,2024,2024-25,0.43935926773455375,0.33482142857142855,0.5492957746478874,437,224,213
1627741,2024,2024-25,0.4173027989821883,0.3697632058287796,0.5274261603375527,786,549,237
1627742,2024,2024-25,0.46546546546546547,0.3739130434782609,0.5137614678899083,333,115,218
1627746,2024,2024-25,0.5,1.0,0.3333333333333333,4,1,3
1627747,2024,2024-25,0.4674457429048414,0.3732394366197183,0.5523809523809524,599,284,315
1627749,2024,2024-25,0.39271255060728744,0.2988505747126437,0.44375,494,174,320
1627750,2024,2024-25,0.47368421052631576,0.3929471032745592,0.5179558011049724,1121,397,724
1627751,2024,2024-25,0.6269430051813472,0.3333333333333333,0.6284722222222222,579,3,576
1627752,2024,2024-25,0.4571984435797665,0.4388059701492537,0.49162011173184356,514,335,179
1627759,2024,2024-25,0.46332737030411447,0.3240223463687151,0.5289473684210526,1118,358,760
1627763,2024,2024-25,0.43333333333333335,0.2857142857142857,0.4782608695652174,240,56,184
1627777,2024,2024-25,0.4612903225806452,0.4058679706601467,0.5687203791469194,620,409,211
1627780,2024,2024-25,0.5738255033557047,0.3263157894736842,0.6896551724137931,298,95,203
1627783,2024,2024-25,0.5186125211505922,0.3888888888888889,0.5675990675990676,1182,324,858
1627814,2024,2024-25,0.36486486486486486,0.24324324324324326,0.4864864864864865,74,37,37
1627824,2024,2024-25,0.5008880994671403,0.3795620437956204,0.615916955017301,563,274,289
1627826,2024,2024-25,0.6284501061571125,0.0,0.6284501061571125,942,0,942
1627827,2024,2024-25,0.4482758620689655,0.410828025477707,0.5454545454545454,435,314,121
1627832,2024,2024-25,0.37812911725955206,0.34490238611713664,0.42953020134228187,759,461,298
1627884,2024,2024-25,0.5263157894736842,0.3561643835616438,0.6270270270270271,589,219,370
1627936,2024,2024-25,0.445859872611465,0.35294117647058826,0.5555555555555556,314,170,144
1628365,2024,2024-25,0.417910447761194,0.5,0.4067796610169492,67,8,59
1628366,2024,2024-25,0.3662551440329218,0.3435897435897436,0.4583333333333333,243,195,48
1628368,2024,2024-25,0.46345657781599314,0.30971128608923887,0.5383631713554987,1163,381,782
1628369,2024,2024-25,0.451877133105802,0.3434065934065934,0.5590230664857531,1465,728,737
1628370,2024,2024-25,0.4387646432374867,0.3247663551401869,0.5342465753424658,939,428,511
1628371,2024,2024-25,0.41358024691358025,0.2582781456953642,0.5491329479768786,324,151,173
1628374,2024,2024-25,0.4228571428571429,0.3458646616541353,0.5249169435215947,700,399,301
1628378,2024,2024-25,0.4431818181818182,0.36808846761453395,0.512372634643377,1320,633,687
1628379,2024,2024-25,0.4779582366589327,0.4329501915708812,0.5470588235294118,431,261,170
1628380,2024,2024-25,0.5066225165562914,0.3018867924528302,0.6173469387755102,302,106,196
1628381,2024,2024-25,0.527306967984934,0.39864864864864863,0.577023498694517,531,148,383
1628384,2024,2024-25,0.4761441090555015,0.3717391304347826,0.5608465608465608,1027,460,567
1628386,2024,2024-25,0.70625,0.0,0.7118110236220473,640,5,635
1628389,2024,2024-25,0.48517520215633425,0.3574660633484163,0.5168161434977578,1113,221,892
1628392,2024,2024-25,0.58125,0.0,0.6052060737527115,480,19,461
1628396,2024,2024-25,0.6444444444444445,0.3333333333333333,0.6666666666666666,45,3,42
1628398,2024,2024-25,0.4363207547169811,0.30670926517571884,0.5121495327102804,848,313,535
1628401,2024,2024-25,0.4421272158498436,0.3835021707670043,0.5932835820895522,959,691,268
1628404,2024,2024-25,0.5246753246753246,0.3333333333333333,0.6177606177606177,770,252,518
1628408,2024,2024-25,0.6666666666666666,0.6666666666666666,0.0,3,3,0
1628415,2024,2024-25,0.42905027932960893,0.39658848614072495,0.4647887323943662,895,469,426
1628418,2024,2024-25,0.5077881619937694,0.32432432432432434,0.6647398843930635,321,148,173
1628420,2024,2024-25,0.4256410256410256,0.36046511627906974,0.47706422018348627,195,86,109
1628427,2024,2024-25,0.38461538461538464,0.26666666666666666,0.5454545454545454,26,15,11
1628436,2024,2024-25,0.6678571428571428,0.0,0.6750902527075813,280,3,277
1628449,2024,2024-25,0.4918918918918919,0.3626943005181347,0.632768361581921,370,193,177
1628464,2024,2024-25,0.4728682170542636,0.24324324324324326,0.5652173913043478,129,37,92
1628467,2024,2024-25,0.3854166666666667,0.2653061224489796,0.5106382978723404,96,49,47
1628470,2024,2024-25,0.4222222222222222,0.36363636363636365,0.5833333333333334,90,66,24
1628960,2024,2024-25,0.44785276073619634,0.4257142857142857,0.5035971223021583,489,350,139
1628963,2024,2024-25,0.5188679245283019,0.15789473684210525,0.5977011494252874,106,19,87
1628964,2024,2024-25,0.4642857142857143,0.2777777777777778,0.6379310344827587,112,54,58
1628969,2024,2024-25,0.5004226542688082,0.3542116630669546,0.5944444444444444,1183,463,720
1628970,2024,2024-25,0.43067033976124885,0.31333333333333335,0.513302034428795,1089,450,639
1628971,2024,2024-25,0.42071197411003236,0.3333333333333333,0.4517543859649123,309,81,228
1628973,2024,2024-25,0.4875,0.38287153652392947,0.539227895392279,1200,397,803
1628975,2024,2024-25,0.3767123287671233,0.3333333333333333,0.4878048780487805,146,105,41
1628976,2024,2024-25,0.46028513238289204,0.23417721518987342,0.5675675675675675,491,158,333
1628978,2024,2024-25,0.42158516020236086,0.3972602739726027,0.49032258064516127,593,438,155
1628981,2024,2024-25,0.5306122448979592,0.0,0.5306122448979592,49,0,49
1628983,2024,2024-25,0.5193236714975845,0.37471264367816093,0.5708435708435708,1656,435,1221
1628988,2024,2024-25,0.43656716417910446,0.39779005524861877,0.5172413793103449,268,181,87
1628989,2024,2024-25,0.42549668874172186,0.3375959079283887,0.5868544600938967,604,391,213
1628991,2024,2024-25,0.4880461665292663,0.37532133676092544,0.5412621359223301,1213,389,824
1628995,2024,2024-25,0.5,0.26666666666666666,0.6666666666666666,36,15,21
1628997,2024,2024-25,0.4243421052631579,0.3592233009708738,0.4577114427860697,304,103,201
1628998,2024,2024-25,0.41846153846153844,0.2847682119205298,0.5344827586206896,325,151,174
1629001,2024,2024-25,0.4074074074074074,0.37142857142857144,0.47368421052631576,54,35,19
1629003,2024,2024-25,0.452755905511811,0.3584905660377358,0.5202702702702703,254,106,148
1629004,2024,2024-25,0.39072847682119205,0.3448275862068966,0.48484848484848486,302,203,99
1629006,2024,2024-25,0.44339622641509435,0.34782608695652173,0.5166666666666667,212,92,120
1629008,2024,2024-25,0.5038167938931297,0.3946830265848671,0.5992844364937389,1048,489,559
1629011,2024,2024-25,0.6607142857142857,0.0,0.6607142857142857,56,0,56
1629012,2024,2024-25,0.4798154555940023,0.4059040590405904,0.5134228187919463,867,271,596
1629013,2024,2024-25,0.4608695652173913,0.3974358974358974,0.5945945945945946,230,156,74
1629014,2024,2024-25,0.42577777777777776,0.3625632377740304,0.49624060150375937,1125,593,532
1629018,2024,2024-25,0.4307458143074581,0.41570438799076215,0.45982142857142855,657,433,224
1629020,2024,2024-25,0.48760330578512395,0.28125,0.5617977528089888,121,32,89
1629021,2024,2024-25,0.5622489959839357,0.36,0.6494252873563219,249,75,174
1629022,2024,2024-25,0.419811320754717,0.3543307086614173,0.5176470588235295,212,127,85
1629023,2024,2024-25,0.45263157894736844,0.3807531380753138,0.49295774647887325,665,239,426
1629026,2024,2024-25,0.4830508474576271,0.38596491228070173,0.5737704918032787,354,171,183
1629027,2024,2024-25,0.4113372093023256,0.3395638629283489,0.47411444141689374,1376,642,734
1629028,2024,2024-25,0.5662393162393162,0.1875,0.5940366972477065,468,32,436
1629029,2024,2024-25,0.4497560975609756,0.367983367983368,0.5220588235294118,1025,481,544
1629048,2024,2024-25,0.6106194690265486,0.10714285714285714,0.6559485530546624,339,28,311
1629052,2024,2024-25,0.48717948717948717,0.3333333333333333,0.6190476190476191,39,18,21
1629056,2024,2024-25,0.0,0.0,0.0,2,1,1
1629057,2024,2024-25,0.6410256410256411,0.3333333333333333,0.6533333333333333,78,3,75
1629060,2024,2024-25,0.5086805555555556,0.41295546558704455,0.5805471124620061,576,247,329
1629098,2024,2024-25,0.29411764705882354,0.3076923076923077,0.25,17,13,4
1629111,2024,2024-25,0.5328947368421053,0.4230769230769231,0.5555555555555556,152,26,126
1629130,2024,2024-25,0.4374057315233786,0.39337474120082816,0.5555555555555556,663,483,180
1629162,2024,2024-25,0.4305555555555556,0.41304347826086957,0.46153846153846156,72,46,26
1629216,2024,2024-25,0.4,0.35275080906148865,0.5315315315315315,420,309,111
1629234,2024,2024-25,0.5927835051546392,0.5,0.5957446808510638,194,6,188
1629312,2024,2024-25,0.4578005115089514,0.38197424892703863,0.569620253164557,391,233,158
1629599,2024,2024-25,0.47058823529411764,0.4089068825910931,0.5285171102661597,510,247,263
1629610,2024,2024-25,0.4054982817869416,0.3353658536585366,0.49606299212598426,291,164,127
1629611,2024,2024-25,0.4963680387409201,0.36809815950920244,0.58,413,163,250
1629614,2024,2024-25,0.4582560296846011,0.2914285714285714,0.5384615384615384,539,175,364
1629618,2024,2024-25,0.42777777777777776,0.39603960396039606,0.46835443037974683,180,101,79
1629622,2024,2024-25,0.44235924932975873,0.3856655290102389,0.65,373,293,80
1629626,2024,2024-25,0.5245901639344263,0.34408602150537637,0.7111111111111111,183,93,90
1629627,2024,2024-25,0.5669291338582677,0.23076923076923078,0.5757575757575758,508,13,495
1629628,2024,2024-25,0.4684317718940937,0.34967320261437906,0.522189349112426,982,306,676
1629629,2024,2024-25,0.40425531914893614,0.2765957446808511,0.5319148936170213,94,47,47
1629630,2024,2024-25,0.4544431946006749,0.3087719298245614,0.5231788079470199,889,285,604
1629631,2024,2024-25,0.46981627296587924,0.40463917525773196,0.5374331550802139,762,388,374
1629632,2024,2024-25,0.45316681534344333,0.3698630136986301,0.5437616387337058,1121,584,537
1629634,2024,2024-25,0.6210526315789474,0.058823529411764705,0.6473829201101928,380,17,363
1629636,2024,2024-25,0.47189097103918226,0.4007561436672968,0.5302325581395348,1174,529,645
1629637,2024,2024-25,0.7219730941704036,0.0,0.7318181818181818,223,3,220
1629638,2024,2024-25,0.4383116883116883,0.3810810810810811,0.524390243902439,616,370,246
1629639,2024,2024-25,0.47242380261248185,0.3746268656716418,0.5649717514124294,1378,670,708
1629640,2024,2024-25,0.4818181818181818,0.3175182481751825,0.5725806451612904,770,274,496
1629643,2024,2024-25,0.5,0.39285714285714285,0.75,40,28,12
1629645,2024,2024-25,0.4493865030674847,0.3107344632768362,0.5010526315789474,652,177,475
1629646,2024,2024-25,0.5811965811965812,0.0,0.5811965811965812,117,0,117
1629650,2024,2024-25,0.6938775510204082,0.0,0.6938775510204082,49,0,49
1629651,2024,2024-25,0.5633802816901409,0.23809523809523808,0.5758683729433273,568,21,547
1629652,2024,2024-25,0.4350758853288364,0.4116222760290557,0.4888888888888889,593,413,180
1629655,2024,2024-25,0.7022332506203474,0.0,0.7022332506203474,403,0,403
1629656,2024,2024-25,0.4665856622114216,0.3847980997624703,0.5522388059701493,823,421,402
1629659,2024,2024-25,0.4570446735395189,0.3360655737704918,0.5443786982248521,291,122,169
1629660,2024,2024-25,0.5161812297734628,0.43873517786561267,0.5698630136986301,618,253,365
1629661,2024,2024-25,0.47523427041499333,0.3897058823529412,0.5781710914454278,747,408,339
1629669,2024,2024-25,0.3561643835616438,0.2962962962962963,0.391304347826087,73,27,46
1629673,2024,2024-25,0.4323557237464522,0.3778135048231511,0.5103448275862069,1057,622,435
1629674,2024,2024-25,0.6502463054187192,0.0,0.66,203,3,200
1629675,2024,2024-25,0.46153846153846156,0.3787878787878788,0.544468546637744,923,462,461
1629680,2024,2024-25,0.4772727272727273,0.4375,0.525,88,48,40
1629684,2024,2024-25,0.43902439024390244,0.36486486486486486,0.5510204081632653,123,74,49
1629723,2024,2024-25,0.45054945054945056,0.3709677419354839,0.6206896551724138,91,62,29
1629726,2024,2024-25,0.3968871595330739,0.38990825688073394,0.4358974358974359,257,218,39
1629731,2024,2024-25,0.4132841328413284,0.36036036036036034,0.6530612244897959,271,222,49
1629750,2024,2024-25,0.42857142857142855,0.3262411347517731,0.5273972602739726,287,141,146
1630162,2024,2024-25,0.4472704714640198,0.39457459926017263,0.5006242197253433,1612,811,801
1630163,2024,2024-25,0.4047856430707876,0.3390151515151515,0.47789473684210526,1003,528,475
1630164,2024,2024-25,0.5,0.0,0.6666666666666666,4,1,3
1630165,2024,2024-25,0.4186046511627907,0.38095238095238093,0.45454545454545453,43,21,22
1630166,2024,2024-25,0.476303317535545,0.3654970760233918,0.5517928286852589,844,342,502
1630167,2024,2024-25,0.5292153589315526,0.3654485049833887,0.6946308724832215,599,301,298
1630168,2024,2024-25,0.5672514619883041,0.32432432432432434,0.6343283582089553,684,148,536
1630169,2024,2024-25,0.4731610337972167,0.3879003558718861,0.581081081081081,1006,562,444
1630170,2024,2024-25,0.4431946006749156,0.3682983682983683,0.5130434782608696,889,429,460
1630171,2024,2024-25,0.46441947565543074,0.3708609271523179,0.5862068965517241,267,151,116
1630172,2024,2024-25,0.39728682170542634,0.35294117647058826,0.44672131147540983,516,272,244
1630173,2024,2024-25,0.5015290519877675,0.2777777777777778,0.5292096219931272,327,36,291
1630174,2024,2024-25,0.5065963060686016,0.4307692307692308,0.5869565217391305,379,195,184
1630175,2024,2024-25,0.42357274401473294,0.3532110091743119,0.4707692307692308,543,218,325
1630178,2024,2024-25,0.43721356553620533,0.3368200836820084,0.5154975530179445,1091,478,613
1630182,2024,2024-25,0.42755344418052255,0.3911290322580645,0.4797687861271676,421,248,173
1630183,2024,2024-25,0.47721822541966424,0.33003300330033003,0.5612052730696798,834,303,531
1630188,2024,2024-25,0.46568627450980393,0.32432432432432434,0.6344086021505376,408,222,186
1630191,2024,2024-25,0.5587301587301587,0.32075471698113206,0.6068702290076335,315,53,262
1630192,2024,2024-25,0.49645390070921985,0.3269230769230769,0.5955056179775281,141,52,89
1630193,2024,2024-25,0.4200913242009132,0.37777777777777777,0.4647887323943662,438,225,213
1630194,2024,2024-25,0.5070422535211268,0.2857142857142857,0.5614035087719298,142,28,114
1630198,2024,2024-25,0.44047619047619047,0.41201716738197425,0.5491803278688525,588,466,122
1630200,2024,2024-25,0.5378151260504201,0.3958333333333333,0.5736842105263158,238,48,190
1630201,2024,2024-25,0.38461538461538464,0.25,0.4444444444444444,13,4,9
1630202,2024,2024-25,0.4722863741339492,0.4073482428115016,0.6416666666666667,866,626,240
1630205,2024,2024-25,0.4603174603174603,0.2962962962962963,0.5833333333333334,63,27,36
1630208,2024,2024-25,0.590778097982709,0.0,0.5942028985507246,347,2,345
1630214,2024,2024-25,0.24528301886792453,0.15625,0.38095238095238093,53,32,21
1630215,2024,2024-25,0.4481236203090508,0.35502958579881655,0.5035211267605634,453,169,284
1630217,2024,2024-25,0.48428290766208254,0.3923444976076555,0.5483333333333333,1018,418,600
1630222,2024,2024-25,0.5,0.125,0.8,18,8,10
1630224,2024,2024-25,0.4231036882393876,0.3540090771558245,0.48195876288659795,1437,661,776
1630227,2024,2024-25,0.0,0.0,0.0,1,1,0
1630228,2024,2024-25,0.45422535211267606,0.304635761589404,0.5083932853717026,568,151,417
1630230,2024,2024-25,0.5084269662921348,0.27522935779816515,0.611336032388664,712,218,494
1630231,2024,2024-25,0.5522388059701493,0.25862068965517243,0.6713286713286714,201,58,143
1630241,2024,2024-25,0.4056603773584906,0.37228260869565216,0.625,424,368,56
1630243,2024,2024-25,0.38095238095238093,0.2857142857142857,0.4857142857142857,147,77,70
1630245,2024,2024-25,0.4922048997772829,0.328042328042328,0.6115384615384616,449,189,260
1630249,2024,2024-25,0.4965753424657534,0.4368932038834951,0.6395348837209303,292,206,86
1630256,2024,2024-25,0.47297297297297297,0.34782608695652173,0.5294117647058824,148,46,102
1630264,2024,2024-25,0.48863636363636365,0.3225806451612903,0.5789473684210527,88,31,57
1630283,2024,2024-25,0.6363636363636364,0.0,0.6363636363636364,22,0,22
1630288,2024,2024-25,0.48695652173913045,0.4,0.525,230,70,160
1630296,2024,2024-25,0.0,0.0,0.0,4,1,3
1630311,2024,2024-25,0.40594059405940597,0.22727272727272727,0.45569620253164556,101,22,79
1630314,2024,2024-25,0.5212765957446809,0.4,0.578125,188,60,128
1630322,2024,2024-25,0.36947791164658633,0.34408602150537637,0.4444444444444444,249,186,63
1630346,2024,2024-25,0.3225806451612903,0.3157894736842105,0.3333333333333333,31,19,12
1630526,2024,2024-25,0.4553314121037464,0.34146341463414637,0.5573770491803278,347,164,183
1630527,2024,2024-25,0.4356955380577428,0.35,0.4854771784232365,381,140,241
1630528,2024,2024-25,0.3548387096774194,0.18181818181818182,0.45,31,11,20
1630529,2024,2024-25,0.436046511627907,0.3055555555555556,0.53,172,72,100
1630530,2024,2024-25,0.4541120381406436,0.3607305936073059,0.5561097256857855,839,438,401
1630531,2024,2024-25,0.3888888888888889,0.25,0.5476190476190477,90,48,42
1630532,2024,2024-25,0.4625322997416021,0.29545454545454547,0.5352286773794809,1161,352,809
1630533,2024,2024-25,0.4115384615384615,0.34105960264900664,0.5091743119266054,520,302,218
1630534,2024,2024-25,0.49812734082397003,0.39920948616600793,0.5871886120996441,534,253,281
1630537,2024,2024-25,0.46153846153846156,0.4,0.5454545454545454,26,15,11
1630538,2024,2024-25,0.3983050847457627,0.3902439024390244,0.4166666666666667,118,82,36
1630539,2024,2024-25,0.7981651376146789,0.2,0.8269230769230769,109,5,104
1630540,2024,2024-25,0.40585009140767825,0.3685897435897436,0.4553191489361702,547,312,235
1630541,2024,2024-25,0.43309859154929575,0.37388724035608306,0.5194805194805194,568,337,231
1630542,2024,2024-25,0.391304347826087,0.15625,0.5945945945945946,69,32,37
1630543,2024,2024-25,0.6086956521739131,0.0,0.6086956521739131,23,0,23
1630544,2024,2024-25,0.43478260869565216,0.4,0.45544554455445546,161,60,101
1630545,2024,2024-25,0.4824561403508772,0.3548387096774194,0.5301204819277109,114,31,83
1630548,2024,2024-25,0.42947368421052634,0.37579617834394907,0.5341614906832298,475,314,161
1630549,2024,2024-25,0.5205047318611987,0.24444444444444444,0.5661764705882353,317,45,272
1630550,2024,2024-25,0.423728813559322,0.2857142857142857,0.5,59,21,38
1630551,2024,2024-25,0.5109489051094891,0.38341968911917096,0.6238532110091743,411,193,218
1630552,2024,2024-25,0.5,0.3120567375886525,0.5660847880299252,542,141,401
1630553,2024,2024-25,0.3889602053915276,0.314214463840399,0.46825396825396826,779,401,378
1630556,2024,2024-25,0.4962962962962963,0.4074074074074074,0.5555555555555556,135,54,81
1630557,2024,2024-25,0.45132743362831856,0.36363636363636365,0.574468085106383,565,330,235
1630558,2024,2024-25,0.4684873949579832,0.3981042654028436,0.5245283018867924,476,211,265
1630559,2024,2024-25,0.45998071359691417,0.3766478342749529,0.5474308300395256,1037,531,506
1630560,2024,2024-25,0.43832599118942733,0.3487179487179487,0.5057915057915058,454,195,259
1630561,2024,2024-25,0.42857142857142855,0.5,0.375,14,6,8
1630567,2024,2024-25,0.44590780809031044,0.2714285714285714,0.508301404853129,1063,280,783
1630568,2024,2024-25,0.49523809523809526,0.2777777777777778,0.6086956521739131,105,36,69
1630570,2024,2024-25,0.4685714285714286,0.32954545454545453,0.5152671755725191,350,88,262
1630572,2024,2024-25,0.501779359430605,0.37267080745341613,0.675,281,161,120
1630573,2024,2024-25,0.45147679324894513,0.41604010025062654,0.64,474,399,75
1630574,2024,2024-25,0.6774193548387096,0.0,0.6774193548387096,31,0,31
1630577,2024,2024-25,0.4150375939849624,0.37083333333333335,0.5297297297297298,665,480,185
1630578,2024,2024-25,0.49606299212598426,0.23333333333333334,0.5185185185185185,1143,90,1053
1630579,2024,2024-25,0.6338028169014085,0.0,0.6338028169014085,71,0,71
1630581,2024,2024-25,0.4649122807017544,0.3776978417266187,0.5115384615384615,798,278,520
1630583,2024,2024-25,0.48302469135802467,0.36809815950920244,0.5993788819875776,648,326,322
1630585,2024,2024-25,0.4074074074074074,0.375,0.42105263157894735,27,8,19
1630590,2024,2024-25,0.4797979797979798,0.3972602739726027,0.528,594,219,375
1630591,2024,2024-25,0.4095634095634096,0.3140495867768595,0.5062761506276151,481,242,239
1630592,2024,2024-25,0.3967741935483871,0.3370165745856354,0.4806201550387597,620,362,258
1630595,2024,2024-25,0.46945778997940973,0.35645933014354064,0.5149181905678537,1457,418,1039
1630596,2024,2024-25,0.5573951434878587,0.3695652173913043,0.621301775147929,906,230,676
1630598,2024,2024-25,0.4876373626373626,0.3834808259587021,0.5784061696658098,728,339,389
1630600,2024,2024-25,0.2857142857142857,0.3333333333333333,0.25,7,3,4
1630604,2024,2024-25,0.5333333333333333,0.3,1.0,15,10,5
1630611,2024,2024-25,0.4581005586592179,0.3300970873786408,0.631578947368421,179,103,76
1630618,2024,2024-25,0.14285714285714285,0.0,0.25,7,3,4
1630623,2024,2024-25,0.3269230769230769,0.29545454545454547,0.5,52,44,8
1630625,2024,2024-25,0.3905325443786982,0.32432432432432434,0.4421052631578947,507,222,285
1630631,2024,2024-25,0.3915547024952015,0.3592233009708738,0.4386792452830189,521,309,212
1630639,2024,2024-25,0.42105263157894735,0.32673267326732675,0.5280898876404494,190,101,89
1630643,2024,2024-25,0.5147540983606558,0.405,0.7238095238095238,305,200,105
1630644,2024,2024-25,0.0,0.0,0.0,2,1,1
1630649,2024,2024-25,0.19230769230769232,0.2,0.18181818181818182,26,15,11
1630658,2024,2024-25,0.46938775510204084,0.125,0.5365853658536586,98,16,82
1630678,2024,2024-25,0.0,0.0,0.0,1,0,1
1630692,2024,2024-25,0.4375,0.38235294117647056,0.4868421052631579,144,68,76
1630695,2024,2024-25,0.4222222222222222,0.3163265306122449,0.7027027027027027,135,98,37
1630696,2024,2024-25,0.5081967213114754,0.5333333333333333,0.4838709677419355,61,30,31
1630699,2024,2024-25,0.4153846153846154,0.3448275862068966,0.4722222222222222,65,29,36
1630700,2024,2024-25,0.49295774647887325,0.3404255319148936,0.5450581395348837,923,235,688
1630702,2024,2024-25,0.43478260869565216,0.38578680203045684,0.4792626728110599,414,197,217
1630703,2024,2024-25,0.41897810218978104,0.35353535353535354,0.4690721649484536,685,297,388
1630762,2024,2024-25,0.14285714285714285,0.0,0.2727272727272727,21,10,11
1630811,2024,2024-25,0.4012345679012346,0.32926829268292684,0.475,162,82,80
1631093,2024,2024-25,0.4600484261501211,0.4090909090909091,0.49034749034749037,413,154,259
1631094,2024,2024-25,0.4522502744237102,0.31985294117647056,0.5086071987480438,911,272,639
1631095,2024,2024-25,0.4381625441696113,0.35379061371841153,0.5190311418685121,566,277,289
1631096,2024,2024-25,0.4897360703812317,0.3793103448275862,0.5466666666666666,341,116,225
1631097,2024,2024-25,0.45838218053927315,0.3402777777777778,0.5185840707964602,853,288,565
1631098,2024,2024-25,0.41025641025641024,0.2413793103448276,0.5102040816326531,78,29,49
1631099,2024,2024-25,0.44390243902439025,0.3429844097995546,0.5660377358490566,820,449,371
1631101,2024,2024-25,0.4519927536231884,0.3114406779661017,0.5569620253164557,1104,472,632
1631102,2024,2024-25,0.3111111111111111,0.19047619047619047,0.4166666666666667,45,21,24
1631103,2024,2024-25,0.45789473684210524,0.40476190476190477,0.5,190,84,106
1631104,2024,2024-25,0.43548387096774194,0.29310344827586204,0.5,186,58,128
1631105,2024,2024-25,0.6923076923076923,0.0,0.6923076923076923,546,0,546
1631106,2024,2024-25,0.4865831842576029,0.3423913043478261,0.5573333333333333,559,184,375
1631107,2024,2024-25,0.4562334217506631,0.37142857142857144,0.562874251497006,377,210,167
1631108,2024,2024-25,0.4271186440677966,0.3662420382165605,0.4963768115942029,590,314,276
1631109,2024,2024-25,0.6040268456375839,0.0,0.6094808126410836,447,4,443
1631110,2024,2024-25,0.535181236673774,0.3076923076923077,0.58994708994709,469,91,378
1631111,2024,2024-25,0.46825396825396826,0.34146341463414637,0.5294117647058824,126,41,85
1631114,2024,2024-25,0.4837328767123288,0.36470588235294116,0.532608695652174,1168,340,828
1631115,2024,2024-25,0.4444444444444444,0.3269230769230769,0.47368421052631576,261,52,209
1631116,2024,2024-25,0.5428571428571428,0.5652173913043478,0.5,35,23,12
1631117,2024,2024-25,0.6619047619047619,0.17142857142857143,0.7064935064935065,420,35,385
1631119,2024,2024-25,0.43891402714932126,0.39869281045751637,0.5294117647058824,221,153,68
1631120,2024,2024-25,0.35294117647058826,0.2222222222222222,0.5,34,18,16
1631121,2024,2024-25,0.2857142857142857,0.0,0.4,14,4,10
1631123,2024,2024-25,0.5,0.2,0.7142857142857143,12,5,7
1631124,2024,2024-25,0.43209876543209874,0.34944237918215615,0.5345622119815668,486,269,217
1631127,2024,2024-25,0.5,0.0,0.6666666666666666,4,1,3
1631128,2024,2024-25,0.5797807551766139,0.39732142857142855,0.6482412060301508,821,224,597
1631131,2024,2024-25,0.6,0.0,0.6,70,0,70
1631132,2024,2024-25,0.6060606060606061,0.0,0.6451612903225806,66,4,62
1631133,2024,2024-25,0.5152838427947598,0.3888888888888889,0.5732484076433121,229,72,157
1631157,2024,2024-25,0.4870848708487085,0.4083333333333333,0.5496688741721855,271,120,151
1631159,2024,2024-25,0.4,0.0,0.6,15,5,10
1631165,2024,2024-25,0.4892241379310345,0.43302180685358255,0.6153846153846154,464,321,143
1631166,2024,2024-25,0.4411764705882353,0.2571428571428571,0.5373134328358209,102,35,67
1631169,2024,2024-25,0.4888888888888889,0.32558139534883723,0.6382978723404256,90,43,47
1631170,2024,2024-25,0.461038961038961,0.31092436974789917,0.5131195335276968,462,119,343
1631172,2024,2024-25,0.432,0.323943661971831,0.5740740740740741,125,71,54
1631197,2024,2024-25,0.4827586206896552,0.3076923076923077,0.625,87,39,48
1631199,2024,2024-25,0.125,0.0,0.5,8,6,2
1631200,2024,2024-25,0.41935483870967744,0.225,0.5660377358490566,279,120,159
1631204,2024,2024-25,0.46283783783783783,0.3815789473684211,0.5486111111111112,296,152,144
1631207,2024,2024-25,0.44776119402985076,0.3557692307692308,0.5060975609756098,268,104,164
1631209,2024,2024-25,0.3904761904761905,0.3939393939393939,0.3888888888888889,105,33,72
1631210,2024,2024-25,0.4090909090909091,0.5,0.3333333333333333,22,10,12
1631212,2024,2024-25,0.4766355140186916,0.35294117647058826,0.5342465753424658,428,136,292
1631213,2024,2024-25,0.4064516129032258,0.35106382978723405,0.4918032786885246,465,282,183
1631214,2024,2024-25,1.0,1.0,1.0,2,1,1
1631216,2024,2024-25,0.42105263157894735,0.4,0.5333333333333333,190,160,30
1631217,2024,2024-25,0.5964285714285714,0.0,0.6094890510948905,280,6,274
1631218,2024,2024-25,0.5761589403973509,0.0,0.5819397993311036,302,3,299
1631221,2024,2024-25,0.43037974683544306,0.43333333333333335,0.4264705882352941,158,90,68
1631222,2024,2024-25,0.47477744807121663,0.4225352112676056,0.5128205128205128,337,142,195
1631223,2024,2024-25,0.456,0.3114754098360656,0.59375,125,61,64
1631230,2024,2024-25,0.5309734513274337,0.25925925925925924,0.6162790697674418,113,27,86
1631232,2024,2024-25,0.48623853211009177,0.32558139534883723,0.5909090909090909,109,43,66
1631243,2024,2024-25,0.42105263157894735,0.25925925925925924,0.5666666666666667,171,81,90
1631245,2024,2024-25,0.47540983606557374,0.375,0.524390243902439,122,40,82
1631246,2024,2024-25,0.40119760479041916,0.2736842105263158,0.5694444444444444,167,95,72
1631247,2024,2024-25,0.25,0.0,0.45454545454545453,20,9,11
1631248,2024,2024-25,0.35454545454545455,0.3170731707317073,0.4642857142857143,110,82,28
1631250,2024,2024-25,0.4375,0.375,0.625,32,24,8
1631255,2024,2024-25,0.574468085106383,0.3181818181818182,0.6745562130177515,235,66,169
1631260,2024,2024-25,0.42924528301886794,0.42699724517906334,0.4426229508196721,424,363,61
1631288,2024,2024-25,0.43037974683544306,0.325,0.5384615384615384,158,80,78
1631301,2024,2024-25,0.42857142857142855,0.4,0.46153846153846156,28,15,13
1631303,2024,2024-25,0.38095238095238093,0.2,0.5454545454545454,21,10,11
1631306,2024,2024-25,0.3492063492063492,0.3191489361702128,0.4375,63,47,16
1631311,2024,2024-25,0.3974358974358974,0.29545454545454547,0.5294117647058824,78,44,34
1631321,2024,2024-25,0.43333333333333335,0.23076923076923078,0.5882352941176471,30,13,17
1631323,2024,2024-25,0.40214477211796246,0.33480176211453744,0.5068493150684932,373,227,146
1631342,2024,2024-25,0.64,0.5294117647058824,0.875,25,17,8
1631386,2024,2024-25,0.2,0.25,0.16666666666666666,10,4,6
1631466,2024,2024-25,0.43548387096774194,0.23076923076923078,0.5833333333333334,62,26,36
1641705,2024,2024-25,0.47607934655775963,0.3523573200992556,0.5859030837004405,857,403,454
1641706,2024,2024-25,0.40325865580448067,0.35494880546075086,0.47474747474747475,491,293,198
1641707,2024,2024-25,0.2222222222222222,0.25,0.16666666666666666,18,12,6
1641708,2024,2024-25,0.5566714490674318,0.27472527472527475,0.599009900990099,697,91,606
1641709,2024,2024-25,0.5347826086956522,0.22448979591836735,0.5717761557177615,460,49,411
1641710,2024,2024-25,0.4219001610305958,0.31794871794871793,0.4694835680751174,621,195,426
1641711,2024,2024-25,0.4095826893353941,0.3496932515337423,0.470404984423676,647,326,321
1641712,2024,2024-25,0.4084507042253521,0.2711864406779661,0.5060240963855421,142,59,83
1641713,2024,2024-25,0.37185929648241206,0.3368421052631579,0.40384615384615385,199,95,104
1641715,2024,2024-25,0.4441687344913151,0.3551912568306011,0.5181818181818182,403,183,220
1641716,2024,2024-25,0.4722222222222222,0.40540540540540543,0.5428571428571428,360,185,175
1641717,2024,2024-25,0.47443762781186094,0.3557692307692308,0.5622775800711743,489,208,281
1641718,2024,2024-25,0.3906420021762786,0.3431952662721893,0.44902912621359226,919,507,412
1641720,2024,2024-25,0.37755102040816324,0.30434782608695654,0.4423076923076923,98,46,52
1641721,2024,2024-25,0.4166666666666667,0.38,0.4482758620689655,108,50,58
1641722,2024,2024-25,0.3723021582733813,0.3313253012048193,0.4330357142857143,556,332,224
1641723,2024,2024-25,0.3829787234042553,0.21052631578947367,0.5,47,19,28
1641724,2024,2024-25,0.37404580152671757,0.2956989247311828,0.5657894736842105,262,186,76
1641725,2024,2024-25,0.3170731707317073,0.17647058823529413,0.4166666666666667,41,17,24
1641726,2024,2024-25,0.7015706806282722,0.0,0.7015706806282722,191,0,191
1641727,2024,2024-25,0.40625,0.44594594594594594,0.2727272727272727,96,74,22
1641729,2024,2024-25,0.4590984974958264,0.4220430107526882,0.5198237885462555,599,372,227
1641730,2024,2024-25,0.3575268817204301,0.3333333333333333,0.4144144144144144,372,261,111
1641731,2024,2024-25,0.421474358974359,0.28125,0.5,624,224,400
1641732,2024,2024-25,0.4573643410852713,0.32653061224489793,0.5375,129,49,80
1641733,2024,2024-25,0.3908450704225352,0.33986928104575165,0.45038167938931295,568,306,262
1641734,2024,2024-25,0.34210526315789475,0.36666666666666664,0.25,38,30,8
1641736,2024,2024-25,0.32710280373831774,0.175,0.417910447761194,107,40,67
1641737,2024,2024-25,0.703125,0.0,0.7068062827225131,192,1,191
1641738,2024,2024-25,0.4583333333333333,0.23076923076923078,0.5869565217391305,72,26,46
1641739,2024,2024-25,0.4581005586592179,0.375,0.5421348314606742,716,360,356
1641740,2024,2024-25,0.4666666666666667,0.43137254901960786,0.4927536231884058,120,51,69
1641741,2024,2024-25,0.38228941684665224,0.25821596244131456,0.488,463,213,250
1641744,2024,2024-25,0.5796766743648961,0.34615384615384615,0.6115485564304461,433,52,381
1641745,2024,2024-25,0.2604166666666667,0.19444444444444445,0.4583333333333333,96,72,24
1641748,2024,2024-25,0.47715736040609136,0.39473684210526316,0.5289256198347108,197,76,121
1641752,2024,2024-25,0.6,0.4,0.8,10,5,5
1641753,2024,2024-25,0.3333333333333333,0.0,0.47368421052631576,27,8,19
1641755,2024,2024-25,0.2857142857142857,0.0,0.3333333333333333,7,1,6
1641757,2024,2024-25,0.43283582089552236,0.21052631578947367,0.5208333333333334,134,38,96
1641763,2024,2024-25,0.445993031358885,0.32679738562091504,0.582089552238806,287,153,134
1641764,2024,2024-25,0.4451510333863275,0.37216828478964403,0.515625,629,309,320
1641765,2024,2024-25,0.40229885057471265,0.23529411764705882,0.4715447154471545,174,51,123
1641766,2024,2024-25,0.5714285714285714,0.0,0.5714285714285714,7,0,7
1641767,2024,2024-25,0.4181184668989547,0.3417085427135678,0.5909090909090909,287,199,88
1641772,2024,2024-25,0.40625,0.2,0.5,32,10,22
1641774,2024,2024-25,0.49586776859504134,0.37254901960784315,0.5857142857142857,242,102,140
1641775,2024,2024-25,0.3614457831325301,0.2727272727272727,0.5357142857142857,83,55,28
1641779,2024,2024-25,0.2857142857142857,0.2857142857142857,0.0,7,7,0
1641783,2024,2024-25,0.41200828157349895,0.33472803347280333,0.48770491803278687,483,239,244
1641787,2024,2024-25,0.42727272727272725,0.3116883116883117,0.48951048951048953,220,77,143
1641789,2024,2024-25,0.391304347826087,0.36363636363636365,0.4166666666666667,23,11,12
1641790,2024,2024-25,0.5833333333333334,0.25,0.75,24,8,16
1641794,2024,2024-25,0.38345864661654133,0.25396825396825395,0.5,133,63,70
1641796,2024,2024-25,0.43842364532019706,0.3368421052631579,0.5277777777777778,203,95,108
1641798,2024,2024-25,0.4189189189189189,0.30434782608695654,0.47058823529411764,74,23,51
1641801,2024,2024-25,0.5,0.0,0.5714285714285714,8,1,7
1641803,2024,2024-25,0.125,0.0,0.2,8,3,5
1641809,2024,2024-25,0.4146341463414634,0.3939393939393939,0.5,41,33,8
1641810,2024,2024-25,0.45564516129032256,0.3953488372093023,0.5210084033613446,248,129,119
1641815,2024,2024-25,0.0,0.0,0.0,2,1,1
1641816,2024,2024-25,0.375,0.3108108108108108,0.4782608695652174,120,74,46
1641817,2024,2024-25,0.4444444444444444,0.0,0.5,9,1,8
1641824,2024,2024-25,0.4540540540540541,0.3609022556390977,0.5397923875432526,555,266,289
1641842,2024,2024-25,0.4735576923076923,0.23841059602649006,0.6075471698113207,416,151,265
1641854,2024,2024-25,0.5142857142857142,0.4375,0.5543478260869565,140,48,92
1641857,2024,2024-25,0.25,0.0,0.3333333333333333,8,2,6
1641871,2024,2024-25,0.42168674698795183,0.32075471698113206,0.6,166,106,60
1641878,2024,2024-25,0.3230769230769231,0.21428571428571427,0.40540540540540543,130,56,74
1641879,2024,2024-25,0.3333333333333333,0.0,0.3333333333333333,3,0,3
1641890,2024,2024-25,0.48,0.43333333333333335,0.55,50,30,20
1641936,2024,2024-25,0.2222222222222222,0.2857142857142857,0.0,9,7,2
1641989,2024,2024-25,0.3142857142857143,0.28,0.4,35,25,10
1641998,2024,2024-25,0.5540540540540541,0.0,0.5540540540540541,74,0,74
1642024,2024,2024-25,0.48148148148148145,0.36585365853658536,0.8461538461538461,54,41,13
1642050,2024,2024-25,0.47058823529411764,0.3,0.7142857142857143,17,10,7
1642258,2024,2024-25,0.4582798459563543,0.3546511627906977,0.5402298850574713,779,344,435
1642259,2024,2024-25,0.39371980676328505,0.30791788856304986,0.4537987679671458,828,341,487
1642261,2024,2024-25,0.4614003590664273,0.3764705882352941,0.5944700460829493,557,340,217
1642262,2024,2024-25,0.3229571984435798,0.25925925925925924,0.39344262295081966,257,135,122
1642263,2024,2024-25,0.3514644351464435,0.3380281690140845,0.3711340206185567,239,142,97
1642264,2024,2024-25,0.42813765182186236,0.2852852852852853,0.500763358778626,988,333,655
1642265,2024,2024-25,0.44075829383886256,0.33783783783783783,0.49635036496350365,211,74,137
1642266,2024,2024-25,0.40458015267175573,0.34946236559139787,0.45410628019323673,393,186,207
1642267,2024,2024-25,0.40106951871657753,0.33906633906633904,0.4750733137829912,748,407,341
1642268,2024,2024-25,0.42162162162162165,0.2485207100591716,0.49740932642487046,555,169,386
1642269,2024,2024-25,0.3700787401574803,0.29508196721311475,0.4393939393939394,127,61,66
1642270,2024,2024-25,0.5389221556886228,0.2857142857142857,0.5824561403508772,334,49,285
1642271,2024,2024-25,0.5019305019305019,0.35,0.6140939597315436,518,220,298
1642272,2024,2024-25,0.45985401459854014,0.38345864661654133,0.5319148936170213,274,133,141
1642273,2024,2024-25,0.3717948717948718,0.3220338983050847,0.4635416666666667,546,354,192
1642274,2024,2024-25,0.5467479674796748,0.0,0.5478615071283096,492,1,491
1642275,2024,2024-25,0.33043478260869563,0.28292682926829266,0.4,345,205,140
1642276,2024,2024-25,0.5538793103448276,0.3153153153153153,0.6288951841359773,464,111,353
1642277,2024,2024-25,0.3804347826086957,0.3,0.47619047619047616,92,50,42
1642278,2024,2024-25,0.32926829268292684,0.2978723404255319,0.37142857142857144,82,47,35
1642279,2024,2024-25,0.4,0.0,0.4,5,0,5
1642280,2024,2024-25,0.36363636363636365,0.0,0.4444444444444444,11,2,9
1642281,2024,2024-25,0.42953020134228187,0.3448275862068966,0.4835164835164835,149,58,91
1642285,2024,2024-25,0.4146341463414634,0.3584905660377358,0.5172413793103449,82,53,29
1642345,2024,2024-25,0.6042780748663101,0.0,0.6108108108108108,187,2,185
1642346,2024,2024-25,0.429769392033543,0.3106060606060606,0.5774647887323944,477,264,213
1642347,2024,2024-25,0.40476190476190477,0.32286995515695066,0.4697508896797153,504,223,281
1642348,2024,2024-25,0.455026455026455,0.3631578947368421,0.5478723404255319,378,190,188
1642349,2024,2024-25,0.4945652173913043,0.38333333333333336,0.5483870967741935,184,60,124
1642352,2024,2024-25,0.6923076923076923,0.42857142857142855,0.7894736842105263,26,7,19
1642353,2024,2024-25,0.2916666666666667,0.15384615384615385,0.45454545454545453,24,13,11
1642354,2024,2024-25,0.34551495016611294,0.25384615384615383,0.4152046783625731,301,130,171
1642355,2024,2024-25,0.31343283582089554,0.28125,0.34285714285714286,67,32,35
1642358,2024,2024-25,0.38497652582159625,0.26666666666666666,0.4715447154471545,213,90,123
1642359,2024,2024-25,0.3225806451612903,0.3157894736842105,0.3333333333333333,31,19,12
1642366,2024,2024-25,0.4489051094890511,0.40782122905027934,0.5263157894736842,274,179,95
1642367,2024,2024-25,0.43820224719101125,0.24285714285714285,0.486013986013986,356,70,286
1642368,2024,2024-25,0.7692307692307693,0.0,0.7692307692307693,13,0,13
1642377,2024,2024-25,0.4245562130177515,0.3520408163265306,0.5246478873239436,676,392,284
1642382,2024,2024-25,0.44329896907216493,0.3333333333333333,0.6774193548387096,97,66,31
1642384,2024,2024-25,0.45454545454545453,0.2,0.6666666666666666,11,5,6
1642385,2024,2024-25,0.14285714285714285,0.0,0.25,7,3,4
1642389,2024,2024-25,0.0,0.0,0.0,1,0,1
1642402,2024,2024-25,0.43243243243243246,0.1,0.5555555555555556,37,10,27
1642403,2024,2024-25,0.6506024096385542,0.375,0.68,83,8,75
1642419,2024,2024-25,0.42939481268011526,0.40540540540540543,0.5,347,259,88
1642422,2024,2024-25,0.3157894736842105,0.0,0.5,19,7,12
1642434,2024,2024-25,0.0,0.0,0.0,1,1,0
1642439,2024,2024-25,0.2,0.2,0.0,5,5,0
1642443,2024,2024-25,0.8,0.5,1.0,5,2,3
1642449,2024,2024-25,0.6666666666666666,0.0,0.6666666666666666,9,0,9
1642450,2024,2024-25,0.3,0.14285714285714285,0.6666666666666666,10,7,3
1642461,2024,2024-25,0.3235294117647059,0.058823529411764705,0.5882352941176471,34,17,17
1642484,2024,2024-25,0.3333333333333333,0.2857142857142857,0.4166666666666667,33,21,12
1642502,2024,2024-25,0.0,0.0,0.0,2,1,1
1642505,2024,2024-25,0.4,0.47619047619047616,0.2222222222222222,30,21,9
1642530,2024,2024-25,0.36666666666666664,0.30434782608695654,0.5714285714285714,30,23,7
