gameId,teamId,teamTricode,exp_points,actual_points,shots,actual_allowed,exp_allowed,fg_only_win
22400001,1610612737,ATL,100.34580081220713,110,99,94,80.21347626238965,1.0
22400001,1610612738,BOS,80.21347626238965,94,75,110,100.34580081220713,0.0
22400002,1610612748,MIA,103.54573948514397,111,101,99,98.68721770882456,1.0
22400002,1610612765,DET,98.68721770882456,99,92,111,103.54573948514397,0.0
22400003,1610612753,ORL,100.0931248797923,99,93,81,88.32401338131842,1.0
22400003,1610612766,CHA,88.32401338131842,81,84,99,100.0931248797923,0.0
22400004,1610612752,NYK,102.00101935022325,97,89,76,88.44462909841646,1.0
22400004,1610612755,PHI,88.44462909841646,76,83,97,102.00101935022325,0.0
22400005,1610612749,MIL,109.8446204850338,92,94,69,94.04282321908079,1.0
22400005,1610612761,TOR,94.04282321908079,69,86,92,109.8446204850338,0.0
22400006,1610612756,PHX,93.6038207537607,104,86,105,97.78204398471811,0.0
22400006,1610612762,UTA,97.78204398471811,105,92,104,93.6038207537607,1.0
22400007,1610612742,DAL,88.82079742140998,99,84,104,100.30752235106971,0.0
22400007,1610612744,GSW,100.30752235106971,104,94,99,88.82079742140998,1.0
22400008,1610612750,MIN,82.26704183378914,87,73,104,94.66552517451487,0.0
22400008,1610612757,POR,94.66552517451487,104,84,87,82.26704183378914,1.0
22400009,1610612748,MIA,95.10381359247039,105,87,102,89.73341730004216,1.0
22400009,1610612754,IND,89.73341730004216,102,86,105,95.10381359247039,0.0
22400010,1610612753,ORL,82.26209354851419,79,78,68,71.82169181564578,1.0
22400010,1610612755,PHI,71.82169181564578,68,72,79,82.26209354851419,0.0
22400011,1610612761,TOR,108.049592964385,78,97,86,103.15395501881792,0.0
22400011,1610612765,DET,103.15395501881792,86,95,78,108.049592964385,1.0
22400012,1610612737,ATL,111.98410693436072,104,98,101,118.24979309410415,1.0
22400012,1610612764,WAS,118.24979309410415,101,106,104,111.98410693436072,0.0
22400013,1610612739,CLE,110.56371666682676,123,93,110,101.07321620017055,1.0
22400013,1610612741,CHI,101.07321620017055,110,88,123,110.56371666682676,0.0
22400014,1610612751,BKN,97.66721030732381,97,89,101,92.89928284885173,0.0
22400014,1610612752,NYK,92.89928284885173,101,83,97,97.66721030732381,1.0
22400015,1610612747,LAL,98.1699393229209,102,88,103,97.21325946756471,0.0
22400015,1610612759,SAS,97.21325946756471,103,88,102,98.1699393229209,1.0
22400016,1610612745,HOU,100.27674304455422,111,95,78,88.73733537412149,1.0
22400016,1610612746,LAC,88.73733537412149,78,90,111,100.27674304455422,0.0
22400017,1610612740,NOP,91.80292622907722,85,87,84,99.16896315608172,1.0
22400017,1610612743,DEN,99.16896315608172,84,87,85,91.80292622907722,0.0
22400018,1610612756,PHX,76.81394268592987,53,75,82,102.07363561031718,0.0
22400018,1610612760,OKC,102.07363561031718,82,91,53,76.81394268592987,1.0
22400019,1610612744,GSW,103.87540903682802,105,98,91,106.34843322470624,1.0
22400019,1610612763,MEM,106.34843322470624,91,103,105,103.87540903682802,0.0
22400020,1610612750,MIN,104.85039257354121,116,101,108,95.10103639767308,1.0
22400020,1610612758,SAC,95.10103639767308,108,96,116,104.85039257354121,0.0
22400021,1610612738,BOS,86.7938192064931,110,86,102,95.01853933225455,1.0
22400021,1610612739,CLE,95.01853933225455,102,93,110,86.7938192064931,0.0
22400022,1610612751,BKN,93.94379497279434,102,85,96,86.10941958836669,1.0
22400022,1610612766,CHA,86.10941958836669,96,82,102,93.94379497279434,0.0
22400023,1610612743,DEN,110.3104781781131,108,100,91,114.15654587217499,1.0
22400023,1610612763,MEM,114.15654587217499,91,103,108,110.3104781781131,0.0
22400024,1610612740,NOP,82.6981379678645,73,78,112,107.77136167166964,0.0
22400024,1610612742,DAL,107.77136167166964,112,94,73,82.6981379678645,1.0
22400025,1610612759,SAS,87.20100936268092,97,83,98,109.97334508472744,0.0
22400025,1610612760,OKC,109.97334508472744,98,100,97,87.20100936268092,1.0
22400026,1610612747,LAL,87.68170498848036,98,76,102,95.2551446571783,0.0
22400026,1610612762,UTA,95.2551446571783,102,90,98,87.68170498848036,1.0
22400027,1610612751,BKN,95.3096872661823,91,79,98,105.08296382085031,0.0
22400027,1610612755,PHI,105.08296382085031,98,92,91,95.3096872661823,1.0
22400028,1610612738,BOS,91.65550098092788,83,85,85,93.43802120645583,0.0
22400028,1610612764,WAS,93.43802120645583,85,90,83,91.65550098092788,1.0
22400029,1610612749,MIL,105.54965100020237,113,90,97,100.54256937756989,1.0
22400029,1610612754,IND,100.54256937756989,97,91,113,105.54965100020237,0.0
22400030,1610612737,ATL,121.8263717388259,108,107,117,99.03939011856748,0.0
22400030,1610612741,CHI,99.03939011856748,117,86,108,121.8263717388259,1.0
22400031,1610612745,HOU,102.73561272718656,99,93,71,93.43844431716661,1.0
22400031,1610612757,POR,93.43844431716661,71,91,99,102.73561272718656,0.0
22400032,1610612740,NOP,100.31093129123013,94,92,90,96.94042910426798,1.0
22400032,1610612744,GSW,96.94042910426798,90,87,94,100.31093129123013,0.0
22400033,1610612742,DAL,94.35173123367488,102,91,101,94.64108574430776,1.0
22400033,1610612743,DEN,94.64108574430776,101,90,102,94.35173123367488,0.0
22400034,1610612746,LAC,102.13622598303795,88,94,71,85.76085722202946,1.0
22400034,1610612758,SAC,85.76085722202946,71,83,88,102.13622598303795,0.0
22400035,1610612741,CHI,104.56264730987836,108,94,88,95.45759016976946,1.0
22400035,1610612764,WAS,95.45759016976946,88,91,108,104.56264730987836,0.0
22400036,1610612748,MIA,81.70598881707745,80,77,92,76.94038925610741,0.0
22400036,1610612749,MIL,76.94038925610741,92,77,80,81.70598881707745,1.0
22400037,1610612745,HOU,103.97921366045254,105,99,93,106.06808362181495,1.0
22400037,1610612750,MIN,106.06808362181495,93,98,105,103.97921366045254,0.0
22400038,1610612759,SAS,105.89381667000777,108,93,99,93.54299420948801,1.0
22400038,1610612762,UTA,93.54299420948801,99,84,108,105.89381667000777,0.0
22400039,1610612747,LAL,97.68488719289444,82,85,119,107.05129227314069,0.0
22400039,1610612756,PHX,107.05129227314069,119,99,82,97.68488719289444,1.0
22400040,1610612752,NYK,93.63904643922852,84,81,87,93.28723722132194,0.0
22400040,1610612766,CHA,93.28723722132194,87,89,84,93.63904643922852,1.0
22400041,1610612737,ATL,92.03397244837636,102,85,87,103.65665138797047,1.0
22400041,1610612739,CLE,103.65665138797047,87,93,102,92.03397244837636,0.0
22400042,1610612740,NOP,96.65827752976097,85,91,106,110.76957982518746,0.0
22400042,1610612763,MEM,110.76957982518746,106,96,85,96.65827752976097,1.0
22400043,1610612751,BKN,86.28364516905006,90,77,106,97.42028195876588,0.0
22400043,1610612753,ORL,97.42028195876588,106,83,90,86.28364516905006,1.0
22400044,1610612746,LAC,91.67568471893006,82,84,77,80.65918400155654,1.0
22400044,1610612750,MIN,80.65918400155654,77,75,82,91.67568471893006,0.0
22400045,1610612754,IND,88.88715239679402,94,85,114,94.71245271648202,0.0
22400045,1610612765,DET,94.71245271648202,114,83,94,88.88715239679402,1.0
22400046,1610612748,MIA,103.60297251055398,107,94,97,91.51240538897979,1.0
22400046,1610612761,TOR,91.51240538897979,97,80,107,103.60297251055398,0.0
22400047,1610612738,BOS,109.06364576280694,121,98,116,110.17486692390229,1.0
22400047,1610612741,CHI,110.17486692390229,116,93,121,109.06364576280694,0.0
22400048,1610612747,LAL,72.81887459016441,77,73,89,96.09691480061323,0.0
22400048,1610612760,OKC,96.09691480061323,89,93,77,72.81887459016441,1.0
22400049,1610612757,POR,103.3178675854469,103,90,85,87.11675071192354,1.0
22400049,1610612758,SAC,87.11675071192354,85,78,103,103.3178675854469,0.0
22400050,1610612755,PHI,90.27725922955203,92,82,81,83.1104602967295,1.0
22400050,1610612766,CHA,83.1104602967295,81,77,92,90.27725922955203,0.0
22400051,1610612739,CLE,102.32829208273718,102,89,68,86.93832431498018,1.0
22400051,1610612764,WAS,86.93832431498018,68,83,102,102.32829208273718,0.0
22400052,1610612749,MIL,84.45797560052237,113,80,91,91.26826759730459,1.0
22400052,1610612765,DET,91.26826759730459,91,87,113,84.45797560052237,0.0
22400053,1610612752,NYK,93.29333651569118,101,85,85,102.05697992935721,1.0
22400053,1610612753,ORL,102.05697992935721,85,87,101,93.29333651569118,0.0
22400054,1610612754,IND,95.27773370966555,88,84,101,92.86577640489206,0.0
22400054,1610612761,TOR,92.86577640489206,101,81,88,95.27773370966555,1.0
22400055,1610612760,OKC,118.7900948827264,123,102,89,78.94418081428407,1.0
22400055,1610612762,UTA,78.94418081428407,89,70,123,118.7900948827264,0.0
22400056,1610612742,DAL,89.46951362420835,91,81,103,105.05358912300044,0.0
22400056,1610612763,MEM,105.05358912300044,103,97,91,89.46951362420835,1.0
22400057,1610612756,PHX,80.412652533178,87,78,78,105.3661980956178,1.0
22400057,1610612759,SAS,105.3661980956178,78,100,87,80.412652533178,0.0
22400058,1610612743,DEN,86.8587739370345,91,79,100,102.82456714711296,0.0
22400058,1610612744,GSW,102.82456714711296,100,95,91,86.8587739370345,1.0
22400059,1610612745,HOU,100.99320048254226,96,93,108,98.47037120481167,0.0
22400059,1610612758,SAC,98.47037120481167,108,91,96,100.99320048254226,1.0
22400060,1610612746,LAC,88.723489812026,113,85,92,85.34336784942172,1.0
22400060,1610612757,POR,85.34336784942172,92,80,113,88.723489812026,0.0
22400061,1610612738,BOS,100.85832713282976,125,95,97,76.67667775513026,1.0
22400061,1610612752,NYK,76.67667775513026,97,78,125,100.85832713282976,0.0
22400062,1610612747,LAL,102.39183011458825,89,95,83,96.02974316886895,1.0
22400062,1610612750,MIN,96.02974316886895,83,85,89,102.39183011458825,0.0
22400063,1610612754,IND,88.42691248591844,93,83,85,97.25732579654873,1.0
22400063,1610612765,DET,97.25732579654873,85,88,93,88.42691248591844,0.0
22400064,1610612737,ATL,95.92676438225016,87,80,97,99.83274771366892,0.0
22400064,1610612751,BKN,99.83274771366892,97,91,87,95.92676438225016,1.0
22400065,1610612748,MIA,91.64363979752969,75,82,100,111.70950186158171,0.0
22400065,1610612753,ORL,111.70950186158171,100,96,75,91.64363979752969,1.0
22400066,1610612749,MIL,96.67584712122947,102,80,90,105.769819126222,1.0
22400066,1610612755,PHI,105.769819126222,90,98,102,96.67584712122947,0.0
22400067,1610612739,CLE,101.18341712179374,116,87,84,88.41394105353386,1.0
22400067,1610612761,TOR,88.41394105353386,84,86,116,101.18341712179374,0.0
22400068,1610612745,HOU,106.28719437185413,89,103,91,89.36452444100719,0.0
22400068,1610612766,CHA,89.36452444100719,91,85,89,106.28719437185413,1.0
22400069,1610612740,NOP,106.1480285856477,104,97,94,98.21528256069892,1.0
22400069,1610612741,CHI,98.21528256069892,94,86,104,106.1480285856477,0.0
22400070,1610612762,UTA,86.05795086885558,90,85,103,101.91255952826971,0.0
22400070,1610612763,MEM,101.91255952826971,103,91,90,86.05795086885558,1.0
22400071,1610612746,LAC,101.71848359210489,92,92,91,82.55896253535337,1.0
22400071,1610612756,PHX,82.55896253535337,91,78,92,101.71848359210489,0.0
22400072,1610612744,GSW,116.88459313066089,116,93,80,107.91901588673078,1.0
22400072,1610612757,POR,107.91901588673078,80,92,116,116.88459313066089,0.0
22400073,1610612738,BOS,96.84083452201146,101,90,89,105.77194898937223,1.0
22400073,1610612764,WAS,105.77194898937223,89,95,101,96.84083452201146,0.0
22400074,1610612742,DAL,111.97719713136274,103,102,90,93.94525692680038,1.0
22400074,1610612759,SAS,93.94525692680038,90,86,103,111.97719713136274,0.0
22400075,1610612743,DEN,113.73675538036038,77,98,94,111.39688983093858,0.0
22400075,1610612760,OKC,111.39688983093858,94,101,77,113.73675538036038,1.0
22400076,1610612750,MIN,89.1065232637892,102,86,87,78.33623037252592,1.0
22400076,1610612758,SAC,78.33623037252592,87,82,102,89.1065232637892,0.0
22400077,1610612751,BKN,86.81808918168277,84,83,93,85.48765906077456,0.0
22400077,1610612753,ORL,85.48765906077456,93,75,84,86.81808918168277,1.0
22400078,1610612755,PHI,78.84712378900674,67,76,76,90.91615799613186,0.0
22400078,1610612761,TOR,90.91615799613186,76,76,67,78.84712378900674,1.0
22400079,1610612737,ATL,89.32868546946338,92,81,95,105.50675278651862,0.0
22400079,1610612766,CHA,105.50675278651862,95,96,92,89.32868546946338,1.0
22400080,1610612739,CLE,97.24698140304766,97,82,89,85.09428170490125,1.0
22400080,1610612765,DET,85.09428170490125,89,81,97,97.24698140304766,0.0
22400081,1610612752,NYK,93.82241973437138,100,84,85,94.62508825698781,1.0
22400081,1610612754,IND,94.62508825698781,85,83,100,93.82241973437138,0.0
22400082,1610612745,HOU,105.69285382223674,103,98,86,94.73524422689215,1.0
22400082,1610612763,MEM,94.73524422689215,86,91,103,105.69285382223674,0.0
22400083,1610612741,CHI,100.1563280098529,113,96,105,100.11731401828483,1.0
22400083,1610612749,MIL,100.11731401828483,105,93,113,100.1563280098529,0.0
22400084,1610612744,GSW,119.50899732919211,122,106,67,97.88055604981139,1.0
22400084,1610612762,UTA,97.88055604981139,67,92,122,119.50899732919211,0.0
22400085,1610612747,LAL,88.18223680564037,94,75,101,87.46341611613842,0.0
22400085,1610612756,PHX,87.46341611613842,101,82,94,88.18223680564037,1.0
22400086,1610612740,NOP,92.18613424044426,84,86,87,103.28338552374984,0.0
22400086,1610612757,POR,103.28338552374984,87,90,84,92.18613424044426,1.0
22400087,1610612743,DEN,93.60877722575593,84,87,92,87.85857206286659,0.0
22400087,1610612746,LAC,87.85857206286659,92,82,84,93.60877722575593,1.0
22400088,1610612748,MIA,92.22538463669007,94,86,91,94.63546805560685,1.0
22400088,1610612766,CHA,94.63546805560685,91,89,94,92.22538463669007,0.0
22400089,1610612738,BOS,93.65166908007615,98,90,100,91.91100540483957,0.0
22400089,1610612765,DET,91.91100540483957,100,88,98,93.65166908007615,1.0
22400090,1610612739,CLE,98.57498432495494,112,88,89,99.75105697257901,1.0
22400090,1610612764,WAS,99.75105697257901,89,96,112,98.57498432495494,0.0
22400091,1610612741,CHI,100.23505613290152,79,92,98,124.82619705769413,0.0
22400091,1610612760,OKC,124.82619705769413,98,107,79,100.23505613290152,1.0
22400092,1610612753,ORL,91.44333557550867,91,87,105,96.22097442283491,0.0
22400092,1610612763,MEM,96.22097442283491,105,86,91,91.44333557550867,1.0
22400093,1610612750,MIN,88.65305678932464,92,83,92,93.62885412703895,0.5
22400093,1610612761,TOR,93.62885412703895,92,90,92,88.65305678932464,0.5
22400094,1610612745,HOU,99.8139567396205,89,92,86,92.06774962231263,1.0
22400094,1610612759,SAS,92.06774962231263,86,79,89,99.8139567396205,0.0
22400095,1610612742,DAL,97.40789709503373,87,93,86,82.83597394031239,1.0
22400095,1610612756,PHX,82.83597394031239,86,80,87,97.40789709503373,0.0
22400096,1610612747,LAL,104.59459977387489,110,92,105,99.28031337922404,1.0
22400096,1610612758,SAC,99.28031337922404,105,88,110,104.59459977387489,0.0
22400097,1610612754,IND,87.12774765313011,91,84,95,98.9340993190577,0.0
22400097,1610612755,PHI,98.9340993190577,95,98,91,87.12774765313011,1.0
22400098,1610612749,MIL,79.06127890559108,76,74,94,96.97113466381887,0.0
22400098,1610612751,BKN,96.97113466381887,94,91,76,79.06127890559108,1.0
22400099,1610612740,NOP,93.03651879707311,84,88,100,108.79746638203773,0.0
22400099,1610612757,POR,108.79746638203773,100,93,84,93.03651879707311,1.0
22400100,1610612737,ATL,95.5016389355198,82,91,104,104.21673751472419,0.0
22400100,1610612760,OKC,104.21673751472419,104,89,82,95.5016389355198,1.0
22400101,1610612744,GSW,92.28538457205948,90,88,94,95.09953557281547,0.0
22400101,1610612746,LAC,95.09953557281547,94,90,90,92.28538457205948,1.0
22400102,1610612753,ORL,93.71617020545308,91,83,95,92.81207882665741,0.0
22400102,1610612754,IND,92.81207882665741,95,88,91,93.71617020545308,1.0
22400103,1610612737,ATL,92.0978460727287,93,81,103,99.83814374923767,0.0
22400103,1610612764,WAS,99.83814374923767,103,91,93,92.0978460727287,1.0
22400104,1610612738,BOS,86.25440167400289,104,87,82,83.49781690740951,1.0
22400104,1610612749,MIL,83.49781690740951,82,82,104,86.25440167400289,0.0
22400105,1610612748,MIA,100.50653786734108,91,88,84,102.59032745750427,1.0
22400105,1610612765,DET,102.59032745750427,84,91,91,100.50653786734108,0.0
22400106,1610612739,CLE,91.80404496439404,90,82,89,93.93968560834053,1.0
22400106,1610612752,NYK,93.93968560834053,89,90,90,91.80404496439404,0.0
22400107,1610612743,DEN,101.18903470285045,103,96,108,118.87633828728883,0.0
22400107,1610612761,TOR,118.87633828728883,108,109,103,101.18903470285045,1.0
22400108,1610612741,CHI,108.79725486835784,115,100,116,123.75903354773578,0.0
22400108,1610612763,MEM,123.75903354773578,116,111,115,108.79725486835784,1.0
22400109,1610612745,HOU,89.92182517097976,85,85,84,102.31471272952325,1.0
22400109,1610612759,SAS,102.31471272952325,84,87,85,89.92182517097976,0.0
22400110,1610612742,DAL,109.65074919817235,97,95,78,103.74194494780703,1.0
22400110,1610612762,UTA,103.74194494780703,78,92,97,109.65074919817235,0.0
22400111,1610612747,LAL,93.83268007248179,92,94,91,84.96770727146554,1.0
22400111,1610612756,PHX,84.96770727146554,91,87,92,93.83268007248179,0.0
22400112,1610612757,POR,89.20161605872664,74,83,88,82.89972108677232,0.0
22400112,1610612758,SAC,82.89972108677232,88,81,74,89.20161605872664,1.0
22400113,1610612743,DEN,95.53331229215486,105,89,118,102.7968979351487,0.0
22400113,1610612751,BKN,102.7968979351487,118,96,105,95.53331229215486,1.0
22400114,1610612742,DAL,96.32556105513707,106,93,97,84.57929466732665,1.0
22400114,1610612750,MIN,84.57929466732665,97,77,106,96.32556105513707,0.0
22400115,1610612758,SAC,101.27101692142563,104,92,84,98.2798974094374,1.0
22400115,1610612762,UTA,98.2798974094374,84,89,104,101.27101692142563,0.0
22400116,1610612740,NOP,77.79418854899338,89,74,113,106.31019662342594,0.0
22400116,1610612744,GSW,106.31019662342594,113,97,89,77.79418854899338,1.0
22400117,1610612761,TOR,104.96440136707379,113,91,118,97.74351780678917,0.0
22400117,1610612766,CHA,97.74351780678917,118,94,113,104.96440136707379,1.0
22400118,1610612739,CLE,120.49472143695236,129,97,82,86.1956996370337,1.0
22400118,1610612747,LAL,86.1956996370337,82,77,129,120.49472143695236,0.0
22400119,1610612738,BOS,114.59666667662118,107,109,115,106.86317268225619,0.0
22400119,1610612754,IND,106.86317268225619,115,104,107,114.59666667662118,1.0
22400120,1610612755,PHI,84.08634789309885,74,79,87,89.69028475351251,0.0
22400120,1610612765,DET,89.69028475351251,87,78,74,84.08634789309885,1.0
22400121,1610612737,ATL,104.16120645627345,102,95,110,103.43981228099645,0.0
22400121,1610612764,WAS,103.43981228099645,110,89,102,104.16120645627345,1.0
22400122,1610612748,MIA,84.19126795677263,91,81,98,83.21163639738432,0.0
22400122,1610612752,NYK,83.21163639738432,98,82,91,84.19126795677263,1.0
22400123,1610612741,CHI,90.85975821238944,85,84,81,96.86337766910003,1.0
22400123,1610612753,ORL,96.86337766910003,81,86,85,90.85975821238944,0.0
22400124,1610612751,BKN,85.8357764841113,97,80,84,92.37938119675664,1.0
22400124,1610612763,MEM,92.37938119675664,84,81,97,85.8357764841113,0.0
22400125,1610612759,SAS,91.75201353124186,82,85,99,97.40928885612348,0.0
22400125,1610612760,OKC,97.40928885612348,99,89,82,91.75201353124186,1.0
22400126,1610612740,NOP,92.08581674263358,77,90,95,94.04424007199192,0.0
22400126,1610612744,GSW,94.04424007199192,95,87,77,92.08581674263358,1.0
22400127,1610612746,LAC,96.80115803256018,95,90,96,100.88803632348231,0.0
22400127,1610612757,POR,100.88803632348231,96,92,95,96.80115803256018,1.0
22400128,1610612749,MIL,108.78366150189129,91,96,94,95.74181800168114,0.0
22400128,1610612763,MEM,95.74181800168114,94,82,91,108.78366150189129,1.0
22400129,1610612742,DAL,92.01383835020108,88,85,88,104.64372747460632,0.5
22400129,1610612745,HOU,104.64372747460632,88,97,88,92.01383835020108,0.5
22400130,1610612759,SAS,102.84873918924373,88,92,71,85.89245693524026,1.0
22400130,1610612762,UTA,85.89245693524026,71,82,88,102.84873918924373,0.0
22400131,1610612746,LAC,101.52206654178646,102,93,102,89.13354504018402,0.5
22400131,1610612756,PHX,89.13354504018402,102,82,102,101.52206654178646,0.5
22400132,1610612738,BOS,96.68322766413159,95,86,103,98.11998800047493,0.0
22400132,1610612766,CHA,98.11998800047493,103,91,95,96.68322766413159,1.0
22400133,1610612739,CLE,97.88766720721232,103,87,93,99.31221041453183,1.0
22400133,1610612753,ORL,99.31221041453183,93,90,103,97.88766720721232,0.0
22400134,1610612752,NYK,110.47690460617765,122,101,93,84.90109943624563,1.0
22400134,1610612765,DET,84.90109943624563,93,81,122,110.47690460617765,0.0
22400135,1610612737,ATL,108.82325976550959,101,92,97,98.73064823503191,1.0
22400135,1610612758,SAC,98.73064823503191,97,89,101,108.82325976550959,0.0
22400136,1610612741,CHI,93.89579452314018,93,88,109,107.84465793615439,0.0
22400136,1610612751,BKN,107.84465793615439,109,94,93,93.89579452314018,1.0
22400137,1610612747,LAL,99.07081973322884,95,88,114,121.93241895855856,0.0
22400137,1610612761,TOR,121.93241895855856,114,107,95,99.07081973322884,1.0
22400138,1610612740,NOP,113.28233983070984,110,101,108,104.18304208685272,1.0
22400138,1610612754,IND,104.18304208685272,108,89,110,113.28233983070984,0.0
22400139,1610612743,DEN,100.53218186702586,93,92,104,93.66693621891022,0.0
22400139,1610612750,MIN,93.66693621891022,104,83,93,100.53218186702586,1.0
22400140,1610612757,POR,84.62851537132283,93,83,121,101.03970578549588,0.0
22400140,1610612760,OKC,101.03970578549588,121,95,93,84.62851537132283,1.0
22400141,1610612738,BOS,92.37417341794357,88,82,97,93.24046607763246,0.0
22400141,1610612766,CHA,93.24046607763246,97,91,88,92.37417341794357,1.0
22400142,1610612755,PHI,99.78715992284012,91,89,108,101.6023154546511,0.0
22400142,1610612763,MEM,101.6023154546511,108,87,91,99.78715992284012,1.0
22400143,1610612758,SAC,111.25732485524713,102,100,109,109.78838151009803,0.0
22400143,1610612761,TOR,109.78838151009803,109,95,102,111.25732485524713,1.0
22400144,1610612744,GSW,78.58984504377209,95,78,103,121.0443911180905,0.0
22400144,1610612745,HOU,121.0443911180905,103,107,95,78.58984504377209,1.0
22400145,1610612739,CLE,101.0332407787072,103,91,104,93.56603208218449,0.0
22400145,1610612749,MIL,93.56603208218449,104,89,103,101.0332407787072,1.0
22400146,1610612750,MIN,98.35173471316364,89,82,99,95.3457227566183,0.0
22400146,1610612759,SAS,95.3457227566183,99,83,89,98.35173471316364,1.0
22400147,1610612748,MIA,107.27133147956422,101,102,83,97.22993362477969,1.0
22400147,1610612764,WAS,97.22993362477969,83,91,101,107.27133147956422,0.0
22400148,1610612743,DEN,111.29173399430117,112,99,77,81.33928869742566,1.0
22400148,1610612762,UTA,81.33928869742566,77,77,112,111.29173399430117,0.0
22400149,1610612756,PHX,95.74792390504469,87,93,88,116.20661821687699,0.0
22400149,1610612757,POR,116.20661821687699,88,111,87,95.74792390504469,1.0
22400150,1610612746,LAC,82.11558574174403,75,79,88,87.00051850395339,0.0
22400150,1610612760,OKC,87.00051850395339,88,84,75,82.11558574174403,1.0
22400151,1610612751,BKN,76.47734858652406,73,71,85,84.17316251045112,0.0
22400151,1610612765,DET,84.17316251045112,85,77,73,76.47734858652406,1.0
22400152,1610612737,ATL,99.73884599203384,115,88,94,93.97830574703568,1.0
22400152,1610612740,NOP,93.97830574703568,94,90,115,99.73884599203384,0.0
22400153,1610612742,DAL,92.62534755494546,94,85,70,99.52827761008017,1.0
22400153,1610612753,ORL,99.52827761008017,70,93,94,92.62534755494546,0.0
22400154,1610612739,CLE,104.54380236993364,109,91,101,85.76172751573104,1.0
22400154,1610612749,MIL,85.76172751573104,101,86,109,104.54380236993364,0.0
22400155,1610612744,GSW,107.85301490888475,100,97,94,106.54015826334627,1.0
22400155,1610612764,WAS,106.54015826334627,94,96,100,107.85301490888475,0.0
22400156,1610612747,LAL,91.98954066889512,83,85,98,102.97594789092368,0.0
22400156,1610612765,DET,102.97594789092368,98,96,83,91.98954066889512,1.0
22400157,1610612737,ATL,96.65811380736808,80,89,114,114.59145335699489,0.0
22400157,1610612738,BOS,114.59145335699489,114,99,80,96.65811380736808,1.0
22400158,1610612751,BKN,90.45983442374117,93,84,94,102.08286494764388,0.0
22400158,1610612763,MEM,102.08286494764388,94,91,93,90.45983442374117,1.0
22400159,1610612748,MIA,85.2784929071711,89,85,98,84.58147731577192,0.0
22400159,1610612758,SAC,84.58147731577192,98,86,89,85.2784929071711,1.0
22400160,1610612741,CHI,110.92831904111084,104,95,112,101.51970492619068,0.0
22400160,1610612762,UTA,101.51970492619068,112,89,104,110.92831904111084,1.0
22400161,1610612745,HOU,89.00300225741198,94,88,79,86.28751527859235,1.0
22400161,1610612752,NYK,86.28751527859235,79,88,94,89.00300225741198,0.0
22400162,1610612750,MIN,89.99815944384095,96,79,80,92.11299574144464,1.0
22400162,1610612766,CHA,92.11299574144464,80,88,96,89.99815944384095,0.0
22400163,1610612753,ORL,90.72749782433652,63,82,90,91.78510368057809,0.0
22400163,1610612760,OKC,91.78510368057809,90,85,63,90.72749782433652,1.0
22400164,1610612740,NOP,86.76938450892392,86,84,102,97.46356504416248,0.0
22400164,1610612757,POR,97.46356504416248,102,84,86,86.76938450892392,1.0
22400165,1610612742,DAL,99.24481048528534,107,89,121,104.41332134854134,0.0
22400165,1610612754,IND,104.41332134854134,121,95,107,99.24481048528534,1.0
22400166,1610612743,DEN,93.21854534759085,92,83,107,114.67222041271386,0.0
22400166,1610612761,TOR,114.67222041271386,107,103,92,93.21854534759085,1.0
22400167,1610612755,PHI,93.89212706283041,100,87,95,88.3149748560209,1.0
22400167,1610612756,PHX,88.3149748560209,95,82,100,93.89212706283041,0.0
22400168,1610612746,LAC,97.46973956538542,101,90,87,93.49275602857986,1.0
22400168,1610612759,SAS,93.49275602857986,87,86,101,97.46973956538542,0.0
22400169,1610612765,DET,107.14134654641741,102,94,92,98.39603289903384,1.0
22400169,1610612766,CHA,98.39603289903384,92,90,102,107.14134654641741,0.0
22400170,1610612753,ORL,93.16523585572715,91,82,94,78.1535114054804,0.0
22400170,1610612754,IND,78.1535114054804,94,76,91,93.16523585572715,1.0
22400171,1610612737,ATL,113.46655505138659,105,100,104,94.67823398360889,1.0
22400171,1610612752,NYK,94.67823398360889,104,84,105,113.46655505138659,0.0
22400172,1610612738,BOS,96.13777360290071,95,90,98,96.479090217416,0.0
22400172,1610612744,GSW,96.479090217416,98,91,95,96.13777360290071,1.0
22400173,1610612745,HOU,101.75775506945571,118,96,88,82.15091937122185,1.0
22400173,1610612759,SAS,82.15091937122185,88,83,118,101.75775506945571,0.0
22400174,1610612747,LAL,102.69815637931426,97,93,113,101.0348227555635,0.0
22400174,1610612763,MEM,101.0348227555635,113,93,97,102.69815637931426,1.0
22400175,1610612739,CLE,111.20160282154475,121,96,97,90.04129791625863,1.0
22400175,1610612740,NOP,90.04129791625863,97,88,121,111.20160282154475,0.0
22400176,1610612741,CHI,98.28452709685135,84,86,102,109.89096057530183,0.0
22400176,1610612742,DAL,109.89096057530183,102,93,84,98.28452709685135,1.0
22400177,1610612743,DEN,97.63888344200714,100,89,104,112.3484001909323,0.0
22400177,1610612760,OKC,112.3484001909323,104,100,100,97.63888344200714,1.0
22400178,1610612748,MIA,99.2750682327812,93,92,102,87.64661613085747,0.0
22400178,1610612756,PHX,87.64661613085747,102,84,93,99.2750682327812,1.0
22400179,1610612746,LAC,84.57923440722212,94,72,87,82.22811517038062,1.0
22400179,1610612755,PHI,82.22811517038062,87,73,94,84.57923440722212,0.0
22400180,1610612758,SAC,94.19746045045271,94,90,96,97.11463044501278,0.0
22400180,1610612761,TOR,97.11463044501278,96,88,94,94.19746045045271,1.0
22400181,1610612741,CHI,97.91491619043026,109,88,118,109.36041925554142,0.0
22400181,1610612750,MIN,109.36041925554142,118,93,109,97.91491619043026,1.0
22400182,1610612749,MIL,100.35321655922964,101,84,83,83.91659115900342,1.0
22400182,1610612762,UTA,83.91659115900342,83,77,101,100.35321655922964,0.0
22400183,1610612757,POR,99.01909581479718,91,86,104,97.83799856345424,0.0
22400183,1610612759,SAS,97.83799856345424,104,82,91,99.01909581479718,1.0
22400184,1610612754,IND,96.88488249846004,75,83,93,98.26039820104836,0.0
22400184,1610612766,CHA,98.26039820104836,93,90,75,96.88488249846004,1.0
22400185,1610612737,ATL,101.36468694006791,103,97,101,84.59111544184316,1.0
22400185,1610612765,DET,84.59111544184316,101,86,103,101.36468694006791,0.0
22400186,1610612740,NOP,84.06648831696262,74,84,98,102.06221844703244,0.0
22400186,1610612753,ORL,102.06221844703244,98,86,74,84.06648831696262,1.0
22400187,1610612738,BOS,97.6958704392682,92,90,92,101.15278409696417,0.5
22400187,1610612751,BKN,101.15278409696417,92,100,92,97.6958704392682,0.5
22400188,1610612739,CLE,100.37891296097787,112,85,107,111.74159589596346,1.0
22400188,1610612744,GSW,111.74159589596346,107,98,112,100.37891296097787,0.0
22400189,1610612749,MIL,92.7090032059343,79,83,100,107.15480562601938,0.0
22400189,1610612752,NYK,107.15480562601938,100,91,79,92.7090032059343,1.0
22400190,1610612742,DAL,85.70174344527861,93,80,101,93.69260554979066,0.0
22400190,1610612756,PHX,93.69260554979066,101,86,93,85.70174344527861,1.0
22400191,1610612763,MEM,110.22287650970061,106,97,85,107.11726966128046,1.0
22400191,1610612764,WAS,107.11726966128046,85,93,106,110.22287650970061,0.0
22400192,1610612745,HOU,91.96218699889538,89,90,106,94.4347932964113,0.0
22400192,1610612760,OKC,94.4347932964113,106,90,89,91.96218699889538,1.0
22400193,1610612750,MIN,107.74078113901194,116,97,84,96.72490408042411,1.0
22400193,1610612757,POR,96.72490408042411,84,91,116,107.74078113901194,0.0
22400194,1610612743,DEN,92.74734250928125,118,81,112,103.95354546354078,1.0
22400194,1610612748,MIA,103.95354546354078,112,94,118,92.74734250928125,0.0
22400195,1610612747,LAL,96.53988596793386,104,85,91,101.77852748716792,1.0
22400195,1610612755,PHI,101.77852748716792,91,96,104,96.53988596793386,0.0
22400196,1610612746,LAC,82.28315885610323,86,81,77,78.52490645247462,1.0
22400196,1610612758,SAC,78.52490645247462,77,78,86,82.28315885610323,0.0
22400197,1610612759,SAS,95.67000710053804,93,85,86,92.94805327851468,1.0
22400197,1610612762,UTA,92.94805327851468,86,82,93,95.67000710053804,0.0
22400198,1610612737,ATL,102.70009482164352,91,89,105,107.41485739650143,0.0
22400198,1610612741,CHI,107.41485739650143,105,92,91,102.70009482164352,1.0
22400199,1610612739,CLE,88.1317370886589,90,74,83,80.00397449219442,1.0
22400199,1610612751,BKN,80.00397449219442,83,76,90,88.1317370886589,0.0
22400200,1610612746,LAC,79.67076532187954,80,76,91,102.85591404812716,0.0
22400200,1610612761,TOR,102.85591404812716,91,95,80,79.67076532187954,1.0
22400201,1610612745,HOU,96.53060383489128,83,93,83,85.63172357575394,0.5
22400201,1610612765,DET,85.63172357575394,83,84,83,96.53060383489128,0.5
22400202,1610612738,BOS,92.56173426503183,89,86,91,87.60859446678215,0.0
22400202,1610612749,MIL,87.60859446678215,91,81,89,92.56173426503183,1.0
22400203,1610612752,NYK,90.06223348348207,99,83,111,92.8957697813255,0.0
22400203,1610612754,IND,92.8957697813255,111,88,99,90.06223348348207,1.0
22400204,1610612753,ORL,98.114173857197,99,91,76,72.433936857653,1.0
22400204,1610612764,WAS,72.433936857653,76,72,99,98.114173857197,0.0
22400205,1610612755,PHI,90.75352104530067,87,84,86,105.95889612590126,1.0
22400205,1610612766,CHA,105.95889612590126,86,95,87,90.75352104530067,0.0
22400206,1610612748,MIA,81.85582957322862,79,77,83,102.2776783357289,0.0
22400206,1610612750,MIN,102.2776783357289,83,88,79,81.85582957322862,1.0
22400207,1610612744,GSW,100.26656242440605,111,89,95,105.32434038701209,1.0
22400207,1610612760,OKC,105.32434038701209,95,94,111,100.26656242440605,0.0
22400208,1610612742,DAL,95.9313829620496,106,90,104,96.40974196734389,1.0
22400208,1610612743,DEN,96.40974196734389,104,89,106,95.9313829620496,0.0
22400209,1610612756,PHX,118.16212277884851,106,105,111,110.51596605373669,0.0
22400209,1610612758,SAC,110.51596605373669,111,102,106,118.16212277884851,1.0
22400210,1610612757,POR,114.78649796838219,72,100,110,94.93908785754752,0.0
22400210,1610612763,MEM,94.93908785754752,110,85,72,114.78649796838219,1.0
22400211,1610612747,LAL,96.90475900662054,100,86,84,85.01027415406557,1.0
22400211,1610612761,TOR,85.01027415406557,84,82,100,96.90475900662054,0.0
22400212,1610612739,CLE,107.53435614009264,101,97,100,94.01003438668204,1.0
22400212,1610612741,CHI,94.01003438668204,100,87,101,107.53435614009264,0.0
22400213,1610612745,HOU,94.98461395312538,85,87,83,90.92557058388236,1.0
22400213,1610612764,WAS,90.92557058388236,83,88,85,94.98461395312538,0.0
22400214,1610612740,NOP,105.7625396588412,94,94,91,89.87983851770656,1.0
22400214,1610612751,BKN,89.87983851770656,91,84,94,105.7625396588412,0.0
22400215,1610612746,LAC,87.17158856401852,108,80,112,105.18039921049949,0.0
22400215,1610612760,OKC,105.18039921049949,112,91,108,87.17158856401852,1.0
22400216,1610612758,SAC,101.14785624447278,88,91,108,97.35821711612735,0.0
22400216,1610612759,SAS,97.35821711612735,108,85,88,101.14785624447278,1.0
22400217,1610612753,ORL,90.01259185355816,81,85,74,84.9709041720575,1.0
22400217,1610612754,IND,84.9709041720575,74,84,81,90.01259185355816,0.0
22400218,1610612738,BOS,99.93202850998175,122,93,99,84.93376763581598,1.0
22400218,1610612751,BKN,84.93376763581598,99,79,122,99.93202850998175,0.0
22400219,1610612741,CHI,94.02024112030198,102,82,111,106.2017402490834,0.0
22400219,1610612752,NYK,106.2017402490834,111,94,102,94.02024112030198,1.0
22400220,1610612739,CLE,98.98941865280291,100,85,96,97.00860830696234,1.0
22400220,1610612755,PHI,97.00860830696234,96,92,100,98.98941865280291,0.0
22400221,1610612740,NOP,87.41395495420686,77,86,93,99.06177939128742,0.0
22400221,1610612760,OKC,99.06177939128742,93,88,77,87.41395495420686,1.0
22400222,1610612745,HOU,108.01967522590559,99,97,90,105.09940777897384,1.0
22400222,1610612746,LAC,105.09940777897384,90,96,99,108.01967522590559,0.0
22400223,1610612749,MIL,105.23153383579671,105,95,110,112.14648039041421,0.0
22400223,1610612765,DET,112.14648039041421,110,100,105,105.23153383579671,1.0
22400224,1610612759,SAS,104.98642700799444,114,92,116,109.51979122033345,0.0
22400224,1610612764,WAS,109.51979122033345,116,95,114,104.98642700799444,1.0
22400225,1610612747,LAL,91.07913690786509,106,85,96,95.31064135990559,1.0
22400225,1610612763,MEM,95.31064135990559,96,89,106,91.07913690786509,0.0
22400226,1610612750,MIN,106.32485466452383,81,94,85,91.59930634863571,0.0
22400226,1610612757,POR,91.59930634863571,85,83,81,106.32485466452383,1.0
22400227,1610612756,PHX,107.38225338931109,85,97,115,84.89730093260164,0.0
22400227,1610612758,SAC,84.89730093260164,115,78,85,107.38225338931109,1.0
22400228,1610612742,DAL,93.38318879201279,98,85,99,86.82649908894274,0.0
22400228,1610612762,UTA,86.82649908894274,99,85,98,93.38318879201279,1.0
22400229,1610612749,MIL,100.46243216485057,109,92,97,104.22950523691142,1.0
22400229,1610612766,CHA,104.22950523691142,97,93,109,100.46243216485057,0.0
22400230,1610612738,BOS,102.42058252886274,109,99,109,98.01597901119075,0.5
22400230,1610612761,TOR,98.01597901119075,109,98,109,102.42058252886274,0.5
22400231,1610612740,NOP,85.96276873957969,81,83,90,98.259973038338,0.0
22400231,1610612747,LAL,98.259973038338,90,89,81,85.96276873957969,1.0
22400232,1610612742,DAL,103.53149626087291,96,94,67,90.69361645139074,1.0
22400232,1610612759,SAS,90.69361645139074,67,88,96,103.53149626087291,0.0
22400233,1610612758,SAC,88.5942625032749,103,83,86,76.06961933002512,1.0
22400233,1610612762,UTA,76.06961933002512,86,75,103,88.5942625032749,0.0
22400234,1610612750,MIN,88.08653937422895,101,80,106,85.45980528639839,0.0
22400234,1610612756,PHX,85.45980528639839,106,85,101,88.08653937422895,1.0
22400235,1610612748,MIA,94.84341458437058,91,90,101,91.37856542538697,0.0
22400235,1610612754,IND,91.37856542538697,101,85,91,94.84341458437058,1.0
22400236,1610612739,CLE,92.21758251745683,101,77,104,110.3591666314712,0.0
22400236,1610612766,CHA,110.3591666314712,104,103,101,92.21758251745683,1.0
22400237,1610612764,WAS,83.14820684373136,90,83,109,105.45950062573543,0.0
22400237,1610612765,DET,105.45950062573543,109,97,90,83.14820684373136,1.0
22400238,1610612743,DEN,89.31953978060879,80,84,95,100.89703837843167,0.0
22400238,1610612763,MEM,100.89703837843167,95,91,80,89.31953978060879,1.0
22400239,1610612737,ATL,100.76040052515762,89,85,102,109.51252671091173,0.0
22400239,1610612757,POR,109.51252671091173,102,95,89,100.76040052515762,1.0
22400240,1610612751,BKN,86.36407856845904,81,76,99,96.86324423224845,0.0
22400240,1610612752,NYK,96.86324423224845,99,88,81,86.36407856845904,1.0
22400241,1610612741,CHI,119.6886543539804,86,107,120,122.91221354956777,0.0
22400241,1610612745,HOU,122.91221354956777,120,105,86,119.6886543539804,1.0
22400242,1610612742,DAL,89.64966224999552,91,84,100,99.77264125347789,0.0
22400242,1610612760,OKC,99.77264125347789,100,87,91,89.64966224999552,1.0
22400243,1610612746,LAC,114.43971675676784,103,94,90,89.99309651532246,1.0
22400243,1610612762,UTA,89.99309651532246,90,79,103,114.43971675676784,0.0
22400244,1610612741,CHI,96.01992603073563,111,91,99,102.14278583574813,1.0
22400244,1610612765,DET,102.14278583574813,99,98,111,96.01992603073563,0.0
22400245,1610612748,MIA,102.08799562456633,85,87,80,94.28432044570312,1.0
22400245,1610612755,PHI,94.28432044570312,80,84,85,102.08799562456633,0.0
22400246,1610612752,NYK,106.03781089151546,122,91,97,103.5333236343953,1.0
22400246,1610612764,WAS,103.5333236343953,97,91,122,106.03781089151546,0.0
22400247,1610612754,IND,110.5221356292364,103,99,110,96.61960454268673,0.0
22400247,1610612761,TOR,96.61960454268673,110,82,103,110.5221356292364,1.0
22400248,1610612745,HOU,104.60617291277232,89,100,89,88.34005385416633,0.5
22400248,1610612749,MIL,88.34005385416633,89,83,89,104.60617291277232,0.5
22400249,1610612753,ORL,87.30494291487251,89,76,82,90.90049095450367,1.0
22400249,1610612756,PHX,90.90049095450367,82,83,89,87.30494291487251,0.0
22400250,1610612737,ATL,99.242829144545,94,83,94,89.13628656966806,0.5
22400250,1610612758,SAC,89.13628656966806,94,85,94,99.242829144545,0.5
22400251,1610612744,GSW,91.12062580614628,90,84,86,87.71444542227849,1.0
22400251,1610612746,LAC,87.71444542227849,86,82,90,91.12062580614628,0.0
22400252,1610612739,CLE,109.66679586587196,116,93,86,99.92319114287467,1.0
22400252,1610612740,NOP,99.92319114287467,86,92,116,109.66679586587196,0.0
22400253,1610612741,CHI,93.23612711363431,99,88,101,92.01340037107228,0.0
22400253,1610612749,MIL,92.01340037107228,101,80,99,93.23612711363431,1.0
22400254,1610612745,HOU,113.32303415078411,106,102,93,92.81908218143192,1.0
22400254,1610612754,IND,92.81908218143192,93,83,106,113.32303415078411,0.0
22400255,1610612755,PHI,93.70751144568224,89,87,101,94.78803110354413,0.0
22400255,1610612763,MEM,94.78803110354413,101,85,89,93.70751144568224,1.0
22400256,1610612757,POR,84.63899261906637,79,79,89,104.25288556077342,0.0
22400256,1610612760,OKC,104.25288556077342,89,91,79,84.63899261906637,1.0
22400257,1610612752,NYK,92.58994926781881,119,86,109,95.25557069235606,1.0
22400257,1610612756,PHX,95.25557069235606,109,92,119,92.58994926781881,0.0
22400258,1610612737,ATL,106.44431166532843,82,105,108,108.27978105307481,0.0
22400258,1610612744,GSW,108.27978105307481,108,101,82,106.44431166532843,1.0
22400259,1610612746,LAC,79.7527916163433,87,77,74,82.44397753180819,1.0
22400259,1610612753,ORL,82.44397753180819,74,75,87,79.7527916163433,0.0
22400260,1610612765,DET,103.4415459000115,101,99,108,97.13243284403383,0.0
22400260,1610612766,CHA,97.13243284403383,108,93,101,103.4415459000115,1.0
22400261,1610612750,MIN,88.48618221119104,78,80,81,81.64972389314602,0.0
22400261,1610612761,TOR,81.64972389314602,81,72,78,88.48618221119104,1.0
22400262,1610612759,SAS,105.31843668014376,91,88,95,112.36021039721015,0.0
22400262,1610612762,UTA,112.36021039721015,95,98,91,105.31843668014376,1.0
22400263,1610612747,LAL,94.9039573493039,101,87,101,96.33497847296192,0.5
22400263,1610612753,ORL,96.33497847296192,101,91,101,94.9039573493039,0.5
22400264,1610612752,NYK,108.80122716281386,95,100,107,89.68248622743191,0.0
22400264,1610612762,UTA,89.68248622743191,107,87,95,108.80122716281386,1.0
22400265,1610612753,ORL,94.16020285643043,92,87,83,78.6541691059493,1.0
22400265,1610612765,DET,78.6541691059493,83,75,92,94.16020285643043,0.0
22400266,1610612741,CHI,109.26743366040716,117,97,129,109.66758802159129,0.0
22400266,1610612763,MEM,109.66758802159129,129,96,117,109.26743366040716,1.0
22400267,1610612745,HOU,89.6683223911119,72,90,86,93.25456130558763,0.0
22400267,1610612757,POR,93.25456130558763,86,90,72,89.6683223911119,1.0
22400268,1610612749,MIL,94.67308108722963,104,89,101,106.03507619595345,1.0
22400268,1610612766,CHA,106.03507619595345,101,100,104,94.67308108722963,0.0
22400269,1610612744,GSW,112.55389727454912,86,95,89,99.82972817769674,0.0
22400269,1610612759,SAS,99.82972817769674,89,85,86,112.55389727454912,1.0
22400270,1610612743,DEN,92.10027452964147,116,82,91,91.77372165022172,1.0
22400270,1610612747,LAL,91.77372165022172,91,88,116,92.10027452964147,0.0
22400271,1610612738,BOS,87.62754215578828,95,87,89,91.678616045527,1.0
22400271,1610612750,MIN,91.678616045527,89,88,95,87.62754215578828,0.0
22400272,1610612754,IND,99.80679460020633,94,86,83,85.24853351971814,1.0
22400272,1610612764,WAS,85.24853351971814,83,79,94,99.80679460020633,0.0
22400273,1610612742,DAL,115.18196089386268,98,105,106,121.0966564188829,0.0
22400273,1610612748,MIA,121.0966564188829,106,107,98,115.18196089386268,1.0
22400274,1610612746,LAC,95.7235092676557,106,81,77,96.64842629601988,1.0
22400274,1610612755,PHI,96.64842629601988,77,86,106,95.7235092676557,0.0
22400275,1610612739,CLE,113.72779369788994,112,97,86,100.34062073964908,1.0
22400275,1610612761,TOR,100.34062073964908,86,92,112,113.72779369788994,0.0
22400276,1610612751,BKN,82.36175223211242,91,75,83,80.4865676220708,1.0
22400276,1610612758,SAC,80.4865676220708,83,77,91,82.36175223211242,0.0
22400277,1610612753,ORL,99.65803511932276,86,94,69,79.36059637762982,1.0
22400277,1610612766,CHA,79.36059637762982,69,75,86,99.65803511932276,0.0
22400278,1610612761,TOR,105.47744838213245,92,104,80,83.55236588839584,1.0
22400278,1610612765,DET,83.55236588839584,80,76,92,105.47744838213245,0.0
22400279,1610612740,NOP,103.06259501934883,99,87,103,103.53772012182867,0.0
22400279,1610612754,IND,103.53772012182867,103,91,99,103.06259501934883,1.0
22400280,1610612737,ATL,114.74441615400602,105,101,110,101.8952780021168,0.0
22400280,1610612742,DAL,101.8952780021168,110,94,105,114.74441615400602,1.0
22400281,1610612738,BOS,101.46625382681361,112,88,85,89.06610387984658,1.0
22400281,1610612746,LAC,89.06610387984658,85,90,112,101.46625382681361,0.0
22400282,1610612757,POR,110.654789850814,76,102,98,100.56556649792641,0.0
22400282,1610612763,MEM,100.56556649792641,98,87,76,110.654789850814,1.0
22400283,1610612743,DEN,100.01399579280742,93,92,131,100.85195567321993,0.0
22400283,1610612752,NYK,100.85195567321993,131,92,93,100.01399579280742,1.0
22400284,1610612744,GSW,102.4372728436715,109,93,102,91.31811709474437,1.0
22400284,1610612751,BKN,91.31811709474437,102,83,109,102.4372728436715,0.0
22400285,1610612758,SAC,81.9447279360504,92,87,110,89.39604128799719,0.0
22400285,1610612760,OKC,89.39604128799719,110,86,92,81.9447279360504,1.0
22400286,1610612748,MIA,78.48353961720535,80,73,91,98.98484627182694,0.0
22400286,1610612766,CHA,98.98484627182694,91,98,80,78.48353961720535,1.0
22400287,1610612737,ATL,107.21593814501315,112,97,103,112.62652583181249,1.0
22400287,1610612739,CLE,112.62652583181249,103,95,112,107.21593814501315,0.0
22400288,1610612754,IND,109.38849188994878,105,94,104,101.52158496183073,1.0
22400288,1610612757,POR,101.52158496183073,104,87,105,109.38849188994878,0.0
22400289,1610612741,CHI,96.16206381551214,108,87,107,99.24383646765473,1.0
22400289,1610612753,ORL,99.24383646765473,107,90,108,96.16206381551214,0.0
22400290,1610612745,HOU,105.71810255177813,90,88,98,107.03298417159084,0.0
22400290,1610612755,PHI,107.03298417159084,98,96,90,105.71810255177813,1.0
22400291,1610612746,LAC,97.21145386598062,102,89,78,89.56029549024319,1.0
22400291,1610612764,WAS,89.56029549024319,78,85,102,97.21145386598062,0.0
22400292,1610612742,DAL,91.49451537283805,113,85,87,91.63912708329988,1.0
22400292,1610612752,NYK,91.63912708329988,87,86,113,91.49451537283805,0.0
22400293,1610612763,MEM,103.76432965753304,119,93,93,93.68343850802856,1.0
22400293,1610612765,DET,93.68343850802856,93,85,119,103.76432965753304,0.0
22400294,1610612750,MIN,82.68569722975724,80,74,104,106.94235507902081,0.0
22400294,1610612758,SAC,106.94235507902081,104,94,80,82.68569722975724,1.0
22400295,1610612740,NOP,98.7073023740554,83,93,115,109.60909526412395,0.0
22400295,1610612761,TOR,109.60909526412395,115,95,83,98.7073023740554,1.0
22400296,1610612747,LAL,103.55505348144968,109,90,86,98.98173611813522,1.0
22400296,1610612759,SAS,98.98173611813522,86,85,109,103.55505348144968,0.0
22400297,1610612751,BKN,93.00685923735116,106,87,94,83.18441218841423,1.0
22400297,1610612756,PHX,83.18441218841423,94,77,106,93.00685923735116,0.0
22400298,1610612743,DEN,94.09898894260638,103,84,92,89.17195235325198,1.0
22400298,1610612762,UTA,89.17195235325198,92,90,103,94.09898894260638,0.0
22400299,1610612744,GSW,92.29526981606634,86,98,89,84.73679036067082,0.0
22400299,1610612760,OKC,84.73679036067082,89,85,86,92.29526981606634,1.0
22400300,1610612737,ATL,93.1140216064164,86,78,88,104.31292131853499,0.0
22400300,1610612766,CHA,104.31292131853499,88,94,86,93.1140216064164,1.0
22400301,1610612755,PHI,88.07876681069389,95,85,81,95.97330528751459,1.0
22400301,1610612765,DET,95.97330528751459,81,91,95,88.07876681069389,0.0
22400302,1610612749,MIL,104.10350313015125,104,86,91,99.82220666787458,1.0
22400302,1610612764,WAS,99.82220666787458,91,87,104,104.10350313015125,0.0
22400303,1610612744,GSW,104.16030033125317,90,92,94,83.57785523414678,0.0
22400303,1610612756,PHX,83.57785523414678,94,79,90,104.16030033125317,1.0
22400304,1610612742,DAL,96.66068333641194,97,90,77,98.94309100517414,1.0
22400304,1610612762,UTA,98.94309100517414,77,95,97,96.66068333641194,0.0
22400305,1610612751,BKN,84.3373966474525,68,79,75,87.79443113247584,0.0
22400305,1610612753,ORL,87.79443113247584,75,74,68,84.3373966474525,1.0
22400306,1610612754,IND,98.44410316595136,100,90,114,106.58095418725496,0.0
22400306,1610612763,MEM,106.58095418725496,114,93,100,98.44410316595136,1.0
22400307,1610612738,BOS,96.04853668103758,93,95,95,89.70456845681461,0.0
22400307,1610612739,CLE,89.70456845681461,95,80,93,96.04853668103758,1.0
22400308,1610612740,NOP,101.51673227331763,74,94,104,105.53747395947337,0.0
22400308,1610612752,NYK,105.53747395947337,104,92,74,101.51673227331763,1.0
22400309,1610612748,MIA,96.9547637079874,93,88,104,102.088698107028,0.0
22400309,1610612761,TOR,102.088698107028,104,88,93,96.9547637079874,1.0
22400310,1610612745,HOU,93.7571597988074,89,92,97,96.86861432835163,0.0
22400310,1610612760,OKC,96.86861432835163,97,94,89,93.7571597988074,1.0
22400311,1610612747,LAL,94.21148756512133,85,88,94,87.19901534346278,0.0
22400311,1610612762,UTA,87.19901534346278,94,79,85,94.21148756512133,1.0
22400312,1610612742,DAL,99.58862873158652,114,87,116,91.9323847221966,0.0
22400312,1610612757,POR,91.9323847221966,116,84,114,99.58862873158652,1.0
22400313,1610612758,SAC,102.0896953090012,106,101,107,85.69388230435995,0.0
22400313,1610612759,SAS,85.69388230435995,107,82,106,102.0896953090012,1.0
22400314,1610612743,DEN,90.96476087265519,112,88,104,90.00531086462424,1.0
22400314,1610612746,LAC,90.00531086462424,104,90,112,90.96476087265519,0.0
22400315,1610612737,ATL,118.273771565135,108,96,101,111.59988314448566,1.0
22400315,1610612740,NOP,111.59988314448566,101,100,108,118.273771565135,0.0
22400316,1610612738,BOS,94.80236678133474,97,89,70,89.43079422216888,1.0
22400316,1610612748,MIA,89.43079422216888,70,87,97,94.80236678133474,0.0
22400317,1610612741,CHI,109.24709880902962,112,92,90,107.54238471154174,1.0
22400317,1610612751,BKN,107.54238471154174,90,95,112,109.24709880902962,0.0
22400318,1610612747,LAL,82.33450133842376,70,79,97,91.71807091440422,0.0
22400318,1610612750,MIN,91.71807091440422,97,81,70,82.33450133842376,1.0
22400319,1610612738,BOS,103.50955176127523,111,94,106,86.80855923372788,1.0
22400319,1610612765,DET,86.80855923372788,106,84,111,103.50955176127523,0.0
22400320,1610612751,BKN,89.13569349173275,82,81,72,75.2736581399341,1.0
22400320,1610612754,IND,75.2736581399341,72,75,82,89.13569349173275,0.0
22400321,1610612747,LAL,100.5068855602002,79,88,128,106.92560224997193,0.0
22400321,1610612748,MIA,106.92560224997193,128,90,79,100.5068855602002,1.0
22400322,1610612753,ORL,97.64406544010654,90,84,91,92.03621510977277,0.0
22400322,1610612755,PHI,92.03621510977277,91,82,90,97.64406544010654,1.0
22400323,1610612737,ATL,114.76118179273237,99,102,81,94.09948274977864,1.0
22400323,1610612749,MIL,94.09948274977864,81,78,99,114.76118179273237,0.0
22400324,1610612746,LAC,87.95161776198735,69,83,98,92.56139620886229,0.0
22400324,1610612750,MIN,92.56139620886229,98,85,69,87.95161776198735,1.0
22400325,1610612739,CLE,105.52833829296989,116,94,98,105.78378225009637,1.0
22400325,1610612743,DEN,105.78378225009637,98,96,116,105.52833829296989,0.0
22400326,1610612742,DAL,100.81062242481947,116,89,91,103.7640189381587,1.0
22400326,1610612764,WAS,103.7640189381587,91,99,116,100.81062242481947,0.0
22400327,1610612752,NYK,92.01177344863132,100,76,95,95.69428912237608,1.0
22400327,1610612766,CHA,95.69428912237608,95,89,100,92.01177344863132,0.0
22400328,1610612760,OKC,115.55691388291591,115,102,75,99.33444502157147,1.0
22400328,1610612761,TOR,99.33444502157147,75,90,115,115.55691388291591,0.0
22400329,1610612758,SAC,97.86930570278345,86,98,89,87.41560998656995,0.0
22400329,1610612763,MEM,87.41560998656995,89,80,86,97.86930570278345,1.0
22400330,1610612740,NOP,105.51311657471277,108,95,103,92.73112940390148,1.0
22400330,1610612756,PHX,92.73112940390148,103,85,108,105.51311657471277,0.0
22400331,1610612741,CHI,99.1057549231357,121,90,96,100.56680318130961,1.0
22400331,1610612759,SAS,100.56680318130961,96,95,121,99.1057549231357,0.0
22400332,1610612744,GSW,85.76760052914878,81,86,80,94.75357151348712,1.0
22400332,1610612745,HOU,94.75357151348712,80,93,81,85.76760052914878,0.0
22400333,1610612753,ORL,85.474871565624,79,78,83,88.51245640257422,0.0
22400333,1610612755,PHI,88.51245640257422,83,79,79,85.474871565624,1.0
22400334,1610612737,ATL,111.15431456575394,117,100,118,110.28297276712985,0.0
22400334,1610612747,LAL,110.28297276712985,118,99,117,111.15431456575394,1.0
22400335,1610612738,BOS,94.17383018602729,97,87,91,91.69549085499494,1.0
22400335,1610612749,MIL,91.69549085499494,91,94,97,94.17383018602729,0.0
22400336,1610612741,CHI,109.30190677202668,113,97,122,101.93109873025793,0.0
22400336,1610612754,IND,101.93109873025793,122,92,113,109.30190677202668,1.0
22400337,1610612758,SAC,100.48978831346284,118,90,92,105.43232712005884,1.0
22400337,1610612759,SAS,105.43232712005884,92,91,118,100.48978831346284,0.0
22400338,1610612744,GSW,82.68790513391717,75,82,94,93.21011657977641,0.0
22400338,1610612750,MIN,93.21011657977641,94,88,75,82.68790513391717,1.0
22400339,1610612757,POR,109.89997066739814,88,95,120,113.89955684087411,0.0
22400339,1610612762,UTA,113.89955684087411,120,96,88,109.89997066739814,1.0
22400340,1610612739,CLE,96.96820248262932,98,84,85,93.52081591267465,1.0
22400340,1610612766,CHA,93.52081591267465,85,86,98,96.96820248262932,0.0
22400341,1610612743,DEN,99.17856521334907,97,95,106,97.47586627599594,0.0
22400341,1610612764,WAS,97.47586627599594,106,93,97,99.17856521334907,1.0
22400342,1610612740,NOP,87.4496150376097,87,79,102,98.64725381002656,0.0
22400342,1610612760,OKC,98.64725381002656,102,85,87,87.4496150376097,1.0
22400343,1610612752,NYK,87.51833382335325,95,79,104,95.57139548981168,0.0
22400343,1610612765,DET,95.57139548981168,104,83,95,87.51833382335325,1.0
22400344,1610612742,DAL,89.85199690066716,93,81,101,106.47648172755014,0.0
22400344,1610612761,TOR,106.47648172755014,101,93,93,89.85199690066716,1.0
22400345,1610612738,BOS,109.99167632910546,102,105,109,97.46876431455043,0.0
22400345,1610612763,MEM,97.46876431455043,109,94,102,109.99167632910546,1.0
22400346,1610612748,MIA,99.61440107760232,103,86,88,90.81147834903454,1.0
22400346,1610612756,PHX,90.81147834903454,88,82,103,99.61440107760232,0.0
22400347,1610612741,CHI,98.44836998943806,89,86,95,98.76749862604088,0.0
22400347,1610612755,PHI,98.76749862604088,95,92,89,98.44836998943806,1.0
22400348,1610612749,MIL,71.64252648868882,93,68,98,88.88722355896203,0.0
22400348,1610612751,BKN,88.88722355896203,98,81,93,71.64252648868882,1.0
22400349,1610612754,IND,88.43509764648043,96,82,94,84.56011484202826,1.0
22400349,1610612766,CHA,84.56011484202826,94,78,96,88.43509764648043,0.0
22400350,1610612737,ATL,115.61374768257346,91,101,124,111.1181956067152,0.0
22400350,1610612743,DEN,111.1181956067152,124,89,91,115.61374768257346,1.0
22400351,1610612739,CLE,94.02843045951472,96,86,98,91.97068697874931,0.0
22400351,1610612748,MIA,91.97068697874931,98,86,96,94.02843045951472,1.0
22400352,1610612753,ORL,92.37778953037972,96,88,91,81.73654744578425,1.0
22400352,1610612756,PHX,81.73654744578425,91,83,96,92.37778953037972,0.0
22400353,1610612763,MEM,104.52169067143076,117,96,92,106.19884432968877,1.0
22400353,1610612764,WAS,106.19884432968877,92,100,117,104.52169067143076,0.0
22400354,1610612740,NOP,108.64535835279727,99,99,96,110.22296753819664,1.0
22400354,1610612759,SAS,110.22296753819664,96,93,99,108.64535835279727,0.0
22400355,1610612744,GSW,94.51921975096627,100,90,91,78.90421186911215,1.0
22400355,1610612750,MIN,78.90421186911215,91,79,100,94.51921975096627,0.0
22400356,1610612745,HOU,87.28438627506436,95,82,93,91.67990571326617,1.0
22400356,1610612746,LAC,91.67990571326617,93,92,95,87.28438627506436,0.0
22400357,1610612758,SAC,108.33632793864092,136,100,77,89.69636913840861,1.0
22400357,1610612762,UTA,89.69636913840861,77,80,136,108.33632793864092,0.0
22400358,1610612747,LAL,90.62622133204462,89,83,79,84.89433427305936,1.0
22400358,1610612757,POR,84.89433427305936,79,84,89,90.62622133204462,0.0
22400359,1610612752,NYK,95.08986624627457,101,82,99,109.9152670260743,1.0
22400359,1610612761,TOR,109.9152670260743,99,96,101,95.08986624627457,0.0
22400360,1610612762,UTA,87.19927489223713,98,83,105,121.47390735839706,0.0
22400360,1610612765,DET,121.47390735839706,105,105,98,87.19927489223713,1.0
22400361,1610612753,ORL,81.09400270654567,81,78,90,85.17716482399699,0.0
22400361,1610612760,OKC,85.17716482399699,90,83,81,81.09400270654567,1.0
22400362,1610612764,WAS,92.96925520324932,99,83,94,120.62267184228007,1.0
22400362,1610612766,CHA,120.62267184228007,94,106,99,92.96925520324932,0.0
22400363,1610612738,BOS,103.78680894789575,90,97,103,95.88276926307516,0.0
22400363,1610612741,CHI,95.88276926307516,103,94,90,103.78680894789575,1.0
22400364,1610612751,BKN,86.44943134350825,75,82,83,96.30640321254556,0.0
22400364,1610612761,TOR,96.30640321254556,83,86,75,86.44943134350825,1.0
22400365,1610612740,NOP,92.50895295349332,95,92,117,99.19814131273588,0.0
22400365,1610612745,HOU,99.19814131273588,117,87,95,92.50895295349332,1.0
22400366,1610612744,GSW,98.81395622274528,76,90,133,108.28804735830774,0.0
22400366,1610612763,MEM,108.28804735830774,133,98,76,98.81395622274528,1.0
22400367,1610612750,MIN,99.19858325012825,99,89,120,111.9225399178095,0.0
22400367,1610612752,NYK,111.9225399178095,120,97,99,99.19858325012825,1.0
22400368,1610612742,DAL,90.55930003912856,75,86,102,91.34435819572374,0.0
22400368,1610612746,LAC,91.34435819572374,102,85,75,90.55930003912856,1.0
22400369,1610612754,IND,93.06337326755433,94,89,89,88.29350396504498,1.0
22400369,1610612756,PHX,88.29350396504498,89,82,94,93.06337326755433,0.0
22400370,1610612737,ATL,105.26023488759768,108,97,117,112.9032621520331,0.0
22400370,1610612759,SAS,112.9032621520331,117,101,108,105.26023488759768,1.0
22400371,1610612743,DEN,98.77063060373222,109,87,106,104.08431683734686,1.0
22400371,1610612757,POR,104.08431683734686,106,97,109,98.77063060373222,0.0
22400372,1610612747,LAL,94.89676533055544,88,94,85,85.14521892442797,1.0
22400372,1610612758,SAC,85.14521892442797,85,82,88,94.89676533055544,0.0
22400373,1610612755,PHI,93.09031088691137,94,83,82,86.9716423505917,1.0
22400373,1610612766,CHA,86.9716423505917,82,78,94,93.09031088691137,0.0
22400374,1610612739,CLE,104.00480314216381,112,91,90,94.22521855976017,1.0
22400374,1610612749,MIL,94.22521855976017,90,85,112,104.00480314216381,0.0
22400375,1610612748,MIA,82.38853163821338,84,83,92,86.70960940353976,0.0
22400375,1610612760,OKC,86.70960940353976,92,86,84,82.38853163821338,1.0
22400376,1610612747,LAL,85.28916515821005,89,83,88,89.30026210959605,1.0
22400376,1610612758,SAC,89.30026210959605,88,90,89,85.28916515821005,0.0
22400377,1610612748,MIA,76.50790807744914,81,75,97,90.81457604954655,0.0
22400377,1610612753,ORL,90.81457604954655,97,87,81,76.50790807744914,1.0
22400378,1610612737,ATL,89.22919057160183,92,80,118,105.98028658782044,0.0
22400378,1610612763,MEM,105.98028658782044,118,97,92,89.22919057160183,1.0
22400379,1610612751,BKN,107.95598647752632,83,94,96,93.04475330757184,0.0
22400379,1610612762,UTA,93.04475330757184,96,86,83,107.95598647752632,1.0
22400380,1610612739,CLE,109.34692934175453,118,90,79,87.68223063652209,1.0
22400380,1610612755,PHI,87.68223063652209,79,85,118,109.34692934175453,0.0
22400381,1610612738,BOS,116.2392605421108,111,100,88,109.22538655207128,1.0
22400381,1610612741,CHI,109.22538655207128,88,98,111,116.2392605421108,0.0
22400382,1610612749,MIL,104.54294372047858,108,98,90,86.32952754183827,1.0
22400382,1610612764,WAS,86.32952754183827,90,81,108,104.54294372047858,0.0
22400383,1610612744,GSW,90.24105838800553,96,87,86,95.06217205699886,1.0
22400383,1610612750,MIN,95.06217205699886,86,86,96,90.24105838800553,0.0
22400384,1610612740,NOP,92.62693269768606,80,83,91,90.29355436686349,0.0
22400384,1610612752,NYK,90.29355436686349,91,87,80,92.62693269768606,1.0
22400385,1610612742,DAL,94.6126567485636,94,88,78,84.49979800721806,1.0
22400385,1610612746,LAC,84.49979800721806,78,81,94,94.6126567485636,0.0
22400386,1610612757,POR,106.69602604442363,88,96,98,107.6659515063531,0.0
22400386,1610612759,SAS,107.6659515063531,98,93,88,106.69602604442363,1.0
22400387,1610612756,PHX,82.69997463300271,104,78,117,99.78442527432631,0.0
22400387,1610612765,DET,99.78442527432631,117,89,104,82.69997463300271,1.0
22400388,1610612745,HOU,97.41117556730363,87,89,101,107.50032316002996,0.0
22400388,1610612761,TOR,107.50032316002996,101,92,87,97.41117556730363,1.0
22400389,1610612754,IND,92.45607570912549,117,86,82,97.68334695620071,1.0
22400389,1610612758,SAC,97.68334695620071,82,96,117,92.45607570912549,0.0
22400390,1610612740,NOP,124.85285342977515,112,108,108,115.19250867027593,1.0
22400390,1610612743,DEN,115.19250867027593,108,97,112,124.85285342977515,0.0
22400391,1610612745,HOU,109.06549230442627,99,99,84,98.45011934776933,1.0
22400391,1610612766,CHA,98.45011934776933,84,89,99,109.06549230442627,0.0
22400392,1610612739,CLE,113.47441419570167,106,91,95,97.05663591159869,1.0
22400392,1610612762,UTA,97.05663591159869,95,92,106,113.47441419570167,0.0
22400393,1610612738,BOS,87.75317212373001,82,84,87,85.50100131279731,0.0
22400393,1610612753,ORL,85.50100131279731,87,83,82,87.75317212373001,1.0
22400394,1610612755,PHI,103.34761376199448,94,93,89,88.95965213922351,1.0
22400394,1610612759,SAS,88.95965213922351,89,81,94,103.34761376199448,0.0
22400395,1610612737,ATL,81.13405667491394,96,73,92,107.07325961740847,1.0
22400395,1610612750,MIN,107.07325961740847,92,91,96,81.13405667491394,0.0
22400396,1610612748,MIA,76.65014425662235,89,73,79,82.38246416519237,1.0
22400396,1610612751,BKN,82.38246416519237,79,84,89,76.65014425662235,0.0
22400397,1610612752,NYK,97.68118212187404,119,86,95,84.0505973556521,1.0
22400397,1610612761,TOR,84.0505973556521,95,77,119,97.68118212187404,0.0
22400398,1610612741,CHI,107.7984758974355,82,90,98,91.77362955699566,0.0
22400398,1610612749,MIL,91.77362955699566,98,87,82,107.7984758974355,1.0
22400399,1610612746,LAC,109.10561757925032,93,96,92,110.17079749149836,1.0
22400399,1610612763,MEM,110.17079749149836,92,99,93,109.10561757925032,0.0
22400400,1610612760,OKC,114.9850553821774,104,106,88,92.59451559511304,1.0
22400400,1610612764,WAS,92.59451559511304,88,91,104,114.9850553821774,0.0
22400401,1610612742,DAL,96.64535544437229,108,90,94,101.81248076294465,1.0
22400401,1610612757,POR,101.81248076294465,94,93,108,96.64535544437229,0.0
22400402,1610612743,DEN,95.48242909549116,108,90,79,81.16976541614198,1.0
22400402,1610612756,PHX,81.16976541614198,79,83,108,95.48242909549116,0.0
22400403,1610612744,GSW,98.77069393226287,90,90,101,93.54256961537388,0.0
22400403,1610612754,IND,93.54256961537388,101,92,90,98.77069393226287,1.0
22400404,1610612747,LAL,79.92925696087865,94,74,105,95.68944176403178,0.0
22400404,1610612765,DET,95.68944176403178,105,92,94,79.92925696087865,1.0
22400405,1610612752,NYK,108.47089446712752,103,100,100,96.36165709400021,1.0
22400405,1610612759,SAS,96.36165709400021,100,83,103,108.47089446712752,0.0
22400406,1610612742,DAL,88.68126094415629,88,87,94,90.66062052870588,0.0
22400406,1610612750,MIN,90.66062052870588,94,86,88,88.68126094415629,1.0
22400407,1610612738,BOS,103.04925249248211,106,95,99,89.1091832788512,1.0
22400407,1610612755,PHI,89.1091832788512,99,88,106,103.04925249248211,0.0
22400408,1610612744,GSW,97.01371009727512,100,89,97,92.60916805506392,1.0
22400408,1610612747,LAL,92.60916805506392,97,91,100,97.01371009727512,0.0
22400409,1610612743,DEN,83.56475981877372,80,78,93,93.29163083491346,0.0
22400409,1610612756,PHX,93.29163083491346,93,88,80,83.56475981877372,1.0
22400410,1610612754,IND,89.60292607571722,98,89,101,101.26167049366141,0.0
22400410,1610612760,OKC,101.26167049366141,101,95,98,89.60292607571722,1.0
22400411,1610612748,MIA,74.96910973370561,77,76,73,81.59321484407259,1.0
22400411,1610612753,ORL,81.59321484407259,73,77,77,74.96910973370561,0.0
22400412,1610612764,WAS,95.6917540863718,92,91,99,99.83155527399252,0.0
22400412,1610612766,CHA,99.83155527399252,99,94,92,95.6917540863718,1.0
22400413,1610612737,ATL,103.33346504111113,109,89,128,108.6855531218613,0.0
22400413,1610612741,CHI,108.6855531218613,128,98,109,103.33346504111113,1.0
22400414,1610612761,TOR,124.69999838024977,112,108,134,127.06203502096676,0.0
22400414,1610612763,MEM,127.06203502096676,134,109,112,124.69999838024977,1.0
22400415,1610612749,MIL,90.85800006536762,97,83,94,90.66957011292553,1.0
22400415,1610612751,BKN,90.66957011292553,94,82,97,90.85800006536762,0.0
22400416,1610612740,NOP,108.77677993840734,98,99,110,106.82969853509566,0.0
22400416,1610612745,HOU,106.82969853509566,110,97,98,108.77677993840734,1.0
22400417,1610612757,POR,99.79040166528772,105,89,103,97.3703852561352,1.0
22400417,1610612762,UTA,97.3703852561352,103,86,105,99.79040166528772,0.0
22400418,1610612758,SAC,83.0766145532792,92,82,93,97.12654475942907,0.0
22400418,1610612765,DET,97.12654475942907,93,91,92,83.0766145532792,1.0
22400419,1610612752,NYK,77.78805510668218,84,75,74,88.03126591638494,1.0
22400419,1610612753,ORL,88.03126591638494,74,87,84,77.78805510668218,0.0
22400420,1610612738,BOS,101.73170111983528,117,92,87,90.39904065024938,1.0
22400420,1610612754,IND,90.39904065024938,87,91,117,101.73170111983528,0.0
22400421,1610612751,BKN,97.99482873706643,82,90,76,86.4518780823688,1.0
22400421,1610612759,SAS,86.4518780823688,76,78,82,97.99482873706643,0.0
22400422,1610612745,HOU,90.84630184411024,100,92,105,85.28326407598554,0.0
22400422,1610612750,MIN,85.28326407598554,105,83,100,90.84630184411024,1.0
22400423,1610612740,NOP,102.73252550540082,97,96,101,96.41976001268813,0.0
22400423,1610612763,MEM,96.41976001268813,101,89,97,102.73252550540082,1.0
22400424,1610612739,CLE,102.75398554563164,131,96,121,108.29198024692577,1.0
22400424,1610612743,DEN,108.29198024692577,121,94,131,102.75398554563164,0.0
22400425,1610612742,DAL,83.1525993680512,82,80,77,80.95874893811313,1.0
22400425,1610612756,PHX,80.95874893811313,77,83,82,83.1525993680512,0.0
22400426,1610612744,GSW,106.57883533745587,77,95,90,82.80608442928896,0.0
22400426,1610612746,LAC,82.80608442928896,90,75,77,106.57883533745587,1.0
22400427,1610612737,ATL,100.5138317893903,103,86,93,102.38969274790624,1.0
22400427,1610612748,MIA,102.38969274790624,93,90,103,100.5138317893903,0.0
22400428,1610612760,OKC,101.6927905449119,94,88,69,82.16627774185653,1.0
22400428,1610612766,CHA,82.16627774185653,69,80,94,101.6927905449119,0.0
22400429,1610612752,NYK,102.79545931936397,112,97,119,101.2397789397138,0.0
22400429,1610612764,WAS,101.2397789397138,119,99,112,102.79545931936397,1.0
22400430,1610612741,CHI,105.92731714188271,104,95,97,108.41579974265412,1.0
22400430,1610612749,MIL,108.41579974265412,97,102,104,105.92731714188271,0.0
22400431,1610612744,GSW,108.7061909030896,94,98,87,95.03846399145007,1.0
22400431,1610612756,PHX,95.03846399145007,87,92,94,108.7061909030896,0.0
22400432,1610612743,DEN,94.35712991718533,105,82,104,100.4665213114638,1.0
22400432,1610612765,DET,100.4665213114638,104,95,105,94.35712991718533,0.0
22400433,1610612755,PHI,90.80950015661313,85,83,98,97.45545203707368,0.0
22400433,1610612762,UTA,97.45545203707368,98,89,85,90.80950015661313,1.0
22400434,1610612742,DAL,98.08229949428103,101,89,103,104.1905666792886,0.0
22400434,1610612757,POR,104.1905666792886,103,92,101,98.08229949428103,1.0
22400435,1610612747,LAL,83.82424340674162,106,77,111,103.68898449839868,0.0
22400435,1610612758,SAC,103.68898449839868,111,98,106,83.82424340674162,1.0
22400436,1610612751,BKN,75.59575485867673,77,73,86,92.91705907127003,0.0
22400436,1610612753,ORL,92.91705907127003,86,83,77,75.59575485867673,1.0
22400437,1610612738,BOS,97.52585116438581,102,93,101,86.70279103663317,1.0
22400437,1610612754,IND,86.70279103663317,101,87,102,97.52585116438581,0.0
22400438,1610612737,ATL,108.33369002338058,110,95,83,101.60443119557002,1.0
22400438,1610612761,TOR,101.60443119557002,83,85,110,108.33369002338058,0.0
22400439,1610612745,HOU,99.93861167255699,89,97,84,84.76365211744326,1.0
22400439,1610612748,MIA,84.76365211744326,84,84,89,99.93861167255699,0.0
22400440,1610612760,OKC,115.67418307116336,118,103,88,101.80416119771705,1.0
22400440,1610612763,MEM,101.80416119771705,88,97,118,115.67418307116336,0.0
22400441,1610612750,MIN,113.05998468236156,97,100,87,90.94263928388264,1.0
22400441,1610612759,SAS,90.94263928388264,87,87,97,113.05998468236156,0.0
22400442,1610612741,CHI,111.91263464121337,96,104,94,106.17153709365404,1.0
22400442,1610612766,CHA,106.17153709365404,94,101,96,111.91263464121337,0.0
22400443,1610612752,NYK,106.44472355003062,105,98,90,96.90753373169672,1.0
22400443,1610612764,WAS,96.90753373169672,90,92,105,106.44472355003062,0.0
22400444,1610612740,NOP,86.81228014996196,102,82,95,94.76553916193545,1.0
22400444,1610612746,LAC,94.76553916193545,95,86,102,86.81228014996196,0.0
22400445,1610612743,DEN,118.72923196086694,115,105,101,91.329614600094,1.0
22400445,1610612762,UTA,91.329614600094,101,86,115,118.72923196086694,0.0
22400446,1610612739,CLE,101.61489249843636,106,96,75,98.574214899281,1.0
22400446,1610612744,GSW,98.574214899281,75,99,106,101.61489249843636,0.0
22400447,1610612755,PHI,84.50485614547408,97,75,82,90.14149474417317,1.0
22400447,1610612757,POR,90.14149474417317,82,77,97,84.50485614547408,0.0
22400448,1610612742,DAL,84.07716455496526,76,76,94,111.53247921483063,0.0
22400448,1610612758,SAC,111.53247921483063,94,100,76,84.07716455496526,1.0
22400449,1610612738,BOS,91.43461379525546,116,87,64,87.77572308331101,1.0
22400449,1610612761,TOR,87.77572308331101,64,86,116,91.43461379525546,0.0
22400450,1610612749,MIL,108.68180430665713,102,97,93,93.74046802387673,1.0
22400450,1610612754,IND,93.74046802387673,93,90,102,108.68180430665713,0.0
22400451,1610612746,LAC,96.14854885967245,71,87,105,115.56827097208689,0.0
22400451,1610612759,SAS,115.56827097208689,105,98,71,96.14854885967245,1.0
22400452,1610612750,MIN,85.83393980154638,93,79,96,96.15217734304575,0.0
22400452,1610612760,OKC,96.15217734304575,96,89,93,85.83393980154638,1.0
22400453,1610612756,PHX,96.20425599093282,93,92,95,95.61549583404505,0.0
22400453,1610612763,MEM,95.61549583404505,95,94,93,96.20425599093282,1.0
22400454,1610612739,CLE,101.80734620261649,108,93,93,101.34898271621722,1.0
22400454,1610612747,LAL,101.34898271621722,93,95,108,101.80734620261649,0.0
22400455,1610612753,ORL,94.10763467228563,82,91,94,88.39539147185073,0.0
22400455,1610612765,DET,88.39539147185073,94,79,82,94.10763467228563,1.0
22400456,1610612741,CHI,96.58454915080034,96,92,115,100.59625859565439,0.0
22400456,1610612764,WAS,100.59625859565439,115,99,96,96.58454915080034,1.0
22400457,1610612740,NOP,87.74195102738281,89,80,102,92.31011802358647,0.0
22400457,1610612748,MIA,92.31011802358647,102,83,89,87.74195102738281,1.0
22400458,1610612752,NYK,101.46332014281032,103,85,91,104.7333426801559,1.0
22400458,1610612762,UTA,104.7333426801559,91,96,103,101.46332014281032,0.0
22400459,1610612751,BKN,99.57966264794662,95,87,120,101.12129451375353,0.0
22400459,1610612761,TOR,101.12129451375353,120,88,95,99.57966264794662,1.0
22400460,1610612742,DAL,78.82529532292497,91,75,92,91.86996241706747,0.0
22400460,1610612745,HOU,91.86996241706747,92,89,91,78.82529532292497,1.0
22400461,1610612737,ATL,104.30988905619728,106,100,118,114.47943301722198,0.0
22400461,1610612743,DEN,114.47943301722198,118,94,106,104.30988905619728,1.0
22400462,1610612755,PHI,89.02715353044324,95,84,91,90.54972771309241,1.0
22400462,1610612758,SAC,90.54972771309241,91,84,95,89.02715353044324,0.0
22400463,1610612748,MIA,78.38913716308622,97,75,119,97.28397380391715,0.0
22400463,1610612754,IND,97.28397380391715,119,96,97,78.38913716308622,1.0
22400464,1610612738,BOS,99.56398178137668,114,92,95,80.01399068700883,1.0
22400464,1610612750,MIN,80.01399068700883,95,74,114,99.56398178137668,0.0
22400465,1610612749,MIL,103.66257476836562,91,90,88,96.44594181723981,1.0
22400465,1610612751,BKN,96.44594181723981,88,88,91,103.66257476836562,0.0
22400466,1610612746,LAC,79.25432670415157,87,81,100,88.75503071399267,0.0
22400466,1610612760,OKC,88.75503071399267,100,86,87,79.25432670415157,1.0
22400467,1610612744,GSW,92.25951207202601,128,87,77,75.78582976323429,1.0
22400467,1610612755,PHI,75.78582976323429,77,81,128,92.25951207202601,0.0
22400468,1610612747,LAL,109.77519168327056,101,94,89,88.79014066939959,1.0
22400468,1610612757,POR,88.79014066939959,89,80,101,109.77519168327056,0.0
22400469,1610612765,DET,97.67598578210045,90,93,75,84.99936526582431,1.0
22400469,1610612766,CHA,84.99936526582431,75,80,90,97.67598578210045,0.0
22400470,1610612753,ORL,87.41201862312253,93,79,86,88.9645538405569,1.0
22400470,1610612761,TOR,88.9645538405569,86,80,93,87.41201862312253,0.0
22400471,1610612738,BOS,85.30912902711981,97,77,74,90.0435325806947,1.0
22400471,1610612745,HOU,90.0435325806947,74,88,97,85.30912902711981,0.0
22400472,1610612740,NOP,107.88322382733102,114,96,99,93.23050138107008,1.0
22400472,1610612764,WAS,93.23050138107008,99,84,114,107.88322382733102,0.0
22400473,1610612752,NYK,94.98119365866103,95,90,100,89.83961187817371,0.0
22400473,1610612760,OKC,89.83961187817371,100,84,95,94.98119365866103,1.0
22400474,1610612739,CLE,108.66973092670561,119,98,98,108.0663628675162,1.0
22400474,1610612742,DAL,108.0663628675162,98,100,119,108.66973092670561,0.0
22400475,1610612743,DEN,105.54030149004807,99,97,105,103.21451408431717,0.0
22400475,1610612759,SAS,103.21451408431717,105,99,99,105.54030149004807,1.0
22400476,1610612758,SAC,99.50462372980752,119,99,103,92.84133561187997,1.0
22400476,1610612763,MEM,92.84133561187997,103,89,119,99.50462372980752,0.0
22400477,1610612737,ATL,108.77460416915739,88,100,99,97.8564432775087,0.0
22400477,1610612747,LAL,97.8564432775087,99,88,88,108.77460416915739,1.0
22400478,1610612751,BKN,91.97288367618485,82,82,99,87.8848016789518,0.0
22400478,1610612755,PHI,87.8848016789518,99,82,82,91.97288367618485,1.0
22400479,1610612750,MIN,86.60610651997791,84,80,103,98.80715520265683,0.0
22400479,1610612765,DET,98.80715520265683,103,93,84,86.60610651997791,1.0
22400480,1610612754,IND,103.55719960157776,107,96,88,80.35706387314923,1.0
22400480,1610612756,PHX,80.35706387314923,88,78,107,103.55719960157776,0.0
22400481,1610612748,MIA,96.32374454659268,79,80,123,111.97226838848347,0.0
22400481,1610612762,UTA,111.97226838848347,123,100,79,96.32374454659268,1.0
22400482,1610612741,CHI,95.08476033323049,122,94,104,91.29056593505061,1.0
22400482,1610612752,NYK,91.29056593505061,104,97,122,95.08476033323049,0.0
22400483,1610612749,MIL,108.3041988744204,95,95,95,92.67335844257107,0.5
22400483,1610612757,POR,92.67335844257107,95,85,95,108.3041988744204,0.5
22400484,1610612743,DEN,116.00040747597814,104,108,95,117.67934812572683,1.0
22400484,1610612759,SAS,117.67934812572683,95,104,104,116.00040747597814,0.0
22400485,1610612744,GSW,87.21727706088221,111,84,101,85.99895495752465,1.0
22400485,1610612763,MEM,85.99895495752465,101,88,111,87.21727706088221,0.0
22400486,1610612737,ATL,98.53792473401148,92,88,119,110.24140316986787,0.0
22400486,1610612746,LAC,110.24140316986787,119,96,92,98.53792473401148,1.0
22400487,1610612738,BOS,89.04505185109821,71,85,94,93.69622355905047,0.0
22400487,1610612760,OKC,93.69622355905047,94,87,71,89.04505185109821,1.0
22400488,1610612739,CLE,105.32153617397454,103,92,91,95.57272442709478,1.0
22400488,1610612766,CHA,95.57272442709478,91,91,103,105.32153617397454,0.0
22400489,1610612740,NOP,102.63594087365952,92,90,87,92.84371439471761,1.0
22400489,1610612764,WAS,92.84371439471761,87,89,92,102.63594087365952,0.0
22400490,1610612753,ORL,110.07593462832851,84,98,89,84.96221337611392,0.0
22400490,1610612762,UTA,84.96221337611392,89,81,84,110.07593462832851,1.0
22400491,1610612745,HOU,104.62270939246419,108,99,92,82.5315820149324,1.0
22400491,1610612747,LAL,82.5315820149324,92,78,108,104.62270939246419,0.0
22400492,1610612744,GSW,88.60212896821051,86,81,109,93.55746065596291,0.0
22400492,1610612758,SAC,93.55746065596291,109,87,86,88.60212896821051,1.0
22400493,1610612757,POR,85.63607046033925,112,90,99,95.21515795725676,1.0
22400493,1610612765,DET,95.21515795725676,99,94,112,85.63607046033925,0.0
22400494,1610612755,PHI,95.48717343390808,83,87,96,90.95362947683914,0.0
22400494,1610612756,PHX,90.95362947683914,96,81,83,95.48717343390808,1.0
22400495,1610612751,BKN,108.17412335363183,92,98,92,87.23650034308046,0.5
22400495,1610612754,IND,87.23650034308046,92,79,92,108.17412335363183,0.5
22400496,1610612752,NYK,88.25310755936525,76,81,89,87.75744163304158,0.0
22400496,1610612753,ORL,87.75744163304158,89,78,76,88.25310755936525,1.0
22400497,1610612749,MIL,92.46911407370806,116,82,91,102.00211179469373,1.0
22400497,1610612761,TOR,102.00211179469373,91,91,116,92.46911407370806,0.0
22400498,1610612741,CHI,121.72897711583607,101,102,103,103.57435944547798,0.0
22400498,1610612759,SAS,103.57435944547798,103,95,101,121.72897711583607,1.0
22400499,1610612742,DAL,103.80036288155885,93,98,92,89.87714879413288,1.0
22400499,1610612763,MEM,89.87714879413288,92,88,93,103.80036288155885,0.0
22400500,1610612746,LAC,89.06042686211586,86,89,98,96.85193019155692,0.0
22400500,1610612750,MIN,96.85193019155692,98,92,86,89.06042686211586,1.0
22400501,1610612748,MIA,103.27660117797043,97,102,103,104.41274137329447,0.0
22400501,1610612758,SAC,104.41274137329447,103,108,97,103.27660117797043,1.0
22400502,1610612756,PHX,96.18155606865952,86,92,89,108.77717067608356,0.0
22400502,1610612766,CHA,108.77717067608356,89,98,86,96.18155606865952,1.0
22400503,1610612745,HOU,101.58433521980447,115,97,97,86.39053559335458,1.0
22400503,1610612764,WAS,86.39053559335458,97,89,115,101.58433521980447,0.0
22400504,1610612742,DAL,96.113909475691,108,86,79,83.97329433249988,1.0
22400504,1610612747,LAL,83.97329433249988,79,75,108,96.113909475691,0.0
22400505,1610612740,NOP,102.68415050488434,82,94,91,96.91723942787516,0.0
22400505,1610612750,MIN,96.91723942787516,91,89,82,102.68415050488434,1.0
22400506,1610612737,ATL,107.45735103820509,112,98,99,103.51536719068103,1.0
22400506,1610612762,UTA,103.51536719068103,99,96,112,107.45735103820509,0.0
22400507,1610612738,BOS,98.07105749488224,100,88,94,94.60646929176964,1.0
22400507,1610612743,DEN,94.60646929176964,94,87,100,98.07105749488224,0.0
22400508,1610612744,GSW,104.00491629580405,94,98,102,94.11760414066333,0.0
22400508,1610612748,MIA,94.11760414066333,102,91,94,104.00491629580405,1.0
22400509,1610612739,CLE,105.53925119697173,109,90,107,98.52356146281952,1.0
22400509,1610612760,OKC,98.52356146281952,107,90,109,105.53925119697173,0.0
22400510,1610612741,CHI,95.19307969501733,100,86,114,115.46735388098021,0.0
22400510,1610612754,IND,115.46735388098021,114,100,100,95.19307969501733,1.0
22400511,1610612752,NYK,101.519343846385,96,88,86,86.2953494461382,1.0
22400511,1610612761,TOR,86.2953494461382,86,77,96,101.519343846385,0.0
22400512,1610612755,PHI,97.4116589701775,95,88,97,104.22567268822209,0.0
22400512,1610612764,WAS,104.22567268822209,97,94,95,97.4116589701775,1.0
22400513,1610612751,BKN,92.68908698854233,79,86,105,91.027750635601,0.0
22400513,1610612765,DET,91.027750635601,105,86,79,92.68908698854233,1.0
22400514,1610612740,NOP,99.35576301458741,92,90,109,104.13170801690455,0.0
22400514,1610612757,POR,104.13170801690455,109,88,92,99.35576301458741,1.0
22400515,1610612743,DEN,103.91741742178998,115,89,71,82.39916330304547,1.0
22400515,1610612746,LAC,82.39916330304547,71,80,115,103.91741742178998,0.0
22400516,1610612749,MIL,104.29811029613116,107,92,88,98.3926829687622,1.0
22400516,1610612759,SAS,98.3926829687622,88,95,107,104.29811029613116,0.0
22400517,1610612739,CLE,101.14133759765873,112,89,120,97.11403754998204,0.0
22400517,1610612761,TOR,97.11403754998204,120,89,112,101.14133759765873,1.0
22400518,1610612744,GSW,99.37222494665001,97,89,92,91.58192181681015,1.0
22400518,1610612765,DET,91.58192181681015,92,86,97,99.37222494665001,0.0
22400519,1610612750,MIN,94.86153521681952,80,85,76,94.4019721167827,1.0
22400519,1610612753,ORL,94.4019721167827,76,87,80,94.86153521681952,0.0
22400520,1610612745,HOU,102.68696973804037,95,96,94,87.37278883225639,1.0
22400520,1610612763,MEM,87.37278883225639,94,84,95,102.68696973804037,0.0
22400521,1610612742,DAL,100.58573437553619,90,88,94,103.374857222588,0.0
22400521,1610612757,POR,103.374857222588,94,93,90,100.58573437553619,1.0
22400522,1610612737,ATL,90.5766882490191,99,86,111,94.97789924973301,0.0
22400522,1610612756,PHX,94.97789924973301,111,85,99,90.5766882490191,1.0
22400523,1610612748,MIA,95.2530910448215,86,91,77,85.95007212843184,1.0
22400523,1610612762,UTA,85.95007212843184,77,83,86,95.2530910448215,0.0
22400524,1610612747,LAL,94.2730031336163,89,90,84,90.5061700622514,1.0
22400524,1610612766,CHA,90.5061700622514,84,91,89,94.2730031336163,0.0
22400525,1610612744,GSW,92.2950630062445,86,91,95,85.08885232703929,0.0
22400525,1610612754,IND,85.08885232703929,95,82,86,92.2950630062445,1.0
22400526,1610612749,MIL,91.5471722985841,95,83,88,92.9903577419793,1.0
22400526,1610612753,ORL,92.9903577419793,88,86,95,91.5471722985841,0.0
22400527,1610612740,NOP,102.91540321654415,106,91,98,105.12385871486255,1.0
22400527,1610612755,PHI,105.12385871486255,98,91,106,102.91540321654415,0.0
22400528,1610612738,BOS,88.6217373687267,79,84,106,102.79543021802758,0.0
22400528,1610612758,SAC,102.79543021802758,106,102,79,88.6217373687267,1.0
22400529,1610612752,NYK,102.0759091922285,78,96,110,97.58726739298922,0.0
22400529,1610612760,OKC,97.58726739298922,110,89,78,102.0759091922285,1.0
22400530,1610612741,CHI,112.55226699502431,129,95,96,107.50258488516212,1.0
22400530,1610612764,WAS,107.50258488516212,96,98,129,112.55226699502431,0.0
22400531,1610612743,DEN,90.62814993667831,99,87,90,94.40241757018978,1.0
22400531,1610612751,BKN,94.40241757018978,90,90,99,90.62814993667831,0.0
22400532,1610612737,ATL,95.09168822514076,83,89,81,92.16997872041283,1.0
22400532,1610612745,HOU,92.16997872041283,81,79,83,95.09168822514076,0.0
22400533,1610612756,PHX,94.50418737662903,101,86,93,101.08583895700461,1.0
22400533,1610612762,UTA,101.08583895700461,93,96,101,94.50418737662903,0.0
22400534,1610612761,TOR,94.6841839146727,96,92,107,85.59341626512887,0.0
22400534,1610612765,DET,85.59341626512887,107,84,96,94.6841839146727,1.0
22400535,1610612750,MIN,100.50010800685429,111,83,112,119.93206286824311,0.0
22400535,1610612763,MEM,119.93206286824311,112,108,111,100.50010800685429,1.0
22400536,1610612748,MIA,106.57084437294947,107,92,85,106.96711149139891,1.0
22400536,1610612757,POR,106.96711149139891,85,95,107,106.57084437294947,0.0
22400537,1610612747,LAL,97.85701725284453,107,90,97,96.43011077950742,1.0
22400537,1610612759,SAS,96.43011077950742,97,88,107,97.85701725284453,0.0
22400538,1610612746,LAC,101.52659446556225,103,93,80,100.98002937929215,1.0
22400538,1610612766,CHA,100.98002937929215,80,94,103,101.52659446556225,0.0
22400539,1610612749,MIL,105.52593697328359,96,94,120,102.40037878349531,0.0
22400539,1610612752,NYK,102.40037878349531,120,88,96,105.52593697328359,1.0
22400540,1610612742,DAL,92.04894091382769,82,85,99,103.94838305924014,0.0
22400540,1610612743,DEN,103.94838305924014,99,94,82,92.04894091382769,1.0
22400541,1610612741,CHI,105.70321215583986,104,93,107,111.08115491624542,0.0
22400541,1610612758,SAC,111.08115491624542,107,95,104,105.70321215583986,1.0
22400542,1610612738,BOS,113.13948085476846,101,101,97,83.98637471098858,1.0
22400542,1610612740,NOP,83.98637471098858,97,86,101,113.13948085476846,0.0
22400543,1610612739,CLE,92.00993251965033,77,83,97,99.32726204200837,0.0
22400543,1610612754,IND,99.32726204200837,97,92,77,92.00993251965033,1.0
22400544,1610612753,ORL,88.36442547107053,85,80,78,69.050022409003,1.0
22400544,1610612755,PHI,69.050022409003,78,72,85,88.36442547107053,0.0
22400545,1610612760,OKC,98.80029502740013,103,95,65,84.37181817025946,1.0
22400545,1610612764,WAS,84.37181817025946,65,83,103,98.80029502740013,0.0
22400546,1610612751,BKN,99.60990705681516,88,92,97,90.1979995817648,0.0
22400546,1610612762,UTA,90.1979995817648,97,90,88,99.60990705681516,1.0
22400547,1610612756,PHX,96.16482504704949,101,87,97,98.13848261014593,1.0
22400547,1610612766,CHA,98.13848261014593,97,92,101,96.16482504704949,0.0
22400548,1610612750,MIN,90.57050799540399,96,83,97,92.63190065360848,0.0
22400548,1610612764,WAS,92.63190065360848,97,91,96,90.57050799540399,1.0
22400549,1610612752,NYK,79.71432747062553,95,80,107,91.96134515421076,0.0
22400549,1610612765,DET,91.96134515421076,107,92,95,79.71432747062553,1.0
22400550,1610612744,GSW,93.7405221001754,86,88,94,99.6477912031885,0.0
22400550,1610612761,TOR,99.6477912031885,94,86,86,93.7405221001754,1.0
22400551,1610612745,HOU,88.67978118372595,98,81,104,85.4644495707507,0.0
22400551,1610612763,MEM,85.4644495707507,104,84,98,88.67978118372595,1.0
22400552,1610612747,LAL,93.18407861022418,92,87,109,99.06242745528613,0.0
22400552,1610612759,SAS,99.06242745528613,109,90,92,93.18407861022418,1.0
22400553,1610612746,LAC,103.4700398001002,103,93,83,92.09611217814684,1.0
22400553,1610612748,MIA,92.09611217814684,83,85,103,103.4700398001002,0.0
22400554,1610612739,CLE,95.53511623858313,101,89,100,91.21959900246479,1.0
22400554,1610612754,IND,91.21959900246479,100,91,101,95.53511623858313,0.0
22400555,1610612755,PHI,91.27518738550258,87,84,102,97.36370343392595,0.0
22400555,1610612760,OKC,97.36370343392595,102,81,87,91.27518738550258,1.0
22400556,1610612737,ATL,104.94693328007227,103,98,99,91.7319607811152,1.0
22400556,1610612756,PHX,91.7319607811152,99,84,103,104.94693328007227,0.0
22400557,1610612740,NOP,110.94447460956292,98,96,104,115.31777820034593,0.0
22400557,1610612741,CHI,115.31777820034593,104,102,98,110.94447460956292,1.0
22400558,1610612749,MIL,113.18969205865683,115,99,101,100.06473382969351,1.0
22400558,1610612758,SAC,100.06473382969351,101,95,115,113.18969205865683,0.0
22400559,1610612742,DAL,96.48396054481367,85,90,99,88.50120177128318,0.0
22400559,1610612743,DEN,88.50120177128318,99,83,85,96.48396054481367,1.0
22400560,1610612751,BKN,103.2791988366713,117,90,95,99.48237166997916,1.0
22400560,1610612757,POR,99.48237166997916,95,86,117,103.2791988366713,0.0
22400561,1610612752,NYK,99.53169431719343,108,86,105,99.82538863030388,1.0
22400561,1610612755,PHI,99.82538863030388,105,92,108,99.53169431719343,0.0
22400562,1610612738,BOS,101.75765138799032,88,91,101,98.87917005302423,0.0
22400562,1610612761,TOR,98.87917005302423,101,89,88,101.75765138799032,1.0
22400563,1610612737,ATL,110.45036558323656,95,100,84,102.15910984108572,1.0
22400563,1610612741,CHI,102.15910984108572,84,88,95,110.45036558323656,0.0
22400564,1610612749,MIL,76.24681456264483,97,72,78,101.17990053356296,1.0
22400564,1610612753,ORL,101.17990053356296,78,95,97,76.24681456264483,0.0
22400565,1610612744,GSW,87.57784505309559,98,82,93,98.24849508541031,1.0
22400565,1610612750,MIN,98.24849508541031,93,86,98,87.57784505309559,0.0
22400566,1610612740,NOP,108.76783428705284,99,97,98,102.54758746384445,1.0
22400566,1610612742,DAL,102.54758746384445,98,90,99,108.76783428705284,0.0
22400567,1610612759,SAS,99.09487350846042,96,89,118,122.78731859972882,0.0
22400567,1610612763,MEM,122.78731859972882,118,103,96,99.09487350846042,1.0
22400568,1610612743,DEN,79.07826530410877,94,75,115,96.32763622197632,0.0
22400568,1610612745,HOU,96.32763622197632,115,94,94,79.07826530410877,1.0
22400569,1610612762,UTA,99.49572994242169,102,93,102,95.08630648445867,0.5
22400569,1610612766,CHA,95.08630648445867,102,85,102,99.49572994242169,0.5
22400570,1610612747,LAL,94.58332438505744,107,90,94,72.79564905339991,1.0
22400570,1610612748,MIA,72.79564905339991,94,73,107,94.58332438505744,0.0
22400571,1610612746,LAC,86.57179606503995,98,79,55,86.55566030203485,1.0
22400571,1610612751,BKN,86.55566030203485,55,83,98,86.57179606503995,0.0
22400572,1610612754,IND,88.56163489595532,95,89,81,96.22626708972943,1.0
22400572,1610612765,DET,96.22626708972943,81,91,95,88.56163489595532,0.0
22400573,1610612756,PHX,92.83435092358985,104,85,105,107.19437242512683,0.0
22400573,1610612764,WAS,107.19437242512683,105,92,104,92.83435092358985,1.0
22400574,1610612739,CLE,99.50463164665115,97,90,124,111.6139798101149,0.0
22400574,1610612760,OKC,111.6139798101149,124,105,97,99.50463164665115,1.0
22400575,1610612746,LAC,84.54185846479585,98,78,77,101.98656613111629,1.0
22400575,1610612757,POR,101.98656613111629,77,91,98,84.54185846479585,0.0
22400576,1610612745,HOU,95.39329310739897,110,93,112,91.7056890993889,0.0
22400576,1610612758,SAC,91.7056890993889,112,98,110,95.39329310739897,1.0
22400577,1610612738,BOS,80.94407114127523,101,80,73,80.9569905856059,1.0
22400577,1610612753,ORL,80.9569905856059,73,82,101,80.94407114127523,0.0
22400578,1610612750,MIN,87.82255628173148,106,79,84,91.58856741098676,1.0
22400578,1610612752,NYK,91.58856741098676,84,90,106,87.82255628173148,0.0
22400579,1610612743,DEN,103.68075566094575,116,92,99,101.20885086461561,1.0
22400579,1610612748,MIA,101.20885086461561,99,91,116,103.68075566094575,0.0
22400580,1610612749,MIL,88.14234851684887,97,81,94,99.32614546553201,1.0
22400580,1610612761,TOR,99.32614546553201,94,91,97,88.14234851684887,0.0
22400581,1610612740,NOP,107.25165045524335,116,100,99,85.83448010159533,1.0
22400581,1610612762,UTA,85.83448010159533,99,86,116,107.25165045524335,0.0
22400582,1610612759,SAS,99.18663773667582,93,84,129,107.98728773341072,0.0
22400582,1610612763,MEM,107.98728773341072,129,97,93,99.18663773667582,1.0
22400583,1610612742,DAL,82.92825775526849,90,75,90,94.12872239942904,0.5
22400583,1610612760,OKC,94.12872239942904,90,91,90,82.92825775526849,0.5
22400584,1610612741,CHI,106.8689948682252,110,95,109,105.91144232238811,1.0
22400584,1610612766,CHA,105.91144232238811,109,96,110,106.8689948682252,0.0
22400585,1610612747,LAL,87.6072588558659,88,82,91,86.82989184793851,0.0
22400585,1610612751,BKN,86.82989184793851,91,82,88,87.6072588558659,1.0
22400586,1610612756,PHX,85.11518698280416,93,86,97,92.93740738700912,0.0
22400586,1610612765,DET,92.93740738700912,97,94,93,85.11518698280416,1.0
22400587,1610612737,ATL,91.07753061541858,97,93,95,112.75324864643697,1.0
22400587,1610612738,BOS,112.75324864643697,95,104,97,91.07753061541858,0.0
22400588,1610612754,IND,93.92864413993601,99,83,86,94.41279074892753,1.0
22400588,1610612755,PHI,94.41279074892753,86,89,99,93.92864413993601,0.0
22400589,1610612744,GSW,96.71150874523133,104,96,98,89.38334233358727,1.0
22400589,1610612764,WAS,89.38334233358727,98,86,104,96.71150874523133,0.0
22400590,1610612739,CLE,97.92404195701442,101,92,101,97.93710151598154,0.5
22400590,1610612750,MIN,97.93710151598154,101,90,101,97.92404195701442,0.5
22400591,1610612745,HOU,119.9979300591533,110,108,90,98.4401705463345,1.0
22400591,1610612757,POR,98.4401705463345,90,86,110,119.9979300591533,0.0
22400592,1610612748,MIA,110.61756617099489,118,95,97,99.27305471712775,1.0
22400592,1610612759,SAS,99.27305471712775,97,91,118,110.61756617099489,0.0
22400593,1610612743,DEN,82.47199846782812,87,77,88,105.77635142233422,0.0
22400593,1610612753,ORL,105.77635142233422,88,102,87,82.47199846782812,1.0
22400594,1610612749,MIL,100.23771698216285,100,87,94,91.73842414067353,1.0
22400594,1610612755,PHI,91.73842414067353,94,86,100,100.23771698216285,0.0
22400595,1610612751,BKN,95.35266069786664,86,87,115,102.14337939375335,0.0
22400595,1610612760,OKC,102.14337939375335,115,87,86,95.35266069786664,1.0
22400596,1610612746,LAC,94.41999008924691,105,89,85,82.10835846062504,1.0
22400596,1610612747,LAL,82.10835846062504,85,76,105,94.41999008924691,0.0
22400597,1610612741,CHI,91.56264652478576,80,81,93,100.78164820845089,0.0
22400597,1610612757,POR,100.78164820845089,93,89,80,91.56264652478576,1.0
22400598,1610612758,SAC,99.51226917483274,104,95,74,93.23889285277902,1.0
22400598,1610612764,WAS,93.23889285277902,74,89,104,99.51226917483274,0.0
22400599,1610612742,DAL,96.40256425411144,82,88,97,108.98912502388674,0.0
22400599,1610612766,CHA,108.98912502388674,97,98,82,96.40256425411144,1.0
22400600,1610612745,HOU,104.93179805915909,85,94,94,94.39915262313089,0.0
22400600,1610612765,DET,94.39915262313089,94,88,85,104.93179805915909,1.0
22400601,1610612750,MIN,99.53084380990217,86,93,81,92.32275841262593,1.0
22400601,1610612763,MEM,92.32275841262593,81,86,86,99.53084380990217,0.0
22400602,1610612737,ATL,96.53372628393691,93,85,103,104.96243214663345,0.0
22400602,1610612752,NYK,104.96243214663345,103,90,93,96.53372628393691,1.0
22400603,1610612739,CLE,94.23291591699669,101,95,82,77.1261140422826,1.0
22400603,1610612756,PHX,77.1261140422826,82,77,101,94.23291591699669,0.0
22400604,1610612738,BOS,99.06353101915725,118,92,78,95.57762874013738,1.0
22400604,1610612744,GSW,95.57762874013738,78,92,118,99.06353101915725,0.0
22400605,1610612740,NOP,102.81743839028273,97,92,95,111.13134645714196,1.0
22400605,1610612762,UTA,111.13134645714196,95,106,97,102.81743839028273,0.0
22400606,1610612751,BKN,93.69362961715645,76,86,88,98.46967101652855,0.0
22400606,1610612752,NYK,98.46967101652855,88,87,76,93.69362961715645,1.0
22400607,1610612748,MIA,99.15960267378586,96,93,101,95.30782506754927,0.0
22400607,1610612757,POR,95.30782506754927,101,87,96,99.15960267378586,1.0
22400608,1610612753,ORL,86.38890157160955,79,85,91,84.25268434382009,0.0
22400608,1610612761,TOR,84.25268434382009,91,73,79,86.38890157160955,1.0
22400609,1610612743,DEN,103.39608029270944,120,85,103,97.7047315317762,1.0
22400609,1610612755,PHI,97.7047315317762,103,96,120,103.39608029270944,0.0
22400610,1610612747,LAL,100.40084528209343,97,90,79,97.22674814866134,1.0
22400610,1610612764,WAS,97.22674814866134,79,95,97,100.40084528209343,0.0
22400611,1610612741,CHI,102.27890939286874,91,94,83,102.44236344805583,1.0
22400611,1610612746,LAC,102.44236344805583,83,94,91,102.27890939286874,0.0
22400612,1610612737,ATL,123.6226421605824,84,103,96,98.30480592221754,0.0
22400612,1610612765,DET,98.30480592221754,96,84,84,123.6226421605824,1.0
22400613,1610612751,BKN,93.21589245529633,75,91,98,88.75383906056521,0.0
22400613,1610612756,PHX,88.75383906056521,98,88,75,93.21589245529633,1.0
22400614,1610612742,DAL,94.33179185580943,98,90,85,90.26308832848284,1.0
22400614,1610612750,MIN,90.26308832848284,85,81,98,94.33179185580943,0.0
22400615,1610612739,CLE,102.58047097744932,95,97,95,94.22454035406477,0.5
22400615,1610612745,HOU,94.22454035406477,95,91,95,102.58047097744932,0.5
22400616,1610612763,MEM,110.28646453102706,119,98,93,94.84587720895908,1.0
22400616,1610612766,CHA,94.84587720895908,93,86,119,110.28646453102706,0.0
22400617,1610612740,NOP,93.0205213606446,98,95,97,91.3521080511605,1.0
22400617,1610612749,MIL,91.3521080511605,97,92,98,93.0205213606446,0.0
22400618,1610612760,OKC,110.75784619879458,100,95,98,99.207440456459,1.0
22400618,1610612762,UTA,99.207440456459,98,90,100,110.75784619879458,0.0
22400619,1610612744,GSW,97.35145834786304,108,92,93,82.12711707265284,1.0
22400619,1610612758,SAC,82.12711707265284,93,81,108,97.35145834786304,0.0
22400620,1610612738,BOS,89.02370812607414,101,90,103,93.86925462993877,0.0
22400620,1610612746,LAC,93.86925462993877,103,90,101,89.02370812607414,1.0
22400621,1610612754,IND,100.92532073779404,101,97,134,103.1657119026095,0.0
22400621,1610612759,SAS,103.1657119026095,134,96,101,100.92532073779404,1.0
22400622,1610612753,ORL,75.14541470261095,58,76,89,84.5144378218541,0.0
22400622,1610612757,POR,84.5144378218541,89,82,58,75.14541470261095,1.0
22400623,1610612737,ATL,99.78843972899868,97,87,103,91.89961530712633,0.0
22400623,1610612761,TOR,91.89961530712633,103,81,97,99.78843972899868,1.0
22400624,1610612748,MIA,103.7934532368614,80,92,110,107.8355445802865,0.0
22400624,1610612749,MIL,107.8355445802865,110,98,80,103.7934532368614,1.0
22400625,1610612742,DAL,77.05676959359306,92,74,99,95.76588053233652,0.0
22400625,1610612760,OKC,95.76588053233652,99,88,92,77.05676959359306,1.0
22400626,1610612743,DEN,113.36807792524067,111,101,109,106.07275784987775,1.0
22400626,1610612758,SAC,106.07275784987775,109,107,111,113.36807792524067,0.0
22400627,1610612762,UTA,95.92173370456692,117,89,98,102.76266553031103,1.0
22400627,1610612764,WAS,102.76266553031103,98,93,117,95.92173370456692,0.0
22400628,1610612741,CHI,90.61454512103971,84,87,117,106.27538770810857,0.0
22400628,1610612744,GSW,106.27538770810857,117,102,84,90.61454512103971,1.0
22400629,1610612738,BOS,97.62260016692068,84,91,99,91.34306327461441,0.0
22400629,1610612747,LAL,91.34306327461441,99,89,84,97.62260016692068,1.0
22400630,1610612757,POR,92.05572789201096,75,79,73,97.4789672689922,1.0
22400630,1610612766,CHA,97.4789672689922,73,85,75,92.05572789201096,0.0
22400631,1610612739,CLE,101.83770266046434,115,90,109,92.37301282270231,1.0
22400631,1610612755,PHI,92.37301282270231,109,87,115,101.83770266046434,0.0
22400632,1610612740,NOP,87.49939566713542,104,83,131,108.1853438644499,0.0
22400632,1610612763,MEM,108.1853438644499,131,101,104,87.49939566713542,1.0
22400633,1610612754,IND,108.90742508564091,123,102,81,92.80770277050586,1.0
22400633,1610612759,SAS,92.80770277050586,81,85,123,108.90742508564091,0.0
22400634,1610612743,DEN,92.23229225947303,97,88,120,101.98817618690309,0.0
22400634,1610612750,MIN,101.98817618690309,120,95,97,92.23229225947303,1.0
22400635,1610612738,BOS,108.86731932596463,108,103,86,94.15864061845616,1.0
22400635,1610612742,DAL,94.15864061845616,86,88,108,108.86731932596463,0.0
22400636,1610612748,MIA,87.37531279007437,83,79,74,84.20117527559856,1.0
22400636,1610612751,BKN,84.20117527559856,74,80,83,87.37531279007437,0.0
22400637,1610612740,NOP,81.42402904531086,72,84,105,87.09477730230158,0.0
22400637,1610612766,CHA,87.09477730230158,105,84,72,81.42402904531086,1.0
22400638,1610612753,ORL,86.63739970657456,95,83,90,86.4277119932837,1.0
22400638,1610612765,DET,86.4277119932837,90,86,95,86.63739970657456,0.0
22400639,1610612737,ATL,96.03937121394341,77,84,95,104.56196182965842,0.0
22400639,1610612761,TOR,104.56196182965842,95,90,77,96.03937121394341,1.0
22400640,1610612739,CLE,99.19933383295354,111,91,103,92.02041830675931,1.0
22400640,1610612745,HOU,92.02041830675931,103,82,111,99.19933383295354,0.0
22400641,1610612752,NYK,121.90075957267166,121,105,106,104.7362005027543,1.0
22400641,1610612758,SAC,104.7362005027543,106,95,121,121.90075957267166,0.0
22400642,1610612741,CHI,98.7444163516469,84,85,97,102.91217129498197,0.0
22400642,1610612755,PHI,102.91217129498197,97,92,84,98.7444163516469,1.0
22400643,1610612762,UTA,104.48288114335865,90,92,100,94.99155202641566,0.0
22400643,1610612763,MEM,94.99155202641566,100,84,90,104.48288114335865,1.0
22400644,1610612744,GSW,92.56667487346719,98,89,104,85.08213432025875,0.0
22400644,1610612747,LAL,85.08213432025875,104,86,98,92.56667487346719,1.0
22400645,1610612756,PHX,100.57146520363251,93,90,102,100.06104708756821,0.0
22400645,1610612764,WAS,100.06104708756821,102,90,93,100.57146520363251,1.0
22400646,1610612746,LAC,100.06045321853907,99,97,87,81.67256788515789,1.0
22400646,1610612749,MIL,81.67256788515789,87,79,99,100.06045321853907,0.0
22400647,1610612757,POR,78.8452696599074,84,81,94,90.91757608784964,0.0
22400647,1610612760,OKC,90.91757608784964,94,89,84,78.8452696599074,1.0
22400648,1610612747,LAL,99.30368235600221,94,86,92,100.21312763586096,1.0
22400648,1610612766,CHA,100.21312763586096,92,87,94,99.30368235600221,0.0
22400649,1610612739,CLE,93.53366046682392,92,91,84,92.31235918615639,1.0
22400649,1610612765,DET,92.31235918615639,84,96,92,93.53366046682392,0.0
22400650,1610612738,BOS,83.85786383430518,93,80,99,91.47887974084033,0.0
22400650,1610612745,HOU,91.47887974084033,99,92,93,83.85786383430518,1.0
22400651,1610612751,BKN,93.9817530500642,70,82,99,91.54540966658426,0.0
22400651,1610612758,SAC,91.54540966658426,99,82,70,93.9817530500642,1.0
22400652,1610612748,MIA,100.92008996169078,111,92,104,107.07381790658933,1.0
22400652,1610612753,ORL,107.07381790658933,104,98,111,100.92008996169078,0.0
22400653,1610612752,NYK,126.22287054235723,129,108,91,98.1439659450864,1.0
22400653,1610612763,MEM,98.1439659450864,91,91,129,126.22287054235723,0.0
22400654,1610612740,NOP,96.14504039097574,84,89,95,114.13853570718359,0.0
22400654,1610612761,TOR,114.13853570718359,95,100,84,96.14504039097574,1.0
22400655,1610612741,CHI,105.9147274486484,122,98,110,122.01484804714873,1.0
22400655,1610612743,DEN,122.01484804714873,110,100,122,105.9147274486484,0.0
22400656,1610612737,ATL,96.76676983279616,80,86,80,101.0535712947372,0.5
22400656,1610612750,MIN,101.0535712947372,80,86,80,96.76676983279616,0.5
22400657,1610612742,DAL,105.49893040658228,118,92,95,106.95514911950838,1.0
22400657,1610612764,WAS,106.95514911950838,95,101,118,105.49893040658228,0.0
22400658,1610612749,MIL,94.23366069072145,116,86,100,104.82417577362283,1.0
22400658,1610612762,UTA,104.82417577362283,100,100,116,94.23366069072145,0.0
22400659,1610612746,LAC,91.58510763572767,92,83,102,88.29326970106048,0.0
22400659,1610612756,PHX,88.29326970106048,102,85,92,91.58510763572767,1.0
22400660,1610612747,LAL,83.32070901342692,84,72,97,103.11249253961296,0.0
22400660,1610612755,PHI,103.11249253961296,97,91,84,83.32070901342692,1.0
22400661,1610612744,GSW,103.35117692904187,89,92,86,82.00382519424845,1.0
22400661,1610612762,UTA,82.00382519424845,86,76,89,103.35117692904187,0.0
22400662,1610612749,MIL,102.18197203275054,99,87,102,95.94469522190855,0.0
22400662,1610612757,POR,95.94469522190855,102,88,99,102.18197203275054,1.0
22400663,1610612751,BKN,87.22115725709763,88,80,66,82.94467691317801,1.0
22400663,1610612766,CHA,82.94467691317801,66,83,88,87.22115725709763,0.0
22400664,1610612754,IND,86.59019241436262,111,81,100,99.07453620985017,1.0
22400664,1610612765,DET,99.07453620985017,100,89,111,86.59019241436262,0.0
22400665,1610612761,TOR,91.10742648405338,95,88,61,70.13364454166553,1.0
22400665,1610612764,WAS,70.13364454166553,61,72,95,91.10742648405338,0.0
22400666,1610612738,BOS,84.17676474485697,100,87,89,93.15779455545017,1.0
22400666,1610612741,CHI,93.15779455545017,89,92,100,84.17676474485697,0.0
22400667,1610612739,CLE,106.46953237913178,121,100,93,86.85111838752042,1.0
22400667,1610612748,MIA,86.85111838752042,93,83,121,106.46953237913178,0.0
22400668,1610612743,DEN,88.43474927446813,92,84,110,114.25722828202188,0.0
22400668,1610612752,NYK,114.25722828202188,110,93,92,88.43474927446813,1.0
22400669,1610612755,PHI,88.64709799496856,98,82,90,106.0276509099071,1.0
22400669,1610612758,SAC,106.0276509099071,90,90,98,88.64709799496856,0.0
22400670,1610612740,NOP,102.3902371670508,117,96,124,105.04042715787018,0.0
22400670,1610612742,DAL,105.04042715787018,124,96,117,102.3902371670508,1.0
22400671,1610612746,LAC,98.88508986092798,108,91,98,103.22119792673848,1.0
22400671,1610612759,SAS,103.22119792673848,98,87,108,98.88508986092798,0.0
22400672,1610612750,MIN,83.35194668877459,97,75,98,90.60552699262493,0.0
22400672,1610612756,PHX,90.60552699262493,98,85,97,83.35194668877459,1.0
22400673,1610612744,GSW,82.04129749521958,93,81,89,101.3750313622524,1.0
22400673,1610612760,OKC,101.3750313622524,89,99,93,82.04129749521958,0.0
22400674,1610612747,LAL,101.68311893840836,113,90,68,96.07130292030989,1.0
22400674,1610612764,WAS,96.07130292030989,68,91,113,101.68311893840836,0.0
22400675,1610612737,ATL,89.57767593062283,95,90,119,94.14873680720252,0.0
22400675,1610612739,CLE,94.14873680720252,119,91,95,89.57767593062283,1.0
22400676,1610612745,HOU,104.11341066755902,97,97,105,99.992811249634,0.0
22400676,1610612763,MEM,99.992811249634,105,93,97,104.11341066755902,1.0
22400677,1610612750,MIN,89.87077278370523,119,82,92,78.26626701510096,1.0
22400677,1610612762,UTA,78.26626701510096,92,77,119,89.87077278370523,0.0
22400678,1610612753,ORL,91.1550275341962,73,81,94,87.97228236935824,0.0
22400678,1610612757,POR,87.97228236935824,94,78,73,91.1550275341962,1.0
22400679,1610612746,LAC,94.46432495024149,99,81,91,113.36489073780457,1.0
22400679,1610612766,CHA,113.36489073780457,91,96,99,94.46432495024149,0.0
22400680,1610612742,DAL,90.85709858340569,85,87,103,118.5397863163906,0.0
22400680,1610612765,DET,118.5397863163906,103,106,85,90.85709858340569,1.0
22400681,1610612743,DEN,100.325552479319,120,82,121,97.34908775440405,0.0
22400681,1610612755,PHI,97.34908775440405,121,90,120,100.325552479319,1.0
22400682,1610612741,CHI,103.12833436418622,108,89,88,104.51053675668489,1.0
22400682,1610612761,TOR,104.51053675668489,88,92,108,103.12833436418622,0.0
22400683,1610612738,BOS,88.46510095373881,100,84,103,93.60148573274411,0.0
22400683,1610612740,NOP,93.60148573274411,103,90,100,88.46510095373881,1.0
22400684,1610612749,MIL,111.73203365490116,98,100,124,121.01590351413257,0.0
22400684,1610612759,SAS,121.01590351413257,124,102,98,111.73203365490116,1.0
22400685,1610612744,GSW,101.0014077201487,88,96,119,96.45086768636024,0.0
22400685,1610612756,PHX,96.45086768636024,119,89,88,101.0014077201487,1.0
22400686,1610612737,ATL,99.10347306110442,104,90,110,95.36896190681769,0.0
22400686,1610612754,IND,95.36896190681769,110,90,104,99.10347306110442,1.0
22400687,1610612753,ORL,98.19873140562626,69,91,92,89.00814963207218,0.0
22400687,1610612762,UTA,89.00814963207218,92,84,69,98.19873140562626,1.0
22400688,1610612743,DEN,90.14910922920058,89,88,91,87.3960064989804,0.0
22400688,1610612766,CHA,87.3960064989804,91,95,89,90.14910922920058,1.0
22400689,1610612745,HOU,97.75134719780218,88,95,96,91.42481291827875,0.0
22400689,1610612751,BKN,91.42481291827875,96,87,88,97.75134719780218,1.0
22400690,1610612750,MIN,104.72031265954831,88,93,91,82.32903978793303,0.0
22400690,1610612764,WAS,82.32903978793303,91,83,88,104.72031265954831,1.0
22400691,1610612758,SAC,107.6463694462281,91,100,133,121.86151125513513,0.0
22400691,1610612760,OKC,121.86151125513513,133,107,91,107.6463694462281,1.0
22400692,1610612747,LAL,92.50339183973705,113,81,98,104.16665794419998,1.0
22400692,1610612752,NYK,104.16665794419998,98,95,113,92.50339183973705,0.0
22400693,1610612748,MIA,99.197990049712,95,89,88,99.6194546125306,1.0
22400693,1610612759,SAS,99.6194546125306,88,91,95,99.197990049712,0.0
22400694,1610612756,PHX,87.04361942498805,86,84,101,105.00314414982692,0.0
22400694,1610612757,POR,105.00314414982692,101,89,86,87.04361942498805,1.0
22400695,1610612741,CHI,97.34082897141386,101,89,118,110.17694182687262,0.0
22400695,1610612765,DET,110.17694182687262,118,99,101,97.34082897141386,1.0
22400696,1610612739,CLE,112.65718732042319,132,93,89,111.93745291387883,1.0
22400696,1610612742,DAL,111.93745291387883,89,103,132,112.65718732042319,0.0
22400697,1610612746,LAC,95.56170438338143,91,88,101,100.09233856235291,0.0
22400697,1610612761,TOR,100.09233856235291,101,85,91,95.56170438338143,1.0
22400698,1610612738,BOS,98.59259004912649,105,84,89,86.23839532276534,1.0
22400698,1610612755,PHI,86.23839532276534,89,82,105,98.59259004912649,0.0
22400699,1610612749,MIL,98.14252828931315,108,91,118,113.64274515704889,0.0
22400699,1610612763,MEM,113.64274515704889,118,107,108,98.14252828931315,1.0
22400700,1610612764,WAS,110.48709061646392,105,99,89,95.12695128516329,1.0
22400700,1610612766,CHA,95.12695128516329,89,89,105,110.48709061646392,0.0
22400701,1610612737,ATL,87.9126236457569,100,81,95,91.5652327307623,1.0
22400701,1610612765,DET,91.5652327307623,95,83,100,87.9126236457569,0.0
22400702,1610612745,HOU,110.70848213854075,104,104,100,106.12923164441472,1.0
22400702,1610612752,NYK,106.12923164441472,100,93,104,110.70848213854075,0.0
22400703,1610612759,SAS,105.69864519162276,94,91,110,114.0359815418638,0.0
22400703,1610612763,MEM,114.0359815418638,110,99,94,105.69864519162276,1.0
22400704,1610612750,MIN,112.66997443840184,98,94,100,95.61141934539243,0.0
22400704,1610612758,SAC,95.61141934539243,100,92,98,112.66997443840184,1.0
22400705,1610612749,MIL,99.69396028791942,83,93,118,114.99593318791527,0.0
22400705,1610612760,OKC,114.99593318791527,118,99,83,99.69396028791942,1.0
22400706,1610612740,NOP,90.06927095365911,94,88,104,98.29343608707174,0.0
22400706,1610612743,DEN,98.29343608707174,104,92,94,90.06927095365911,1.0
22400707,1610612754,IND,102.50444333383376,96,91,91,99.4859805549918,1.0
22400707,1610612762,UTA,99.4859805549918,91,91,96,102.50444333383376,0.0
22400708,1610612744,GSW,77.66179024333513,80,78,94,94.35862822868746,0.0
22400708,1610612753,ORL,94.35862822868746,94,99,80,77.66179024333513,1.0
22400709,1610612756,PHX,91.84073958662819,95,85,96,97.62955391765384,0.0
22400709,1610612757,POR,97.62955391765384,96,89,95,91.84073958662819,1.0
22400710,1610612738,BOS,103.08363769060074,97,98,83,101.91714441563018,1.0
22400710,1610612739,CLE,101.91714441563018,83,91,97,103.08363769060074,0.0
22400711,1610612745,HOU,84.84095801438812,79,83,86,84.04629742322315,0.0
22400711,1610612751,BKN,84.04629742322315,86,82,79,84.84095801438812,1.0
22400712,1610612742,DAL,95.97864692449188,91,85,105,98.63544595743905,0.0
22400712,1610612755,PHI,98.63544595743905,105,86,91,95.97864692449188,1.0
22400713,1610612752,NYK,103.2199396289957,102,94,97,93.37257274135919,1.0
22400713,1610612761,TOR,93.37257274135919,97,82,102,103.2199396289957,0.0
22400714,1610612741,CHI,90.13213955173289,115,91,103,91.52804739798358,1.0
22400714,1610612748,MIA,91.52804739798358,103,90,115,90.13213955173289,0.0
22400715,1610612746,LAC,90.42579001814715,80,89,108,87.71545705421914,0.0
22400715,1610612747,LAL,87.71545705421914,108,81,80,90.42579001814715,1.0
22400716,1610612754,IND,85.73802046773905,73,81,96,104.25186932681841,0.0
22400716,1610612757,POR,104.25186932681841,96,92,73,85.73802046773905,1.0
22400717,1610612749,MIL,86.92756521014766,100,81,87,87.17369936284535,1.0
22400717,1610612766,CHA,87.17369936284535,87,88,100,86.92756521014766,0.0
22400718,1610612739,CLE,88.88267184346262,98,85,90,101.38596142788755,1.0
22400718,1610612765,DET,101.38596142788755,90,98,98,88.88267184346262,0.0
22400719,1610612737,ATL,107.16036298832968,112,91,114,121.64862350118038,0.0
22400719,1610612759,SAS,121.64862350118038,114,101,112,107.16036298832968,1.0
22400720,1610612751,BKN,86.1975649817103,85,83,108,85.09172331002885,0.0
22400720,1610612764,WAS,85.09172331002885,108,81,85,86.1975649817103,1.0
22400721,1610612748,MIA,92.47405294908383,92,83,86,102.92419269806351,1.0
22400721,1610612755,PHI,102.92419269806351,86,96,92,92.47405294908383,0.0
22400722,1610612761,TOR,106.82866543156432,90,98,110,99.85646070054054,0.0
22400722,1610612763,MEM,99.85646070054054,110,89,90,106.82866543156432,1.0
22400723,1610612741,CHI,86.15928219747958,92,83,104,108.66674306145138,0.0
22400723,1610612750,MIN,108.66674306145138,104,98,92,86.15928219747958,1.0
22400724,1610612756,PHX,73.42489762395634,80,70,116,112.27634258758857,0.0
22400724,1610612760,OKC,112.27634258758857,116,102,80,73.42489762395634,1.0
22400725,1610612744,GSW,108.70978047498286,109,100,109,98.56584070467953,0.5
22400725,1610612762,UTA,98.56584070467953,109,92,109,108.70978047498286,0.5
22400726,1610612740,NOP,88.99728170918716,96,93,130,105.79778878892857,0.0
22400726,1610612743,DEN,105.79778878892857,130,100,96,88.99728170918716,1.0
22400727,1610612753,ORL,93.57339000480603,116,88,90,81.02055149390017,1.0
22400727,1610612758,SAC,81.02055149390017,90,80,116,93.57339000480603,0.0
22400728,1610612738,BOS,99.18786763301495,108,89,113,87.15806951113802,0.0
22400728,1610612742,DAL,87.15806951113802,113,88,108,99.18786763301495,1.0
22400729,1610612745,HOU,90.98156597396152,94,84,106,108.02992562255602,0.0
22400729,1610612750,MIN,108.02992562255602,106,94,94,90.98156597396152,1.0
22400730,1610612743,DEN,91.18102578522407,100,83,67,83.18457697637008,1.0
22400730,1610612753,ORL,83.18457697637008,67,84,100,91.18102578522407,0.0
22400731,1610612744,GSW,106.51505341995194,98,101,91,92.11754036407702,1.0
22400731,1610612747,LAL,92.11754036407702,91,78,98,106.51505341995194,0.0
22400732,1610612757,POR,99.92734642792671,94,90,84,93.1828810775564,1.0
22400732,1610612758,SAC,93.1828810775564,84,88,94,99.92734642792671,0.0
22400733,1610612746,LAC,96.16409551987387,99,88,99,106.45574434186791,0.5
22400733,1610612754,IND,106.45574434186791,99,95,99,96.16409551987387,0.5
22400734,1610612759,SAS,101.54265386933935,96,92,111,105.04704613353711,0.0
22400734,1610612766,CHA,105.04704613353711,111,101,96,101.54265386933935,1.0
22400735,1610612739,CLE,102.45389632371847,112,94,108,94.90831448020668,1.0
22400735,1610612764,WAS,94.90831448020668,108,94,112,102.45389632371847,0.0
22400736,1610612737,ATL,109.93636329952032,103,92,101,104.49412591755943,1.0
22400736,1610612749,MIL,104.49412591755943,101,96,103,109.93636329952032,0.0
22400737,1610612748,MIA,91.6999314332789,76,90,88,93.26922809200356,0.0
22400737,1610612751,BKN,93.26922809200356,88,93,76,91.6999314332789,1.0
22400738,1610612755,PHI,85.49657946215424,95,83,105,114.48616439433832,0.0
22400738,1610612765,DET,114.48616439433832,105,97,95,85.49657946215424,1.0
22400739,1610612760,OKC,94.38322764917515,95,84,97,98.71684390585793,0.0
22400739,1610612761,TOR,98.71684390585793,97,91,95,94.38322764917515,1.0
22400740,1610612756,PHX,111.48995547323048,116,104,109,128.36099359930435,1.0
22400740,1610612762,UTA,128.36099359930435,109,117,116,111.48995547323048,0.0
22400741,1610612742,DAL,88.2037320571294,90,83,88,106.47081838563554,1.0
22400741,1610612745,HOU,106.47081838563554,88,100,90,88.2037320571294,0.0
22400742,1610612747,LAL,97.33316031797,103,88,86,95.61854921016425,1.0
22400742,1610612754,IND,95.61854921016425,86,87,103,97.33316031797,0.0
22400743,1610612753,ORL,90.73497648529343,100,88,95,79.16858131494878,1.0
22400743,1610612759,SAS,79.16858131494878,95,77,100,90.73497648529343,0.0
22400744,1610612737,ATL,106.4535848793202,112,97,91,97.66933939732131,1.0
22400744,1610612764,WAS,97.66933939732131,91,93,112,106.4535848793202,0.0
22400745,1610612741,CHI,78.79511434763084,87,79,109,93.74544301470245,0.0
22400745,1610612744,GSW,93.74544301470245,109,90,87,78.79511434763084,1.0
22400746,1610612760,OKC,112.78739315172449,108,105,84,80.67766493609267,1.0
22400746,1610612763,MEM,80.67766493609267,84,81,108,112.78739315172449,0.0
22400747,1610612750,MIN,87.2691962295381,96,82,81,92.19259303639929,1.0
22400747,1610612757,POR,92.19259303639929,81,92,96,87.2691962295381,0.0
22400748,1610612738,BOS,96.55590694271234,111,85,79,87.78812654899183,1.0
22400748,1610612752,NYK,87.78812654899183,79,83,111,96.55590694271234,0.0
22400749,1610612743,DEN,98.09014182011342,106,92,93,101.93478170754885,1.0
22400749,1610612756,PHX,101.93478170754885,93,98,106,98.09014182011342,0.0
22400750,1610612740,NOP,100.16680815976258,100,90,97,104.247987467358,1.0
22400750,1610612758,SAC,104.247987467358,97,91,100,100.16680815976258,0.0
22400751,1610612746,LAC,101.52602336868088,113,88,95,85.5744469361657,1.0
22400751,1610612762,UTA,85.5744469361657,95,83,113,101.52602336868088,0.0
22400752,1610612765,DET,102.99600035049319,99,90,83,79.8685014711032,1.0
22400752,1610612766,CHA,79.8685014711032,83,78,99,102.99600035049319,0.0
22400753,1610612745,HOU,88.12455378067199,72,86,74,89.149098150892,0.0
22400753,1610612761,TOR,89.149098150892,74,90,72,88.12455378067199,1.0
22400754,1610612749,MIL,116.68437265027275,116,105,112,99.00563911977956,1.0
22400754,1610612755,PHI,99.00563911977956,112,89,116,116.68437265027275,0.0
22400755,1610612739,CLE,103.34014393656925,113,94,84,97.64701203949272,1.0
22400755,1610612750,MIN,97.64701203949272,84,90,113,103.34014393656925,0.0
22400756,1610612737,ATL,75.26053907646296,88,77,86,77.35165934988548,1.0
22400756,1610612753,ORL,77.35165934988548,86,78,88,75.26053907646296,0.0
22400757,1610612759,SAS,98.42644288589659,107,88,104,98.7617116366765,1.0
22400757,1610612764,WAS,98.7617116366765,104,93,107,98.42644288589659,0.0
22400758,1610612751,BKN,103.49147605963122,84,93,70,84.2212051788577,1.0
22400758,1610612766,CHA,84.2212051788577,70,78,84,103.49147605963122,0.0
22400759,1610612738,BOS,93.5487480343549,95,85,73,101.63538530856029,1.0
22400759,1610612748,MIA,101.63538530856029,73,92,95,93.5487480343549,0.0
22400760,1610612744,GSW,106.00731217939523,95,93,86,84.16100002026695,1.0
22400760,1610612749,MIL,84.16100002026695,86,76,95,106.00731217939523,0.0
22400761,1610612740,NOP,88.0237313249215,82,82,125,108.56760168016612,0.0
22400761,1610612760,OKC,108.56760168016612,125,95,82,88.0237313249215,1.0
22400762,1610612742,DAL,104.55024521426783,113,95,115,103.83888475313029,0.0
22400762,1610612758,SAC,103.83888475313029,115,96,113,104.55024521426783,1.0
22400763,1610612743,DEN,105.91972123349312,128,91,95,95.30315493300891,1.0
22400763,1610612757,POR,95.30315493300891,95,88,128,105.91972123349312,0.0
22400764,1610612755,PHI,102.88752923299984,83,91,87,90.48336922729177,0.0
22400764,1610612761,TOR,90.48336922729177,87,82,83,102.88752923299984,1.0
22400765,1610612752,NYK,97.75525553343142,108,91,95,94.93642111044886,1.0
22400765,1610612754,IND,94.93642111044886,95,89,108,97.75525553343142,0.0
22400766,1610612741,CHI,113.70096039726157,80,100,120,116.10362908586545,0.0
22400766,1610612765,DET,116.10362908586545,120,96,80,113.70096039726157,1.0
22400767,1610612756,PHX,97.73277444293296,94,92,98,107.63783119529029,0.0
22400767,1610612763,MEM,107.63783119529029,98,100,94,97.73277444293296,1.0
22400768,1610612747,LAL,103.11432855652355,115,92,90,91.4921138342637,1.0
22400768,1610612762,UTA,91.4921138342637,90,84,115,103.11432855652355,0.0
22400769,1610612738,BOS,95.17769688039229,102,91,93,100.02853673064833,1.0
22400769,1610612759,SAS,100.02853673064833,93,96,102,95.17769688039229,0.0
22400770,1610612753,ORL,88.74069018543973,88,90,72,76.42347390855694,1.0
22400770,1610612766,CHA,76.42347390855694,72,81,88,88.74069018543973,0.0
22400771,1610612754,IND,114.33969017224273,116,107,117,101.78012127055264,0.0
22400771,1610612764,WAS,101.78012127055264,117,97,116,114.33969017224273,1.0
22400772,1610612751,BKN,96.20761804089614,88,85,78,87.26904594614024,1.0
22400772,1610612755,PHI,87.26904594614024,78,81,88,96.20761804089614,0.0
22400773,1610612737,ATL,127.56770789286158,124,110,119,102.37297380281598,1.0
22400773,1610612752,NYK,102.37297380281598,119,94,124,127.56770789286158,0.0
22400774,1610612739,CLE,117.17231845734115,114,99,94,99.1850658424036,1.0
22400774,1610612761,TOR,99.1850658424036,94,91,114,117.17231845734115,0.0
22400775,1610612741,CHI,102.29520838220135,83,86,100,105.29017897183658,0.0
22400775,1610612765,DET,105.29017897183658,100,88,83,102.29520838220135,1.0
22400776,1610612749,MIL,88.50885513095136,90,88,88,115.31059386470842,1.0
22400776,1610612750,MIN,115.31059386470842,88,103,90,88.50885513095136,0.0
22400777,1610612740,NOP,108.26034659272885,96,94,98,92.98355870708,0.0
22400777,1610612758,SAC,92.98355870708,98,87,96,108.26034659272885,1.0
22400778,1610612748,MIA,85.02704910845783,83,79,101,93.58340868792514,0.0
22400778,1610612760,OKC,93.58340868792514,101,88,83,85.02704910845783,1.0
22400779,1610612745,HOU,112.374153212383,105,97,102,92.26574556346492,1.0
22400779,1610612756,PHX,92.26574556346492,102,89,105,112.374153212383,0.0
22400780,1610612743,DEN,98.23666469948346,113,96,100,100.20008334966457,1.0
22400780,1610612757,POR,100.20008334966457,100,94,113,98.23666469948346,0.0
22400781,1610612747,LAL,100.91603579257131,102,92,105,94.2244800862945,0.0
22400781,1610612762,UTA,94.2244800862945,105,86,102,100.91603579257131,1.0
22400782,1610612742,DAL,95.12389808237356,99,87,92,112.20517737069098,1.0
22400782,1610612744,GSW,112.20517737069098,92,96,99,95.12389808237356,0.0
22400783,1610612746,LAC,94.85298178033284,107,93,106,88.44363407292327,1.0
22400783,1610612763,MEM,88.44363407292327,106,89,107,94.85298178033284,0.0
22400784,1610612744,GSW,91.56283966362577,81,89,88,97.9236868109967,0.0
22400784,1610612745,HOU,97.9236868109967,88,93,81,91.56283966362577,1.0
22400785,1610612740,NOP,106.2397329512837,113,92,115,121.15445955745281,0.0
22400785,1610612758,SAC,121.15445955745281,115,112,113,106.2397329512837,1.0
22400786,1610612742,DAL,97.34617044924944,105,90,96,99.47552253492381,1.0
22400786,1610612748,MIA,99.47552253492381,96,91,105,97.34617044924944,0.0
22400787,1610612750,MIN,103.87696863738,96,99,81,97.11925046092735,1.0
22400787,1610612760,OKC,97.11925046092735,81,88,96,103.87696863738,0.0
22400788,1610612754,IND,91.45605617480376,109,91,94,99.21825017308082,1.0
22400788,1610612763,MEM,99.21825017308082,94,99,109,91.45605617480376,0.0
22400789,1610612738,BOS,104.62973671553425,110,89,88,102.89631558436388,1.0
22400789,1610612755,PHI,102.89631558436388,88,93,110,104.62973671553425,0.0
22400790,1610612737,ATL,110.87335756993883,89,100,88,96.85728372421167,1.0
22400790,1610612753,ORL,96.85728372421167,88,85,89,110.87335756993883,0.0
22400791,1610612739,CLE,107.17263735360116,91,94,86,100.67078580205578,1.0
22400791,1610612751,BKN,100.67078580205578,86,95,91,107.17263735360116,0.0
22400792,1610612741,CHI,113.04465727701957,101,103,106,115.18273211310805,0.0
22400792,1610612752,NYK,115.18273211310805,106,107,101,113.04465727701957,1.0
22400793,1610612746,LAC,94.88298796562391,94,88,93,90.32168303522731,1.0
22400793,1610612749,MIL,90.32168303522731,93,80,94,94.88298796562391,0.0
22400794,1610612743,DEN,107.80739268094673,117,98,101,106.92524935194811,1.0
22400794,1610612766,CHA,106.92524935194811,101,99,117,107.80739268094673,0.0
22400795,1610612756,PHX,93.1032815570453,92,81,103,105.06765027433136,0.0
22400795,1610612759,SAS,105.06765027433136,103,93,92,93.1032815570453,1.0
22400796,1610612747,LAL,92.16776007996681,87,82,88,102.28636598476321,0.0
22400796,1610612757,POR,102.28636598476321,88,86,87,92.16776007996681,1.0
22400797,1610612739,CLE,109.91888681918947,131,92,94,90.55510238371475,1.0
22400797,1610612752,NYK,90.55510238371475,94,89,131,109.91888681918947,0.0
22400798,1610612753,ORL,92.39296985588747,81,88,83,96.18981482060447,0.0
22400798,1610612763,MEM,96.18981482060447,83,92,81,92.39296985588747,1.0
22400799,1610612749,MIL,85.49253129542834,87,82,82,89.76956012322385,1.0
22400799,1610612764,WAS,89.76956012322385,82,87,87,85.49253129542834,0.0
22400800,1610612748,MIA,98.46603241558408,105,90,93,95.77942565693307,1.0
22400800,1610612761,TOR,95.77942565693307,93,91,105,98.46603241558408,0.0
22400801,1610612745,HOU,89.04127655221949,97,84,93,96.91740885792433,1.0
22400801,1610612750,MIN,96.91740885792433,93,92,97,89.04127655221949,0.0
22400802,1610612759,SAS,93.05481994486027,96,84,106,109.46191697169452,0.0
22400802,1610612765,DET,109.46191697169452,106,94,96,93.05481994486027,1.0
22400803,1610612740,NOP,100.66325509150205,84,92,90,93.0732297762846,0.0
22400803,1610612742,DAL,93.0732297762846,90,86,84,100.66325509150205,1.0
22400804,1610612760,OKC,109.07186186932583,111,97,97,90.564286728991,1.0
22400804,1610612762,UTA,90.564286728991,97,90,111,109.07186186932583,0.0
22400805,1610612744,GSW,99.9657682473958,120,93,91,80.5141509160624,1.0
22400805,1610612758,SAC,80.5141509160624,91,79,120,99.9657682473958,0.0
22400806,1610612741,CHI,100.54543720259093,100,98,96,87.37716263346796,1.0
22400806,1610612756,PHX,87.37716263346796,96,89,100,100.54543720259093,0.0
22400807,1610612751,BKN,94.75734440690191,89,81,82,95.96184018047109,1.0
22400807,1610612755,PHI,95.96184018047109,82,85,89,94.75734440690191,0.0
22400808,1610612743,DEN,93.32262687765066,84,85,102,94.46341736579006,0.0
22400808,1610612747,LAL,94.46341736579006,102,86,84,93.32262687765066,1.0
22400809,1610612745,HOU,105.36275754249723,105,100,111,102.5830686724779,0.0
22400809,1610612762,UTA,102.5830686724779,111,98,105,105.36275754249723,1.0
22400810,1610612757,POR,105.8232356326985,122,87,73,108.68797144630305,1.0
22400810,1610612766,CHA,108.68797144630305,73,98,122,105.8232356326985,0.0
22400811,1610612738,BOS,95.94931289071403,107,91,94,89.18834551446614,1.0
22400811,1610612752,NYK,89.18834551446614,94,92,107,95.94931289071403,0.0
22400812,1610612742,DAL,88.09517890031071,89,82,106,98.19920091339137,0.0
22400812,1610612744,GSW,98.19920091339137,106,98,89,88.09517890031071,1.0
22400813,1610612746,LAC,91.23493555908465,86,85,104,91.5998839796944,0.0
22400813,1610612754,IND,91.5998839796944,104,84,86,91.23493555908465,1.0
22400814,1610612737,ATL,108.35389790754562,117,96,130,106.79443824253285,0.0
22400814,1610612765,DET,106.79443824253285,130,93,117,108.35389790754562,1.0
22400815,1610612753,ORL,97.67051313419388,91,90,74,84.51916359587983,1.0
22400815,1610612764,WAS,84.51916359587983,74,78,91,97.67051313419388,0.0
22400816,1610612756,PHX,95.34883600865601,93,85,106,102.22040265943379,0.0
22400816,1610612761,TOR,102.22040265943379,106,88,93,95.34883600865601,1.0
22400817,1610612748,MIA,92.62287120561312,91,88,102,98.34085074436437,0.0
22400817,1610612749,MIL,98.34085074436437,102,86,91,92.62287120561312,1.0
22400818,1610612740,NOP,111.34641895972392,95,94,79,107.84898573207978,1.0
22400818,1610612759,SAS,107.84898573207978,79,97,95,111.34641895972392,0.0
22400819,1610612739,CLE,109.01005411291705,105,99,99,97.60907423289473,1.0
22400819,1610612763,MEM,97.60907423289473,99,92,105,109.01005411291705,0.0
22400820,1610612750,MIN,85.73318437189589,96,89,115,89.1587159085983,0.0
22400820,1610612760,OKC,89.1587159085983,115,86,96,85.73318437189589,1.0
22400821,1610612746,LAC,93.02497361518519,85,92,81,84.15995920737241,1.0
22400821,1610612765,DET,84.15995920737241,81,79,85,93.02497361518519,0.0
22400822,1610612743,DEN,102.55056585052947,114,94,94,93.46757316757375,1.0
22400822,1610612754,IND,93.46757316757375,94,85,114,102.55056585052947,0.0
22400823,1610612741,CHI,104.16467408961347,108,89,84,102.98196344637383,1.0
22400823,1610612755,PHI,102.98196344637383,84,95,108,104.16467408961347,0.0
22400824,1610612751,BKN,85.73191382709788,80,84,83,71.46131780784006,0.0
22400824,1610612764,WAS,71.46131780784006,83,70,80,85.73191382709788,1.0
22400825,1610612737,ATL,104.38982359528421,89,88,61,91.06738678589134,1.0
22400825,1610612748,MIA,91.06738678589134,61,84,89,104.38982359528421,0.0
22400826,1610612750,MIN,96.92493703011004,97,97,105,116.53657430496946,0.0
22400826,1610612760,OKC,116.53657430496946,105,106,97,96.92493703011004,1.0
22400827,1610612757,POR,111.2804011030372,96,98,96,98.12233935902259,0.5
22400827,1610612762,UTA,98.12233935902259,96,98,96,111.2804011030372,0.5
22400828,1610612758,SAC,87.73393245597438,114,87,70,92.07760197618484,1.0
22400828,1610612766,CHA,92.07760197618484,70,85,114,87.73393245597438,0.0
22400829,1610612738,BOS,99.32506924130936,103,93,89,92.88815428661634,1.0
22400829,1610612761,TOR,92.88815428661634,89,83,103,99.32506924130936,0.0
22400830,1610612739,CLE,89.34038206575303,109,80,71,91.89747902278336,1.0
22400830,1610612753,ORL,91.89747902278336,71,90,109,89.34038206575303,0.0
22400831,1610612745,HOU,96.64853740362886,86,91,80,89.22736743304773,1.0
22400831,1610612749,MIL,89.22736743304773,80,85,86,96.64853740362886,0.0
22400832,1610612756,PHX,99.84537939800002,127,99,124,106.84194162359715,1.0
22400832,1610612763,MEM,106.84194162359715,124,99,127,99.84537939800002,0.0
22400833,1610612740,NOP,110.96734811458629,89,94,89,105.52865878670205,0.5
22400833,1610612759,SAS,105.52865878670205,89,93,89,110.96734811458629,0.5
22400834,1610612744,GSW,106.42303723016354,113,100,77,89.65422954200885,1.0
22400834,1610612766,CHA,89.65422954200885,77,89,113,106.42303723016354,0.0
22400835,1610612742,DAL,103.64753974120757,87,98,89,96.75448196557588,0.0
22400835,1610612747,LAL,96.75448196557588,89,87,87,103.64753974120757,1.0
22400836,1610612738,BOS,82.6316029146324,87,80,107,89.59291346150556,0.0
22400836,1610612765,DET,89.59291346150556,107,89,87,82.6316029146324,1.0
22400837,1610612754,IND,90.2029305097132,101,81,80,98.78174971989841,1.0
22400837,1610612761,TOR,98.78174971989841,80,87,101,90.2029305097132,0.0
22400838,1610612752,NYK,84.4446954705692,87,77,89,93.00788082956767,0.0
22400838,1610612755,PHI,93.00788082956767,89,88,87,84.4446954705692,1.0
22400839,1610612757,POR,110.8666541115332,102,101,98,92.24054231886304,1.0
22400839,1610612764,WAS,92.24054231886304,98,83,102,110.8666541115332,0.0
22400840,1610612751,BKN,99.21040794912639,99,93,105,98.54050432801768,0.0
22400840,1610612760,OKC,98.54050432801768,105,90,99,99.21040794912639,1.0
22400841,1610612737,ATL,91.51499143075146,94,81,113,85.0453963677694,0.0
22400841,1610612748,MIA,85.0453963677694,113,76,94,91.51499143075146,1.0
22400842,1610612741,CHI,94.86806022300686,111,94,107,85.05224752854082,1.0
22400842,1610612746,LAC,85.05224752854082,107,85,111,94.86806022300686,0.0
22400843,1610612758,SAC,95.51670054054757,107,87,92,95.40577287055007,1.0
22400843,1610612762,UTA,95.40577287055007,92,84,107,95.51670054054757,0.0
22400844,1610612745,HOU,114.7905424539853,107,102,91,111.36161634849674,1.0
22400844,1610612759,SAS,111.36161634849674,91,100,107,114.7905424539853,0.0
22400845,1610612744,GSW,81.86590590120332,91,79,101,89.77606723872965,0.0
22400845,1610612753,ORL,89.77606723872965,101,89,91,81.86590590120332,1.0
22400846,1610612743,DEN,116.85054391258802,103,105,98,100.95238529889542,1.0
22400846,1610612749,MIL,100.95238529889542,98,90,103,116.85054391258802,0.0
22400847,1610612742,DAL,105.99489598384245,91,97,87,101.40546232867759,1.0
22400847,1610612766,CHA,101.40546232867759,87,98,91,105.99489598384245,0.0
22400848,1610612740,NOP,115.49201629442092,117,104,108,99.98965026379821,1.0
22400848,1610612756,PHX,99.98965026379821,108,94,117,115.49201629442092,0.0
22400849,1610612747,LAL,85.17951825525223,79,82,82,90.07073523891594,0.0
22400849,1610612750,MIN,90.07073523891594,82,84,79,85.17951825525223,1.0
22400850,1610612743,DEN,91.1886873420908,111,84,102,110.3646683240575,1.0
22400850,1610612765,DET,110.3646683240575,102,99,111,91.1886873420908,0.0
22400851,1610612737,ATL,98.49848701447401,101,88,125,118.53678645825106,0.0
22400851,1610612760,OKC,118.53678645825106,125,101,101,98.49848701447401,1.0
22400852,1610612738,BOS,83.89867039632264,103,89,107,90.20747095573073,0.0
22400852,1610612739,CLE,90.20747095573073,107,94,103,83.89867039632264,1.0
22400853,1610612751,BKN,95.12430992820876,79,87,105,87.79673396937272,0.0
22400853,1610612757,POR,87.79673396937272,105,78,79,95.12430992820876,1.0
22400854,1610612748,MIA,90.0850704578491,113,84,115,92.0022356481403,0.0
22400854,1610612754,IND,92.0022356481403,115,88,113,90.0850704578491,1.0
22400855,1610612741,CHI,122.25619767136212,103,101,99,116.0287491522715,1.0
22400855,1610612761,TOR,116.0287491522715,99,103,103,122.25619767136212,0.0
22400856,1610612752,NYK,102.56814045758789,101,95,92,102.1339109422391,1.0
22400856,1610612763,MEM,102.1339109422391,92,94,101,102.56814045758789,0.0
22400857,1610612740,NOP,95.55786009267284,99,87,115,88.24519035235028,0.0
22400857,1610612756,PHX,88.24519035235028,115,79,99,95.55786009267284,1.0
22400858,1610612750,MIN,109.51382942901878,108,101,108,98.63079963547459,0.5
22400858,1610612762,UTA,98.63079963547459,108,92,108,109.51382942901878,0.5
22400859,1610612746,LAC,87.39352958115698,87,87,89,81.24669040900085,0.0
22400859,1610612747,LAL,81.24669040900085,89,80,87,87.39352958115698,1.0
22400860,1610612764,WAS,98.14132766195594,97,88,96,111.75731403087563,1.0
22400860,1610612766,CHA,111.75731403087563,96,93,97,98.14132766195594,0.0
22400861,1610612751,BKN,100.2660383961104,64,95,90,84.85382350798825,0.0
22400861,1610612765,DET,84.85382350798825,90,72,64,100.2660383961104,1.0
22400862,1610612745,HOU,94.6872647445074,87,86,97,86.72333289513628,0.0
22400862,1610612758,SAC,86.72333289513628,97,87,87,94.6872647445074,1.0
22400863,1610612759,SAS,107.21912910822448,114,96,111,103.5696905597996,1.0
22400863,1610612763,MEM,103.5696905597996,111,95,114,107.21912910822448,0.0
22400864,1610612744,GSW,118.39937646402832,104,100,109,91.84807354983009,0.0
22400864,1610612755,PHI,91.84807354983009,109,85,104,118.39937646402832,1.0
22400865,1610612742,DAL,96.57790247656051,97,91,101,98.80869869090805,0.0
22400865,1610612749,MIL,98.80869869090805,101,87,97,96.57790247656051,1.0
22400866,1610612738,BOS,82.41727653154777,88,78,94,85.54098500780461,0.0
22400866,1610612743,DEN,85.54098500780461,94,86,88,82.41727653154777,1.0
22400867,1610612739,CLE,105.05783236676073,103,97,98,104.84121474695154,1.0
22400867,1610612757,POR,104.84121474695154,98,96,103,105.05783236676073,0.0
22400868,1610612741,CHI,100.19894568585289,98,88,115,94.35695739395118,0.0
22400868,1610612754,IND,94.35695739395118,115,87,98,100.19894568585289,1.0
22400869,1610612748,MIA,93.37737571356793,101,84,106,99.77471864314838,0.0
22400869,1610612752,NYK,99.77471864314838,106,95,101,93.37737571356793,1.0
22400870,1610612753,ORL,70.11546314111436,67,67,81,83.91540235597016,0.0
22400870,1610612761,TOR,83.91540235597016,81,80,67,70.11546314111436,1.0
22400871,1610612759,SAS,96.37003687766142,120,91,129,113.9389593825118,0.0
22400871,1610612760,OKC,113.9389593825118,129,101,120,96.37003687766142,1.0
22400872,1610612740,NOP,111.10264615967843,121,102,108,101.31572567270975,1.0
22400872,1610612762,UTA,101.31572567270975,108,96,121,111.10264615967843,0.0
22400873,1610612750,MIN,95.82924463920214,99,92,83,79.55370023621853,1.0
22400873,1610612756,PHX,79.55370023621853,83,80,99,95.82924463920214,0.0
22400874,1610612746,LAC,91.76811862569163,88,88,94,84.99587468121072,0.0
22400874,1610612747,LAL,84.99587468121072,94,77,88,91.76811862569163,1.0
22400875,1610612744,GSW,100.35894168877603,98,95,79,94.5126385212955,1.0
22400875,1610612766,CHA,94.5126385212955,79,86,98,100.35894168877603,0.0
22400876,1610612755,PHI,106.98454519810288,93,95,107,114.22132829943494,0.0
22400876,1610612757,POR,114.22132829943494,107,99,93,106.98454519810288,1.0
22400877,1610612748,MIA,92.12339354061234,91,82,72,90.69674815688785,1.0
22400877,1610612764,WAS,90.69674815688785,72,84,91,92.12339354061234,0.0
22400878,1610612737,ATL,106.15044975824249,123,96,107,100.40177262231991,1.0
22400878,1610612763,MEM,100.40177262231991,107,93,123,106.15044975824249,0.0
22400879,1610612745,HOU,96.30101565449361,114,101,113,99.2393067112814,1.0
22400879,1610612760,OKC,99.2393067112814,113,97,114,96.30101565449361,0.0
22400880,1610612742,DAL,86.90672493589787,77,77,110,89.30963123930022,0.0
22400880,1610612758,SAC,89.30963123930022,110,90,77,86.90672493589787,1.0
22400881,1610612762,UTA,86.94429003421202,80,82,113,104.46609207386255,0.0
22400881,1610612765,DET,104.46609207386255,113,92,80,86.94429003421202,1.0
22400882,1610612745,HOU,104.01989045555992,89,98,105,93.70933327068707,0.0
22400882,1610612754,IND,93.70933327068707,105,86,89,104.01989045555992,1.0
22400883,1610612753,ORL,86.26105141453507,95,83,88,85.06485997276936,1.0
22400883,1610612761,TOR,85.06485997276936,88,80,95,86.26105141453507,0.0
22400884,1610612737,ATL,113.74359969248015,108,101,109,115.68347215961782,0.0
22400884,1610612749,MIL,115.68347215961782,109,96,108,113.74359969248015,1.0
22400885,1610612744,GSW,101.03449433506883,99,88,90,99.92825355342842,1.0
22400885,1610612752,NYK,99.92825355342842,90,92,99,101.03449433506883,0.0
22400886,1610612739,CLE,108.76255316343403,109,98,105,123.86495947834403,1.0
22400886,1610612741,CHI,123.86495947834403,105,106,109,108.76255316343403,0.0
22400887,1610612750,MIN,93.96680915203541,110,81,93,92.49514158668919,1.0
22400887,1610612755,PHI,92.49514158668919,93,86,110,93.96680915203541,0.0
22400888,1610612751,BKN,95.41302913799021,95,86,122,108.86325199752687,0.0
22400888,1610612759,SAS,108.86325199752687,122,95,95,95.41302913799021,1.0
22400889,1610612746,LAC,89.85046171809725,94,83,96,82.60161852651716,0.0
22400889,1610612756,PHX,82.60161852651716,96,80,94,89.85046171809725,1.0
22400890,1610612740,NOP,103.73662748603897,101,93,115,101.83523473512396,0.0
22400890,1610612747,LAL,101.83523473512396,115,90,101,103.73662748603897,1.0
22400891,1610612738,BOS,98.32302500941118,113,97,106,90.76876652113904,1.0
22400891,1610612757,POR,90.76876652113904,106,90,113,98.32302500941118,0.0
22400892,1610612750,MIN,98.03311816927722,109,90,96,99.09752880650792,1.0
22400892,1610612766,CHA,99.09752880650792,96,95,109,98.03311816927722,0.0
22400893,1610612739,CLE,101.32988679405209,96,87,85,90.7431067985605,1.0
22400893,1610612748,MIA,90.7431067985605,85,83,96,101.32988679405209,0.0
22400894,1610612762,UTA,109.85407617617625,108,101,101,107.19862017997923,1.0
22400894,1610612764,WAS,107.19862017997923,101,95,108,109.85407617617625,0.0
22400895,1610612760,OKC,92.94696705307943,103,87,83,89.33815411844623,1.0
22400895,1610612763,MEM,89.33815411844623,83,91,103,92.94696705307943,0.0
22400896,1610612743,DEN,95.9405369458051,92,87,99,96.37376365409011,0.0
22400896,1610612758,SAC,96.37376365409011,99,96,92,95.9405369458051,1.0
22400897,1610612742,DAL,96.85270744100383,103,98,120,91.4275813496947,0.0
22400897,1610612749,MIL,91.4275813496947,120,89,103,96.85270744100383,1.0
22400898,1610612746,LAC,81.53476337743744,101,80,101,97.35132100836054,0.5
22400898,1610612765,DET,97.35132100836054,101,86,101,81.53476337743744,0.5
22400899,1610612737,ATL,104.85475282766588,110,94,102,99.09332160841787,1.0
22400899,1610612754,IND,99.09332160841787,102,91,110,104.85475282766588,0.0
22400900,1610612738,BOS,106.6322863765268,111,91,95,96.478398759241,1.0
22400900,1610612755,PHI,96.478398759241,95,95,111,106.6322863765268,0.0
22400901,1610612744,GSW,90.63210684913783,92,82,103,93.60521442258299,0.0
22400901,1610612751,BKN,93.60521442258299,103,87,92,90.63210684913783,1.0
22400902,1610612740,NOP,90.2641696571369,71,83,101,96.57374361867139,0.0
22400902,1610612745,HOU,96.57374361867139,101,81,71,90.2641696571369,1.0
22400903,1610612747,LAL,94.50719290094185,90,89,84,96.76673471025163,1.0
22400903,1610612752,NYK,96.76673471025163,84,94,90,94.50719290094185,0.0
22400904,1610612739,CLE,85.73553258371112,75,76,101,94.50154797232346,0.0
22400904,1610612766,CHA,94.50154797232346,101,92,75,85.73553258371112,1.0
22400905,1610612761,TOR,120.95607195258776,94,104,86,96.71837770970137,1.0
22400905,1610612762,UTA,96.71837770970137,86,84,94,120.95607195258776,0.0
22400906,1610612742,DAL,95.20242997894083,89,96,108,99.0538394340693,0.0
22400906,1610612763,MEM,99.0538394340693,108,106,89,95.20242997894083,1.0
22400907,1610612748,MIA,97.12699679704166,96,89,98,90.37229060150509,0.0
22400907,1610612750,MIN,90.37229060150509,98,81,96,97.12699679704166,1.0
22400908,1610612757,POR,96.91412320035712,74,95,92,95.81595750170115,0.0
22400908,1610612760,OKC,95.81595750170115,92,84,74,96.91412320035712,1.0
22400909,1610612743,DEN,109.9082738320375,135,97,118,100.74034629763327,1.0
22400909,1610612756,PHX,100.74034629763327,118,91,135,109.9082738320375,0.0
22400910,1610612758,SAC,92.68412655093854,115,96,96,92.89385036342118,1.0
22400910,1610612759,SAS,92.89385036342118,96,87,115,92.68412655093854,0.0
22400911,1610612746,LAC,91.48763592587036,89,88,79,89.39827979893292,1.0
22400911,1610612752,NYK,89.39827979893292,79,91,89,91.48763592587036,0.0
22400912,1610612751,BKN,87.97222380904317,90,82,91,108.8319788282714,0.0
22400912,1610612766,CHA,108.8319788282714,91,98,90,87.97222380904317,1.0
22400913,1610612740,NOP,91.8634844433666,108,99,127,105.66501074009827,0.0
22400913,1610612745,HOU,105.66501074009827,127,99,108,91.8634844433666,1.0
22400914,1610612737,ATL,104.41076051450051,100,97,92,107.32413732872757,1.0
22400914,1610612754,IND,107.32413732872757,92,94,100,104.41076051450051,0.0
22400915,1610612761,TOR,106.7560592429382,90,95,101,115.50038631674737,0.0
22400915,1610612764,WAS,115.50038631674737,101,100,90,106.7560592429382,1.0
22400916,1610612741,CHI,103.47623820485009,91,88,95,101.96500577807114,0.0
22400916,1610612748,MIA,101.96500577807114,95,97,91,103.47623820485009,1.0
22400917,1610612749,MIL,85.2465442399619,93,75,96,84.85817933977695,0.0
22400917,1610612753,ORL,84.85817933977695,96,82,93,85.2465442399619,1.0
22400918,1610612738,BOS,90.37991260309076,93,84,92,90.51285052770953,1.0
22400918,1610612747,LAL,90.51285052770953,92,87,93,90.37991260309076,0.0
22400919,1610612744,GSW,87.7599543923886,82,84,83,89.12394317787864,0.0
22400919,1610612765,DET,89.12394317787864,83,85,82,87.7599543923886,1.0
22400920,1610612743,DEN,100.28867286891267,92,97,105,103.20689057934737,0.0
22400920,1610612760,OKC,103.20689057934737,105,94,92,100.28867286891267,1.0
22400921,1610612742,DAL,99.8627519168668,103,88,108,93.57133811652122,0.0
22400921,1610612756,PHX,93.57133811652122,108,84,103,99.8627519168668,1.0
22400922,1610612739,CLE,95.11615275986007,97,88,87,96.31747525380084,1.0
22400922,1610612749,MIL,96.31747525380084,87,91,97,95.11615275986007,0.0
22400923,1610612740,NOP,89.2542026412024,83,85,95,110.63871420605935,0.0
22400923,1610612763,MEM,110.63871420605935,95,99,83,89.2542026412024,1.0
22400924,1610612755,PHI,114.51544997092829,102,96,96,107.64123971766041,1.0
22400924,1610612762,UTA,107.64123971766041,96,93,102,114.51544997092829,0.0
22400925,1610612750,MIN,107.41363281953238,127,95,105,91.71527396726911,1.0
22400925,1610612759,SAS,91.71527396726911,105,85,127,107.41363281953238,0.0
22400926,1610612757,POR,100.78585004974991,87,93,95,96.46294036726789,0.0
22400926,1610612765,DET,96.46294036726789,95,87,87,100.78585004974991,1.0
22400927,1610612746,LAC,87.78357565671894,96,81,89,85.70313213682557,1.0
22400927,1610612758,SAC,85.70313213682557,89,87,96,87.78357565671894,0.0
22400928,1610612737,ATL,103.73496054389591,121,98,108,92.36102380851293,1.0
22400928,1610612755,PHI,92.36102380851293,108,91,121,103.73496054389591,0.0
22400929,1610612738,BOS,102.71604675777253,98,93,99,96.70731925145809,0.0
22400929,1610612762,UTA,96.70731925145809,99,95,98,102.71604675777253,1.0
22400930,1610612747,LAL,89.72282609143512,93,85,92,102.72512867773712,1.0
22400930,1610612751,BKN,102.72512867773712,92,90,93,89.72282609143512,0.0
22400931,1610612748,MIA,95.1509125676419,88,85,83,98.12253095394152,1.0
22400931,1610612766,CHA,98.12253095394152,83,86,88,95.1509125676419,0.0
22400932,1610612761,TOR,122.02674975516908,102,109,92,114.33515665381188,1.0
22400932,1610612764,WAS,114.33515665381188,92,105,102,122.02674975516908,0.0
22400933,1610612741,CHI,112.27048973318263,110,98,90,107.29079575317998,1.0
22400933,1610612754,IND,107.29079575317998,90,101,110,112.27048973318263,0.0
22400934,1610612745,HOU,91.85883339888092,86,89,64,90.2400748009828,1.0
22400934,1610612753,ORL,90.2400748009828,64,86,86,91.85883339888092,0.0
22400935,1610612756,PHX,99.3977123831615,102,90,97,95.41627986744321,1.0
22400935,1610612763,MEM,95.41627986744321,97,86,102,99.3977123831615,0.0
22400936,1610612743,DEN,89.11481088746683,122,86,113,103.25010244629513,1.0
22400936,1610612760,OKC,103.25010244629513,113,100,122,89.11481088746683,0.0
22400937,1610612742,DAL,93.89513845919639,106,88,115,105.47807012136488,0.0
22400937,1610612759,SAS,105.47807012136488,115,94,106,93.89513845919639,1.0
22400938,1610612744,GSW,92.52449022316137,111,85,106,98.7125175246315,1.0
22400938,1610612757,POR,98.7125175246315,106,91,111,92.52449022316137,0.0
22400939,1610612752,NYK,88.58635776288637,112,84,82,85.47530245529536,1.0
22400939,1610612758,SAC,85.47530245529536,82,86,112,88.58635776288637,0.0
22400940,1610612739,CLE,102.46963469085992,88,89,94,88.37096564071116,0.0
22400940,1610612751,BKN,88.37096564071116,94,84,88,102.46963469085992,1.0
22400941,1610612764,WAS,96.08422028597724,87,92,112,109.46798880107784,0.0
22400941,1610612765,DET,109.46798880107784,112,104,87,96.08422028597724,1.0
22400942,1610612749,MIL,98.14940076589967,100,84,101,99.21739316378765,0.0
22400942,1610612754,IND,99.21739316378765,101,87,100,98.14940076589967,1.0
22400943,1610612740,NOP,92.45637594521001,111,85,106,100.66245749247192,1.0
22400943,1610612746,LAC,100.66245749247192,106,92,111,92.45637594521001,0.0
22400944,1610612741,CHI,93.0347805965825,101,86,89,98.51220059752,1.0
22400944,1610612753,ORL,98.51220059752,89,87,101,93.0347805965825,0.0
22400945,1610612737,ATL,89.52700715851779,88,88,94,91.56843043877713,0.0
22400945,1610612766,CHA,91.56843043877713,94,88,88,89.52700715851779,1.0
22400946,1610612738,BOS,95.37524405194004,102,94,93,80.06275136297911,1.0
22400946,1610612760,OKC,80.06275136297911,93,82,102,95.37524405194004,0.0
22400947,1610612755,PHI,110.94474618910382,89,96,104,113.63388354899462,0.0
22400947,1610612761,TOR,113.63388354899462,104,100,89,110.94474618910382,1.0
22400948,1610612746,LAC,83.94371127045169,103,76,94,94.3900787653495,1.0
22400948,1610612748,MIA,94.3900787653495,94,84,103,83.94371127045169,0.0
22400949,1610612745,HOU,98.67112202477254,92,88,88,76.67770401473165,1.0
22400949,1610612756,PHX,76.67770401473165,88,73,92,98.67112202477254,0.0
22400950,1610612762,UTA,96.01550837352801,96,90,106,107.40830539008245,0.0
22400950,1610612763,MEM,107.40830539008245,106,94,96,96.01550837352801,1.0
22400951,1610612742,DAL,93.43950709653505,103,81,111,111.05247040349869,0.0
22400951,1610612759,SAS,111.05247040349869,111,94,103,93.43950709653505,1.0
22400952,1610612743,DEN,94.38494050775783,79,89,103,98.93193810336832,0.0
22400952,1610612750,MIN,98.93193810336832,103,90,79,94.38494050775783,1.0
22400953,1610612752,NYK,91.37114633370058,100,94,97,91.35893443551339,1.0
22400953,1610612757,POR,91.35893443551339,97,90,100,91.37114633370058,0.0
22400954,1610612764,WAS,91.52568613683125,106,90,88,93.48545271939653,1.0
22400954,1610612765,DET,93.48545271939653,88,85,106,91.52568613683125,0.0
22400955,1610612747,LAL,92.17184492399473,91,87,99,100.04590684647152,0.0
22400955,1610612749,MIL,100.04590684647152,99,86,91,92.17184492399473,1.0
22400956,1610612741,CHI,88.879598301727,93,90,97,97.41757934388507,0.0
22400956,1610612751,BKN,97.41757934388507,97,96,93,88.879598301727,1.0
22400957,1610612744,GSW,88.70768400997017,112,78,88,82.85188023689457,1.0
22400957,1610612758,SAC,82.85188023689457,88,79,112,88.70768400997017,0.0
22400958,1610612738,BOS,87.78689179282016,91,83,81,82.73464615244343,1.0
22400958,1610612748,MIA,82.73464615244343,81,75,91,87.78689179282016,0.0
22400959,1610612754,IND,104.02840619450181,98,89,85,89.41794463949228,1.0
22400959,1610612755,PHI,89.41794463949228,85,82,98,104.02840619450181,0.0
22400960,1610612737,ATL,99.357708112271,83,88,106,99.37663685652848,0.0
22400960,1610612746,LAC,99.37663685652848,106,86,83,99.357708112271,1.0
22400961,1610612742,DAL,98.13904260681021,86,94,123,111.83696784088039,0.0
22400961,1610612745,HOU,111.83696784088039,123,105,86,98.13904260681021,1.0
22400962,1610612739,CLE,100.20513910270986,107,88,107,103.713369645949,0.5
22400962,1610612763,MEM,103.713369645949,107,97,107,100.20513910270986,0.5
22400963,1610612750,MIN,88.084473216648,98,80,92,86.86914561951063,1.0
22400963,1610612753,ORL,86.86914561951063,92,89,98,88.084473216648,0.0
22400964,1610612759,SAS,101.9764909303443,117,95,128,89.80847133594537,0.0
22400964,1610612766,CHA,89.80847133594537,128,85,117,101.9764909303443,1.0
22400965,1610612743,DEN,101.6850091615935,101,85,113,121.48142298181523,0.0
22400965,1610612747,LAL,121.48142298181523,113,105,101,101.6850091615935,1.0
22400966,1610612761,TOR,98.55477682735254,100,91,94,87.32467716953981,1.0
22400966,1610612762,UTA,87.32467716953981,94,89,100,98.55477682735254,0.0
22400967,1610612756,PHX,88.02498020836397,106,79,88,81.57306965021657,1.0
22400967,1610612758,SAC,81.57306965021657,88,81,106,88.02498020836397,0.0
22400968,1610612738,BOS,92.42837203787462,101,84,104,93.95763284168925,0.0
22400968,1610612751,BKN,93.95763284168925,104,90,101,92.42837203787462,1.0
22400969,1610612760,OKC,89.59339552247897,96,89,98,91.27925084436727,0.0
22400969,1610612765,DET,91.27925084436727,98,88,96,89.59339552247897,1.0
22400970,1610612741,CHI,103.19431286547022,100,93,102,104.92731241256526,0.0
22400970,1610612745,HOU,104.92731241256526,102,98,100,103.19431286547022,1.0
22400971,1610612748,MIA,94.5782030161275,79,88,114,100.57128865489547,0.0
22400971,1610612763,MEM,100.57128865489547,114,92,79,94.5782030161275,1.0
22400972,1610612749,MIL,89.03989627221314,101,79,109,105.26933728520474,0.0
22400972,1610612754,IND,105.26933728520474,109,96,101,89.03989627221314,1.0
22400973,1610612740,NOP,105.96714215843862,104,92,94,96.82467007011475,1.0
22400973,1610612759,SAS,96.82467007011475,94,84,104,105.96714215843862,0.0
22400974,1610612744,GSW,86.01818955639543,79,83,83,82.63310757982302,0.0
22400974,1610612752,NYK,82.63310757982302,83,86,79,86.01818955639543,1.0
22400975,1610612743,DEN,99.87849165323189,108,95,111,102.0913314468873,0.0
22400975,1610612764,WAS,102.0913314468873,111,95,108,99.87849165323189,1.0
22400976,1610612742,DAL,99.07272275860893,102,87,110,101.36676044035326,0.0
22400976,1610612755,PHI,101.36676044035326,110,92,102,99.07272275860893,1.0
22400977,1610612747,LAL,94.79636159905712,84,81,79,99.51164977852115,1.0
22400977,1610612756,PHX,99.51164977852115,79,89,84,94.79636159905712,0.0
22400978,1610612737,ATL,96.26810725522039,95,90,103,97.111846845784,0.0
22400978,1610612751,BKN,97.111846845784,103,90,95,96.26810725522039,1.0
22400979,1610612739,CLE,105.38144284610878,90,96,81,84.57015680720728,1.0
22400979,1610612753,ORL,84.57015680720728,81,81,90,105.38144284610878,0.0
22400980,1610612757,POR,93.84544272641813,90,88,86,101.09089096204258,1.0
22400980,1610612761,TOR,101.09089096204258,86,94,90,93.84544272641813,0.0
22400981,1610612750,MIN,113.11664289224002,110,97,90,93.04864051756631,1.0
22400981,1610612762,UTA,93.04864051756631,90,90,110,113.11664289224002,0.0
22400982,1610612749,MIL,86.17267740723669,79,83,102,97.31753384530622,0.0
22400982,1610612760,OKC,97.31753384530622,102,89,79,86.17267740723669,1.0
22400983,1610612746,LAC,96.2433237334713,93,88,75,97.27565956004514,1.0
22400983,1610612764,WAS,97.27565956004514,75,94,93,96.2433237334713,0.0
22400984,1610612748,MIA,92.0552787597427,84,82,110,107.24688389710313,0.0
22400984,1610612752,NYK,107.24688389710313,110,95,84,92.0552787597427,1.0
22400985,1610612745,HOU,123.10233650981888,124,107,120,98.29876740166539,1.0
22400985,1610612755,PHI,98.29876740166539,120,95,124,123.10233650981888,0.0
22400986,1610612750,MIN,108.831129231039,101,97,113,106.63829080470626,0.0
22400986,1610612754,IND,106.63829080470626,113,97,101,108.831129231039,1.0
22400987,1610612740,NOP,95.23677677538578,61,86,105,101.9346791165103,0.0
22400987,1610612765,DET,101.9346791165103,105,84,61,95.23677677538578,1.0
22400988,1610612753,ORL,99.82942037727217,104,90,93,92.74067516166845,1.0
22400988,1610612759,SAS,92.74067516166845,93,81,104,99.82942037727217,0.0
22400989,1610612741,CHI,108.69504123669176,98,97,79,89.65284073016548,1.0
22400989,1610612762,UTA,89.65284073016548,79,86,98,108.69504123669176,0.0
22400990,1610612743,DEN,99.6218408431535,100,92,90,92.39359837900992,1.0
22400990,1610612744,GSW,92.39359837900992,90,84,100,99.6218408431535,0.0
22400991,1610612756,PHX,96.51495121614663,114,92,72,92.45148540819623,1.0
22400991,1610612761,TOR,92.45148540819623,72,87,114,96.51495121614663,0.0
22400992,1610612758,SAC,86.65491893440286,112,88,101,90.57699998377502,1.0
22400992,1610612763,MEM,90.57699998377502,101,90,112,86.65491893440286,0.0
22400993,1610612737,ATL,96.37212735163997,122,93,86,89.33890824434391,1.0
22400993,1610612766,CHA,89.33890824434391,86,84,122,96.37212735163997,0.0
22400994,1610612738,BOS,82.34540324932784,86,79,85,91.57389937543687,1.0
22400994,1610612751,BKN,91.57389937543687,85,88,86,82.34540324932784,0.0
22400995,1610612757,POR,109.98600755630875,99,99,88,93.94485685114869,1.0
22400995,1610612764,WAS,93.94485685114869,88,92,99,109.98600755630875,0.0
22400996,1610612747,LAL,86.97550643095137,79,82,91,88.63085307825688,0.0
22400996,1610612749,MIL,88.63085307825688,91,84,79,86.97550643095137,1.0
22400997,1610612739,CLE,97.91088311438732,102,90,108,84.70781755632761,0.0
22400997,1610612746,LAC,84.70781755632761,108,84,102,97.91088311438732,1.0
22400998,1610612742,DAL,95.38604780086153,107,88,106,91.276219677093,1.0
22400998,1610612754,IND,91.276219677093,106,82,107,95.38604780086153,0.0
22400999,1610612745,HOU,86.17419102248381,87,81,91,98.59524152009254,0.0
22400999,1610612753,ORL,98.59524152009254,91,92,87,86.17419102248381,1.0
22401000,1610612748,MIA,99.90480052804166,98,90,101,115.22635451168625,0.0
22401000,1610612765,DET,115.22635451168625,101,91,98,99.90480052804166,1.0
22401001,1610612740,NOP,96.58503200988912,107,89,86,83.26586016147657,1.0
22401001,1610612750,MIN,83.26586016147657,86,77,107,96.58503200988912,0.0
22401002,1610612755,PHI,101.3012862587067,88,95,118,105.80479548744455,0.0
22401002,1610612760,OKC,105.80479548744455,118,90,88,101.3012862587067,1.0
22401003,1610612752,NYK,102.94663944892771,89,92,106,99.49299902581848,0.0
22401003,1610612759,SAS,99.49299902581848,106,90,89,102.94663944892771,1.0
22401004,1610612746,LAC,100.4394108288422,92,94,94,80.52048979861999,0.0
22401004,1610612762,UTA,80.52048979861999,94,78,92,100.4394108288422,1.0
22401005,1610612744,GSW,91.74144609147443,95,90,99,82.64425322644585,0.0
22401005,1610612761,TOR,82.64425322644585,99,78,95,91.74144609147443,1.0
22401006,1610612743,DEN,96.45152630874534,95,87,100,88.46442486825002,0.0
22401006,1610612747,LAL,88.46442486825002,100,83,95,96.45152630874534,1.0
22401007,1610612741,CHI,89.2472911155773,113,90,109,99.41903426742478,1.0
22401007,1610612756,PHX,99.41903426742478,109,96,113,89.2472911155773,0.0
22401008,1610612757,POR,100.58500257817342,98,96,82,92.21749889291084,1.0
22401008,1610612763,MEM,92.21749889291084,82,92,98,100.58500257817342,0.0
22401009,1610612739,CLE,89.79300345507691,105,84,108,93.55692070838784,0.0
22401009,1610612758,SAC,93.55692070838784,108,91,105,89.79300345507691,1.0
22401010,1610612752,NYK,98.77941621218562,82,90,101,94.31591129269674,0.0
22401010,1610612766,CHA,94.31591129269674,101,88,82,98.77941621218562,1.0
22401011,1610612751,BKN,105.7540311746715,86,101,78,86.71372481242018,1.0
22401011,1610612754,IND,86.71372481242018,78,81,86,105.7540311746715,0.0
22401012,1610612744,GSW,81.00328149503868,81,77,74,81.26838775954434,1.0
22401012,1610612749,MIL,81.26838775954434,74,79,81,81.00328149503868,0.0
22401013,1610612741,CHI,104.22988814247246,105,86,97,95.74794469477581,1.0
22401013,1610612758,SAC,95.74794469477581,97,86,105,104.22988814247246,0.0
22401014,1610612753,ORL,97.77468652520011,109,96,91,86.1774432868106,1.0
22401014,1610612764,WAS,86.1774432868106,91,87,109,97.77468652520011,0.0
22401015,1610612745,HOU,88.18693985552173,92,84,86,76.77216580882542,1.0
22401015,1610612748,MIA,76.77216580882542,86,73,92,88.18693985552173,0.0
22401016,1610612740,NOP,73.50028256757933,79,68,115,102.54901566687316,0.0
22401016,1610612750,MIN,102.54901566687316,115,89,79,73.50028256757933,1.0
22401017,1610612760,OKC,106.73054480992369,129,94,93,82.45144953726435,1.0
22401017,1610612766,CHA,82.45144953726435,93,80,129,106.73054480992369,0.0
22401018,1610612755,PHI,93.70285084768905,106,81,113,106.70999140061475,0.0
22401018,1610612759,SAS,106.70999140061475,113,89,106,93.70285084768905,1.0
22401019,1610612742,DAL,84.39070602374879,96,80,103,107.30391946228316,0.0
22401019,1610612765,DET,107.30391946228316,103,98,96,84.39070602374879,1.0
22401020,1610612738,BOS,104.9993256470821,107,97,90,85.47302155964974,1.0
22401020,1610612762,UTA,85.47302155964974,90,84,107,104.9993256470821,0.0
22401021,1610612739,CLE,97.10310795223276,101,94,115,91.05318460249917,0.0
22401021,1610612756,PHX,91.05318460249917,115,92,101,97.10310795223276,1.0
22401022,1610612743,DEN,80.85676693879518,85,76,108,92.46275078710504,0.0
22401022,1610612757,POR,92.46275078710504,108,87,85,80.85676693879518,1.0
22401023,1610612746,LAC,81.86113599793104,107,78,99,100.10098296780558,1.0
22401023,1610612763,MEM,100.10098296780558,99,95,107,81.86113599793104,0.0
22401024,1610612751,BKN,96.58851596310028,93,90,91,90.92550394285243,1.0
22401024,1610612754,IND,90.92550394285243,91,84,93,96.58851596310028,0.0
22401025,1610612737,ATL,97.91640761073025,113,86,94,98.97423587656084,1.0
22401025,1610612744,GSW,98.97423587656084,94,84,113,97.91640761073025,0.0
22401026,1610612752,NYK,106.1426928377675,101,91,89,101.00165486520714,1.0
22401026,1610612764,WAS,101.00165486520714,89,88,101,106.1426928377675,0.0
22401027,1610612749,MIL,90.33110913532255,101,84,91,87.12529611662316,1.0
22401027,1610612758,SAC,87.12529611662316,91,91,101,90.33110913532255,0.0
22401028,1610612741,CHI,104.80278835791403,131,96,99,91.96298372219957,1.0
22401028,1610612747,LAL,91.96298372219957,99,85,131,104.80278835791403,0.0
22401029,1610612740,NOP,90.9696469643505,118,85,107,94.5795398101573,1.0
22401029,1610612765,DET,94.5795398101573,107,86,118,90.9696469643505,0.0
22401030,1610612739,CLE,105.60366878585904,99,96,80,89.98802317364647,1.0
22401030,1610612762,UTA,89.98802317364647,80,89,99,105.60366878585904,0.0
22401031,1610612737,ATL,104.22619755609054,113,87,91,106.06485623556544,1.0
22401031,1610612755,PHI,106.06485623556544,91,91,113,104.22619755609054,0.0
22401032,1610612748,MIA,88.15674884330781,106,82,93,94.05136020221968,1.0
22401032,1610612766,CHA,94.05136020221968,93,87,106,88.15674884330781,0.0
22401033,1610612759,SAS,97.58227669906161,96,86,80,108.22072489057203,1.0
22401033,1610612761,TOR,108.22072489057203,80,92,96,97.58227669906161,0.0
22401034,1610612738,BOS,93.77167704674481,119,88,105,92.22394352059146,1.0
22401034,1610612757,POR,92.22394352059146,105,88,119,93.77167704674481,0.0
22401035,1610612743,DEN,94.6283299666582,98,87,89,101.60709164570453,1.0
22401035,1610612745,HOU,101.60709164570453,89,89,98,94.6283299666582,0.0
22401036,1610612746,LAC,81.47353014779125,78,82,86,97.87035207506722,0.0
22401036,1610612760,OKC,97.87035207506722,86,92,78,81.47353014779125,1.0
22401037,1610612750,MIN,98.85432139519367,97,91,105,93.5763945350248,0.0
22401037,1610612754,IND,93.5763945350248,105,94,97,98.85432139519367,1.0
22401038,1610612747,LAL,80.57980345417636,84,80,99,88.53017320778514,0.0
22401038,1610612753,ORL,88.53017320778514,99,85,84,80.57980345417636,1.0
22401039,1610612761,TOR,108.68429870038106,92,101,81,90.33695368846948,1.0
22401039,1610612764,WAS,90.33695368846948,81,87,92,108.68429870038106,0.0
22401040,1610612742,DAL,93.73213009501211,108,87,91,87.9969624587634,1.0
22401040,1610612751,BKN,87.9969624587634,91,78,108,93.73213009501211,0.0
22401041,1610612740,NOP,103.92306047052148,101,87,82,91.16899474530366,1.0
22401041,1610612755,PHI,91.16899474530366,82,87,101,103.92306047052148,0.0
22401042,1610612741,CHI,98.36305185406125,107,91,103,106.3896876180823,1.0
22401042,1610612743,DEN,106.3896876180823,103,97,107,98.36305185406125,0.0
22401043,1610612749,MIL,89.78264082737351,86,83,92,81.94400278111286,0.0
22401043,1610612756,PHX,81.94400278111286,92,82,86,89.78264082737351,1.0
22401044,1610612738,BOS,94.85279740351453,101,90,86,81.7448109471075,1.0
22401044,1610612758,SAC,81.7448109471075,86,86,101,94.85279740351453,0.0
22401045,1610612753,ORL,96.83035022198683,95,90,88,96.74345507097608,1.0
22401045,1610612766,CHA,96.74345507097608,88,88,95,96.83035022198683,0.0
22401046,1610612759,SAS,96.86890722471851,80,91,103,84.83545631269678,0.0
22401046,1610612765,DET,84.83545631269678,103,78,80,96.86890722471851,1.0
22401047,1610612744,GSW,91.26535683261768,75,83,103,85.17855784751848,0.0
22401047,1610612748,MIA,85.17855784751848,103,77,75,91.26535683261768,1.0
22401048,1610612742,DAL,86.10608889485901,92,80,116,106.40907263611454,0.0
22401048,1610612752,NYK,106.40907263611454,116,89,92,86.10608889485901,1.0
22401049,1610612737,ATL,113.10036384645898,101,103,95,98.73725331493272,1.0
22401049,1610612745,HOU,98.73725331493272,95,93,101,113.10036384645898,0.0
22401050,1610612762,UTA,77.65794302760887,85,78,124,109.21235928789842,0.0
22401050,1610612763,MEM,109.21235928789842,124,98,85,77.65794302760887,1.0
22401051,1610612739,CLE,95.93969516426277,108,88,97,104.9743784962477,1.0
22401051,1610612757,POR,104.9743784962477,97,100,108,95.93969516426277,0.0
22401052,1610612758,SAC,89.24829134800441,97,91,105,86.0263693821105,0.0
22401052,1610612760,OKC,86.0263693821105,105,82,97,89.24829134800441,1.0
22401053,1610612755,PHI,111.83765711876292,98,98,114,113.22074946673804,0.0
22401053,1610612764,WAS,113.22074946673804,114,95,98,111.83765711876292,1.0
22401054,1610612751,BKN,92.99872324251653,70,87,96,116.84074348232946,0.0
22401054,1610612761,TOR,116.84074348232946,96,102,70,92.99872324251653,1.0
22401055,1610612747,LAL,88.31307657809015,99,79,103,91.97916462644524,0.0
22401055,1610612754,IND,91.97916462644524,103,87,99,88.31307657809015,1.0
22401056,1610612746,LAC,93.59389032488804,106,88,97,96.24117161551041,1.0
22401056,1610612752,NYK,96.24117161551041,97,84,106,93.59389032488804,0.0
22401057,1610612743,DEN,96.21176978377581,114,90,108,85.99149048736525,1.0
22401057,1610612749,MIL,85.99149048736525,108,89,114,96.21176978377581,0.0
22401058,1610612738,BOS,96.39384312807785,112,89,85,88.35303459846149,1.0
22401058,1610612756,PHX,88.35303459846149,85,87,112,96.39384312807785,0.0
22401059,1610612739,CLE,111.23482159549563,109,99,100,114.22719389944695,1.0
22401059,1610612759,SAS,114.22719389944695,100,106,109,111.23482159549563,0.0
22401060,1610612742,DAL,78.88270091630248,85,78,73,81.86299352677183,1.0
22401060,1610612753,ORL,81.86299352677183,73,80,85,78.88270091630248,0.0
22401061,1610612754,IND,106.25292498938175,145,92,87,92.15388670653178,1.0
22401061,1610612764,WAS,92.15388670653178,87,85,145,106.25292498938175,0.0
22401062,1610612737,ATL,92.42094538871639,104,83,106,90.08416160970417,0.0
22401062,1610612748,MIA,90.08416160970417,106,82,104,92.42094538871639,1.0
22401063,1610612741,CHI,100.18576766347121,105,92,102,103.39374538615114,1.0
22401063,1610612747,LAL,103.39374538615114,102,91,105,100.18576766347121,0.0
22401064,1610612760,OKC,97.30827649699104,101,90,82,83.7167515874336,1.0
22401064,1610612763,MEM,83.7167515874336,82,79,101,97.30827649699104,0.0
22401065,1610612745,HOU,106.49112126045429,106,102,97,74.88611275567287,1.0
22401065,1610612762,UTA,74.88611275567287,97,79,106,106.49112126045429,0.0
22401066,1610612757,POR,99.95182931780589,86,88,106,78.85830424649222,0.0
22401066,1610612758,SAC,78.85830424649222,106,74,86,99.95182931780589,1.0
22401067,1610612739,CLE,86.55903494426816,93,84,103,96.97500392427068,0.0
22401067,1610612765,DET,96.97500392427068,103,92,93,86.55903494426816,1.0
22401068,1610612746,LAC,86.07573137840349,107,80,80,96.91746740104776,1.0
22401068,1610612751,BKN,96.91746740104776,80,89,107,86.07573137840349,0.0
22401069,1610612761,TOR,106.84677786945502,98,95,87,102.97632951328927,1.0
22401069,1610612766,CHA,102.97632951328927,87,96,98,106.84677786945502,0.0
22401070,1610612749,MIL,83.28755476584618,95,75,102,99.35578220038029,0.0
22401070,1610612752,NYK,99.35578220038029,102,93,95,83.28755476584618,1.0
22401071,1610612750,MIN,106.38184537542213,113,89,100,83.73044923975166,1.0
22401071,1610612756,PHX,83.73044923975166,100,79,113,106.38184537542213,0.0
22401072,1610612740,NOP,82.98316405007012,73,81,89,96.66111512122019,0.0
22401072,1610612744,GSW,96.66111512122019,89,92,73,82.98316405007012,1.0
22401073,1610612743,DEN,99.85608502733335,107,83,73,100.4706400305134,1.0
22401073,1610612762,UTA,100.4706400305134,73,93,107,99.85608502733335,0.0
22401074,1610612753,ORL,98.12158769524464,106,89,75,84.2860184671499,1.0
22401074,1610612758,SAC,84.2860184671499,75,81,106,98.12158769524464,0.0
22401075,1610612751,BKN,92.97527277351405,96,88,83,85.75313233658169,1.0
22401075,1610612764,WAS,85.75313233658169,83,85,96,92.97527277351405,0.0
22401076,1610612748,MIA,104.73034276994173,108,93,89,84.79286551180519,1.0
22401076,1610612755,PHI,84.79286551180519,89,76,108,104.73034276994173,0.0
22401077,1610612741,CHI,104.30315099685329,100,91,103,110.32863314050199,0.0
22401077,1610612742,DAL,110.32863314050199,103,101,100,104.30315099685329,1.0
22401078,1610612747,LAL,102.0648275735801,109,89,114,105.76362133089145,0.0
22401078,1610612763,MEM,105.76362133089145,114,95,109,102.0648275735801,1.0
22401079,1610612754,IND,92.8827075642512,92,87,113,108.44510337787713,0.0
22401079,1610612760,OKC,108.44510337787713,113,94,92,92.8827075642512,1.0
22401080,1610612738,BOS,105.50756492598862,107,94,90,94.87343070083567,1.0
22401080,1610612759,SAS,94.87343070083567,90,87,107,105.50756492598862,0.0
22401081,1610612739,CLE,107.63839007925489,109,93,106,97.55994522206798,1.0
22401081,1610612746,LAC,97.55994522206798,106,93,109,107.63839007925489,0.0
22401082,1610612752,NYK,96.34441678156601,100,84,85,94.71199249368541,1.0
22401082,1610612757,POR,94.71199249368541,85,87,100,96.34441678156601,0.0
22401083,1610612737,ATL,110.99109329195532,117,94,90,90.2084601106667,1.0
22401083,1610612749,MIL,90.2084601106667,90,82,117,110.99109329195532,0.0
22401084,1610612750,MIN,104.81263319044314,100,93,80,96.0210154961949,1.0
22401084,1610612765,DET,96.0210154961949,80,95,100,104.81263319044314,0.0
22401085,1610612740,NOP,104.25879772538639,85,92,72,103.56058891521687,1.0
22401085,1610612766,CHA,103.56058891521687,72,91,85,104.25879772538639,0.0
22401086,1610612744,GSW,115.684649841131,133,97,96,98.84249598829577,1.0
22401086,1610612759,SAS,98.84249598829577,96,84,133,115.684649841131,0.0
22401087,1610612755,PHI,104.31469173496802,92,89,115,119.01151481706692,0.0
22401087,1610612761,TOR,119.01151481706692,115,103,92,104.31469173496802,1.0
22401088,1610612745,HOU,116.14509685781651,130,98,94,95.04269998493642,1.0
22401088,1610612756,PHX,95.04269998493642,94,87,130,116.14509685781651,0.0
22401089,1610612762,UTA,102.27112796484138,92,96,101,93.30942099000288,0.0
22401089,1610612766,CHA,93.30942099000288,101,80,92,102.27112796484138,1.0
22401090,1610612754,IND,101.75287530392725,98,90,98,99.25798070637418,0.5
22401090,1610612758,SAC,99.25798070637418,98,92,98,101.75287530392725,0.5
22401091,1610612746,LAC,86.05257904790645,80,82,67,79.36415859619753,1.0
22401091,1610612753,ORL,79.36415859619753,67,76,80,86.05257904790645,0.0
22401092,1610612748,MIA,103.86724989347098,103,93,81,93.90244099176859,1.0
22401092,1610612764,WAS,93.90244099176859,81,86,103,103.86724989347098,0.0
22401093,1610612738,BOS,100.32109497740599,99,96,93,97.70629563883062,1.0
22401093,1610612763,MEM,97.70629563883062,93,92,99,100.32109497740599,0.0
22401094,1610612741,CHI,98.97110110898227,104,98,127,102.10536430247024,0.0
22401094,1610612760,OKC,102.10536430247024,127,98,104,98.97110110898227,1.0
22401095,1610612742,DAL,97.56517256088785,92,86,98,98.18648374676536,0.0
22401095,1610612751,BKN,98.18648374676536,98,90,92,97.56517256088785,1.0
22401096,1610612745,HOU,89.35040209724187,84,89,86,93.802496697197,0.0
22401096,1610612747,LAL,93.802496697197,86,89,84,89.35040209724187,1.0
22401097,1610612737,ATL,92.41634753466462,89,92,107,100.00698456394024,0.0
22401097,1610612757,POR,100.00698456394024,107,103,89,92.41634753466462,1.0
22401098,1610612752,NYK,97.887414522921,84,85,74,92.11261262574197,1.0
22401098,1610612755,PHI,92.11261262574197,74,81,84,97.887414522921,0.0
22401099,1610612741,CHI,108.08911680093857,114,88,108,104.89194106485064,1.0
22401099,1610612761,TOR,104.89194106485064,108,97,114,108.08911680093857,0.0
22401100,1610612744,GSW,105.13228227512711,106,99,106,97.75947617599732,0.5
22401100,1610612763,MEM,97.75947617599732,106,92,106,105.13228227512711,0.5
22401101,1610612749,MIL,88.465563382332,119,74,106,94.54649564399598,1.0
22401101,1610612756,PHX,94.54649564399598,106,92,119,88.465563382332,0.0
22401102,1610612743,DEN,93.52450239345634,106,86,123,120.26423217064193,0.0
22401102,1610612750,MIN,120.26423217064193,123,111,106,93.52450239345634,1.0
22401103,1610612739,CLE,105.57083989358395,112,94,91,98.77579806830327,1.0
22401103,1610612752,NYK,98.77579806830327,91,90,112,105.57083989358395,0.0
22401104,1610612754,IND,100.97526650407298,112,95,92,79.71657546076524,1.0
22401104,1610612766,CHA,79.71657546076524,92,78,112,100.97526650407298,0.0
22401105,1610612758,SAC,102.85576099058792,90,95,103,92.69300875491088,0.0
22401105,1610612764,WAS,92.69300875491088,103,84,90,102.85576099058792,1.0
22401106,1610612738,BOS,93.15197900822459,90,87,100,82.0521107447552,0.0
22401106,1610612748,MIA,82.0521107447552,100,83,90,93.15197900822459,1.0
22401107,1610612745,HOU,120.71053145430282,131,104,90,106.01725448217034,1.0
22401107,1610612762,UTA,106.01725448217034,90,94,131,120.71053145430282,0.0
22401108,1610612760,OKC,107.14349321625619,94,96,82,99.114897117357,1.0
22401108,1610612765,DET,99.114897117357,82,89,94,107.14349321625619,0.0
22401109,1610612737,ATL,104.2295099433142,99,97,103,93.27314144462488,0.0
22401109,1610612742,DAL,93.27314144462488,103,83,99,104.2295099433142,1.0
22401110,1610612743,DEN,96.08936647054756,89,96,103,97.67488835316927,0.0
22401110,1610612759,SAS,97.67488835316927,103,97,89,96.08936647054756,1.0
22401111,1610612740,NOP,94.67047193782363,90,85,93,80.03731877147766,0.0
22401111,1610612746,LAC,80.03731877147766,93,76,90,94.67047193782363,1.0
22401112,1610612753,ORL,89.70064606361626,87,82,88,83.7881266835185,0.0
22401112,1610612764,WAS,83.7881266835185,88,85,87,89.70064606361626,1.0
22401113,1610612750,MIN,86.62493530031935,91,78,87,95.93710263452509,1.0
22401113,1610612751,BKN,95.93710263452509,87,89,91,86.62493530031935,0.0
22401114,1610612748,MIA,101.62700886987189,92,95,96,98.36552631469019,0.0
22401114,1610612763,MEM,98.36552631469019,96,85,92,101.62700886987189,1.0
22401115,1610612749,MIL,97.66514496768856,108,82,98,102.42653429540594,1.0
22401115,1610612755,PHI,102.42653429540594,98,89,108,97.66514496768856,0.0
22401116,1610612757,POR,101.22239757651433,94,86,100,110.98693744766211,0.0
22401116,1610612761,TOR,110.98693744766211,100,96,94,101.22239757651433,1.0
22401117,1610612744,GSW,83.92410237831923,97,82,96,95.23507241474287,1.0
22401117,1610612747,LAL,95.23507241474287,96,86,97,83.92410237831923,0.0
22401118,1610612758,SAC,100.5974055249294,106,91,74,91.23814624884673,1.0
22401118,1610612766,CHA,91.23814624884673,74,83,106,100.5974055249294,0.0
22401119,1610612754,IND,96.77064842384993,114,89,94,107.31391454886278,1.0
22401119,1610612762,UTA,107.31391454886278,94,104,114,96.77064842384993,0.0
22401120,1610612738,BOS,92.95180175569355,104,87,94,92.87387848112301,1.0
22401120,1610612756,PHX,92.87387848112301,94,93,104,92.95180175569355,0.0
22401121,1610612761,TOR,100.58615489838883,89,91,94,103.37438113955983,0.0
22401121,1610612765,DET,103.37438113955983,94,89,89,100.58615489838883,1.0
22401122,1610612741,CHI,99.65229649765429,92,87,99,128.2055250972496,0.0
22401122,1610612757,POR,128.2055250972496,99,115,92,99.65229649765429,1.0
22401123,1610612745,HOU,97.51915951493773,103,92,99,93.32151725125117,1.0
22401123,1610612760,OKC,93.32151725125117,99,89,103,97.51915951493773,0.0
22401124,1610612739,CLE,97.73971942182004,104,87,98,99.93882695099079,1.0
22401124,1610612759,SAS,99.93882695099079,98,94,104,97.73971942182004,0.0
22401125,1610612743,DEN,82.91297380679724,92,74,102,87.85989273220882,0.0
22401125,1610612744,GSW,87.85989273220882,102,88,92,82.91297380679724,1.0
22401126,1610612740,NOP,87.1367444371346,94,82,98,84.89067125545384,0.0
22401126,1610612747,LAL,84.89067125545384,98,79,94,87.1367444371346,1.0
22401127,1610612742,DAL,77.53791568799589,74,77,102,95.89164690508605,0.0
22401127,1610612746,LAC,95.89164690508605,102,89,74,77.53791568799589,1.0
22401128,1610612737,ATL,100.26196505600623,96,88,105,100.93317366069884,0.0
22401128,1610612752,NYK,100.93317366069884,105,84,96,100.26196505600623,1.0
22401129,1610612763,MEM,95.49919338604697,87,94,85,100.39867809978004,1.0
22401129,1610612765,DET,100.39867809978004,85,96,87,95.49919338604697,0.0
22401130,1610612750,MIN,94.58781471344281,93,81,100,103.75537180613735,0.0
22401130,1610612755,PHI,103.75537180613735,100,91,93,94.58781471344281,1.0
22401131,1610612748,MIA,106.19670951109757,101,102,98,108.41235861062987,1.0
22401131,1610612749,MIL,108.41235861062987,98,87,101,106.19670951109757,0.0
22401132,1610612742,DAL,82.58590995146169,75,78,119,104.51472673733036,0.0
22401132,1610612746,LAC,104.51472673733036,119,96,75,82.58590995146169,1.0
22401133,1610612741,CHI,101.66481754575784,108,86,90,90.61426312749752,1.0
22401133,1610612766,CHA,90.61426312749752,90,85,108,101.66481754575784,0.0
22401134,1610612751,BKN,89.51246273463343,88,82,106,108.01085913845625,0.0
22401134,1610612761,TOR,108.01085913845625,106,94,88,89.51246273463343,1.0
22401135,1610612747,LAL,86.98082839390776,114,84,90,102.79345883544829,1.0
22401135,1610612760,OKC,102.79345883544829,90,90,114,86.98082839390776,0.0
22401136,1610612737,ATL,112.79487515731208,130,95,110,97.94310031419417,1.0
22401136,1610612762,UTA,97.94310031419417,110,87,130,112.79487515731208,0.0
22401137,1610612738,BOS,109.96606034801138,120,98,82,89.6280916948367,1.0
22401137,1610612764,WAS,89.6280916948367,82,86,120,109.96606034801138,0.0
22401138,1610612739,CLE,107.42494299258735,102,88,102,93.08464475211389,0.5
22401138,1610612758,SAC,93.08464475211389,102,82,102,107.42494299258735,0.5
22401139,1610612757,POR,100.18247501118638,99,89,93,102.54267621728272,1.0
22401139,1610612759,SAS,102.54267621728272,93,95,99,100.18247501118638,0.0
22401140,1610612752,NYK,89.30582606478966,92,74,82,101.01377339996492,1.0
22401140,1610612756,PHX,101.01377339996492,82,92,92,89.30582606478966,0.0
22401141,1610612740,NOP,88.96676663806679,77,79,99,94.49723148189601,0.0
22401141,1610612753,ORL,94.49723148189601,99,83,77,88.96676663806679,1.0
22401142,1610612743,DEN,104.12261954271855,108,93,107,97.34922093718944,1.0
22401142,1610612754,IND,97.34922093718944,107,96,108,104.12261954271855,0.0
22401143,1610612744,GSW,92.38164624643102,90,89,100,98.27998734804679,0.0
22401143,1610612745,HOU,98.27998734804679,100,93,90,92.38164624643102,1.0
22401144,1610612758,SAC,85.99305427219763,105,91,97,97.04192485491059,1.0
22401144,1610612765,DET,97.04192485491059,97,89,105,85.99305427219763,0.0
22401145,1610612748,MIA,101.36674491335444,106,89,88,98.24641785780287,1.0
22401145,1610612755,PHI,98.24641785780287,88,88,106,101.36674491335444,0.0
22401146,1610612763,MEM,101.79289490101752,102,93,85,83.76193104465432,1.0
22401146,1610612766,CHA,83.76193104465432,85,81,102,101.79289490101752,0.0
22401147,1610612739,CLE,113.76519164789171,127,100,97,98.31753762410838,1.0
22401147,1610612741,CHI,98.31753762410838,97,86,127,113.76519164789171,0.0
22401148,1610612754,IND,93.42106357783278,75,87,87,96.4555142850421,0.0
22401148,1610612764,WAS,96.4555142850421,87,91,75,93.42106357783278,1.0
22401149,1610612737,ATL,91.19593316553245,94,88,98,92.91199374213663,0.0
22401149,1610612753,ORL,92.91199374213663,98,84,94,91.19593316553245,1.0
22401150,1610612740,NOP,91.5508439424348,90,82,99,97.38269272134615,0.0
22401150,1610612751,BKN,97.38269272134615,99,83,90,91.5508439424348,1.0
22401151,1610612738,BOS,93.66485513191347,99,87,107,103.01892794043884,0.0
22401151,1610612752,NYK,103.01892794043884,107,101,99,93.66485513191347,1.0
22401152,1610612749,MIL,90.77850941598439,92,84,95,90.77106078557266,0.0
22401152,1610612750,MIN,90.77106078557266,95,89,92,90.77850941598439,1.0
22401153,1610612747,LAL,79.37755296256272,92,80,122,100.94384207761978,0.0
22401153,1610612760,OKC,100.94384207761978,122,104,92,79.37755296256272,1.0
22401154,1610612744,GSW,96.02325961406022,105,93,82,89.07391255832039,1.0
22401154,1610612756,PHX,89.07391255832039,82,88,105,96.02325961406022,0.0
22401155,1610612746,LAC,100.13093240810491,110,93,107,94.34576836820179,1.0
22401155,1610612759,SAS,94.34576836820179,107,85,110,100.13093240810491,0.0
22401156,1610612738,BOS,91.73860255351373,71,82,90,94.47489838471155,0.0
22401156,1610612753,ORL,94.47489838471155,90,91,71,91.73860255351373,1.0
22401157,1610612755,PHI,102.4239404544041,94,91,78,90.195002898981,1.0
22401157,1610612764,WAS,90.195002898981,78,87,94,102.4239404544041,0.0
22401158,1610612761,TOR,123.95911545392573,117,104,83,89.0656644928784,1.0
22401158,1610612766,CHA,89.0656644928784,83,82,117,123.95911545392573,0.0
22401159,1610612742,DAL,80.4159275628099,81,72,96,101.58950491942052,0.0
22401159,1610612747,LAL,101.58950491942052,96,90,81,80.4159275628099,1.0
22401160,1610612741,CHI,88.63520595977543,106,89,100,90.65310390050558,1.0
22401160,1610612748,MIA,90.65310390050558,100,92,106,88.63520595977543,0.0
22401161,1610612740,NOP,103.83035499218363,97,96,116,107.20701306645707,0.0
22401161,1610612749,MIL,107.20701306645707,116,90,97,103.83035499218363,1.0
22401162,1610612757,POR,108.84758832476793,107,104,115,99.87812596105906,0.0
22401162,1610612762,UTA,99.87812596105906,115,98,107,108.84758832476793,1.0
22401163,1610612744,GSW,90.5429232863457,88,86,96,85.66124207768797,0.0
22401163,1610612759,SAS,85.66124207768797,96,81,88,90.5429232863457,1.0
22401164,1610612756,PHX,91.30553319183291,99,87,102,101.51734603838706,0.0
22401164,1610612760,OKC,101.51734603838706,102,86,99,91.30553319183291,1.0
22401165,1610612743,DEN,89.3570493354751,99,86,102,91.89538056513484,0.0
22401165,1610612758,SAC,91.89538056513484,102,92,99,89.3570493354751,1.0
22401166,1610612745,HOU,95.47235782768124,110,88,115,96.12167915284594,0.0
22401166,1610612746,LAC,96.12167915284594,115,90,110,95.47235782768124,1.0
22401167,1610612752,NYK,94.1215741987134,95,90,102,91.1667049255153,0.0
22401167,1610612765,DET,91.1667049255153,102,82,95,94.1215741987134,1.0
22401168,1610612739,CLE,100.66182652379673,103,98,100,94.43021170745065,1.0
22401168,1610612754,IND,94.43021170745065,100,93,103,100.66182652379673,0.0
22401169,1610612737,ATL,98.98170953503296,111,84,94,97.10663808120978,1.0
22401169,1610612751,BKN,97.10663808120978,94,90,111,98.98170953503296,0.0
22401170,1610612750,MIN,96.4012065591707,116,87,110,92.15485713435883,1.0
22401170,1610612763,MEM,92.15485713435883,110,89,116,96.4012065591707,0.0
22401171,1610612749,MIL,95.27855786179013,103,94,110,90.67340934276787,0.0
22401171,1610612765,DET,90.67340934276787,110,93,103,95.27855786179013,1.0
22401172,1610612753,ORL,91.91569442262443,111,85,92,96.4634882390907,1.0
22401172,1610612754,IND,96.4634882390907,92,89,111,91.91569442262443,0.0
22401173,1610612737,ATL,112.00374351900602,106,94,98,104.83735060580376,1.0
22401173,1610612755,PHI,104.83735060580376,98,97,106,112.00374351900602,0.0
22401174,1610612738,BOS,100.90783094174601,121,95,87,93.76573308777117,1.0
22401174,1610612766,CHA,93.76573308777117,87,93,121,100.90783094174601,0.0
22401175,1610612739,CLE,88.5485240769489,87,77,88,95.75386259239328,0.0
22401175,1610612752,NYK,95.75386259239328,88,88,87,88.5485240769489,1.0
22401176,1610612741,CHI,105.27773206337099,99,93,80,97.95063154159784,1.0
22401176,1610612764,WAS,97.95063154159784,80,91,99,105.27773206337099,0.0
22401177,1610612740,NOP,104.63479923809632,90,95,136,114.41778863662917,0.0
22401177,1610612748,MIA,114.41778863662917,136,104,90,104.63479923809632,1.0
22401178,1610612742,DAL,100.94452023103314,113,89,91,110.33328837047205,1.0
22401178,1610612761,TOR,110.33328837047205,91,100,113,100.94452023103314,0.0
22401179,1610612750,MIN,88.64333191198456,95,77,78,92.20821585219059,1.0
22401179,1610612751,BKN,92.20821585219059,78,90,95,88.64333191198456,0.0
22401180,1610612743,DEN,105.03865091213694,93,91,96,92.37132050837548,0.0
22401180,1610612763,MEM,92.37132050837548,96,91,93,105.03865091213694,1.0
22401181,1610612760,OKC,107.72056529314419,136,100,95,106.53991239675051,1.0
22401181,1610612762,UTA,106.53991239675051,95,103,136,107.72056529314419,0.0
22401182,1610612756,PHX,100.56059633597087,107,95,91,89.48144885218159,1.0
22401182,1610612759,SAS,89.48144885218159,91,90,107,100.56059633597087,0.0
22401183,1610612744,GSW,87.90009965474631,80,83,70,93.11611814247436,1.0
22401183,1610612757,POR,93.11611814247436,70,85,80,87.90009965474631,0.0
22401184,1610612746,LAC,78.77403522581501,87,78,84,79.76186305919587,1.0
22401184,1610612758,SAC,79.76186305919587,84,85,87,78.77403522581501,0.0
22401185,1610612745,HOU,98.28930009681225,100,90,125,95.41855158605615,0.0
22401185,1610612747,LAL,95.41855158605615,125,87,100,98.28930009681225,1.0
22401186,1610612737,ATL,102.48789248587843,111,88,95,100.88484421205521,1.0
22401186,1610612753,ORL,100.88484421205521,95,88,111,102.48789248587843,0.0
22401187,1610612738,BOS,93.56813472783975,84,90,75,86.32896862016385,1.0
22401187,1610612766,CHA,86.32896862016385,75,85,84,93.56813472783975,0.0
22401188,1610612751,BKN,79.95427182465411,88,74,90,91.31829442663032,0.0
22401188,1610612752,NYK,91.31829442663032,90,86,88,79.95427182465411,1.0
22401189,1610612739,CLE,127.92488986529422,106,115,106,135.51681644187425,0.5
22401189,1610612754,IND,135.51681644187425,106,119,106,127.92488986529422,0.5
22401190,1610612748,MIA,117.75320624112778,108,98,108,96.06694078082388,0.5
22401190,1610612764,WAS,96.06694078082388,108,90,108,117.75320624112778,0.5
22401191,1610612741,CHI,124.51903424689293,107,103,84,106.35372079455712,1.0
22401191,1610612755,PHI,106.35372079455712,84,94,107,124.51903424689293,0.0
22401192,1610612749,MIL,95.49670070442606,123,86,124,116.17171028388306,0.0
22401192,1610612765,DET,116.17171028388306,124,107,123,95.49670070442606,1.0
22401193,1610612743,DEN,89.67538466536075,100,88,102,102.57322244625327,0.0
22401193,1610612745,HOU,102.57322244625327,102,100,100,89.67538466536075,1.0
22401194,1610612742,DAL,98.43713325216198,81,87,119,124.79623014012978,0.0
22401194,1610612763,MEM,124.79623014012978,119,104,81,98.43713325216198,1.0
22401195,1610612750,MIN,117.45807660448804,105,98,96,92.15046530008729,1.0
22401195,1610612762,UTA,92.15046530008729,96,89,105,117.45807660448804,0.0
22401196,1610612740,NOP,94.43052137729212,77,91,91,114.22606964412893,0.0
22401196,1610612760,OKC,114.22606964412893,91,98,77,94.43052137729212,1.0
22401197,1610612759,SAS,94.54075773821151,97,84,106,111.2052020977166,0.0
22401197,1610612761,TOR,111.2052020977166,106,97,97,94.54075773821151,1.0
22401198,1610612744,GSW,85.14589445322585,101,79,110,90.0744295172806,0.0
22401198,1610612746,LAC,90.0744295172806,110,86,101,85.14589445322585,1.0
22401199,1610612747,LAL,77.89560198720345,71,80,99,98.19657455690046,0.0
22401199,1610612757,POR,98.19657455690046,99,96,71,77.89560198720345,1.0
22401200,1610612756,PHX,89.11784500681101,95,84,106,89.9932737885348,0.0
22401200,1610612758,SAC,89.9932737885348,106,88,95,89.11784500681101,1.0
22401201,1610612749,MIL,90.34918447147322,95,77,88,98.41983243134605,1.0
22401201,1610612753,ORL,98.41983243134605,88,93,95,90.34918447147322,0.0
22401202,1610612737,ATL,118.3116252682037,95,104,91,109.7567060481145,1.0
22401202,1610612752,NYK,109.7567060481145,91,93,95,118.3116252682037,0.0
22401203,1610612742,DAL,86.80257225777814,91,80,112,106.11565315805494,0.0
22401203,1610612760,OKC,106.11565315805494,112,101,91,86.80257225777814,1.0
22401204,1610612744,GSW,86.76256982990095,86,84,82,93.016713091278,1.0
22401204,1610612745,HOU,93.016713091278,82,83,86,86.76256982990095,0.0
22401205,1610612738,BOS,100.22021487108796,112,90,91,100.82677863997932,1.0
22401205,1610612765,DET,100.82677863997932,91,98,112,100.22021487108796,0.0
22401206,1610612748,MIA,97.80397065161142,93,83,93,107.59894220315168,0.5
22401206,1610612761,TOR,107.59894220315168,93,92,93,97.80397065161142,0.5
22401207,1610612740,NOP,91.34328094175109,92,83,84,100.6322863086004,1.0
22401207,1610612758,SAC,100.6322863086004,84,92,92,91.34328094175109,0.0
22401208,1610612739,CLE,102.81832171646118,87,91,96,96.50831040529658,0.0
22401208,1610612764,WAS,96.50831040529658,96,86,87,102.81832171646118,1.0
22401209,1610612754,IND,104.8981892626931,108,91,84,92.15009714417427,1.0
22401209,1610612755,PHI,92.15009714417427,84,85,108,104.8981892626931,0.0
22401210,1610612747,LAL,89.01713862550496,76,86,79,95.75518667074655,0.0
22401210,1610612750,MIN,95.75518667074655,79,87,76,89.01713862550496,1.0
22401211,1610612751,BKN,101.12563067295412,104,92,121,113.81590882727663,0.0
22401211,1610612763,MEM,113.81590882727663,121,99,104,101.12563067295412,1.0
22401212,1610612741,CHI,107.25239616087106,88,93,78,111.03237494108264,1.0
22401212,1610612766,CHA,111.03237494108264,78,98,88,107.25239616087106,0.0
22401213,1610612743,DEN,90.85788951593764,94,77,88,94.48729887319149,1.0
22401213,1610612746,LAC,94.48729887319149,88,83,94,90.85788951593764,0.0
22401214,1610612756,PHX,95.08339939815941,116,89,108,85.43426246821407,1.0
22401214,1610612762,UTA,85.43426246821407,108,77,116,95.08339939815941,0.0
22401215,1610612757,POR,86.91639937934539,100,82,102,90.85907156885949,0.0
22401215,1610612759,SAS,90.85907156885949,102,85,100,86.91639937934539,1.0
22401216,1610612740,NOP,103.24513765533094,86,97,98,86.87496515736241,0.0
22401216,1610612754,IND,86.87496515736241,98,81,86,103.24513765533094,1.0
22401217,1610612738,BOS,103.18527598756357,98,93,93,105.55517541898611,1.0
22401217,1610612764,WAS,105.55517541898611,93,99,98,103.18527598756357,0.0
22401218,1610612750,MIN,106.797522600306,92,100,85,100.18423534620976,1.0
22401218,1610612759,SAS,100.18423534620976,85,91,92,106.797522600306,0.0
22401219,1610612756,PHX,90.82308802842324,101,89,99,105.8718839479821,1.0
22401219,1610612757,POR,105.8718839479821,99,94,101,90.82308802842324,0.0
22401220,1610612747,LAL,88.98709043636458,88,82,85,96.95390030272304,1.0
22401220,1610612763,MEM,96.95390030272304,85,97,88,88.98709043636458,0.0
22401221,1610612748,MIA,98.94567779209032,102,99,108,96.87183064462005,0.0
22401221,1610612765,DET,96.87183064462005,108,90,102,98.94567779209032,1.0
22401222,1610612755,PHI,80.96809291094897,98,80,96,98.66923812327242,1.0
22401222,1610612766,CHA,98.66923812327242,96,83,98,80.96809291094897,0.0
22401223,1610612741,CHI,110.10750001466518,100,93,99,102.48510078530961,1.0
22401223,1610612761,TOR,102.48510078530961,99,92,100,110.10750001466518,0.0
22401224,1610612739,CLE,89.6803726376811,105,81,82,86.08178821842775,1.0
22401224,1610612751,BKN,86.08178821842775,82,81,105,89.6803726376811,0.0
22401225,1610612743,DEN,108.62979662602393,112,102,110,103.22992019169102,1.0
22401225,1610612758,SAC,103.22992019169102,110,102,112,108.62979662602393,0.0
22401226,1610612746,LAC,91.95590299542128,119,82,85,87.90474571192357,1.0
22401226,1610612762,UTA,87.90474571192357,85,80,119,91.95590299542128,0.0
22401227,1610612752,NYK,74.92653269807631,76,71,81,91.67165612548187,0.0
22401227,1610612753,ORL,91.67165612548187,81,86,76,74.92653269807631,1.0
22401228,1610612742,DAL,96.01308480255946,125,87,125,111.08419097650763,0.5
22401228,1610612744,GSW,111.08419097650763,125,103,125,96.01308480255946,0.5
22401229,1610612737,ATL,85.80802489999698,80,82,92,94.78366994753502,0.0
22401229,1610612749,MIL,94.78366994753502,92,86,80,85.80802489999698,1.0
22401230,1610612745,HOU,99.35839441747042,81,96,83,85.6801699999976,0.0
22401230,1610612760,OKC,85.6801699999976,83,80,81,99.35839441747042,1.0
