gameId,teamId,teamTricode,exp_points,actual_points,shots,actual_allowed,exp_allowed,fg_only_win
22400001,1610612737,ATL,100.17029575405071,110,99,94,81.60412637110922,1.0
22400001,1610612738,BOS,81.60412637110922,94,75,110,100.17029575405071,0.0
22400002,1610612748,MIA,103.79933767965652,111,101,99,98.7221352038039,1.0
22400002,1610612765,DET,98.7221352038039,99,92,111,103.79933767965652,0.0
22400003,1610612753,ORL,97.3420458215196,99,93,81,83.6380636223604,1.0
22400003,1610612766,CHA,83.6380636223604,81,84,99,97.3420458215196,0.0
22400004,1610612752,NYK,102.15933879304472,97,89,76,86.81583649913968,1.0
22400004,1610612755,PHI,86.81583649913968,76,83,97,102.15933879304472,0.0
22400005,1610612749,MIL,110.82341272177034,92,94,69,90.1851464930674,1.0
22400005,1610612761,TOR,90.1851464930674,69,86,92,110.82341272177034,0.0
22400006,1610612756,PHX,97.37454136005798,104,86,105,97.90939942000352,0.0
22400006,1610612762,UTA,97.90939942000352,105,92,104,97.37454136005798,1.0
22400007,1610612742,DAL,88.70684848041851,99,84,104,100.43543421614163,0.0
22400007,1610612744,GSW,100.43543421614163,104,94,99,88.70684848041851,1.0
22400008,1610612750,MIN,82.17195766808756,87,73,104,92.35450944407434,0.0
22400008,1610612757,POR,92.35450944407434,104,84,87,82.17195766808756,1.0
22400009,1610612748,MIA,95.21845896479219,105,87,102,94.14609194580336,1.0
22400009,1610612754,IND,94.14609194580336,102,86,105,95.21845896479219,0.0
22400010,1610612753,ORL,79.48646961999138,79,78,68,71.81322622461575,1.0
22400010,1610612755,PHI,71.81322622461575,68,72,79,79.48646961999138,0.0
22400011,1610612761,TOR,99.98401619111502,78,97,86,103.73702594855502,0.0
22400011,1610612765,DET,103.73702594855502,86,95,78,99.98401619111502,1.0
22400012,1610612737,ATL,111.82156960127365,104,98,101,116.8949433016298,1.0
22400012,1610612764,WAS,116.8949433016298,101,106,104,111.82156960127365,0.0
22400013,1610612739,CLE,111.89298325176264,123,93,110,101.7089577259515,1.0
22400013,1610612741,CHI,101.7089577259515,110,88,123,111.89298325176264,0.0
22400014,1610612751,BKN,96.63623644179447,97,89,101,93.21359028542851,0.0
22400014,1610612752,NYK,93.21359028542851,101,83,97,96.63623644179447,1.0
22400015,1610612747,LAL,98.73039310621864,102,88,103,97.19030079821476,0.0
22400015,1610612759,SAS,97.19030079821476,103,88,102,98.73039310621864,1.0
22400016,1610612745,HOU,100.1449600847588,111,95,78,91.48424683787293,1.0
22400016,1610612746,LAC,91.48424683787293,78,90,111,100.1449600847588,0.0
22400017,1610612740,NOP,90.40651829263957,85,87,84,99.61982594309974,1.0
22400017,1610612743,DEN,99.61982594309974,84,87,85,90.40651829263957,0.0
22400018,1610612756,PHX,80.68264650264813,53,75,82,103.27313195808716,0.0
22400018,1610612760,OKC,103.27313195808716,82,91,53,80.68264650264813,1.0
22400019,1610612744,GSW,103.46740878433228,105,98,91,106.43463826155886,1.0
22400019,1610612763,MEM,106.43463826155886,91,103,105,103.46740878433228,0.0
22400020,1610612750,MIN,104.57161277130226,116,101,108,100.26875692567981,1.0
22400020,1610612758,SAC,100.26875692567981,108,96,116,104.57161277130226,0.0
22400021,1610612738,BOS,89.43749951001482,110,86,102,96.63117045246356,1.0
22400021,1610612739,CLE,96.63117045246356,102,93,110,89.43749951001482,0.0
22400022,1610612751,BKN,92.54042432451371,102,85,96,82.44483612681037,1.0
22400022,1610612766,CHA,82.44483612681037,96,82,102,92.54042432451371,0.0
22400023,1610612743,DEN,110.80854834531523,108,100,91,115.03992248121988,1.0
22400023,1610612763,MEM,115.03992248121988,91,103,108,110.80854834531523,0.0
22400024,1610612740,NOP,81.45302956809903,73,78,112,107.53859333241424,0.0
22400024,1610612742,DAL,107.53859333241424,112,94,73,81.45302956809903,1.0
22400025,1610612759,SAS,87.2134872583287,97,83,98,111.23480541318251,0.0
22400025,1610612760,OKC,111.23480541318251,98,100,97,87.2134872583287,1.0
22400026,1610612747,LAL,88.00741521577046,98,76,102,95.03995824400391,0.0
22400026,1610612762,UTA,95.03995824400391,102,90,98,88.00741521577046,1.0
22400027,1610612751,BKN,93.8348300470612,91,79,98,103.16705555812675,0.0
22400027,1610612755,PHI,103.16705555812675,98,92,91,93.8348300470612,1.0
22400028,1610612738,BOS,93.62761054585336,83,85,85,91.87707364316203,0.0
22400028,1610612764,WAS,91.87707364316203,85,90,83,93.62761054585336,1.0
22400029,1610612749,MIL,105.78432999179009,113,90,97,102.21186410761608,1.0
22400029,1610612754,IND,102.21186410761608,97,91,113,105.78432999179009,0.0
22400030,1610612737,ATL,121.32802984653955,108,107,117,98.83533187884082,0.0
22400030,1610612741,CHI,98.83533187884082,117,86,108,121.32802984653955,1.0
22400031,1610612745,HOU,101.74943786942389,99,93,71,90.26372776742474,1.0
22400031,1610612757,POR,90.26372776742474,71,91,99,101.74943786942389,0.0
22400032,1610612740,NOP,99.27398111975455,94,92,90,96.42259649482499,1.0
22400032,1610612744,GSW,96.42259649482499,90,87,94,99.27398111975455,0.0
22400033,1610612742,DAL,93.96357524728042,102,91,101,95.30581558572942,1.0
22400033,1610612743,DEN,95.30581558572942,101,90,102,93.96357524728042,0.0
22400034,1610612746,LAC,104.84665892372216,88,94,71,88.82558524034971,1.0
22400034,1610612758,SAC,88.82558524034971,71,83,88,104.84665892372216,0.0
22400035,1610612741,CHI,104.36853647285496,108,94,88,93.24875224590038,1.0
22400035,1610612764,WAS,93.24875224590038,88,91,108,104.36853647285496,0.0
22400036,1610612748,MIA,81.71400843305244,80,77,92,77.83334515491906,0.0
22400036,1610612749,MIL,77.83334515491906,92,77,80,81.71400843305244,1.0
22400037,1610612745,HOU,103.51697104954823,105,99,93,106.25999763324023,1.0
22400037,1610612750,MIN,106.25999763324023,93,98,105,103.51697104954823,0.0
22400038,1610612759,SAS,105.13910269250896,108,93,99,93.54632069501987,1.0
22400038,1610612762,UTA,93.54632069501987,99,84,108,105.13910269250896,0.0
22400039,1610612747,LAL,98.06812420918457,82,85,119,111.96490415451372,0.0
22400039,1610612756,PHX,111.96490415451372,119,99,82,98.06812420918457,1.0
22400040,1610612752,NYK,93.7644782384516,84,81,87,89.33341681866068,0.0
22400040,1610612766,CHA,89.33341681866068,87,89,84,93.7644782384516,1.0
22400041,1610612737,ATL,92.15680593090198,102,85,87,105.19009523838476,1.0
22400041,1610612739,CLE,105.19009523838476,87,93,102,92.15680593090198,0.0
22400042,1610612740,NOP,94.36945499904837,85,91,106,112.0113818742786,0.0
22400042,1610612763,MEM,112.0113818742786,106,96,85,94.36945499904837,1.0
22400043,1610612751,BKN,85.51399918353852,90,77,106,96.02843470136638,0.0
22400043,1610612753,ORL,96.02843470136638,106,83,90,85.51399918353852,1.0
22400044,1610612746,LAC,91.1190248895098,82,84,77,80.88020403449734,1.0
22400044,1610612750,MIN,80.88020403449734,77,75,82,91.1190248895098,0.0
22400045,1610612754,IND,92.48747626332661,94,85,114,94.71586507301535,0.0
22400045,1610612765,DET,94.71586507301535,114,83,94,92.48747626332661,1.0
22400046,1610612748,MIA,103.97170781126195,107,94,97,88.07099626207382,1.0
22400046,1610612761,TOR,88.07099626207382,97,80,107,103.97170781126195,0.0
22400047,1610612738,BOS,112.24655124095223,121,98,116,110.03133265773798,1.0
22400047,1610612741,CHI,110.03133265773798,116,93,121,112.24655124095223,0.0
22400048,1610612747,LAL,73.5588916854218,77,73,89,96.98699484379094,0.0
22400048,1610612760,OKC,96.98699484379094,89,93,77,73.5588916854218,1.0
22400049,1610612757,POR,99.77597829378746,103,90,85,88.10228259008775,1.0
22400049,1610612758,SAC,88.10228259008775,85,78,103,99.77597829378746,0.0
22400050,1610612755,PHI,89.78629080925927,92,82,81,78.86459642521564,1.0
22400050,1610612766,CHA,78.86459642521564,81,77,92,89.78629080925927,0.0
22400051,1610612739,CLE,103.47866033760106,102,89,68,85.42529664676559,1.0
22400051,1610612764,WAS,85.42529664676559,68,83,102,103.47866033760106,0.0
22400052,1610612749,MIL,85.27328521151445,113,80,91,91.64060401849059,1.0
22400052,1610612765,DET,91.64060401849059,91,87,113,85.27328521151445,0.0
22400053,1610612752,NYK,93.69388442934142,101,85,85,99.46419925909944,1.0
22400053,1610612753,ORL,99.46419925909944,85,87,101,93.69388442934142,0.0
22400054,1610612754,IND,96.45102657571361,88,84,101,88.92609195848958,0.0
22400054,1610612761,TOR,88.92609195848958,101,81,88,96.45102657571361,1.0
22400055,1610612760,OKC,120.57716335431813,123,102,89,78.99618321536859,1.0
22400055,1610612762,UTA,78.99618321536859,89,70,123,120.57716335431813,0.0
22400056,1610612742,DAL,89.80159333715132,91,81,103,105.69723253109778,0.0
22400056,1610612763,MEM,105.69723253109778,103,97,91,89.80159333715132,1.0
22400057,1610612756,PHX,84.53983615234345,87,78,78,104.90698313929897,1.0
22400057,1610612759,SAS,104.90698313929897,78,100,87,84.53983615234345,0.0
22400058,1610612743,DEN,87.86327170303579,91,79,100,102.2870771973591,0.0
22400058,1610612744,GSW,102.2870771973591,100,95,91,87.86327170303579,1.0
22400059,1610612745,HOU,100.1760088944315,96,93,108,102.75908371113422,0.0
22400059,1610612758,SAC,102.75908371113422,108,91,96,100.1760088944315,1.0
22400060,1610612746,LAC,92.75306712099666,113,85,92,82.82042793158656,1.0
22400060,1610612757,POR,82.82042793158656,92,80,113,92.75306712099666,0.0
22400061,1610612738,BOS,103.76126634108415,125,95,97,76.90685840956594,1.0
22400061,1610612752,NYK,76.90685840956594,97,78,125,103.76126634108415,0.0
22400062,1610612747,LAL,102.83272948940098,89,95,83,95.85168496209495,1.0
22400062,1610612750,MIN,95.85168496209495,83,85,89,102.83272948940098,0.0
22400063,1610612754,IND,90.60450771546687,93,83,85,97.43897338179939,1.0
22400063,1610612765,DET,97.43897338179939,85,88,93,90.60450771546687,0.0
22400064,1610612737,ATL,95.72731996731194,87,80,97,97.15449789869139,0.0
22400064,1610612751,BKN,97.15449789869139,97,91,87,95.72731996731194,1.0
22400065,1610612748,MIA,91.93610934750065,75,82,100,108.7084483906456,0.0
22400065,1610612753,ORL,108.7084483906456,100,96,75,91.93610934750065,1.0
22400066,1610612749,MIL,97.41743795458935,102,80,90,105.10709631161328,1.0
22400066,1610612755,PHI,105.10709631161328,90,98,102,97.41743795458935,0.0
22400067,1610612739,CLE,102.77224936279683,116,87,84,83.50145250992611,1.0
22400067,1610612761,TOR,83.50145250992611,84,86,116,102.77224936279683,0.0
22400068,1610612745,HOU,105.25868269660948,89,103,91,84.84423879267453,0.0
22400068,1610612766,CHA,84.84423879267453,91,85,89,105.25868269660948,1.0
22400069,1610612740,NOP,103.75460512816811,104,97,94,97.91007724053843,1.0
22400069,1610612741,CHI,97.91007724053843,94,86,104,103.75460512816811,0.0
22400070,1610612762,UTA,86.26943740533262,90,85,103,102.21357231513022,0.0
22400070,1610612763,MEM,102.21357231513022,103,91,90,86.26943740533262,1.0
22400071,1610612746,LAC,104.65019439763752,92,92,91,87.11390094849682,1.0
22400071,1610612756,PHX,87.11390094849682,91,78,92,104.65019439763752,0.0
22400072,1610612744,GSW,117.04050914428491,116,93,80,103.65088954786764,1.0
22400072,1610612757,POR,103.65088954786764,80,92,116,117.04050914428491,0.0
22400073,1610612738,BOS,99.10947473141024,101,90,89,103.90352489831722,1.0
22400073,1610612764,WAS,103.90352489831722,89,95,101,99.10947473141024,0.0
22400074,1610612742,DAL,111.93233507951581,103,102,90,94.14196161080028,1.0
22400074,1610612759,SAS,94.14196161080028,90,86,103,111.93233507951581,0.0
22400075,1610612743,DEN,114.41302634187097,77,98,94,112.06538442510355,0.0
22400075,1610612760,OKC,112.06538442510355,94,101,77,114.41302634187097,1.0
22400076,1610612750,MIN,88.65156680412007,102,86,87,82.37455987868246,1.0
22400076,1610612758,SAC,82.37455987868246,87,82,102,88.65156680412007,0.0
22400077,1610612751,BKN,85.99401121654016,84,83,93,84.33068473721424,0.0
22400077,1610612753,ORL,84.33068473721424,93,75,84,85.99401121654016,1.0
22400078,1610612755,PHI,77.8455211956798,67,76,76,86.77005849336626,0.0
22400078,1610612761,TOR,86.77005849336626,76,76,67,77.8455211956798,1.0
22400079,1610612737,ATL,89.19478028418393,92,81,95,100.82577558539643,0.0
22400079,1610612766,CHA,100.82577558539643,95,96,92,89.19478028418393,1.0
22400080,1610612739,CLE,98.3126139885556,97,82,89,85.33329862565174,1.0
22400080,1610612765,DET,85.33329862565174,89,81,97,98.3126139885556,0.0
22400081,1610612752,NYK,93.78087768996679,100,84,85,95.82259692092784,1.0
22400081,1610612754,IND,95.82259692092784,85,83,100,93.78087768996679,0.0
22400082,1610612745,HOU,105.49409854893754,103,98,86,95.56814977667196,1.0
22400082,1610612763,MEM,95.56814977667196,86,91,103,105.49409854893754,0.0
22400083,1610612741,CHI,100.40802463640391,113,96,105,101.15842127631134,1.0
22400083,1610612749,MIL,101.15842127631134,105,93,113,100.40802463640391,0.0
22400084,1610612744,GSW,119.66307612986067,122,106,67,97.55364565065577,1.0
22400084,1610612762,UTA,97.55364565065577,67,92,122,119.66307612986067,0.0
22400085,1610612747,LAL,89.00466390936555,94,75,101,91.65536942300939,0.0
22400085,1610612756,PHX,91.65536942300939,101,82,94,89.00466390936555,1.0
22400086,1610612740,NOP,90.60193971766456,84,86,87,100.74793528861866,0.0
22400086,1610612757,POR,100.74793528861866,87,90,84,90.60193971766456,1.0
22400087,1610612743,DEN,95.19365020216432,84,87,92,88.06501949179732,0.0
22400087,1610612746,LAC,88.06501949179732,92,82,84,95.19365020216432,1.0
22400088,1610612748,MIA,92.09017173435515,94,86,91,89.97095576664503,1.0
22400088,1610612766,CHA,89.97095576664503,91,89,94,92.09017173435515,0.0
22400089,1610612738,BOS,95.50842255922807,98,90,100,91.61414269958624,0.0
22400089,1610612765,DET,91.61414269958624,100,88,98,95.50842255922807,1.0
22400090,1610612739,CLE,100.40594580310214,112,88,89,97.73168749366032,1.0
22400090,1610612764,WAS,97.73168749366032,89,96,112,100.40594580310214,0.0
22400091,1610612741,CHI,100.72055560034718,79,92,98,126.58420165955553,0.0
22400091,1610612760,OKC,126.58420165955553,98,107,79,100.72055560034718,1.0
22400092,1610612753,ORL,89.2511526785113,91,87,105,97.07608846967837,0.0
22400092,1610612763,MEM,97.07608846967837,105,86,91,89.2511526785113,1.0
22400093,1610612750,MIN,88.77955752404327,92,83,92,89.53542482581264,0.5
22400093,1610612761,TOR,89.53542482581264,92,90,92,88.77955752404327,0.5
22400094,1610612745,HOU,99.1540198236796,89,92,86,91.95302780860771,1.0
22400094,1610612759,SAS,91.95302780860771,86,79,89,99.1540198236796,0.0
22400095,1610612742,DAL,97.87449867939493,87,93,86,87.03821946694445,1.0
22400095,1610612756,PHX,87.03821946694445,86,80,87,97.87449867939493,0.0
22400096,1610612747,LAL,104.9308696725357,110,92,105,101.40483064674687,1.0
22400096,1610612758,SAC,101.40483064674687,105,88,110,104.9308696725357,0.0
22400097,1610612754,IND,89.90874966622899,91,84,95,98.24128220674902,0.0
22400097,1610612755,PHI,98.24128220674902,95,98,91,89.90874966622899,1.0
22400098,1610612749,MIL,79.99408628805702,76,74,94,95.64097982772427,0.0
22400098,1610612751,BKN,95.64097982772427,94,91,76,79.99408628805702,1.0
22400099,1610612740,NOP,91.36754276429097,84,88,100,106.62372513385974,0.0
22400099,1610612757,POR,106.62372513385974,100,93,84,91.36754276429097,1.0
22400100,1610612737,ATL,95.49644575689814,82,91,104,105.41026794339564,0.0
22400100,1610612760,OKC,105.41026794339564,104,89,82,95.49644575689814,1.0
22400101,1610612744,GSW,92.10388737832682,90,88,94,97.80308458878639,0.0
22400101,1610612746,LAC,97.80308458878639,94,90,90,92.10388737832682,1.0
22400102,1610612753,ORL,92.30720279712469,91,83,95,94.08739207359348,0.0
22400102,1610612754,IND,94.08739207359348,95,88,91,92.30720279712469,1.0
22400103,1610612737,ATL,91.98976135207567,93,81,103,98.41517004082372,0.0
22400103,1610612764,WAS,98.41517004082372,103,91,93,91.98976135207567,1.0
22400104,1610612738,BOS,89.49625864640521,104,87,82,83.79173192507088,1.0
22400104,1610612749,MIL,83.79173192507088,82,82,104,89.49625864640521,0.0
22400105,1610612748,MIA,100.56539073714774,91,88,84,102.45037769185464,1.0
22400105,1610612765,DET,102.45037769185464,84,91,91,100.56539073714774,0.0
22400106,1610612739,CLE,93.54421516971205,90,82,89,94.65183578602738,1.0
22400106,1610612752,NYK,94.65183578602738,89,90,90,93.54421516971205,0.0
22400107,1610612743,DEN,102.32124513719319,103,96,108,112.20397567631953,0.0
22400107,1610612761,TOR,112.20397567631953,108,109,103,102.32124513719319,1.0
22400108,1610612741,CHI,108.986516369597,115,100,116,125.10904310300447,0.0
22400108,1610612763,MEM,125.10904310300447,116,111,115,108.986516369597,1.0
22400109,1610612745,HOU,89.53274215470898,85,85,84,101.8394692796584,1.0
22400109,1610612759,SAS,101.8394692796584,84,87,85,89.53274215470898,0.0
22400110,1610612742,DAL,109.21283716353149,97,95,78,104.20536697941333,1.0
22400110,1610612762,UTA,104.20536697941333,78,92,97,109.21283716353149,0.0
22400111,1610612747,LAL,94.95195992332786,92,94,91,90.30840263555115,1.0
22400111,1610612756,PHX,90.30840263555115,91,87,92,94.95195992332786,0.0
22400112,1610612757,POR,85.29414704333222,74,83,88,86.86546644928765,0.0
22400112,1610612758,SAC,86.86546644928765,88,81,74,85.29414704333222,1.0
22400113,1610612743,DEN,96.3605410933514,105,89,118,102.88584275235115,0.0
22400113,1610612751,BKN,102.88584275235115,118,96,105,96.3605410933514,1.0
22400114,1610612742,DAL,96.12500930203667,106,93,97,84.72915195437749,1.0
22400114,1610612750,MIN,84.72915195437749,97,77,106,96.12500930203667,0.0
22400115,1610612758,SAC,104.84144900727924,104,92,84,97.81717981635596,1.0
22400115,1610612762,UTA,97.81717981635596,84,89,104,104.84144900727924,0.0
22400116,1610612740,NOP,76.42546908844152,89,74,113,105.93783888577781,0.0
22400116,1610612744,GSW,105.93783888577781,113,97,89,76.42546908844152,1.0
22400117,1610612761,TOR,100.71819699631136,113,91,118,94.41993809315552,0.0
22400117,1610612766,CHA,94.41993809315552,118,94,113,100.71819699631136,1.0
22400118,1610612739,CLE,121.33479456178688,129,97,82,87.19008540293018,1.0
22400118,1610612747,LAL,87.19008540293018,82,77,129,121.33479456178688,0.0
22400119,1610612738,BOS,117.36290352035792,107,109,115,111.27630233380387,0.0
22400119,1610612754,IND,111.27630233380387,115,104,107,117.36290352035792,1.0
22400120,1610612755,PHI,82.62969389083915,74,79,87,89.66009162562939,0.0
22400120,1610612765,DET,89.66009162562939,87,78,74,82.62969389083915,1.0
22400121,1610612737,ATL,104.23150811600321,102,95,110,101.769205919495,0.0
22400121,1610612764,WAS,101.769205919495,110,89,102,104.23150811600321,1.0
22400122,1610612748,MIA,84.15088285524098,91,81,98,83.61330094704171,0.0
22400122,1610612752,NYK,83.61330094704171,98,82,91,84.15088285524098,1.0
22400123,1610612741,CHI,91.04474149462804,85,84,81,93.61008664098962,1.0
22400123,1610612753,ORL,93.61008664098962,81,86,85,91.04474149462804,0.0
22400124,1610612751,BKN,84.76709364632953,97,80,84,93.33925064393101,1.0
22400124,1610612763,MEM,93.33925064393101,84,81,97,84.76709364632953,0.0
22400125,1610612759,SAS,91.88731562963545,82,85,99,98.43825920072817,0.0
22400125,1610612760,OKC,98.43825920072817,99,89,82,91.88731562963545,1.0
22400126,1610612740,NOP,90.80787387068065,77,90,95,93.64239528024991,0.0
22400126,1610612744,GSW,93.64239528024991,95,87,77,90.80787387068065,1.0
22400127,1610612746,LAC,100.9985553778882,95,90,96,97.62423338469449,0.0
22400127,1610612757,POR,97.62423338469449,96,92,95,100.9985553778882,1.0
22400128,1610612749,MIL,109.74821517915342,91,96,94,96.50114523914768,0.0
22400128,1610612763,MEM,96.50114523914768,94,82,91,109.74821517915342,1.0
22400129,1610612742,DAL,92.25643856905387,88,85,88,104.05368993875182,0.5
22400129,1610612745,HOU,104.05368993875182,88,97,88,92.25643856905387,0.5
22400130,1610612759,SAS,102.17058646035278,88,92,71,85.82922851629473,1.0
22400130,1610612762,UTA,85.82922851629473,71,82,88,102.17058646035278,0.0
22400131,1610612746,LAC,104.25386102937676,102,93,102,93.49699924471837,0.5
22400131,1610612756,PHX,93.49699924471837,102,82,102,104.25386102937676,0.5
22400132,1610612738,BOS,98.46710884692004,95,86,103,94.11927408829924,0.0
22400132,1610612766,CHA,94.11927408829924,103,91,95,98.46710884692004,1.0
22400133,1610612739,CLE,98.74177807679919,103,87,93,97.84168785829607,1.0
22400133,1610612753,ORL,97.84168785829607,93,90,103,98.74177807679919,0.0
22400134,1610612752,NYK,110.58740332015168,122,101,93,85.01341872999207,1.0
22400134,1610612765,DET,85.01341872999207,93,81,122,110.58740332015168,0.0
22400135,1610612737,ATL,108.6929858570888,101,92,97,102.4806417828375,1.0
22400135,1610612758,SAC,102.4806417828375,97,89,101,108.6929858570888,0.0
22400136,1610612741,CHI,94.62536843384785,93,88,109,105.98324083239635,0.0
22400136,1610612751,BKN,105.98324083239635,109,94,93,94.62536843384785,1.0
22400137,1610612747,LAL,100.01589059522242,95,88,114,116.48262639839827,0.0
22400137,1610612761,TOR,116.48262639839827,114,107,95,100.01589059522242,1.0
22400138,1610612740,NOP,110.38812634412572,110,101,108,106.89519526582686,1.0
22400138,1610612754,IND,106.89519526582686,108,89,110,110.38812634412572,0.0
22400139,1610612743,DEN,101.22411377776491,93,92,104,93.75210864134743,0.0
22400139,1610612750,MIN,93.75210864134743,104,83,93,101.22411377776491,1.0
22400140,1610612757,POR,83.41353776374481,93,83,121,102.00709254120378,0.0
22400140,1610612760,OKC,102.00709254120378,121,95,93,83.41353776374481,1.0
22400141,1610612738,BOS,93.71147809930443,88,82,97,89.25185527349853,0.0
22400141,1610612766,CHA,89.25185527349853,97,91,88,93.71147809930443,1.0
22400142,1610612755,PHI,98.94479706970225,91,89,108,102.46868639713085,0.0
22400142,1610612763,MEM,102.46868639713085,108,87,91,98.94479706970225,1.0
22400143,1610612758,SAC,113.49166609794003,102,100,109,103.93350333214221,0.0
22400143,1610612761,TOR,103.93350333214221,109,95,102,113.49166609794003,1.0
22400144,1610612744,GSW,78.55767442047376,95,78,103,119.90218866436835,0.0
22400144,1610612745,HOU,119.90218866436835,103,107,95,78.55767442047376,1.0
22400145,1610612739,CLE,102.66762809755146,103,91,104,94.43827305362014,0.0
22400145,1610612749,MIL,94.43827305362014,104,89,103,102.66762809755146,1.0
22400146,1610612750,MIN,98.5323510667669,89,82,99,95.01776340556644,0.0
22400146,1610612759,SAS,95.01776340556644,99,83,89,98.5323510667669,1.0
22400147,1610612748,MIA,107.65313148491776,101,102,83,95.06555614121416,1.0
22400147,1610612764,WAS,95.06555614121416,83,91,101,107.65313148491776,0.0
22400148,1610612743,DEN,111.17185393876062,112,99,77,81.23052526388595,1.0
22400148,1610612762,UTA,81.23052526388595,77,77,112,111.17185393876062,0.0
22400149,1610612756,PHX,99.61353501373257,87,93,88,109.16092092846968,0.0
22400149,1610612757,POR,109.16092092846968,88,111,87,99.61353501373257,1.0
22400150,1610612746,LAC,83.29897725943516,75,79,88,88.01288185894904,0.0
22400150,1610612760,OKC,88.01288185894904,88,84,75,83.29897725943516,1.0
22400151,1610612751,BKN,74.49667904669249,73,71,85,84.27986523878951,0.0
22400151,1610612765,DET,84.27986523878951,85,77,73,74.49667904669249,1.0
22400152,1610612737,ATL,99.71270142050624,115,88,94,91.62873199114975,1.0
22400152,1610612740,NOP,91.62873199114975,94,90,115,99.71270142050624,0.0
22400153,1610612742,DAL,92.55305094360607,94,85,70,96.86325070631923,1.0
22400153,1610612753,ORL,96.86325070631923,70,93,94,92.55305094360607,0.0
22400154,1610612739,CLE,105.85226657719215,109,91,101,86.67726928256123,1.0
22400154,1610612749,MIL,86.67726928256123,101,86,109,105.85226657719215,0.0
22400155,1610612744,GSW,107.7553468625258,100,97,94,103.91908813062373,1.0
22400155,1610612764,WAS,103.91908813062373,94,96,100,107.7553468625258,0.0
22400156,1610612747,LAL,92.80125444630585,83,85,98,103.14253422313762,0.0
22400156,1610612765,DET,103.14253422313762,98,96,83,92.80125444630585,1.0
22400157,1610612737,ATL,96.35627864736804,80,89,114,116.07555987696256,0.0
22400157,1610612738,BOS,116.07555987696256,114,99,80,96.35627864736804,1.0
22400158,1610612751,BKN,89.35691109654051,93,84,94,103.0321031178761,0.0
22400158,1610612763,MEM,103.0321031178761,94,91,93,89.35691109654051,1.0
22400159,1610612748,MIA,84.8517886462132,89,85,98,87.71449350214186,0.0
22400159,1610612758,SAC,87.71449350214186,98,86,89,84.8517886462132,1.0
22400160,1610612741,CHI,110.94886391314606,104,95,112,101.7898787355255,0.0
22400160,1610612762,UTA,101.7898787355255,112,89,104,110.94886391314606,1.0
22400161,1610612745,HOU,88.37960097031548,94,88,79,86.78242015918072,1.0
22400161,1610612752,NYK,86.78242015918072,79,88,94,88.37960097031548,0.0
22400162,1610612750,MIN,89.80829256204646,96,79,80,87.81626604997442,1.0
22400162,1610612766,CHA,87.81626604997442,80,88,96,89.80829256204646,0.0
22400163,1610612753,ORL,88.49982138603166,63,82,90,92.56799906427423,0.0
22400163,1610612760,OKC,92.56799906427423,90,85,63,88.49982138603166,1.0
22400164,1610612740,NOP,84.51005392500349,86,84,102,95.81391184366977,0.0
22400164,1610612757,POR,95.81391184366977,102,84,86,84.51005392500349,1.0
22400165,1610612742,DAL,98.86229925194462,107,89,121,107.20930892130146,0.0
22400165,1610612754,IND,107.20930892130146,121,95,107,98.86229925194462,1.0
22400166,1610612743,DEN,93.58656309738254,92,83,107,109.27174800958024,0.0
22400166,1610612761,TOR,109.27174800958024,107,103,92,93.58656309738254,1.0
22400167,1610612755,PHI,93.09273936596249,100,87,95,92.06710460551939,1.0
22400167,1610612756,PHX,92.06710460551939,95,82,100,93.09273936596249,0.0
22400168,1610612746,LAC,100.74945443247628,101,90,87,93.68081088216596,1.0
22400168,1610612759,SAS,93.68081088216596,87,86,101,100.74945443247628,0.0
22400169,1610612765,DET,107.46174292896826,102,94,92,94.99945397996488,1.0
22400169,1610612766,CHA,94.99945397996488,92,90,102,107.46174292896826,0.0
22400170,1610612753,ORL,92.26884716061275,91,82,94,81.35667066639476,0.0
22400170,1610612754,IND,81.35667066639476,94,76,91,92.26884716061275,1.0
22400171,1610612737,ATL,113.29771237908301,105,100,104,95.06878758048461,1.0
22400171,1610612752,NYK,95.06878758048461,104,84,105,113.29771237908301,0.0
22400172,1610612738,BOS,98.93880725977225,95,90,98,96.10800047372436,0.0
22400172,1610612744,GSW,96.10800047372436,98,91,95,98.93880725977225,1.0
22400173,1610612745,HOU,100.66998387305824,118,96,88,82.09042990896626,1.0
22400173,1610612759,SAS,82.09042990896626,88,83,118,100.66998387305824,0.0
22400174,1610612747,LAL,103.83237244376065,97,93,113,101.76132988949591,0.0
22400174,1610612763,MEM,101.76132988949591,113,93,97,103.83237244376065,1.0
22400175,1610612739,CLE,112.17450970328889,121,96,97,88.09155209334818,1.0
22400175,1610612740,NOP,88.09155209334818,97,88,121,112.17450970328889,0.0
22400176,1610612741,CHI,98.18281480647725,84,86,102,110.4201599654199,0.0
22400176,1610612742,DAL,110.4201599654199,102,93,84,98.18281480647725,1.0
22400177,1610612743,DEN,98.0500739264489,100,89,104,113.19422952523774,0.0
22400177,1610612760,OKC,113.19422952523774,104,100,100,98.0500739264489,1.0
22400178,1610612748,MIA,99.21597291679196,93,92,102,93.2682405114738,0.0
22400178,1610612756,PHX,93.2682405114738,102,84,93,99.21597291679196,1.0
22400179,1610612746,LAC,87.2312924496201,94,72,87,81.2291520135337,1.0
22400179,1610612755,PHI,81.2291520135337,87,73,94,87.2312924496201,0.0
22400180,1610612758,SAC,98.51918121894654,94,90,96,93.20268536681895,0.0
22400180,1610612761,TOR,93.20268536681895,96,88,94,98.51918121894654,1.0
22400181,1610612741,CHI,98.24894425058694,109,88,118,109.73494438440835,0.0
22400181,1610612750,MIN,109.73494438440835,118,93,109,98.24894425058694,1.0
22400182,1610612749,MIL,100.19915980853445,101,84,83,83.41240431423007,1.0
22400182,1610612762,UTA,83.41240431423007,83,77,101,100.19915980853445,0.0
22400183,1610612757,POR,97.25731379570817,91,86,104,97.6126978420827,0.0
22400183,1610612759,SAS,97.6126978420827,104,82,91,97.25731379570817,1.0
22400184,1610612754,IND,97.08382139749666,75,83,93,96.12083633390426,0.0
22400184,1610612766,CHA,96.12083633390426,93,90,75,97.08382139749666,1.0
22400185,1610612737,ATL,101.70961604673667,103,97,101,84.53480627613648,1.0
22400185,1610612765,DET,84.53480627613648,101,86,103,101.70961604673667,0.0
22400186,1610612740,NOP,82.44917464746362,74,84,98,98.83042798733291,0.0
22400186,1610612753,ORL,98.83042798733291,98,86,74,82.44917464746362,1.0
22400187,1610612738,BOS,100.4855735787744,92,90,92,100.62951570825828,0.5
22400187,1610612751,BKN,100.62951570825828,92,100,92,100.4855735787744,0.5
22400188,1610612739,CLE,101.45517567912702,112,85,107,111.65800562485045,1.0
22400188,1610612744,GSW,111.65800562485045,107,98,112,101.45517567912702,0.0
22400189,1610612749,MIL,92.9130771285787,79,83,100,107.36759966768456,0.0
22400189,1610612752,NYK,107.36759966768456,100,91,79,92.9130771285787,1.0
22400190,1610612742,DAL,85.39598807330057,93,80,101,97.7155337836955,0.0
22400190,1610612756,PHX,97.7155337836955,101,86,93,85.39598807330057,1.0
22400191,1610612763,MEM,111.3602053652749,106,97,85,105.73342052370155,1.0
22400191,1610612764,WAS,105.73342052370155,85,93,106,111.3602053652749,0.0
22400192,1610612745,HOU,92.04339495943263,89,90,106,95.73947054648777,0.0
22400192,1610612760,OKC,95.73947054648777,106,90,89,92.04339495943263,1.0
22400193,1610612750,MIN,108.04715474581039,116,97,84,94.54905880598557,1.0
22400193,1610612757,POR,94.54905880598557,84,91,116,108.04715474581039,0.0
22400194,1610612743,DEN,93.58162428865607,118,81,112,104.03810497480121,1.0
22400194,1610612748,MIA,104.03810497480121,112,94,118,93.58162428865607,0.0
22400195,1610612747,LAL,97.20271079345643,104,85,91,99.82829472040964,1.0
22400195,1610612755,PHI,99.82829472040964,91,96,104,97.20271079345643,0.0
22400196,1610612746,LAC,84.88625637407618,86,81,77,82.51715635624541,1.0
22400196,1610612758,SAC,82.51715635624541,77,78,86,84.88625637407618,0.0
22400197,1610612759,SAS,94.95709777666953,93,85,86,93.33982770079737,1.0
22400197,1610612762,UTA,93.33982770079737,86,82,93,94.95709777666953,0.0
22400198,1610612737,ATL,102.47604091226378,91,89,105,107.15695178989549,0.0
22400198,1610612741,CHI,107.15695178989549,105,92,91,102.47604091226378,1.0
22400199,1610612739,CLE,88.99838207231262,90,74,83,79.87194408911542,1.0
22400199,1610612751,BKN,79.87194408911542,83,76,90,88.99838207231262,0.0
22400200,1610612746,LAC,82.32788881319681,80,76,91,98.69358432816094,0.0
22400200,1610612761,TOR,98.69358432816094,91,95,80,82.32788881319681,1.0
22400201,1610612745,HOU,95.58169016986137,83,93,83,85.47018511854716,0.5
22400201,1610612765,DET,85.47018511854716,83,84,83,95.58169016986137,0.5
22400202,1610612738,BOS,95.07931001906256,89,86,91,87.89270688031903,0.0
22400202,1610612749,MIL,87.89270688031903,91,81,89,95.07931001906256,1.0
22400203,1610612752,NYK,90.03101359174839,99,83,111,95.54982463362015,0.0
22400203,1610612754,IND,95.54982463362015,111,88,99,90.03101359174839,1.0
22400204,1610612753,ORL,96.29960441128549,99,91,76,71.29844388536706,1.0
22400204,1610612764,WAS,71.29844388536706,76,72,99,96.29960441128549,0.0
22400205,1610612755,PHI,89.34770615393381,87,84,86,100.48984944467837,1.0
22400205,1610612766,CHA,100.48984944467837,86,95,87,89.34770615393381,0.0
22400206,1610612748,MIA,81.81445720905684,79,77,83,102.25650940109551,0.0
22400206,1610612750,MIN,102.25650940109551,83,88,79,81.81445720905684,1.0
22400207,1610612744,GSW,100.26530762631488,111,89,95,106.23836229041328,1.0
22400207,1610612760,OKC,106.23836229041328,95,94,111,100.26530762631488,0.0
22400208,1610612742,DAL,95.995216600409,106,90,104,97.05491807635997,1.0
22400208,1610612743,DEN,97.05491807635997,104,89,106,95.995216600409,0.0
22400209,1610612756,PHX,121.62570172133448,106,105,111,113.02584018214341,0.0
22400209,1610612758,SAC,113.02584018214341,111,102,106,121.62570172133448,1.0
22400210,1610612757,POR,109.81507826325385,72,100,110,95.81658577902691,0.0
22400210,1610612763,MEM,95.81658577902691,110,85,72,109.81507826325385,1.0
22400211,1610612747,LAL,98.19924821102178,100,86,84,81.37601262289847,1.0
22400211,1610612761,TOR,81.37601262289847,84,82,100,98.19924821102178,0.0
22400212,1610612739,CLE,109.44748290154737,101,97,100,94.35993891607002,1.0
22400212,1610612741,CHI,94.35993891607002,100,87,101,109.44748290154737,0.0
22400213,1610612745,HOU,94.28431036245752,85,87,83,89.47051279529383,1.0
22400213,1610612764,WAS,89.47051279529383,83,88,85,94.28431036245752,0.0
22400214,1610612740,NOP,103.95179162005023,94,94,91,87.39574971489135,1.0
22400214,1610612751,BKN,87.39574971489135,91,84,94,103.95179162005023,0.0
22400215,1610612746,LAC,88.1587819070882,108,80,112,106.34324148640425,0.0
22400215,1610612760,OKC,106.34324148640425,112,91,108,88.1587819070882,1.0
22400216,1610612758,SAC,102.95744444496398,88,91,108,96.95751707255158,0.0
22400216,1610612759,SAS,96.95751707255158,108,85,88,102.95744444496398,1.0
22400217,1610612753,ORL,88.52326480614983,81,85,74,85.9997334675891,1.0
22400217,1610612754,IND,85.9997334675891,74,84,81,88.52326480614983,0.0
22400218,1610612738,BOS,102.75150442105586,122,93,99,85.25546060670338,1.0
22400218,1610612751,BKN,85.25546060670338,99,79,122,102.75150442105586,0.0
22400219,1610612741,CHI,94.05443662630175,102,82,111,106.50185888661845,0.0
22400219,1610612752,NYK,106.50185888661845,111,94,102,94.05443662630175,1.0
22400220,1610612739,CLE,100.13558847795642,100,85,96,96.15997346859002,1.0
22400220,1610612755,PHI,96.15997346859002,96,92,100,100.13558847795642,0.0
22400221,1610612740,NOP,85.90018496171616,77,86,93,99.75490271991765,0.0
22400221,1610612760,OKC,99.75490271991765,93,88,77,85.90018496171616,1.0
22400222,1610612745,HOU,107.86572294759121,99,97,90,107.71529958459575,1.0
22400222,1610612746,LAC,107.71529958459575,90,96,99,107.86572294759121,0.0
22400223,1610612749,MIL,105.909082475325,105,95,110,112.33319083864511,0.0
22400223,1610612765,DET,112.33319083864511,110,100,105,105.909082475325,1.0
22400224,1610612759,SAS,104.66196450505352,114,92,116,108.63386140555247,0.0
22400224,1610612764,WAS,108.63386140555247,116,95,114,104.66196450505352,1.0
22400225,1610612747,LAL,91.36831783239126,106,85,96,95.86490654439672,1.0
22400225,1610612763,MEM,95.86490654439672,96,89,106,91.36831783239126,0.0
22400226,1610612750,MIN,106.65202938562398,81,94,85,90.05391530583782,0.0
22400226,1610612757,POR,90.05391530583782,85,83,81,106.65202938562398,1.0
22400227,1610612756,PHX,111.05465680511699,85,97,115,89.12984578227602,0.0
22400227,1610612758,SAC,89.12984578227602,115,78,85,111.05465680511699,1.0
22400228,1610612742,DAL,92.67603644097449,98,85,99,87.01468013993598,0.0
22400228,1610612762,UTA,87.01468013993598,99,85,98,92.67603644097449,1.0
22400229,1610612749,MIL,101.34196311179578,109,92,97,100.09003984456785,1.0
22400229,1610612766,CHA,100.09003984456785,97,93,109,101.34196311179578,0.0
22400230,1610612738,BOS,104.2978395555433,109,99,109,95.31101797244354,0.5
22400230,1610612761,TOR,95.31101797244354,109,98,109,104.2978395555433,0.5
22400231,1610612740,NOP,83.6840364948516,81,83,90,99.13975747532258,0.0
22400231,1610612747,LAL,99.13975747532258,90,89,81,83.6840364948516,1.0
22400232,1610612742,DAL,103.41452090137867,96,94,67,90.83090334179504,1.0
22400232,1610612759,SAS,90.83090334179504,67,88,96,103.41452090137867,0.0
22400233,1610612758,SAC,93.12431310520167,103,83,86,76.21851771752392,1.0
22400233,1610612762,UTA,76.21851771752392,86,75,103,93.12431310520167,0.0
22400234,1610612750,MIN,88.41014960013482,101,80,106,89.5791161009801,0.0
22400234,1610612756,PHX,89.5791161009801,106,85,101,88.41014960013482,1.0
22400235,1610612748,MIA,94.91812003829871,91,90,101,95.5476094086127,0.0
22400235,1610612754,IND,95.5476094086127,101,85,91,94.91812003829871,1.0
22400236,1610612739,CLE,92.99508676499144,101,77,104,106.52492339204356,0.0
22400236,1610612766,CHA,106.52492339204356,104,103,101,92.99508676499144,1.0
22400237,1610612764,WAS,81.54486476158735,90,83,109,105.38286708629879,0.0
22400237,1610612765,DET,105.38286708629879,109,97,90,81.54486476158735,1.0
22400238,1610612743,DEN,90.0112493797939,80,84,95,101.6270534362332,0.0
22400238,1610612763,MEM,101.6270534362332,95,91,80,90.0112493797939,1.0
22400239,1610612737,ATL,100.67208237032911,89,85,102,106.89567652814176,0.0
22400239,1610612757,POR,106.89567652814176,102,95,89,100.67208237032911,1.0
22400240,1610612751,BKN,85.17118314671963,81,76,99,97.3273464651016,0.0
22400240,1610612752,NYK,97.3273464651016,99,88,81,85.17118314671963,1.0
22400241,1610612741,CHI,119.46002107713561,86,107,120,122.89135927481037,0.0
22400241,1610612745,HOU,122.89135927481037,120,105,86,119.46002107713561,1.0
22400242,1610612742,DAL,89.71161947028047,91,84,100,100.67719446809966,0.0
22400242,1610612760,OKC,100.67719446809966,100,87,91,89.71161947028047,1.0
22400243,1610612746,LAC,117.76895058085469,103,94,90,90.07665373799256,1.0
22400243,1610612762,UTA,90.07665373799256,90,79,103,117.76895058085469,0.0
22400244,1610612741,CHI,95.85358290076351,111,91,99,102.29611583289177,1.0
22400244,1610612765,DET,102.29611583289177,99,98,111,95.85358290076351,0.0
22400245,1610612748,MIA,101.9792724216231,85,87,80,92.74673626621532,1.0
22400245,1610612755,PHI,92.74673626621532,80,84,85,101.9792724216231,0.0
22400246,1610612752,NYK,106.50817721819993,122,91,97,101.76637037980893,1.0
22400246,1610612764,WAS,101.76637037980893,97,91,122,106.50817721819993,0.0
22400247,1610612754,IND,111.80724979965684,103,99,110,93.44449220245387,0.0
22400247,1610612761,TOR,93.44449220245387,110,82,103,111.80724979965684,1.0
22400248,1610612745,HOU,104.10102022222814,89,100,89,88.73322704073556,0.5
22400248,1610612749,MIL,88.73322704073556,89,83,89,104.10102022222814,0.5
22400249,1610612753,ORL,84.60401538670124,89,76,82,94.92214364969963,1.0
22400249,1610612756,PHX,94.92214364969963,82,83,89,84.60401538670124,0.0
22400250,1610612737,ATL,98.64989123456473,94,83,94,94.9271273354982,0.5
22400250,1610612758,SAC,94.9271273354982,94,85,94,98.64989123456473,0.5
22400251,1610612744,GSW,90.98819436591654,90,84,86,90.49702424471953,1.0
22400251,1610612746,LAC,90.49702424471953,86,82,90,90.98819436591654,0.0
22400252,1610612739,CLE,111.21047636466209,116,93,86,98.9100234060001,1.0
22400252,1610612740,NOP,98.9100234060001,86,92,116,111.21047636466209,0.0
22400253,1610612741,CHI,93.30491157816051,99,88,101,92.60826612670564,0.0
22400253,1610612749,MIL,92.60826612670564,101,80,99,93.30491157816051,1.0
22400254,1610612745,HOU,111.98742455608604,106,102,93,93.97268403618935,1.0
22400254,1610612754,IND,93.97268403618935,93,83,106,111.98742455608604,0.0
22400255,1610612755,PHI,93.45333605715516,89,87,101,95.79272820965825,0.0
22400255,1610612763,MEM,95.79272820965825,101,85,89,93.45333605715516,1.0
22400256,1610612757,POR,83.40002433069391,79,79,89,105.19971603650824,0.0
22400256,1610612760,OKC,105.19971603650824,89,91,79,83.40002433069391,1.0
22400257,1610612752,NYK,93.08073580139016,119,86,109,98.78622399211987,1.0
22400257,1610612756,PHX,98.78622399211987,109,92,119,93.08073580139016,0.0
22400258,1610612737,ATL,106.11661036853417,82,105,108,108.25447198327349,0.0
22400258,1610612744,GSW,108.25447198327349,108,101,82,106.11661036853417,1.0
22400259,1610612746,LAC,82.40984524711283,87,77,74,80.11828844882956,1.0
22400259,1610612753,ORL,80.11828844882956,74,75,87,82.40984524711283,0.0
22400260,1610612765,DET,103.56352953133913,101,99,108,93.51263312284588,0.0
22400260,1610612766,CHA,93.51263312284588,108,93,101,103.56352953133913,1.0
22400261,1610612750,MIN,89.1155320249998,78,80,81,80.11564610811946,0.0
22400261,1610612761,TOR,80.11564610811946,81,72,78,89.1155320249998,1.0
22400262,1610612759,SAS,104.63124780100448,91,88,95,112.27126860822894,0.0
22400262,1610612762,UTA,112.27126860822894,95,98,91,104.63124780100448,1.0
22400263,1610612747,LAL,95.66400156994814,101,87,101,94.78728427353366,0.5
22400263,1610612753,ORL,94.78728427353366,101,91,101,95.66400156994814,0.5
22400264,1610612752,NYK,108.82970239404422,95,100,107,89.98879541035278,0.0
22400264,1610612762,UTA,89.98879541035278,107,87,95,108.82970239404422,1.0
22400265,1610612753,ORL,90.83827670262103,92,87,83,78.73137199872679,1.0
22400265,1610612765,DET,78.73137199872679,83,75,92,90.83827670262103,0.0
22400266,1610612741,CHI,109.23234245642918,117,97,129,110.87359246624763,0.0
22400266,1610612763,MEM,110.87359246624763,129,96,117,109.23234245642918,1.0
22400267,1610612745,HOU,88.75249559520454,72,90,86,91.15566128988856,0.0
22400267,1610612757,POR,91.15566128988856,86,90,72,88.75249559520454,1.0
22400268,1610612749,MIL,95.05759252490634,104,89,101,101.62784244316877,1.0
22400268,1610612766,CHA,101.62784244316877,101,100,104,95.05759252490634,0.0
22400269,1610612744,GSW,112.51460858001397,86,95,89,99.38836690676082,0.0
22400269,1610612759,SAS,99.38836690676082,89,85,86,112.51460858001397,1.0
22400270,1610612743,DEN,92.62734368003906,116,82,91,92.3128899532481,1.0
22400270,1610612747,LAL,92.3128899532481,91,88,116,92.62734368003906,0.0
22400271,1610612738,BOS,90.27203499298754,95,87,89,91.73973411248932,1.0
22400271,1610612750,MIN,91.73973411248932,89,88,95,90.27203499298754,0.0
22400272,1610612754,IND,100.39106787773906,94,86,83,84.62261956462507,1.0
22400272,1610612764,WAS,84.62261956462507,83,79,94,100.39106787773906,0.0
22400273,1610612742,DAL,115.19202552048627,98,105,106,121.17811535052155,0.0
22400273,1610612748,MIA,121.17811535052155,106,107,98,115.19202552048627,1.0
22400274,1610612746,LAC,97.77014306671877,106,81,77,95.09851281882244,1.0
22400274,1610612755,PHI,95.09851281882244,77,86,106,97.77014306671877,0.0
22400275,1610612739,CLE,115.05172017294196,112,97,86,98.1827769243688,1.0
22400275,1610612761,TOR,98.1827769243688,86,92,112,115.05172017294196,0.0
22400276,1610612751,BKN,80.12257088453713,91,75,83,85.3464246011821,1.0
22400276,1610612758,SAC,85.3464246011821,83,77,91,80.12257088453713,0.0
22400277,1610612753,ORL,97.16432777491895,86,94,69,75.16016301752202,1.0
22400277,1610612766,CHA,75.16016301752202,69,75,86,97.16432777491895,0.0
22400278,1610612761,TOR,99.78378006933441,92,104,80,83.8763014245944,1.0
22400278,1610612765,DET,83.8763014245944,80,76,92,99.78378006933441,0.0
22400279,1610612740,NOP,100.58891662793363,99,87,103,107.57511808435218,0.0
22400279,1610612754,IND,107.57511808435218,103,91,99,100.58891662793363,1.0
22400280,1610612737,ATL,114.65786159611554,105,101,110,101.92764973433145,0.0
22400280,1610612742,DAL,101.92764973433145,110,94,105,114.65786159611554,1.0
22400281,1610612738,BOS,104.35109888950275,112,88,85,89.75347548189053,1.0
22400281,1610612746,LAC,89.75347548189053,85,90,112,104.35109888950275,0.0
22400282,1610612757,POR,106.70745859537406,76,102,98,101.91218867408472,0.0
22400282,1610612763,MEM,101.91218867408472,98,87,76,106.70745859537406,1.0
22400283,1610612743,DEN,100.8754204305076,93,92,131,100.67931420125375,0.0
22400283,1610612752,NYK,100.67931420125375,131,92,93,100.8754204305076,1.0
22400284,1610612744,GSW,102.85596811032427,109,93,102,88.76458938724585,1.0
22400284,1610612751,BKN,88.76458938724585,102,83,109,102.85596811032427,0.0
22400285,1610612758,SAC,86.02413434978153,92,87,110,91.04893018163209,0.0
22400285,1610612760,OKC,91.04893018163209,110,86,92,86.02413434978153,1.0
22400286,1610612748,MIA,78.51787337843015,80,73,91,94.71611531771146,0.0
22400286,1610612766,CHA,94.71611531771146,91,98,80,78.51787337843015,1.0
22400287,1610612737,ATL,107.74106903181138,112,97,103,113.61794962337477,1.0
22400287,1610612739,CLE,113.61794962337477,103,95,112,107.74106903181138,0.0
22400288,1610612754,IND,111.56696766687621,105,94,104,100.24061805110513,1.0
22400288,1610612757,POR,100.24061805110513,104,87,105,111.56696766687621,0.0
22400289,1610612741,CHI,96.15831315793632,108,87,107,96.21391468637944,1.0
22400289,1610612753,ORL,96.21391468637944,107,90,108,96.15831315793632,0.0
22400290,1610612745,HOU,105.2179312633267,90,88,98,106.42787614870535,0.0
22400290,1610612755,PHI,106.42787614870535,98,96,90,105.2179312633267,1.0
22400291,1610612746,LAC,99.82502527917806,102,89,78,87.01844681390845,1.0
22400291,1610612764,WAS,87.01844681390845,78,85,102,99.82502527917806,0.0
22400292,1610612742,DAL,91.37454183194858,113,85,87,91.67075507808974,1.0
22400292,1610612752,NYK,91.67075507808974,87,86,113,91.37454183194858,0.0
22400293,1610612763,MEM,104.79066432798996,119,93,93,94.15579470711558,1.0
22400293,1610612765,DET,94.15579470711558,93,85,119,104.79066432798996,0.0
22400294,1610612750,MIN,82.49092248185575,80,74,104,109.41690244518728,0.0
22400294,1610612758,SAC,109.41690244518728,104,94,80,82.49092248185575,1.0
22400295,1610612740,NOP,96.53374146285918,83,93,115,105.51443540778706,0.0
22400295,1610612761,TOR,105.51443540778706,115,95,83,96.53374146285918,1.0
22400296,1610612747,LAL,103.88114131915782,109,90,86,99.13478110619532,1.0
22400296,1610612759,SAS,99.13478110619532,86,85,109,103.88114131915782,0.0
22400297,1610612751,BKN,91.35400931718422,106,87,94,87.75964915300254,1.0
22400297,1610612756,PHX,87.75964915300254,94,77,106,91.35400931718422,0.0
22400298,1610612743,DEN,93.63665815199083,103,84,92,89.41223152610499,1.0
22400298,1610612762,UTA,89.41223152610499,92,90,103,93.63665815199083,0.0
22400299,1610612744,GSW,92.25830038782988,86,98,89,85.34389243022497,0.0
22400299,1610612760,OKC,85.34389243022497,89,85,86,92.25830038782988,1.0
22400300,1610612737,ATL,93.08485049262244,86,78,88,100.8245164177208,0.0
22400300,1610612766,CHA,100.8245164177208,88,94,86,93.08485049262244,1.0
22400301,1610612755,PHI,87.46471207659181,95,85,81,95.91278893570276,1.0
22400301,1610612765,DET,95.91278893570276,81,91,95,87.46471207659181,0.0
22400302,1610612749,MIL,104.64595558554021,104,86,91,98.88073788945049,1.0
22400302,1610612764,WAS,98.88073788945049,91,87,104,104.64595558554021,0.0
22400303,1610612744,GSW,103.96084955319864,90,92,94,87.20900852728019,0.0
22400303,1610612756,PHX,87.20900852728019,94,79,90,103.96084955319864,1.0
22400304,1610612742,DAL,96.45666163129265,97,90,77,99.25948047983702,1.0
22400304,1610612762,UTA,99.25948047983702,77,95,97,96.45666163129265,0.0
22400305,1610612751,BKN,83.27129429394927,68,79,75,87.26699738831982,0.0
22400305,1610612753,ORL,87.26699738831982,75,74,68,83.27129429394927,1.0
22400306,1610612754,IND,99.27775371985699,100,90,114,107.05597634841668,0.0
22400306,1610612763,MEM,107.05597634841668,114,93,100,99.27775371985699,1.0
22400307,1610612738,BOS,98.89454438624342,93,95,95,90.79357940728545,0.0
22400307,1610612739,CLE,90.79357940728545,95,80,93,98.89454438624342,1.0
22400308,1610612740,NOP,99.25348384759715,74,94,104,105.49973034455411,0.0
22400308,1610612752,NYK,105.49973034455411,104,92,74,99.25348384759715,1.0
22400309,1610612748,MIA,97.29515523435064,93,88,104,98.61710209900188,0.0
22400309,1610612761,TOR,98.61710209900188,104,88,93,97.29515523435064,1.0
22400310,1610612745,HOU,93.57638528261954,89,92,97,98.17475159549161,0.0
22400310,1610612760,OKC,98.17475159549161,97,94,89,93.57638528261954,1.0
22400311,1610612747,LAL,94.27129614457633,85,88,94,86.96635820738298,0.0
22400311,1610612762,UTA,86.96635820738298,94,79,85,94.27129614457633,1.0
22400312,1610612742,DAL,99.513436467167,114,87,116,89.89046805014223,0.0
22400312,1610612757,POR,89.89046805014223,116,84,114,99.513436467167,1.0
22400313,1610612758,SAC,107.74683794663224,106,101,107,85.5100019841185,0.0
22400313,1610612759,SAS,85.5100019841185,107,82,106,107.74683794663224,1.0
22400314,1610612743,DEN,91.7397836215696,112,88,104,91.03270624372806,1.0
22400314,1610612746,LAC,91.03270624372806,104,90,112,91.7397836215696,0.0
22400315,1610612737,ATL,117.63126831929824,108,96,101,108.89180354341126,1.0
22400315,1610612740,NOP,108.89180354341126,101,100,108,117.63126831929824,0.0
22400316,1610612738,BOS,97.25156033756915,97,89,70,89.52433356359798,1.0
22400316,1610612748,MIA,89.52433356359798,70,87,97,97.25156033756915,0.0
22400317,1610612741,CHI,109.50485304461118,112,92,90,106.38001784597171,1.0
22400317,1610612751,BKN,106.38001784597171,90,95,112,109.50485304461118,0.0
22400318,1610612747,LAL,82.90694542772174,70,79,97,91.77150207463465,0.0
22400318,1610612750,MIN,91.77150207463465,97,81,70,82.90694542772174,1.0
22400319,1610612738,BOS,106.84076550114935,111,94,106,86.82691791135701,1.0
22400319,1610612765,DET,86.82691791135701,106,84,111,106.84076550114935,0.0
22400320,1610612751,BKN,86.95785383319163,82,81,72,74.68585346662162,1.0
22400320,1610612754,IND,74.68585346662162,72,75,82,86.95785383319163,0.0
22400321,1610612747,LAL,101.17439148032439,79,88,128,107.16215793095633,0.0
22400321,1610612748,MIA,107.16215793095633,128,90,79,101.17439148032439,1.0
22400322,1610612753,ORL,95.89236491090801,90,84,91,91.10420822457328,0.0
22400322,1610612755,PHI,91.10420822457328,91,82,90,95.89236491090801,1.0
22400323,1610612737,ATL,115.10047260391205,99,102,81,94.39877909617218,1.0
22400323,1610612749,MIL,94.39877909617218,81,78,99,115.10047260391205,0.0
22400324,1610612746,LAC,87.38434566417997,69,83,98,92.6965674047475,0.0
22400324,1610612750,MIN,92.6965674047475,98,85,69,87.38434566417997,1.0
22400325,1610612739,CLE,107.68679256471516,116,94,98,107.22613295447889,1.0
22400325,1610612743,DEN,107.22613295447889,98,96,116,107.68679256471516,0.0
22400326,1610612742,DAL,100.90314003444365,116,89,91,101.34936178544088,1.0
22400326,1610612764,WAS,101.34936178544088,91,99,116,100.90314003444365,0.0
22400327,1610612752,NYK,92.07888929506126,100,76,95,91.54126383698278,1.0
22400327,1610612766,CHA,91.54126383698278,95,89,100,92.07888929506126,0.0
22400328,1610612760,OKC,116.67589228844113,115,102,75,95.3346106127747,1.0
22400328,1610612761,TOR,95.3346106127747,75,90,115,116.67589228844113,0.0
22400329,1610612758,SAC,101.39343727075111,86,98,89,87.98021994701318,0.0
22400329,1610612763,MEM,87.98021994701318,89,80,86,101.39343727075111,1.0
22400330,1610612740,NOP,103.97443374577368,108,95,103,99.00545121689964,1.0
22400330,1610612756,PHX,99.00545121689964,103,85,108,103.97443374577368,0.0
22400331,1610612741,CHI,99.30497597327283,121,90,96,100.71147413776511,1.0
22400331,1610612759,SAS,100.71147413776511,96,95,121,99.30497597327283,0.0
22400332,1610612744,GSW,85.4914738632848,81,86,80,93.32014445335652,1.0
22400332,1610612745,HOU,93.32014445335652,80,93,81,85.4914738632848,0.0
22400333,1610612753,ORL,82.00315753844576,79,78,83,87.78753793627172,0.0
22400333,1610612755,PHI,87.78753793627172,83,79,79,82.00315753844576,1.0
22400334,1610612737,ATL,111.04275719599889,117,100,118,111.14091126514101,0.0
22400334,1610612747,LAL,111.14091126514101,118,99,117,111.04275719599889,1.0
22400335,1610612738,BOS,97.18707918354319,97,87,91,92.08383657075834,1.0
22400335,1610612749,MIL,92.08383657075834,91,94,97,97.18707918354319,0.0
22400336,1610612741,CHI,108.95709288596923,113,97,122,103.14885728653769,0.0
22400336,1610612754,IND,103.14885728653769,122,92,113,108.95709288596923,1.0
22400337,1610612758,SAC,102.77467973151278,118,90,92,105.08905739629752,1.0
22400337,1610612759,SAS,105.08905739629752,92,91,118,102.77467973151278,0.0
22400338,1610612744,GSW,82.34449560265953,75,82,94,93.22135760513228,0.0
22400338,1610612750,MIN,93.22135760513228,94,88,75,82.34449560265953,1.0
22400339,1610612757,POR,106.47193855997344,88,95,120,114.26394589925862,0.0
22400339,1610612762,UTA,114.26394589925862,120,96,88,106.47193855997344,1.0
22400340,1610612739,CLE,97.61947553075214,98,84,85,90.33663561913582,1.0
22400340,1610612766,CHA,90.33663561913582,85,86,98,97.61947553075214,0.0
22400341,1610612743,DEN,100.30258684574771,97,95,106,95.56703835491862,0.0
22400341,1610612764,WAS,95.56703835491862,106,93,97,100.30258684574771,1.0
22400342,1610612740,NOP,86.176837745384,87,79,102,98.9793817933119,0.0
22400342,1610612760,OKC,98.9793817933119,102,85,87,86.176837745384,1.0
22400343,1610612752,NYK,87.82034620631623,95,79,104,95.87220909040245,0.0
22400343,1610612765,DET,95.87220909040245,104,83,95,87.82034620631623,1.0
22400344,1610612742,DAL,90.50786157119512,93,81,101,101.3014697372806,0.0
22400344,1610612761,TOR,101.3014697372806,101,93,93,90.50786157119512,1.0
22400345,1610612738,BOS,112.37981457779904,102,105,109,98.18775482856341,0.0
22400345,1610612763,MEM,98.18775482856341,109,94,102,112.37981457779904,1.0
22400346,1610612748,MIA,99.30320812373941,103,86,88,96.81863793876823,1.0
22400346,1610612756,PHX,96.81863793876823,88,82,103,99.30320812373941,0.0
22400347,1610612741,CHI,98.03720817884671,89,86,95,96.56602383680206,0.0
22400347,1610612755,PHI,96.56602383680206,95,92,89,98.03720817884671,1.0
22400348,1610612749,MIL,72.39370025563292,93,68,98,87.41918540867469,0.0
22400348,1610612751,BKN,87.41918540867469,98,81,93,72.39370025563292,1.0
22400349,1610612754,IND,90.96093516403609,96,82,94,81.6690111782305,1.0
22400349,1610612766,CHA,81.6690111782305,94,78,96,90.96093516403609,0.0
22400350,1610612737,ATL,115.62156573835355,91,101,124,111.2234511426932,0.0
22400350,1610612743,DEN,111.2234511426932,124,89,91,115.62156573835355,1.0
22400351,1610612739,CLE,95.46916090854383,96,86,98,92.38561753258509,0.0
22400351,1610612748,MIA,92.38561753258509,98,86,96,95.46916090854383,1.0
22400352,1610612753,ORL,89.7436404026739,96,88,91,85.74679313879726,1.0
22400352,1610612756,PHX,85.74679313879726,91,83,96,89.7436404026739,0.0
22400353,1610612763,MEM,105.60627735833187,117,96,92,103.85965333986113,1.0
22400353,1610612764,WAS,103.85965333986113,92,100,117,105.60627735833187,0.0
22400354,1610612740,NOP,105.92556458392035,99,99,96,109.71100207196127,1.0
22400354,1610612759,SAS,109.71100207196127,96,93,99,105.92556458392035,0.0
22400355,1610612744,GSW,94.33272609286844,100,90,91,78.43449545557172,1.0
22400355,1610612750,MIN,78.43449545557172,91,79,100,94.33272609286844,0.0
22400356,1610612745,HOU,86.79561145105599,95,82,93,95.66560275540219,1.0
22400356,1610612746,LAC,95.66560275540219,93,92,95,86.79561145105599,0.0
22400357,1610612758,SAC,114.83752888674219,136,100,77,88.9944911714469,1.0
22400357,1610612762,UTA,88.9944911714469,77,80,136,114.83752888674219,0.0
22400358,1610612747,LAL,91.35963748030862,89,83,79,82.18183857408287,1.0
22400358,1610612757,POR,82.18183857408287,79,84,89,91.35963748030862,0.0
22400359,1610612752,NYK,95.5748562678664,101,82,99,104.92373418505012,1.0
22400359,1610612761,TOR,104.92373418505012,99,96,101,95.5748562678664,0.0
22400360,1610612762,UTA,86.93602488137775,98,83,105,121.28842765593595,0.0
22400360,1610612765,DET,121.28842765593595,105,105,98,86.93602488137775,1.0
22400361,1610612753,ORL,78.64628672712116,81,78,90,86.25462374976954,0.0
22400361,1610612760,OKC,86.25462374976954,90,83,81,78.64628672712116,1.0
22400362,1610612764,WAS,92.00602071995341,99,83,94,114.35984591667183,1.0
22400362,1610612766,CHA,114.35984591667183,94,106,99,92.00602071995341,0.0
22400363,1610612738,BOS,106.80177419392399,90,97,103,95.83323262501004,0.0
22400363,1610612741,CHI,95.83323262501004,103,94,90,106.80177419392399,1.0
22400364,1610612751,BKN,85.05378328275623,75,82,83,91.98028373383332,0.0
22400364,1610612761,TOR,91.98028373383332,83,86,75,85.05378328275623,1.0
22400365,1610612740,NOP,91.26770216474485,95,92,117,99.16300467255049,0.0
22400365,1610612745,HOU,99.16300467255049,117,87,95,91.26770216474485,1.0
22400366,1610612744,GSW,98.39047501972216,76,90,133,109.22039723878567,0.0
22400366,1610612763,MEM,109.22039723878567,133,98,76,98.39047501972216,1.0
22400367,1610612750,MIN,99.38520912876074,99,89,120,111.9897477694155,0.0
22400367,1610612752,NYK,111.9897477694155,120,97,99,99.38520912876074,1.0
22400368,1610612742,DAL,91.50989363449065,75,86,102,94.98775136369474,0.0
22400368,1610612746,LAC,94.98775136369474,102,85,75,91.50989363449065,1.0
22400369,1610612754,IND,92.49383657049222,94,89,89,92.49758308974896,1.0
22400369,1610612756,PHX,92.49758308974896,89,82,94,92.49383657049222,0.0
22400370,1610612737,ATL,105.41701235497192,108,97,117,112.59218719814208,0.0
22400370,1610612759,SAS,112.59218719814208,117,101,108,105.41701235497192,1.0
22400371,1610612743,DEN,99.99580117105144,109,87,106,102.36150224584141,1.0
22400371,1610612757,POR,102.36150224584141,106,97,109,99.99580117105144,0.0
22400372,1610612747,LAL,95.55304642800347,88,94,85,88.98873496770942,1.0
22400372,1610612758,SAC,88.98873496770942,85,82,88,95.55304642800347,0.0
22400373,1610612755,PHI,91.78753814794833,94,83,82,82.49778179557431,1.0
22400373,1610612766,CHA,82.49778179557431,82,78,94,91.78753814794833,0.0
22400374,1610612739,CLE,105.32828433943422,112,91,90,94.9440257310265,1.0
22400374,1610612749,MIL,94.9440257310265,90,85,112,105.32828433943422,0.0
22400375,1610612748,MIA,82.74247446644212,84,83,92,87.40655067069417,0.0
22400375,1610612760,OKC,87.40655067069417,92,86,84,82.74247446644212,1.0
22400376,1610612747,LAL,86.21254422090603,89,83,88,94.76201827886281,1.0
22400376,1610612758,SAC,94.76201827886281,88,90,89,86.21254422090603,0.0
22400377,1610612748,MIA,76.4159460408731,81,75,97,87.46111583361241,0.0
22400377,1610612753,ORL,87.46111583361241,97,87,81,76.4159460408731,1.0
22400378,1610612737,ATL,89.03310083833665,92,80,118,106.88700765031994,0.0
22400378,1610612763,MEM,106.88700765031994,118,97,92,89.03310083833665,1.0
22400379,1610612751,BKN,104.92129196814251,83,94,96,93.676640957624,0.0
22400379,1610612762,UTA,93.676640957624,96,86,83,104.92129196814251,1.0
22400380,1610612739,CLE,110.78681124637609,118,90,79,87.31666804138837,1.0
22400380,1610612755,PHI,87.31666804138837,79,85,118,110.78681124637609,0.0
22400381,1610612738,BOS,118.31281714592158,111,100,88,108.89808636872692,1.0
22400381,1610612741,CHI,108.89808636872692,88,98,111,118.31281714592158,0.0
22400382,1610612749,MIL,105.23941926942967,108,98,90,85.12787858456984,1.0
22400382,1610612764,WAS,85.12787858456984,90,81,108,105.23941926942967,0.0
22400383,1610612744,GSW,90.18966273211555,96,87,86,94.70652796992452,1.0
22400383,1610612750,MIN,94.70652796992452,86,86,96,90.18966273211555,0.0
22400384,1610612740,NOP,89.98057414360393,80,83,91,90.53575210412137,0.0
22400384,1610612752,NYK,90.53575210412137,91,87,80,89.98057414360393,1.0
22400385,1610612742,DAL,94.51477756679355,94,88,78,88.05321482637528,1.0
22400385,1610612746,LAC,88.05321482637528,78,81,94,94.51477756679355,0.0
22400386,1610612757,POR,104.20355468718803,88,96,98,107.69413019116303,0.0
22400386,1610612759,SAS,107.69413019116303,98,93,88,104.20355468718803,1.0
22400387,1610612756,PHX,85.46712965592889,104,78,117,99.82117824312677,0.0
22400387,1610612765,DET,99.82117824312677,117,89,104,85.46712965592889,1.0
22400388,1610612745,HOU,97.08119121920474,87,89,101,101.22648790875866,0.0
22400388,1610612761,TOR,101.22648790875866,101,92,87,97.08119121920474,1.0
22400389,1610612754,IND,93.59642660721384,117,86,82,101.3421218519814,1.0
22400389,1610612758,SAC,101.3421218519814,82,96,117,93.59642660721384,0.0
22400390,1610612740,NOP,123.24481380835584,112,108,108,116.25502867412312,1.0
22400390,1610612743,DEN,116.25502867412312,108,97,112,123.24481380835584,0.0
22400391,1610612745,HOU,107.93912325705458,99,99,84,94.33676247007422,1.0
22400391,1610612766,CHA,94.33676247007422,84,89,99,107.93912325705458,0.0
22400392,1610612739,CLE,113.78235167065456,106,91,95,97.64209643973203,1.0
22400392,1610612762,UTA,97.64209643973203,95,92,106,113.78235167065456,0.0
22400393,1610612738,BOS,89.31079095184315,82,84,87,82.63973143975693,0.0
22400393,1610612753,ORL,82.63973143975693,87,83,82,89.31079095184315,1.0
22400394,1610612755,PHI,102.21881711206967,94,93,89,88.77949187078703,1.0
22400394,1610612759,SAS,88.77949187078703,89,81,94,102.21881711206967,0.0
22400395,1610612737,ATL,81.28610023461145,96,73,92,106.83680028735954,1.0
22400395,1610612750,MIN,106.83680028735954,92,91,96,81.28610023461145,0.0
22400396,1610612748,MIA,76.89161529938323,89,73,79,79.8814775853246,1.0
22400396,1610612751,BKN,79.8814775853246,79,84,89,76.89161529938323,0.0
22400397,1610612752,NYK,98.01127213758635,119,86,95,80.66962857657482,1.0
22400397,1610612761,TOR,80.66962857657482,95,77,119,98.01127213758635,0.0
22400398,1610612741,CHI,107.91914222418734,82,90,98,92.55634459535169,0.0
22400398,1610612749,MIL,92.55634459535169,98,87,82,107.91914222418734,1.0
22400399,1610612746,LAC,112.11162455270168,93,96,92,111.69083156110545,1.0
22400399,1610612763,MEM,111.69083156110545,92,99,93,112.11162455270168,0.0
22400400,1610612760,OKC,116.19962181226079,104,106,88,91.17094628725721,1.0
22400400,1610612764,WAS,91.17094628725721,88,91,104,116.19962181226079,0.0
22400401,1610612742,DAL,96.92220491617977,108,90,94,99.27795248687926,1.0
22400401,1610612757,POR,99.27795248687926,94,93,108,96.92220491617977,0.0
22400402,1610612743,DEN,96.84080835520741,108,90,79,84.77519245087879,1.0
22400402,1610612756,PHX,84.77519245087879,79,83,108,96.84080835520741,0.0
22400403,1610612744,GSW,98.6673131496974,90,90,101,95.027536452873,0.0
22400403,1610612754,IND,95.027536452873,101,92,90,98.6673131496974,1.0
22400404,1610612747,LAL,80.74702992600486,94,74,105,95.89645894067654,0.0
22400404,1610612765,DET,95.89645894067654,105,92,94,80.74702992600486,1.0
22400405,1610612752,NYK,108.73047029138428,103,100,100,96.26273010404005,1.0
22400405,1610612759,SAS,96.26273010404005,100,83,103,108.73047029138428,0.0
22400406,1610612742,DAL,88.74513364467566,88,87,94,90.76884269301573,0.0
22400406,1610612750,MIN,90.76884269301573,94,86,88,88.74513364467566,1.0
22400407,1610612738,BOS,105.67284030471305,106,95,99,88.31134493482568,1.0
22400407,1610612755,PHI,88.31134493482568,99,88,106,105.67284030471305,0.0
22400408,1610612744,GSW,96.73089687438058,100,89,97,93.10507231548131,1.0
22400408,1610612747,LAL,93.10507231548131,97,91,100,96.73089687438058,0.0
22400409,1610612743,DEN,84.41683085097678,80,78,93,97.24673020533976,0.0
22400409,1610612756,PHX,97.24673020533976,93,88,80,84.41683085097678,1.0
22400410,1610612754,IND,93.21258215485666,98,89,101,101.88507933871894,0.0
22400410,1610612760,OKC,101.88507933871894,101,95,98,93.21258215485666,1.0
22400411,1610612748,MIA,74.7851786233698,77,76,73,79.06653601189609,1.0
22400411,1610612753,ORL,79.06653601189609,73,77,77,74.7851786233698,0.0
22400412,1610612764,WAS,94.48904010175347,92,91,99,94.36184298498554,0.0
22400412,1610612766,CHA,94.36184298498554,99,94,92,94.48904010175347,1.0
22400413,1610612737,ATL,103.39309424617134,109,89,128,108.58187244800602,0.0
22400413,1610612741,CHI,108.58187244800602,128,98,109,103.39309424617134,1.0
22400414,1610612761,TOR,121.18855418898032,112,108,134,128.45244990419542,0.0
22400414,1610612763,MEM,128.45244990419542,134,109,112,121.18855418898032,1.0
22400415,1610612749,MIL,91.33041051110304,97,83,94,89.28598639782484,1.0
22400415,1610612751,BKN,89.28598639782484,94,82,97,91.33041051110304,0.0
22400416,1610612740,NOP,106.76762230399837,98,99,110,107.60602823719037,0.0
22400416,1610612745,HOU,107.60602823719037,110,97,98,106.76762230399837,1.0
22400417,1610612757,POR,96.35925241917064,105,89,103,97.17980789257449,1.0
22400417,1610612762,UTA,97.17980789257449,103,86,105,96.35925241917064,0.0
22400418,1610612758,SAC,87.02697099363273,92,82,93,97.14371999429864,0.0
22400418,1610612765,DET,97.14371999429864,93,91,92,87.02697099363273,1.0
22400419,1610612752,NYK,77.71840849552565,84,75,74,84.83724063591028,1.0
22400419,1610612753,ORL,84.83724063591028,74,87,84,77.71840849552565,0.0
22400420,1610612738,BOS,104.71198803186505,117,92,87,92.19305323517976,1.0
22400420,1610612754,IND,92.19305323517976,87,91,117,104.71198803186505,0.0
22400421,1610612751,BKN,95.24594897736402,82,90,76,86.91519277534618,1.0
22400421,1610612759,SAS,86.91519277534618,76,78,82,95.24594897736402,0.0
22400422,1610612745,HOU,90.17751847074516,100,92,105,85.29037282004687,0.0
22400422,1610612750,MIN,85.29037282004687,105,83,100,90.17751847074516,1.0
22400423,1610612740,NOP,100.05043313652067,97,96,101,96.9581477057347,0.0
22400423,1610612763,MEM,96.9581477057347,101,89,97,100.05043313652067,1.0
22400424,1610612739,CLE,105.09174594302019,131,96,121,109.42566718903932,1.0
22400424,1610612743,DEN,109.42566718903932,121,94,131,105.09174594302019,0.0
22400425,1610612742,DAL,82.94838176600064,82,80,77,85.77571043780249,1.0
22400425,1610612756,PHX,85.77571043780249,77,83,82,82.94838176600064,0.0
22400426,1610612744,GSW,106.12077004607008,77,95,90,85.13219430879532,0.0
22400426,1610612746,LAC,85.13219430879532,90,75,77,106.12077004607008,1.0
22400427,1610612737,ATL,100.59061742967737,103,86,93,102.53138577301411,1.0
22400427,1610612748,MIA,102.53138577301411,93,90,103,100.59061742967737,0.0
22400428,1610612760,OKC,102.58340969911205,94,88,69,78.83566084524618,1.0
22400428,1610612766,CHA,78.83566084524618,69,80,94,102.58340969911205,0.0
22400429,1610612752,NYK,103.16517209620667,112,97,119,99.07627000878057,0.0
22400429,1610612764,WAS,99.07627000878057,119,99,112,103.16517209620667,1.0
22400430,1610612741,CHI,106.02402120663879,104,95,97,109.49140280170302,1.0
22400430,1610612749,MIL,109.49140280170302,97,102,104,106.02402120663879,0.0
22400431,1610612744,GSW,109.01118687790124,94,98,87,99.3433868305268,1.0
22400431,1610612756,PHX,99.3433868305268,87,92,94,109.01118687790124,0.0
22400432,1610612743,DEN,94.99345034385557,105,82,104,100.53771109482733,1.0
22400432,1610612765,DET,100.53771109482733,104,95,105,94.99345034385557,0.0
22400433,1610612755,PHI,89.38489572140774,85,83,98,97.42917118718013,0.0
22400433,1610612762,UTA,97.42917118718013,98,89,85,89.38489572140774,1.0
22400434,1610612742,DAL,98.30846603759157,101,89,103,101.96431565355006,0.0
22400434,1610612757,POR,101.96431565355006,103,92,101,98.30846603759157,1.0
22400435,1610612747,LAL,84.07328654178967,106,77,111,105.45463620833111,0.0
22400435,1610612758,SAC,105.45463620833111,111,98,106,84.07328654178967,1.0
22400436,1610612751,BKN,74.70824164521223,77,73,86,90.89328178037891,0.0
22400436,1610612753,ORL,90.89328178037891,86,83,77,74.70824164521223,1.0
22400437,1610612738,BOS,100.85986345327102,102,93,101,87.88423107032992,1.0
22400437,1610612754,IND,87.88423107032992,101,87,102,100.85986345327102,0.0
22400438,1610612737,ATL,108.55108674418558,110,95,83,98.08054294786943,1.0
22400438,1610612761,TOR,98.08054294786943,83,85,110,108.55108674418558,0.0
22400439,1610612745,HOU,99.22253014072132,89,97,84,85.24558049391781,1.0
22400439,1610612748,MIA,85.24558049391781,84,84,89,99.22253014072132,0.0
22400440,1610612760,OKC,117.54746136799378,118,103,88,102.68645103102821,1.0
22400440,1610612763,MEM,102.68645103102821,88,97,118,117.54746136799378,0.0
22400441,1610612750,MIN,112.8060655676164,97,100,87,90.7852556064876,1.0
22400441,1610612759,SAS,90.7852556064876,87,87,97,112.8060655676164,0.0
22400442,1610612741,CHI,111.85324253385984,96,104,94,101.26831464378535,1.0
22400442,1610612766,CHA,101.26831464378535,94,101,96,111.85324253385984,0.0
22400443,1610612752,NYK,107.23936511246563,105,98,90,94.4874884729197,1.0
22400443,1610612764,WAS,94.4874884729197,90,92,105,107.23936511246563,0.0
22400444,1610612740,NOP,85.74599572570366,102,82,95,97.58564798705883,1.0
22400444,1610612746,LAC,97.58564798705883,95,86,102,85.74599572570366,0.0
22400445,1610612743,DEN,118.74168774429049,115,105,101,91.57092426502726,1.0
22400445,1610612762,UTA,91.57092426502726,101,86,115,118.74168774429049,0.0
22400446,1610612739,CLE,103.07740277949834,106,96,75,98.84214619336602,1.0
22400446,1610612744,GSW,98.84214619336602,75,99,106,103.07740277949834,0.0
22400447,1610612755,PHI,84.47935231334566,97,75,82,86.52779099901855,1.0
22400447,1610612757,POR,86.52779099901855,82,77,97,84.47935231334566,0.0
22400448,1610612742,DAL,84.04231857586056,76,76,94,115.66879701942243,0.0
22400448,1610612758,SAC,115.66879701942243,94,100,76,84.04231857586056,1.0
22400449,1610612738,BOS,94.02894455609119,116,87,64,84.12623539227121,1.0
22400449,1610612761,TOR,84.12623539227121,64,86,116,94.02894455609119,0.0
22400450,1610612749,MIL,108.87888166191695,102,97,93,97.28125878374105,1.0
22400450,1610612754,IND,97.28125878374105,93,90,102,108.87888166191695,0.0
22400451,1610612746,LAC,99.26685334882671,71,87,105,115.39399376389102,0.0
22400451,1610612759,SAS,115.39399376389102,105,98,71,99.26685334882671,1.0
22400452,1610612750,MIN,85.94622395595947,93,79,96,97.14455827657967,0.0
22400452,1610612760,OKC,97.14455827657967,96,89,93,85.94622395595947,1.0
22400453,1610612756,PHX,99.05124284179072,93,92,95,96.49232138817702,0.0
22400453,1610612763,MEM,96.49232138817702,95,94,93,99.05124284179072,1.0
22400454,1610612739,CLE,103.76392829279769,108,93,93,102.72577528024439,1.0
22400454,1610612747,LAL,102.72577528024439,93,95,108,103.76392829279769,0.0
22400455,1610612753,ORL,91.60391435697721,82,91,94,88.00983366231267,0.0
22400455,1610612765,DET,88.00983366231267,94,79,82,91.60391435697721,1.0
22400456,1610612741,CHI,96.56722996305338,96,92,115,98.2006839107579,0.0
22400456,1610612764,WAS,98.2006839107579,115,99,96,96.56722996305338,1.0
22400457,1610612740,NOP,86.45889748648955,89,80,102,91.91056728248542,0.0
22400457,1610612748,MIA,91.91056728248542,102,83,89,86.45889748648955,1.0
22400458,1610612752,NYK,101.24495365013232,103,85,91,104.92774472507084,1.0
22400458,1610612762,UTA,104.92774472507084,91,96,103,101.24495365013232,0.0
22400459,1610612751,BKN,97.41325499981049,95,87,120,98.79529678381911,0.0
22400459,1610612761,TOR,98.79529678381911,120,88,95,97.41325499981049,1.0
22400460,1610612742,DAL,78.97922371687454,91,75,92,91.19987692840898,0.0
22400460,1610612745,HOU,91.19987692840898,92,89,91,78.97922371687454,1.0
22400461,1610612737,ATL,104.63552472261634,106,100,118,114.94046269332279,0.0
22400461,1610612743,DEN,114.94046269332279,118,94,106,104.63552472261634,1.0
22400462,1610612755,PHI,87.84925658583138,95,84,91,95.33289882313773,1.0
22400462,1610612758,SAC,95.33289882313773,91,84,95,87.84925658583138,0.0
22400463,1610612748,MIA,78.024959419151,97,75,119,100.77814092071964,0.0
22400463,1610612754,IND,100.77814092071964,119,96,97,78.024959419151,1.0
22400464,1610612738,BOS,101.88612358435354,114,92,95,80.00588354941212,1.0
22400464,1610612750,MIN,80.00588354941212,95,74,114,101.88612358435354,0.0
22400465,1610612749,MIL,104.53277516906337,91,90,88,95.21133039794015,1.0
22400465,1610612751,BKN,95.21133039794015,88,88,91,104.53277516906337,0.0
22400466,1610612746,LAC,79.85566441504896,87,81,100,90.00151661474064,0.0
22400466,1610612760,OKC,90.00151661474064,100,86,87,79.85566441504896,1.0
22400467,1610612744,GSW,91.56650357965238,128,87,77,74.82047540031982,1.0
22400467,1610612755,PHI,74.82047540031982,77,81,128,91.56650357965238,0.0
22400468,1610612747,LAL,110.70046776722634,101,94,89,85.79968923731047,1.0
22400468,1610612757,POR,85.79968923731047,89,80,101,110.70046776722634,0.0
22400469,1610612765,DET,97.41753656768273,90,93,75,81.37009520253667,1.0
22400469,1610612766,CHA,81.37009520253667,75,80,90,97.41753656768273,0.0
22400470,1610612753,ORL,86.51794309243276,93,79,86,85.18708152255175,1.0
22400470,1610612761,TOR,85.18708152255175,86,80,93,86.51794309243276,0.0
22400471,1610612738,BOS,87.61372589425862,97,77,74,89.57635486066977,1.0
22400471,1610612745,HOU,89.57635486066977,74,88,97,87.61372589425862,0.0
22400472,1610612740,NOP,106.01165440736807,114,96,99,91.72736530987139,1.0
22400472,1610612764,WAS,91.72736530987139,99,84,114,106.01165440736807,0.0
22400473,1610612752,NYK,95.37897049609604,95,90,100,90.71046469724709,0.0
22400473,1610612760,OKC,90.71046469724709,100,84,95,95.37897049609604,1.0
22400474,1610612739,CLE,110.98750225137601,119,98,98,108.72679782449981,1.0
22400474,1610612742,DAL,108.72679782449981,98,100,119,110.98750225137601,0.0
22400475,1610612743,DEN,105.99145216174561,99,97,105,103.07469636919181,0.0
22400475,1610612759,SAS,103.07469636919181,105,99,99,105.99145216174561,1.0
22400476,1610612758,SAC,106.92701622253111,119,99,103,93.43477119054928,1.0
22400476,1610612763,MEM,93.43477119054928,103,89,119,106.92701622253111,0.0
22400477,1610612737,ATL,108.3349255490252,88,100,99,98.457055586936,0.0
22400477,1610612747,LAL,98.457055586936,99,88,88,108.3349255490252,1.0
22400478,1610612751,BKN,90.16480860918772,82,82,99,86.73188883809685,0.0
22400478,1610612755,PHI,86.73188883809685,99,82,82,90.16480860918772,1.0
22400479,1610612750,MIN,86.68296625035266,84,80,103,99.05496802408933,0.0
22400479,1610612765,DET,99.05496802408933,103,93,84,86.68296625035266,1.0
22400480,1610612754,IND,105.97810847283729,107,96,88,84.52161910936431,1.0
22400480,1610612756,PHX,84.52161910936431,88,78,107,105.97810847283729,0.0
22400481,1610612748,MIA,95.72219609804672,79,80,123,111.8173492410648,0.0
22400481,1610612762,UTA,111.8173492410648,123,100,79,95.72219609804672,1.0
22400482,1610612741,CHI,95.55507772521707,122,94,104,91.76863897102892,1.0
22400482,1610612752,NYK,91.76863897102892,104,97,122,95.55507772521707,0.0
22400483,1610612749,MIL,108.53384128111844,95,95,95,91.04306229616216,0.5
22400483,1610612757,POR,91.04306229616216,95,85,95,108.53384128111844,0.5
22400484,1610612743,DEN,116.42932156321326,104,108,95,117.77849969124505,1.0
22400484,1610612759,SAS,117.77849969124505,95,104,104,116.42932156321326,0.0
22400485,1610612744,GSW,86.9280859090329,111,84,101,86.29684148780575,1.0
22400485,1610612763,MEM,86.29684148780575,101,88,111,86.9280859090329,0.0
22400486,1610612737,ATL,98.4920891488629,92,88,119,112.49765324545905,0.0
22400486,1610612746,LAC,112.49765324545905,119,96,92,98.4920891488629,1.0
22400487,1610612738,BOS,91.59618429518153,71,85,94,94.11170376483958,0.0
22400487,1610612760,OKC,94.11170376483958,94,87,71,91.59618429518153,1.0
22400488,1610612739,CLE,106.24411726683898,103,92,91,92.65001607740017,1.0
22400488,1610612766,CHA,92.65001607740017,91,91,103,106.24411726683898,0.0
22400489,1610612740,NOP,101.30203302103746,92,90,87,90.71433653849684,1.0
22400489,1610612764,WAS,90.71433653849684,87,89,92,101.30203302103746,0.0
22400490,1610612753,ORL,106.35995278311482,84,98,89,84.97626816143949,0.0
22400490,1610612762,UTA,84.97626816143949,89,81,84,106.35995278311482,1.0
22400491,1610612745,HOU,104.0096801601135,108,99,92,83.03543620325148,1.0
22400491,1610612747,LAL,83.03543620325148,92,78,108,104.0096801601135,0.0
22400492,1610612744,GSW,88.31945944702697,86,81,109,95.97483594285852,0.0
22400492,1610612758,SAC,95.97483594285852,109,87,86,88.31945944702697,1.0
22400493,1610612757,POR,83.56004661284686,112,90,99,95.42893640294609,1.0
22400493,1610612765,DET,95.42893640294609,99,94,112,83.56004661284686,0.0
22400494,1610612755,PHI,94.5107550852754,83,87,96,94.60730407669499,0.0
22400494,1610612756,PHX,94.60730407669499,96,81,83,94.5107550852754,1.0
22400495,1610612751,BKN,105.38392117144664,92,98,92,87.2985724265276,0.5
22400495,1610612754,IND,87.2985724265276,92,79,92,105.38392117144664,0.5
22400496,1610612752,NYK,88.3613271582139,76,81,89,85.31454262294464,0.0
22400496,1610612753,ORL,85.31454262294464,89,78,76,88.3613271582139,1.0
22400497,1610612749,MIL,93.62551674076288,116,82,91,98.94223196725574,1.0
22400497,1610612761,TOR,98.94223196725574,91,91,116,93.62551674076288,0.0
22400498,1610612741,CHI,121.74221963842746,101,102,103,103.85154157194404,0.0
22400498,1610612759,SAS,103.85154157194404,103,95,101,121.74221963842746,1.0
22400499,1610612742,DAL,104.0798898985,93,98,92,91.06881705030254,1.0
22400499,1610612763,MEM,91.06881705030254,92,88,93,104.0798898985,0.0
22400500,1610612746,LAC,88.63839794194432,86,89,98,97.20288035948388,0.0
22400500,1610612750,MIN,97.20288035948388,98,92,86,88.63839794194432,1.0
22400501,1610612748,MIA,103.53886438506376,97,102,103,108.53206663385248,0.0
22400501,1610612758,SAC,108.53206663385248,103,108,97,103.53886438506376,1.0
22400502,1610612756,PHX,99.90891822264086,86,92,89,103.57641107040996,0.0
22400502,1610612766,CHA,103.57641107040996,89,98,86,99.90891822264086,1.0
22400503,1610612745,HOU,100.18354319318522,115,97,97,83.60346368495675,1.0
22400503,1610612764,WAS,83.60346368495675,97,89,115,100.18354319318522,0.0
22400504,1610612742,DAL,96.53206368541628,108,86,79,84.76718075241237,1.0
22400504,1610612747,LAL,84.76718075241237,79,75,108,96.53206368541628,0.0
22400505,1610612740,NOP,101.35953597815643,82,94,91,96.73072873292688,0.0
22400505,1610612750,MIN,96.73072873292688,91,89,82,101.35953597815643,1.0
22400506,1610612737,ATL,107.24475571799668,112,98,99,103.20348103502913,1.0
22400506,1610612762,UTA,103.20348103502913,99,96,112,107.24475571799668,0.0
22400507,1610612738,BOS,100.19432900813393,100,88,94,95.42048382742401,1.0
22400507,1610612743,DEN,95.42048382742401,94,87,100,100.19432900813393,0.0
22400508,1610612744,GSW,104.2445365090259,94,98,102,94.33736531544545,0.0
22400508,1610612748,MIA,94.33736531544545,102,91,94,104.2445365090259,1.0
22400509,1610612739,CLE,107.15625489188669,109,90,107,99.95899837587285,1.0
22400509,1610612760,OKC,99.95899837587285,107,90,109,107.15625489188669,0.0
22400510,1610612741,CHI,95.16850164315674,100,86,114,119.58588712743784,0.0
22400510,1610612754,IND,119.58588712743784,114,100,100,95.16850164315674,1.0
22400511,1610612752,NYK,101.86376836592936,96,88,86,83.87430635887806,1.0
22400511,1610612761,TOR,83.87430635887806,86,77,96,101.86376836592936,0.0
22400512,1610612755,PHI,96.0713524070474,95,88,97,103.32497402356589,0.0
22400512,1610612764,WAS,103.32497402356589,97,94,95,96.0713524070474,1.0
22400513,1610612751,BKN,90.30995883238654,79,86,105,91.48880304581125,0.0
22400513,1610612765,DET,91.48880304581125,105,86,79,90.30995883238654,1.0
22400514,1610612740,NOP,96.85173202520862,92,90,109,101.47251144896444,0.0
22400514,1610612757,POR,101.47251144896444,109,88,92,96.85173202520862,1.0
22400515,1610612743,DEN,105.62641101672973,115,89,71,83.21691047832532,1.0
22400515,1610612746,LAC,83.21691047832532,71,80,115,105.62641101672973,0.0
22400516,1610612749,MIL,105.1354310039643,107,92,88,98.40041669370434,1.0
22400516,1610612759,SAS,98.40041669370434,88,95,107,105.1354310039643,0.0
22400517,1610612739,CLE,103.05837903401083,112,89,120,95.39991278991054,0.0
22400517,1610612761,TOR,95.39991278991054,120,89,112,103.05837903401083,1.0
22400518,1610612744,GSW,99.13350865187032,97,89,92,91.34676333554233,1.0
22400518,1610612765,DET,91.34676333554233,92,86,97,99.13350865187032,0.0
22400519,1610612750,MIN,94.76932260000667,80,85,76,91.9952960262375,1.0
22400519,1610612753,ORL,91.9952960262375,76,87,80,94.76932260000667,0.0
22400520,1610612745,HOU,102.31819616886801,95,96,94,88.29710208610369,1.0
22400520,1610612763,MEM,88.29710208610369,94,84,95,102.31819616886801,0.0
22400521,1610612742,DAL,101.09152234345835,90,88,94,102.08285645516237,0.0
22400521,1610612757,POR,102.08285645516237,94,93,90,101.09152234345835,1.0
22400522,1610612737,ATL,90.24262862388234,99,86,111,98.85029438805839,0.0
22400522,1610612756,PHX,98.85029438805839,111,85,99,90.24262862388234,1.0
22400523,1610612748,MIA,94.89073639844895,86,91,77,85.50906542440352,1.0
22400523,1610612762,UTA,85.50906542440352,77,83,86,94.89073639844895,0.0
22400524,1610612747,LAL,94.67443455936808,89,90,84,85.04403552359838,1.0
22400524,1610612766,CHA,85.04403552359838,84,91,89,94.67443455936808,0.0
22400525,1610612744,GSW,91.96333421409756,86,91,95,88.14972813560736,0.0
22400525,1610612754,IND,88.14972813560736,95,82,86,91.96333421409756,1.0
22400526,1610612749,MIL,91.84709996426827,95,83,88,90.24598441439805,1.0
22400526,1610612753,ORL,90.24598441439805,88,86,95,91.84709996426827,0.0
22400527,1610612740,NOP,102.23120236705269,106,91,98,103.50906615276816,1.0
22400527,1610612755,PHI,103.50906615276816,98,91,106,102.23120236705269,0.0
22400528,1610612738,BOS,90.20034629757654,79,84,106,105.31882067914474,0.0
22400528,1610612758,SAC,105.31882067914474,106,102,79,90.20034629757654,1.0
22400529,1610612752,NYK,102.40488873815801,78,96,110,98.30053708554293,0.0
22400529,1610612760,OKC,98.30053708554293,110,89,78,102.40488873815801,1.0
22400530,1610612741,CHI,112.88159748493558,129,95,96,105.599112268605,1.0
22400530,1610612764,WAS,105.599112268605,96,98,129,112.88159748493558,0.0
22400531,1610612743,DEN,91.77987267201759,99,87,90,94.83968530767424,1.0
22400531,1610612751,BKN,94.83968530767424,90,90,99,91.77987267201759,0.0
22400532,1610612737,ATL,94.83213874553748,83,89,81,91.30727240528289,1.0
22400532,1610612745,HOU,91.30727240528289,81,79,83,94.83213874553748,0.0
22400533,1610612756,PHX,98.0778718701269,101,86,93,100.97218871190744,1.0
22400533,1610612762,UTA,100.97218871190744,93,96,101,98.0778718701269,0.0
22400534,1610612761,TOR,89.62824547969198,96,92,107,86.03901467493144,0.0
22400534,1610612765,DET,86.03901467493144,107,84,96,89.62824547969198,1.0
22400535,1610612750,MIN,100.17011666155022,111,83,112,120.74629764200864,0.0
22400535,1610612763,MEM,120.74629764200864,112,108,111,100.17011666155022,1.0
22400536,1610612748,MIA,106.64375692643695,107,92,85,104.65505253165577,1.0
22400536,1610612757,POR,104.65505253165577,85,95,107,106.64375692643695,0.0
22400537,1610612747,LAL,98.50248063671117,107,90,97,96.03354619776341,1.0
22400537,1610612759,SAS,96.03354619776341,97,88,107,98.50248063671117,0.0
22400538,1610612746,LAC,104.08594009187351,103,93,80,94.75453815473251,1.0
22400538,1610612766,CHA,94.75453815473251,80,94,103,104.08594009187351,0.0
22400539,1610612749,MIL,106.03053657318416,96,94,120,102.78444967640765,0.0
22400539,1610612752,NYK,102.78444967640765,120,88,96,106.03053657318416,1.0
22400540,1610612742,DAL,92.15142679803454,82,85,99,104.88254287085462,0.0
22400540,1610612743,DEN,104.88254287085462,99,94,82,92.15142679803454,1.0
22400541,1610612741,CHI,105.26634834310426,104,93,107,112.49386300281806,0.0
22400541,1610612758,SAC,112.49386300281806,107,95,104,105.26634834310426,1.0
22400542,1610612738,BOS,115.58763764923684,101,101,97,83.17462517382816,1.0
22400542,1610612740,NOP,83.17462517382816,97,86,101,115.58763764923684,0.0
22400543,1610612739,CLE,93.1171488815674,77,83,97,98.65170430073731,0.0
22400543,1610612754,IND,98.65170430073731,97,92,77,93.1171488815674,1.0
22400544,1610612753,ORL,86.30910887763216,85,80,78,68.92902953349757,1.0
22400544,1610612755,PHI,68.92902953349757,78,72,85,86.30910887763216,0.0
22400545,1610612760,OKC,99.91387185120567,103,95,65,82.33974417411383,1.0
22400545,1610612764,WAS,82.33974417411383,65,83,103,99.91387185120567,0.0
22400546,1610612751,BKN,96.62637663483292,88,92,97,90.63585566366987,0.0
22400546,1610612762,UTA,90.63585566366987,97,90,88,96.62637663483292,1.0
22400547,1610612756,PHX,99.07154259594681,101,87,97,92.9943595647214,1.0
22400547,1610612766,CHA,92.9943595647214,97,92,101,99.07154259594681,0.0
22400548,1610612750,MIN,90.62161281542603,96,83,97,90.79278864261688,0.0
22400548,1610612764,WAS,90.79278864261688,97,91,96,90.62161281542603,1.0
22400549,1610612752,NYK,80.12259176720708,95,80,107,92.12373895243098,0.0
22400549,1610612765,DET,92.12373895243098,107,92,95,80.12259176720708,1.0
22400550,1610612744,GSW,94.14667353713962,86,88,94,93.98462223765726,0.0
22400550,1610612761,TOR,93.98462223765726,94,86,86,94.14667353713962,1.0
22400551,1610612745,HOU,88.17356225859379,98,81,104,86.20511849864853,0.0
22400551,1610612763,MEM,86.20511849864853,104,84,98,88.17356225859379,1.0
22400552,1610612747,LAL,93.77701497873869,92,87,109,99.1109473899912,0.0
22400552,1610612759,SAS,99.1109473899912,109,90,92,93.77701497873869,1.0
22400553,1610612746,LAC,106.36718903786222,103,93,83,92.44058072851522,1.0
22400553,1610612748,MIA,92.44058072851522,83,85,103,106.36718903786222,0.0
22400554,1610612739,CLE,96.6649114153719,101,89,100,93.23447351709369,1.0
22400554,1610612754,IND,93.23447351709369,100,91,101,96.6649114153719,0.0
22400555,1610612755,PHI,90.5101858051544,87,84,102,97.96442790966576,0.0
22400555,1610612760,OKC,97.96442790966576,102,81,87,90.5101858051544,1.0
22400556,1610612737,ATL,104.5157780960714,103,98,99,95.56582818809511,1.0
22400556,1610612756,PHX,95.56582818809511,99,84,103,104.5157780960714,0.0
22400557,1610612740,NOP,109.4827224586347,98,96,104,115.36902198542367,0.0
22400557,1610612741,CHI,115.36902198542367,104,102,98,109.4827224586347,1.0
22400558,1610612749,MIL,112.99704817490668,115,99,101,102.17325807775862,1.0
22400558,1610612758,SAC,102.17325807775862,101,95,115,112.99704817490668,0.0
22400559,1610612742,DAL,96.21874408180423,85,90,99,89.21531932509436,0.0
22400559,1610612743,DEN,89.21531932509436,99,83,85,96.21874408180423,1.0
22400560,1610612751,BKN,101.76451499283839,117,90,95,95.83719886536632,1.0
22400560,1610612757,POR,95.83719886536632,95,86,117,101.76451499283839,0.0
22400561,1610612752,NYK,99.70906294067674,108,86,105,97.73118145840454,1.0
22400561,1610612755,PHI,97.73118145840454,105,92,108,99.70906294067674,0.0
22400562,1610612738,BOS,104.35070774384793,88,91,101,96.56576068101542,0.0
22400562,1610612761,TOR,96.56576068101542,101,89,88,104.35070774384793,1.0
22400563,1610612737,ATL,110.39105305054662,95,100,84,102.11764595544079,1.0
22400563,1610612741,CHI,102.11764595544079,84,88,95,110.39105305054662,0.0
22400564,1610612749,MIL,76.1894424510126,97,72,78,97.85128535444474,1.0
22400564,1610612753,ORL,97.85128535444474,78,95,97,76.1894424510126,0.0
22400565,1610612744,GSW,87.23688354010463,98,82,93,98.10403319690383,1.0
22400565,1610612750,MIN,98.10403319690383,93,86,98,87.23688354010463,0.0
22400566,1610612740,NOP,106.63921804172506,99,97,98,102.33861531310042,1.0
22400566,1610612742,DAL,102.33861531310042,98,90,99,106.63921804172506,0.0
22400567,1610612759,SAS,98.77702659037742,96,89,118,123.41498741383369,0.0
22400567,1610612763,MEM,123.41498741383369,118,103,96,98.77702659037742,1.0
22400568,1610612743,DEN,79.9850466843844,94,75,115,96.35751310746497,0.0
22400568,1610612745,HOU,96.35751310746497,115,94,94,79.9850466843844,1.0
22400569,1610612762,UTA,98.91059653167288,102,93,102,90.59417207223285,0.5
22400569,1610612766,CHA,90.59417207223285,102,85,102,98.91059653167288,0.5
22400570,1610612747,LAL,94.86687504911055,107,90,94,72.65258859186966,1.0
22400570,1610612748,MIA,72.65258859186966,94,73,107,94.86687504911055,0.0
22400571,1610612746,LAC,88.8597563996022,98,79,55,83.79216931586991,1.0
22400571,1610612751,BKN,83.79216931586991,55,83,98,88.8597563996022,0.0
22400572,1610612754,IND,90.84596341165307,95,89,81,96.22418477126632,1.0
22400572,1610612765,DET,96.22418477126632,81,91,95,90.84596341165307,0.0
22400573,1610612756,PHX,96.98053974859677,104,85,105,105.01752417745598,0.0
22400573,1610612764,WAS,105.01752417745598,105,92,104,96.98053974859677,1.0
22400574,1610612739,CLE,100.94991539729884,97,90,124,112.8675613769077,0.0
22400574,1610612760,OKC,112.8675613769077,124,105,97,100.94991539729884,1.0
22400575,1610612746,LAC,87.53636290563051,98,78,77,98.91913432752025,1.0
22400575,1610612757,POR,98.91913432752025,77,91,98,87.53636290563051,0.0
22400576,1610612745,HOU,94.56550841441079,110,93,112,96.89157356912195,0.0
22400576,1610612758,SAC,96.89157356912195,112,98,110,94.56550841441079,1.0
22400577,1610612738,BOS,83.73399804174163,101,80,73,78.34973013963493,1.0
22400577,1610612753,ORL,78.34973013963493,73,82,101,83.73399804174163,0.0
22400578,1610612750,MIN,88.12637208990272,106,79,84,91.81327774166267,1.0
22400578,1610612752,NYK,91.81327774166267,84,90,106,88.12637208990272,0.0
22400579,1610612743,DEN,105.11254249753209,116,92,99,101.42311626796342,1.0
22400579,1610612748,MIA,101.42311626796342,99,91,116,105.11254249753209,0.0
22400580,1610612749,MIL,88.57092640859253,97,81,94,95.3445105839376,1.0
22400580,1610612761,TOR,95.3445105839376,94,91,97,88.57092640859253,0.0
22400581,1610612740,NOP,105.39668489300148,116,100,99,86.04539267621882,1.0
22400581,1610612762,UTA,86.04539267621882,99,86,116,105.39668489300148,0.0
22400582,1610612759,SAS,98.97541858329932,93,84,129,108.96454382517412,0.0
22400582,1610612763,MEM,108.96454382517412,129,97,93,98.97541858329932,1.0
22400583,1610612742,DAL,83.11451064458787,90,75,90,95.04076888419169,0.5
22400583,1610612760,OKC,95.04076888419169,90,91,90,83.11451064458787,0.5
22400584,1610612741,CHI,106.90725489647326,110,95,109,102.24410337611324,1.0
22400584,1610612766,CHA,102.24410337611324,109,96,110,106.90725489647326,0.0
22400585,1610612747,LAL,88.54391625095046,88,82,91,85.3920960582851,0.0
22400585,1610612751,BKN,85.3920960582851,91,82,88,88.54391625095046,1.0
22400586,1610612756,PHX,89.88885338201004,93,86,97,92.86860181515759,0.0
22400586,1610612765,DET,92.86860181515759,97,94,93,89.88885338201004,1.0
22400587,1610612737,ATL,90.96993585909593,97,93,95,115.27884448972425,1.0
22400587,1610612738,BOS,115.27884448972425,95,104,97,90.96993585909593,0.0
22400588,1610612754,IND,97.0708022719479,99,83,86,93.25014321781062,1.0
22400588,1610612755,PHI,93.25014321781062,86,89,99,97.0708022719479,0.0
22400589,1610612744,GSW,96.9378605020152,104,96,98,86.85004416102186,1.0
22400589,1610612764,WAS,86.85004416102186,98,86,104,96.9378605020152,0.0
22400590,1610612739,CLE,100.12695913885665,101,92,101,98.15373739259313,0.5
22400590,1610612750,MIN,98.15373739259313,101,90,101,100.12695913885665,0.5
22400591,1610612745,HOU,118.75571184080773,110,108,90,94.86969090213175,1.0
22400591,1610612757,POR,94.86969090213175,90,86,110,118.75571184080773,0.0
22400592,1610612748,MIA,110.97462798344644,118,95,97,98.95601355690022,1.0
22400592,1610612759,SAS,98.95601355690022,97,91,118,110.97462798344644,0.0
22400593,1610612743,DEN,83.38944926280081,87,77,88,102.10221326078175,0.0
22400593,1610612753,ORL,102.10221326078175,88,102,87,83.38944926280081,1.0
22400594,1610612749,MIL,101.11616853468684,100,87,94,92.53748931825373,1.0
22400594,1610612755,PHI,92.53748931825373,94,86,100,101.11616853468684,0.0
22400595,1610612751,BKN,95.12930567715857,86,87,115,103.6285776312636,0.0
22400595,1610612760,OKC,103.6285776312636,115,87,86,95.12930567715857,1.0
22400596,1610612746,LAC,97.40908461986567,105,89,85,82.82415933424906,1.0
22400596,1610612747,LAL,82.82415933424906,85,76,105,97.40908461986567,0.0
22400597,1610612741,CHI,91.78836993129474,80,81,93,98.20949785692005,0.0
22400597,1610612757,POR,98.20949785692005,93,89,80,91.78836993129474,1.0
22400598,1610612758,SAC,103.34652847632066,104,95,74,91.63861105217343,1.0
22400598,1610612764,WAS,91.63861105217343,74,89,104,103.34652847632066,0.0
22400599,1610612742,DAL,96.70920083257245,82,88,97,104.59737949055115,0.0
22400599,1610612766,CHA,104.59737949055115,97,98,82,96.70920083257245,1.0
22400600,1610612745,HOU,103.82243719638291,85,94,94,94.48364708966423,0.0
22400600,1610612765,DET,94.48364708966423,94,88,85,103.82243719638291,1.0
22400601,1610612750,MIN,100.08626593316106,86,93,81,93.19547608459682,1.0
22400601,1610612763,MEM,93.19547608459682,81,86,86,100.08626593316106,0.0
22400602,1610612737,ATL,96.37309857227318,93,85,103,104.86555367379,0.0
22400602,1610612752,NYK,104.86555367379,103,90,93,96.37309857227318,1.0
22400603,1610612739,CLE,97.07966799988152,101,95,82,81.53578982874275,1.0
22400603,1610612756,PHX,81.53578982874275,82,77,101,97.07966799988152,0.0
22400604,1610612738,BOS,101.71170682542613,118,92,78,95.51437518907287,1.0
22400604,1610612744,GSW,95.51437518907287,78,92,118,101.71170682542613,0.0
22400605,1610612740,NOP,101.10905971682823,97,92,95,111.31755130227138,1.0
22400605,1610612762,UTA,111.31755130227138,95,106,97,101.10905971682823,0.0
22400606,1610612751,BKN,92.80920937423362,76,86,88,98.6320943897396,0.0
22400606,1610612752,NYK,98.6320943897396,88,87,76,92.80920937423362,1.0
22400607,1610612748,MIA,99.66865932303136,96,93,101,92.23538145978706,0.0
22400607,1610612757,POR,92.23538145978706,101,87,96,99.66865932303136,1.0
22400608,1610612753,ORL,85.65944411579825,79,85,91,80.6268828594008,0.0
22400608,1610612761,TOR,80.6268828594008,91,73,79,85.65944411579825,1.0
22400609,1610612743,DEN,104.80740071146481,120,85,103,97.30518562019508,1.0
22400609,1610612755,PHI,97.30518562019508,103,96,120,104.80740071146481,0.0
22400610,1610612747,LAL,101.36980424401042,97,90,79,94.90209238487198,1.0
22400610,1610612764,WAS,94.90209238487198,79,95,97,101.36980424401042,0.0
22400611,1610612741,CHI,102.40496199208671,91,94,83,106.135761055816,1.0
22400611,1610612746,LAC,106.135761055816,83,94,91,102.40496199208671,0.0
22400612,1610612737,ATL,123.77586351130215,84,103,96,98.34542928185597,0.0
22400612,1610612765,DET,98.34542928185597,96,84,84,123.77586351130215,1.0
22400613,1610612751,BKN,90.95034587373175,75,91,98,94.20324514313579,0.0
22400613,1610612756,PHX,94.20324514313579,98,88,75,90.95034587373175,1.0
22400614,1610612742,DAL,94.22385232344814,98,90,85,90.73237575199938,1.0
22400614,1610612750,MIN,90.73237575199938,85,81,98,94.22385232344814,0.0
22400615,1610612739,CLE,104.75987450744,95,97,95,94.80969969954077,0.5
22400615,1610612745,HOU,94.80969969954077,95,91,95,104.75987450744,0.5
22400616,1610612763,MEM,111.25803155868907,119,98,93,91.55633523374303,1.0
22400616,1610612766,CHA,91.55633523374303,93,86,119,111.25803155868907,0.0
22400617,1610612740,NOP,91.30307560805953,98,95,97,91.88675206925208,1.0
22400617,1610612749,MIL,91.88675206925208,97,92,98,91.30307560805953,0.0
22400618,1610612760,OKC,111.93570823272871,100,95,98,99.61978755509607,1.0
22400618,1610612762,UTA,99.61978755509607,98,90,100,111.93570823272871,0.0
22400619,1610612744,GSW,97.3565652533221,108,92,93,86.07931506111218,1.0
22400619,1610612758,SAC,86.07931506111218,93,81,108,97.3565652533221,0.0
22400620,1610612738,BOS,91.39389654141424,101,90,103,94.41992540632243,0.0
22400620,1610612746,LAC,94.41992540632243,103,90,101,91.39389654141424,1.0
22400621,1610612754,IND,104.35184600160889,101,97,134,102.87491740655952,0.0
22400621,1610612759,SAS,102.87491740655952,134,96,101,104.35184600160889,1.0
22400622,1610612753,ORL,73.62489451031804,58,76,89,81.46038158635703,0.0
22400622,1610612757,POR,81.46038158635703,89,82,58,73.62489451031804,1.0
22400623,1610612737,ATL,99.4911385646744,97,87,103,89.81241494907638,0.0
22400623,1610612761,TOR,89.81241494907638,103,81,97,99.4911385646744,1.0
22400624,1610612748,MIA,104.3301083759088,80,92,110,108.41515518660395,0.0
22400624,1610612749,MIL,108.41515518660395,110,98,80,104.3301083759088,1.0
22400625,1610612742,DAL,77.32146001497723,92,74,99,97.02396791053931,0.0
22400625,1610612760,OKC,97.02396791053931,99,88,92,77.32146001497723,1.0
22400626,1610612743,DEN,113.48095615406123,111,101,109,109.63670455764256,1.0
22400626,1610612758,SAC,109.63670455764256,109,107,111,113.48095615406123,0.0
22400627,1610612762,UTA,96.3219026292194,117,89,98,101.04284713087688,1.0
22400627,1610612764,WAS,101.04284713087688,98,93,117,96.3219026292194,0.0
22400628,1610612741,CHI,90.6685508993289,84,87,117,106.66395597226429,0.0
22400628,1610612744,GSW,106.66395597226429,117,102,84,90.6685508993289,1.0
22400629,1610612738,BOS,99.10121663291157,84,91,99,91.95432102034317,0.0
22400629,1610612747,LAL,91.95432102034317,99,89,84,99.10121663291157,1.0
22400630,1610612757,POR,89.63334167565475,75,79,73,92.22837475830097,1.0
22400630,1610612766,CHA,92.22837475830097,73,85,75,89.63334167565475,0.0
22400631,1610612739,CLE,102.73355214554049,115,90,109,91.1017263031055,1.0
22400631,1610612755,PHI,91.1017263031055,109,87,115,102.73355214554049,0.0
22400632,1610612740,NOP,84.9833482075278,104,83,131,108.969934107956,0.0
22400632,1610612763,MEM,108.969934107956,131,101,104,84.9833482075278,1.0
22400633,1610612754,IND,111.3243708699325,123,102,81,92.85894796627834,1.0
22400633,1610612759,SAS,92.85894796627834,81,85,123,111.3243708699325,0.0
22400634,1610612743,DEN,92.71041704944483,97,88,120,101.32404172217197,0.0
22400634,1610612750,MIN,101.32404172217197,120,95,97,92.71041704944483,1.0
22400635,1610612738,BOS,111.56247161643624,108,103,86,93.95260192125791,1.0
22400635,1610612742,DAL,93.95260192125791,86,88,108,111.56247161643624,0.0
22400636,1610612748,MIA,88.08434617007602,83,79,74,83.12642230258605,1.0
22400636,1610612751,BKN,83.12642230258605,74,80,83,88.08434617007602,0.0
22400637,1610612740,NOP,79.11964300294987,72,84,105,82.63657626337316,0.0
22400637,1610612766,CHA,82.63657626337316,105,84,72,79.11964300294987,1.0
22400638,1610612753,ORL,84.50310631914031,95,83,90,86.27353419196736,1.0
22400638,1610612765,DET,86.27353419196736,90,86,95,84.50310631914031,0.0
22400639,1610612737,ATL,96.04792854775656,77,84,95,101.78243921876033,0.0
22400639,1610612761,TOR,101.78243921876033,95,90,77,96.04792854775656,1.0
22400640,1610612739,CLE,100.54274633458742,111,91,103,91.93317590537146,1.0
22400640,1610612745,HOU,91.93317590537146,103,82,111,100.54274633458742,0.0
22400641,1610612752,NYK,121.81807560495179,121,105,106,106.7803625256446,1.0
22400641,1610612758,SAC,106.7803625256446,106,95,121,121.81807560495179,0.0
22400642,1610612741,CHI,98.32740850363251,84,85,97,101.38810213634889,0.0
22400642,1610612755,PHI,101.38810213634889,97,92,84,98.32740850363251,1.0
22400643,1610612762,UTA,104.52447669221768,90,92,100,95.45928956951882,0.0
22400643,1610612763,MEM,95.45928956951882,100,84,90,104.52447669221768,1.0
22400644,1610612744,GSW,92.61472240039132,98,89,104,85.30381193881888,0.0
22400644,1610612747,LAL,85.30381193881888,104,86,98,92.61472240039132,1.0
22400645,1610612756,PHX,104.78793087542635,93,90,102,97.57629035901985,0.0
22400645,1610612764,WAS,97.57629035901985,102,90,93,104.78793087542635,1.0
22400646,1610612746,LAC,103.63113699514781,99,97,87,82.12289000843984,1.0
22400646,1610612749,MIL,82.12289000843984,87,79,99,103.63113699514781,0.0
22400647,1610612757,POR,77.70453771514978,84,81,94,92.01046427729916,0.0
22400647,1610612760,OKC,92.01046427729916,94,89,84,77.70453771514978,1.0
22400648,1610612747,LAL,99.59581936955189,94,86,92,96.74121104645272,1.0
22400648,1610612766,CHA,96.74121104645272,92,87,94,99.59581936955189,0.0
22400649,1610612739,CLE,95.71881927078294,92,91,84,92.9187659621777,1.0
22400649,1610612765,DET,92.9187659621777,84,96,92,95.71881927078294,0.0
22400650,1610612738,BOS,85.74837460938463,93,80,99,91.23752553617041,0.0
22400650,1610612745,HOU,91.23752553617041,99,92,93,85.74837460938463,1.0
22400651,1610612751,BKN,91.4724836962558,70,82,99,94.16645369106898,0.0
22400651,1610612758,SAC,94.16645369106898,99,82,70,91.4724836962558,1.0
22400652,1610612748,MIA,101.02064970117172,111,92,104,104.35414420675548,1.0
22400652,1610612753,ORL,104.35414420675548,104,98,111,101.02064970117172,0.0
22400653,1610612752,NYK,125.8940582336176,129,108,91,98.77953218293493,1.0
22400653,1610612763,MEM,98.77953218293493,91,91,129,125.8940582336176,0.0
22400654,1610612740,NOP,95.14136904533935,84,89,95,110.35657392700668,0.0
22400654,1610612761,TOR,110.35657392700668,95,100,84,95.14136904533935,1.0
22400655,1610612741,CHI,105.73418827665759,122,98,110,122.60632553845147,1.0
22400655,1610612743,DEN,122.60632553845147,110,100,122,105.73418827665759,0.0
22400656,1610612737,ATL,97.23011198803316,80,86,80,100.6481266172255,0.5
22400656,1610612750,MIN,100.6481266172255,80,86,80,97.23011198803316,0.5
22400657,1610612742,DAL,105.5123752969923,118,92,95,105.14554916758271,1.0
22400657,1610612764,WAS,105.14554916758271,95,101,118,105.5123752969923,0.0
22400658,1610612749,MIL,93.8934199347025,116,86,100,105.21395149717816,1.0
22400658,1610612762,UTA,105.21395149717816,100,100,116,93.8934199347025,0.0
22400659,1610612746,LAC,93.8626253227864,92,83,102,92.86663052117085,0.0
22400659,1610612756,PHX,92.86663052117085,102,85,92,93.8626253227864,1.0
22400660,1610612747,LAL,83.62162055089387,84,72,97,100.78487121916228,0.0
22400660,1610612755,PHI,100.78487121916228,97,91,84,83.62162055089387,1.0
22400661,1610612744,GSW,103.2208424147248,89,92,86,81.90578695404714,1.0
22400661,1610612762,UTA,81.90578695404714,86,76,89,103.2208424147248,0.0
22400662,1610612749,MIL,102.54981525671107,99,87,102,93.43849346270164,0.0
22400662,1610612757,POR,93.43849346270164,102,88,99,102.54981525671107,1.0
22400663,1610612751,BKN,85.60775035816,88,80,66,78.35543747645458,1.0
22400663,1610612766,CHA,78.35543747645458,66,83,88,85.60775035816,0.0
22400664,1610612754,IND,90.22167246764926,111,81,100,99.10908384589176,1.0
22400664,1610612765,DET,99.10908384589176,100,89,111,90.22167246764926,0.0
22400665,1610612761,TOR,86.1087943646869,95,88,61,68.55648923687805,1.0
22400665,1610612764,WAS,68.55648923687805,61,72,95,86.1087943646869,0.0
22400666,1610612738,BOS,86.85932307243947,100,87,89,93.41363818970903,1.0
22400666,1610612741,CHI,93.41363818970903,89,92,100,86.85932307243947,0.0
22400667,1610612739,CLE,108.54941957846198,121,100,93,87.36623134312467,1.0
22400667,1610612748,MIA,87.36623134312467,93,83,121,108.54941957846198,0.0
22400668,1610612743,DEN,88.55656561437027,92,84,110,114.00859041960659,0.0
22400668,1610612752,NYK,114.00859041960659,110,93,92,88.55656561437027,1.0
22400669,1610612755,PHI,87.03257378730292,98,82,90,107.51754841314538,1.0
22400669,1610612758,SAC,107.51754841314538,90,90,98,87.03257378730292,0.0
22400670,1610612740,NOP,100.19390168289662,117,96,124,104.72500569013573,0.0
22400670,1610612742,DAL,104.72500569013573,124,96,117,100.19390168289662,1.0
22400671,1610612746,LAC,101.48531843620906,108,91,98,103.3273669741706,1.0
22400671,1610612759,SAS,103.3273669741706,98,87,108,101.48531843620906,0.0
22400672,1610612750,MIN,83.2237059740827,97,75,98,94.4599855145,0.0
22400672,1610612756,PHX,94.4599855145,98,85,97,83.2237059740827,1.0
22400673,1610612744,GSW,82.29282547251003,93,81,89,102.1013604966993,1.0
22400673,1610612760,OKC,102.1013604966993,89,99,93,82.29282547251003,0.0
22400674,1610612747,LAL,102.215742725389,113,90,68,93.40163235216528,1.0
22400674,1610612764,WAS,93.40163235216528,68,91,113,102.215742725389,0.0
22400675,1610612737,ATL,89.72888132390793,95,90,119,95.24788213700229,0.0
22400675,1610612739,CLE,95.24788213700229,119,91,95,89.72888132390793,1.0
22400676,1610612745,HOU,103.53299317578426,97,97,105,101.16099618686742,0.0
22400676,1610612763,MEM,101.16099618686742,105,93,97,103.53299317578426,1.0
22400677,1610612750,MIN,89.42663813361484,119,82,92,78.28413126316107,1.0
22400677,1610612762,UTA,78.28413126316107,92,77,119,89.42663813361484,0.0
22400678,1610612753,ORL,89.34470301991985,73,81,94,86.44213632195948,0.0
22400678,1610612757,POR,86.44213632195948,94,78,73,89.34470301991985,1.0
22400679,1610612746,LAC,96.58904920573248,99,81,91,108.96284270149421,1.0
22400679,1610612766,CHA,108.96284270149421,91,96,99,96.58904920573248,0.0
22400680,1610612742,DAL,90.79260098485379,85,87,103,118.7923470414944,0.0
22400680,1610612765,DET,118.7923470414944,103,106,85,90.79260098485379,1.0
22400681,1610612743,DEN,101.2367397463993,120,82,121,96.77308002218705,0.0
22400681,1610612755,PHI,96.77308002218705,121,90,120,101.2367397463993,1.0
22400682,1610612741,CHI,103.52080538597777,108,89,88,98.66237855944026,1.0
22400682,1610612761,TOR,98.66237855944026,88,92,108,103.52080538597777,0.0
22400683,1610612738,BOS,90.53884919753467,100,84,103,91.7657359443358,0.0
22400683,1610612740,NOP,91.7657359443358,103,90,100,90.53884919753467,1.0
22400684,1610612749,MIL,112.1592663591258,98,100,124,121.05880846479359,0.0
22400684,1610612759,SAS,121.05880846479359,124,102,98,112.1592663591258,1.0
22400685,1610612744,GSW,101.13784168931716,88,96,119,100.06713446860796,0.0
22400685,1610612756,PHX,100.06713446860796,119,89,88,101.13784168931716,1.0
22400686,1610612737,ATL,99.24497888547783,104,90,110,98.18406220361413,0.0
22400686,1610612754,IND,98.18406220361413,110,90,104,99.24497888547783,1.0
22400687,1610612753,ORL,96.11936134263547,69,91,92,88.88338691443819,0.0
22400687,1610612762,UTA,88.88338691443819,92,84,69,96.11936134263547,1.0
22400688,1610612743,DEN,90.81947785440701,89,88,91,81.900483867648,0.0
22400688,1610612766,CHA,81.900483867648,91,95,89,90.81947785440701,1.0
22400689,1610612745,HOU,97.47922853625928,88,95,96,90.11426843591362,0.0
22400689,1610612751,BKN,90.11426843591362,96,87,88,97.47922853625928,1.0
22400690,1610612750,MIN,105.05347432799776,88,93,91,80.8171579004783,0.0
22400690,1610612764,WAS,80.8171579004783,91,83,88,105.05347432799776,1.0
22400691,1610612758,SAC,109.99350474033969,91,100,133,123.87955943770204,0.0
22400691,1610612760,OKC,123.87955943770204,133,107,91,109.99350474033969,1.0
22400692,1610612747,LAL,93.01112342077036,113,81,98,104.32416351188897,1.0
22400692,1610612752,NYK,104.32416351188897,98,95,113,93.01112342077036,0.0
22400693,1610612748,MIA,99.52441940622266,95,89,88,99.17243202847658,1.0
22400693,1610612759,SAS,99.17243202847658,88,91,95,99.52441940622266,0.0
22400694,1610612756,PHX,90.88767983490489,86,84,101,100.96578264981638,0.0
22400694,1610612757,POR,100.96578264981638,101,89,86,90.88767983490489,1.0
22400695,1610612741,CHI,97.2511355876773,101,89,118,110.58421316935114,0.0
22400695,1610612765,DET,110.58421316935114,118,99,101,97.2511355876773,1.0
22400696,1610612739,CLE,114.51019790637345,132,93,89,112.47549752852142,1.0
22400696,1610612742,DAL,112.47549752852142,89,103,132,114.51019790637345,0.0
22400697,1610612746,LAC,98.35472987091354,91,88,101,95.60761662875161,0.0
22400697,1610612761,TOR,95.60761662875161,101,85,91,98.35472987091354,1.0
22400698,1610612738,BOS,100.49870776881994,105,84,89,85.32241717771959,1.0
22400698,1610612755,PHI,85.32241717771959,89,82,105,100.49870776881994,0.0
22400699,1610612749,MIL,98.76347956113082,108,91,118,114.66033841521296,0.0
22400699,1610612763,MEM,114.66033841521296,118,107,108,98.76347956113082,1.0
22400700,1610612764,WAS,109.5025014457117,105,99,89,88.40562795441485,1.0
22400700,1610612766,CHA,88.40562795441485,89,89,105,109.5025014457117,0.0
22400701,1610612737,ATL,88.03901510879622,100,81,95,91.31201216766705,1.0
22400701,1610612765,DET,91.31201216766705,95,83,100,88.03901510879622,0.0
22400702,1610612745,HOU,110.27013261630444,104,104,100,106.35434463527983,1.0
22400702,1610612752,NYK,106.35434463527983,100,93,104,110.27013261630444,0.0
22400703,1610612759,SAS,105.76531250096437,94,91,110,115.48872033926149,0.0
22400703,1610612763,MEM,115.48872033926149,110,99,94,105.76531250096437,1.0
22400704,1610612750,MIN,112.67454013093743,98,94,100,98.35442080528126,0.0
22400704,1610612758,SAC,98.35442080528126,100,92,98,112.67454013093743,1.0
22400705,1610612749,MIL,100.84300257119723,83,93,118,116.61706383856828,0.0
22400705,1610612760,OKC,116.61706383856828,118,99,83,100.84300257119723,1.0
22400706,1610612740,NOP,89.06942075063573,94,88,104,99.27131586826475,0.0
22400706,1610612743,DEN,99.27131586826475,104,92,94,89.06942075063573,1.0
22400707,1610612754,IND,103.24703686408316,96,91,91,99.60369143184772,1.0
22400707,1610612762,UTA,99.60369143184772,91,91,96,103.24703686408316,0.0
22400708,1610612744,GSW,77.48578456303143,80,78,94,91.41694119746403,0.0
22400708,1610612753,ORL,91.41694119746403,94,99,80,77.48578456303143,1.0
22400709,1610612756,PHX,95.39683210997744,95,85,96,93.57205159378603,0.0
22400709,1610612757,POR,93.57205159378603,96,89,95,95.39683210997744,1.0
22400710,1610612738,BOS,105.7297716755321,97,98,83,103.45664226478532,1.0
22400710,1610612739,CLE,103.45664226478532,83,91,97,105.7297716755321,0.0
22400711,1610612745,HOU,84.57894026144683,79,83,86,83.15667969091501,0.0
22400711,1610612751,BKN,83.15667969091501,86,82,79,84.57894026144683,1.0
22400712,1610612742,DAL,96.0531730377382,91,85,105,97.18457450338393,0.0
22400712,1610612755,PHI,97.18457450338393,105,86,91,96.0531730377382,1.0
22400713,1610612752,NYK,104.00203015335686,102,94,97,89.1083927879255,1.0
22400713,1610612761,TOR,89.1083927879255,97,82,102,104.00203015335686,0.0
22400714,1610612741,CHI,90.48888456596535,115,91,103,91.9788493955441,1.0
22400714,1610612748,MIA,91.9788493955441,103,90,115,90.48888456596535,0.0
22400715,1610612746,LAC,93.73120177723432,80,89,108,88.29762256115066,0.0
22400715,1610612747,LAL,88.29762256115066,108,81,80,93.73120177723432,1.0
22400716,1610612754,IND,86.87405025035869,73,81,96,102.21192772337115,0.0
22400716,1610612757,POR,102.21192772337115,96,92,73,86.87405025035869,1.0
22400717,1610612749,MIL,88.0321789297982,100,81,87,81.84765243565256,1.0
22400717,1610612766,CHA,81.84765243565256,87,88,100,88.0321789297982,0.0
22400718,1610612739,CLE,90.34820878393195,98,85,90,102.08281359953227,1.0
22400718,1610612765,DET,102.08281359953227,90,98,98,90.34820878393195,0.0
22400719,1610612737,ATL,107.07335676776744,112,91,114,121.30381369929492,0.0
22400719,1610612759,SAS,121.30381369929492,114,101,112,107.07335676776744,1.0
22400720,1610612751,BKN,84.74464250811894,85,83,108,83.97463876643427,0.0
22400720,1610612764,WAS,83.97463876643427,108,81,85,84.74464250811894,1.0
22400721,1610612748,MIA,92.61373202351187,92,83,86,101.10415526802917,1.0
22400721,1610612755,PHI,101.10415526802917,86,96,92,92.61373202351187,0.0
22400722,1610612761,TOR,103.89466795009928,90,98,110,100.85690829907357,0.0
22400722,1610612763,MEM,100.85690829907357,110,89,90,103.89466795009928,1.0
22400723,1610612741,CHI,86.14548720159772,92,83,104,108.78248183135265,0.0
22400723,1610612750,MIN,108.78248183135265,104,98,92,86.14548720159772,1.0
22400724,1610612756,PHX,76.49850849037055,80,70,116,113.2958719990182,0.0
22400724,1610612760,OKC,113.2958719990182,116,102,80,76.49850849037055,1.0
22400725,1610612744,GSW,108.22774158614719,109,100,109,98.31914255763732,0.5
22400725,1610612762,UTA,98.31914255763732,109,92,109,108.22774158614719,0.5
22400726,1610612740,NOP,87.53365451177899,96,93,130,106.52190483381948,0.0
22400726,1610612743,DEN,106.52190483381948,130,100,96,87.53365451177899,1.0
22400727,1610612753,ORL,92.0583281469536,116,88,90,85.5236228029843,1.0
22400727,1610612758,SAC,85.5236228029843,90,80,116,92.0583281469536,0.0
22400728,1610612738,BOS,102.15454526481675,108,89,113,86.8204819707069,0.0
22400728,1610612742,DAL,86.8204819707069,113,88,108,102.15454526481675,1.0
22400729,1610612745,HOU,91.02669096007386,94,84,106,107.96868641093745,0.0
22400729,1610612750,MIN,107.96868641093745,106,94,94,91.02669096007386,1.0
22400730,1610612743,DEN,92.15913430093173,100,83,67,80.75269139891375,1.0
22400730,1610612753,ORL,80.75269139891375,67,84,100,92.15913430093173,0.0
22400731,1610612744,GSW,106.47328737319829,98,101,91,92.75708028546043,1.0
22400731,1610612747,LAL,92.75708028546043,91,78,98,106.47328737319829,0.0
22400732,1610612757,POR,96.45925599415902,94,90,84,95.59443078400028,1.0
22400732,1610612758,SAC,95.59443078400028,84,88,94,96.45925599415902,0.0
22400733,1610612746,LAC,98.14246356604609,99,88,99,106.84154550137485,0.5
22400733,1610612754,IND,106.84154550137485,99,95,99,98.14246356604609,0.5
22400734,1610612759,SAS,101.36904555899858,96,92,111,100.08875722652297,0.0
22400734,1610612766,CHA,100.08875722652297,111,101,96,101.36904555899858,1.0
22400735,1610612739,CLE,104.09974332377755,112,94,108,92.93146731478983,1.0
22400735,1610612764,WAS,92.93146731478983,108,94,112,104.09974332377755,0.0
22400736,1610612737,ATL,110.1318111118748,103,92,101,104.77132008300772,1.0
22400736,1610612749,MIL,104.77132008300772,101,96,103,110.1318111118748,0.0
22400737,1610612748,MIA,91.83634290312527,76,90,88,91.00937903297803,0.0
22400737,1610612751,BKN,91.00937903297803,88,93,76,91.83634290312527,1.0
22400738,1610612755,PHI,84.36098409248677,95,83,105,114.8260248724387,0.0
22400738,1610612765,DET,114.8260248724387,105,97,95,84.36098409248677,1.0
22400739,1610612760,OKC,95.15347797499113,95,84,97,95.11286626945288,0.0
22400739,1610612761,TOR,95.11286626945288,97,91,95,95.15347797499113,1.0
22400740,1610612756,PHX,114.81104452244988,116,104,109,128.32318307614707,1.0
22400740,1610612762,UTA,128.32318307614707,109,117,116,114.81104452244988,0.0
22400741,1610612742,DAL,88.50334618483322,90,83,88,105.80681515814167,1.0
22400741,1610612745,HOU,105.80681515814167,88,100,90,88.50334618483322,0.0
22400742,1610612747,LAL,97.88530637386023,103,88,86,95.97432965643615,1.0
22400742,1610612754,IND,95.97432965643615,86,87,103,97.88530637386023,0.0
22400743,1610612753,ORL,88.57342896621199,100,88,95,78.95131079467781,1.0
22400743,1610612759,SAS,78.95131079467781,95,77,100,88.57342896621199,0.0
22400744,1610612737,ATL,106.51421713782996,112,97,91,95.92992212215272,1.0
22400744,1610612764,WAS,95.92992212215272,91,93,112,106.51421713782996,0.0
22400745,1610612741,CHI,78.82081676781604,87,79,109,94.23573983119968,0.0
22400745,1610612744,GSW,94.23573983119968,109,90,87,78.82081676781604,1.0
22400746,1610612760,OKC,114.17332628248613,108,105,84,81.69692700945157,1.0
22400746,1610612763,MEM,81.69692700945157,84,81,108,114.17332628248613,0.0
22400747,1610612750,MIN,87.41519898210382,96,82,81,90.2105735251692,1.0
22400747,1610612757,POR,90.2105735251692,81,92,96,87.41519898210382,0.0
22400748,1610612738,BOS,98.50815521258632,111,85,79,87.69883158333607,1.0
22400748,1610612752,NYK,87.69883158333607,79,83,111,98.50815521258632,0.0
22400749,1610612743,DEN,99.33475559404975,106,92,93,105.80659310767473,1.0
22400749,1610612756,PHX,105.80659310767473,93,98,106,99.33475559404975,0.0
22400750,1610612740,NOP,98.43931991052187,100,90,97,107.2994779326602,1.0
22400750,1610612758,SAC,107.2994779326602,97,91,100,98.43931991052187,0.0
22400751,1610612746,LAC,103.87479818836552,113,88,95,85.38755422445846,1.0
22400751,1610612762,UTA,85.38755422445846,95,83,113,103.87479818836552,0.0
22400752,1610612765,DET,103.08947828178182,99,90,83,76.12669713651186,1.0
22400752,1610612766,CHA,76.12669713651186,83,78,99,103.08947828178182,0.0
22400753,1610612745,HOU,87.38115800663577,72,86,74,85.39007628722955,0.0
22400753,1610612761,TOR,85.39007628722955,74,90,72,87.38115800663577,1.0
22400754,1610612749,MIL,117.66051082773902,116,105,112,99.45394604841239,1.0
22400754,1610612755,PHI,99.45394604841239,112,89,116,117.66051082773902,0.0
22400755,1610612739,CLE,105.56497087270897,113,94,84,97.99149406259687,1.0
22400755,1610612750,MIN,97.99149406259687,84,90,113,105.56497087270897,0.0
22400756,1610612737,ATL,75.10137431097765,88,77,86,76.31108370981897,1.0
22400756,1610612753,ORL,76.31108370981897,86,78,88,75.10137431097765,0.0
22400757,1610612759,SAS,98.1515954301098,107,88,104,97.47894491660209,1.0
22400757,1610612764,WAS,97.47894491660209,104,93,107,98.1515954301098,0.0
22400758,1610612751,BKN,101.25583228663015,84,93,70,80.43320686692536,1.0
22400758,1610612766,CHA,80.43320686692536,70,78,84,101.25583228663015,0.0
22400759,1610612738,BOS,96.04481334820991,95,85,73,101.80029910756103,1.0
22400759,1610612748,MIA,101.80029910756103,73,92,95,96.04481334820991,0.0
22400760,1610612744,GSW,105.95853684201052,95,93,86,84.37326649372761,1.0
22400760,1610612749,MIL,84.37326649372761,86,76,95,105.95853684201052,0.0
22400761,1610612740,NOP,86.51268652752269,82,82,125,109.26420528222651,0.0
22400761,1610612760,OKC,109.26420528222651,125,95,82,86.51268652752269,1.0
22400762,1610612742,DAL,104.1320969432252,113,95,115,107.25481138772544,0.0
22400762,1610612758,SAC,107.25481138772544,115,96,113,104.1320969432252,1.0
22400763,1610612743,DEN,107.82752200878166,128,91,95,93.41702928936026,1.0
22400763,1610612757,POR,93.41702928936026,95,88,128,107.82752200878166,0.0
22400764,1610612755,PHI,100.2296187108931,83,91,87,86.29799611409037,0.0
22400764,1610612761,TOR,86.29799611409037,87,82,83,100.2296187108931,1.0
22400765,1610612752,NYK,97.65092350573319,108,91,95,98.32209206420862,1.0
22400765,1610612754,IND,98.32209206420862,95,89,108,97.65092350573319,0.0
22400766,1610612741,CHI,113.6193311267679,80,100,120,116.14850826513893,0.0
22400766,1610612765,DET,116.14850826513893,120,96,80,113.6193311267679,1.0
22400767,1610612756,PHX,101.29151498464753,94,92,98,108.49018771694591,0.0
22400767,1610612763,MEM,108.49018771694591,98,100,94,101.29151498464753,1.0
22400768,1610612747,LAL,103.02198297736068,115,92,90,91.53988439743421,1.0
22400768,1610612762,UTA,91.53988439743421,90,84,115,103.02198297736068,0.0
22400769,1610612738,BOS,97.86707103560589,102,91,93,99.62934020049525,1.0
22400769,1610612759,SAS,99.62934020049525,93,96,102,97.86707103560589,0.0
22400770,1610612753,ORL,86.42020332667714,88,90,72,71.33855207012249,1.0
22400770,1610612766,CHA,71.33855207012249,72,81,88,86.42020332667714,0.0
22400771,1610612754,IND,115.89984035939851,116,107,117,100.68109997007255,0.0
22400771,1610612764,WAS,100.68109997007255,117,97,116,115.89984035939851,1.0
22400772,1610612751,BKN,93.89574176042873,88,85,78,86.59940457238075,1.0
22400772,1610612755,PHI,86.59940457238075,78,81,88,93.89574176042873,0.0
22400773,1610612737,ATL,127.38747142658092,124,110,119,102.33681609223511,1.0
22400773,1610612752,NYK,102.33681609223511,119,94,124,127.38747142658092,0.0
22400774,1610612739,CLE,118.81658014311115,114,99,94,94.54209813940464,1.0
22400774,1610612761,TOR,94.54209813940464,94,91,114,118.81658014311115,0.0
22400775,1610612741,CHI,102.39080010398828,83,86,100,105.50857267808806,0.0
22400775,1610612765,DET,105.50857267808806,100,88,83,102.39080010398828,1.0
22400776,1610612749,MIL,88.9355159548096,90,88,88,115.56948511395018,1.0
22400776,1610612750,MIN,115.56948511395018,88,103,90,88.9355159548096,0.0
22400777,1610612740,NOP,106.49356603985807,96,94,98,94.69660843154784,0.0
22400777,1610612758,SAC,94.69660843154784,98,87,96,106.49356603985807,1.0
22400778,1610612748,MIA,85.36043871353314,83,79,101,94.68366008969859,0.0
22400778,1610612760,OKC,94.68366008969859,101,88,83,85.36043871353314,1.0
22400779,1610612745,HOU,112.12211877956385,105,97,102,97.58818339202527,1.0
22400779,1610612756,PHX,97.58818339202527,102,89,105,112.12211877956385,0.0
22400780,1610612743,DEN,99.94091995353463,113,96,100,97.93803017998991,1.0
22400780,1610612757,POR,97.93803017998991,100,94,113,99.94091995353463,0.0
22400781,1610612747,LAL,100.98168363366365,102,92,105,94.60784870086161,0.0
22400781,1610612762,UTA,94.60784870086161,105,86,102,100.98168363366365,1.0
22400782,1610612742,DAL,95.21019997922924,99,87,92,112.35285528800962,1.0
22400782,1610612744,GSW,112.35285528800962,92,96,99,95.21019997922924,0.0
22400783,1610612746,LAC,97.18656921938367,107,93,106,89.09261144300157,1.0
22400783,1610612763,MEM,89.09261144300157,106,89,107,97.18656921938367,0.0
22400784,1610612744,GSW,91.36457044327788,81,89,88,97.17873092127611,0.0
22400784,1610612745,HOU,97.17873092127611,88,93,81,91.36457044327788,1.0
22400785,1610612740,NOP,105.06075412731886,113,92,115,123.3981434563358,0.0
22400785,1610612758,SAC,123.3981434563358,115,112,113,105.06075412731886,1.0
22400786,1610612742,DAL,97.22180638401754,105,90,96,99.6953774233393,1.0
22400786,1610612748,MIA,99.6953774233393,96,91,105,97.22180638401754,0.0
22400787,1610612750,MIN,103.99308203458602,96,99,81,97.6438443122029,1.0
22400787,1610612760,OKC,97.6438443122029,81,88,96,103.99308203458602,0.0
22400788,1610612754,IND,94.4471905085969,109,91,94,99.86242398730931,1.0
22400788,1610612763,MEM,99.86242398730931,94,99,109,94.4471905085969,0.0
22400789,1610612738,BOS,107.13015826474539,110,89,88,101.93579693309547,1.0
22400789,1610612755,PHI,101.93579693309547,88,93,110,107.13015826474539,0.0
22400790,1610612737,ATL,110.50685701035705,89,100,88,95.79035113961359,1.0
22400790,1610612753,ORL,95.79035113961359,88,85,89,110.50685701035705,0.0
22400791,1610612739,CLE,109.12017535201242,91,94,86,99.8072358308312,1.0
22400791,1610612751,BKN,99.8072358308312,86,95,91,109.12017535201242,0.0
22400792,1610612741,CHI,113.33554937795567,101,103,106,115.47637273272586,0.0
22400792,1610612752,NYK,115.47637273272586,106,107,101,113.33554937795567,1.0
22400793,1610612746,LAC,97.70959874741065,94,88,93,90.702265704067,1.0
22400793,1610612749,MIL,90.702265704067,93,80,94,97.70959874741065,0.0
22400794,1610612743,DEN,107.981213578337,117,98,101,102.12301076640563,1.0
22400794,1610612766,CHA,102.12301076640563,101,99,117,107.981213578337,0.0
22400795,1610612756,PHX,96.7747215123341,92,81,103,105.00124363562635,0.0
22400795,1610612759,SAS,105.00124363562635,103,93,92,96.7747215123341,1.0
22400796,1610612747,LAL,92.7253513859106,87,82,88,99.95633754089117,0.0
22400796,1610612757,POR,99.95633754089117,88,86,87,92.7253513859106,1.0
22400797,1610612739,CLE,111.71486833053073,131,92,94,91.05722312369373,1.0
22400797,1610612752,NYK,91.05722312369373,94,89,131,111.71486833053073,0.0
22400798,1610612753,ORL,91.0898038737223,81,88,83,96.98862730797114,0.0
22400798,1610612763,MEM,96.98862730797114,83,92,81,91.0898038737223,1.0
22400799,1610612749,MIL,86.01175461444687,87,82,82,88.10661061260473,1.0
22400799,1610612764,WAS,88.10661061260473,82,87,87,86.01175461444687,0.0
22400800,1610612748,MIA,98.91991673519445,105,90,93,91.7711933817975,1.0
22400800,1610612761,TOR,91.7711933817975,93,91,105,98.91991673519445,0.0
22400801,1610612745,HOU,89.04217036066096,97,84,93,96.85954779152914,1.0
22400801,1610612750,MIN,96.85954779152914,93,92,97,89.04217036066096,0.0
22400802,1610612759,SAS,93.32845034338978,96,84,106,109.64654278471222,0.0
22400802,1610612765,DET,109.64654278471222,106,94,96,93.32845034338978,1.0
22400803,1610612740,NOP,98.93732911335402,84,92,90,92.99966591773823,0.0
22400803,1610612742,DAL,92.99966591773823,90,86,84,98.93732911335402,1.0
22400804,1610612760,OKC,110.41902747436271,111,97,97,90.65197223280909,1.0
22400804,1610612762,UTA,90.65197223280909,97,90,111,110.41902747436271,0.0
22400805,1610612744,GSW,99.78403218976925,120,93,91,85.04176860969156,1.0
22400805,1610612758,SAC,85.04176860969156,91,79,120,99.78403218976925,0.0
22400806,1610612741,CHI,100.59128331938733,100,98,96,92.8563358117653,1.0
22400806,1610612756,PHX,92.8563358117653,96,89,100,100.59128331938733,0.0
22400807,1610612751,BKN,93.44248869510646,89,81,82,94.22507303025138,1.0
22400807,1610612755,PHI,94.22507303025138,82,85,89,93.44248869510646,0.0
22400808,1610612743,DEN,93.41320439346171,84,85,102,95.24314907154728,0.0
22400808,1610612747,LAL,95.24314907154728,102,86,84,93.41320439346171,1.0
22400809,1610612745,HOU,104.07660089894904,105,100,111,102.46738046620553,0.0
22400809,1610612762,UTA,102.46738046620553,111,98,105,104.07660089894904,1.0
22400810,1610612757,POR,103.65407364797737,122,87,73,102.4086982474973,1.0
22400810,1610612766,CHA,102.4086982474973,73,98,122,103.65407364797737,0.0
22400811,1610612738,BOS,98.85220491009835,107,91,94,89.42273044483368,1.0
22400811,1610612752,NYK,89.42273044483368,94,92,107,98.85220491009835,0.0
22400812,1610612742,DAL,87.83256057287096,89,82,106,98.15746140271241,0.0
22400812,1610612744,GSW,98.15746140271241,106,98,89,87.83256057287096,1.0
22400813,1610612746,LAC,92.9395930109296,86,85,104,94.47364212471285,0.0
22400813,1610612754,IND,94.47364212471285,104,84,86,92.9395930109296,1.0
22400814,1610612737,ATL,107.9929990178343,117,96,130,106.58233286358917,0.0
22400814,1610612765,DET,106.58233286358917,130,93,117,107.9929990178343,1.0
22400815,1610612753,ORL,96.25898543254634,91,90,74,83.30566591934728,1.0
22400815,1610612764,WAS,83.30566591934728,74,78,91,96.25898543254634,0.0
22400816,1610612756,PHX,99.41109072730629,93,85,106,98.21833384710439,0.0
22400816,1610612761,TOR,98.21833384710439,106,88,93,99.41109072730629,1.0
22400817,1610612748,MIA,92.97616876555308,91,88,102,98.7066603564249,0.0
22400817,1610612749,MIL,98.7066603564249,102,86,91,92.97616876555308,1.0
22400818,1610612740,NOP,109.70707023260094,95,94,79,107.42800130449315,1.0
22400818,1610612759,SAS,107.42800130449315,79,97,95,109.70707023260094,0.0
22400819,1610612739,CLE,110.78001002586282,105,99,99,98.25818407518695,1.0
22400819,1610612763,MEM,98.25818407518695,99,92,105,110.78001002586282,0.0
22400820,1610612750,MIN,86.24605847177648,96,89,115,89.47309223281987,0.0
22400820,1610612760,OKC,89.47309223281987,115,86,96,86.24605847177648,1.0
22400821,1610612746,LAC,95.85971523536243,85,92,81,84.22775955203915,1.0
22400821,1610612765,DET,84.22775955203915,81,79,85,95.85971523536243,0.0
22400822,1610612743,DEN,103.49462964089987,114,94,94,95.68780458884162,1.0
22400822,1610612754,IND,95.68780458884162,94,85,114,103.49462964089987,0.0
22400823,1610612741,CHI,104.03059304633777,108,89,84,100.9261006007868,1.0
22400823,1610612755,PHI,100.9261006007868,84,95,108,104.03059304633777,0.0
22400824,1610612751,BKN,83.72976854675836,80,84,83,69.83174283712266,0.0
22400824,1610612764,WAS,69.83174283712266,83,70,80,83.72976854675836,1.0
22400825,1610612737,ATL,104.02824382682054,89,88,61,91.10494745015222,1.0
22400825,1610612748,MIA,91.10494745015222,61,84,89,104.02824382682054,0.0
22400826,1610612750,MIN,97.09172778062923,97,97,105,117.45757040771024,0.0
22400826,1610612760,OKC,117.45757040771024,105,106,97,97.09172778062923,1.0
22400827,1610612757,POR,106.30156823592257,96,98,96,98.34879218602919,0.5
22400827,1610612762,UTA,98.34879218602919,96,98,96,106.30156823592257,0.5
22400828,1610612758,SAC,94.0535172113084,114,87,70,86.69404475602386,1.0
22400828,1610612766,CHA,86.69404475602386,70,85,114,94.0535172113084,0.0
22400829,1610612738,BOS,101.72622751593201,103,93,89,88.84212748026643,1.0
22400829,1610612761,TOR,88.84212748026643,89,83,103,101.72622751593201,0.0
22400830,1610612739,CLE,90.65990096214664,109,80,71,90.21148527345842,1.0
22400830,1610612753,ORL,90.21148527345842,71,90,109,90.65990096214664,0.0
22400831,1610612745,HOU,95.96105232840063,86,91,80,89.9568798650054,1.0
22400831,1610612749,MIL,89.9568798650054,80,85,86,95.96105232840063,0.0
22400832,1610612756,PHX,104.44024940546966,127,99,124,107.50739469446852,1.0
22400832,1610612763,MEM,107.50739469446852,124,99,127,104.44024940546966,0.0
22400833,1610612740,NOP,108.19199945145833,89,94,89,104.9061443953396,0.5
22400833,1610612759,SAS,104.9061443953396,89,93,89,108.19199945145833,0.5
22400834,1610612744,GSW,106.41444377243323,113,100,77,83.72369512965898,1.0
22400834,1610612766,CHA,83.72369512965898,77,89,113,106.41444377243323,0.0
22400835,1610612742,DAL,103.90992405462417,87,98,89,98.19206490693722,0.0
22400835,1610612747,LAL,98.19206490693722,89,87,87,103.90992405462417,1.0
22400836,1610612738,BOS,84.10702227172617,87,80,107,89.3152884434859,0.0
22400836,1610612765,DET,89.3152884434859,107,89,87,84.10702227172617,1.0
22400837,1610612754,IND,91.9487050676296,101,81,80,96.14023126156063,1.0
22400837,1610612761,TOR,96.14023126156063,80,87,101,91.9487050676296,0.0
22400838,1610612752,NYK,85.05011930562912,87,77,89,91.29317919879003,0.0
22400838,1610612755,PHI,91.29317919879003,89,88,87,85.05011930562912,1.0
22400839,1610612757,POR,107.58070682823694,102,101,98,91.08211014061094,1.0
22400839,1610612764,WAS,91.08211014061094,98,83,102,107.58070682823694,0.0
22400840,1610612751,BKN,99.93876602588946,99,93,105,100.14083911495939,0.0
22400840,1610612760,OKC,100.14083911495939,105,90,99,99.93876602588946,1.0
22400841,1610612737,ATL,91.49202179595997,94,81,113,84.95756980121048,0.0
22400841,1610612748,MIA,84.95756980121048,113,76,94,91.49202179595997,1.0
22400842,1610612741,CHI,95.34722616142145,111,94,107,87.6808583531529,1.0
22400842,1610612746,LAC,87.6808583531529,107,85,111,95.34722616142145,0.0
22400843,1610612758,SAC,99.26537996768289,107,87,92,95.05864747733885,1.0
22400843,1610612762,UTA,95.05864747733885,92,84,107,99.26537996768289,0.0
22400844,1610612745,HOU,114.41498460995649,107,102,91,111.29042101018175,1.0
22400844,1610612759,SAS,111.29042101018175,91,100,107,114.41498460995649,0.0
22400845,1610612744,GSW,81.81260780452996,91,79,101,87.34987996361863,0.0
22400845,1610612753,ORL,87.34987996361863,101,89,91,81.81260780452996,1.0
22400846,1610612743,DEN,118.31817821076022,103,105,98,101.20516151531194,1.0
22400846,1610612749,MIL,101.20516151531194,98,90,103,118.31817821076022,0.0
22400847,1610612742,DAL,105.72843293779316,91,97,87,96.30697852720694,1.0
22400847,1610612766,CHA,96.30697852720694,87,98,91,105.72843293779316,0.0
22400848,1610612740,NOP,114.45002448841073,117,104,108,105.7638464381351,1.0
22400848,1610612756,PHX,105.7638464381351,108,94,117,114.45002448841073,0.0
22400849,1610612747,LAL,85.6095809956293,79,82,82,90.36662655693502,0.0
22400849,1610612750,MIN,90.36662655693502,82,84,79,85.6095809956293,1.0
22400850,1610612743,DEN,92.0977377880172,111,84,102,110.44403781742724,1.0
22400850,1610612765,DET,110.44403781742724,102,99,111,92.0977377880172,0.0
22400851,1610612737,ATL,98.74873176065711,101,88,125,120.18611785617546,0.0
22400851,1610612760,OKC,120.18611785617546,125,101,101,98.74873176065711,1.0
22400852,1610612738,BOS,87.21707311482692,103,89,107,92.73365286148739,0.0
22400852,1610612739,CLE,92.73365286148739,107,94,103,87.21707311482692,1.0
22400853,1610612751,BKN,93.71572290744365,79,87,105,85.73364525883154,0.0
22400853,1610612757,POR,85.73364525883154,105,78,79,93.71572290744365,1.0
22400854,1610612748,MIA,89.79365489758503,113,84,115,95.63161731366357,0.0
22400854,1610612754,IND,95.63161731366357,115,88,113,89.79365489758503,1.0
22400855,1610612741,CHI,122.27749593505885,103,101,99,112.85135876418929,1.0
22400855,1610612761,TOR,112.85135876418929,99,103,103,122.27749593505885,0.0
22400856,1610612752,NYK,103.36692891129236,101,95,92,102.98511756072449,1.0
22400856,1610612763,MEM,102.98511756072449,92,94,101,103.36692891129236,0.0
22400857,1610612740,NOP,94.4286913264095,99,87,115,92.87582771586398,0.0
22400857,1610612756,PHX,92.87582771586398,115,79,99,94.4286913264095,1.0
22400858,1610612750,MIN,108.84852804504968,108,101,108,98.4582124341148,0.5
22400858,1610612762,UTA,98.4582124341148,108,92,108,108.84852804504968,0.5
22400859,1610612746,LAC,90.17050485653823,87,87,89,81.85658119198844,0.0
22400859,1610612747,LAL,81.85658119198844,89,80,87,90.17050485653823,1.0
22400860,1610612764,WAS,97.1677189750212,97,88,96,105.84644842659651,1.0
22400860,1610612766,CHA,105.84644842659651,96,93,97,97.1677189750212,0.0
22400861,1610612751,BKN,97.97903790313994,64,95,90,84.79521917610127,0.0
22400861,1610612765,DET,84.79521917610127,90,72,64,97.97903790313994,1.0
22400862,1610612745,HOU,93.43888260752414,87,86,97,89.90642757458308,0.0
22400862,1610612758,SAC,89.90642757458308,97,87,87,93.43888260752414,1.0
22400863,1610612759,SAS,107.32558075877125,114,96,111,104.4849285359508,1.0
22400863,1610612763,MEM,104.4849285359508,111,95,114,107.32558075877125,0.0
22400864,1610612744,GSW,118.26331369095635,104,100,109,90.54649760202848,0.0
22400864,1610612755,PHI,90.54649760202848,109,85,104,118.26331369095635,1.0
22400865,1610612742,DAL,97.08536615670506,97,91,101,99.34960089316364,0.0
22400865,1610612749,MIL,99.34960089316364,101,87,97,97.08536615670506,1.0
22400866,1610612738,BOS,84.81413637405441,88,78,94,86.30294875657258,0.0
22400866,1610612743,DEN,86.30294875657258,94,86,88,84.81413637405441,1.0
22400867,1610612739,CLE,106.93549232594737,103,97,98,102.08776689052749,1.0
22400867,1610612757,POR,102.08776689052749,98,96,103,106.93549232594737,0.0
22400868,1610612741,CHI,100.02301286086346,98,88,115,97.74039451917042,0.0
22400868,1610612754,IND,97.74039451917042,115,87,98,100.02301286086346,1.0
22400869,1610612748,MIA,93.71183892971067,101,84,106,100.11293712354596,0.0
22400869,1610612752,NYK,100.11293712354596,106,95,101,93.71183892971067,1.0
22400870,1610612753,ORL,69.09015228988514,67,67,81,80.71444714953024,0.0
22400870,1610612761,TOR,80.71444714953024,81,80,67,69.09015228988514,1.0
22400871,1610612759,SAS,96.26897338905508,120,91,129,115.05378913858199,0.0
22400871,1610612760,OKC,115.05378913858199,129,101,120,96.26897338905508,1.0
22400872,1610612740,NOP,109.59165088340063,121,102,108,101.00331887541462,1.0
22400872,1610612762,UTA,101.00331887541462,108,96,121,109.59165088340063,0.0
22400873,1610612750,MIN,95.76617062805002,99,92,83,83.94149254600342,1.0
22400873,1610612756,PHX,83.94149254600342,83,80,99,95.76617062805002,0.0
22400874,1610612746,LAC,94.9622793384201,88,88,94,85.67572962453347,0.0
22400874,1610612747,LAL,85.67572962453347,94,77,88,94.9622793384201,1.0
22400875,1610612744,GSW,100.23732881569036,98,95,79,88.41061710488182,1.0
22400875,1610612766,CHA,88.41061710488182,79,86,98,100.23732881569036,0.0
22400876,1610612755,PHI,106.31912317393906,93,95,107,110.87666169979755,0.0
22400876,1610612757,POR,110.87666169979755,107,99,93,106.31912317393906,1.0
22400877,1610612748,MIA,92.42631457532498,91,82,72,89.0881636676108,1.0
22400877,1610612764,WAS,89.0881636676108,72,84,91,92.42631457532498,0.0
22400878,1610612737,ATL,106.3691958525003,123,96,107,101.0254336054157,1.0
22400878,1610612763,MEM,101.0254336054157,107,93,123,106.3691958525003,0.0
22400879,1610612745,HOU,96.43305447090685,114,101,113,100.49788104324372,1.0
22400879,1610612760,OKC,100.49788104324372,113,97,114,96.43305447090685,0.0
22400880,1610612742,DAL,86.56839968600656,77,77,110,92.58849240899708,0.0
22400880,1610612758,SAC,92.58849240899708,110,90,77,86.56839968600656,1.0
22400881,1610612762,UTA,87.51727783132266,80,82,113,104.50442555976205,0.0
22400881,1610612765,DET,104.50442555976205,113,92,80,87.51727783132266,1.0
22400882,1610612745,HOU,102.57700880184699,89,98,105,97.58219455268113,0.0
22400882,1610612754,IND,97.58219455268113,105,86,89,102.57700880184699,1.0
22400883,1610612753,ORL,85.13147068217664,95,83,88,82.25219294239969,1.0
22400883,1610612761,TOR,82.25219294239969,88,80,95,85.13147068217664,0.0
22400884,1610612737,ATL,113.96593607753782,108,101,109,115.85665452378862,0.0
22400884,1610612749,MIL,115.85665452378862,109,96,108,113.96593607753782,1.0
22400885,1610612744,GSW,101.09102050338355,99,88,90,100.15665316201962,1.0
22400885,1610612752,NYK,100.15665316201962,90,92,99,101.09102050338355,0.0
22400886,1610612739,CLE,110.8535289025632,109,98,105,124.44108976737402,1.0
22400886,1610612741,CHI,124.44108976737402,105,106,109,110.8535289025632,0.0
22400887,1610612750,MIN,93.99365350044475,110,81,93,91.82575973749093,1.0
22400887,1610612755,PHI,91.82575973749093,93,86,110,93.99365350044475,0.0
22400888,1610612751,BKN,93.53339606569673,95,86,122,108.87863172087935,0.0
22400888,1610612759,SAS,108.87863172087935,122,95,95,93.53339606569673,1.0
22400889,1610612746,LAC,91.83101517979485,94,83,96,87.3529147152105,0.0
22400889,1610612756,PHX,87.3529147152105,96,80,94,91.83101517979485,1.0
22400890,1610612740,NOP,101.67446750240167,101,93,115,102.95098962910795,0.0
22400890,1610612747,LAL,102.95098962910795,115,90,101,101.67446750240167,1.0
22400891,1610612738,BOS,101.85109186105747,113,97,106,89.35517773983078,1.0
22400891,1610612757,POR,89.35517773983078,106,90,113,101.85109186105747,0.0
22400892,1610612750,MIN,98.04074922472113,109,90,96,95.64622735175651,1.0
22400892,1610612766,CHA,95.64622735175651,96,95,109,98.04074922472113,0.0
22400893,1610612739,CLE,102.37680949654852,96,87,85,91.10697971419255,1.0
22400893,1610612748,MIA,91.10697971419255,85,83,96,102.37680949654852,0.0
22400894,1610612762,UTA,109.91358401823584,108,101,101,105.31834726574176,1.0
22400894,1610612764,WAS,105.31834726574176,101,95,108,109.91358401823584,0.0
22400895,1610612760,OKC,94.04520527420044,103,87,83,89.83835523755877,1.0
22400895,1610612763,MEM,89.83835523755877,83,91,103,94.04520527420044,0.0
22400896,1610612743,DEN,96.1653581360389,92,87,99,99.94608973925017,0.0
22400896,1610612758,SAC,99.94608973925017,99,96,92,96.1653581360389,1.0
22400897,1610612742,DAL,96.92469406452136,103,98,120,92.09175693003009,0.0
22400897,1610612749,MIL,92.09175693003009,120,89,103,96.92469406452136,1.0
22400898,1610612746,LAC,84.88495095569066,101,80,101,97.25882043784947,0.5
22400898,1610612765,DET,97.25882043784947,101,86,101,84.88495095569066,0.5
22400899,1610612737,ATL,104.53490533400536,110,94,102,100.83689361359129,1.0
22400899,1610612754,IND,100.83689361359129,102,91,110,104.53490533400536,0.0
22400900,1610612738,BOS,109.2758471645944,111,91,95,95.44198449935723,1.0
22400900,1610612755,PHI,95.44198449935723,95,95,111,109.2758471645944,0.0
22400901,1610612744,GSW,90.96180804920051,92,82,103,91.44912433570698,0.0
22400901,1610612751,BKN,91.44912433570698,103,87,92,90.96180804920051,1.0
22400902,1610612740,NOP,89.0122375515954,71,83,101,97.15846202527051,0.0
22400902,1610612745,HOU,97.15846202527051,101,81,71,89.0122375515954,1.0
22400903,1610612747,LAL,95.34787828759056,90,89,84,97.02279242015531,1.0
22400903,1610612752,NYK,97.02279242015531,84,94,90,95.34787828759056,0.0
22400904,1610612739,CLE,86.5835591577044,75,76,101,91.02736689898084,0.0
22400904,1610612766,CHA,91.02736689898084,101,92,75,86.5835591577044,1.0
22400905,1610612761,TOR,114.21068747759651,94,104,86,97.26841704533423,1.0
22400905,1610612762,UTA,97.26841704533423,86,84,94,114.21068747759651,0.0
22400906,1610612742,DAL,94.61572319982642,89,96,108,99.72299717792396,0.0
22400906,1610612763,MEM,99.72299717792396,108,106,89,94.61572319982642,1.0
22400907,1610612748,MIA,97.45518112289082,96,89,98,90.6035561718065,0.0
22400907,1610612750,MIN,90.6035561718065,98,81,96,97.45518112289082,1.0
22400908,1610612757,POR,93.92667963721787,74,95,92,96.84462543535665,0.0
22400908,1610612760,OKC,96.84462543535665,92,84,74,93.92667963721787,1.0
22400909,1610612743,DEN,111.37817243614155,135,97,118,103.96640427987167,1.0
22400909,1610612756,PHX,103.96640427987167,118,91,135,111.37817243614155,0.0
22400910,1610612758,SAC,97.64083839507454,115,96,96,92.75527601536956,1.0
22400910,1610612759,SAS,92.75527601536956,96,87,115,97.64083839507454,0.0
22400911,1610612746,LAC,94.82219061209157,89,88,79,89.05944975224948,1.0
22400911,1610612752,NYK,89.05944975224948,79,91,89,94.82219061209157,0.0
22400912,1610612751,BKN,85.56527340079349,90,82,91,104.84879618088829,0.0
22400912,1610612766,CHA,104.84879618088829,91,98,90,85.56527340079349,1.0
22400913,1610612740,NOP,91.01217670583296,108,99,127,106.17281154364781,0.0
22400913,1610612745,HOU,106.17281154364781,127,99,108,91.01217670583296,1.0
22400914,1610612737,ATL,104.39987356761294,100,97,92,109.18156941968623,1.0
22400914,1610612754,IND,109.18156941968623,92,94,100,104.39987356761294,0.0
22400915,1610612761,TOR,99.75233665391987,90,95,101,114.70336818717195,0.0
22400915,1610612764,WAS,114.70336818717195,101,100,90,99.75233665391987,1.0
22400916,1610612741,CHI,103.4623313890307,91,88,95,102.02106173472552,0.0
22400916,1610612748,MIA,102.02106173472552,95,97,91,103.4623313890307,1.0
22400917,1610612749,MIL,85.19918948970624,93,75,96,82.74290663007262,0.0
22400917,1610612753,ORL,82.74290663007262,96,82,93,85.19918948970624,1.0
22400918,1610612738,BOS,92.65580225200794,93,84,92,91.02295135525682,1.0
22400918,1610612747,LAL,91.02295135525682,92,87,93,92.65580225200794,0.0
22400919,1610612744,GSW,87.46888014323073,82,84,83,88.40144850995017,0.0
22400919,1610612765,DET,88.40144850995017,83,85,82,87.46888014323073,1.0
22400920,1610612743,DEN,100.8744693483694,92,97,105,104.21625264512564,0.0
22400920,1610612760,OKC,104.21625264512564,105,94,92,100.8744693483694,1.0
22400921,1610612742,DAL,99.67296052252405,103,88,108,98.21443643267534,0.0
22400921,1610612756,PHX,98.21443643267534,108,84,103,99.67296052252405,1.0
22400922,1610612739,CLE,96.95417603150761,97,88,87,97.02506564112842,1.0
22400922,1610612749,MIL,97.02506564112842,87,91,97,96.95417603150761,0.0
22400923,1610612740,NOP,86.70859938471872,83,85,95,111.08297859912523,0.0
22400923,1610612763,MEM,111.08297859912523,95,99,83,86.70859938471872,1.0
22400924,1610612755,PHI,112.70958740837642,102,96,96,107.25522357241718,1.0
22400924,1610612762,UTA,107.25522357241718,96,93,102,112.70958740837642,0.0
22400925,1610612750,MIN,107.26045125412426,127,95,105,91.71526415489872,1.0
22400925,1610612759,SAS,91.71526415489872,105,85,127,107.26045125412426,0.0
22400926,1610612757,POR,98.78599215932321,87,93,95,96.34850028516168,0.0
22400926,1610612765,DET,96.34850028516168,95,87,87,98.78599215932321,1.0
22400927,1610612746,LAC,90.4539115291031,96,81,89,88.0277615483807,1.0
22400927,1610612758,SAC,88.0277615483807,89,87,96,90.4539115291031,0.0
22400928,1610612737,ATL,103.3007937160548,121,98,108,91.1683596386495,1.0
22400928,1610612755,PHI,91.1683596386495,108,91,121,103.3007937160548,0.0
22400929,1610612738,BOS,104.24996316935588,98,93,99,96.55501660847939,0.0
22400929,1610612762,UTA,96.55501660847939,99,95,98,104.24996316935588,1.0
22400930,1610612747,LAL,90.38343787987016,93,85,92,100.35085970204729,1.0
22400930,1610612751,BKN,100.35085970204729,92,90,93,90.38343787987016,0.0
22400931,1610612748,MIA,95.0115552067272,88,85,83,93.87212983418742,1.0
22400931,1610612766,CHA,93.87212983418742,83,86,88,95.0115552067272,0.0
22400932,1610612761,TOR,113.17911779787279,102,109,92,113.60036600424776,1.0
22400932,1610612764,WAS,113.60036600424776,92,105,102,113.17911779787279,0.0
22400933,1610612741,CHI,111.92318713868649,110,98,90,108.28556573032837,1.0
22400933,1610612754,IND,108.28556573032837,90,101,110,111.92318713868649,0.0
22400934,1610612745,HOU,91.32401733147138,86,89,64,87.28371946493273,1.0
22400934,1610612753,ORL,87.28371946493273,64,86,86,91.32401733147138,0.0
22400935,1610612756,PHX,103.43064678623449,102,90,97,96.51341177461764,1.0
22400935,1610612763,MEM,96.51341177461764,97,86,102,103.43064678623449,0.0
22400936,1610612743,DEN,89.75511451983355,122,86,113,104.3088875337233,1.0
22400936,1610612760,OKC,104.3088875337233,113,100,122,89.75511451983355,0.0
22400937,1610612742,DAL,94.43327945191315,106,88,115,105.26419491125824,0.0
22400937,1610612759,SAS,105.26419491125824,115,94,106,94.43327945191315,1.0
22400938,1610612744,GSW,92.82710023515709,111,85,106,94.41099487625709,1.0
22400938,1610612757,POR,94.41099487625709,106,91,111,92.82710023515709,0.0
22400939,1610612752,NYK,88.85081863922731,112,84,82,89.32959982574415,1.0
22400939,1610612758,SAC,89.32959982574415,82,86,112,88.85081863922731,0.0
22400940,1610612739,CLE,104.26696330120853,88,89,94,87.89778865499281,0.0
22400940,1610612751,BKN,87.89778865499281,94,84,88,104.26696330120853,1.0
22400941,1610612764,WAS,95.15556582142514,87,92,112,109.9107500838351,0.0
22400941,1610612765,DET,109.9107500838351,112,104,87,95.15556582142514,1.0
22400942,1610612749,MIL,98.64268527626157,100,84,101,102.21247389430722,0.0
22400942,1610612754,IND,102.21247389430722,101,87,100,98.64268527626157,1.0
22400943,1610612740,NOP,91.25006853757239,111,85,106,104.00134786391253,1.0
22400943,1610612746,LAC,104.00134786391253,106,92,111,91.25006853757239,0.0
22400944,1610612741,CHI,93.21904546093701,101,86,89,96.08762725933836,1.0
22400944,1610612753,ORL,96.08762725933836,89,87,101,93.21904546093701,0.0
22400945,1610612737,ATL,89.52744050456919,88,88,94,88.02443527420887,0.0
22400945,1610612766,CHA,88.02443527420887,94,88,88,89.52744050456919,1.0
22400946,1610612738,BOS,98.78349630072518,102,94,93,80.62200218784017,1.0
22400946,1610612760,OKC,80.62200218784017,93,82,102,98.78349630072518,0.0
22400947,1610612755,PHI,108.60173945230552,89,96,104,107.53746742566763,0.0
22400947,1610612761,TOR,107.53746742566763,104,100,89,108.60173945230552,1.0
22400948,1610612746,LAC,86.32225156313754,103,76,94,95.0884935096654,1.0
22400948,1610612748,MIA,95.0884935096654,94,84,103,86.32225156313754,0.0
22400949,1610612745,HOU,98.53824610160643,92,88,88,81.0276310116627,1.0
22400949,1610612756,PHX,81.0276310116627,88,73,92,98.53824610160643,0.0
22400950,1610612762,UTA,96.25107063858877,96,90,106,107.97004319083709,0.0
22400950,1610612763,MEM,107.97004319083709,106,94,96,96.25107063858877,1.0
22400951,1610612742,DAL,93.56336480823366,103,81,111,110.82768339314035,0.0
22400951,1610612759,SAS,110.82768339314035,111,94,103,93.56336480823366,1.0
22400952,1610612743,DEN,94.99827973410265,79,89,103,98.8832313017989,0.0
22400952,1610612750,MIN,98.8832313017989,103,90,79,94.99827973410265,1.0
22400953,1610612752,NYK,91.7388313064806,100,94,97,89.06031126505567,1.0
22400953,1610612757,POR,89.06031126505567,97,90,100,91.7388313064806,0.0
22400954,1610612764,WAS,90.24033894988216,106,90,88,93.81275977477175,1.0
22400954,1610612765,DET,93.81275977477175,88,85,106,90.24033894988216,0.0
22400955,1610612747,LAL,93.02013504469002,91,87,99,100.7942316306213,0.0
22400955,1610612749,MIL,100.7942316306213,99,86,91,93.02013504469002,1.0
22400956,1610612741,CHI,89.41557822798306,93,90,97,95.40986000754286,0.0
22400956,1610612751,BKN,95.40986000754286,97,96,93,89.41557822798306,1.0
22400957,1610612744,GSW,88.47332479048761,112,78,88,85.83322968531114,1.0
22400957,1610612758,SAC,85.83322968531114,88,79,112,88.47332479048761,0.0
22400958,1610612738,BOS,89.76589370551592,91,83,81,82.8642481734154,1.0
22400958,1610612748,MIA,82.8642481734154,81,75,91,89.76589370551592,0.0
22400959,1610612754,IND,105.16064686693107,98,89,85,88.62873607410981,1.0
22400959,1610612755,PHI,88.62873607410981,85,82,98,105.16064686693107,0.0
22400960,1610612737,ATL,99.13708345362011,83,88,106,101.64885559305014,0.0
22400960,1610612746,LAC,101.64885559305014,106,86,83,99.13708345362011,1.0
22400961,1610612742,DAL,98.57244931761474,86,94,123,111.4032672772911,0.0
22400961,1610612745,HOU,111.4032672772911,123,105,86,98.57244931761474,1.0
22400962,1610612739,CLE,102.2196641932779,107,88,107,104.83309470540418,0.5
22400962,1610612763,MEM,104.83309470540418,107,97,107,102.2196641932779,0.5
22400963,1610612750,MIN,87.7338560050788,98,80,92,84.72517885769493,1.0
22400963,1610612753,ORL,84.72517885769493,92,89,98,87.7338560050788,0.0
22400964,1610612759,SAS,101.39104150643463,117,95,128,86.74511328738194,0.0
22400964,1610612766,CHA,86.74511328738194,128,85,117,101.39104150643463,1.0
22400965,1610612743,DEN,101.79761852693136,101,85,113,121.77320571339682,0.0
22400965,1610612747,LAL,121.77320571339682,113,105,101,101.79761852693136,1.0
22400966,1610612761,TOR,93.84802450973112,100,91,94,87.83689591753154,1.0
22400966,1610612762,UTA,87.83689591753154,94,89,100,93.84802450973112,0.0
22400967,1610612756,PHX,90.97942682772316,106,79,88,84.35942416902283,1.0
22400967,1610612758,SAC,84.35942416902283,88,81,106,90.97942682772316,0.0
22400968,1610612738,BOS,94.83316861066207,101,84,104,93.81745809877586,0.0
22400968,1610612751,BKN,93.81745809877586,104,90,101,94.83316861066207,1.0
22400969,1610612760,OKC,90.78138968967784,96,89,98,91.03994695628506,0.0
22400969,1610612765,DET,91.03994695628506,98,88,96,90.78138968967784,1.0
22400970,1610612741,CHI,103.15125429646703,100,93,102,104.60615153015613,0.0
22400970,1610612745,HOU,104.60615153015613,102,98,100,103.15125429646703,1.0
22400971,1610612748,MIA,94.6531865666251,79,88,114,101.50886223206449,0.0
22400971,1610612763,MEM,101.50886223206449,114,92,79,94.6531865666251,1.0
22400972,1610612749,MIL,89.43670021915301,101,79,109,106.88899402807279,0.0
22400972,1610612754,IND,106.88899402807279,109,96,101,89.43670021915301,1.0
22400973,1610612740,NOP,103.53273322519155,104,92,94,96.51792647753248,1.0
22400973,1610612759,SAS,96.51792647753248,94,84,104,103.53273322519155,0.0
22400974,1610612744,GSW,85.58175122581828,79,83,83,82.6161759746603,0.0
22400974,1610612752,NYK,82.6161759746603,83,86,79,85.58175122581828,1.0
22400975,1610612743,DEN,101.31638387890119,108,95,111,100.33356716523743,0.0
22400975,1610612764,WAS,100.33356716523743,111,95,108,101.31638387890119,1.0
22400976,1610612742,DAL,98.94017901874199,102,87,110,100.43974914663912,0.0
22400976,1610612755,PHI,100.43974914663912,110,92,102,98.94017901874199,1.0
22400977,1610612747,LAL,95.1786251410055,84,81,79,103.92448188241269,1.0
22400977,1610612756,PHX,103.92448188241269,79,89,84,95.1786251410055,0.0
22400978,1610612737,ATL,96.29751328923497,95,90,103,94.63719915989664,0.0
22400978,1610612751,BKN,94.63719915989664,103,90,95,96.29751328923497,1.0
22400979,1610612739,CLE,106.78511629058374,90,96,81,82.91735537369526,1.0
22400979,1610612753,ORL,82.91735537369526,81,81,90,106.78511629058374,0.0
22400980,1610612757,POR,91.51692022626803,90,88,86,95.58182164660084,1.0
22400980,1610612761,TOR,95.58182164660084,86,94,90,91.51692022626803,0.0
22400981,1610612750,MIN,112.67035002726932,110,97,90,92.80962050483221,1.0
22400981,1610612762,UTA,92.80962050483221,90,90,110,112.67035002726932,0.0
22400982,1610612749,MIL,86.95139169193533,79,83,102,98.28439321590015,0.0
22400982,1610612760,OKC,98.28439321590015,102,89,79,86.95139169193533,1.0
22400983,1610612746,LAC,98.8293159623274,93,88,75,95.38711675249854,1.0
22400983,1610612764,WAS,95.38711675249854,75,94,93,98.8293159623274,0.0
22400984,1610612748,MIA,92.22443241624462,84,82,110,107.28233708963042,0.0
22400984,1610612752,NYK,107.28233708963042,110,95,84,92.22443241624462,1.0
22400985,1610612745,HOU,122.15793951199453,124,107,120,98.40102758329024,1.0
22400985,1610612755,PHI,98.40102758329024,120,95,124,122.15793951199453,0.0
22400986,1610612750,MIN,108.5889215419678,101,97,113,108.75799904462221,0.0
22400986,1610612754,IND,108.75799904462221,113,97,101,108.5889215419678,1.0
22400987,1610612740,NOP,93.06132106201122,61,86,105,101.74362008001599,0.0
22400987,1610612765,DET,101.74362008001599,105,84,61,93.06132106201122,1.0
22400988,1610612753,ORL,97.57030647189784,104,90,93,92.03971052550835,1.0
22400988,1610612759,SAS,92.03971052550835,93,81,104,97.57030647189784,0.0
22400989,1610612741,CHI,108.09573050435296,98,97,79,89.75947202457054,1.0
22400989,1610612762,UTA,89.75947202457054,79,86,98,108.09573050435296,0.0
22400990,1610612743,DEN,100.80208498695944,100,92,90,92.11638621312669,1.0
22400990,1610612744,GSW,92.11638621312669,90,84,100,100.80208498695944,0.0
22400991,1610612756,PHX,100.91798730411118,114,92,72,88.77156082992559,1.0
22400991,1610612761,TOR,88.77156082992559,72,87,114,100.91798730411118,0.0
22400992,1610612758,SAC,93.4383091835131,112,88,101,91.72854252529388,1.0
22400992,1610612763,MEM,91.72854252529388,101,90,112,93.4383091835131,0.0
22400993,1610612737,ATL,96.30592643154179,122,93,86,85.21856680266865,1.0
22400993,1610612766,CHA,85.21856680266865,86,84,122,96.30592643154179,0.0
22400994,1610612738,BOS,85.45093129921914,86,79,85,90.75915884560878,1.0
22400994,1610612751,BKN,90.75915884560878,85,88,86,85.45093129921914,0.0
22400995,1610612757,POR,107.5960547411654,99,99,88,92.97098274895815,1.0
22400995,1610612764,WAS,92.97098274895815,88,92,99,107.5960547411654,0.0
22400996,1610612747,LAL,87.80513443606102,79,82,91,89.20234052884443,0.0
22400996,1610612749,MIL,89.20234052884443,91,84,79,87.80513443606102,1.0
22400997,1610612739,CLE,99.73629824899744,102,90,108,88.25243030346567,0.0
22400997,1610612746,LAC,88.25243030346567,108,84,102,99.73629824899744,1.0
22400998,1610612742,DAL,95.23767330083115,107,88,106,94.2737635277259,1.0
22400998,1610612754,IND,94.2737635277259,106,82,107,95.23767330083115,0.0
22400999,1610612745,HOU,85.8254860522876,87,81,91,95.91837843110551,0.0
22400999,1610612753,ORL,95.91837843110551,91,92,87,85.8254860522876,1.0
22401000,1610612748,MIA,99.86616434636032,98,90,101,115.012569185743,0.0
22401000,1610612765,DET,115.012569185743,101,91,98,99.86616434636032,1.0
22401001,1610612740,NOP,95.62309838641916,107,89,86,82.92234977831976,1.0
22401001,1610612750,MIN,82.92234977831976,86,77,107,95.62309838641916,0.0
22401002,1610612755,PHI,100.19902097077356,88,95,118,107.32731988640495,0.0
22401002,1610612760,OKC,107.32731988640495,118,90,88,100.19902097077356,1.0
22401003,1610612752,NYK,103.10427444308705,89,92,106,99.1226587375525,0.0
22401003,1610612759,SAS,99.1226587375525,106,90,89,103.10427444308705,1.0
22401004,1610612746,LAC,103.151765795094,92,94,94,80.93153200404123,0.0
22401004,1610612762,UTA,80.93153200404123,94,78,92,103.151765795094,1.0
22401005,1610612744,GSW,91.78577717406462,95,90,99,76.9418701236328,0.0
22401005,1610612761,TOR,76.9418701236328,99,78,95,91.78577717406462,1.0
22401006,1610612743,DEN,96.90092432182146,95,87,100,89.102360469907,0.0
22401006,1610612747,LAL,89.102360469907,100,83,95,96.90092432182146,1.0
22401007,1610612741,CHI,89.2500742796645,113,90,109,104.55528143421586,1.0
22401007,1610612756,PHX,104.55528143421586,109,96,113,89.2500742796645,0.0
22401008,1610612757,POR,96.51468031588863,98,96,82,93.23997199116909,1.0
22401008,1610612763,MEM,93.23997199116909,82,92,98,96.51468031588863,0.0
22401009,1610612739,CLE,91.0416898613856,105,84,108,97.8238807432863,0.0
22401009,1610612758,SAC,97.8238807432863,108,91,105,91.0416898613856,1.0
22401010,1610612752,NYK,98.6360449586546,82,90,101,90.64814743733832,0.0
22401010,1610612766,CHA,90.64814743733832,101,88,82,98.6360449586546,1.0
22401011,1610612751,BKN,103.26565856904735,86,101,78,88.8239506033627,1.0
22401011,1610612754,IND,88.8239506033627,78,81,86,103.26565856904735,0.0
22401012,1610612744,GSW,80.90461368645515,81,77,74,81.76962996944455,1.0
22401012,1610612749,MIL,81.76962996944455,74,79,81,80.90461368645515,0.0
22401013,1610612741,CHI,103.855051698051,105,86,97,98.3038545616225,1.0
22401013,1610612758,SAC,98.3038545616225,97,86,105,103.855051698051,0.0
22401014,1610612753,ORL,96.08314192646073,109,96,91,83.65360645135257,1.0
22401014,1610612764,WAS,83.65360645135257,91,87,109,96.08314192646073,0.0
22401015,1610612745,HOU,87.34820882954392,92,84,86,77.08790850708382,1.0
22401015,1610612748,MIA,77.08790850708382,86,73,92,87.34820882954392,0.0
22401016,1610612740,NOP,72.69332626414999,79,68,115,102.20558451606871,0.0
22401016,1610612750,MIN,102.20558451606871,115,89,79,72.69332626414999,1.0
22401017,1610612760,OKC,107.86829216784585,129,94,93,79.17004923515209,1.0
22401017,1610612766,CHA,79.17004923515209,93,80,129,107.86829216784585,0.0
22401018,1610612755,PHI,92.37505533027287,106,81,113,106.28759083696393,0.0
22401018,1610612759,SAS,106.28759083696393,113,89,106,92.37505533027287,1.0
22401019,1610612742,DAL,84.47755222564437,96,80,103,107.32935485888633,0.0
22401019,1610612765,DET,107.32935485888633,103,98,96,84.47755222564437,1.0
22401020,1610612738,BOS,105.911677364007,107,97,90,85.34246641998512,1.0
22401020,1610612762,UTA,85.34246641998512,90,84,107,105.911677364007,0.0
22401021,1610612739,CLE,99.08147265898917,101,94,115,96.13089283380745,0.0
22401021,1610612756,PHX,96.13089283380745,115,92,101,99.08147265898917,1.0
22401022,1610612743,DEN,81.9942280830571,85,76,108,90.51302870404888,0.0
22401022,1610612757,POR,90.51302870404888,108,87,85,81.9942280830571,1.0
22401023,1610612746,LAC,85.08619828450752,107,78,99,101.38821173630994,1.0
22401023,1610612763,MEM,101.38821173630994,99,95,107,85.08619828450752,0.0
22401024,1610612751,BKN,93.47707345093232,93,90,91,92.34505529538164,1.0
22401024,1610612754,IND,92.34505529538164,91,84,93,93.47707345093232,0.0
22401025,1610612737,ATL,97.45317938275574,113,86,94,98.90159216983561,1.0
22401025,1610612744,GSW,98.90159216983561,94,84,113,97.45317938275574,0.0
22401026,1610612752,NYK,106.79276562956171,101,91,89,99.5297592922688,1.0
22401026,1610612764,WAS,99.5297592922688,89,88,101,106.79276562956171,0.0
22401027,1610612749,MIL,90.71646708537462,101,84,91,92.16670263234577,1.0
22401027,1610612758,SAC,92.16670263234577,91,91,101,90.71646708537462,0.0
22401028,1610612741,CHI,104.94135558543658,131,96,99,92.69668186905508,1.0
22401028,1610612747,LAL,92.69668186905508,99,85,131,104.94135558543658,0.0
22401029,1610612740,NOP,89.04760322590064,118,85,107,94.11388986591973,1.0
22401029,1610612765,DET,94.11388986591973,107,86,118,89.04760322590064,0.0
22401030,1610612739,CLE,106.19882679961803,99,96,80,90.04860880977606,1.0
22401030,1610612762,UTA,90.04860880977606,80,89,99,106.19882679961803,0.0
22401031,1610612737,ATL,103.74641845489128,113,87,91,104.06294397259504,1.0
22401031,1610612755,PHI,104.06294397259504,91,91,113,103.74641845489128,0.0
22401032,1610612748,MIA,88.25800523784763,106,82,93,89.46546851817462,1.0
22401032,1610612766,CHA,89.46546851817462,93,87,106,88.25800523784763,0.0
22401033,1610612759,SAS,97.90446339564426,96,86,80,101.81136647736892,1.0
22401033,1610612761,TOR,101.81136647736892,80,92,96,97.90446339564426,0.0
22401034,1610612738,BOS,96.13519357224786,119,88,105,90.43918291891917,1.0
22401034,1610612757,POR,90.43918291891917,105,88,119,96.13519357224786,0.0
22401035,1610612743,DEN,95.72759279121134,98,87,89,101.5745871734494,1.0
22401035,1610612745,HOU,101.5745871734494,89,89,98,95.72759279121134,0.0
22401036,1610612746,LAC,82.46884321515147,78,82,86,99.09248248713969,0.0
22401036,1610612760,OKC,99.09248248713969,86,92,78,82.46884321515147,1.0
22401037,1610612750,MIN,99.02797909828716,97,91,105,97.0823726883915,0.0
22401037,1610612754,IND,97.0823726883915,105,94,97,99.02797909828716,1.0
22401038,1610612747,LAL,81.30552889085082,84,80,99,87.1348085157997,0.0
22401038,1610612753,ORL,87.1348085157997,99,85,84,81.30552889085082,1.0
22401039,1610612761,TOR,103.44569555917788,92,101,81,89.29020411907933,1.0
22401039,1610612764,WAS,89.29020411907933,81,87,92,103.44569555917788,0.0
22401040,1610612742,DAL,94.00489576778071,108,87,91,86.28740733852635,1.0
22401040,1610612751,BKN,86.28740733852635,91,78,108,94.00489576778071,0.0
22401041,1610612740,NOP,102.6854668607416,101,87,82,89.7792073110061,1.0
22401041,1610612755,PHI,89.7792073110061,82,87,101,102.6854668607416,0.0
22401042,1610612741,CHI,97.92248041768438,107,91,103,107.12162524757218,1.0
22401042,1610612743,DEN,107.12162524757218,103,97,107,97.92248041768438,0.0
22401043,1610612749,MIL,90.36375140351223,86,83,92,86.83871561368075,0.0
22401043,1610612756,PHX,86.83871561368075,92,82,86,90.36375140351223,1.0
22401044,1610612738,BOS,95.92432019827362,101,90,86,86.34559153549498,1.0
22401044,1610612758,SAC,86.34559153549498,86,86,101,95.92432019827362,0.0
22401045,1610612753,ORL,95.16183969651995,95,90,88,92.1986551754599,1.0
22401045,1610612766,CHA,92.1986551754599,88,88,95,95.16183969651995,0.0
22401046,1610612759,SAS,96.64495162232191,80,91,103,85.13616173521578,0.0
22401046,1610612765,DET,85.13616173521578,103,78,80,96.64495162232191,1.0
22401047,1610612744,GSW,90.86819872690515,75,83,103,84.98494184462113,0.0
22401047,1610612748,MIA,84.98494184462113,103,77,75,90.86819872690515,1.0
22401048,1610612742,DAL,86.05368718037329,92,80,116,106.43655009133843,0.0
22401048,1610612752,NYK,106.43655009133843,116,89,92,86.05368718037329,1.0
22401049,1610612737,ATL,112.8823413714216,101,103,95,97.46348250566383,1.0
22401049,1610612745,HOU,97.46348250566383,95,93,101,112.8823413714216,0.0
22401050,1610612762,UTA,77.64503471975517,85,78,124,109.76243796104661,0.0
22401050,1610612763,MEM,109.76243796104661,124,98,85,77.64503471975517,1.0
22401051,1610612739,CLE,97.49323455909938,108,88,97,101.2542652977714,1.0
22401051,1610612757,POR,101.2542652977714,97,100,108,97.49323455909938,0.0
22401052,1610612758,SAC,92.96620402376062,97,91,105,87.76583670221464,0.0
22401052,1610612760,OKC,87.76583670221464,105,82,97,92.96620402376062,1.0
22401053,1610612755,PHI,110.43084815967066,98,98,114,111.75363364126429,0.0
22401053,1610612764,WAS,111.75363364126429,114,95,98,110.43084815967066,1.0
22401054,1610612751,BKN,91.0209752428195,70,87,96,111.4957829413856,0.0
22401054,1610612761,TOR,111.4957829413856,96,102,70,91.0209752428195,1.0
22401055,1610612747,LAL,88.70806080508522,99,79,103,94.9390435372535,0.0
22401055,1610612754,IND,94.9390435372535,103,87,99,88.70806080508522,1.0
22401056,1610612746,LAC,96.16761449977498,106,88,97,96.38046006397029,1.0
22401056,1610612752,NYK,96.38046006397029,97,84,106,96.16761449977498,0.0
22401057,1610612743,DEN,97.0158534133798,114,90,108,86.88665207904006,1.0
22401057,1610612749,MIL,86.88665207904006,108,89,114,97.0158534133798,0.0
22401058,1610612738,BOS,98.72581223312828,112,89,85,93.19586798943706,1.0
22401058,1610612756,PHX,93.19586798943706,85,87,112,98.72581223312828,0.0
22401059,1610612739,CLE,112.7537425689966,109,99,100,114.78043686730912,1.0
22401059,1610612759,SAS,114.78043686730912,100,106,109,112.7537425689966,0.0
22401060,1610612742,DAL,79.05585106524296,85,78,73,79.05444381812714,1.0
22401060,1610612753,ORL,79.05444381812714,73,80,85,79.05585106524296,0.0
22401061,1610612754,IND,107.64783935955333,145,92,87,90.97826738038225,1.0
22401061,1610612764,WAS,90.97826738038225,87,85,145,107.64783935955333,0.0
22401062,1610612737,ATL,92.36818733358237,104,83,106,90.02727728653997,0.0
22401062,1610612748,MIA,90.02727728653997,106,82,104,92.36818733358237,1.0
22401063,1610612741,CHI,100.23020107055711,105,92,102,104.57888077960868,1.0
22401063,1610612747,LAL,104.57888077960868,102,91,105,100.23020107055711,0.0
22401064,1610612760,OKC,97.99313961139457,101,90,82,83.95410003993055,1.0
22401064,1610612763,MEM,83.95410003993055,82,79,101,97.99313961139457,0.0
22401065,1610612745,HOU,105.41859353839438,106,102,97,75.59398287125478,1.0
22401065,1610612762,UTA,75.59398287125478,97,79,106,105.41859353839438,0.0
22401066,1610612757,POR,95.96016783165543,86,88,106,81.98366760832398,0.0
22401066,1610612758,SAC,81.98366760832398,106,74,86,95.96016783165543,1.0
22401067,1610612739,CLE,87.79818544126773,93,84,103,97.45973628684564,0.0
22401067,1610612765,DET,97.45973628684564,103,92,93,87.79818544126773,1.0
22401068,1610612746,LAC,89.55877684831523,107,80,80,94.59552318499574,1.0
22401068,1610612751,BKN,94.59552318499574,80,89,107,89.55877684831523,0.0
22401069,1610612761,TOR,102.9715697288693,98,95,87,100.22456399506024,1.0
22401069,1610612766,CHA,100.22456399506024,87,96,98,102.9715697288693,0.0
22401070,1610612749,MIL,83.91566643085355,95,75,102,99.62501868483483,0.0
22401070,1610612752,NYK,99.62501868483483,102,93,95,83.91566643085355,1.0
22401071,1610612750,MIN,106.48168743471669,113,89,100,87.75937594334329,1.0
22401071,1610612756,PHX,87.75937594334329,100,79,113,106.48168743471669,0.0
22401072,1610612740,NOP,81.81877413623008,73,81,89,96.47827437814728,0.0
22401072,1610612744,GSW,96.47827437814728,89,92,73,81.81877413623008,1.0
22401073,1610612743,DEN,100.15727714580082,107,83,73,100.73771394898714,1.0
22401073,1610612762,UTA,100.73771394898714,73,93,107,100.15727714580082,0.0
22401074,1610612753,ORL,96.13451994852122,106,89,75,87.04869308372463,1.0
22401074,1610612758,SAC,87.04869308372463,75,81,106,96.13451994852122,0.0
22401075,1610612751,BKN,92.01712571055273,96,88,83,83.79240948001153,1.0
22401075,1610612764,WAS,83.79240948001153,83,85,96,92.01712571055273,0.0
22401076,1610612748,MIA,104.73502021015658,108,93,89,83.62216750359372,1.0
22401076,1610612755,PHI,83.62216750359372,89,76,108,104.73502021015658,0.0
22401077,1610612741,CHI,104.08912175225943,100,91,103,110.62522759343284,0.0
22401077,1610612742,DAL,110.62522759343284,103,101,100,104.08912175225943,1.0
22401078,1610612747,LAL,102.58735406152306,109,89,114,106.7106123508818,0.0
22401078,1610612763,MEM,106.7106123508818,114,95,109,102.58735406152306,1.0
22401079,1610612754,IND,94.3957018244656,92,87,113,109.2109275695084,0.0
22401079,1610612760,OKC,109.2109275695084,113,94,92,94.3957018244656,1.0
22401080,1610612738,BOS,107.58078840635835,107,94,90,94.61691603921484,1.0
22401080,1610612759,SAS,94.61691603921484,90,87,107,107.58078840635835,0.0
22401081,1610612739,CLE,109.68710493491892,109,93,106,101.31412117257246,1.0
22401081,1610612746,LAC,101.31412117257246,106,93,109,109.68710493491892,0.0
22401082,1610612752,NYK,96.71806605137463,100,84,85,92.43875829066967,1.0
22401082,1610612757,POR,92.43875829066967,85,87,100,96.71806605137463,0.0
22401083,1610612737,ATL,110.99767699232765,117,94,90,90.18187395978715,1.0
22401083,1610612749,MIL,90.18187395978715,90,82,117,110.99767699232765,0.0
22401084,1610612750,MIN,105.0170184383576,100,93,80,96.1754795601522,1.0
22401084,1610612765,DET,96.1754795601522,80,95,100,105.0170184383576,0.0
22401085,1610612740,NOP,101.73538717352464,85,92,72,99.18254476161636,1.0
22401085,1610612766,CHA,99.18254476161636,72,91,85,101.73538717352464,0.0
22401086,1610612744,GSW,115.75472864505828,133,97,96,98.19306973068076,1.0
22401086,1610612759,SAS,98.19306973068076,96,84,133,115.75472864505828,0.0
22401087,1610612755,PHI,101.97157613831787,92,89,115,112.21159324019233,0.0
22401087,1610612761,TOR,112.21159324019233,115,103,92,101.97157613831787,1.0
22401088,1610612745,HOU,115.40726815143482,130,98,94,101.19363250529837,1.0
22401088,1610612756,PHX,101.19363250529837,94,87,130,115.40726815143482,0.0
22401089,1610612762,UTA,101.90427574463577,92,96,101,89.86434429795835,0.0
22401089,1610612766,CHA,89.86434429795835,101,80,92,101.90427574463577,1.0
22401090,1610612754,IND,103.7866296019015,98,90,98,101.146324089247,0.5
22401090,1610612758,SAC,101.146324089247,98,92,98,103.7866296019015,0.5
22401091,1610612746,LAC,88.14743909131242,80,82,67,77.1617423149411,1.0
22401091,1610612753,ORL,77.1617423149411,67,76,80,88.14743909131242,0.0
22401092,1610612748,MIA,104.24393389211289,103,93,81,91.91221359972405,1.0
22401092,1610612764,WAS,91.91221359972405,81,86,103,104.24393389211289,0.0
22401093,1610612738,BOS,102.56831294501134,99,96,93,98.64482292517744,1.0
22401093,1610612763,MEM,98.64482292517744,93,92,99,102.56831294501134,0.0
22401094,1610612741,CHI,99.26110554901682,104,98,127,103.72621122186108,0.0
22401094,1610612760,OKC,103.72621122186108,127,98,104,99.26110554901682,1.0
22401095,1610612742,DAL,98.12404255627017,92,86,98,95.73205132827106,0.0
22401095,1610612751,BKN,95.73205132827106,98,90,92,98.12404255627017,1.0
22401096,1610612745,HOU,88.78429241475574,84,89,86,94.99283539766412,0.0
22401096,1610612747,LAL,94.99283539766412,86,89,84,88.78429241475574,1.0
22401097,1610612737,ATL,92.52243516377698,89,92,107,96.76858910143253,0.0
22401097,1610612757,POR,96.76858910143253,107,103,89,92.52243516377698,1.0
22401098,1610612752,NYK,98.18327492292757,84,85,74,90.2443010292118,1.0
22401098,1610612755,PHI,90.2443010292118,74,81,84,98.18327492292757,0.0
22401099,1610612741,CHI,107.86219937577015,114,88,108,101.4603768371905,1.0
22401099,1610612761,TOR,101.4603768371905,108,97,114,107.86219937577015,0.0
22401100,1610612744,GSW,105.37896074914296,106,99,106,98.839595091434,0.5
22401100,1610612763,MEM,98.839595091434,106,92,106,105.37896074914296,0.5
22401101,1610612749,MIL,88.96218720089257,119,74,106,99.3287274515689,1.0
22401101,1610612756,PHX,99.3287274515689,106,92,119,88.96218720089257,0.0
22401102,1610612743,DEN,94.3071050304473,106,86,123,121.02075082999872,0.0
22401102,1610612750,MIN,121.02075082999872,123,111,106,94.3071050304473,1.0
22401103,1610612739,CLE,107.26532301480745,112,94,91,99.8058982236804,1.0
22401103,1610612752,NYK,99.8058982236804,91,90,112,107.26532301480745,0.0
22401104,1610612754,IND,103.60134507057722,112,95,92,76.65981087991003,1.0
22401104,1610612766,CHA,76.65981087991003,92,78,112,103.60134507057722,0.0
22401105,1610612758,SAC,104.55320800441051,90,95,103,90.41029022505658,0.0
22401105,1610612764,WAS,90.41029022505658,103,84,90,104.55320800441051,1.0
22401106,1610612738,BOS,95.67888386663425,90,87,100,82.12014274779588,0.0
22401106,1610612748,MIA,82.12014274779588,100,83,90,95.67888386663425,1.0
22401107,1610612745,HOU,120.0369238533312,131,104,90,106.12417515574755,1.0
22401107,1610612762,UTA,106.12417515574755,90,94,131,120.0369238533312,0.0
22401108,1610612760,OKC,108.15496896244768,94,96,82,99.53056971850111,1.0
22401108,1610612765,DET,99.53056971850111,82,89,94,108.15496896244768,0.0
22401109,1610612737,ATL,104.39826338980419,99,97,103,93.28471502941576,0.0
22401109,1610612742,DAL,93.28471502941576,103,83,99,104.39826338980419,1.0
22401110,1610612743,DEN,96.86785375297777,89,96,103,97.46658029303892,0.0
22401110,1610612759,SAS,97.46658029303892,103,97,89,96.86785375297777,1.0
22401111,1610612740,NOP,93.55211536708009,90,85,93,83.31526387238402,0.0
22401111,1610612746,LAC,83.31526387238402,93,76,90,93.55211536708009,1.0
22401112,1610612753,ORL,87.89570497804263,87,82,88,82.22949544338758,0.0
22401112,1610612764,WAS,82.22949544338758,88,85,87,87.89570497804263,1.0
22401113,1610612750,MIN,87.0463758735651,91,78,87,95.76942240066947,1.0
22401113,1610612751,BKN,95.76942240066947,87,89,91,87.0463758735651,0.0
22401114,1610612748,MIA,101.4537173019007,92,95,96,99.15404694607373,0.0
22401114,1610612763,MEM,99.15404694607373,96,85,92,101.4537173019007,1.0
22401115,1610612749,MIL,98.2089365197322,108,82,98,101.90353307447307,1.0
22401115,1610612755,PHI,101.90353307447307,98,89,108,98.2089365197322,0.0
22401116,1610612757,POR,99.19936616993863,94,86,100,104.59239100155212,0.0
22401116,1610612761,TOR,104.59239100155212,100,96,94,99.19936616993863,1.0
22401117,1610612744,GSW,83.8006609910172,97,82,96,95.46423262236117,1.0
22401117,1610612747,LAL,95.46423262236117,96,86,97,83.8006609910172,0.0
22401118,1610612758,SAC,102.89676026727676,106,91,74,86.83616983223344,1.0
22401118,1610612766,CHA,86.83616983223344,74,83,106,102.89676026727676,0.0
22401119,1610612754,IND,99.52855946029571,114,89,94,107.38697775479855,1.0
22401119,1610612762,UTA,107.38697775479855,94,104,114,99.52855946029571,0.0
22401120,1610612738,BOS,96.23921812807603,104,87,94,97.55081966221672,1.0
22401120,1610612756,PHX,97.55081966221672,94,93,104,96.23921812807603,0.0
22401121,1610612761,TOR,94.07793714543467,89,91,94,103.91947015061561,0.0
22401121,1610612765,DET,103.91947015061561,94,89,89,94.07793714543467,1.0
22401122,1610612741,CHI,99.52137216040691,92,87,99,124.50669241189493,0.0
22401122,1610612757,POR,124.50669241189493,99,115,92,99.52137216040691,1.0
22401123,1610612745,HOU,97.56846758288061,103,92,99,94.79282132404867,1.0
22401123,1610612760,OKC,94.79282132404867,99,89,103,97.56846758288061,0.0
22401124,1610612739,CLE,99.0254493934728,104,87,98,99.8633903600121,1.0
22401124,1610612759,SAS,99.8633903600121,98,94,104,99.0254493934728,0.0
22401125,1610612743,DEN,83.90252438535713,92,74,102,87.37829910308726,0.0
22401125,1610612744,GSW,87.37829910308726,102,88,92,83.90252438535713,1.0
22401126,1610612740,NOP,85.19683476152375,94,82,98,85.64931305921583,0.0
22401126,1610612747,LAL,85.64931305921583,98,79,94,85.19683476152375,1.0
22401127,1610612742,DAL,77.64415307259152,74,77,102,99.03880175960576,0.0
22401127,1610612746,LAC,99.03880175960576,102,89,74,77.64415307259152,1.0
22401128,1610612737,ATL,99.95225722260331,96,88,105,100.96684573898952,0.0
22401128,1610612752,NYK,100.96684573898952,105,84,96,99.95225722260331,1.0
22401129,1610612763,MEM,96.41198387716345,87,94,85,100.14192049147024,1.0
22401129,1610612765,DET,100.14192049147024,85,96,87,96.41198387716345,0.0
22401130,1610612750,MIN,94.38965933311337,93,81,100,102.7040115276464,0.0
22401130,1610612755,PHI,102.7040115276464,100,91,93,94.38965933311337,1.0
22401131,1610612748,MIA,106.96143992701506,101,102,98,108.30057871094985,1.0
22401131,1610612749,MIL,108.30057871094985,98,87,101,106.96143992701506,0.0
22401132,1610612742,DAL,82.66386571785849,75,78,119,107.62047006464279,0.0
22401132,1610612746,LAC,107.62047006464279,119,96,75,82.66386571785849,1.0
22401133,1610612741,CHI,101.64671262144512,108,86,90,87.02904860734111,1.0
22401133,1610612766,CHA,87.02904860734111,90,85,108,101.64671262144512,0.0
22401134,1610612751,BKN,87.57717686691659,88,82,106,103.6483931238312,0.0
22401134,1610612761,TOR,103.6483931238312,106,94,88,87.57717686691659,1.0
22401135,1610612747,LAL,87.69584646529842,114,84,90,104.10862001978892,1.0
22401135,1610612760,OKC,104.10862001978892,90,90,114,87.69584646529842,0.0
22401136,1610612737,ATL,112.30826558497115,130,95,110,97.49329382157234,1.0
22401136,1610612762,UTA,97.49329382157234,110,87,130,112.30826558497115,0.0
22401137,1610612738,BOS,113.58446977871593,120,98,82,87.55383645369056,1.0
22401137,1610612764,WAS,87.55383645369056,82,86,120,113.58446977871593,0.0
22401138,1610612739,CLE,108.56654728993746,102,88,102,95.18385671777962,0.5
22401138,1610612758,SAC,95.18385671777962,102,82,102,108.56654728993746,0.5
22401139,1610612757,POR,97.77681125971414,99,89,93,102.5103306817573,1.0
22401139,1610612759,SAS,102.5103306817573,93,95,99,97.77681125971414,0.0
22401140,1610612752,NYK,89.1848317365871,92,74,82,105.36547628867525,1.0
22401140,1610612756,PHX,105.36547628867525,82,92,92,89.1848317365871,0.0
22401141,1610612740,NOP,87.32201975034103,77,79,99,91.84627819538441,0.0
22401141,1610612753,ORL,91.84627819538441,99,83,77,87.32201975034103,1.0
22401142,1610612743,DEN,105.1233129993149,108,93,107,97.90526870577168,1.0
22401142,1610612754,IND,97.90526870577168,107,96,108,105.1233129993149,0.0
22401143,1610612744,GSW,92.33992530361958,90,89,100,97.01828794924124,0.0
22401143,1610612745,HOU,97.01828794924124,100,93,90,92.33992530361958,1.0
22401144,1610612758,SAC,90.75190247534319,105,91,97,97.08249255780426,1.0
22401144,1610612765,DET,97.08249255780426,97,89,105,90.75190247534319,0.0
22401145,1610612748,MIA,101.8100563314823,106,89,88,96.98579354621569,1.0
22401145,1610612755,PHI,96.98579354621569,88,88,106,101.8100563314823,0.0
22401146,1610612763,MEM,102.91646012941445,102,93,85,80.60468234668953,1.0
22401146,1610612766,CHA,80.60468234668953,85,81,102,102.91646012941445,0.0
22401147,1610612739,CLE,115.66003693210135,127,100,97,98.60042112182025,1.0
22401147,1610612741,CHI,98.60042112182025,97,86,127,115.66003693210135,0.0
22401148,1610612754,IND,93.75569833788087,75,87,87,95.64388110470753,0.0
22401148,1610612764,WAS,95.64388110470753,87,91,75,93.75569833788087,1.0
22401149,1610612737,ATL,90.99643818953945,94,88,98,91.86372356596152,0.0
22401149,1610612753,ORL,91.86372356596152,98,84,94,90.99643818953945,1.0
22401150,1610612740,NOP,90.11239806354557,90,82,99,95.796463409262,0.0
22401150,1610612751,BKN,95.796463409262,99,83,90,90.11239806354557,1.0
22401151,1610612738,BOS,95.66150678934792,99,87,107,103.20454059426456,0.0
22401151,1610612752,NYK,103.20454059426456,107,101,99,95.66150678934792,1.0
22401152,1610612749,MIL,91.44754737287842,92,84,95,91.22109981251202,0.0
22401152,1610612750,MIN,91.22109981251202,95,89,92,91.44754737287842,1.0
22401153,1610612747,LAL,80.00370491568744,92,80,122,101.97995019303606,0.0
22401153,1610612760,OKC,101.97995019303606,122,104,92,80.00370491568744,1.0
22401154,1610612744,GSW,96.02818625758438,105,93,82,92.6689277443194,1.0
22401154,1610612756,PHX,92.6689277443194,82,88,105,96.02818625758438,0.0
22401155,1610612746,LAC,103.71653319903717,110,93,107,94.38005357110139,1.0
22401155,1610612759,SAS,94.38005357110139,107,85,110,103.71653319903717,0.0
22401156,1610612738,BOS,93.90455213742999,71,82,90,91.45073544569145,0.0
22401156,1610612753,ORL,91.45073544569145,90,91,71,93.90455213742999,1.0
22401157,1610612755,PHI,100.94122525707543,94,91,78,88.03710772190514,1.0
22401157,1610612764,WAS,88.03710772190514,78,87,94,100.94122525707543,0.0
22401158,1610612761,TOR,120.57588690926583,117,104,83,85.87378669338042,1.0
22401158,1610612766,CHA,85.87378669338042,83,82,117,120.57588690926583,0.0
22401159,1610612742,DAL,80.48077428199697,81,72,96,102.34398649990052,0.0
22401159,1610612747,LAL,102.34398649990052,96,90,81,80.48077428199697,1.0
22401160,1610612741,CHI,89.35511552616174,106,89,100,91.12856426544809,1.0
22401160,1610612748,MIA,91.12856426544809,100,92,106,89.35511552616174,0.0
22401161,1610612740,NOP,101.57548023454521,97,96,116,107.79075100090087,0.0
22401161,1610612749,MIL,107.79075100090087,116,90,97,101.57548023454521,1.0
22401162,1610612757,POR,104.48572670079353,107,104,115,100.121964692136,0.0
22401162,1610612762,UTA,100.121964692136,115,98,107,104.48572670079353,1.0
22401163,1610612744,GSW,90.72950967626464,88,86,96,85.32735249861176,0.0
22401163,1610612759,SAS,85.32735249861176,96,81,88,90.72950967626464,1.0
22401164,1610612756,PHX,95.42801107170375,99,87,102,102.09059180886068,0.0
22401164,1610612760,OKC,102.09059180886068,102,86,99,95.42801107170375,1.0
22401165,1610612743,DEN,89.6529751634038,99,86,102,96.69450352367669,0.0
22401165,1610612758,SAC,96.69450352367669,102,92,99,89.6529751634038,1.0
22401166,1610612745,HOU,95.05203977307906,110,88,115,98.86907712342506,0.0
22401166,1610612746,LAC,98.86907712342506,115,90,110,95.05203977307906,1.0
22401167,1610612752,NYK,94.4028375763561,95,90,102,91.11516610925115,0.0
22401167,1610612765,DET,91.11516610925115,102,82,95,94.4028375763561,1.0
22401168,1610612739,CLE,102.06373396405311,103,98,100,97.02194368743667,1.0
22401168,1610612754,IND,97.02194368743667,100,93,103,102.06373396405311,0.0
22401169,1610612737,ATL,99.01128940866283,111,84,94,94.65095191464042,1.0
22401169,1610612751,BKN,94.65095191464042,94,90,111,99.01128940866283,0.0
22401170,1610612750,MIN,96.38897223062688,116,87,110,93.15929746961058,1.0
22401170,1610612763,MEM,93.15929746961058,110,89,116,96.38897223062688,0.0
22401171,1610612749,MIL,96.37491460297473,103,94,110,90.8134206329512,0.0
22401171,1610612765,DET,90.8134206329512,110,93,103,96.37491460297473,1.0
22401172,1610612753,ORL,90.83419675364773,111,85,92,99.70070639259085,1.0
22401172,1610612754,IND,99.70070639259085,92,89,111,90.83419675364773,0.0
22401173,1610612737,ATL,111.69635214287473,106,94,98,102.89645403808782,1.0
22401173,1610612755,PHI,102.89645403808782,98,97,106,111.69635214287473,0.0
22401174,1610612738,BOS,103.01396811901677,121,95,87,89.99516509969531,1.0
22401174,1610612766,CHA,89.99516509969531,87,93,121,103.01396811901677,0.0
22401175,1610612739,CLE,89.84748646758665,87,77,88,96.11035569717879,0.0
22401175,1610612752,NYK,96.11035569717879,88,88,87,89.84748646758665,1.0
22401176,1610612741,CHI,105.41165680351698,99,93,80,96.27255940954855,1.0
22401176,1610612764,WAS,96.27255940954855,80,91,99,105.41165680351698,0.0
22401177,1610612740,NOP,102.84689786167715,90,95,136,114.20598830895891,0.0
22401177,1610612748,MIA,114.20598830895891,136,104,90,102.84689786167715,1.0
22401178,1610612742,DAL,101.27143048197757,113,89,91,104.65754022672087,1.0
22401178,1610612761,TOR,104.65754022672087,91,100,113,101.27143048197757,0.0
22401179,1610612750,MIN,88.71846966674747,95,77,78,91.73109400004454,1.0
22401179,1610612751,BKN,91.73109400004454,78,90,95,88.71846966674747,0.0
22401180,1610612743,DEN,105.24351953615646,93,91,96,93.2536888766384,0.0
22401180,1610612763,MEM,93.2536888766384,96,91,93,105.24351953615646,1.0
22401181,1610612760,OKC,109.62340339859942,136,100,95,106.44737041653177,1.0
22401181,1610612762,UTA,106.44737041653177,95,103,136,109.62340339859942,0.0
22401182,1610612756,PHX,105.92650670722634,107,95,91,89.34767342131158,1.0
22401182,1610612759,SAS,89.34767342131158,91,90,107,105.92650670722634,0.0
22401183,1610612744,GSW,87.86445712505625,80,83,70,89.05296778396568,1.0
22401183,1610612757,POR,89.05296778396568,70,85,80,87.86445712505625,0.0
22401184,1610612746,LAC,80.2630158442439,87,78,84,84.29110446301785,1.0
22401184,1610612758,SAC,84.29110446301785,84,85,87,80.2630158442439,0.0
22401185,1610612745,HOU,97.49990002824825,100,90,125,97.01939418854911,0.0
22401185,1610612747,LAL,97.01939418854911,125,87,100,97.49990002824825,1.0
22401186,1610612737,ATL,102.07528610303576,111,88,95,99.12270618162762,1.0
22401186,1610612753,ORL,99.12270618162762,95,88,111,102.07528610303576,0.0
22401187,1610612738,BOS,95.49821283316984,84,90,75,82.52266342782872,1.0
22401187,1610612766,CHA,82.52266342782872,75,85,84,95.49821283316984,0.0
22401188,1610612751,BKN,79.03488263324083,88,74,90,91.98130007589457,0.0
22401188,1610612752,NYK,91.98130007589457,90,86,88,79.03488263324083,1.0
22401189,1610612739,CLE,129.02092054238042,106,115,106,134.64741002120567,0.5
22401189,1610612754,IND,134.64741002120567,106,119,106,129.02092054238042,0.5
22401190,1610612748,MIA,118.08212852404446,108,98,108,94.48800144225686,0.5
22401190,1610612764,WAS,94.48800144225686,108,90,108,118.08212852404446,0.5
22401191,1610612741,CHI,123.98531840801361,107,103,84,104.42210704745548,1.0
22401191,1610612755,PHI,104.42210704745548,84,94,107,123.98531840801361,0.0
22401192,1610612749,MIL,96.23242258877615,123,86,124,116.69274519806105,0.0
22401192,1610612765,DET,116.69274519806105,124,107,123,96.23242258877615,1.0
22401193,1610612743,DEN,91.16702360744782,100,88,102,102.33520494160773,0.0
22401193,1610612745,HOU,102.33520494160773,102,100,100,91.16702360744782,1.0
22401194,1610612742,DAL,98.76738221851072,81,87,119,125.87657882813086,0.0
22401194,1610612763,MEM,125.87657882813086,119,104,81,98.76738221851072,1.0
22401195,1610612750,MIN,116.85959133879254,105,98,96,91.95724772630956,1.0
22401195,1610612762,UTA,91.95724772630956,96,89,105,116.85959133879254,0.0
22401196,1610612740,NOP,93.25288625178578,77,91,91,115.46954552023729,0.0
22401196,1610612760,OKC,115.46954552023729,91,98,77,93.25288625178578,1.0
22401197,1610612759,SAS,94.53652803814961,97,84,106,105.71253508364133,0.0
22401197,1610612761,TOR,105.71253508364133,106,97,97,94.53652803814961,1.0
22401198,1610612744,GSW,84.99038134475752,101,79,110,91.94071644536201,0.0
22401198,1610612746,LAC,91.94071644536201,110,86,101,84.99038134475752,1.0
22401199,1610612747,LAL,78.4722713677472,71,80,99,94.43997951865653,0.0
22401199,1610612757,POR,94.43997951865653,99,96,71,78.4722713677472,1.0
22401200,1610612756,PHX,92.59542471265851,95,84,106,94.50067662749657,0.0
22401200,1610612758,SAC,94.50067662749657,106,88,95,92.59542471265851,1.0
22401201,1610612749,MIL,90.91703940727837,95,77,88,96.60371899199336,1.0
22401201,1610612753,ORL,96.60371899199336,88,93,95,90.91703940727837,0.0
22401202,1610612737,ATL,118.19706575151486,95,104,91,109.82125539888854,1.0
22401202,1610612752,NYK,109.82125539888854,91,93,95,118.19706575151486,0.0
22401203,1610612742,DAL,87.02282397239976,91,80,112,107.5685755713665,0.0
22401203,1610612760,OKC,107.5685755713665,112,101,91,87.02282397239976,1.0
22401204,1610612744,GSW,86.84392911459221,86,84,82,92.2403857263917,1.0
22401204,1610612745,HOU,92.2403857263917,82,83,86,86.84392911459221,0.0
22401205,1610612738,BOS,102.68381107894541,112,90,91,100.86730459144341,1.0
22401205,1610612765,DET,100.86730459144341,91,98,112,102.68381107894541,0.0
22401206,1610612748,MIA,97.8147478143344,93,83,93,104.80236071768883,0.5
22401206,1610612761,TOR,104.80236071768883,93,92,93,97.8147478143344,0.5
22401207,1610612740,NOP,89.80789761344093,92,83,84,102.26347668182872,1.0
22401207,1610612758,SAC,102.26347668182872,84,92,92,89.80789761344093,0.0
22401208,1610612739,CLE,104.78563962618358,87,91,96,95.21658162279027,0.0
22401208,1610612764,WAS,95.21658162279027,96,86,87,104.78563962618358,1.0
22401209,1610612754,IND,105.9520612211394,108,91,84,90.62249120548286,1.0
22401209,1610612755,PHI,90.62249120548286,84,85,108,105.9520612211394,0.0
22401210,1610612747,LAL,89.59841540022019,76,86,79,95.6045593590358,0.0
22401210,1610612750,MIN,95.6045593590358,79,87,76,89.59841540022019,1.0
22401211,1610612751,BKN,99.72395815237122,104,92,121,114.94124127127446,0.0
22401211,1610612763,MEM,114.94124127127446,121,99,104,99.72395815237122,1.0
22401212,1610612741,CHI,107.54483707080942,88,93,78,106.70188917898324,1.0
22401212,1610612766,CHA,106.70188917898324,78,98,88,107.54483707080942,0.0
22401213,1610612743,DEN,92.0245863098668,94,77,88,95.29289396307259,1.0
22401213,1610612746,LAC,95.29289396307259,88,83,94,92.0245863098668,0.0
22401214,1610612756,PHX,99.42664668338597,116,89,108,85.22516904225294,1.0
22401214,1610612762,UTA,85.22516904225294,108,77,116,99.42664668338597,0.0
22401215,1610612757,POR,86.07350718835802,100,82,102,90.91276218217718,0.0
22401215,1610612759,SAS,90.91276218217718,102,85,100,86.07350718835802,1.0
22401216,1610612740,NOP,100.26836649680017,86,97,98,90.7284061208702,0.0
22401216,1610612754,IND,90.7284061208702,98,81,86,100.26836649680017,1.0
22401217,1610612738,BOS,105.09983394401978,98,93,93,103.26824364108627,1.0
22401217,1610612764,WAS,103.26824364108627,93,99,98,105.09983394401978,0.0
22401218,1610612750,MIN,106.48229481964773,92,100,85,99.61000826046813,1.0
22401218,1610612759,SAS,99.61000826046813,85,91,92,106.48229481964773,0.0
22401219,1610612756,PHX,94.65608825574787,101,89,99,100.69028124297616,1.0
22401219,1610612757,POR,100.69028124297616,99,94,101,94.65608825574787,0.0
22401220,1610612747,LAL,89.5084750817932,88,82,85,97.22004719665563,1.0
22401220,1610612763,MEM,97.22004719665563,85,97,88,89.5084750817932,0.0
22401221,1610612748,MIA,99.300012008562,102,99,108,96.9220377337531,0.0
22401221,1610612765,DET,96.9220377337531,108,90,102,99.300012008562,1.0
22401222,1610612755,PHI,80.90195796292302,98,80,96,94.68060458674276,1.0
22401222,1610612766,CHA,94.68060458674276,96,83,98,80.90195796292302,0.0
22401223,1610612741,CHI,110.15715243824313,100,93,99,97.56740045252073,1.0
22401223,1610612761,TOR,97.56740045252073,99,92,100,110.15715243824313,0.0
22401224,1610612739,CLE,91.46166824067375,105,81,82,85.57023631991524,1.0
22401224,1610612751,BKN,85.57023631991524,82,81,105,91.46166824067375,0.0
22401225,1610612743,DEN,109.10791469624037,112,102,110,108.1910534565537,1.0
22401225,1610612758,SAC,108.1910534565537,110,102,112,109.10791469624037,0.0
22401226,1610612746,LAC,95.15967806898118,119,82,85,87.96296383270624,1.0
22401226,1610612762,UTA,87.96296383270624,85,80,119,95.15967806898118,0.0
22401227,1610612752,NYK,74.92857648399401,76,71,81,88.9664963244632,0.0
22401227,1610612753,ORL,88.9664963244632,81,86,76,74.92857648399401,1.0
22401228,1610612742,DAL,95.63126225823471,125,87,125,111.57217166391813,0.5
22401228,1610612744,GSW,111.57217166391813,125,103,125,95.63126225823471,0.5
22401229,1610612737,ATL,85.64082133669882,80,82,92,94.85800195264136,0.0
22401229,1610612749,MIL,94.85800195264136,92,86,80,85.64082133669882,1.0
22401230,1610612745,HOU,99.81478624508745,81,96,83,86.74863158927292,0.0
22401230,1610612760,OKC,86.74863158927292,83,80,81,99.81478624508745,1.0
