gameId,teamId,teamTricode,exp_points,actual_points,shots,actual_allowed,exp_allowed,actual_win
22400001,1610612737,ATL,110.52285575354472,110,99,94,91.8712008765433,1
22400001,1610612738,BOS,91.8712008765433,94,75,110,110.52285575354472,0
22400002,1610612748,MIA,100.18446506047621,111,101,99,91.10597765585408,1
22400002,1610612765,DET,91.10597765585408,99,92,111,100.18446506047621,0
22400003,1610612753,ORL,100.34188655856997,99,93,81,77.33750136313029,1
22400003,1610612766,CHA,77.33750136313029,81,84,99,100.34188655856997,0
22400004,1610612752,NYK,99.49003366264515,97,89,76,88.04265922028571,1
22400004,1610612755,PHI,88.04265922028571,76,83,97,99.49003366264515,0
22400005,1610612749,MIL,96.25837723119184,92,94,69,85.49346255185083,1
22400005,1610612761,TOR,85.49346255185083,69,86,92,96.25837723119184,0
22400006,1610612756,PHX,107.0802884628065,104,86,105,108.08535381313413,0
22400006,1610612762,UTA,108.08535381313413,105,92,104,107.0802884628065,1
22400007,1610612742,DAL,86.09873110754415,99,84,104,99.46372514450923,0
22400007,1610612744,GSW,99.46372514450923,104,94,99,86.09873110754415,1
22400008,1610612750,MIN,90.70029709348455,87,73,104,103.55242615751922,0
22400008,1610612757,POR,103.55242615751922,104,84,87,90.70029709348455,1
22400009,1610612748,MIA,104.19744496792555,105,87,102,99.51156048290431,1
22400009,1610612754,IND,99.51156048290431,102,86,105,104.19744496792555,0
22400010,1610612753,ORL,72.7364595932886,79,78,68,68.37429009750485,1
22400010,1610612755,PHI,68.37429009750485,68,72,79,72.7364595932886,0
22400011,1610612761,TOR,90.0215558449272,78,97,86,90.19423518097028,0
22400011,1610612765,DET,90.19423518097028,86,95,78,90.0215558449272,1
22400012,1610612737,ATL,101.88330099964514,104,98,101,91.78760364581831,1
22400012,1610612764,WAS,91.78760364581831,101,106,104,101.88330099964514,0
22400013,1610612739,CLE,126.9444766161032,123,93,110,103.27281516138464,1
22400013,1610612741,CHI,103.27281516138464,110,88,123,126.9444766161032,0
22400014,1610612751,BKN,98.6527701918967,97,89,101,99.74557140097022,0
22400014,1610612752,NYK,99.74557140097022,101,83,97,98.6527701918967,1
22400015,1610612747,LAL,114.823443305213,102,88,103,104.53539050091058,0
22400015,1610612759,SAS,104.53539050091058,103,88,102,114.823443305213,1
22400016,1610612745,HOU,99.5974137224257,111,95,78,72.77463673893362,1
22400016,1610612746,LAC,72.77463673893362,78,90,111,99.5974137224257,0
22400017,1610612740,NOP,97.38318070303649,85,87,84,92.02876272448339,1
22400017,1610612743,DEN,92.02876272448339,84,87,85,97.38318070303649,0
22400018,1610612756,PHX,60.189592220354825,53,75,82,82.503872157773,0
22400018,1610612760,OKC,82.503872157773,82,91,53,60.189592220354825,1
22400019,1610612744,GSW,127.6963378181681,105,98,91,97.24709811015055,1
22400019,1610612763,MEM,97.24709811015055,91,103,105,127.6963378181681,0
22400020,1610612750,MIN,103.30300180870108,116,101,108,98.80684608500451,1
22400020,1610612758,SAC,98.80684608500451,108,96,116,103.30300180870108,0
22400021,1610612738,BOS,105.28505946416408,110,86,102,92.84350424609147,1
22400021,1610612739,CLE,92.84350424609147,102,93,110,105.28505946416408,0
22400022,1610612751,BKN,90.19412807933986,102,85,96,108.4928620508872,1
22400022,1610612766,CHA,108.4928620508872,96,82,102,90.19412807933986,0
22400023,1610612743,DEN,116.30840769014321,108,100,91,102.41000923328102,1
22400023,1610612763,MEM,102.41000923328102,91,103,108,116.30840769014321,0
22400024,1610612740,NOP,77.03878485178575,73,78,112,111.94032138539478,0
22400024,1610612742,DAL,111.94032138539478,112,94,73,77.03878485178575,1
22400025,1610612759,SAS,107.627212054329,97,83,98,108.50949457893148,0
22400025,1610612760,OKC,108.50949457893148,98,100,97,107.627212054329,1
22400026,1610612747,LAL,92.88377835182473,98,76,102,105.19483951409347,0
22400026,1610612762,UTA,105.19483951409347,102,90,98,92.88377835182473,1
22400027,1610612751,BKN,88.51835678657517,91,79,98,105.07403825456277,0
22400027,1610612755,PHI,105.07403825456277,98,92,91,88.51835678657517,1
22400028,1610612738,BOS,83.25594288483262,83,85,85,81.92325487709604,0
22400028,1610612764,WAS,81.92325487709604,85,90,83,83.25594288483262,1
22400029,1610612749,MIL,103.11048602405936,113,90,97,82.69476729724556,1
22400029,1610612754,IND,82.69476729724556,97,91,113,103.11048602405936,0
22400030,1610612737,ATL,117.11524713225663,108,107,117,112.45050888136029,0
22400030,1610612741,CHI,112.45050888136029,117,86,108,117.11524713225663,1
22400031,1610612745,HOU,100.039961702656,99,93,71,70.25112584372982,1
22400031,1610612757,POR,70.25112584372982,71,91,99,100.039961702656,0
22400032,1610612740,NOP,87.89082919573411,94,92,90,83.3602733053267,1
22400032,1610612744,GSW,83.3602733053267,90,87,94,87.89082919573411,0
22400033,1610612742,DAL,99.62371213152073,102,91,101,100.94772415189072,1
22400033,1610612743,DEN,100.94772415189072,101,90,102,99.62371213152073,0
22400034,1610612746,LAC,86.28657572157681,88,94,71,82.8256659405306,1
22400034,1610612758,SAC,82.8256659405306,71,83,88,86.28657572157681,0
22400035,1610612741,CHI,106.9501988212578,108,94,88,85.72935288120061,1
22400035,1610612764,WAS,85.72935288120061,88,91,108,106.9501988212578,0
22400036,1610612748,MIA,80.49828671803698,80,77,92,92.6846755403094,0
22400036,1610612749,MIL,92.6846755403094,92,77,80,80.49828671803698,1
22400037,1610612745,HOU,103.09801700431854,105,99,93,86.59089295240119,1
22400037,1610612750,MIN,86.59089295240119,93,98,105,103.09801700431854,0
22400038,1610612759,SAS,112.88799132383429,108,93,99,102.20493702916428,1
22400038,1610612762,UTA,102.20493702916428,99,84,108,112.88799132383429,0
22400039,1610612747,LAL,76.21334225009196,82,85,119,123.95095740444958,0
22400039,1610612756,PHX,123.95095740444958,119,99,82,76.21334225009196,1
22400040,1610612752,NYK,86.78029382321984,84,81,87,79.18476265855134,0
22400040,1610612766,CHA,79.18476265855134,87,89,84,86.78029382321984,1
22400041,1610612737,ATL,100.36172836460173,102,85,87,85.82452585548162,1
22400041,1610612739,CLE,85.82452585548162,87,93,102,100.36172836460173,0
22400042,1610612740,NOP,93.87542777741328,85,91,106,107.8889853102155,0
22400042,1610612763,MEM,107.8889853102155,106,96,85,93.87542777741328,1
22400043,1610612751,BKN,87.39219497167505,90,77,106,96.71871389006265,0
22400043,1610612753,ORL,96.71871389006265,106,83,90,87.39219497167505,1
22400044,1610612746,LAC,78.88649298623204,82,84,77,69.3983379099518,1
22400044,1610612750,MIN,69.3983379099518,77,75,82,78.88649298623204,0
22400045,1610612754,IND,86.69946443894878,94,85,114,107.60148926824331,0
22400045,1610612765,DET,107.60148926824331,114,83,94,86.69946443894878,1
22400046,1610612748,MIA,117.45269119367003,107,94,97,101.88003214495257,1
22400046,1610612761,TOR,101.88003214495257,97,80,107,117.45269119367003,0
22400047,1610612738,BOS,107.13281346298754,121,98,116,106.20449544675648,1
22400047,1610612741,CHI,106.20449544675648,116,93,121,107.13281346298754,0
22400048,1610612747,LAL,77.81565918400884,77,73,89,91.48297072201967,0
22400048,1610612760,OKC,91.48297072201967,89,93,77,77.81565918400884,1
22400049,1610612757,POR,105.26856587640941,103,90,85,85.2705811150372,1
22400049,1610612758,SAC,85.2705811150372,85,78,103,105.26856587640941,0
22400050,1610612755,PHI,100.1863407867495,92,82,81,83.90390909137204,1
22400050,1610612766,CHA,83.90390909137204,81,77,92,100.1863407867495,0
22400051,1610612739,CLE,109.25979600986466,102,89,68,74.69355183141306,1
22400051,1610612764,WAS,74.69355183141306,68,83,102,109.25979600986466,0
22400052,1610612749,MIL,95.21858231863007,113,80,91,89.69313252391294,1
22400052,1610612765,DET,89.69313252391294,91,87,113,95.21858231863007,0
22400053,1610612752,NYK,97.26461189147085,101,85,85,84.19494869443588,1
22400053,1610612753,ORL,84.19494869443588,85,87,101,97.26461189147085,0
22400054,1610612754,IND,92.33305465755984,88,84,101,95.79675101675093,0
22400054,1610612761,TOR,95.79675101675093,101,81,88,92.33305465755984,1
22400055,1610612760,OKC,131.8673671586439,123,102,89,89.29509484767914,1
22400055,1610612762,UTA,89.29509484767914,89,70,123,131.8673671586439,0
22400056,1610612742,DAL,86.18078601919115,91,81,103,103.53764879936352,0
22400056,1610612763,MEM,103.53764879936352,103,97,91,86.18078601919115,1
22400057,1610612756,PHX,79.70754734100774,87,78,78,71.66310986876488,1
22400057,1610612759,SAS,71.66310986876488,78,100,87,79.70754734100774,0
22400058,1610612743,DEN,86.62050212500617,91,79,100,98.70744547247887,0
22400058,1610612744,GSW,98.70744547247887,100,95,91,86.62050212500617,1
22400059,1610612745,HOU,95.10239055380225,96,93,108,110.64988223556429,0
22400059,1610612758,SAC,110.64988223556429,108,91,96,95.10239055380225,1
22400060,1610612746,LAC,125.08620787039399,113,85,92,101.1118243234232,1
22400060,1610612757,POR,101.1118243234232,92,80,113,125.08620787039399,0
22400061,1610612738,BOS,118.25240944628604,125,95,97,92.33980880212039,1
22400061,1610612752,NYK,92.33980880212039,97,78,125,118.25240944628604,0
22400062,1610612747,LAL,96.89900209195912,89,95,83,99.57340578502044,1
22400062,1610612750,MIN,99.57340578502044,83,85,89,96.89900209195912,0
22400063,1610612754,IND,96.95075702946633,93,83,85,104.46134282555431,1
22400063,1610612765,DET,104.46134282555431,85,88,93,96.95075702946633,0
22400064,1610612737,ATL,87.25410556793213,87,80,97,89.0863368504215,0
22400064,1610612751,BKN,89.0863368504215,97,91,87,87.25410556793213,1
22400065,1610612748,MIA,87.17898136330768,75,82,100,114.46830721432343,0
22400065,1610612753,ORL,114.46830721432343,100,96,75,87.17898136330768,1
22400066,1610612749,MIL,104.48773552803323,102,80,90,85.8427818226628,1
22400066,1610612755,PHI,85.8427818226628,90,98,102,104.48773552803323,0
22400067,1610612739,CLE,114.89391751307994,116,87,84,88.19884689850733,1
22400067,1610612761,TOR,88.19884689850733,84,86,116,114.89391751307994,0
22400068,1610612745,HOU,96.91546431556344,89,103,91,94.54275558609515,0
22400068,1610612766,CHA,94.54275558609515,91,85,89,96.91546431556344,1
22400069,1610612740,NOP,101.90542286774144,104,97,94,91.1611051550135,1
22400069,1610612741,CHI,91.1611051550135,94,86,104,101.90542286774144,0
22400070,1610612762,UTA,79.78036019927822,90,85,103,94.20618468290195,0
22400070,1610612763,MEM,94.20618468290195,103,91,90,79.78036019927822,1
22400071,1610612746,LAC,94.82439407380298,92,92,91,90.06050178781152,1
22400071,1610612756,PHX,90.06050178781152,91,78,92,94.82439407380298,0
22400072,1610612744,GSW,115.16660699318163,116,93,80,80.50400105398148,1
22400072,1610612757,POR,80.50400105398148,80,92,116,115.16660699318163,0
22400073,1610612738,BOS,107.42369029903784,101,90,89,98.80272668041289,1
22400073,1610612764,WAS,98.80272668041289,89,95,101,107.42369029903784,0
22400074,1610612742,DAL,103.10151249170303,103,102,90,87.42369255470112,1
22400074,1610612759,SAS,87.42369255470112,90,86,103,103.10151249170303,0
22400075,1610612743,DEN,92.58512210892513,77,98,94,104.9639371954836,0
22400075,1610612760,OKC,104.9639371954836,94,101,77,92.58512210892513,1
22400076,1610612750,MIN,104.11703651864082,102,86,87,93.23942641774192,1
22400076,1610612758,SAC,93.23942641774192,87,82,102,104.11703651864082,0
22400077,1610612751,BKN,86.53722522547469,84,83,93,91.37170590739697,0
22400077,1610612753,ORL,91.37170590739697,93,75,84,86.53722522547469,1
22400078,1610612755,PHI,67.09254498593509,67,76,76,77.74092959659174,0
22400078,1610612761,TOR,77.74092959659174,76,76,67,67.09254498593509,1
22400079,1610612737,ATL,93.5090509695001,92,81,95,94.61473314953037,0
22400079,1610612766,CHA,94.61473314953037,95,96,92,93.5090509695001,1
22400080,1610612739,CLE,103.6728502465412,97,82,89,92.33120059221983,1
22400080,1610612765,DET,92.33120059221983,89,81,97,103.6728502465412,0
22400081,1610612752,NYK,105.31859843665734,100,84,85,84.68486175965518,1
22400081,1610612754,IND,84.68486175965518,85,83,100,105.31859843665734,0
22400082,1610612745,HOU,114.0170161970891,103,98,86,101.50164178246632,1
22400082,1610612763,MEM,101.50164178246632,86,91,103,114.0170161970891,0
22400083,1610612741,CHI,110.05074721435085,113,96,105,102.51460001803935,1
22400083,1610612749,MIL,102.51460001803935,105,93,113,110.05074721435085,0
22400084,1610612744,GSW,116.4938301446382,122,106,67,81.7379398662597,1
22400084,1610612762,UTA,81.7379398662597,67,92,122,116.4938301446382,0
22400085,1610612747,LAL,92.77036965731531,94,75,101,101.9591978318058,0
22400085,1610612756,PHX,101.9591978318058,101,82,94,92.77036965731531,1
22400086,1610612740,NOP,75.4911687085405,84,86,87,79.10954029671848,0
22400086,1610612757,POR,79.10954029671848,87,90,84,75.4911687085405,1
22400087,1610612743,DEN,93.65133806504309,84,87,92,98.68377511762083,0
22400087,1610612746,LAC,98.68377511762083,92,82,84,93.65133806504309,1
22400088,1610612748,MIA,99.58418355323374,94,86,91,94.97338181431405,1
22400088,1610612766,CHA,94.97338181431405,91,89,94,99.58418355323374,0
22400089,1610612738,BOS,82.44257690897211,98,90,100,90.11387636628933,0
22400089,1610612765,DET,90.11387636628933,100,88,98,82.44257690897211,1
22400090,1610612739,CLE,93.79457889078185,112,88,89,72.85996069991961,1
22400090,1610612764,WAS,72.85996069991961,89,96,112,93.79457889078185,0
22400091,1610612741,CHI,102.23455009004101,79,92,98,115.53128582937643,0
22400091,1610612760,OKC,115.53128582937643,98,107,79,102.23455009004101,1
22400092,1610612753,ORL,93.11106129782274,91,87,105,105.7901461161673,0
22400092,1610612763,MEM,105.7901461161673,105,86,91,93.11106129782274,1
22400093,1610612750,MIN,86.27627875260077,92,83,92,89.0771409010049,0
22400093,1610612761,TOR,89.0771409010049,92,90,92,86.27627875260077,0
22400094,1610612745,HOU,106.60955037688836,89,92,86,92.66727572795935,1
22400094,1610612759,SAS,92.66727572795935,86,79,89,106.60955037688836,0
22400095,1610612742,DAL,97.71034320862964,87,93,86,95.42357896873727,1
22400095,1610612756,PHX,95.42357896873727,86,80,87,97.71034320862964,0
22400096,1610612747,LAL,110.12388944579288,110,92,105,108.8892673207447,1
22400096,1610612758,SAC,108.8892673207447,105,88,110,110.12388944579288,0
22400097,1610612754,IND,92.48782935691997,91,84,95,84.70348836877383,0
22400097,1610612755,PHI,84.70348836877383,95,98,91,92.48782935691997,1
22400098,1610612749,MIL,78.50128405587748,76,74,94,89.23836749861948,0
22400098,1610612751,BKN,89.23836749861948,94,91,76,78.50128405587748,1
22400099,1610612740,NOP,95.59907445451245,84,88,100,109.95469646435231,0
22400099,1610612757,POR,109.95469646435231,100,93,84,95.59907445451245,1
22400100,1610612737,ATL,82.64689198881388,82,91,104,94.05452916794457,0
22400100,1610612760,OKC,94.05452916794457,104,89,82,82.64689198881388,1
22400101,1610612744,GSW,80.31425023917109,90,88,94,78.35935566620901,0
22400101,1610612746,LAC,78.35935566620901,94,90,90,80.31425023917109,1
22400102,1610612753,ORL,106.10925399698317,91,83,95,108.64169286796823,0
22400102,1610612754,IND,108.64169286796823,95,88,91,106.10925399698317,1
22400103,1610612737,ATL,92.2720751920715,93,81,103,102.9433206517715,0
22400103,1610612764,WAS,102.9433206517715,103,91,93,92.2720751920715,1
22400104,1610612738,BOS,101.90816377243027,104,87,82,80.35275412700139,1
22400104,1610612749,MIL,80.35275412700139,82,82,104,101.90816377243027,0
22400105,1610612748,MIA,93.66482410905883,91,88,84,84.74005177523941,1
22400105,1610612765,DET,84.74005177523941,84,91,91,93.66482410905883,0
22400106,1610612739,CLE,88.83413478918374,90,82,89,97.61604230850935,1
22400106,1610612752,NYK,97.61604230850935,89,90,90,88.83413478918374,0
22400107,1610612743,DEN,94.10902523389086,103,96,108,104.17278001224622,0
22400107,1610612761,TOR,104.17278001224622,108,109,103,94.10902523389086,1
22400108,1610612741,CHI,117.81177706434391,115,100,116,124.44929146859795,0
22400108,1610612763,MEM,124.44929146859795,116,111,115,117.81177706434391,1
22400109,1610612745,HOU,92.44456488965079,85,85,84,92.77034335723147,1
22400109,1610612759,SAS,92.77034335723147,84,87,85,92.44456488965079,0
22400110,1610612742,DAL,100.06659326562658,97,95,78,88.89061000104994,1
22400110,1610612762,UTA,88.89061000104994,78,92,97,100.06659326562658,0
22400111,1610612747,LAL,97.92348568607122,92,94,91,96.31468059169129,1
22400111,1610612756,PHX,96.31468059169129,91,87,92,97.92348568607122,0
22400112,1610612757,POR,77.6416198478546,74,83,88,84.5417854776606,0
22400112,1610612758,SAC,84.5417854776606,88,81,74,77.6416198478546,1
22400113,1610612743,DEN,106.87677491130307,105,89,118,115.9609185657464,0
22400113,1610612751,BKN,115.9609185657464,118,96,105,106.87677491130307,1
22400114,1610612742,DAL,114.45275208586827,106,93,97,92.84875662601553,1
22400114,1610612750,MIN,92.84875662601553,97,77,106,114.45275208586827,0
22400115,1610612758,SAC,96.48929422069341,104,92,84,80.71165521908551,1
22400115,1610612762,UTA,80.71165521908551,84,89,104,96.48929422069341,0
22400116,1610612740,NOP,85.77736484352499,89,74,113,115.26390745677054,0
22400116,1610612744,GSW,115.26390745677054,113,97,89,85.77736484352499,1
22400117,1610612761,TOR,104.71058008191176,113,91,118,110.44660748215392,0
22400117,1610612766,CHA,110.44660748215392,118,94,113,104.71058008191176,1
22400118,1610612739,CLE,134.51121805375442,129,97,82,87.82323778467253,1
22400118,1610612747,LAL,87.82323778467253,82,77,129,134.51121805375442,0
22400119,1610612738,BOS,107.25893972069025,107,109,115,118.44413090450689,0
22400119,1610612754,IND,118.44413090450689,115,104,107,107.25893972069025,1
22400120,1610612755,PHI,76.39814771013334,74,79,87,90.92442405130714,0
22400120,1610612765,DET,90.92442405130714,87,78,74,76.39814771013334,1
22400121,1610612737,ATL,118.79789588297717,102,95,110,114.81214186223224,0
22400121,1610612764,WAS,114.81214186223224,110,89,102,118.79789588297717,1
22400122,1610612748,MIA,86.64991398295388,91,81,98,100.45776978461072,0
22400122,1610612752,NYK,100.45776978461072,98,82,91,86.64991398295388,1
22400123,1610612741,CHI,91.75819008750841,85,84,81,80.68327353801578,1
22400123,1610612753,ORL,80.68327353801578,81,86,85,91.75819008750841,0
22400124,1610612751,BKN,84.09570161951706,97,80,84,85.13456438854337,1
22400124,1610612763,MEM,85.13456438854337,84,81,97,84.09570161951706,0
22400125,1610612759,SAS,86.19246539287269,82,85,99,95.89462781790644,0
22400125,1610612760,OKC,95.89462781790644,99,89,82,86.19246539287269,1
22400126,1610612740,NOP,64.43487180350348,77,90,95,80.88687591277994,0
22400126,1610612744,GSW,80.88687591277994,95,87,77,64.43487180350348,1
22400127,1610612746,LAC,88.34034547489136,95,90,96,89.44761062273756,0
22400127,1610612757,POR,89.44761062273756,96,92,95,88.34034547489136,1
22400128,1610612749,MIL,86.36663336562924,91,96,94,93.97647401085123,0
22400128,1610612763,MEM,93.97647401085123,94,82,91,86.36663336562924,1
22400129,1610612742,DAL,92.44365291018039,88,85,88,99.42770167207345,0
22400129,1610612745,HOU,99.42770167207345,88,97,88,92.44365291018039,0
22400130,1610612759,SAS,87.27641900838353,88,92,71,67.13615120621398,1
22400130,1610612762,UTA,67.13615120621398,71,82,88,87.27641900838353,0
22400131,1610612746,LAC,109.18646703963168,102,93,102,106.48192657297477,0
22400131,1610612756,PHX,106.48192657297477,102,82,102,109.18646703963168,0
22400132,1610612738,BOS,90.77011271519586,95,86,103,102.86581589980051,0
22400132,1610612766,CHA,102.86581589980051,103,91,95,90.77011271519586,1
22400133,1610612739,CLE,93.37764654960483,103,87,93,98.12468375265598,1
22400133,1610612753,ORL,98.12468375265598,93,90,103,93.37764654960483,0
22400134,1610612752,NYK,109.43057697173208,122,101,93,83.1819239135366,1
22400134,1610612765,DET,83.1819239135366,93,81,122,109.43057697173208,0
22400135,1610612737,ATL,109.80939410161227,101,92,97,99.534918601159,1
22400135,1610612758,SAC,99.534918601159,97,89,101,109.80939410161227,0
22400136,1610612741,CHI,92.04613720951602,93,88,109,114.49119239323772,0
22400136,1610612751,BKN,114.49119239323772,109,94,93,92.04613720951602,1
22400137,1610612747,LAL,103.00818591821007,95,88,114,129.17395481048152,0
22400137,1610612761,TOR,129.17395481048152,114,107,95,103.00818591821007,1
22400138,1610612740,NOP,114.75753475073725,110,101,108,101.12242168793455,1
22400138,1610612754,IND,101.12242168793455,108,89,110,114.75753475073725,0
22400139,1610612743,DEN,96.24267724016681,93,92,104,108.62865664600395,0
22400139,1610612750,MIN,108.62865664600395,104,83,93,96.24267724016681,1
22400140,1610612757,POR,93.00787118566222,93,83,121,110.92525005852804,0
22400140,1610612760,OKC,110.92525005852804,121,95,93,93.00787118566222,1
22400141,1610612738,BOS,92.18243954330683,88,82,97,97.91043067211285,0
22400141,1610612766,CHA,97.91043067211285,97,91,88,92.18243954330683,1
22400142,1610612755,PHI,96.47471693973057,91,89,108,115.61920651979744,0
22400142,1610612763,MEM,115.61920651979744,108,87,91,96.47471693973057,1
22400143,1610612758,SAC,105.14182824082673,102,100,109,104.54858767357655,0
22400143,1610612761,TOR,104.54858767357655,109,95,102,105.14182824082673,1
22400144,1610612744,GSW,96.37655922444537,95,78,103,107.0435617021285,0
22400144,1610612745,HOU,107.0435617021285,103,107,95,96.37655922444537,1
22400145,1610612739,CLE,93.90764996316284,103,91,104,102.09146059025079,0
22400145,1610612749,MIL,102.09146059025079,104,89,103,93.90764996316284,1
22400146,1610612750,MIN,98.03409965056926,89,82,99,111.87342861155048,0
22400146,1610612759,SAS,111.87342861155048,99,83,89,98.03409965056926,1
22400147,1610612748,MIA,101.05709713790566,101,102,83,90.45342582836747,1
22400147,1610612764,WAS,90.45342582836747,83,91,101,101.05709713790566,0
22400148,1610612743,DEN,116.7504891299177,112,99,77,77.04878811351955,1
22400148,1610612762,UTA,77.04878811351955,77,77,112,116.7504891299177,0
22400149,1610612756,PHX,94.11753663839772,87,93,88,94.41063485573977,0
22400149,1610612757,POR,94.41063485573977,88,111,87,94.11753663839772,1
22400150,1610612746,LAC,80.77611389150843,75,79,88,95.77715463750064,0
22400150,1610612760,OKC,95.77715463750064,88,84,75,80.77611389150843,1
22400151,1610612751,BKN,67.10061938897707,73,71,85,86.75715353293344,0
22400151,1610612765,DET,86.75715353293344,85,77,73,67.10061938897707,1
22400152,1610612737,ATL,110.47296163719147,115,88,94,98.63816748606041,1
22400152,1610612740,NOP,98.63816748606041,94,90,115,110.47296163719147,0
22400153,1610612742,DAL,93.27247763285413,94,85,70,73.12216111901216,1
22400153,1610612753,ORL,73.12216111901216,70,93,94,93.27247763285413,0
22400154,1610612739,CLE,98.83751880889758,109,91,101,85.11245635524392,1
22400154,1610612749,MIL,85.11245635524392,101,86,109,98.83751880889758,0
22400155,1610612744,GSW,93.35623842291534,100,97,94,93.58665010309778,1
22400155,1610612764,WAS,93.58665010309778,94,96,100,93.35623842291534,0
22400156,1610612747,LAL,81.67030268721282,83,85,98,108.5174802094698,0
22400156,1610612765,DET,108.5174802094698,98,96,83,81.67030268721282,1
22400157,1610612737,ATL,87.24437703471631,80,89,114,110.61449877126142,0
22400157,1610612738,BOS,110.61449877126142,114,99,80,87.24437703471631,1
22400158,1610612751,BKN,88.023263721494,93,84,94,94.84519180934876,0
22400158,1610612763,MEM,94.84519180934876,94,91,93,88.023263721494,1
22400159,1610612748,MIA,89.35925287054852,89,85,98,87.2375776162371,0
22400159,1610612758,SAC,87.2375776162371,98,86,89,89.35925287054852,1
22400160,1610612741,CHI,109.03387876669876,104,95,112,112.71401956118643,0
22400160,1610612762,UTA,112.71401956118643,112,89,104,109.03387876669876,1
22400161,1610612745,HOU,92.14863132499158,94,88,79,88.4610146926716,1
22400161,1610612752,NYK,88.4610146926716,79,88,94,92.14863132499158,0
22400162,1610612750,MIN,91.64171220338903,96,79,80,79.03737103706226,1
22400162,1610612766,CHA,79.03737103706226,80,88,96,91.64171220338903,0
22400163,1610612753,ORL,73.68755308398977,63,82,90,104.01688078837469,0
22400163,1610612760,OKC,104.01688078837469,90,85,63,73.68755308398977,1
22400164,1610612740,NOP,98.39604752138257,86,84,102,100.31437860522419,0
22400164,1610612757,POR,100.31437860522419,102,84,86,98.39604752138257,1
22400165,1610612742,DAL,107.59764568507671,107,89,121,119.2205944256857,0
22400165,1610612754,IND,119.2205944256857,121,95,107,107.59764568507671,1
22400166,1610612743,DEN,73.19710034667514,92,83,107,90.43691917322576,0
22400166,1610612761,TOR,90.43691917322576,107,103,92,73.19710034667514,1
22400167,1610612755,PHI,93.4675984531641,100,87,95,91.14114836184308,1
22400167,1610612756,PHX,91.14114836184308,95,82,100,93.4675984531641,0
22400168,1610612746,LAC,110.59359678113833,101,90,87,100.42151816911064,1
22400168,1610612759,SAS,100.42151816911064,87,86,101,110.59359678113833,0
22400169,1610612765,DET,106.32173848338425,102,94,92,96.06798506900668,1
22400169,1610612766,CHA,96.06798506900668,92,90,102,106.32173848338425,0
22400170,1610612753,ORL,85.79933623282705,91,82,94,99.63575481437147,0
22400170,1610612754,IND,99.63575481437147,94,76,91,85.79933623282705,1
22400171,1610612737,ATL,101.9750815788284,105,100,104,92.48479447234422,1
22400171,1610612752,NYK,92.48479447234422,104,84,105,101.9750815788284,0
22400172,1610612738,BOS,81.16977001796477,95,90,98,84.8370472653769,0
22400172,1610612744,GSW,84.8370472653769,98,91,95,81.16977001796477,1
22400173,1610612745,HOU,103.57139347447082,118,96,88,81.68893250217661,1
22400173,1610612759,SAS,81.68893250217661,88,83,118,103.57139347447082,0
22400174,1610612747,LAL,104.00259339693002,97,93,113,116.11144872941077,0
22400174,1610612763,MEM,116.11144872941077,113,93,97,104.00259339693002,1
22400175,1610612739,CLE,113.78763244929723,121,96,97,93.8941454552114,1
22400175,1610612740,NOP,93.8941454552114,97,88,121,113.78763244929723,0
22400176,1610612741,CHI,83.90561978239566,84,86,102,105.31165300123394,0
22400176,1610612742,DAL,105.31165300123394,102,93,84,83.90561978239566,1
22400177,1610612743,DEN,107.96231194306165,100,89,104,116.3147158510983,0
22400177,1610612760,OKC,116.3147158510983,104,100,100,107.96231194306165,1
22400178,1610612748,MIA,99.89534482685849,93,92,102,102.14119908167049,0
22400178,1610612756,PHX,102.14119908167049,102,84,93,99.89534482685849,1
22400179,1610612746,LAC,89.61056328215636,94,72,87,84.96386602474377,1
22400179,1610612755,PHI,84.96386602474377,87,73,94,89.61056328215636,0
22400180,1610612758,SAC,108.65307708433829,94,90,96,108.18053121236153,0
22400180,1610612761,TOR,108.18053121236153,96,88,94,108.65307708433829,1
22400181,1610612741,CHI,111.72506700549275,109,88,118,124.59706554794684,0
22400181,1610612750,MIN,124.59706554794684,118,93,109,111.72506700549275,1
22400182,1610612749,MIL,109.65698513272218,101,84,83,99.02978293225169,1
22400182,1610612762,UTA,99.02978293225169,83,77,101,109.65698513272218,0
22400183,1610612757,POR,105.33530162530951,91,86,104,101.71124279638752,0
22400183,1610612759,SAS,101.71124279638752,104,82,91,105.33530162530951,1
22400184,1610612754,IND,79.42428745888174,75,83,93,96.20726244873367,0
22400184,1610612766,CHA,96.20726244873367,93,90,75,79.42428745888174,1
22400185,1610612737,ATL,94.42137577664107,103,97,101,79.33448483515531,1
22400185,1610612765,DET,79.33448483515531,101,86,103,94.42137577664107,0
22400186,1610612740,NOP,87.72087745927274,74,84,98,105.56918208417483,0
22400186,1610612753,ORL,105.56918208417483,98,86,74,87.72087745927274,1
22400187,1610612738,BOS,105.3614304959774,92,90,92,101.40611936338246,0
22400187,1610612751,BKN,101.40611936338246,92,100,92,105.3614304959774,0
22400188,1610612739,CLE,101.4091863501817,112,85,107,97.32660577027127,1
22400188,1610612744,GSW,97.32660577027127,107,98,112,101.4091863501817,0
22400189,1610612749,MIL,82.41072260960937,79,83,100,101.38531853933819,0
22400189,1610612752,NYK,101.38531853933819,100,91,79,82.41072260960937,1
22400190,1610612742,DAL,97.09537060186267,93,80,101,103.62482361635193,0
22400190,1610612756,PHX,103.62482361635193,101,86,93,97.09537060186267,1
22400191,1610612763,MEM,104.07648215582594,106,97,85,83.44784667971544,1
22400191,1610612764,WAS,83.44784667971544,85,93,106,104.07648215582594,0
22400192,1610612745,HOU,88.95597018161789,89,90,106,95.8591671702452,0
22400192,1610612760,OKC,95.8591671702452,106,90,89,88.95597018161789,1
22400193,1610612750,MIN,103.35288441879675,116,97,84,73.54496348649263,1
22400193,1610612757,POR,73.54496348649263,84,91,116,103.35288441879675,0
22400194,1610612743,DEN,119.67696495121345,118,81,112,127.13945927750319,1
22400194,1610612748,MIA,127.13945927750319,112,94,118,119.67696495121345,0
22400195,1610612747,LAL,98.68903057370335,104,85,91,86.5279332746286,1
22400195,1610612755,PHI,86.5279332746286,91,96,104,98.68903057370335,0
22400196,1610612746,LAC,95.31568328104913,86,81,77,77.15744392294437,1
22400196,1610612758,SAC,77.15744392294437,77,78,86,95.31568328104913,0
22400197,1610612759,SAS,94.77209232281893,93,85,86,101.44445923529565,1
22400197,1610612762,UTA,101.44445923529565,86,82,93,94.77209232281893,0
22400198,1610612737,ATL,94.50079102534801,91,89,105,97.90508578065783,0
22400198,1610612741,CHI,97.90508578065783,105,92,91,94.50079102534801,1
22400199,1610612739,CLE,92.74448028672487,90,74,83,77.20378436893225,1
22400199,1610612751,BKN,77.20378436893225,83,76,90,92.74448028672487,0
22400200,1610612746,LAC,69.76173058431596,80,76,91,84.28849437460303,0
22400200,1610612761,TOR,84.28849437460303,91,95,80,69.76173058431596,1
22400201,1610612745,HOU,84.69978953478858,83,93,83,79.50775395007804,0
22400201,1610612765,DET,79.50775395007804,83,84,83,84.69978953478858,0
22400202,1610612738,BOS,108.49573365412652,89,86,91,104.56085227360018,0
22400202,1610612749,MIL,104.56085227360018,91,81,89,108.49573365412652,1
22400203,1610612752,NYK,93.3790065292269,99,83,111,100.03158876625821,0
22400203,1610612754,IND,100.03158876625821,111,88,99,93.3790065292269,1
22400204,1610612753,ORL,115.39309253415558,99,91,76,80.57588300155476,1
22400204,1610612764,WAS,80.57588300155476,76,72,99,115.39309253415558,0
22400205,1610612755,PHI,86.09858346008696,87,84,86,99.249672843609,1
22400205,1610612766,CHA,99.249672843609,86,95,87,86.09858346008696,0
22400206,1610612748,MIA,80.68359055230394,79,77,83,79.20755306910723,0
22400206,1610612750,MIN,79.20755306910723,83,88,79,80.68359055230394,1
22400207,1610612744,GSW,103.0121331741102,111,89,95,93.52193496050313,1
22400207,1610612760,OKC,93.52193496050313,95,94,111,103.0121331741102,0
22400208,1610612742,DAL,108.83973905490711,106,90,104,106.55193043500185,1
22400208,1610612743,DEN,106.55193043500185,104,89,106,108.83973905490711,0
22400209,1610612756,PHX,118.91352438507602,106,105,111,113.48083268268965,0
22400209,1610612758,SAC,113.48083268268965,111,102,106,118.91352438507602,1
22400210,1610612757,POR,95.14070080476813,72,100,110,109.69112061266787,0
22400210,1610612763,MEM,109.69112061266787,110,85,72,95.14070080476813,1
22400211,1610612747,LAL,106.30822654440999,100,86,84,90.11562475701794,1
22400211,1610612761,TOR,90.11562475701794,84,82,100,106.30822654440999,0
22400212,1610612739,CLE,92.25165293319151,101,97,100,87.04510546009988,1
22400212,1610612741,CHI,87.04510546009988,100,87,101,92.25165293319151,0
22400213,1610612745,HOU,82.77268483187072,85,87,83,86.44658662611619,1
22400213,1610612764,WAS,86.44658662611619,83,88,85,82.77268483187072,0
22400214,1610612740,NOP,104.20338280778378,94,94,91,90.08413349930197,1
22400214,1610612751,BKN,90.08413349930197,91,84,94,104.20338280778378,0
22400215,1610612746,LAC,95.96677603526041,108,80,112,107.08964015264064,0
22400215,1610612760,OKC,107.08964015264064,112,91,108,95.96677603526041,1
22400216,1610612758,SAC,106.63145458791405,88,91,108,113.61802248470485,0
22400216,1610612759,SAS,113.61802248470485,108,85,88,106.63145458791405,1
22400217,1610612753,ORL,81.83444759994745,81,85,74,82.76679295161739,1
22400217,1610612754,IND,82.76679295161739,74,84,81,81.83444759994745,0
22400218,1610612738,BOS,112.52930607413873,122,93,99,92.76690398808569,1
22400218,1610612751,BKN,92.76690398808569,99,79,122,112.52930607413873,0
22400219,1610612741,CHI,97.19189480738714,102,82,111,109.0059421074111,0
22400219,1610612752,NYK,109.0059421074111,111,94,102,97.19189480738714,1
22400220,1610612739,CLE,101.4348215518985,100,85,96,96.73787082894705,1
22400220,1610612755,PHI,96.73787082894705,96,92,100,101.4348215518985,0
22400221,1610612740,NOP,83.56036688806489,77,86,93,103.21732754074037,0
22400221,1610612760,OKC,103.21732754074037,93,88,77,83.56036688806489,1
22400222,1610612745,HOU,104.57440628111362,99,97,90,106.71759672649205,1
22400222,1610612746,LAC,106.71759672649205,90,96,99,104.57440628111362,0
22400223,1610612749,MIL,113.61430756608024,105,95,110,121.21876217378303,0
22400223,1610612765,DET,121.21876217378303,110,100,105,113.61430756608024,1
22400224,1610612759,SAS,117.98366460902616,114,92,116,135.17574142594822,0
22400224,1610612764,WAS,135.17574142594822,116,95,114,117.98366460902616,1
22400225,1610612747,LAL,103.12410137010738,106,85,96,97.61819753237069,1
22400225,1610612763,MEM,97.61819753237069,96,89,106,103.12410137010738,0
22400226,1610612750,MIN,73.26942803454585,81,94,85,71.83113965438679,0
22400226,1610612757,POR,71.83113965438679,85,83,81,73.26942803454585,1
22400227,1610612756,PHX,74.99574165930972,85,97,115,99.64072728157043,0
22400227,1610612758,SAC,99.64072728157043,115,78,85,74.99574165930972,1
22400228,1610612742,DAL,95.13478206004947,98,85,99,103.2988505687099,0
22400228,1610612762,UTA,103.2988505687099,99,85,98,95.13478206004947,1
22400229,1610612749,MIL,92.21977549837902,109,92,97,88.19414816680364,1
22400229,1610612766,CHA,88.19414816680364,97,93,109,92.21977549837902,0
22400230,1610612738,BOS,105.1951876480598,109,99,109,97.4940014523454,0
22400230,1610612761,TOR,97.4940014523454,109,98,109,105.1951876480598,0
22400231,1610612740,NOP,79.72823703661561,81,83,90,87.79529347969219,0
22400231,1610612747,LAL,87.79529347969219,90,89,81,79.72823703661561,1
22400232,1610612742,DAL,84.9823913378641,96,94,67,66.59700420731679,1
22400232,1610612759,SAS,66.59700420731679,67,88,96,84.9823913378641,0
22400233,1610612758,SAC,98.12118591135368,103,83,86,83.15640611201525,1
22400233,1610612762,UTA,83.15640611201525,86,75,103,98.12118591135368,0
22400234,1610612750,MIN,98.09397030668333,101,80,106,102.07218381692655,0
22400234,1610612756,PHX,102.07218381692655,106,85,101,98.09397030668333,1
22400235,1610612748,MIA,100.91469862987287,91,90,101,104.75473711686209,0
22400235,1610612754,IND,104.75473711686209,101,85,91,100.91469862987287,1
22400236,1610612739,CLE,101.03702182043344,101,77,104,113.93667899421416,0
22400236,1610612766,CHA,113.93667899421416,104,103,101,101.03702182043344,1
22400237,1610612764,WAS,81.89771240204573,90,83,109,98.11513097770512,0
22400237,1610612765,DET,98.11513097770512,109,97,90,81.89771240204573,1
22400238,1610612743,DEN,85.01900065224618,80,84,95,96.63132912945002,0
22400238,1610612763,MEM,96.63132912945002,95,91,80,85.01900065224618,1
22400239,1610612737,ATL,86.10747411241755,89,85,102,102.02396509726532,0
22400239,1610612757,POR,102.02396509726532,102,95,89,86.10747411241755,1
22400240,1610612751,BKN,76.63045471860096,81,76,99,98.61105104582384,0
22400240,1610612752,NYK,98.61105104582384,99,88,81,76.63045471860096,1
22400241,1610612741,CHI,92.67009664769284,86,107,120,119.62381559796631,0
22400241,1610612745,HOU,119.62381559796631,120,105,86,92.67009664769284,1
22400242,1610612742,DAL,92.49293249007314,91,84,100,95.97735673794523,0
22400242,1610612760,OKC,95.97735673794523,100,87,91,92.49293249007314,1
22400243,1610612746,LAC,110.03081730380654,103,94,90,92.9373793178238,1
22400243,1610612762,UTA,92.9373793178238,90,79,103,110.03081730380654,0
22400244,1610612741,CHI,114.09497247077525,111,91,99,106.93223528424278,1
22400244,1610612765,DET,106.93223528424278,99,98,111,114.09497247077525,0
22400245,1610612748,MIA,92.17803091416135,85,87,80,90.23153446963988,1
22400245,1610612755,PHI,90.23153446963988,80,84,85,92.17803091416135,0
22400246,1610612752,NYK,120.53894298989326,122,91,97,93.82882078178227,1
22400246,1610612764,WAS,93.82882078178227,97,91,122,120.53894298989326,0
22400247,1610612754,IND,103.23674218263477,103,99,110,101.55861164536327,0
22400247,1610612761,TOR,101.55861164536327,110,82,103,103.23674218263477,1
22400248,1610612745,HOU,92.14500490226783,89,100,89,93.45706642884761,0
22400248,1610612749,MIL,93.45706642884761,89,83,89,92.14500490226783,0
22400249,1610612753,ORL,88.26172769232653,89,76,82,87.29956771759316,1
22400249,1610612756,PHX,87.29956771759316,82,83,89,88.26172769232653,0
22400250,1610612737,ATL,92.40458104666322,94,83,94,83.9588446028065,0
22400250,1610612758,SAC,83.9588446028065,94,85,94,92.40458104666322,0
22400251,1610612744,GSW,88.59493094077334,90,84,86,95.06193843390793,1
22400251,1610612746,LAC,95.06193843390793,86,82,90,88.59493094077334,0
22400252,1610612739,CLE,121.06179011892527,116,93,86,99.63073615683243,1
22400252,1610612740,NOP,99.63073615683243,86,92,116,121.06179011892527,0
22400253,1610612741,CHI,98.53569475968834,99,88,101,107.16811389150098,0
22400253,1610612749,MIL,107.16811389150098,101,80,99,98.53569475968834,1
22400254,1610612745,HOU,111.2223235797137,106,102,93,98.00499802036211,1
22400254,1610612754,IND,98.00499802036211,93,83,106,111.2223235797137,0
22400255,1610612755,PHI,98.31075048213825,89,87,101,108.44866326218471,0
22400255,1610612763,MEM,108.44866326218471,101,85,89,98.31075048213825,1
22400256,1610612757,POR,76.3952558063902,79,79,89,83.3590718889609,0
22400256,1610612760,OKC,83.3590718889609,89,91,79,76.3952558063902,1
22400257,1610612752,NYK,111.69404781423509,119,86,109,90.85368581768125,1
22400257,1610612756,PHX,90.85368581768125,109,92,119,111.69404781423509,0
22400258,1610612737,ATL,68.9702738407068,82,105,108,84.20960299298167,0
22400258,1610612744,GSW,84.20960299298167,108,101,82,68.9702738407068,1
22400259,1610612746,LAC,88.11506687803194,87,77,74,69.53420852404088,1
22400259,1610612753,ORL,69.53420852404088,74,75,87,88.11506687803194,0
22400260,1610612765,DET,87.0876731488388,101,99,108,83.43129375344142,0
22400260,1610612766,CHA,83.43129375344142,108,93,101,87.0876731488388,1
22400261,1610612750,MIN,78.16741136321798,78,80,81,68.98919741949067,0
22400261,1610612761,TOR,68.98919741949067,81,72,78,78.16741136321798,1
22400262,1610612759,SAS,81.63260799855925,91,88,95,97.19270124007016,0
22400262,1610612762,UTA,97.19270124007016,95,98,91,81.63260799855925,1
22400263,1610612747,LAL,93.25678327144124,101,87,101,102.52862790971994,0
22400263,1610612753,ORL,102.52862790971994,101,91,101,93.25678327144124,0
22400264,1610612752,NYK,98.49272251944058,95,100,107,104.25156074692495,0
22400264,1610612762,UTA,104.25156074692495,107,87,95,98.49272251944058,1
22400265,1610612753,ORL,107.1706912200898,92,87,83,95.62651112861931,1
22400265,1610612765,DET,95.62651112861931,83,75,92,107.1706912200898,0
22400266,1610612741,CHI,105.39658865518868,117,97,129,119.25923147471622,0
22400266,1610612763,MEM,119.25923147471622,129,96,117,105.39658865518868,1
22400267,1610612745,HOU,70.72937797056511,72,90,86,85.30648135277443,0
22400267,1610612757,POR,85.30648135277443,86,90,72,70.72937797056511,1
22400268,1610612749,MIL,93.90753894066438,104,89,101,106.82571836770512,1
22400268,1610612766,CHA,106.82571836770512,101,100,104,93.90753894066438,0
22400269,1610612744,GSW,103.19911706913263,86,95,89,95.18886236706749,0
22400269,1610612759,SAS,95.18886236706749,89,85,86,103.19911706913263,1
22400270,1610612743,DEN,116.12059731082991,116,82,91,87.43175311479717,1
22400270,1610612747,LAL,87.43175311479717,91,88,116,116.12059731082991,0
22400271,1610612738,BOS,93.95474084909074,95,87,89,96.5158798515331,1
22400271,1610612750,MIN,96.5158798515331,89,88,95,93.95474084909074,0
22400272,1610612754,IND,101.6848858371377,94,86,83,83.12804072163999,1
22400272,1610612764,WAS,83.12804072163999,83,79,94,101.6848858371377,0
22400273,1610612742,DAL,113.19891519704834,98,105,106,100.52103919594083,0
22400273,1610612748,MIA,100.52103919594083,106,107,98,113.19891519704834,1
22400274,1610612746,LAC,107.62970760371536,106,81,77,82.06245597777888,1
22400274,1610612755,PHI,82.06245597777888,77,86,106,107.62970760371536,0
22400275,1610612739,CLE,107.87641487782821,112,97,86,75.0696610333398,1
22400275,1610612761,TOR,75.0696610333398,86,92,112,107.87641487782821,0
22400276,1610612751,BKN,78.20829021418467,91,75,83,85.05398820759729,1
22400276,1610612758,SAC,85.05398820759729,83,77,91,78.20829021418467,0
22400277,1610612753,ORL,74.19621013128199,86,94,69,62.56283861049451,1
22400277,1610612766,CHA,62.56283861049451,69,75,86,74.19621013128199,0
22400278,1610612761,TOR,75.58229810174089,92,104,80,79.89459138736129,1
22400278,1610612765,DET,79.89459138736129,80,76,92,75.58229810174089,0
22400279,1610612740,NOP,89.94846786791459,99,87,103,111.61592584708706,0
22400279,1610612754,IND,111.61592584708706,103,91,99,89.94846786791459,1
22400280,1610612737,ATL,108.20297129359096,105,101,110,105.4068756448105,0
22400280,1610612742,DAL,105.4068756448105,110,94,105,108.20297129359096,1
22400281,1610612738,BOS,104.13581717107445,112,88,85,80.75830462248996,1
22400281,1610612746,LAC,80.75830462248996,85,90,112,104.13581717107445,0
22400282,1610612757,POR,80.10799923702143,76,102,98,92.31286192405969,0
22400282,1610612763,MEM,92.31286192405969,98,87,76,80.10799923702143,1
22400283,1610612743,DEN,94.20468464237638,93,92,131,134.66631622239947,0
22400283,1610612752,NYK,134.66631622239947,131,92,93,94.20468464237638,1
22400284,1610612744,GSW,106.06345297396183,109,93,102,94.40855568344705,1
22400284,1610612751,BKN,94.40855568344705,102,83,109,106.06345297396183,0
22400285,1610612758,SAC,97.3571126316674,92,87,110,106.3050656793639,0
22400285,1610612760,OKC,106.3050656793639,110,86,92,97.3571126316674,1
22400286,1610612748,MIA,80.75848040403798,80,73,91,87.5019420646131,0
22400286,1610612766,CHA,87.5019420646131,91,98,80,80.75848040403798,1
22400287,1610612737,ATL,115.53006221726537,112,97,103,103.90984414657578,1
22400287,1610612739,CLE,103.90984414657578,103,95,112,115.53006221726537,0
22400288,1610612754,IND,114.45104942284524,105,94,104,108.20754844555631,1
22400288,1610612757,POR,108.20754844555631,104,87,105,114.45104942284524,0
22400289,1610612741,CHI,107.73737610620447,108,87,107,108.59728809632361,1
22400289,1610612753,ORL,108.59728809632361,107,90,108,107.73737610620447,0
22400290,1610612745,HOU,97.21925014536828,90,88,98,110.13707321905531,0
22400290,1610612755,PHI,110.13707321905531,98,96,90,97.21925014536828,1
22400291,1610612746,LAC,86.53946205414832,102,89,78,73.50592084554955,1
22400291,1610612764,WAS,73.50592084554955,78,85,102,86.53946205414832,0
22400292,1610612742,DAL,115.6018475475721,113,85,87,83.3576422217302,1
22400292,1610612752,NYK,83.3576422217302,87,86,113,115.6018475475721,0
22400293,1610612763,MEM,119.82252615178004,119,93,93,102.1142882341519,1
22400293,1610612765,DET,102.1142882341519,93,85,119,119.82252615178004,0
22400294,1610612750,MIN,85.2851484073326,80,74,104,113.5778164928779,0
22400294,1610612758,SAC,113.5778164928779,104,94,80,85.2851484073326,1
22400295,1610612740,NOP,94.73076610849239,83,93,115,111.3035426356364,0
22400295,1610612761,TOR,111.3035426356364,115,95,83,94.73076610849239,1
22400296,1610612747,LAL,108.51573965023272,109,90,86,83.882822397165,1
22400296,1610612759,SAS,83.882822397165,86,85,109,108.51573965023272,0
22400297,1610612751,BKN,110.80508179659955,106,87,94,91.49491766607389,1
22400297,1610612756,PHX,91.49491766607389,94,77,106,110.80508179659955,0
22400298,1610612743,DEN,103.17551333550364,103,84,92,98.39256560150534,1
22400298,1610612762,UTA,98.39256560150534,92,90,103,103.17551333550364,0
22400299,1610612744,GSW,94.87696160189807,86,98,89,88.54156251810491,0
22400299,1610612760,OKC,88.54156251810491,89,85,86,94.87696160189807,1
22400300,1610612737,ATL,75.50668498175219,86,78,88,79.45634872512892,0
22400300,1610612766,CHA,79.45634872512892,88,94,86,75.50668498175219,1
22400301,1610612755,PHI,90.03402339620516,95,85,81,90.45595022430643,1
22400301,1610612765,DET,90.45595022430643,81,91,95,90.03402339620516,0
22400302,1610612749,MIL,105.4702789769508,104,86,91,96.02810968202539,1
22400302,1610612764,WAS,96.02810968202539,91,87,104,105.4702789769508,0
22400303,1610612744,GSW,99.74605654273182,90,92,94,93.49340743524954,0
22400303,1610612756,PHX,93.49340743524954,94,79,90,99.74605654273182,1
22400304,1610612742,DAL,85.81102929450572,97,90,77,79.54317104257643,1
22400304,1610612762,UTA,79.54317104257643,77,95,97,85.81102929450572,0
22400305,1610612751,BKN,72.62153424415737,68,79,75,85.10149538703263,0
22400305,1610612753,ORL,85.10149538703263,75,74,68,72.62153424415737,1
22400306,1610612754,IND,96.87463842355646,100,90,114,106.83749513374642,0
22400306,1610612763,MEM,106.83749513374642,114,93,100,96.87463842355646,1
22400307,1610612738,BOS,100.4419351988472,93,95,95,93.11670790286735,0
22400307,1610612739,CLE,93.11670790286735,95,80,93,100.4419351988472,1
22400308,1610612740,NOP,70.04394152760506,74,94,104,95.57964692637324,0
22400308,1610612752,NYK,95.57964692637324,104,92,74,70.04394152760506,1
22400309,1610612748,MIA,92.44199224095792,93,88,104,103.88657775102183,0
22400309,1610612761,TOR,103.88657775102183,104,88,93,92.44199224095792,1
22400310,1610612745,HOU,89.8862769054249,89,92,97,105.1206487333402,0
22400310,1610612760,OKC,105.1206487333402,97,94,89,89.8862769054249,1
22400311,1610612747,LAL,82.49782391707413,85,88,94,87.80028023943305,0
22400311,1610612762,UTA,87.80028023943305,94,79,85,82.49782391707413,1
22400312,1610612742,DAL,91.34686431614682,114,87,116,94.54992334288545,0
22400312,1610612757,POR,94.54992334288545,116,84,114,91.34686431614682,1
22400313,1610612758,SAC,123.3095627296716,106,101,107,101.59859626088291,0
22400313,1610612759,SAS,101.59859626088291,107,82,106,123.3095627296716,1
22400314,1610612743,DEN,98.73741169925779,112,88,104,110.25682982220314,1
22400314,1610612746,LAC,110.25682982220314,104,90,112,98.73741169925779,0
22400315,1610612737,ATL,104.84781536785886,108,96,101,91.82121165585704,1
22400315,1610612740,NOP,91.82121165585704,101,100,108,104.84781536785886,0
22400316,1610612738,BOS,96.03896434954368,97,89,70,71.11181033984758,1
22400316,1610612748,MIA,71.11181033984758,70,87,97,96.03896434954368,0
22400317,1610612741,CHI,102.53766117338091,112,92,90,79.45658122445457,1
22400317,1610612751,BKN,79.45658122445457,90,95,112,102.53766117338091,0
22400318,1610612747,LAL,69.95799786876887,70,79,97,91.57621501479298,0
22400318,1610612750,MIN,91.57621501479298,97,81,70,69.95799786876887,1
22400319,1610612738,BOS,112.1298312144354,111,94,106,101.15776184760034,1
22400319,1610612765,DET,101.15776184760034,106,84,111,112.1298312144354,0
22400320,1610612751,BKN,89.35585910850205,82,81,72,72.87148538371548,1
22400320,1610612754,IND,72.87148538371548,72,75,82,89.35585910850205,0
22400321,1610612747,LAL,78.12093255342916,79,88,128,105.40964295435697,0
22400321,1610612748,MIA,105.40964295435697,128,90,79,78.12093255342916,1
22400322,1610612753,ORL,90.00284051848575,90,84,91,91.00800131564029,0
22400322,1610612755,PHI,91.00800131564029,91,82,90,90.00284051848575,1
22400323,1610612737,ATL,101.7455229551997,99,102,81,72.15238104201853,1
22400323,1610612749,MIL,72.15238104201853,81,78,99,101.7455229551997,0
22400324,1610612746,LAC,66.44193819630891,69,83,98,96.48924322519451,0
22400324,1610612750,MIN,96.48924322519451,98,85,69,66.44193819630891,1
22400325,1610612739,CLE,117.54531370615587,116,94,98,100.61679990100674,1
22400325,1610612743,DEN,100.61679990100674,98,96,116,117.54531370615587,0
22400326,1610612742,DAL,100.69591805734672,116,89,91,70.32877059420571,1
22400326,1610612764,WAS,70.32877059420571,91,99,116,100.69591805734672,0
22400327,1610612752,NYK,101.55697845225222,100,76,95,94.6525774882175,1
22400327,1610612766,CHA,94.6525774882175,95,89,100,101.55697845225222,0
22400328,1610612760,OKC,108.58478055987507,115,102,75,78.4248676688876,1
22400328,1610612761,TOR,78.4248676688876,75,90,115,108.58478055987507,0
22400329,1610612758,SAC,83.27471791743301,86,98,89,85.82162926346064,0
22400329,1610612763,MEM,85.82162926346064,89,80,86,83.27471791743301,1
22400330,1610612740,NOP,92.41868896968663,108,95,103,87.87100025871769,1
22400330,1610612756,PHX,87.87100025871769,103,85,108,92.41868896968663,0
22400331,1610612741,CHI,101.7883031242527,121,90,96,83.79943182133138,1
22400331,1610612759,SAS,83.79943182133138,96,95,121,101.7883031242527,0
22400332,1610612744,GSW,94.43665054487064,81,86,80,78.90707448823377,1
22400332,1610612745,HOU,78.90707448823377,80,93,81,94.43665054487064,0
22400333,1610612753,ORL,84.54919822677039,79,78,83,85.35017147287726,0
22400333,1610612755,PHI,85.35017147287726,83,79,79,84.54919822677039,1
22400334,1610612737,ATL,121.78862527804449,117,100,118,117.58056607819162,0
22400334,1610612747,LAL,117.58056607819162,118,99,117,121.78862527804449,1
22400335,1610612738,BOS,98.49899654916953,97,87,91,94.35813093418255,1
22400335,1610612749,MIL,94.35813093418255,91,94,97,98.49899654916953,0
22400336,1610612741,CHI,105.29801742639393,113,97,122,119.50546858063899,0
22400336,1610612754,IND,119.50546858063899,122,92,113,105.29801742639393,1
22400337,1610612758,SAC,123.74425804242492,118,90,92,107.45695528783835,1
22400337,1610612759,SAS,107.45695528783835,92,91,118,123.74425804242492,0
22400338,1610612744,GSW,73.88003517966717,75,82,94,79.92623534286395,0
22400338,1610612750,MIN,79.92623534286395,94,88,75,73.88003517966717,1
22400339,1610612757,POR,95.11173057416454,88,95,120,126.66072524921037,0
22400339,1610612762,UTA,126.66072524921037,120,96,88,95.11173057416454,1
22400340,1610612739,CLE,100.33716121106409,98,84,85,95.00475574936718,1
22400340,1610612766,CHA,95.00475574936718,85,86,98,100.33716121106409,0
22400341,1610612743,DEN,92.01504119066522,97,95,106,98.3819925726857,0
22400341,1610612764,WAS,98.3819925726857,106,93,97,92.01504119066522,1
22400342,1610612740,NOP,87.4111841134727,87,79,102,105.50467732874677,0
22400342,1610612760,OKC,105.50467732874677,102,85,87,87.4111841134727,1
22400343,1610612752,NYK,92.33623048197478,95,79,104,102.22703542001545,0
22400343,1610612765,DET,102.22703542001545,104,83,95,92.33623048197478,1
22400344,1610612742,DAL,91.21472456818447,93,81,101,94.69267123239115,0
22400344,1610612761,TOR,94.69267123239115,101,93,93,91.21472456818447,1
22400345,1610612738,BOS,102.13596410909668,102,105,109,102.02731076721102,0
22400345,1610612763,MEM,102.02731076721102,109,94,102,102.13596410909668,1
22400346,1610612748,MIA,108.65526318643242,103,86,88,96.8430800344795,1
22400346,1610612756,PHX,96.8430800344795,88,82,103,108.65526318643242,0
22400347,1610612741,CHI,85.13277475349605,89,86,95,105.50497089559212,0
22400347,1610612755,PHI,105.50497089559212,95,92,89,85.13277475349605,1
22400348,1610612749,MIL,98.35997995571233,93,68,98,93.57524693454616,0
22400348,1610612751,BKN,93.57524693454616,98,81,93,98.35997995571233,1
22400349,1610612754,IND,96.40477092098445,96,82,94,91.71064382675104,1
22400349,1610612766,CHA,91.71064382675104,94,78,96,96.40477092098445,0
22400350,1610612737,ATL,100.03497491311282,91,101,124,118.77203376451507,0
22400350,1610612743,DEN,118.77203376451507,124,89,91,100.03497491311282,1
22400351,1610612739,CLE,98.91989600099623,96,86,98,106.84394865389913,0
22400351,1610612748,MIA,106.84394865389913,98,86,96,98.91989600099623,1
22400352,1610612753,ORL,92.62385642016307,96,88,91,89.58437764458358,1
22400352,1610612756,PHX,89.58437764458358,91,83,96,92.62385642016307,0
22400353,1610612763,MEM,113.03490508138202,117,96,92,90.28476306376979,1
22400353,1610612764,WAS,90.28476306376979,92,100,117,113.03490508138202,0
22400354,1610612740,NOP,83.34982496732846,99,99,96,83.60731590492651,1
22400354,1610612759,SAS,83.60731590492651,96,93,99,83.34982496732846,0
22400355,1610612744,GSW,103.05311937769875,100,90,91,77.59249935438856,1
22400355,1610612750,MIN,77.59249935438856,91,79,100,103.05311937769875,0
22400356,1610612745,HOU,97.56268161116168,95,82,93,97.60216887830757,1
22400356,1610612746,LAC,97.60216887830757,93,92,95,97.56268161116168,0
22400357,1610612758,SAC,125.10791003634222,136,100,77,72.49846731964499,1
22400357,1610612762,UTA,72.49846731964499,77,80,136,125.10791003634222,0
22400358,1610612747,LAL,89.71863926155493,89,83,79,75.72229744680226,1
22400358,1610612757,POR,75.72229744680226,79,84,89,89.71863926155493,0
22400359,1610612752,NYK,105.42599424393848,101,82,99,101.40054081939161,1
22400359,1610612761,TOR,101.40054081939161,99,96,101,105.42599424393848,0
22400360,1610612762,UTA,85.4166661852505,98,83,105,92.73300372017547,0
22400360,1610612765,DET,92.73300372017547,105,105,98,85.4166661852505,1
22400361,1610612753,ORL,68.67168882768601,81,78,90,85.85500683216378,0
22400361,1610612760,OKC,85.85500683216378,90,83,81,68.67168882768601,1
22400362,1610612764,WAS,96.72150411410257,99,83,94,95.93601780780591,1
22400362,1610612766,CHA,95.93601780780591,94,106,99,96.72150411410257,0
22400363,1610612738,BOS,84.5271650213981,90,97,103,97.91419215430506,0
22400363,1610612741,CHI,97.91419215430506,103,94,90,84.5271650213981,1
22400364,1610612751,BKN,77.63577249250375,75,82,83,85.51181853888556,0
22400364,1610612761,TOR,85.51181853888556,83,86,75,77.63577249250375,1
22400365,1610612740,NOP,101.91827414627187,95,92,117,108.86043772054836,0
22400365,1610612745,HOU,108.86043772054836,117,87,95,101.91827414627187,1
22400366,1610612744,GSW,90.34251100639813,76,90,133,125.83799478411674,0
22400366,1610612763,MEM,125.83799478411674,133,98,76,90.34251100639813,1
22400367,1610612750,MIN,97.21380996936932,99,89,120,123.46795321861282,0
22400367,1610612752,NYK,123.46795321861282,120,97,99,97.21380996936932,1
22400368,1610612742,DAL,78.7089562129695,75,86,102,94.97901381691918,0
22400368,1610612746,LAC,94.97901381691918,102,85,75,78.7089562129695,1
22400369,1610612754,IND,80.20710555510595,94,89,89,88.20646432647482,1
22400369,1610612756,PHX,88.20646432647482,89,82,94,80.20710555510595,0
22400370,1610612737,ATL,99.72873024595901,108,97,117,103.66187750478275,0
22400370,1610612759,SAS,103.66187750478275,117,101,108,99.72873024595901,1
22400371,1610612743,DEN,103.22904591704719,109,87,106,96.8715328196995,1
22400371,1610612757,POR,96.8715328196995,106,97,109,103.22904591704719,0
22400372,1610612747,LAL,79.54788714507595,88,94,85,85.65177490189672,1
22400372,1610612758,SAC,85.65177490189672,85,82,88,79.54788714507595,0
22400373,1610612755,PHI,79.10867054620758,94,83,82,71.03471386106685,1
22400373,1610612766,CHA,71.03471386106685,82,78,94,79.10867054620758,0
22400374,1610612739,CLE,105.08578573958948,112,91,90,84.18430916545913,1
22400374,1610612749,MIL,84.18430916545913,90,85,112,105.08578573958948,0
22400375,1610612748,MIA,87.440201979829,84,83,92,86.07426195591688,0
22400375,1610612760,OKC,86.07426195591688,92,86,84,87.440201979829,1
22400376,1610612747,LAL,79.76948958775029,89,83,88,79.31875985208899,1
22400376,1610612758,SAC,79.31875985208899,88,90,89,79.76948958775029,0
22400377,1610612748,MIA,75.89350466616452,81,75,97,88.58444326906465,0
22400377,1610612753,ORL,88.58444326906465,97,87,81,75.89350466616452,1
22400378,1610612737,ATL,88.4219574762974,92,80,118,102.49332314357162,0
22400378,1610612763,MEM,102.49332314357162,118,97,92,88.4219574762974,1
22400379,1610612751,BKN,84.20417926367372,83,94,96,97.75983636081219,0
22400379,1610612762,UTA,97.75983636081219,96,86,83,84.20417926367372,1
22400380,1610612739,CLE,107.8315008317586,118,90,79,85.38739478914067,1
22400380,1610612755,PHI,85.38739478914067,79,85,118,107.8315008317586,0
22400381,1610612738,BOS,119.26305229915306,111,100,88,101.21596267167479,1
22400381,1610612741,CHI,101.21596267167479,88,98,111,119.26305229915306,0
22400382,1610612749,MIL,87.24931513983756,108,98,90,91.25303648668341,1
22400382,1610612764,WAS,91.25303648668341,90,81,108,87.24931513983756,0
22400383,1610612744,GSW,97.48469480755739,96,87,86,92.76718735368922,1
22400383,1610612750,MIN,92.76718735368922,86,86,96,97.48469480755739,0
22400384,1610612740,NOP,77.16431509610265,80,83,91,69.92617075331509,0
22400384,1610612752,NYK,69.92617075331509,91,87,80,77.16431509610265,1
22400385,1610612742,DAL,94.69612718792632,94,88,78,79.54523844318464,1
22400385,1610612746,LAC,79.54523844318464,78,81,94,94.69612718792632,0
22400386,1610612757,POR,111.9538067819085,88,96,98,101.59345054673031,0
22400386,1610612759,SAS,101.59345054673031,98,93,88,111.9538067819085,1
22400387,1610612756,PHX,88.86613398045301,104,78,117,102.34366757050157,0
22400387,1610612765,DET,102.34366757050157,117,89,104,88.86613398045301,1
22400388,1610612745,HOU,76.21168028237298,87,89,101,91.03336103493348,0
22400388,1610612761,TOR,91.03336103493348,101,92,87,76.21168028237298,1
22400389,1610612754,IND,106.24679874395952,117,86,82,92.65423938026652,1
22400389,1610612758,SAC,92.65423938026652,82,96,117,106.24679874395952,0
22400390,1610612740,NOP,120.06686871359125,112,108,108,105.50554364081472,1
22400390,1610612743,DEN,105.50554364081472,108,97,112,120.06686871359125,0
22400391,1610612745,HOU,107.331161061069,99,99,84,83.5608688769862,1
22400391,1610612766,CHA,83.5608688769862,84,89,99,107.331161061069,0
22400392,1610612739,CLE,113.06505908025429,106,91,95,96.9534383811988,1
22400392,1610612762,UTA,96.9534383811988,95,92,106,113.06505908025429,0
22400393,1610612738,BOS,75.15634894324467,82,84,87,92.34954872075468,0
22400393,1610612753,ORL,92.34954872075468,87,83,82,75.15634894324467,1
22400394,1610612755,PHI,98.72311330051161,94,93,89,85.48808782920241,1
22400394,1610612759,SAS,85.48808782920241,89,81,94,98.72311330051161,0
22400395,1610612737,ATL,85.46110872318968,96,73,92,90.8323525970336,1
22400395,1610612750,MIN,90.8323525970336,92,91,96,85.46110872318968,0
22400396,1610612748,MIA,81.97610459150746,89,73,79,69.48480765847489,1
22400396,1610612751,BKN,69.48480765847489,79,84,89,81.97610459150746,0
22400397,1610612752,NYK,117.56040205713362,119,86,95,90.84147633705288,1
22400397,1610612761,TOR,90.84147633705288,95,77,119,117.56040205713362,0
22400398,1610612741,CHI,84.07635383773595,82,90,98,99.11065193684772,0
22400398,1610612749,MIL,99.11065193684772,98,87,82,84.07635383773595,1
22400399,1610612746,LAC,94.93287470238283,93,96,92,88.91439946135506,1
22400399,1610612763,MEM,88.91439946135506,92,99,93,94.93287470238283,0
22400400,1610612760,OKC,105.93953768815845,104,106,88,91.10537876328453,1
22400400,1610612764,WAS,91.10537876328453,88,91,104,105.93953768815845,0
22400401,1610612742,DAL,110.1921167531982,108,90,94,96.45830919221044,1
22400401,1610612757,POR,96.45830919221044,94,93,108,110.1921167531982,0
22400402,1610612743,DEN,95.7280148905702,108,90,79,75.65109427738935,1
22400402,1610612756,PHX,75.65109427738935,79,83,108,95.7280148905702,0
22400403,1610612744,GSW,90.45035204058513,90,90,101,93.04050491261296,0
22400403,1610612754,IND,93.04050491261296,101,92,90,90.45035204058513,1
22400404,1610612747,LAL,93.10925547080114,94,74,105,111.07093474222347,0
22400404,1610612765,DET,111.07093474222347,105,92,94,93.10925547080114,1
22400405,1610612752,NYK,102.22638095240109,103,100,100,97.75268118130043,1
22400405,1610612759,SAS,97.75268118130043,100,83,103,102.22638095240109,0
22400406,1610612742,DAL,83.33438670029864,88,87,94,95.27944838162512,0
22400406,1610612750,MIN,95.27944838162512,94,86,88,83.33438670029864,1
22400407,1610612738,BOS,107.90846901969053,106,95,99,94.29261445021257,1
22400407,1610612755,PHI,94.29261445021257,99,88,106,107.90846901969053,0
22400408,1610612744,GSW,111.38802421139553,100,89,97,92.86514098662883,1
22400408,1610612747,LAL,92.86514098662883,97,91,100,111.38802421139553,0
22400409,1610612743,DEN,78.74804804101586,80,78,93,98.53099794313312,0
22400409,1610612756,PHX,98.53099794313312,93,88,80,78.74804804101586,1
22400410,1610612754,IND,83.28106319904327,98,89,101,89.31346710352227,0
22400410,1610612760,OKC,89.31346710352227,101,95,98,83.28106319904327,1
22400411,1610612748,MIA,71.5447503970936,77,76,73,77.06473974394612,1
22400411,1610612753,ORL,77.06473974394612,73,77,77,71.5447503970936,0
22400412,1610612764,WAS,99.19999746233225,92,91,99,97.86832185508683,0
22400412,1610612766,CHA,97.86832185508683,99,94,92,99.19999746233225,1
22400413,1610612737,ATL,99.24173523532227,109,89,128,121.75349004054442,0
22400413,1610612741,CHI,121.75349004054442,128,98,109,99.24173523532227,1
22400414,1610612761,TOR,110.97398196812719,112,108,134,132.6879036007449,0
22400414,1610612763,MEM,132.6879036007449,134,109,112,110.97398196812719,1
22400415,1610612749,MIL,98.72058909013867,97,83,94,96.65869806474075,1
22400415,1610612751,BKN,96.65869806474075,94,82,97,98.72058909013867,0
22400416,1610612740,NOP,89.67562096798792,98,99,110,104.18739115516655,0
22400416,1610612745,HOU,104.18739115516655,110,97,98,89.67562096798792,1
22400417,1610612757,POR,88.43232008861378,105,89,103,91.47215301217511,1
22400417,1610612762,UTA,91.47215301217511,103,86,105,88.43232008861378,0
22400418,1610612758,SAC,94.97358870087191,92,82,93,86.81695402623154,0
22400418,1610612765,DET,86.81695402623154,93,91,92,94.97358870087191,1
22400419,1610612752,NYK,85.59641342889518,84,75,74,80.85333732841536,1
22400419,1610612753,ORL,80.85333732841536,74,87,84,85.59641342889518,0
22400420,1610612738,BOS,114.14439975004643,117,92,87,85.63556925673038,1
22400420,1610612754,IND,85.63556925673038,87,91,117,114.14439975004643,0
22400421,1610612751,BKN,87.25462415651418,82,90,76,68.59366597281769,1
22400421,1610612759,SAS,68.59366597281769,76,78,82,87.25462415651418,0
22400422,1610612745,HOU,96.05602186452597,100,92,105,104.8892153124325,0
22400422,1610612750,MIN,104.8892153124325,105,83,100,96.05602186452597,1
22400423,1610612740,NOP,92.05916539346799,97,96,101,107.3890677401796,0
22400423,1610612763,MEM,107.3890677401796,101,89,97,92.05916539346799,1
22400424,1610612739,CLE,119.66100558079779,131,96,121,122.51874375576153,1
22400424,1610612743,DEN,122.51874375576153,121,94,131,119.66100558079779,0
22400425,1610612742,DAL,82.5925942840986,82,80,77,78.6507637980394,1
22400425,1610612756,PHX,78.6507637980394,77,83,82,82.5925942840986,0
22400426,1610612744,GSW,85.40048523945734,77,95,90,92.91706499177963,0
22400426,1610612746,LAC,92.91706499177963,90,75,77,85.40048523945734,1
22400427,1610612737,ATL,105.17421348765492,103,86,93,93.64589639520273,1
22400427,1610612748,MIA,93.64589639520273,93,90,103,105.17421348765492,0
22400428,1610612760,OKC,103.9665509276092,94,88,69,77.34253368480131,1
22400428,1610612766,CHA,77.34253368480131,69,80,94,103.9665509276092,0
22400429,1610612752,NYK,117.30309257889166,112,97,119,111.20088074170053,0
22400429,1610612764,WAS,111.20088074170053,119,99,112,117.30309257889166,1
22400430,1610612741,CHI,117.26752511784434,104,95,97,119.24326245416887,1
22400430,1610612749,MIL,119.24326245416887,97,102,104,117.26752511784434,0
22400431,1610612744,GSW,100.96505375672132,94,98,87,88.82569500245154,1
22400431,1610612756,PHX,88.82569500245154,87,92,94,100.96505375672132,0
22400432,1610612743,DEN,103.70589897024911,105,82,104,108.41994493408129,1
22400432,1610612765,DET,108.41994493408129,104,95,105,103.70589897024911,0
22400433,1610612755,PHI,83.7858732235618,85,83,98,102.7627796693705,0
22400433,1610612762,UTA,102.7627796693705,98,89,85,83.7858732235618,1
22400434,1610612742,DAL,100.87978406529874,101,89,103,105.52847148571163,0
22400434,1610612757,POR,105.52847148571163,103,92,101,100.87978406529874,1
22400435,1610612747,LAL,94.80309870396741,106,77,111,111.63495314004831,0
22400435,1610612758,SAC,111.63495314004831,111,98,106,94.80309870396741,1
22400436,1610612751,BKN,67.17155661410652,77,73,86,73.9246628144756,0
22400436,1610612753,ORL,73.9246628144756,86,83,77,67.17155661410652,1
22400437,1610612738,BOS,104.05130048142746,102,93,101,105.34098941786215,1
22400437,1610612754,IND,105.34098941786215,101,87,102,104.05130048142746,0
22400438,1610612737,ATL,103.2114651799202,110,95,83,88.60308216861449,1
22400438,1610612761,TOR,88.60308216861449,83,85,110,103.2114651799202,0
22400439,1610612745,HOU,82.7732026996091,89,97,84,88.36160048656166,1
22400439,1610612748,MIA,88.36160048656166,84,84,89,82.7732026996091,0
22400440,1610612760,OKC,116.07428374933079,118,103,88,97.54319854825735,1
22400440,1610612763,MEM,97.54319854825735,88,97,118,116.07428374933079,0
22400441,1610612750,MIN,98.77210485562682,97,100,87,89.49279735516757,1
22400441,1610612759,SAS,89.49279735516757,87,87,97,98.77210485562682,0
22400442,1610612741,CHI,108.02306207828224,96,104,94,94.36040490726009,1
22400442,1610612766,CHA,94.36040490726009,94,101,96,108.02306207828224,0
22400443,1610612752,NYK,117.4495823988691,105,98,90,93.93563000112772,1
22400443,1610612764,WAS,93.93563000112772,90,92,105,117.4495823988691,0
22400444,1610612740,NOP,108.33627938106656,102,82,95,97.93155328091234,1
22400444,1610612746,LAC,97.93155328091234,95,86,102,108.33627938106656,0
22400445,1610612743,DEN,110.37785262521356,115,105,101,105.6532804579474,1
22400445,1610612762,UTA,105.6532804579474,101,86,115,110.37785262521356,0
22400446,1610612739,CLE,96.45939533039927,106,96,75,78.11681402055547,1
22400446,1610612744,GSW,78.11681402055547,75,99,106,96.45939533039927,0
22400447,1610612755,PHI,80.86819695145823,97,75,82,87.82840671157464,1
22400447,1610612757,POR,87.82840671157464,82,77,97,80.86819695145823,0
22400448,1610612742,DAL,69.76792703592218,76,76,94,100.42527041397989,0
22400448,1610612758,SAC,100.42527041397989,94,100,76,69.76792703592218,1
22400449,1610612738,BOS,110.49252993892878,116,87,64,69.6869136330206,1
22400449,1610612761,TOR,69.6869136330206,64,86,116,110.49252993892878,0
22400450,1610612749,MIL,99.28406704682857,102,97,93,92.23305862559937,1
22400450,1610612754,IND,92.23305862559937,93,90,102,99.28406704682857,0
22400451,1610612746,LAC,91.5425212457776,71,87,105,121.24220621399581,0
22400451,1610612759,SAS,121.24220621399581,105,98,71,91.5425212457776,1
22400452,1610612750,MIN,89.49584420630708,93,79,96,96.07882423093542,0
22400452,1610612760,OKC,96.07882423093542,96,89,93,89.49584420630708,1
22400453,1610612756,PHX,87.0321746841073,93,92,95,92.96882235910743,0
22400453,1610612763,MEM,92.96882235910743,95,94,93,87.0321746841073,1
22400454,1610612739,CLE,110.08851337339729,108,93,93,101.18015694222413,1
22400454,1610612747,LAL,101.18015694222413,93,95,108,110.08851337339729,0
22400455,1610612753,ORL,83.594807023881,82,91,94,95.49045998416841,0
22400455,1610612765,DET,95.49045998416841,94,79,82,83.594807023881,1
22400456,1610612741,CHI,90.69455873500556,96,92,115,105.83811221411452,0
22400456,1610612764,WAS,105.83811221411452,115,99,96,90.69455873500556,1
22400457,1610612740,NOP,89.97240692935884,89,80,102,106.27957055764273,0
22400457,1610612748,MIA,106.27957055764273,102,83,89,89.97240692935884,1
22400458,1610612752,NYK,99.61619639582932,103,85,91,81.45303280418739,1
22400458,1610612762,UTA,81.45303280418739,91,96,103,99.61619639582932,0
22400459,1610612751,BKN,101.5788240111433,95,87,120,118.62238174676895,0
22400459,1610612761,TOR,118.62238174676895,120,88,95,101.5788240111433,1
22400460,1610612742,DAL,85.07528690178879,91,75,92,100.51090530958027,0
22400460,1610612745,HOU,100.51090530958027,92,89,91,85.07528690178879,1
22400461,1610612737,ATL,112.4722286965698,106,100,118,120.00734287197702,0
22400461,1610612743,DEN,120.00734287197702,118,94,106,112.4722286965698,1
22400462,1610612755,PHI,73.69116788497195,95,84,91,84.92020176257938,1
22400462,1610612758,SAC,84.92020176257938,91,84,95,73.69116788497195,0
22400463,1610612748,MIA,86.84720674203709,97,75,119,107.89273349102587,0
22400463,1610612754,IND,107.89273349102587,119,96,97,86.84720674203709,1
22400464,1610612738,BOS,116.51650963560678,114,92,95,97.74119260371663,1
22400464,1610612750,MIN,97.74119260371663,95,74,114,116.51650963560678,0
22400465,1610612749,MIL,103.18755077407695,91,90,88,94.18220490193926,1
22400465,1610612751,BKN,94.18220490193926,88,88,91,103.18755077407695,0
22400466,1610612746,LAC,76.48279954004101,87,81,100,95.30060881469399,0
22400466,1610612760,OKC,95.30060881469399,100,86,87,76.48279954004101,1
22400467,1610612744,GSW,117.55086956825107,128,87,77,71.4282490122132,1
22400467,1610612755,PHI,71.4282490122132,77,81,128,117.55086956825107,0
22400468,1610612747,LAL,112.10085517819971,101,94,89,86.28333842102438,1
22400468,1610612757,POR,86.28333842102438,89,80,101,112.10085517819971,0
22400469,1610612765,DET,99.53196416189894,90,93,75,80.72458107606508,1
22400469,1610612766,CHA,80.72458107606508,75,80,90,99.53196416189894,0
22400470,1610612753,ORL,75.23210652126,93,79,86,75.55015145521611,1
22400470,1610612761,TOR,75.55015145521611,86,80,93,75.23210652126,0
22400471,1610612738,BOS,104.68759555090219,97,77,74,85.66187938861549,1
22400471,1610612745,HOU,85.66187938861549,74,88,97,104.68759555090219,0
22400472,1610612740,NOP,103.81734281871468,114,96,99,97.82791836955585,1
22400472,1610612764,WAS,97.82791836955585,99,84,114,103.81734281871468,0
22400473,1610612752,NYK,102.97826555697247,95,90,100,100.38731024647132,0
22400473,1610612760,OKC,100.38731024647132,100,84,95,102.97826555697247,1
22400474,1610612739,CLE,124.22261816752143,119,98,98,111.619073826354,1
22400474,1610612742,DAL,111.619073826354,98,100,119,124.22261816752143,0
22400475,1610612743,DEN,87.96694106142968,99,97,105,102.04041967075318,0
22400475,1610612759,SAS,102.04041967075318,105,99,99,87.96694106142968,1
22400476,1610612758,SAC,113.50832712370902,119,99,103,91.83150195982307,1
22400476,1610612763,MEM,91.83150195982307,103,89,119,113.50832712370902,0
22400477,1610612737,ATL,98.87079022498801,88,100,99,105.82175963697955,0
22400477,1610612747,LAL,105.82175963697955,99,88,88,98.87079022498801,1
22400478,1610612751,BKN,83.39741128659807,82,82,99,97.94365858845413,0
22400478,1610612755,PHI,97.94365858845413,99,82,82,83.39741128659807,1
22400479,1610612750,MIN,86.57729703933,84,80,103,110.57680382905528,0
22400479,1610612765,DET,110.57680382905528,103,93,84,86.57729703933,1
22400480,1610612754,IND,101.72182202572003,107,96,88,82.72076166933402,1
22400480,1610612756,PHX,82.72076166933402,88,78,107,101.72182202572003,0
22400481,1610612748,MIA,79.96960624633357,79,80,123,118.64008316025138,0
22400481,1610612762,UTA,118.64008316025138,123,100,79,79.96960624633357,1
22400482,1610612741,CHI,109.21722499560565,122,94,104,94.16603326471522,1
22400482,1610612752,NYK,94.16603326471522,104,97,122,109.21722499560565,0
22400483,1610612749,MIL,94.80336227221414,95,95,95,82.57359173707664,0
22400483,1610612757,POR,82.57359173707664,95,85,95,94.80336227221414,0
22400484,1610612743,DEN,107.27511583082378,104,108,95,105.65927294665016,1
22400484,1610612759,SAS,105.65927294665016,95,104,104,107.27511583082378,0
22400485,1610612744,GSW,111.35904618771747,111,84,101,97.68060514796525,1
22400485,1610612763,MEM,97.68060514796525,101,88,111,111.35904618771747,0
22400486,1610612737,ATL,94.65245073102415,92,88,119,128.59963803412393,0
22400486,1610612746,LAC,128.59963803412393,119,96,92,94.65245073102415,1
22400487,1610612738,BOS,73.98218889557756,71,85,94,96.23499760311097,0
22400487,1610612760,OKC,96.23499760311097,94,87,71,73.98218889557756,1
22400488,1610612739,CLE,104.18118972564116,103,92,91,89.02096522250213,1
22400488,1610612766,CHA,89.02096522250213,91,91,103,104.18118972564116,0
22400489,1610612740,NOP,101.0138176009059,92,90,87,91.42893927358091,1
22400489,1610612764,WAS,91.42893927358091,87,89,92,101.0138176009059,0
22400490,1610612753,ORL,93.37121705431491,84,98,89,82.25038655567914,0
22400490,1610612762,UTA,82.25038655567914,89,81,84,93.37121705431491,1
22400491,1610612745,HOU,104.64500476233661,108,99,92,90.22814217419364,1
22400491,1610612747,LAL,90.22814217419364,92,78,108,104.64500476233661,0
22400492,1610612744,GSW,82.30047379853204,86,81,109,94.93846225854941,0
22400492,1610612758,SAC,94.93846225854941,109,87,86,82.30047379853204,1
22400493,1610612757,POR,93.32474660407752,112,90,99,93.0208074641414,1
22400493,1610612765,DET,93.0208074641414,99,94,112,93.32474660407752,0
22400494,1610612755,PHI,75.99369522882625,83,87,96,92.1471994756721,0
22400494,1610612756,PHX,92.1471994756721,96,81,83,75.99369522882625,1
22400495,1610612751,BKN,103.10801944718696,92,98,92,101.32636709418148,0
22400495,1610612754,IND,101.32636709418148,92,79,92,103.10801944718696,0
22400496,1610612752,NYK,75.64369321940467,76,81,89,82.4842810195405,0
22400496,1610612753,ORL,82.4842810195405,89,78,76,75.64369321940467,1
22400497,1610612749,MIL,111.23571542557329,116,82,91,88.81753367674537,1
22400497,1610612761,TOR,88.81753367674537,91,91,116,111.23571542557329,0
22400498,1610612741,CHI,117.89363310835324,101,102,103,109.77679144497961,0
22400498,1610612759,SAS,109.77679144497961,103,95,101,117.89363310835324,1
22400499,1610612742,DAL,95.3189978566952,93,98,92,92.57198612694629,1
22400499,1610612763,MEM,92.57198612694629,92,88,93,95.3189978566952,0
22400500,1610612746,LAC,86.97477309545502,86,89,98,94.44863310293294,0
22400500,1610612750,MIN,94.44863310293294,98,92,86,86.97477309545502,1
22400501,1610612748,MIA,99.37479932326823,97,102,103,112.32521699275821,0
22400501,1610612758,SAC,112.32521699275821,103,108,97,99.37479932326823,1
22400502,1610612756,PHX,89.3824148918502,86,92,89,96.76805957220495,0
22400502,1610612766,CHA,96.76805957220495,89,98,86,89.3824148918502,1
22400503,1610612745,HOU,102.10111815249547,115,97,97,80.77906391210854,1
22400503,1610612764,WAS,80.77906391210854,97,89,115,102.10111815249547,0
22400504,1610612742,DAL,111.8743453505449,108,86,79,82.82303902762942,1
22400504,1610612747,LAL,82.82303902762942,79,75,108,111.8743453505449,0
22400505,1610612740,NOP,80.12889369064942,82,94,91,91.98207393661141,0
22400505,1610612750,MIN,91.98207393661141,91,89,82,80.12889369064942,1
22400506,1610612737,ATL,109.74287410406396,112,98,99,97.58770487364382,1
22400506,1610612762,UTA,97.58770487364382,99,96,112,109.74287410406396,0
22400507,1610612738,BOS,99.76584857981652,100,88,94,99.93785441899672,1
22400507,1610612743,DEN,99.93785441899672,94,87,100,99.76584857981652,0
22400508,1610612744,GSW,93.37570622330531,94,98,102,88.29091385821812,0
22400508,1610612748,MIA,88.29091385821812,102,91,94,93.37570622330531,1
22400509,1610612739,CLE,115.60213357536122,109,90,107,114.64223441015929,1
22400509,1610612760,OKC,114.64223441015929,107,90,109,115.60213357536122,0
22400510,1610612741,CHI,99.52179458877072,100,86,114,125.48778527230024,0
22400510,1610612754,IND,125.48778527230024,114,100,100,99.52179458877072,1
22400511,1610612752,NYK,100.04761289432645,96,88,86,83.3004934862256,1
22400511,1610612761,TOR,83.3004934862256,86,77,96,100.04761289432645,0
22400512,1610612755,PHI,85.24398410040885,95,88,97,90.11202318710275,0
22400512,1610612764,WAS,90.11202318710275,97,94,95,85.24398410040885,1
22400513,1610612751,BKN,86.93568782531656,79,86,105,104.44045911030844,0
22400513,1610612765,DET,104.44045911030844,105,86,79,86.93568782531656,1
22400514,1610612740,NOP,94.12939027696848,92,90,109,108.7839789823629,0
22400514,1610612757,POR,108.7839789823629,109,88,92,94.12939027696848,1
22400515,1610612743,DEN,114.59932538773865,115,89,71,79.24864542996511,1
22400515,1610612746,LAC,79.24864542996511,71,80,115,114.59932538773865,0
22400516,1610612749,MIL,108.10147665580735,107,92,88,92.10376735473983,1
22400516,1610612759,SAS,92.10376735473983,88,95,107,108.10147665580735,0
22400517,1610612739,CLE,115.62807435402647,112,89,120,119.34464368782938,0
22400517,1610612761,TOR,119.34464368782938,120,89,112,115.62807435402647,1
22400518,1610612744,GSW,100.57028019381687,97,89,92,91.73365040542558,1
22400518,1610612765,DET,91.73365040542558,92,86,97,100.57028019381687,0
22400519,1610612750,MIN,84.75057612592354,80,85,76,72.81684506870806,1
22400519,1610612753,ORL,72.81684506870806,76,87,80,84.75057612592354,0
22400520,1610612745,HOU,105.25338425394148,95,96,94,93.7040274781175,1
22400520,1610612763,MEM,93.7040274781175,94,84,95,105.25338425394148,0
22400521,1610612742,DAL,93.9176553261932,90,88,94,99.54363201744854,0
22400521,1610612757,POR,99.54363201744854,94,93,90,93.9176553261932,1
22400522,1610612737,ATL,101.73772312374786,99,86,111,115.78162118466571,0
22400522,1610612756,PHX,115.78162118466571,111,85,99,101.73772312374786,1
22400523,1610612748,MIA,83.04646210721694,86,91,77,75.33299856074154,1
22400523,1610612762,UTA,75.33299856074154,77,83,86,83.04646210721694,0
22400524,1610612747,LAL,80.35161685524508,89,90,84,80.5128460037522,1
22400524,1610612766,CHA,80.5128460037522,84,91,89,80.35161685524508,0
22400525,1610612744,GSW,72.47655156254768,86,91,95,78.64472428680165,0
22400525,1610612754,IND,78.64472428680165,95,82,86,72.47655156254768,1
22400526,1610612749,MIL,90.33190351445228,95,83,88,99.85144155076705,1
22400526,1610612753,ORL,99.85144155076705,88,86,95,90.33190351445228,0
22400527,1610612740,NOP,114.21384806651622,106,91,98,100.39586409926414,1
22400527,1610612755,PHI,100.39586409926414,98,91,106,114.21384806651622,0
22400528,1610612738,BOS,80.43482735706493,79,84,106,100.98854702385142,0
22400528,1610612758,SAC,100.98854702385142,106,102,79,80.43482735706493,1
22400529,1610612752,NYK,84.81684432365,78,96,110,112.65457047289237,0
22400529,1610612760,OKC,112.65457047289237,110,89,78,84.81684432365,1
22400530,1610612741,CHI,118.4263063557446,129,95,96,105.65865848492831,1
22400530,1610612764,WAS,105.65865848492831,96,98,129,118.4263063557446,0
22400531,1610612743,DEN,103.58221719693393,99,87,90,86.61526818433776,1
22400531,1610612751,BKN,86.61526818433776,90,90,99,103.58221719693393,0
22400532,1610612737,ATL,80.4322112230584,83,89,81,75.85880061332136,1
22400532,1610612745,HOU,75.85880061332136,81,79,83,80.4322112230584,0
22400533,1610612756,PHX,102.0236054956913,101,86,93,89.00010584737174,1
22400533,1610612762,UTA,89.00010584737174,93,96,101,102.0236054956913,0
22400534,1610612761,TOR,97.99902811227366,96,92,107,110.53479863749817,0
22400534,1610612765,DET,110.53479863749817,107,84,96,97.99902811227366,1
22400535,1610612750,MIN,111.25125392200425,111,83,112,112.67527036461979,0
22400535,1610612763,MEM,112.67527036461979,112,108,111,111.25125392200425,1
22400536,1610612748,MIA,116.1547092627734,107,92,85,100.86376457568258,1
22400536,1610612757,POR,100.86376457568258,85,95,107,116.1547092627734,0
22400537,1610612747,LAL,114.50412100693211,107,90,97,103.4580575847067,1
22400537,1610612759,SAS,103.4580575847067,97,88,107,114.50412100693211,0
22400538,1610612746,LAC,98.57290974305943,103,93,80,77.31081995856948,1
22400538,1610612766,CHA,77.31081995856948,80,94,103,98.57290974305943,0
22400539,1610612749,MIL,82.69998896878678,96,94,120,107.49839466623962,0
22400539,1610612752,NYK,107.49839466623962,120,88,96,82.69998896878678,1
22400540,1610612742,DAL,88.57080848887563,82,85,99,101.21954062953591,0
22400540,1610612743,DEN,101.21954062953591,99,94,82,88.57080848887563,1
22400541,1610612741,CHI,100.63934375485405,104,93,107,106.56719158636406,0
22400541,1610612758,SAC,106.56719158636406,107,95,104,100.63934375485405,1
22400542,1610612738,BOS,101.17970938957296,101,101,97,88.09564448473975,1
22400542,1610612740,NOP,88.09564448473975,97,86,101,101.17970938957296,0
22400543,1610612739,CLE,83.22229893016629,77,83,97,103.28492758586071,0
22400543,1610612754,IND,103.28492758586071,97,92,77,83.22229893016629,1
22400544,1610612753,ORL,83.54388876119629,85,80,78,68.94992997590452,1
22400544,1610612755,PHI,68.94992997590452,78,72,85,83.54388876119629,0
22400545,1610612760,OKC,112.03227153723128,103,95,65,72.70870118541643,1
22400545,1610612764,WAS,72.70870118541643,65,83,103,112.03227153723128,0
22400546,1610612751,BKN,84.51877641608007,88,92,97,89.03861799137667,0
22400546,1610612762,UTA,89.03861799137667,97,90,88,84.51877641608007,1
22400547,1610612756,PHX,94.98030464770272,101,87,97,94.48966083140112,1
22400547,1610612766,CHA,94.48966083140112,97,92,101,94.98030464770272,0
22400548,1610612750,MIN,95.9815028370358,96,83,97,94.69106535892934,0
22400548,1610612764,WAS,94.69106535892934,97,91,96,95.9815028370358,1
22400549,1610612752,NYK,77.26481602108106,95,80,107,83.50866770325229,0
22400549,1610612765,DET,83.50866770325229,107,92,95,77.26481602108106,1
22400550,1610612744,GSW,90.89320850139484,86,88,94,91.19905126607046,0
22400550,1610612761,TOR,91.19905126607046,94,86,86,90.89320850139484,1
22400551,1610612745,HOU,95.31760221766308,98,81,104,115.19460519962013,0
22400551,1610612763,MEM,115.19460519962013,104,84,98,95.31760221766308,1
22400552,1610612747,LAL,97.37762036314234,92,87,109,103.57286908221431,0
22400552,1610612759,SAS,103.57286908221431,109,90,92,97.37762036314234,1
22400553,1610612746,LAC,108.47941528004594,103,93,83,88.04804645758122,1
22400553,1610612748,MIA,88.04804645758122,83,85,103,108.47941528004594,0
22400554,1610612739,CLE,95.15739581733942,101,89,100,97.97895787190646,1
22400554,1610612754,IND,97.97895787190646,100,91,101,95.15739581733942,0
22400555,1610612755,PHI,93.24810532736592,87,84,102,100.57697416935116,0
22400555,1610612760,OKC,100.57697416935116,102,81,87,93.24810532736592,1
22400556,1610612737,ATL,97.41061868378893,103,98,99,97.62152580317343,1
22400556,1610612756,PHX,97.62152580317343,99,84,103,97.41061868378893,0
22400557,1610612740,NOP,95.99338045623153,98,96,104,108.42100727581419,0
22400557,1610612741,CHI,108.42100727581419,104,102,98,95.99338045623153,1
22400558,1610612749,MIL,119.62021915940568,115,99,101,109.65171897178516,1
22400558,1610612758,SAC,109.65171897178516,101,95,115,119.62021915940568,0
22400559,1610612742,DAL,77.29829185269773,85,90,99,103.42758735991083,0
22400559,1610612743,DEN,103.42758735991083,99,83,85,77.29829185269773,1
22400560,1610612751,BKN,112.19167571235448,117,90,95,84.90793876629323,1
22400560,1610612757,POR,84.90793876629323,95,86,117,112.19167571235448,0
22400561,1610612752,NYK,106.96301123732701,108,86,105,116.74507539975457,1
22400561,1610612755,PHI,116.74507539975457,105,92,108,106.96301123732701,0
22400562,1610612738,BOS,95.2568690199405,88,91,101,102.22981884423643,0
22400562,1610612761,TOR,102.22981884423643,101,89,88,95.2568690199405,1
22400563,1610612737,ATL,103.14679849660024,95,100,84,88.08820054680109,1
22400563,1610612741,CHI,88.08820054680109,84,88,95,103.14679849660024,0
22400564,1610612749,MIL,93.13903398811817,97,72,78,92.6495070051169,1
22400564,1610612753,ORL,92.6495070051169,78,95,97,93.13903398811817,0
22400565,1610612744,GSW,106.02716172020882,98,82,93,95.78775140363723,1
22400565,1610612750,MIN,95.78775140363723,93,86,98,106.02716172020882,0
22400566,1610612740,NOP,108.00387379759923,99,97,98,98.82114798668772,1
22400566,1610612742,DAL,98.82114798668772,98,90,99,108.00387379759923,0
22400567,1610612759,SAS,102.06837698584422,96,89,118,133.37772766221315,0
22400567,1610612763,MEM,133.37772766221315,118,103,96,102.06837698584422,1
22400568,1610612743,DEN,89.49361594347283,94,75,115,105.3549384623766,0
22400568,1610612745,HOU,105.3549384623766,115,94,94,89.49361594347283,1
22400569,1610612762,UTA,102.87523232074454,102,93,102,92.50820647855289,0
22400569,1610612766,CHA,92.50820647855289,102,85,102,102.87523232074454,0
22400570,1610612747,LAL,99.68214065721259,107,90,94,90.02487510000356,1
22400570,1610612748,MIA,90.02487510000356,94,73,107,99.68214065721259,0
22400571,1610612746,LAC,98.43608620064333,98,79,55,61.77208761381917,1
22400571,1610612751,BKN,61.77208761381917,55,83,98,98.43608620064333,0
22400572,1610612754,IND,96.63705769041553,95,89,81,81.44358087563887,1
22400572,1610612765,DET,81.44358087563887,81,91,95,96.63705769041553,0
22400573,1610612756,PHX,99.73478390136734,104,85,105,104.39422979135998,0
22400573,1610612764,WAS,104.39422979135998,105,92,104,99.73478390136734,1
22400574,1610612739,CLE,94.36765330377966,97,90,124,121.77369594946504,0
22400574,1610612760,OKC,121.77369594946504,124,105,97,94.36765330377966,1
22400575,1610612746,LAC,107.26090857712552,98,78,77,81.772830625996,1
22400575,1610612757,POR,81.772830625996,77,91,98,107.26090857712552,0
22400576,1610612745,HOU,81.91127108223736,110,93,112,95.30317025491968,0
22400576,1610612758,SAC,95.30317025491968,112,98,110,81.91127108223736,1
22400577,1610612738,BOS,90.73411947232671,101,80,73,79.3456108639948,1
22400577,1610612753,ORL,79.3456108639948,73,82,101,90.73411947232671,0
22400578,1610612750,MIN,86.88963234005496,106,79,84,77.75807348731905,1
22400578,1610612752,NYK,77.75807348731905,84,90,106,86.88963234005496,0
22400579,1610612743,DEN,115.34542494732887,116,92,99,103.47097511542961,1
22400579,1610612748,MIA,103.47097511542961,99,91,116,115.34542494732887,0
22400580,1610612749,MIL,96.77805012650788,97,81,94,89.93167237075977,1
22400580,1610612761,TOR,89.93167237075977,94,91,97,96.77805012650788,0
22400581,1610612740,NOP,102.71180337294936,116,100,99,83.04420377942733,1
22400581,1610612762,UTA,83.04420377942733,99,86,116,102.71180337294936,0
22400582,1610612759,SAS,94.76072842301801,93,84,129,131.23971834173426,0
22400582,1610612763,MEM,131.23971834173426,129,97,93,94.76072842301801,1
22400583,1610612742,DAL,87.92246005870402,90,75,90,83.76703045866452,0
22400583,1610612760,OKC,83.76703045866452,90,91,90,87.92246005870402,0
22400584,1610612741,CHI,112.96728262514807,110,95,109,105.2406114442274,1
22400584,1610612766,CHA,105.2406114442274,109,96,110,112.96728262514807,0
22400585,1610612747,LAL,92.58647873043083,88,82,91,94.6697765244171,0
22400585,1610612751,BKN,94.6697765244171,91,82,88,92.58647873043083,1
22400586,1610612756,PHX,78.04390845447779,93,86,97,84.1098057385534,0
22400586,1610612765,DET,84.1098057385534,97,94,93,78.04390845447779,1
22400587,1610612737,ATL,84.90197236323729,97,93,95,94.86846810439602,1
22400587,1610612738,BOS,94.86846810439602,95,104,97,84.90197236323729,0
22400588,1610612754,IND,96.1473264330998,99,83,86,87.85000068834051,1
22400588,1610612755,PHI,87.85000068834051,86,89,99,96.1473264330998,0
22400589,1610612744,GSW,101.99789881636389,104,96,98,98.13170030107722,1
22400589,1610612764,WAS,98.13170030107722,98,86,104,101.99789881636389,0
22400590,1610612739,CLE,106.0285682673566,101,92,101,109.13835914665833,0
22400590,1610612750,MIN,109.13835914665833,101,90,101,106.0285682673566,0
22400591,1610612745,HOU,108.9661595178768,110,108,90,82.47157739964314,1
22400591,1610612757,POR,82.47157739964314,90,86,110,108.9661595178768,0
22400592,1610612748,MIA,117.91975305974483,118,95,97,94.48204315709881,1
22400592,1610612759,SAS,94.48204315709881,97,91,118,117.91975305974483,0
22400593,1610612743,DEN,91.58642497088294,87,77,88,91.71891348436475,0
22400593,1610612753,ORL,91.71891348436475,88,102,87,91.58642497088294,1
22400594,1610612749,MIL,111.27028987859376,100,87,94,99.02932662284002,1
22400594,1610612755,PHI,99.02932662284002,94,86,100,111.27028987859376,0
22400595,1610612751,BKN,88.69698250526562,86,87,115,113.7821485651657,0
22400595,1610612760,OKC,113.7821485651657,115,87,86,88.69698250526562,1
22400596,1610612746,LAC,103.07534500374459,105,89,85,80.33011017320678,1
22400596,1610612747,LAL,80.33011017320678,85,76,105,103.07534500374459,0
22400597,1610612741,CHI,87.44466594001278,80,81,93,96.99226013058797,0
22400597,1610612757,POR,96.99226013058797,93,89,80,87.44466594001278,1
22400598,1610612758,SAC,103.09667911822908,104,95,74,81.52359724999405,1
22400598,1610612764,WAS,81.52359724999405,74,89,104,103.09667911822908,0
22400599,1610612742,DAL,84.51782435458153,82,88,97,104.89926485391334,0
22400599,1610612766,CHA,104.89926485391334,97,98,82,84.51782435458153,1
22400600,1610612745,HOU,87.66847706818953,85,94,94,95.77823216002434,0
22400600,1610612765,DET,95.77823216002434,94,88,85,87.66847706818953,1
22400601,1610612750,MIN,92.66530271759257,86,93,81,83.65454534767196,1
22400601,1610612763,MEM,83.65454534767196,81,86,86,92.66530271759257,0
22400602,1610612737,ATL,93.93536582123488,93,85,103,99.00290505215526,0
22400602,1610612752,NYK,99.00290505215526,103,90,93,93.93536582123488,1
22400603,1610612739,CLE,95.10370462900028,101,95,82,78.06785976653919,1
22400603,1610612756,PHX,78.06785976653919,82,77,101,95.10370462900028,0
22400604,1610612738,BOS,114.1010710040573,118,92,78,81.4201877634041,1
22400604,1610612744,GSW,81.4201877634041,78,92,118,114.1010710040573,0
22400605,1610612740,NOP,95.60081625077873,97,92,95,111.28849430312403,1
22400605,1610612762,UTA,111.28849430312403,95,106,97,95.60081625077873,0
22400606,1610612751,BKN,81.70806782809086,76,86,88,96.92666346067563,0
22400606,1610612752,NYK,96.92666346067563,88,87,76,81.70806782809086,1
22400607,1610612748,MIA,93.2645304898615,96,93,101,95.90435612155125,0
22400607,1610612757,POR,95.90435612155125,101,87,96,93.2645304898615,1
22400608,1610612753,ORL,80.05521801207215,79,85,91,78.58349027857184,0
22400608,1610612761,TOR,78.58349027857184,91,73,79,80.05521801207215,1
22400609,1610612743,DEN,116.04693572130054,120,85,103,101.57196927978657,1
22400609,1610612755,PHI,101.57196927978657,103,96,120,116.04693572130054,0
22400610,1610612747,LAL,91.34568208968267,97,90,79,83.96101999818347,1
22400610,1610612764,WAS,83.96101999818347,79,95,97,91.34568208968267,0
22400611,1610612741,CHI,108.8878207616508,91,94,83,98.98814930487424,1
22400611,1610612746,LAC,98.98814930487424,83,94,91,108.8878207616508,0
22400612,1610612737,ATL,98.77174482820556,84,103,96,95.74445105344057,0
22400612,1610612765,DET,95.74445105344057,96,84,84,98.77174482820556,1
22400613,1610612751,BKN,73.94206887762994,75,91,98,94.27790222223848,0
22400613,1610612756,PHX,94.27790222223848,98,88,75,73.94206887762994,1
22400614,1610612742,DAL,91.86093836463988,98,90,85,89.0392536399886,1
22400614,1610612750,MIN,89.0392536399886,85,81,98,91.86093836463988,0
22400615,1610612739,CLE,111.49326923955232,95,97,95,104.41595461405814,0
22400615,1610612745,HOU,104.41595461405814,95,91,95,111.49326923955232,0
22400616,1610612763,MEM,122.2499138195999,119,98,93,97.52491133683361,1
22400616,1610612766,CHA,97.52491133683361,93,86,119,122.2499138195999,0
22400617,1610612740,NOP,92.07543219067156,98,95,97,93.06673929374665,1
22400617,1610612749,MIL,93.06673929374665,97,92,98,92.07543219067156,0
22400618,1610612760,OKC,93.98430641461164,100,95,98,86.94549328647554,1
22400618,1610612762,UTA,86.94549328647554,98,90,100,93.98430641461164,0
22400619,1610612744,GSW,111.24894980387762,108,92,93,96.2800199589692,1
22400619,1610612758,SAC,96.2800199589692,93,81,108,111.24894980387762,0
22400620,1610612738,BOS,115.33897885400802,101,90,103,100.79231049865484,0
22400620,1610612746,LAC,100.79231049865484,103,90,101,115.33897885400802,1
22400621,1610612754,IND,96.58149237371981,101,97,134,121.65770024992526,0
22400621,1610612759,SAS,121.65770024992526,134,96,101,96.58149237371981,1
22400622,1610612753,ORL,74.8541945987381,58,76,89,88.43318746890873,0
22400622,1610612757,POR,88.43318746890873,89,82,58,74.8541945987381,1
22400623,1610612737,ATL,94.52047656616196,97,87,103,89.0291579477489,0
22400623,1610612761,TOR,89.0291579477489,103,81,97,94.52047656616196,1
22400624,1610612748,MIA,85.03888728446327,80,92,110,107.71970298700035,0
22400624,1610612749,MIL,107.71970298700035,110,98,80,85.03888728446327,1
22400625,1610612742,DAL,86.76064629526809,92,74,99,95.30510901194066,0
22400625,1610612760,OKC,95.30510901194066,99,88,92,86.76064629526809,1
22400626,1610612743,DEN,113.85608211066574,111,101,109,111.99209063732997,1
22400626,1610612758,SAC,111.99209063732997,109,107,111,113.85608211066574,0
22400627,1610612762,UTA,115.97824078891426,117,89,98,100.80193207925186,1
22400627,1610612764,WAS,100.80193207925186,98,93,117,115.97824078891426,0
22400628,1610612741,CHI,93.34916863124818,84,87,117,112.9858340844512,0
22400628,1610612744,GSW,112.9858340844512,117,102,84,93.34916863124818,1
22400629,1610612738,BOS,96.31612647860311,84,91,99,104.14266683906317,0
22400629,1610612747,LAL,104.14266683906317,99,89,84,96.31612647860311,1
22400630,1610612757,POR,81.19107883423567,75,79,73,74.6249697827734,1
22400630,1610612766,CHA,74.6249697827734,73,85,75,81.19107883423567,0
22400631,1610612739,CLE,101.4334621289745,115,90,109,104.81897594220936,1
22400631,1610612755,PHI,104.81897594220936,109,87,115,101.4334621289745,0
22400632,1610612740,NOP,103.59277937794104,104,83,131,127.22921931697056,0
22400632,1610612763,MEM,127.22921931697056,131,101,104,103.59277937794104,1
22400633,1610612754,IND,119.21980462642387,123,102,81,79.08293550100643,1
22400633,1610612759,SAS,79.08293550100643,81,85,123,119.21980462642387,0
22400634,1610612743,DEN,97.78633678937331,97,88,120,118.74988360563293,0
22400634,1610612750,MIN,118.74988360563293,120,95,97,97.78633678937331,1
22400635,1610612738,BOS,114.713628356345,108,103,86,94.86079284222797,1
22400635,1610612742,DAL,94.86079284222797,86,88,108,114.713628356345,0
22400636,1610612748,MIA,89.74392785085365,83,79,74,78.23510153451934,1
22400636,1610612751,BKN,78.23510153451934,74,80,83,89.74392785085365,0
22400637,1610612740,NOP,67.1474922420457,72,84,105,92.50650664535351,0
22400637,1610612766,CHA,92.50650664535351,105,84,72,67.1474922420457,1
22400638,1610612753,ORL,88.06588241481222,95,83,90,84.53208130318671,1
22400638,1610612765,DET,84.53208130318671,90,86,95,88.06588241481222,0
22400639,1610612737,ATL,83.42410453595221,77,84,95,90.87458793609403,0
22400639,1610612761,TOR,90.87458793609403,95,90,77,83.42410453595221,1
22400640,1610612739,CLE,107.16475306311622,111,91,103,110.19636741839349,1
22400640,1610612745,HOU,110.19636741839349,103,82,111,107.16475306311622,0
22400641,1610612752,NYK,126.17644800432026,121,105,106,103.55192553764209,1
22400641,1610612758,SAC,103.55192553764209,106,95,121,126.17644800432026,0
22400642,1610612741,CHI,94.23584042582661,84,85,97,99.81776373833418,0
22400642,1610612755,PHI,99.81776373833418,97,92,84,94.23584042582661,1
22400643,1610612762,UTA,90.8543411407154,90,92,100,96.69682695437223,0
22400643,1610612763,MEM,96.69682695437223,100,84,90,90.8543411407154,1
22400644,1610612744,GSW,91.80643384158611,98,89,104,93.23949385760352,0
22400644,1610612747,LAL,93.23949385760352,104,86,98,91.80643384158611,1
22400645,1610612756,PHX,101.49737993441522,93,90,102,106.7156467307359,0
22400645,1610612764,WAS,106.7156467307359,102,90,93,101.49737993441522,1
22400646,1610612746,LAC,101.53463852731511,99,97,87,89.77210551756434,1
22400646,1610612749,MIL,89.77210551756434,87,79,99,101.53463852731511,0
22400647,1610612757,POR,90.77753107529134,84,81,94,101.07657470135018,0
22400647,1610612760,OKC,101.07657470135018,94,89,84,90.77753107529134,1
22400648,1610612747,LAL,106.98694636160508,94,86,92,96.1115561821498,1
22400648,1610612766,CHA,96.1115561821498,92,87,94,106.98694636160508,0
22400649,1610612739,CLE,83.9897390967235,92,91,84,78.91248256340623,1
22400649,1610612765,DET,78.91248256340623,84,96,92,83.9897390967235,0
22400650,1610612738,BOS,94.73420377494767,93,80,99,91.16650763573125,0
22400650,1610612745,HOU,91.16650763573125,99,92,93,94.73420377494767,1
22400651,1610612751,BKN,72.21886501228437,70,82,99,102.62549506803043,0
22400651,1610612758,SAC,102.62549506803043,99,82,70,72.21886501228437,1
22400652,1610612748,MIA,112.0308858777862,111,92,104,107.49423352396116,1
22400652,1610612753,ORL,107.49423352396116,104,98,111,112.0308858777862,0
22400653,1610612752,NYK,111.82275340298656,129,108,91,86.76637059962377,1
22400653,1610612763,MEM,86.76637059962377,91,91,129,111.82275340298656,0
22400654,1610612740,NOP,88.17135062767193,84,89,95,94.69131479831412,0
22400654,1610612761,TOR,94.69131479831412,95,100,84,88.17135062767193,1
22400655,1610612741,CHI,121.02429660502821,122,98,110,112.66310425521806,1
22400655,1610612743,DEN,112.66310425521806,110,100,122,121.02429660502821,0
22400656,1610612737,ATL,85.41651750309393,80,86,80,85.67489270982333,0
22400656,1610612750,MIN,85.67489270982333,80,86,80,85.41651750309393,0
22400657,1610612742,DAL,115.16739955591038,118,92,95,100.19807221321389,1
22400657,1610612764,WAS,100.19807221321389,95,101,118,115.16739955591038,0
22400658,1610612749,MIL,110.46862951479852,116,86,100,99.50022759451531,1
22400658,1610612762,UTA,99.50022759451531,100,100,116,110.46862951479852,0
22400659,1610612746,LAC,96.08708174736239,92,83,102,105.782207489945,0
22400659,1610612756,PHX,105.782207489945,102,85,92,96.08708174736239,1
22400660,1610612747,LAL,86.01610807771794,84,72,97,98.36500657396391,0
22400660,1610612755,PHI,98.36500657396391,97,91,84,86.01610807771794,1
22400661,1610612744,GSW,101.49308357015252,89,92,86,86.56691195257008,1
22400661,1610612762,UTA,86.56691195257008,86,76,89,101.49308357015252,0
22400662,1610612749,MIL,99.53974718065001,99,87,102,106.2533321925439,0
22400662,1610612757,POR,106.2533321925439,102,88,99,99.53974718065001,1
22400663,1610612751,BKN,95.31787674501538,88,80,66,81.68233438208699,1
22400663,1610612766,CHA,81.68233438208699,66,83,88,95.31787674501538,0
22400664,1610612754,IND,102.84744208306074,111,81,100,94.28401579707861,1
22400664,1610612765,DET,94.28401579707861,100,89,111,102.84744208306074,0
22400665,1610612761,TOR,88.13871216773987,95,88,61,53.53509808797389,1
22400665,1610612764,WAS,53.53509808797389,61,72,95,88.13871216773987,0
22400666,1610612738,BOS,83.49500586674549,100,87,89,80.89139729365706,1
22400666,1610612741,CHI,80.89139729365706,89,92,100,83.49500586674549,0
22400667,1610612739,CLE,116.12864677328616,121,100,93,95.58282435312867,1
22400667,1610612748,MIA,95.58282435312867,93,83,121,116.12864677328616,0
22400668,1610612743,DEN,94.85420650290325,92,84,110,118.39567556465045,0
22400668,1610612752,NYK,118.39567556465045,110,93,92,94.85420650290325,1
22400669,1610612755,PHI,96.11920047015883,98,82,90,93.08083477593027,1
22400669,1610612758,SAC,93.08083477593027,90,90,98,96.11920047015883,0
22400670,1610612740,NOP,108.23873476497829,117,96,124,124.37684671767056,0
22400670,1610612742,DAL,124.37684671767056,124,96,117,108.23873476497829,1
22400671,1610612746,LAC,111.62740354565904,108,91,98,106.09131614305079,1
22400671,1610612759,SAS,106.09131614305079,98,87,108,111.62740354565904,0
22400672,1610612750,MIN,99.84583142725751,97,75,98,108.43609366891906,0
22400672,1610612756,PHX,108.43609366891906,98,85,97,99.84583142725751,1
22400673,1610612744,GSW,90.78589824982919,93,81,89,97.37711291946471,1
22400673,1610612760,OKC,97.37711291946471,89,99,93,90.78589824982919,0
22400674,1610612747,LAL,107.9236298459582,113,90,68,73.73711008997634,1
22400674,1610612764,WAS,73.73711008997634,68,91,113,107.9236298459582,0
22400675,1610612737,ATL,91.06155618466437,95,90,119,102.53421952482313,0
22400675,1610612739,CLE,102.53421952482313,119,91,95,91.06155618466437,1
22400676,1610612745,HOU,100.74756701756269,97,97,105,102.77411875827238,0
22400676,1610612763,MEM,102.77411875827238,105,93,97,100.74756701756269,1
22400677,1610612750,MIN,116.02083354303613,119,82,92,90.11432822467759,1
22400677,1610612762,UTA,90.11432822467759,92,77,119,116.02083354303613,0
22400678,1610612753,ORL,84.01174232293852,73,81,94,94.45966764958575,0
22400678,1610612757,POR,94.45966764958575,94,78,73,84.01174232293852,1
22400679,1610612746,LAC,93.19044214859605,99,81,91,92.25121787074022,1
22400679,1610612766,CHA,92.25121787074022,91,96,99,93.19044214859605,0
22400680,1610612742,DAL,86.46121303294785,85,87,103,103.28570759156719,0
22400680,1610612765,DET,103.28570759156719,103,106,85,86.46121303294785,1
22400681,1610612743,DEN,119.58704379573464,120,82,121,109.8080197754316,0
22400681,1610612755,PHI,109.8080197754316,121,90,120,119.58704379573464,1
22400682,1610612741,CHI,110.24148068856448,108,89,88,99.59016552893445,1
22400682,1610612761,TOR,99.59016552893445,88,92,108,110.24148068856448,0
22400683,1610612738,BOS,95.18946781218983,100,84,103,100.59437682805583,0
22400683,1610612740,NOP,100.59437682805583,103,90,100,95.18946781218983,1
22400684,1610612749,MIL,114.7183780237101,98,100,124,135.4567593417596,0
22400684,1610612759,SAS,135.4567593417596,124,102,98,114.7183780237101,1
22400685,1610612744,GSW,85.5873681246303,88,96,119,101.48614962305874,0
22400685,1610612756,PHX,101.48614962305874,119,89,88,85.5873681246303,1
22400686,1610612737,ATL,108.93920516781509,104,90,110,104.33038268890232,0
22400686,1610612754,IND,104.33038268890232,110,90,104,108.93920516781509,1
22400687,1610612753,ORL,62.4113558891695,69,91,92,93.40296914288774,0
22400687,1610612762,UTA,93.40296914288774,92,84,69,62.4113558891695,1
22400688,1610612743,DEN,78.19166652159765,89,88,91,75.29098437004723,0
22400688,1610612766,CHA,75.29098437004723,91,95,89,78.19166652159765,1
22400689,1610612745,HOU,88.73982853954658,88,95,96,98.18653723038733,0
22400689,1610612751,BKN,98.18653723038733,96,87,88,88.73982853954658,1
22400690,1610612750,MIN,81.6777295791544,88,93,91,86.2126487295609,0
22400690,1610612764,WAS,86.2126487295609,91,83,88,81.6777295791544,1
22400691,1610612758,SAC,85.25144059024751,91,100,133,129.31686752988026,0
22400691,1610612760,OKC,129.31686752988026,133,107,91,85.25144059024751,1
22400692,1610612747,LAL,113.24982111947611,113,81,98,93.55656718835235,1
22400692,1610612752,NYK,93.55656718835235,98,95,113,113.24982111947611,0
22400693,1610612748,MIA,101.00694556953385,95,89,88,86.79073696769774,1
22400693,1610612759,SAS,86.79073696769774,88,91,95,101.00694556953385,0
22400694,1610612756,PHX,83.41350093181245,86,84,101,98.51213191729039,0
22400694,1610612757,POR,98.51213191729039,101,89,86,83.41350093181245,1
22400695,1610612741,CHI,113.08433094061911,101,89,118,110.77691091783345,0
22400695,1610612765,DET,110.77691091783345,118,99,101,113.08433094061911,1
22400696,1610612739,CLE,130.46523489267565,132,93,89,98.45551781868562,1
22400696,1610612742,DAL,98.45551781868562,89,103,132,130.46523489267565,0
22400697,1610612746,LAC,96.25347470864654,91,88,101,99.94219966419041,0
22400697,1610612761,TOR,99.94219966419041,101,85,91,96.25347470864654,1
22400698,1610612738,BOS,104.81220029387623,105,84,89,90.23966030916199,1
22400698,1610612755,PHI,90.23966030916199,89,82,105,104.81220029387623,0
22400699,1610612749,MIL,106.867628863547,108,91,118,117.57294306764379,0
22400699,1610612763,MEM,117.57294306764379,118,107,108,106.867628863547,1
22400700,1610612764,WAS,107.44241129560396,105,99,89,87.68065004982054,1
22400700,1610612766,CHA,87.68065004982054,89,89,105,107.44241129560396,0
22400701,1610612737,ATL,102.19080922706053,100,81,95,90.03425631532446,1
22400701,1610612765,DET,90.03425631532446,95,83,100,102.19080922706053,0
22400702,1610612745,HOU,96.62877111649141,104,104,100,100.1519087543711,1
22400702,1610612752,NYK,100.1519087543711,100,93,104,96.62877111649141,0
22400703,1610612759,SAS,95.47502134088427,94,91,110,109.45150820538402,0
22400703,1610612763,MEM,109.45150820538402,110,99,94,95.47502134088427,1
22400704,1610612750,MIN,99.42565241525881,98,94,100,104.5704342611134,0
22400704,1610612758,SAC,104.5704342611134,100,92,98,99.42565241525881,1
22400705,1610612749,MIL,90.82658723415807,83,93,118,122.42426811950281,0
22400705,1610612760,OKC,122.42426811950281,118,99,83,90.82658723415807,1
22400706,1610612740,NOP,90.58762690471485,94,88,104,100.35358739085495,0
22400706,1610612743,DEN,100.35358739085495,104,92,94,90.58762690471485,1
22400707,1610612754,IND,91.96292832121253,96,91,91,94.35294373659417,1
22400707,1610612762,UTA,94.35294373659417,91,91,96,91.96292832121253,0
22400708,1610612744,GSW,77.5755783058703,80,78,94,88.6785081459675,0
22400708,1610612753,ORL,88.6785081459675,94,99,80,77.5755783058703,1
22400709,1610612756,PHX,101.41915413597599,95,85,96,102.7658899971284,0
22400709,1610612757,POR,102.7658899971284,96,89,95,101.41915413597599,1
22400710,1610612738,BOS,90.92362623056397,97,98,83,83.09456628654152,1
22400710,1610612739,CLE,83.09456628654152,83,91,97,90.92362623056397,0
22400711,1610612745,HOU,79.03900358313695,79,83,86,77.4779474651441,0
22400711,1610612751,BKN,77.4779474651441,86,82,79,79.03900358313695,1
22400712,1610612742,DAL,93.33113713655621,91,85,105,104.1250313280616,0
22400712,1610612755,PHI,104.1250313280616,105,86,91,93.33113713655621,1
22400713,1610612752,NYK,105.26910003693774,102,94,97,94.65511077642441,1
22400713,1610612761,TOR,94.65511077642441,97,82,102,105.26910003693774,0
22400714,1610612741,CHI,96.84134038398042,115,91,103,91.87752833310515,1
22400714,1610612748,MIA,91.87752833310515,103,90,115,96.84134038398042,0
22400715,1610612746,LAC,72.1455028904602,80,89,108,98.71494307764806,0
22400715,1610612747,LAL,98.71494307764806,108,81,80,72.1455028904602,1
22400716,1610612754,IND,74.36859271884896,73,81,96,101.0240451619029,0
22400716,1610612757,POR,101.0240451619029,96,92,73,74.36859271884896,1
22400717,1610612749,MIL,98.35255437949672,100,81,87,90.30952339246869,1
22400717,1610612766,CHA,90.30952339246869,87,88,100,98.35255437949672,0
22400718,1610612739,CLE,92.3192713917233,98,85,90,102.4223419460468,1
22400718,1610612765,DET,102.4223419460468,90,98,98,92.3192713917233,0
22400719,1610612737,ATL,108.01106023183092,112,91,114,117.0477775670588,0
22400719,1610612759,SAS,117.0477775670588,114,101,112,108.01106023183092,1
22400720,1610612751,BKN,85.25373140280135,85,83,108,107.3971887268126,0
22400720,1610612764,WAS,107.3971887268126,108,81,85,85.25373140280135,1
22400721,1610612748,MIA,101.20601729885675,92,83,86,87.46460800571367,1
22400721,1610612755,PHI,87.46460800571367,86,96,92,101.20601729885675,0
22400722,1610612761,TOR,93.06046448671259,90,98,110,100.38606616668403,0
22400722,1610612763,MEM,100.38606616668403,110,89,90,93.06046448671259,1
22400723,1610612741,CHI,87.0544292088598,92,83,104,110.87830174574628,0
22400723,1610612750,MIN,110.87830174574628,104,98,92,87.0544292088598,1
22400724,1610612756,PHX,79.26558370608836,80,70,116,111.26238521933556,0
22400724,1610612760,OKC,111.26238521933556,116,102,80,79.26558370608836,1
22400725,1610612744,GSW,113.51311497623101,109,100,109,102.93838007189333,0
22400725,1610612762,UTA,102.93838007189333,109,92,109,113.51311497623101,0
22400726,1610612740,NOP,88.27830545627512,96,93,130,122.90517517877743,0
22400726,1610612743,DEN,122.90517517877743,130,100,96,88.27830545627512,1
22400727,1610612753,ORL,116.32920474605635,116,88,90,92.87457814393565,1
22400727,1610612758,SAC,92.87457814393565,90,80,116,116.32920474605635,0
22400728,1610612738,BOS,102.81380147556774,108,89,113,105.22828666353598,0
22400728,1610612742,DAL,105.22828666353598,113,88,108,102.81380147556774,1
22400729,1610612745,HOU,87.99875994864851,94,84,106,110.98356315214187,0
22400729,1610612750,MIN,110.98356315214187,106,94,94,87.99875994864851,1
22400730,1610612743,DEN,103.2522994573228,100,83,67,68.13069846131839,1
22400730,1610612753,ORL,68.13069846131839,67,84,100,103.2522994573228,0
22400731,1610612744,GSW,105.56541331415065,98,101,91,92.26491004228592,1
22400731,1610612747,LAL,92.26491004228592,91,78,98,105.56541331415065,0
22400732,1610612757,POR,96.09536951826885,94,90,84,83.26138742314652,1
22400732,1610612758,SAC,83.26138742314652,84,88,94,96.09536951826885,0
22400733,1610612746,LAC,96.6101083564572,99,88,99,103.62038028333336,0
22400733,1610612754,IND,103.62038028333336,99,95,99,96.6101083564572,0
22400734,1610612759,SAS,97.49236546130851,96,92,111,106.64950678078458,0
22400734,1610612766,CHA,106.64950678078458,111,101,96,97.49236546130851,1
22400735,1610612739,CLE,124.98137115547433,112,94,108,105.88041347265244,1
22400735,1610612764,WAS,105.88041347265244,108,94,112,124.98137115547433,0
22400736,1610612737,ATL,105.53927705902606,103,92,101,101.50527611607686,1
22400736,1610612749,MIL,101.50527611607686,101,96,103,105.53927705902606,0
22400737,1610612748,MIA,75.2247310206294,76,90,88,80.93075721291825,0
22400737,1610612751,BKN,80.93075721291825,88,93,76,75.2247310206294,1
22400738,1610612755,PHI,90.25588645087555,95,83,105,117.16346160694957,0
22400738,1610612765,DET,117.16346160694957,105,97,95,90.25588645087555,1
22400739,1610612760,OKC,101.10550612560473,95,84,97,92.38040581857786,0
22400739,1610612761,TOR,92.38040581857786,97,91,95,101.10550612560473,1
22400740,1610612756,PHX,105.73807676392607,116,104,109,108.55513413483277,1
22400740,1610612762,UTA,108.55513413483277,109,117,116,105.73807676392607,0
22400741,1610612742,DAL,88.64109378913417,90,83,88,101.58047787984833,1
22400741,1610612745,HOU,101.58047787984833,88,100,90,88.64109378913417,0
22400742,1610612747,LAL,104.13376937666908,103,88,86,93.01723907189444,1
22400742,1610612754,IND,93.01723907189444,86,87,103,104.13376937666908,0
22400743,1610612753,ORL,96.75610326998867,100,88,95,96.85661722626537,1
22400743,1610612759,SAS,96.85661722626537,95,77,100,96.75610326998867,0
22400744,1610612737,ATL,115.10915190540254,112,97,91,96.51722902851179,1
22400744,1610612764,WAS,96.51722902851179,91,93,112,115.10915190540254,0
22400745,1610612741,CHI,72.3248632834293,87,79,109,104.42470751982182,0
22400745,1610612744,GSW,104.42470751982182,109,90,87,72.3248632834293,1
22400746,1610612760,OKC,107.97873486415483,108,105,84,88.31903476919979,1
22400746,1610612763,MEM,88.31903476919979,84,81,108,107.97873486415483,0
22400747,1610612750,MIN,89.78466840670444,96,82,81,80.8800282003358,1
22400747,1610612757,POR,80.8800282003358,81,92,96,89.78466840670444,0
22400748,1610612738,BOS,106.5513037503697,111,85,79,73.12977751810104,1
22400748,1610612752,NYK,73.12977751810104,79,83,111,106.5513037503697,0
22400749,1610612743,DEN,116.3929745927453,106,92,93,101.43545554950833,1
22400749,1610612756,PHX,101.43545554950833,93,98,106,116.3929745927453,0
22400750,1610612740,NOP,104.57521740300581,100,90,97,108.21797556406818,1
22400750,1610612758,SAC,108.21797556406818,97,91,100,104.57521740300581,0
22400751,1610612746,LAC,112.81208996661007,113,88,95,96.63774912571535,1
22400751,1610612762,UTA,96.63774912571535,95,83,113,112.81208996661007,0
22400752,1610612765,DET,106.44978830916807,99,90,83,85.87374063394964,1
22400752,1610612766,CHA,85.87374063394964,83,78,99,106.44978830916807,0
22400753,1610612745,HOU,64.84773639217019,72,86,74,73.75743232131936,0
22400753,1610612761,TOR,73.75743232131936,74,90,72,64.84773639217019,1
22400754,1610612749,MIL,110.28508788137697,116,105,112,107.09848482860252,1
22400754,1610612755,PHI,107.09848482860252,112,89,116,110.28508788137697,0
22400755,1610612739,CLE,114.6586941969581,113,94,84,81.71897947066464,1
22400755,1610612750,MIN,81.71897947066464,84,90,113,114.6586941969581,0
22400756,1610612737,ATL,81.86861333763227,88,77,86,75.57441247766837,1
22400756,1610612753,ORL,75.57441247766837,86,78,88,81.86861333763227,0
22400757,1610612759,SAS,103.97613579174504,107,88,104,99.50078970799223,1
22400757,1610612764,WAS,99.50078970799223,104,93,107,103.97613579174504,0
22400758,1610612751,BKN,91.16272681066766,84,93,70,75.61506449664012,1
22400758,1610612766,CHA,75.61506449664012,70,78,84,91.16272681066766,0
22400759,1610612738,BOS,97.88551270216703,95,85,73,71.90419450029731,1
22400759,1610612748,MIA,71.90419450029731,73,92,95,97.88551270216703,0
22400760,1610612744,GSW,107.92712732497603,95,93,86,93.16016664821655,1
22400760,1610612749,MIL,93.16016664821655,86,76,95,107.92712732497603,0
22400761,1610612740,NOP,89.56988576985896,82,82,125,119.25968148629181,0
22400761,1610612760,OKC,119.25968148629181,125,95,82,89.56988576985896,1
22400762,1610612742,DAL,108.86966098146513,113,95,115,110.8293884031009,0
22400762,1610612758,SAC,110.8293884031009,115,96,113,108.86966098146513,1
22400763,1610612743,DEN,124.61301147844642,128,91,95,97.56717566680163,1
22400763,1610612757,POR,97.56717566680163,95,88,128,124.61301147844642,0
22400764,1610612755,PHI,86.00255061779171,83,91,87,94.94429927365854,0
22400764,1610612761,TOR,94.94429927365854,87,82,83,86.00255061779171,1
22400765,1610612752,NYK,108.26303166756406,108,91,95,95.8552134744823,1
22400765,1610612754,IND,95.8552134744823,95,89,108,108.26303166756406,0
22400766,1610612741,CHI,94.50871982681565,80,100,120,130.72654777299613,0
22400766,1610612765,DET,130.72654777299613,120,96,80,94.50871982681565,1
22400767,1610612756,PHX,98.79917261004448,94,92,98,101.96586407069117,0
22400767,1610612763,MEM,101.96586407069117,98,100,94,98.79917261004448,1
22400768,1610612747,LAL,105.87175826588646,115,92,90,93.72828490845859,1
22400768,1610612762,UTA,93.72828490845859,90,84,115,105.87175826588646,0
22400769,1610612738,BOS,107.80357170489151,102,91,93,89.77437224355526,1
22400769,1610612759,SAS,89.77437224355526,93,96,102,107.80357170489151,0
22400770,1610612753,ORL,81.2447149035288,88,90,72,60.347970681265,1
22400770,1610612766,CHA,60.347970681265,72,81,88,81.2447149035288,0
22400771,1610612754,IND,124.28533725207672,116,107,117,126.72993572661653,0
22400771,1610612764,WAS,126.72993572661653,117,97,116,124.28533725207672,1
22400772,1610612751,BKN,85.71579133160412,88,85,78,81.19665862573311,1
22400772,1610612755,PHI,81.19665862573311,78,81,88,85.71579133160412,0
22400773,1610612737,ATL,125.8162678591907,124,110,119,117.67486858554184,1
22400773,1610612752,NYK,117.67486858554184,119,94,124,125.8162678591907,0
22400774,1610612739,CLE,117.38210791512392,114,99,94,99.18138317158446,1
22400774,1610612761,TOR,99.18138317158446,94,91,114,117.38210791512392,0
22400775,1610612741,CHI,87.04990981006995,83,86,100,108.61123983655125,0
22400775,1610612765,DET,108.61123983655125,100,88,83,87.04990981006995,1
22400776,1610612749,MIL,90.24530774448067,90,88,88,103.4997966918163,1
22400776,1610612750,MIN,103.4997966918163,88,103,90,90.24530774448067,0
22400777,1610612740,NOP,104.46414903784171,96,94,98,98.35363317420706,0
22400777,1610612758,SAC,98.35363317420706,98,87,96,104.46414903784171,1
22400778,1610612748,MIA,88.90763301961124,83,79,101,98.5222192092333,0
22400778,1610612760,OKC,98.5222192092333,101,88,83,88.90763301961124,1
22400779,1610612745,HOU,121.8827221323736,105,97,102,112.95635915338062,1
22400779,1610612756,PHX,112.95635915338062,102,89,105,121.8827221323736,0
22400780,1610612743,DEN,108.60446764621884,113,96,100,94.78896757028997,1
22400780,1610612757,POR,94.78896757028997,100,94,113,108.60446764621884,0
22400781,1610612747,LAL,101.45412211795337,102,92,105,97.9200733457692,0
22400781,1610612762,UTA,97.9200733457692,105,86,102,101.45412211795337,1
22400782,1610612742,DAL,100.24663892900571,99,87,92,95.71998004894704,1
22400782,1610612744,GSW,95.71998004894704,92,96,99,100.24663892900571,0
22400783,1610612746,LAC,99.27687377063558,107,93,106,87.94487830810249,1
22400783,1610612763,MEM,87.94487830810249,106,89,107,99.27687377063558,0
22400784,1610612744,GSW,91.66669824789278,81,89,88,96.7637116224505,0
22400784,1610612745,HOU,96.7637116224505,88,93,81,91.66669824789278,1
22400785,1610612740,NOP,100.72656734380871,113,92,115,114.36734655522741,0
22400785,1610612758,SAC,114.36734655522741,115,112,113,100.72656734380871,1
22400786,1610612742,DAL,108.68210426019505,105,90,96,92.6023586539086,1
22400786,1610612748,MIA,92.6023586539086,96,91,105,108.68210426019505,0
22400787,1610612750,MIN,93.9829774403479,96,99,81,80.99040228500962,1
22400787,1610612760,OKC,80.99040228500962,81,88,96,93.9829774403479,0
22400788,1610612754,IND,103.47879710095003,109,91,94,87.3641842501238,1
22400788,1610612763,MEM,87.3641842501238,94,99,109,103.47879710095003,0
22400789,1610612738,BOS,113.0823004245758,110,89,88,93.3548611626029,1
22400789,1610612755,PHI,93.3548611626029,88,93,110,113.0823004245758,0
22400790,1610612737,ATL,93.90949476487003,89,100,88,72.20166929019615,1
22400790,1610612753,ORL,72.20166929019615,88,85,89,93.90949476487003,0
22400791,1610612739,CLE,95.78619586024433,91,94,86,92.87483690888621,1
22400791,1610612751,BKN,92.87483690888621,86,95,91,95.78619586024433,0
22400792,1610612741,CHI,104.66476617846638,101,103,106,111.38036224851385,0
22400792,1610612752,NYK,111.38036224851385,106,107,101,104.66476617846638,1
22400793,1610612746,LAC,81.31793175078928,94,88,93,73.29933520592749,1
22400793,1610612749,MIL,73.29933520592749,93,80,94,81.31793175078928,0
22400794,1610612743,DEN,95.77413452696055,117,98,101,87.53210513712838,1
22400794,1610612766,CHA,87.53210513712838,101,99,117,95.77413452696055,0
22400795,1610612756,PHX,99.09334262600169,92,81,103,102.8574852773454,0
22400795,1610612759,SAS,102.8574852773454,103,93,92,99.09334262600169,1
22400796,1610612747,LAL,97.12061647488736,87,82,88,94.11146809346974,0
22400796,1610612757,POR,94.11146809346974,88,86,87,97.12061647488736,1
22400797,1610612739,CLE,130.5391353687737,131,92,94,97.88474442390725,1
22400797,1610612752,NYK,97.88474442390725,94,89,131,130.5391353687737,0
22400798,1610612753,ORL,71.8069617357105,81,88,83,82.64103985577822,0
22400798,1610612763,MEM,82.64103985577822,83,92,81,71.8069617357105,1
22400799,1610612749,MIL,94.08236762229353,87,82,82,87.39736907090992,1
22400799,1610612764,WAS,87.39736907090992,82,87,87,94.08236762229353,0
22400800,1610612748,MIA,114.24709584657103,105,90,93,99.95323442830704,1
22400800,1610612761,TOR,99.95323442830704,93,91,105,114.24709584657103,0
22400801,1610612745,HOU,104.94977559475228,97,84,93,100.11116830236278,1
22400801,1610612750,MIN,100.11116830236278,93,92,97,104.94977559475228,0
22400802,1610612759,SAS,90.40298780333251,96,84,106,115.38277551392093,0
22400802,1610612765,DET,115.38277551392093,106,94,96,90.40298780333251,1
22400803,1610612740,NOP,83.38761851890013,84,92,90,95.40564877772704,0
22400803,1610612742,DAL,95.40564877772704,90,86,84,83.38761851890013,1
22400804,1610612760,OKC,110.45082943700254,111,97,97,99.22906580939889,1
22400804,1610612762,UTA,99.22906580939889,97,90,111,110.45082943700254,0
22400805,1610612744,GSW,106.63490567309782,120,93,91,87.07390054408461,1
22400805,1610612758,SAC,87.07390054408461,91,79,120,106.63490567309782,0
22400806,1610612741,CHI,91.65892671607435,100,98,96,91.87240878911689,1
22400806,1610612756,PHX,91.87240878911689,96,89,100,91.65892671607435,0
22400807,1610612751,BKN,88.52618368249387,89,81,82,90.55998887075111,1
22400807,1610612755,PHI,90.55998887075111,82,85,89,88.52618368249387,0
22400808,1610612743,DEN,94.93714678799734,84,85,102,96.63888132665306,0
22400808,1610612747,LAL,96.63888132665306,102,86,84,94.93714678799734,1
22400809,1610612745,HOU,99.8924015937373,105,100,111,104.79039629083127,0
22400809,1610612762,UTA,104.79039629083127,111,98,105,99.8924015937373,1
22400810,1610612757,POR,112.90022434620187,122,87,73,81.40259006991982,1
22400810,1610612766,CHA,81.40259006991982,73,98,122,112.90022434620187,0
22400811,1610612738,BOS,106.09598482074216,107,91,94,94.12898637959734,1
22400811,1610612752,NYK,94.12898637959734,94,92,107,106.09598482074216,0
22400812,1610612742,DAL,88.43548630713485,89,82,106,92.45461544115096,0
22400812,1610612744,GSW,92.45461544115096,106,98,89,88.43548630713485,1
22400813,1610612746,LAC,84.55588167556562,86,85,104,106.47274774359539,0
22400813,1610612754,IND,106.47274774359539,104,84,86,84.55588167556562,1
22400814,1610612737,ATL,115.27186425635591,117,96,130,117.89402334345505,0
22400814,1610612765,DET,117.89402334345505,130,93,117,115.27186425635591,1
22400815,1610612753,ORL,95.14852817589417,91,90,74,82.39772014971823,1
22400815,1610612764,WAS,82.39772014971823,74,78,91,95.14852817589417,0
22400816,1610612756,PHX,100.58704899111763,93,85,106,113.82824452524073,0
22400816,1610612761,TOR,113.82824452524073,106,88,93,100.58704899111763,1
22400817,1610612748,MIA,92.98814077023417,91,88,102,103.74882073653862,0
22400817,1610612749,MIL,103.74882073653862,102,86,91,92.98814077023417,1
22400818,1610612740,NOP,107.8402424142696,95,94,79,77.8720513486769,1
22400818,1610612759,SAS,77.8720513486769,79,97,95,107.8402424142696,0
22400819,1610612739,CLE,117.31827136175707,105,99,99,112.51843291567639,1
22400819,1610612763,MEM,112.51843291567639,99,92,105,117.31827136175707,0
22400820,1610612750,MIN,91.46997293329332,96,89,115,105.01279852190055,0
22400820,1610612760,OKC,105.01279852190055,115,86,96,91.46997293329332,1
22400821,1610612746,LAC,81.71350651513785,85,92,81,75.5576985469088,1
22400821,1610612765,DET,75.5576985469088,81,79,85,81.71350651513785,0
22400822,1610612743,DEN,106.5059092482552,114,94,94,93.66980242868885,1
22400822,1610612754,IND,93.66980242868885,94,85,114,106.5059092482552,0
22400823,1610612741,CHI,108.18870669882745,108,89,84,95.03443554078694,1
22400823,1610612755,PHI,95.03443554078694,84,95,108,108.18870669882745,0
22400824,1610612751,BKN,73.40120654879138,80,84,83,75.51392951980233,0
22400824,1610612764,WAS,75.51392951980233,83,70,80,73.40120654879138,1
22400825,1610612737,ATL,83.55275536933914,89,88,61,59.08834846038371,1
22400825,1610612748,MIA,59.08834846038371,61,84,89,83.55275536933914,0
22400826,1610612750,MIN,106.00738054234535,97,97,105,113.96932549588382,0
22400826,1610612760,OKC,113.96932549588382,105,106,97,106.00738054234535,1
22400827,1610612757,POR,101.40636415593326,96,98,96,99.74041230138391,0
22400827,1610612762,UTA,99.74041230138391,96,98,96,101.40636415593326,0
22400828,1610612758,SAC,106.02722627506591,114,87,70,67.20386553229764,1
22400828,1610612766,CHA,67.20386553229764,70,85,114,106.02722627506591,0
22400829,1610612738,BOS,105.65853923372924,103,93,89,90.73819591058418,1
22400829,1610612761,TOR,90.73819591058418,89,83,103,105.65853923372924,0
22400830,1610612739,CLE,111.88088697195053,109,80,71,83.91700967377983,1
22400830,1610612753,ORL,83.91700967377983,71,90,109,111.88088697195053,0
22400831,1610612745,HOU,100.71178573463112,86,91,80,103.92696259031072,1
22400831,1610612749,MIL,103.92696259031072,80,85,86,100.71178573463112,0
22400832,1610612756,PHX,122.58152373554185,127,99,124,114.35916283167899,1
22400832,1610612763,MEM,114.35916283167899,124,99,127,122.58152373554185,0
22400833,1610612740,NOP,105.92824437469244,89,94,89,94.1079420237802,0
22400833,1610612759,SAS,94.1079420237802,89,93,89,105.92824437469244,0
22400834,1610612744,GSW,107.24848296539858,113,100,77,69.46975712059066,1
22400834,1610612766,CHA,69.46975712059066,77,89,113,107.24848296539858,0
22400835,1610612742,DAL,100.8622919130139,87,98,89,93.9544072629651,0
22400835,1610612747,LAL,93.9544072629651,89,87,87,100.8622919130139,1
22400836,1610612738,BOS,82.04686797270551,87,80,107,93.90023599937558,0
22400836,1610612765,DET,93.90023599937558,107,89,87,82.04686797270551,1
22400837,1610612754,IND,106.6961009176448,101,81,80,83.48847990389913,1
22400837,1610612761,TOR,83.48847990389913,80,87,101,106.6961009176448,0
22400838,1610612752,NYK,90.56203790288419,87,77,89,98.46132089407183,0
22400838,1610612755,PHI,98.46132089407183,89,88,87,90.56203790288419,1
22400839,1610612757,POR,96.47975408192724,102,101,98,93.4585630625952,1
22400839,1610612764,WAS,93.4585630625952,98,83,102,96.47975408192724,0
22400840,1610612751,BKN,97.51019687904045,99,93,105,108.81837431434542,0
22400840,1610612760,OKC,108.81837431434542,105,90,99,97.51019687904045,1
22400841,1610612737,ATL,98.53497246955521,94,81,113,110.16091229533777,0
22400841,1610612748,MIA,110.16091229533777,113,76,94,98.53497246955521,1
22400842,1610612741,CHI,97.22858852753416,111,94,107,107.97521647368558,1
22400842,1610612746,LAC,107.97521647368558,107,85,111,97.22858852753416,0
22400843,1610612758,SAC,106.3478419422172,107,87,92,90.36801723251119,1
22400843,1610612762,UTA,90.36801723251119,92,84,107,106.3478419422172,0
22400844,1610612745,HOU,103.9425953393802,107,102,91,101.40305897803046,1
22400844,1610612759,SAS,101.40305897803046,91,100,107,103.9425953393802,0
22400845,1610612744,GSW,87.78539151558653,91,79,101,85.06085683591664,0
22400845,1610612753,ORL,85.06085683591664,101,89,91,87.78539151558653,1
22400846,1610612743,DEN,96.98009440489113,103,105,98,96.49698539078236,1
22400846,1610612749,MIL,96.49698539078236,98,90,103,96.98009440489113,0
22400847,1610612742,DAL,91.19163234997541,91,97,87,86.03309322800487,1
22400847,1610612766,CHA,86.03309322800487,87,98,91,91.19163234997541,0
22400848,1610612740,NOP,110.71579981246032,117,104,108,109.71233270037919,1
22400848,1610612756,PHX,109.71233270037919,108,94,117,110.71579981246032,0
22400849,1610612747,LAL,83.65873604500666,79,82,82,91.34475335921161,0
22400849,1610612750,MIN,91.34475335921161,82,84,79,83.65873604500666,1
22400850,1610612743,DEN,99.36726074153557,111,84,102,104.24536569789052,1
22400850,1610612765,DET,104.24536569789052,102,99,111,99.36726074153557,0
22400851,1610612737,ATL,102.71635670540854,101,88,125,127.10764057817869,0
22400851,1610612760,OKC,127.10764057817869,125,101,101,102.71635670540854,1
22400852,1610612738,BOS,101.81405056873336,103,89,107,110.69638433959335,0
22400852,1610612739,CLE,110.69638433959335,107,94,103,101.81405056873336,1
22400853,1610612751,BKN,84.84160041972063,79,87,105,98.03769661020488,0
22400853,1610612757,POR,98.03769661020488,105,78,79,84.84160041972063,1
22400854,1610612748,MIA,110.73195701371878,113,84,115,114.36258988175541,0
22400854,1610612754,IND,114.36258988175541,115,88,113,110.73195701371878,1
22400855,1610612741,CHI,122.32217948697507,103,101,99,110.79085465054959,1
22400855,1610612761,TOR,110.79085465054959,99,103,103,122.32217948697507,0
22400856,1610612752,NYK,100.14530890015885,101,95,92,98.69553395500407,1
22400856,1610612763,MEM,98.69553395500407,92,94,101,100.14530890015885,0
22400857,1610612740,NOP,99.30910370871425,99,87,115,113.63495181966573,0
22400857,1610612756,PHX,113.63495181966573,115,79,99,99.30910370871425,1
22400858,1610612750,MIN,99.74426065688021,108,101,108,107.54754249053076,0
22400858,1610612762,UTA,107.54754249053076,108,92,108,99.74426065688021,0
22400859,1610612746,LAC,86.01143118552864,87,87,89,78.53046567784622,0
22400859,1610612747,LAL,78.53046567784622,89,80,87,86.01143118552864,1
22400860,1610612764,WAS,90.24191669141874,97,88,96,101.22335224156268,1
22400860,1610612766,CHA,101.22335224156268,96,93,97,90.24191669141874,0
22400861,1610612751,BKN,72.58191745332442,64,95,90,88.40229101618752,0
22400861,1610612765,DET,88.40229101618752,90,72,64,72.58191745332442,1
22400862,1610612745,HOU,95.23977166996337,87,86,97,97.97903943620622,0
22400862,1610612758,SAC,97.97903943620622,97,87,87,95.23977166996337,1
22400863,1610612759,SAS,111.6012744186446,114,96,111,119.2934423936531,1
22400863,1610612763,MEM,119.2934423936531,111,95,114,111.6012744186446,0
22400864,1610612744,GSW,105.92053455417044,104,100,109,99.92064656456932,0
22400864,1610612755,PHI,99.92064656456932,109,85,104,105.92053455417044,1
22400865,1610612742,DAL,88.32259213295765,97,91,101,98.19253120105714,0
22400865,1610612749,MIL,98.19253120105714,101,87,97,88.32259213295765,1
22400866,1610612738,BOS,88.11786650051363,88,78,94,88.78969900705852,0
22400866,1610612743,DEN,88.78969900705852,94,86,88,88.11786650051363,1
22400867,1610612739,CLE,105.3438141499646,103,97,98,102.44615045469254,1
22400867,1610612757,POR,102.44615045469254,98,96,103,105.3438141499646,0
22400868,1610612741,CHI,96.40761958248913,98,88,115,113.82602573046461,0
22400868,1610612754,IND,113.82602573046461,115,87,98,96.40761958248913,1
22400869,1610612748,MIA,107.78357090940699,101,84,106,115.53237865399569,0
22400869,1610612752,NYK,115.53237865399569,106,95,101,107.78357090940699,1
22400870,1610612753,ORL,74.6562942690216,67,67,81,81.45714707532898,0
22400870,1610612761,TOR,81.45714707532898,81,80,67,74.6562942690216,1
22400871,1610612759,SAS,118.42918033816386,120,91,129,134.5864894692786,0
22400871,1610612760,OKC,134.5864894692786,129,101,120,118.42918033816386,1
22400872,1610612740,NOP,105.00855081807822,121,102,108,102.84331336384639,1
22400872,1610612762,UTA,102.84331336384639,108,96,121,105.00855081807822,0
22400873,1610612750,MIN,93.45306998537853,99,92,83,77.49219010397792,1
22400873,1610612756,PHX,77.49219010397792,83,80,99,93.45306998537853,0
22400874,1610612746,LAC,102.43153434759006,88,88,94,101.08278766809963,0
22400874,1610612747,LAL,101.08278766809963,94,77,88,102.43153434759006,1
22400875,1610612744,GSW,98.25267250975594,98,95,79,82.05641591607127,1
22400875,1610612766,CHA,82.05641591607127,79,86,98,98.25267250975594,0
22400876,1610612755,PHI,83.3116753497161,93,95,107,106.57443827670068,0
22400876,1610612757,POR,106.57443827670068,107,99,93,83.3116753497161,1
22400877,1610612748,MIA,89.93323321221396,91,82,72,73.40456214896403,1
22400877,1610612764,WAS,73.40456214896403,72,84,91,89.93323321221396,0
22400878,1610612737,ATL,113.88018199568614,123,96,107,111.4146912265569,1
22400878,1610612763,MEM,111.4146912265569,107,93,123,113.88018199568614,0
22400879,1610612745,HOU,105.07786563504487,114,101,113,105.79112471919507,1
22400879,1610612760,OKC,105.79112471919507,113,97,114,105.07786563504487,0
22400880,1610612742,DAL,82.17668657377362,77,77,110,114.01804243400693,0
22400880,1610612758,SAC,114.01804243400693,110,90,77,82.17668657377362,1
22400881,1610612762,UTA,88.85711857490242,80,82,113,117.86324791004881,0
22400881,1610612765,DET,117.86324791004881,113,92,80,88.85711857490242,1
22400882,1610612745,HOU,93.43457613093778,89,98,105,93.35171520151198,0
22400882,1610612754,IND,93.35171520151198,105,86,89,93.43457613093778,1
22400883,1610612753,ORL,96.14739920152351,95,83,88,86.84351329877973,1
22400883,1610612761,TOR,86.84351329877973,88,80,95,96.14739920152351,0
22400884,1610612737,ATL,110.20077701983973,108,101,109,107.98152005020529,0
22400884,1610612749,MIL,107.98152005020529,109,96,108,110.20077701983973,1
22400885,1610612744,GSW,97.22984909126535,99,88,90,86.46178940567188,1
22400885,1610612752,NYK,86.46178940567188,90,92,99,97.22984909126535,0
22400886,1610612739,CLE,109.9794812547043,109,98,105,108.29533235868439,1
22400886,1610612741,CHI,108.29533235868439,105,106,109,109.9794812547043,0
22400887,1610612750,MIN,99.45904345903546,110,81,93,96.84437455888838,1
22400887,1610612755,PHI,96.84437455888838,93,86,110,99.45904345903546,0
22400888,1610612751,BKN,95.44424844090827,95,86,122,119.53847954934463,0
22400888,1610612759,SAS,119.53847954934463,122,95,95,95.44424844090827,1
22400889,1610612746,LAC,94.32517073303461,94,83,96,93.4758265898563,0
22400889,1610612756,PHX,93.4758265898563,96,80,94,94.32517073303461,1
22400890,1610612740,NOP,107.55543525144458,101,93,115,120.9676194647327,0
22400890,1610612747,LAL,120.9676194647327,115,90,101,107.55543525144458,1
22400891,1610612738,BOS,107.06107174046338,113,97,106,106.76641032705083,1
22400891,1610612757,POR,106.76641032705083,106,90,113,107.06107174046338,0
22400892,1610612750,MIN,104.22016475209966,109,90,96,98.25670832511969,1
22400892,1610612766,CHA,98.25670832511969,96,95,109,104.22016475209966,0
22400893,1610612739,CLE,100.55994062125683,96,87,85,95.74573167273775,1
22400893,1610612748,MIA,95.74573167273775,85,83,96,100.55994062125683,0
22400894,1610612762,UTA,116.70354320062324,108,101,101,110.27964370045811,1
22400894,1610612764,WAS,110.27964370045811,101,95,108,116.70354320062324,0
22400895,1610612760,OKC,106.79671993129887,103,87,83,90.74973401380703,1
22400895,1610612763,MEM,90.74973401380703,83,91,103,106.79671993129887,0
22400896,1610612743,DEN,90.10015394864604,92,87,99,108.58038897439837,0
22400896,1610612758,SAC,108.58038897439837,99,96,92,90.10015394864604,1
22400897,1610612742,DAL,97.65606031101197,103,98,120,106.48141561914235,0
22400897,1610612749,MIL,106.48141561914235,120,89,103,97.65606031101197,1
22400898,1610612746,LAC,87.10496027790941,101,80,101,102.19348772196099,0
22400898,1610612765,DET,102.19348772196099,101,86,101,87.10496027790941,0
22400899,1610612737,ATL,104.84166626445949,110,94,102,97.81379568111151,1
22400899,1610612754,IND,97.81379568111151,102,91,110,104.84166626445949,0
22400900,1610612738,BOS,113.6131044686772,111,91,95,96.54999715276062,1
22400900,1610612755,PHI,96.54999715276062,95,95,111,113.6131044686772,0
22400901,1610612744,GSW,94.24964124755934,92,82,103,105.7559748343192,0
22400901,1610612751,BKN,105.7559748343192,103,87,92,94.24964124755934,1
22400902,1610612740,NOP,82.56271029775962,71,83,101,103.94764822768047,0
22400902,1610612745,HOU,103.94764822768047,101,81,71,82.56271029775962,1
22400903,1610612747,LAL,95.65862187882885,90,89,84,92.95197844714858,1
22400903,1610612752,NYK,92.95197844714858,84,94,90,95.65862187882885,0
22400904,1610612739,CLE,80.74417300056666,75,76,101,98.52912552794442,0
22400904,1610612766,CHA,98.52912552794442,101,92,75,80.74417300056666,1
22400905,1610612761,TOR,98.73877133778296,94,104,86,85.03897467907518,1
22400905,1610612762,UTA,85.03897467907518,86,84,94,98.73877133778296,0
22400906,1610612742,DAL,88.69750634278171,89,96,108,106.62036950560287,0
22400906,1610612763,MEM,106.62036950560287,108,106,89,88.69750634278171,1
22400907,1610612748,MIA,108.00034287339076,96,89,98,101.76898354967125,0
22400907,1610612750,MIN,101.76898354967125,98,81,96,108.00034287339076,1
22400908,1610612757,POR,77.246925114654,74,95,92,84.00526531343348,0
22400908,1610612760,OKC,84.00526531343348,92,84,74,77.246925114654,1
22400909,1610612743,DEN,136.8765182364732,135,97,118,121.24543859763071,1
22400909,1610612756,PHX,121.24543859763071,118,91,135,136.8765182364732,0
22400910,1610612758,SAC,115.26023838948458,115,96,96,96.9170490433462,1
22400910,1610612759,SAS,96.9170490433462,96,87,115,115.26023838948458,0
22400911,1610612746,LAC,78.70643472485244,89,88,79,78.34508480574004,1
22400911,1610612752,NYK,78.34508480574004,79,91,89,78.70643472485244,0
22400912,1610612751,BKN,81.91055641137064,90,82,91,94.96275006607175,0
22400912,1610612766,CHA,94.96275006607175,91,98,90,81.91055641137064,1
22400913,1610612740,NOP,93.262443756219,108,99,127,106.30934648390394,0
22400913,1610612745,HOU,106.30934648390394,127,99,108,93.262443756219,1
22400914,1610612737,ATL,93.15227622864768,100,97,92,93.74836954008788,1
22400914,1610612754,IND,93.74836954008788,92,94,100,93.15227622864768,0
22400915,1610612761,TOR,86.50669322907925,90,95,101,109.42247770540416,0
22400915,1610612764,WAS,109.42247770540416,101,100,90,86.50669322907925,1
22400916,1610612741,CHI,96.9117011380149,91,88,95,107.69390262989327,0
22400916,1610612748,MIA,107.69390262989327,95,97,91,96.9117011380149,1
22400917,1610612749,MIL,99.35465515265241,93,75,96,92.72510363673791,0
22400917,1610612753,ORL,92.72510363673791,96,82,93,99.35465515265241,1
22400918,1610612738,BOS,89.92467005713843,93,84,92,92.87034909240901,1
22400918,1610612747,LAL,92.87034909240901,92,87,93,89.92467005713843,0
22400919,1610612744,GSW,80.76481129601598,82,84,83,82.29749346897006,0
22400919,1610612765,DET,82.29749346897006,83,85,82,80.76481129601598,1
22400920,1610612743,DEN,93.84192428039387,92,97,105,104.62691984931007,0
22400920,1610612760,OKC,104.62691984931007,105,94,92,93.84192428039387,1
22400921,1610612742,DAL,101.14603996579535,103,88,108,112.93821934983134,0
22400921,1610612756,PHX,112.93821934983134,108,84,103,101.14603996579535,1
22400922,1610612739,CLE,94.55538979917765,97,88,87,90.90538807050325,1
22400922,1610612749,MIL,90.90538807050325,87,91,97,94.55538979917765,0
22400923,1610612740,NOP,94.82687352248468,83,85,95,117.11802299739793,0
22400923,1610612763,MEM,117.11802299739793,95,99,83,94.82687352248468,1
22400924,1610612755,PHI,98.19773430423811,102,96,96,99.84229447855614,1
22400924,1610612762,UTA,99.84229447855614,96,93,102,98.19773430423811,0
22400925,1610612750,MIN,127.53628698317334,127,95,105,91.58957917965017,1
22400925,1610612759,SAS,91.58957917965017,105,85,127,127.53628698317334,0
22400926,1610612757,POR,91.1901230381336,87,93,95,100.6737277074717,0
22400926,1610612765,DET,100.6737277074717,95,87,87,91.1901230381336,1
22400927,1610612746,LAC,94.42296964023262,96,81,89,95.72321269847453,1
22400927,1610612758,SAC,95.72321269847453,89,87,96,94.42296964023262,0
22400928,1610612737,ATL,103.11749407369643,121,98,108,90.21407125098631,1
22400928,1610612755,PHI,90.21407125098631,108,91,121,103.11749407369643,0
22400929,1610612738,BOS,100.4379409714602,98,93,99,92.6218843087554,0
22400929,1610612762,UTA,92.6218843087554,99,95,98,100.4379409714602,1
22400930,1610612747,LAL,97.20344010693952,93,85,92,91.11905674240552,1
22400930,1610612751,BKN,91.11905674240552,92,90,93,97.20344010693952,0
22400931,1610612748,MIA,92.59197412524372,88,85,83,79.30706100631505,1
22400931,1610612766,CHA,79.30706100631505,83,86,88,92.59197412524372,0
22400932,1610612761,TOR,108.153278184589,102,109,92,103.2009697877802,1
22400932,1610612764,WAS,103.2009697877802,92,105,102,108.153278184589,0
22400933,1610612741,CHI,120.95205902447924,110,98,90,105.99354882491753,1
22400933,1610612754,IND,105.99354882491753,90,101,110,120.95205902447924,0
22400934,1610612745,HOU,77.52324749575928,86,89,64,73.29083505924791,1
22400934,1610612753,ORL,73.29083505924791,64,86,86,77.52324749575928,0
22400935,1610612756,PHX,107.9477316364646,102,90,97,103.57482963078655,1
22400935,1610612763,MEM,103.57482963078655,97,86,102,107.9477316364646,0
22400936,1610612743,DEN,119.80478745466098,122,86,113,115.78377554006875,1
22400936,1610612760,OKC,115.78377554006875,113,100,122,119.80478745466098,0
22400937,1610612742,DAL,114.09145299252123,106,88,115,114.10464109806344,0
22400937,1610612759,SAS,114.10464109806344,115,94,106,114.09145299252123,1
22400938,1610612744,GSW,108.05524958996102,111,85,106,110.52289663767442,1
22400938,1610612757,POR,110.52289663767442,106,91,111,108.05524958996102,0
22400939,1610612752,NYK,100.63161004707217,112,84,82,75.67503683338873,1
22400939,1610612758,SAC,75.67503683338873,82,86,112,100.63161004707217,0
22400940,1610612739,CLE,90.84326118696481,88,89,94,95.4027543189004,0
22400940,1610612751,BKN,95.4027543189004,94,84,88,90.84326118696481,1
22400941,1610612764,WAS,83.13181000994518,87,92,112,104.89580957684666,0
22400941,1610612765,DET,104.89580957684666,112,104,87,83.13181000994518,1
22400942,1610612749,MIL,105.84968902519904,100,84,101,101.01808825484477,0
22400942,1610612754,IND,101.01808825484477,101,87,100,105.84968902519904,1
22400943,1610612740,NOP,106.84067771630362,111,85,106,100.51604196149856,1
22400943,1610612746,LAC,100.51604196149856,106,92,111,106.84067771630362,0
22400944,1610612741,CHI,103.59636473376304,101,86,89,94.01490424503572,1
22400944,1610612753,ORL,94.01490424503572,89,87,101,103.59636473376304,0
22400945,1610612737,ATL,75.11006543505937,88,88,94,75.09021985251456,0
22400945,1610612766,CHA,75.09021985251456,94,88,88,75.11006543505937,1
22400946,1610612738,BOS,98.0210460438393,102,94,93,90.61916999146342,1
22400946,1610612760,OKC,90.61916999146342,93,82,102,98.0210460438393,0
22400947,1610612755,PHI,95.2196109071374,89,96,104,112.245113681769,0
22400947,1610612761,TOR,112.245113681769,104,100,89,95.2196109071374,1
22400948,1610612746,LAC,99.92107838066295,103,76,94,96.62554388679564,1
22400948,1610612748,MIA,96.62554388679564,94,84,103,99.92107838066295,0
22400949,1610612745,HOU,105.27804057160392,92,88,88,89.35762043204159,1
22400949,1610612756,PHX,89.35762043204159,88,73,92,105.27804057160392,0
22400950,1610612762,UTA,96.62583321146667,96,90,106,108.44627240113914,0
22400950,1610612763,MEM,108.44627240113914,106,94,96,96.62583321146667,1
22400951,1610612742,DAL,103.59175534499809,103,81,111,115.59529210999608,0
22400951,1610612759,SAS,115.59529210999608,111,94,103,103.59175534499809,1
22400952,1610612743,DEN,82.48651331430301,79,89,103,108.98868855834007,0
22400952,1610612750,MIN,108.98868855834007,103,90,79,82.48651331430301,1
22400953,1610612752,NYK,103.24829576490447,100,94,97,93.06380943860859,1
22400953,1610612757,POR,93.06380943860859,97,90,100,103.24829576490447,0
22400954,1610612764,WAS,103.0912006078288,106,90,88,96.24819835601375,1
22400954,1610612765,DET,96.24819835601375,88,85,106,103.0912006078288,0
22400955,1610612747,LAL,101.2918336163275,91,87,99,104.9153221626766,0
22400955,1610612749,MIL,104.9153221626766,99,86,91,101.2918336163275,1
22400956,1610612741,CHI,85.46984617086127,93,90,97,90.08699501259252,0
22400956,1610612751,BKN,90.08699501259252,97,96,93,85.46984617086127,1
22400957,1610612744,GSW,92.47995702223852,112,78,88,84.38913953886367,1
22400957,1610612758,SAC,84.38913953886367,88,79,112,92.47995702223852,0
22400958,1610612738,BOS,95.04010728700086,91,83,81,88.37635812629014,1
22400958,1610612748,MIA,88.37635812629014,81,75,91,95.04010728700086,0
22400959,1610612754,IND,95.24270945461467,98,89,85,94.32318524713628,1
22400959,1610612755,PHI,94.32318524713628,85,82,98,95.24270945461467,0
22400960,1610612737,ATL,89.44171614432707,83,88,106,95.94296938693151,0
22400960,1610612746,LAC,95.94296938693151,106,86,83,89.44171614432707,1
22400961,1610612742,DAL,115.21206409810111,86,94,123,117.6725043724291,0
22400961,1610612745,HOU,117.6725043724291,123,105,86,115.21206409810111,1
22400962,1610612739,CLE,108.01824802299961,107,88,107,104.19607233768329,0
22400962,1610612763,MEM,104.19607233768329,107,97,107,108.01824802299961,0
22400963,1610612750,MIN,92.64124098373577,98,80,92,90.30414148583077,1
22400963,1610612753,ORL,90.30414148583077,92,89,98,92.64124098373577,0
22400964,1610612759,SAS,114.64187311613932,117,95,128,117.78660873626359,0
22400964,1610612766,CHA,117.78660873626359,128,85,117,114.64187311613932,1
22400965,1610612743,DEN,108.24415211053565,101,85,113,124.67042647534981,0
22400965,1610612747,LAL,124.67042647534981,113,105,101,108.24415211053565,1
22400966,1610612761,TOR,89.14299787348136,100,91,94,81.57391708809882,1
22400966,1610612762,UTA,81.57391708809882,94,89,100,89.14299787348136,0
22400967,1610612756,PHX,100.36629550834186,106,79,88,78.2970281955786,1
22400967,1610612758,SAC,78.2970281955786,88,81,106,100.36629550834186,0
22400968,1610612738,BOS,99.31923858914524,101,84,104,98.37558963778429,0
22400968,1610612751,BKN,98.37558963778429,104,90,101,99.31923858914524,1
22400969,1610612760,OKC,87.82319832593203,96,89,98,91.39705599332228,0
22400969,1610612765,DET,91.39705599332228,98,88,96,87.82319832593203,1
22400970,1610612741,CHI,112.99636912997812,100,93,102,104.87865214794874,0
22400970,1610612745,HOU,104.87865214794874,102,98,100,112.99636912997812,1
22400971,1610612748,MIA,75.7810037448071,79,88,114,103.21114960219711,0
22400971,1610612763,MEM,103.21114960219711,114,92,79,75.7810037448071,1
22400972,1610612749,MIL,95.7086915820837,101,79,109,104.42485081078485,0
22400972,1610612754,IND,104.42485081078485,109,96,101,95.7086915820837,1
22400973,1610612740,NOP,119.76196053507738,104,92,94,89.70094712078571,1
22400973,1610612759,SAS,89.70094712078571,94,84,104,119.76196053507738,0
22400974,1610612744,GSW,79.89732095319778,79,83,83,79.95009287097491,0
22400974,1610612752,NYK,79.95009287097491,83,86,79,79.89732095319778,1
22400975,1610612743,DEN,104.9300914267078,108,95,111,102.7968640520703,0
22400975,1610612764,WAS,102.7968640520703,111,95,108,104.9300914267078,1
22400976,1610612742,DAL,106.7501551383175,102,87,110,102.12284793099388,0
22400976,1610612755,PHI,102.12284793099388,110,92,102,106.7501551383175,1
22400977,1610612747,LAL,87.48223726358265,84,81,79,87.24626135546714,1
22400977,1610612756,PHX,87.24626135546714,79,89,84,87.48223726358265,0
22400978,1610612737,ATL,100.18651797249913,95,90,103,103.04795734398067,0
22400978,1610612751,BKN,103.04795734398067,103,90,95,100.18651797249913,1
22400979,1610612739,CLE,96.62769896909595,90,96,81,84.16631844080985,1
22400979,1610612753,ORL,84.16631844080985,81,81,90,96.62769896909595,0
22400980,1610612757,POR,88.58586035296321,90,88,86,91.6767417746596,1
22400980,1610612761,TOR,91.6767417746596,86,94,90,88.58586035296321,0
22400981,1610612750,MIN,97.10122467810288,110,97,90,85.16610098048113,1
22400981,1610612762,UTA,85.16610098048113,90,90,110,97.10122467810288,0
22400982,1610612749,MIL,87.17929089954123,79,83,102,105.37066545011476,0
22400982,1610612760,OKC,105.37066545011476,102,89,79,87.17929089954123,1
22400983,1610612746,LAC,95.5534864300862,93,88,75,81.99257902335376,1
22400983,1610612764,WAS,81.99257902335376,75,94,93,95.5534864300862,0
22400984,1610612748,MIA,86.51703557674773,84,82,110,111.88295422401279,0
22400984,1610612752,NYK,111.88295422401279,110,95,84,86.51703557674773,1
22400985,1610612745,HOU,124.16344083519652,124,107,120,113.61425500712357,1
22400985,1610612755,PHI,113.61425500712357,120,95,124,124.16344083519652,0
22400986,1610612750,MIN,102.28211126755923,101,97,113,111.46501004346646,0
22400986,1610612754,IND,111.46501004346646,113,97,101,102.28211126755923,1
22400987,1610612740,NOP,68.97722739819437,61,86,105,103.06796645466238,0
22400987,1610612765,DET,103.06796645466238,105,84,61,68.97722739819437,1
22400988,1610612753,ORL,106.63049601344392,104,90,93,95.44437050446868,1
22400988,1610612759,SAS,95.44437050446868,93,81,104,106.63049601344392,0
22400989,1610612741,CHI,94.67958226287737,98,97,79,78.91853841603734,1
22400989,1610612762,UTA,78.91853841603734,79,86,98,94.67958226287737,0
22400990,1610612743,DEN,100.71581522841007,100,92,90,86.21468419954181,1
22400990,1610612744,GSW,86.21468419954181,90,84,100,100.71581522841007,0
22400991,1610612756,PHX,122.70145945390686,114,92,72,76.78271555714309,1
22400991,1610612761,TOR,76.78271555714309,72,87,114,122.70145945390686,0
22400992,1610612758,SAC,105.91644393000752,112,88,101,86.7005074210465,1
22400992,1610612763,MEM,86.7005074210465,101,90,112,105.91644393000752,0
22400993,1610612737,ATL,110.49940298590809,122,93,86,76.46080889971927,1
22400993,1610612766,CHA,76.46080889971927,86,84,122,110.49940298590809,0
22400994,1610612738,BOS,90.77293805638328,86,79,85,92.05382723687217,1
22400994,1610612751,BKN,92.05382723687217,85,88,86,90.77293805638328,0
22400995,1610612757,POR,100.37862552562729,99,99,88,96.87183589674532,1
22400995,1610612764,WAS,96.87183589674532,88,92,99,100.37862552562729,0
22400996,1610612747,LAL,87.81606289325282,79,82,91,89.73973410949111,0
22400996,1610612749,MIL,89.73973410949111,91,84,79,87.81606289325282,1
22400997,1610612739,CLE,110.05151674803346,102,90,108,112.63760556327179,0
22400997,1610612746,LAC,112.63760556327179,108,84,102,110.05151674803346,1
22400998,1610612742,DAL,104.62399870157242,107,88,106,105.11259311297908,1
22400998,1610612754,IND,105.11259311297908,106,82,107,104.62399870157242,0
22400999,1610612745,HOU,96.990852272138,87,81,91,96.20029095886275,0
22400999,1610612753,ORL,96.20029095886275,91,92,87,96.990852272138,1
22401000,1610612748,MIA,92.6952953808941,98,90,101,103.10472955554724,0
22401000,1610612765,DET,103.10472955554724,101,91,98,92.6952953808941,1
22401001,1610612740,NOP,104.69647480081767,107,89,86,89.98708984162658,1
22401001,1610612750,MIN,89.98708984162658,86,77,107,104.69647480081767,0
22401002,1610612755,PHI,89.7421017549932,88,95,118,122.5291613037698,0
22401002,1610612760,OKC,122.5291613037698,118,90,88,89.7421017549932,1
22401003,1610612752,NYK,88.26354776928201,89,92,106,102.88270571222529,0
22401003,1610612759,SAS,102.88270571222529,106,90,89,88.26354776928201,1
22401004,1610612746,LAC,95.87743647955358,92,94,94,88.06943762698211,0
22401004,1610612762,UTA,88.06943762698211,94,78,92,95.87743647955358,1
22401005,1610612744,GSW,98.43538732873276,95,90,99,87.24256032542326,0
22401005,1610612761,TOR,87.24256032542326,99,78,95,98.43538732873276,1
22401006,1610612743,DEN,94.48556489637122,95,87,100,96.89022005721927,0
22401006,1610612747,LAL,96.89022005721927,100,83,95,94.48556489637122,1
22401007,1610612741,CHI,89.71444804174826,113,90,109,100.45079598855227,1
22401007,1610612756,PHX,100.45079598855227,109,96,113,89.71444804174826,0
22401008,1610612757,POR,101.89897200744599,98,96,82,86.02277157222852,1
22401008,1610612763,MEM,86.02277157222852,82,92,98,101.89897200744599,0
22401009,1610612739,CLE,104.96020348835737,105,84,108,107.57092225179076,0
22401009,1610612758,SAC,107.57092225179076,108,91,105,104.96020348835737,1
22401010,1610612752,NYK,89.34294254542328,82,90,101,104.29224297078326,0
22401010,1610612766,CHA,104.29224297078326,101,88,82,89.34294254542328,1
22401011,1610612751,BKN,89.85913043632172,86,101,78,79.7610716461204,1
22401011,1610612754,IND,79.7610716461204,78,81,86,89.85913043632172,0
22401012,1610612744,GSW,84.62187902885489,81,77,74,69.78243170445785,1
22401012,1610612749,MIL,69.78243170445785,74,79,81,84.62187902885489,0
22401013,1610612741,CHI,101.1640824819915,105,86,97,96.86527782632038,1
22401013,1610612758,SAC,96.86527782632038,97,86,105,101.1640824819915,0
22401014,1610612753,ORL,100.41927679348737,109,96,91,89.76004169415683,1
22401014,1610612764,WAS,89.76004169415683,91,87,109,100.41927679348737,0
22401015,1610612745,HOU,86.24246681272052,92,84,86,75.90432895743288,1
22401015,1610612748,MIA,75.90432895743288,86,73,92,86.24246681272052,0
22401016,1610612740,NOP,76.77228913409635,79,68,115,105.90111491410062,0
22401016,1610612750,MIN,105.90111491410062,115,89,79,76.77228913409635,1
22401017,1610612760,OKC,132.0915364944376,129,94,93,89.03961953427643,1
22401017,1610612766,CHA,89.03961953427643,93,80,129,132.0915364944376,0
22401018,1610612755,PHI,113.02577024232596,106,81,113,123.76314572943375,0
22401018,1610612759,SAS,123.76314572943375,113,89,106,113.02577024232596,1
22401019,1610612742,DAL,83.5311330058612,96,80,103,102.64701760048047,0
22401019,1610612765,DET,102.64701760048047,103,98,96,83.5311330058612,1
22401020,1610612738,BOS,100.10711205587722,107,97,90,95.73727320041507,1
22401020,1610612762,UTA,95.73727320041507,90,84,107,100.10711205587722,0
22401021,1610612739,CLE,91.13082910887897,101,94,115,97.07417234079912,0
22401021,1610612756,PHX,97.07417234079912,115,92,101,91.13082910887897,1
22401022,1610612743,DEN,87.8872719919309,85,76,108,101.55368628632277,0
22401022,1610612757,POR,101.55368628632277,108,87,85,87.8872719919309,1
22401023,1610612746,LAC,103.25508594233543,107,78,99,99.94507442601025,1
22401023,1610612763,MEM,99.94507442601025,99,95,107,103.25508594233543,0
22401024,1610612751,BKN,88.51522911852226,93,90,91,93.86453291028738,1
22401024,1610612754,IND,93.86453291028738,91,84,93,88.51522911852226,0
22401025,1610612737,ATL,112.44450259907171,113,86,94,99.66305780177936,1
22401025,1610612744,GSW,99.66305780177936,94,84,113,112.44450259907171,0
22401026,1610612752,NYK,108.40521643869579,101,91,89,101.0950558912009,1
22401026,1610612764,WAS,101.0950558912009,89,88,101,108.40521643869579,0
22401027,1610612749,MIL,102.22404662379995,101,84,91,101.2818464259617,1
22401027,1610612758,SAC,101.2818464259617,91,91,101,102.22404662379995,0
22401028,1610612741,CHI,136.38574575679377,131,96,99,100.76304350793362,1
22401028,1610612747,LAL,100.76304350793362,99,85,131,136.38574575679377,0
22401029,1610612740,NOP,113.4014665177092,118,85,107,99.01189626893029,1
22401029,1610612765,DET,99.01189626893029,107,86,118,113.4014665177092,0
22401030,1610612739,CLE,93.30528526566923,99,96,80,88.8849687720649,1
22401030,1610612762,UTA,88.8849687720649,80,89,99,93.30528526566923,0
22401031,1610612737,ATL,112.2186658224091,113,87,91,98.5443936556112,1
22401031,1610612755,PHI,98.5443936556112,91,91,113,112.2186658224091,0
22401032,1610612748,MIA,104.40442679869011,106,82,93,92.89613214368,1
22401032,1610612766,CHA,92.89613214368,93,87,106,104.40442679869011,0
22401033,1610612759,SAS,99.52747893845662,96,86,80,93.7377485060133,1
22401033,1610612761,TOR,93.7377485060133,80,92,96,99.52747893845662,0
22401034,1610612738,BOS,116.67317277286202,119,88,105,106.91753806802444,1
22401034,1610612757,POR,106.91753806802444,105,88,119,116.67317277286202,0
22401035,1610612743,DEN,105.13173557678238,98,87,89,94.19563971483149,1
22401035,1610612745,HOU,94.19563971483149,89,89,98,105.13173557678238,0
22401036,1610612746,LAC,81.4991869898513,78,82,86,95.06457529217005,0
22401036,1610612760,OKC,95.06457529217005,86,92,78,81.4991869898513,1
22401037,1610612750,MIN,93.99452889617532,97,91,105,101.0301215336658,0
22401037,1610612754,IND,101.0301215336658,105,94,97,93.99452889617532,1
22401038,1610612747,LAL,84.80454775574617,84,80,99,103.23478690558113,0
22401038,1610612753,ORL,103.23478690558113,99,85,84,84.80454775574617,1
22401039,1610612761,TOR,87.84918339084834,92,101,81,86.87497736280784,1
22401039,1610612764,WAS,86.87497736280784,81,87,92,87.84918339084834,0
22401040,1610612742,DAL,96.65854023210704,108,87,91,85.68552958685905,1
22401040,1610612751,BKN,85.68552958685905,91,78,108,96.65854023210704,0
22401041,1610612740,NOP,107.06251935381442,101,87,82,82.98005717992783,1
22401041,1610612755,PHI,82.98005717992783,82,87,101,107.06251935381442,0
22401042,1610612741,CHI,101.43897339794785,107,91,103,107.35823370609432,1
22401042,1610612743,DEN,107.35823370609432,103,97,107,101.43897339794785,0
22401043,1610612749,MIL,91.16811820818111,86,83,92,101.48418079921976,0
22401043,1610612756,PHX,101.48418079921976,92,82,86,91.16811820818111,1
22401044,1610612738,BOS,102.03178756940179,101,90,86,93.1023510643281,1
22401044,1610612758,SAC,93.1023510643281,86,86,101,102.03178756940179,0
22401045,1610612753,ORL,103.63866766868159,95,90,88,95.78898482583463,1
22401045,1610612766,CHA,95.78898482583463,88,88,95,103.63866766868159,0
22401046,1610612759,SAS,89.71527295582928,80,91,103,99.16002998547629,0
22401046,1610612765,DET,99.16002998547629,103,78,80,89.71527295582928,1
22401047,1610612744,GSW,84.88052144320682,75,83,103,103.78961312491447,0
22401047,1610612748,MIA,103.78961312491447,103,77,75,84.88052144320682,1
22401048,1610612742,DAL,92.30279921088368,92,80,116,114.60188219696283,0
22401048,1610612752,NYK,114.60188219696283,116,89,92,92.30279921088368,1
22401049,1610612737,ATL,108.64220883627422,101,103,95,99.15885799843818,1
22401049,1610612745,HOU,99.15885799843818,95,93,101,108.64220883627422,0
22401050,1610612762,UTA,88.98977935127914,85,78,124,122.3044158401899,0
22401050,1610612763,MEM,122.3044158401899,124,98,85,88.98977935127914,1
22401051,1610612739,CLE,109.31712808529846,108,88,97,112.90814516087994,1
22401051,1610612757,POR,112.90814516087994,97,100,108,109.31712808529846,0
22401052,1610612758,SAC,83.85384903196245,97,91,105,83.58585164509714,0
22401052,1610612760,OKC,83.58585164509714,105,82,97,83.85384903196245,1
22401053,1610612755,PHI,101.12100298097357,98,98,114,111.33396817278117,0
22401053,1610612764,WAS,111.33396817278117,114,95,98,101.12100298097357,1
22401054,1610612751,BKN,71.84718471718952,70,87,96,112.78809559810907,0
22401054,1610612761,TOR,112.78809559810907,96,102,70,71.84718471718952,1
22401055,1610612747,LAL,91.57177093927749,99,79,103,92.48172679217532,0
22401055,1610612754,IND,92.48172679217532,103,87,99,91.57177093927749,1
22401056,1610612746,LAC,102.91684786882252,106,88,97,104.02840968733653,1
22401056,1610612752,NYK,104.02840968733653,97,84,106,102.91684786882252,0
22401057,1610612743,DEN,107.5519176654052,114,90,108,101.60938653536141,1
22401057,1610612749,MIL,101.60938653536141,108,89,114,107.5519176654052,0
22401058,1610612738,BOS,112.55724707909394,112,89,85,94.35580931883305,1
22401058,1610612756,PHX,94.35580931883305,85,87,112,112.55724707909394,0
22401059,1610612739,CLE,116.24213475408033,109,99,100,99.75030433619395,1
22401059,1610612759,SAS,99.75030433619395,100,106,109,116.24213475408033,0
22401060,1610612742,DAL,79.89645907562226,85,78,73,70.35952432593331,1
22401060,1610612753,ORL,70.35952432593331,73,80,85,79.89645907562226,0
22401061,1610612754,IND,142.84023627499118,145,92,87,93.64054932817817,1
22401061,1610612764,WAS,93.64054932817817,87,85,145,142.84023627499118,0
22401062,1610612737,ATL,100.41901384992525,104,83,106,103.31722332304344,0
22401062,1610612748,MIA,103.31722332304344,106,82,104,100.41901384992525,1
22401063,1610612741,CHI,115.80282078962773,105,92,102,103.02596679353155,1
22401063,1610612747,LAL,103.02596679353155,102,91,105,115.80282078962773,0
22401064,1610612760,OKC,103.43900586199015,101,90,82,79.46719321003184,1
22401064,1610612763,MEM,79.46719321003184,82,79,101,103.43900586199015,0
22401065,1610612745,HOU,97.35064326878637,106,102,97,82.85256703849882,1
22401065,1610612762,UTA,82.85256703849882,97,79,106,97.35064326878637,0
22401066,1610612757,POR,87.02625001361594,86,88,106,109.0947598698549,0
22401066,1610612758,SAC,109.0947598698549,106,74,86,87.02625001361594,1
22401067,1610612739,CLE,90.15680589852855,93,84,103,115.68793858634308,0
22401067,1610612765,DET,115.68793858634308,103,92,93,90.15680589852855,1
22401068,1610612746,LAC,100.81166722392663,107,80,80,77.20298304688185,1
22401068,1610612751,BKN,77.20298304688185,80,89,107,100.81166722392663,0
22401069,1610612761,TOR,93.26627891790122,98,95,87,93.85636689513922,1
22401069,1610612766,CHA,93.85636689513922,87,96,98,93.26627891790122,0
22401070,1610612749,MIL,87.95138165121898,95,75,102,99.19732141518034,0
22401070,1610612752,NYK,99.19732141518034,102,93,95,87.95138165121898,1
22401071,1610612750,MIN,109.70713867549784,113,89,100,98.40837109694257,1
22401071,1610612756,PHX,98.40837109694257,100,79,113,109.70713867549784,0
22401072,1610612740,NOP,65.99051308864728,73,81,89,85.2405661540106,0
22401072,1610612744,GSW,85.2405661540106,89,92,73,65.99051308864728,1
22401073,1610612743,DEN,103.50257733650506,107,83,73,83.03995592729189,1
22401073,1610612762,UTA,83.03995592729189,73,93,107,103.50257733650506,0
22401074,1610612753,ORL,89.64334167912602,106,89,75,81.61793986940756,1
22401074,1610612758,SAC,81.61793986940756,75,81,106,89.64334167912602,0
22401075,1610612751,BKN,92.02178668556735,96,88,83,83.72966416436248,1
22401075,1610612764,WAS,83.72966416436248,83,85,96,92.02178668556735,0
22401076,1610612748,MIA,101.29917972907424,108,93,89,85.90759202302434,1
22401076,1610612755,PHI,85.90759202302434,89,76,108,101.29917972907424,0
22401077,1610612741,CHI,95.96953888144344,100,91,103,103.90721911098808,0
22401077,1610612742,DAL,103.90721911098808,103,101,100,95.96953888144344,1
22401078,1610612747,LAL,116.9981614346616,109,89,114,117.72940356330946,0
22401078,1610612763,MEM,117.72940356330946,114,95,109,116.9981614346616,1
22401079,1610612754,IND,100.5992512172088,92,87,113,115.66021319758147,0
22401079,1610612760,OKC,115.66021319758147,113,94,92,100.5992512172088,1
22401080,1610612738,BOS,121.97865375131369,107,94,90,94.22084959363565,1
22401080,1610612759,SAS,94.22084959363565,90,87,107,121.97865375131369,0
22401081,1610612739,CLE,114.97300343844108,109,93,106,111.19559376616962,1
22401081,1610612746,LAC,111.19559376616962,106,93,109,114.97300343844108,0
22401082,1610612752,NYK,96.9655489642173,100,84,85,81.22566804056987,1
22401082,1610612757,POR,81.22566804056987,85,87,100,96.9655489642173,0
22401083,1610612737,ATL,113.2617892944254,117,94,90,83.63120115781203,1
22401083,1610612749,MIL,83.63120115781203,90,82,117,113.2617892944254,0
22401084,1610612750,MIN,99.90220282506198,100,93,80,81.41211285325699,1
22401084,1610612765,DET,81.41211285325699,80,95,100,99.90220282506198,0
22401085,1610612740,NOP,86.45352866640314,85,92,72,77.14354968932457,1
22401085,1610612766,CHA,77.14354968932457,72,91,85,86.45352866640314,0
22401086,1610612744,GSW,141.36688156798482,133,97,96,92.24972784495912,1
22401086,1610612759,SAS,92.24972784495912,96,84,133,141.36688156798482,0
22401087,1610612755,PHI,88.02638162556104,92,89,115,114.45818203617819,0
22401087,1610612761,TOR,114.45818203617819,115,103,92,88.02638162556104,1
22401088,1610612745,HOU,115.11668018717319,130,98,94,92.44298171205446,1
22401088,1610612756,PHX,92.44298171205446,94,87,130,115.11668018717319,0
22401089,1610612762,UTA,108.12736289994791,92,96,101,93.13896831753664,0
22401089,1610612766,CHA,93.13896831753664,101,80,92,108.12736289994791,1
22401090,1610612754,IND,98.77947716391645,98,90,98,105.17403826490045,0
22401090,1610612758,SAC,105.17403826490045,98,92,98,98.77947716391645,0
22401091,1610612746,LAC,82.78951618168503,80,82,67,70.7005385523662,1
22401091,1610612753,ORL,70.7005385523662,67,76,80,82.78951618168503,0
22401092,1610612748,MIA,95.3622193664778,103,93,81,83.19545689271763,1
22401092,1610612764,WAS,83.19545689271763,81,86,103,95.3622193664778,0
22401093,1610612738,BOS,100.21388435852714,99,96,93,90.797444709111,1
22401093,1610612763,MEM,90.797444709111,93,92,99,100.21388435852714,0
22401094,1610612741,CHI,93.66017258772627,104,98,127,116.93418419593945,0
22401094,1610612760,OKC,116.93418419593945,127,98,104,93.66017258772627,1
22401095,1610612742,DAL,93.91704927408136,92,86,98,104.10656976909377,0
22401095,1610612751,BKN,104.10656976909377,98,90,92,93.91704927408136,1
22401096,1610612745,HOU,93.30013936909381,84,89,86,90.00836426834576,0
22401096,1610612747,LAL,90.00836426834576,86,89,84,93.30013936909381,1
22401097,1610612737,ATL,85.70939144631848,89,92,107,97.52201607823372,0
22401097,1610612757,POR,97.52201607823372,107,103,89,85.70939144631848,1
22401098,1610612752,NYK,87.40950125874951,84,85,74,73.4097327995114,1
22401098,1610612755,PHI,73.4097327995114,74,81,84,87.40950125874951,0
22401099,1610612741,CHI,111.97182483877987,114,88,108,107.25566957704723,1
22401099,1610612761,TOR,107.25566957704723,108,97,114,111.97182483877987,0
22401100,1610612744,GSW,104.17602793686092,106,99,106,99.45262898830697,0
22401100,1610612763,MEM,99.45262898830697,106,92,106,104.17602793686092,0
22401101,1610612749,MIL,113.00621943129227,119,74,106,115.54054628824815,1
22401101,1610612756,PHX,115.54054628824815,106,92,119,113.00621943129227,0
22401102,1610612743,DEN,104.75442892173305,106,86,123,136.49016540730372,0
22401102,1610612750,MIN,136.49016540730372,123,111,106,104.75442892173305,1
22401103,1610612739,CLE,114.35772071080282,112,94,91,104.03585332189687,1
22401103,1610612752,NYK,104.03585332189687,91,90,112,114.35772071080282,0
22401104,1610612754,IND,105.93995660496876,112,95,92,79.88023686222732,1
22401104,1610612766,CHA,79.88023686222732,92,78,112,105.93995660496876,0
22401105,1610612758,SAC,92.8311018482782,90,95,103,102.13264448195696,0
22401105,1610612764,WAS,102.13264448195696,103,84,90,92.8311018482782,1
22401106,1610612738,BOS,85.90508883493021,90,87,100,98.45946935657412,0
22401106,1610612748,MIA,98.45946935657412,100,83,90,85.90508883493021,1
22401107,1610612745,HOU,136.80506932688877,131,104,90,111.60528339422308,1
22401107,1610612762,UTA,111.60528339422308,90,94,131,136.80506932688877,0
22401108,1610612760,OKC,106.55742215178907,94,96,82,96.40318732336164,1
22401108,1610612765,DET,96.40318732336164,82,89,94,106.55742215178907,0
22401109,1610612737,ATL,108.17208034126088,99,97,103,95.12828337959945,0
22401109,1610612742,DAL,95.12828337959945,103,83,99,108.17208034126088,1
22401110,1610612743,DEN,79.21395752346143,89,96,103,88.7848995514214,0
22401110,1610612759,SAS,88.7848995514214,103,97,89,79.21395752346143,1
22401111,1610612740,NOP,97.15464342851192,90,85,93,89.61888758093119,0
22401111,1610612746,LAC,89.61888758093119,93,76,90,97.15464342851192,1
22401112,1610612753,ORL,69.77944232942536,87,82,88,80.75680258031934,0
22401112,1610612764,WAS,80.75680258031934,88,85,87,69.77944232942536,1
22401113,1610612750,MIN,96.5130517038051,91,78,87,93.55064410762861,1
22401113,1610612751,BKN,93.55064410762861,87,89,91,96.5130517038051,0
22401114,1610612748,MIA,97.59409795561805,92,95,96,88.11985329864547,0
22401114,1610612763,MEM,88.11985329864547,96,85,92,97.59409795561805,1
22401115,1610612749,MIL,107.05592024512589,108,82,98,112.72887203888968,1
22401115,1610612755,PHI,112.72887203888968,98,89,108,107.05592024512589,0
22401116,1610612757,POR,91.5535589158535,94,86,100,104.0808635998983,0
22401116,1610612761,TOR,104.0808635998983,100,96,94,91.5535589158535,1
22401117,1610612744,GSW,92.56399264419451,97,82,96,90.74800391984172,1
22401117,1610612747,LAL,90.74800391984172,96,86,97,92.56399264419451,0
22401118,1610612758,SAC,113.04725505132228,106,91,74,92.72725354065187,1
22401118,1610612766,CHA,92.72725354065187,74,83,106,113.04725505132228,0
22401119,1610612754,IND,106.56245223712176,114,89,94,98.8248040927574,1
22401119,1610612762,UTA,98.8248040927574,94,104,114,106.56245223712176,0
22401120,1610612738,BOS,102.847099106526,104,87,94,93.09160289634019,1
22401120,1610612756,PHX,93.09160289634019,94,93,104,102.847099106526,0
22401121,1610612761,TOR,90.59096186747774,89,91,94,97.67994708521292,0
22401121,1610612765,DET,97.67994708521292,94,89,89,90.59096186747774,1
22401122,1610612741,CHI,99.47395111294463,92,87,99,109.69434663234279,0
22401122,1610612757,POR,109.69434663234279,99,115,92,99.47395111294463,1
22401123,1610612745,HOU,103.95269558695145,103,92,99,103.91667647147551,1
22401123,1610612760,OKC,103.91667647147551,99,89,103,103.95269558695145,0
22401124,1610612739,CLE,115.72744362335652,104,87,98,103.07381059695035,1
22401124,1610612759,SAS,103.07381059695035,98,94,104,115.72744362335652,0
22401125,1610612743,DEN,93.3022231333889,92,74,102,99.5719730774872,0
22401125,1610612744,GSW,99.5719730774872,102,88,92,93.3022231333889,1
22401126,1610612740,NOP,99.14518231945112,94,82,98,100.12223573238589,0
22401126,1610612747,LAL,100.12223573238589,98,79,94,99.14518231945112,1
22401127,1610612742,DAL,77.53904320811853,74,77,102,107.62970731640235,0
22401127,1610612746,LAC,107.62970731640235,102,89,74,77.53904320811853,1
22401128,1610612737,ATL,89.77103200787678,96,88,105,103.57411716133356,0
22401128,1610612752,NYK,103.57411716133356,105,84,96,89.77103200787678,1
22401129,1610612763,MEM,90.85041041998193,87,94,85,86.28333249501884,1
22401129,1610612765,DET,86.28333249501884,85,96,87,90.85041041998193,0
22401130,1610612750,MIN,87.22932504233904,93,81,100,96.77229210408404,0
22401130,1610612755,PHI,96.77229210408404,100,91,93,87.22932504233904,1
22401131,1610612748,MIA,99.54407479986548,101,102,98,98.26411531725898,1
22401131,1610612749,MIL,98.26411531725898,98,87,101,99.54407479986548,0
22401132,1610612742,DAL,75.06042637117207,75,78,119,122.36362450849265,0
22401132,1610612746,LAC,122.36362450849265,119,96,75,75.06042637117207,1
22401133,1610612741,CHI,107.35776306432672,108,86,90,94.01836457569152,1
22401133,1610612766,CHA,94.01836457569152,90,85,108,107.35776306432672,0
22401134,1610612751,BKN,90.01251581823453,88,82,106,103.77434614254162,0
22401134,1610612761,TOR,103.77434614254162,106,94,88,90.01251581823453,1
22401135,1610612747,LAL,114.89049583487213,114,84,90,96.09552462678403,1
22401135,1610612760,OKC,96.09552462678403,90,90,114,114.89049583487213,0
22401136,1610612737,ATL,105.73258235119283,130,95,110,86.79414064693265,1
22401136,1610612762,UTA,86.79414064693265,110,87,130,105.73258235119283,0
22401137,1610612738,BOS,117.4852974221576,120,98,82,82.8363618676085,1
22401137,1610612764,WAS,82.8363618676085,82,86,120,117.4852974221576,0
22401138,1610612739,CLE,103.60537405312061,102,88,102,97.92999455984682,0
22401138,1610612758,SAC,97.92999455984682,102,82,102,103.60537405312061,0
22401139,1610612757,POR,93.65037539927289,99,89,93,90.46588837029412,1
22401139,1610612759,SAS,90.46588837029412,93,95,99,93.65037539927289,0
22401140,1610612752,NYK,87.61541629536077,92,74,82,82.155944283586,1
22401140,1610612756,PHX,82.155944283586,82,92,92,87.61541629536077,0
22401141,1610612740,NOP,85.86347301816568,77,79,99,102.2068027430214,0
22401141,1610612753,ORL,102.2068027430214,99,83,77,85.86347301816568,1
22401142,1610612743,DEN,107.89591554133222,108,93,107,110.02093236579094,1
22401142,1610612754,IND,110.02093236579094,107,96,108,107.89591554133222,0
22401143,1610612744,GSW,89.86035792343318,90,89,100,93.31245278473943,0
22401143,1610612745,HOU,93.31245278473943,100,93,90,89.86035792343318,1
22401144,1610612758,SAC,101.68775891838595,105,91,97,88.39798325486481,1
22401144,1610612765,DET,88.39798325486481,97,89,105,101.68775891838595,0
22401145,1610612748,MIA,101.49377433629707,106,89,88,82.41462547751144,1
22401145,1610612755,PHI,82.41462547751144,88,88,106,101.49377433629707,0
22401146,1610612763,MEM,99.48814819264226,102,93,85,87.3748454391025,1
22401146,1610612766,CHA,87.3748454391025,85,81,102,99.48814819264226,0
22401147,1610612739,CLE,121.42535618692636,127,100,97,99.04117029136978,1
22401147,1610612741,CHI,99.04117029136978,97,86,127,121.42535618692636,0
22401148,1610612754,IND,71.26092716911808,75,87,87,90.19405904621817,0
22401148,1610612764,WAS,90.19405904621817,87,91,75,71.26092716911808,1
22401149,1610612737,ATL,110.89303888729773,94,88,98,100.6610498346854,0
22401149,1610612753,ORL,100.6610498346854,98,84,94,110.89303888729773,1
22401150,1610612740,NOP,93.8905568162445,90,82,99,97.70923475991003,0
22401150,1610612751,BKN,97.70923475991003,99,83,90,93.8905568162445,1
22401151,1610612738,BOS,90.4843666786328,99,87,107,104.84799004578963,0
22401151,1610612752,NYK,104.84799004578963,107,101,99,90.4843666786328,1
22401152,1610612749,MIL,96.02433033939451,92,84,95,84.7179309190251,0
22401152,1610612750,MIN,84.7179309190251,95,89,92,96.02433033939451,1
22401153,1610612747,LAL,85.01288476702757,92,80,122,116.94623553752899,0
22401153,1610612760,OKC,116.94623553752899,122,104,92,85.01288476702757,1
22401154,1610612744,GSW,102.96525217359886,105,93,82,86.9591653267853,1
22401154,1610612756,PHX,86.9591653267853,82,88,105,102.96525217359886,0
22401155,1610612746,LAC,116.54302440630272,110,93,107,102.29578052740544,1
22401155,1610612759,SAS,102.29578052740544,107,85,110,116.54302440630272,0
22401156,1610612738,BOS,87.90351759898476,71,82,90,99.43630543688778,0
22401156,1610612753,ORL,99.43630543688778,90,91,71,87.90351759898476,1
22401157,1610612755,PHI,88.23413645266555,94,91,78,76.98346599075012,1
22401157,1610612764,WAS,76.98346599075012,78,87,94,88.23413645266555,0
22401158,1610612761,TOR,113.70643581729382,117,104,83,89.21941449958831,1
22401158,1610612766,CHA,89.21941449958831,83,82,117,113.70643581729382,0
22401159,1610612742,DAL,81.27119414834306,81,72,96,103.19343208987266,0
22401159,1610612747,LAL,103.19343208987266,96,90,81,81.27119414834306,1
22401160,1610612741,CHI,96.86754910228774,106,89,100,94.96113526704721,1
22401160,1610612748,MIA,94.96113526704721,100,92,106,96.86754910228774,0
22401161,1610612740,NOP,93.6966616306454,97,96,116,112.22962438687682,0
22401161,1610612749,MIL,112.22962438687682,116,90,97,93.6966616306454,1
22401162,1610612757,POR,92.55158190382645,107,104,115,107.01301307394169,0
22401162,1610612762,UTA,107.01301307394169,115,98,107,92.55158190382645,1
22401163,1610612744,GSW,83.75618636840954,88,86,96,81.33330618822947,0
22401163,1610612759,SAS,81.33330618822947,96,81,88,83.75618636840954,1
22401164,1610612756,PHX,99.58120435266756,99,87,102,107.9562676763162,0
22401164,1610612760,OKC,107.9562676763162,102,86,99,99.58120435266756,1
22401165,1610612743,DEN,91.50960039859638,99,86,102,101.94612162420526,0
22401165,1610612758,SAC,101.94612162420526,102,92,99,91.50960039859638,1
22401166,1610612745,HOU,108.78030814602971,110,88,115,116.91276996955276,0
22401166,1610612746,LAC,116.91276996955276,115,90,110,108.78030814602971,1
22401167,1610612752,NYK,101.43574901809916,95,90,102,102.79019894218072,0
22401167,1610612765,DET,102.79019894218072,102,82,95,101.43574901809916,1
22401168,1610612739,CLE,97.86294833943248,103,98,100,95.99440340511501,1
22401168,1610612754,IND,95.99440340511501,100,93,103,97.86294833943248,0
22401169,1610612737,ATL,115.89499211451039,111,84,94,97.53486126638018,1
22401169,1610612751,BKN,97.53486126638018,94,90,111,115.89499211451039,0
22401170,1610612750,MIN,114.30773846432567,116,87,110,110.71713605290279,1
22401170,1610612763,MEM,110.71713605290279,110,89,116,114.30773846432567,0
22401171,1610612749,MIL,94.91853609122336,103,94,110,105.29366153478622,0
22401171,1610612765,DET,105.29366153478622,110,93,103,94.91853609122336,1
22401172,1610612753,ORL,96.78163256309927,111,85,92,94.28677885932848,1
22401172,1610612754,IND,94.28677885932848,92,89,111,96.78163256309927,0
22401173,1610612737,ATL,116.75202342518605,106,94,98,97.56089879735373,1
22401173,1610612755,PHI,97.56089879735373,98,97,106,116.75202342518605,0
22401174,1610612738,BOS,109.24572075624019,121,95,87,79.76070405426435,1
22401174,1610612766,CHA,79.76070405426435,87,93,121,109.24572075624019,0
22401175,1610612739,CLE,86.87648504180834,87,77,88,93.54652128973976,0
22401175,1610612752,NYK,93.54652128973976,88,88,87,86.87648504180834,1
22401176,1610612741,CHI,99.50128750456497,99,93,80,87.62964263325557,1
22401176,1610612764,WAS,87.62964263325557,80,91,99,99.50128750456497,0
22401177,1610612740,NOP,99.87079756264575,90,95,136,135.82664588745683,0
22401177,1610612748,MIA,135.82664588745683,136,104,90,99.87079756264575,1
22401178,1610612742,DAL,119.41401118552312,113,89,91,88.10476271784864,1
22401178,1610612761,TOR,88.10476271784864,91,100,113,119.41401118552312,0
22401179,1610612750,MIN,91.80526899592951,95,77,78,78.21361321117729,1
22401179,1610612751,BKN,78.21361321117729,78,90,95,91.80526899592951,0
22401180,1610612743,DEN,90.79277482908219,93,91,96,92.8053608504124,0
22401180,1610612763,MEM,92.8053608504124,96,91,93,90.79277482908219,1
22401181,1610612760,OKC,120.73346055019647,136,100,95,96.33254981902428,1
22401181,1610612762,UTA,96.33254981902428,95,103,136,120.73346055019647,0
22401182,1610612756,PHX,97.33344377344474,107,95,91,86.34853632329032,1
22401182,1610612759,SAS,86.34853632329032,91,90,107,97.33344377344474,0
22401183,1610612744,GSW,85.08983630104922,80,83,70,76.51486123772338,1
22401183,1610612757,POR,76.51486123772338,70,85,80,85.08983630104922,0
22401184,1610612746,LAC,71.82448285399005,87,78,84,77.196417207364,1
22401184,1610612758,SAC,77.196417207364,84,85,87,71.82448285399005,0
22401185,1610612745,HOU,94.48618157650344,100,90,125,111.34769988618791,0
22401185,1610612747,LAL,111.34769988618791,125,87,100,94.48618157650344,1
22401186,1610612737,ATL,109.97848232742399,111,88,95,93.2909222273156,1
22401186,1610612753,ORL,93.2909222273156,95,88,111,109.97848232742399,0
22401187,1610612738,BOS,88.19094649236649,84,90,75,75.10101174004376,1
22401187,1610612766,CHA,75.10101174004376,75,85,84,88.19094649236649,0
22401188,1610612751,BKN,85.19138732063584,88,74,90,93.32839421136305,0
22401188,1610612752,NYK,93.32839421136305,90,86,88,85.19138732063584,1
22401189,1610612739,CLE,112.1557616489008,106,115,106,120.31164048914798,0
22401189,1610612754,IND,120.31164048914798,106,119,106,112.1557616489008,0
22401190,1610612748,MIA,103.8181034703739,108,98,108,101.88061751215719,0
22401190,1610612764,WAS,101.88061751215719,108,90,108,103.8181034703739,0
22401191,1610612741,CHI,115.09939932916313,107,103,84,86.59472299227491,1
22401191,1610612755,PHI,86.59472299227491,84,94,107,115.09939932916313,0
22401192,1610612749,MIL,117.25954920053482,123,86,124,132.82034349953756,0
22401192,1610612765,DET,132.82034349953756,124,107,123,117.25954920053482,1
22401193,1610612743,DEN,101.47061558114365,100,88,102,101.03162604244426,0
22401193,1610612745,HOU,101.03162604244426,102,100,100,101.47061558114365,1
22401194,1610612742,DAL,84.52594463480636,81,87,119,118.27744669700041,0
22401194,1610612763,MEM,118.27744669700041,119,104,81,84.52594463480636,1
22401195,1610612750,MIN,105.41125829750672,105,98,96,91.01006087707356,1
22401195,1610612762,UTA,91.01006087707356,96,89,105,105.41125829750672,0
22401196,1610612740,NOP,83.53142143343575,77,91,91,99.60666041309014,0
22401196,1610612760,OKC,99.60666041309014,91,98,77,83.53142143343575,1
22401197,1610612759,SAS,89.78818807285279,97,84,106,116.89945688983425,0
22401197,1610612761,TOR,116.89945688983425,106,97,97,89.78818807285279,1
22401198,1610612744,GSW,99.98789875116199,101,79,110,107.98066860437393,0
22401198,1610612746,LAC,107.98066860437393,110,86,101,99.98789875116199,1
22401199,1610612747,LAL,68.05512993701268,71,80,99,87.67059451946989,0
22401199,1610612757,POR,87.67059451946989,99,96,71,68.05512993701268,1
22401200,1610612756,PHX,93.69160156603903,95,84,106,100.81086039589718,0
22401200,1610612758,SAC,100.81086039589718,106,88,95,93.69160156603903,1
22401201,1610612749,MIL,97.47071601916105,95,77,88,100.67165958089754,1
22401201,1610612753,ORL,100.67165958089754,88,93,95,97.47071601916105,0
22401202,1610612737,ATL,98.73139898106456,95,104,91,92.86987606040202,1
22401202,1610612752,NYK,92.86987606040202,91,93,95,98.73139898106456,0
22401203,1610612742,DAL,84.3332334230654,91,80,112,96.37461337074637,0
22401203,1610612760,OKC,96.37461337074637,112,101,91,84.3332334230654,1
22401204,1610612744,GSW,81.07867209985852,86,84,82,69.79060705099255,1
22401204,1610612745,HOU,69.79060705099255,82,83,86,81.07867209985852,0
22401205,1610612738,BOS,112.72706048795953,112,90,91,87.30244374228641,1
22401205,1610612765,DET,87.30244374228641,91,98,112,112.72706048795953,0
22401206,1610612748,MIA,82.90304662566632,93,83,93,98.07756631122902,0
22401206,1610612761,TOR,98.07756631122902,93,92,93,82.90304662566632,0
22401207,1610612740,NOP,71.56763716693968,92,83,84,78.57352516660467,1
22401207,1610612758,SAC,78.57352516660467,84,92,92,71.56763716693968,0
22401208,1610612739,CLE,84.7238321310142,87,91,96,87.84828709252179,0
22401208,1610612764,WAS,87.84828709252179,96,86,87,84.7238321310142,1
22401209,1610612754,IND,110.16029109153897,108,91,84,86.67610116070136,1
22401209,1610612755,PHI,86.67610116070136,84,85,108,110.16029109153897,0
22401210,1610612747,LAL,78.1019555456005,76,86,79,82.10894999001175,0
22401210,1610612750,MIN,82.10894999001175,79,87,76,78.1019555456005,1
22401211,1610612751,BKN,96.10200502350926,104,92,121,119.98327259719372,0
22401211,1610612763,MEM,119.98327259719372,121,99,104,96.10200502350926,1
22401212,1610612741,CHI,80.73103567073122,88,93,78,73.76075042458251,1
22401212,1610612766,CHA,73.76075042458251,78,98,88,80.73103567073122,0
22401213,1610612743,DEN,92.95066524203867,94,77,88,87.99739840114489,1
22401213,1610612746,LAC,87.99739840114489,88,83,94,92.95066524203867,0
22401214,1610612756,PHX,121.29154918901622,116,89,108,102.77566494746134,1
22401214,1610612762,UTA,102.77566494746134,108,77,116,121.29154918901622,0
22401215,1610612757,POR,95.40202305465937,100,82,102,97.06669849902391,0
22401215,1610612759,SAS,97.06669849902391,102,85,100,95.40202305465937,1
22401216,1610612740,NOP,83.30080115841702,86,97,98,85.16280576074496,0
22401216,1610612754,IND,85.16280576074496,98,81,86,83.30080115841702,1
22401217,1610612738,BOS,100.14464230206795,98,93,93,93.88020170177333,1
22401217,1610612764,WAS,93.88020170177333,93,99,98,100.14464230206795,0
22401218,1610612750,MIN,99.51825365237892,92,100,85,78.35759731498547,1
22401218,1610612759,SAS,78.35759731498547,85,91,92,99.51825365237892,0
22401219,1610612756,PHX,95.46131176594645,101,89,99,99.24932323116809,1
22401219,1610612757,POR,99.24932323116809,99,94,101,95.46131176594645,0
22401220,1610612747,LAL,88.33070356678218,88,82,85,88.47508094320074,1
22401220,1610612763,MEM,88.47508094320074,85,97,88,88.33070356678218,0
22401221,1610612748,MIA,93.42466375580989,102,99,108,107.97391597600654,0
22401221,1610612765,DET,107.97391597600654,108,90,102,93.42466375580989,1
22401222,1610612755,PHI,97.47780968621373,98,80,96,105.46985332807526,1
22401222,1610612766,CHA,105.46985332807526,96,83,98,97.47780968621373,0
22401223,1610612741,CHI,100.22894208366051,100,93,99,97.69908482674509,1
22401223,1610612761,TOR,97.69908482674509,99,92,100,100.22894208366051,0
22401224,1610612739,CLE,113.39939597435296,105,81,82,86.18015570798889,1
22401224,1610612751,BKN,86.18015570798889,82,81,105,113.39939597435296,0
22401225,1610612743,DEN,90.26051234919578,112,102,110,94.81241071829572,1
22401225,1610612758,SAC,94.81241071829572,110,102,112,90.26051234919578,0
22401226,1610612746,LAC,113.7131825746037,119,82,85,91.6928323705215,1
22401226,1610612762,UTA,91.6928323705215,85,80,119,113.7131825746037,0
22401227,1610612752,NYK,79.19648554455489,76,71,81,85.110840954585,0
22401227,1610612753,ORL,85.110840954585,81,86,76,79.19648554455489,1
22401228,1610612742,DAL,126.9216916016303,125,87,125,147.53429864859208,0
22401228,1610612744,GSW,147.53429864859208,125,103,125,126.9216916016303,0
22401229,1610612737,ATL,87.123325381428,80,82,92,99.65924335177988,0
22401229,1610612749,MIL,99.65924335177988,92,86,80,87.123325381428,1
22401230,1610612745,HOU,85.99362138030119,81,96,83,83.60893120244145,0
22401230,1610612760,OKC,83.60893120244145,83,80,81,85.99362138030119,1
