personId,playerName_x,season_year,spoe_per_shot_x,n_shots_x,se_per_shot_x,playerName_x1,spoe_per_shot_x1,n_shots_x1,se_per_shot_x1,pair
2744,Jefferson,2013,0.20324879493012576,1376,0.025543563318811958,Jefferson,0.16483918575001816,1010,0.02987835797838646,2013-14 -> 2014-15
1717,Nowitzki,2013,0.21952548853165962,1273,0.03097538409007761,Nowitzki,0.13805112459315685,1062,0.03393129028466728,2013-14 -> 2014-15
2544,James,2013,0.17407001954816814,1353,0.02885334372721368,James,0.03561923363776383,1279,0.030194766902269153,2013-14 -> 2014-15
201939,Curry,2013,0.1462960157016076,1383,0.032134298649022036,Curry,0.15696266179846063,1341,0.03313638760308311,2013-14 -> 2014-15
201142,Durant,2013,0.11488295340286446,1688,0.02680771078793438,Durant,0.13982238045324358,467,0.052064146304930246,2013-14 -> 2014-15
2546,Anthony,2013,0.10530099088773931,1643,0.02693845100585593,Anthony,0.06708332045058814,806,0.037884090544738784,2013-14 -> 2014-15
2594,Korver,2013,0.2677338737329004,609,0.05238963301342337,Korver,0.31026667024553317,600,0.05456322173204782,2013-14 -> 2014-15
2561,West,2013,0.16890031992084192,939,0.031247253478506834,West,0.15247729652049577,686,0.0369966666553904,2013-14 -> 2014-15
2207,Johnson,2013,0.15030754809019453,1018,0.036680983777565505,Johnson,0.09401052943148121,1025,0.03550188862067252,2013-14 -> 2014-15
101162,Gortat,2013,0.17874769371256877,840,0.03251660537347221,Gortat,0.1585304861798305,775,0.033507501239669335,2013-14 -> 2014-15
202326,Cousins,2013,0.12599778026490988,1191,0.027205440296143565,Cousins,0.02566748798585831,1066,0.02859137917563326,2013-14 -> 2014-15
2547,Bosh,2013,0.14583561999516065,953,0.03471447551650137,Bosh,0.09609988073906967,745,0.039661602752545266,2013-14 -> 2014-15
201158,Belinelli,2013,0.19792360741097034,695,0.04465512923192087,Belinelli,0.07744277904567533,470,0.05587315195799538,2013-14 -> 2014-15
101181,Calderon,2013,0.17700684527121854,748,0.04590674507058825,Calderon,0.08118771039203684,354,0.06265031824602986,2013-14 -> 2014-15
201167,Afflalo,2013,0.1274667637098424,1011,0.03537048252296609,Afflalo,0.04526540026570371,884,0.03921154525133104,2013-14 -> 2014-15
201586,Ibaka,2013,0.12584182849215508,978,0.031000744624522784,Ibaka,0.09154699662192585,786,0.03900202537420521,2013-14 -> 2014-15
201933,Griffin,2013,0.08970684367883013,1359,0.025804949595895372,Griffin,0.06892843620096877,1144,0.028121569789236012,2013-14 -> 2014-15
101108,Paul,2013,0.13705199167106807,870,0.037078572090381796,Paul,0.19675358035053472,1170,0.03287400068960038,2013-14 -> 2014-15
2225,Parker,2013,0.12580583117601019,914,0.03320033323832595,Parker,0.1262831109113773,832,0.035496497856614885,2013-14 -> 2014-15
202738,Thomas,2013,0.1042820832119956,1096,0.034277864973028475,Thomas,0.021629007872668388,796,0.04194953438338327,2013-14 -> 2014-15
2548,Wade,2013,0.14970997531141478,761,0.035387176128839924,Wade,0.04132903878198838,1084,0.03067880760341829,2013-14 -> 2014-15
200746,Aldridge,2013,0.07982239461741687,1423,0.025382361715357266,Aldridge,0.09599368731906849,1415,0.026567261149939393,2013-14 -> 2014-15
201609,Dragic,2013,0.09924122388907299,1093,0.03352988875553779,Dragic,0.06855059299950014,1002,0.03500424399100073,2013-14 -> 2014-15
2564,Diaw,2013,0.1870141054543412,580,0.04398137457729138,Diaw,0.04419391029344213,632,0.0440408951856014,2013-14 -> 2014-15
201988,Mills,2013,0.1588540352108985,666,0.047026815188231694,Mills,-0.03210321235302871,336,0.06752954226549052,2013-14 -> 2014-15
201627,Morrow,2013,0.20243006107310968,520,0.05078589994844201,Morrow,0.19451791933494944,615,0.04984126037486193,2013-14 -> 2014-15
202691,Thompson,2013,0.08110955576510401,1259,0.03359095130739516,Thompson,0.1002373843955108,1299,0.03285332792021206,2013-14 -> 2014-15
201567,Love,2013,0.07179052771385053,1421,0.030453596922223488,Love,-0.007906802047272754,952,0.03824513918053745,2013-14 -> 2014-15
201593,Pekovic,2013,0.1392441738749138,701,0.03618706029230548,Pekovic,-0.052418360559625184,328,0.0528842863740203,2013-14 -> 2014-15
2216,Randolph,2013,0.07515326848461173,1198,0.027707616221021168,Randolph,0.08507407892110336,932,0.03148526417503316,2013-14 -> 2014-15
201143,Horford,2013,0.2134441449910749,420,0.04672562342823665,Horford,0.14903523284357906,965,0.03076253475305514,2013-14 -> 2014-15
203114,Middleton,2013,0.10378539591401019,854,0.03892975645497556,Middleton,0.12524706279201073,869,0.03815464652482213,2013-14 -> 2014-15
101161,Johnson,2013,0.14055521484311023,612,0.04053516078377472,Johnson,0.13066193529388226,519,0.04360579519478334,2013-14 -> 2014-15
201188,Gasol,2013,0.12029029859460583,711,0.035752658721879604,Gasol,0.11512327129979161,1072,0.029001042345470178,2013-14 -> 2014-15
1495,Duncan,2013,0.091425735720026,906,0.031576333546131825,Duncan,0.11721149305942043,819,0.032839588286482216,2013-14 -> 2014-15
203076,Davis,2013,0.08236514778990425,1005,0.029147620697077867,Davis,0.12143103730576349,1199,0.026590209374779357,2013-14 -> 2014-15
2747,Smith,2013,0.08581165800001014,955,0.03893890861738759,Smith,0.05964627903770194,755,0.0450235131802216,2013-14 -> 2014-15
2200,Gasol,2013,0.09091015070996863,885,0.03234891667968972,Gasol,0.10550547237865471,1153,0.028317785245623145,2013-14 -> 2014-15
202362,Stephenson,2013,0.09143707617294823,870,0.037524640585069914,Stephenson,-0.13090205683406514,550,0.04520788809676582,2013-14 -> 2014-15
202695,Leonard,2013,0.1230813385611544,645,0.043271577776358115,Leonard,0.07279507554270752,822,0.03748439402513517,2013-14 -> 2014-15
101135,Lee,2013,0.07961120821100219,981,0.0301505336551898,Lee,0.03560635814508056,313,0.052988939546624744,2013-14 -> 2014-15
201975,Meeks,2013,0.0838697301913776,892,0.04005127143709953,Meeks,0.023486052277905622,534,0.050413353744834556,2013-14 -> 2014-15
202344,Booker,2013,0.18499990613993592,403,0.04691173473473655,Booker,0.052604340203755665,464,0.04790028306839862,2013-14 -> 2014-15
2449,Scola,2013,0.13308856766525962,560,0.04059284926828029,Scola,0.07540019344084777,642,0.038179776861444054,2013-14 -> 2014-15
202693,Morris,2013,0.08739435804162513,845,0.034633818292873854,Morris,0.06902380415687111,1100,0.031208903115467805,2013-14 -> 2014-15
201941,Hill,2013,0.14115056530034634,521,0.04159581138924454,Hill,0.04601534351401395,777,0.03401489536617716,2013-14 -> 2014-15
201584,Lee,2013,0.1196804110769983,614,0.04559192142389788,Lee,0.06044509122267731,643,0.0454761436002446,2013-14 -> 2014-15
2405,Stoudemire,2013,0.13099322272305688,558,0.03930285556949421,Stoudemire,0.09928982777409337,490,0.04152738725917497,2013-14 -> 2014-15
202696,Vucevic,2013,0.10356061502429303,696,0.036404540556044404,Vucevic,0.14266031918910493,1206,0.027422502176042064,2013-14 -> 2014-15
101112,Frye,2013,0.09151143784762858,778,0.044467128032761156,Frye,0.06029413327855981,487,0.05964410412746584,2013-14 -> 2014-15
201150,Hawes,2013,0.07852218142237144,883,0.038249135595029474,Hawes,-0.054318954520490535,415,0.0578948118165675,2013-14 -> 2014-15
2772,Ariza,2013,0.080194290714173,853,0.041679561891888005,Ariza,-0.0802901166991685,910,0.04197764782292534,2013-14 -> 2014-15
101123,Green,2013,0.06766935406069913,1006,0.03834879389430572,Green,0.010716213628874635,778,0.04338568366103495,2013-14 -> 2014-15
202683,Freedom,2013,0.07955258561330279,853,0.032495684790759094,Freedom,0.07892400422084209,928,0.03236665886128673,2013-14 -> 2014-15
201954,Collison,2013,0.09621362116976218,694,0.04198035831393166,Collison,0.11732311496632229,550,0.04728519299579776,2013-14 -> 2014-15
202083,Matthews,2013,0.0642941763479731,1009,0.03848942975572094,Matthews,0.09264282456528936,752,0.046137394784195096,2013-14 -> 2014-15
101114,Williams,2013,0.0901009905817893,716,0.04323790916765898,Williams,-0.05955003580540943,771,0.040650357358453335,2013-14 -> 2014-15
201156,Young,2013,0.07170431112968682,889,0.039056100207766314,Young,-0.010821491167272709,476,0.05485088711481554,2013-14 -> 2014-15
202694,Morris Sr.,2013,0.09774253218381528,651,0.04572401805233801,Morris Sr.,0.05856206194793273,763,0.042365156541488286,2013-14 -> 2014-15
201148,Wright,2013,0.18829118947962264,331,0.04857712355427206,Wright,0.1275731529196478,363,0.04523914675464419,2013-14 -> 2014-15
2403,Hilario,2013,0.10469051675085922,594,0.03862055573866036,Hilario,0.053758297772526345,601,0.03773002257760967,2013-14 -> 2014-15
2037,Crawford,2013,0.06139423598275913,1011,0.03729493922284358,Crawford,0.02401239316344403,839,0.040565582023933906,2013-14 -> 2014-15
2399,Dunleavy,2013,0.0763643272712386,774,0.04243367611330466,Dunleavy,0.08130145077745753,481,0.05676540910124813,2013-14 -> 2014-15
200755,Redick,2013,0.14559671625116952,398,0.060625961213013765,Redick,0.20109631662605898,938,0.03995376433577513,2013-14 -> 2014-15
202324,Favors,2013,0.07727866525793975,747,0.034155017810720736,Favors,0.07459857536659138,918,0.030494642679075493,2013-14 -> 2014-15
203118,Scott,2013,0.08783339479090077,628,0.04438607463368866,Scott,0.05329868334958143,453,0.05489238212554319,2013-14 -> 2014-15
201175,Davis,2013,0.09018183865365838,593,0.03966555874681689,Davis,0.007967560269802268,255,0.060266529022489385,2013-14 -> 2014-15
2743,Humphries,2013,0.11567868143805835,461,0.043761005333446304,Humphries,0.03097611257218095,446,0.044379632449956366,2013-14 -> 2014-15
200768,Lowry,2013,0.04869597286803195,1080,0.036578627112901545,Lowry,-0.025790224892655502,1043,0.03604758545482034,2013-14 -> 2014-15
201572,Lopez,2013,0.22923104142336326,229,0.06322733055985731,Lopez,0.12372434725706713,987,0.030499172886258308,2013-14 -> 2014-15
2430,Boozer,2013,0.0526669320232559,980,0.03069901275236064,Boozer,0.12561758034375675,743,0.03509700923743068,2013-14 -> 2014-15
201980,Green,2013,0.1016574437055937,505,0.05696767693534472,Green,0.09136176367574306,738,0.04712958441166991,2013-14 -> 2014-15
200752,Gay,2013,0.04332357387564516,1179,0.030190409974081976,Gay,0.07940950989044131,1116,0.031196126555567184,2013-14 -> 2014-15
201162,Dudley,2013,0.11197377519820041,447,0.05798531527050744,Dudley,0.13972932377971847,423,0.0583494672423771,2013-14 -> 2014-15
201967,Cunningham,2013,0.09828074878502123,509,0.04189582052137195,Cunningham,0.07490638225448265,339,0.0524209661640527,2013-14 -> 2014-15
202685,Valanciunas,2013,0.0738374466077058,676,0.036237554129933534,Valanciunas,0.07937442131053632,652,0.03657634378118551,2013-14 -> 2014-15
201588,Hill,2013,0.08049158061624705,616,0.047404087038104406,Hill,0.1302183708871759,535,0.049230500500898104,2013-14 -> 2014-15
203078,Beal,2013,0.04302294173258784,1149,0.033046384106055635,Beal,0.017965969371680806,851,0.03815752695120743,2013-14 -> 2014-15
203141,Teletovic,2013,0.0927294139322324,529,0.055793891151536185,Teletovic,-0.07246505584558269,319,0.07073294520263193,2013-14 -> 2014-15
201144,Conley,2013,0.047033755336941645,1030,0.03463624506584309,Conley,0.03640030819483443,882,0.03791487424171821,2013-14 -> 2014-15
201574,Thompson,2013,0.09630855560573666,496,0.04186298264056912,Thompson,0.0432459386056437,428,0.04465339005651121,2013-14 -> 2014-15
201587,Batum,2013,0.058047648167693186,819,0.04214089767053636,Batum,-0.06118340019292854,600,0.04997889610592838,2013-14 -> 2014-15
201959,Gibson,2013,0.05082450694571022,896,0.031124360400549174,Gibson,-0.0008052617325250619,506,0.040552731419214186,2013-14 -> 2014-15
202702,Faried,2013,0.055468769194888315,820,0.03229763109058217,Faried,-0.049886900331638256,736,0.033582151735995824,2013-14 -> 2014-15
2549,Kaman,2013,0.13106323495076916,346,0.052066071443841185,Kaman,0.10893748676005699,549,0.0409551234647697,2013-14 -> 2014-15
201583,Anderson,2013,0.1277313593151645,354,0.06392328331143027,Anderson,-0.004578134374555852,729,0.04493061095397397,2013-14 -> 2014-15
101138,Bass,2013,0.061444161486715845,725,0.03472335543241995,Bass,0.03778919459197442,683,0.03605958527801642,2013-14 -> 2014-15
202349,Vasquez,2013,0.0674527199241617,658,0.04629272838400261,Vasquez,0.02614433469163816,725,0.045040682963537484,2013-14 -> 2014-15
1718,Pierce,2013,0.0620736163699598,712,0.04426040255382807,Pierce,0.07173819587054124,656,0.04693531817224325,2013-14 -> 2014-15
201935,Harden,2013,0.036570066607744485,1205,0.03366586626388293,Harden,-0.01768495493627065,1470,0.030185505213829417,2013-14 -> 2014-15
200751,Foye,2013,0.04974759084364866,875,0.04228397265855412,Foye,-0.027757954566214865,402,0.06414614349449671,2013-14 -> 2014-15
2210,Jefferson,2013,0.06627085164941268,654,0.046722050041582586,Jefferson,-0.004011463557694409,324,0.06633267458862595,2013-14 -> 2014-15
202335,Patterson,2013,0.08825000213710282,489,0.05086774626970994,Patterson,0.07986148043114638,535,0.053393151669688395,2013-14 -> 2014-15
201571,Augustin,2013,0.06004381736414897,718,0.044352444244589104,Augustin,-0.042648741953763974,647,0.04487829673920657,2013-14 -> 2014-15
201160,Smith,2013,0.14903816547755827,282,0.05689237949425235,Smith,0.07622040946691866,592,0.04113369133141006,2013-14 -> 2014-15
203124,O'Quinn,2013,0.11203447961051032,371,0.04841989587141807,O'Quinn,0.0972542517190138,242,0.06717142665774242,2013-14 -> 2014-15
203082,Ross,2013,0.054744235939247377,751,0.045088340310335005,Ross,-0.023588492294810994,753,0.044564747114887844,2013-14 -> 2014-15
201229,Tolliver,2013,0.13208693374763472,307,0.07712522988352279,Tolliver,0.028723516334254122,393,0.06703866159731205,2013-14 -> 2014-15
202718,Parsons,2013,0.04052540438421764,987,0.03638951283275335,Parsons,0.01213164276010114,829,0.04083260198624528,2013-14 -> 2014-15
201569,Gordon,2013,0.04855765778833577,817,0.039453152021254004,Gordon,0.06631198560477801,694,0.045448424032532006,2013-14 -> 2014-15
2730,Howard,2013,0.04948198815680627,800,0.0319611513512933,Howard,-0.011473714914572733,423,0.04276135655404514,2013-14 -> 2014-15
201577,Lopez,2013,0.06061639591715954,644,0.036982888987100074,Lopez,0.05710843071994869,437,0.04520068822392023,2013-14 -> 2014-15
203148,Roberts,2013,0.06709738371714714,581,0.04637318132488936,Roberts,0.0029343476253721754,452,0.055619888677697495,2013-14 -> 2014-15
203093,Jones,2013,0.05179189416954164,712,0.03735182637451357,Jones,0.04837477513297816,299,0.057720056831404805,2013-14 -> 2014-15
201563,Beasley,2013,0.10302540761083412,355,0.05433879310643516,Beasley,-0.004254858896566654,212,0.07169140183819663,2013-14 -> 2014-15
202390,Neal,2013,0.07740030075510566,471,0.053474952374835676,Neal,-0.02007028510096247,503,0.050505513508345465,2013-14 -> 2014-15
1938,Ginobili,2013,0.05782321696878453,627,0.046904982971557964,Ginobili,-0.0052583113826517435,589,0.04902670322710278,2013-14 -> 2014-15
202339,Bledsoe,2013,0.06399414795616595,556,0.046205967764978026,Bledsoe,-0.017817708587564176,1046,0.03384870099439876,2013-14 -> 2014-15
101107,Williams,2013,0.06413433465786662,526,0.05169210245812618,Williams,0.05404717344256013,495,0.0554189808008226,2013-14 -> 2014-15
2590,Williams,2013,0.04973306102815165,672,0.043755283791970016,Williams,0.034683097198930764,860,0.039779214178758536,2013-14 -> 2014-15
101127,Jack,2013,0.047682243102298884,698,0.04126501232867463,Jack,0.06306073881751594,817,0.036700469313332075,2013-14 -> 2014-15
2406,Butler,2013,0.06135630005078941,540,0.05150435056081419,Butler,0.08441706464029913,396,0.06218112558550767,2013-14 -> 2014-15
203089,Henson,2013,0.051297664589051155,639,0.03708476718329802,Henson,0.0060275577394330905,346,0.049382178711886736,2013-14 -> 2014-15
202720,Leuer,2013,0.1327855589514649,246,0.06669853164145784,Leuer,-0.044044443860156164,273,0.060470690596884986,2013-14 -> 2014-15
2760,Varejao,2013,0.07083262112755243,459,0.04453730723152739,Varejao,0.17776751685372447,200,0.06817746386022727,2013-14 -> 2014-15
201950,Holiday,2013,0.07148654951878193,454,0.049376820785867706,Holiday,0.06524593929281367,534,0.047614567757372404,2013-14 -> 2014-15
203138,Thompson,2013,0.08385382795852295,372,0.06147386509334637,Thompson,0.05387473944114111,543,0.052653416925779996,2013-14 -> 2014-15
202328,Monroe,2013,0.030496139283242744,1015,0.029659322076348808,Monroe,0.02227493330335894,853,0.03256939158729177,2013-14 -> 2014-15
202340,Bradley,2013,0.0374555866616385,825,0.038093834064189744,Bradley,0.02795250921468444,1013,0.035960802831972144,2013-14 -> 2014-15
202713,Singler,2013,0.05030139199605841,602,0.04750763510161946,Singler,-0.018368360907859645,446,0.058566187029830984,2013-14 -> 2014-15
202699,Harris,2013,0.041767725691319355,716,0.039200754271607116,Harris,0.05334544018048017,949,0.035235429037576635,2013-14 -> 2014-15
202338,Seraphin,2013,0.1358475669890857,220,0.06359658516254736,Seraphin,0.1454031309327944,450,0.04411445634146717,2013-14 -> 2014-15
201564,Mayo,2013,0.054303343898871245,550,0.04990946277030263,Mayo,0.011118161117961127,701,0.04405399639686832,2013-14 -> 2014-15
201960,Carroll,2013,0.044992663947607314,642,0.046331933322354434,Carroll,0.09207613349011809,653,0.04723679126616914,2013-14 -> 2014-15
101106,Bogut,2013,0.07191676273388158,375,0.046794547153734975,Bogut,0.00985766800913264,355,0.048176638360375244,2013-14 -> 2014-15
2365,Andersen,2013,0.09756104700077417,275,0.05466878470740538,Andersen,-0.011066663677836909,207,0.0630543756589303,2013-14 -> 2014-15
200745,Bargnani,2013,0.0488977743021336,502,0.04773099125186392,Bargnani,0.1360121317867681,361,0.05330566780690456,2013-14 -> 2014-15
201155,Stuckey,2013,0.028712428766103013,853,0.03431890783872607,Stuckey,0.04324766601991794,754,0.03863680707992125,2013-14 -> 2014-15
203092,Zeller,2013,0.08400868321185785,290,0.05440117592617775,Zeller,0.12190026254204173,619,0.03804814404387519,2013-14 -> 2014-15
202692,Burks,2013,0.028583446369527456,831,0.035883135609584366,Burks,-0.042244977551707925,300,0.061781260491022644,2013-14 -> 2014-15
203482,Olynyk,2013,0.046348854069070834,502,0.04810452715624655,Olynyk,0.05568281937157894,528,0.04896078484481587,2013-14 -> 2014-15
200794,Millsap,2013,0.0221667783869073,1047,0.03268437359851865,Millsap,0.011519454785324982,930,0.035195875721500874,2013-14 -> 2014-15
202709,Joseph,2013,0.08384763872527476,265,0.06382253575887903,Joseph,0.13171084663541707,411,0.04986535326676047,2013-14 -> 2014-15
1889,Miller,2013,0.09586649887209972,231,0.0647641050891102,Miller,0.1420258892752379,290,0.05893275059173593,2013-14 -> 2014-15
101139,Miles,2013,0.05370110328699581,409,0.06014598523530099,Miles,-0.016212317612733226,827,0.04245408194592859,2013-14 -> 2014-15
2555,Collison,2013,0.09065838172648043,241,0.06334875057857751,Collison,-0.08815374202749132,253,0.06855535647246445,2013-14 -> 2014-15
202334,Davis,2013,0.0752566774085065,290,0.05388030468629814,Davis,0.11733239474653571,469,0.04158574423895512,2013-14 -> 2014-15
708,Garnett,2013,0.059155413861433866,356,0.05074878022443549,Garnett,0.10136506742001695,306,0.055792315311738894,2013-14 -> 2014-15
203486,Plumlee,2013,0.06637420876386714,302,0.05010227931177981,Plumlee,-0.04089613726183947,489,0.040073722967985295,2013-14 -> 2014-15
203501,Hardaway Jr.,2013,0.029011589445609113,687,0.046543259453690505,Hardaway Jr.,-0.0342901618428088,717,0.045138823390215424,2013-14 -> 2014-15
201582,Ajinca,2013,0.07918004375642362,249,0.05765428054473605,Ajinca,0.18019061882407478,329,0.05154537319404268,2013-14 -> 2014-15
203156,Sims,2013,0.06607880380111959,274,0.057141673200504554,Sims,0.08722245392147396,502,0.043530945448201096,2013-14 -> 2014-15
203083,Drummond,2013,0.02316264179385259,769,0.032086960832356175,Drummond,-0.12977893276167116,961,0.02913819379508076,2013-14 -> 2014-15
201228,Watson,2013,0.05176115611463306,334,0.06503647762561508,Watson,0.09567987705112417,417,0.057583780954690814,2013-14 -> 2014-15
201973,Jerebko,2013,0.08142509215497161,208,0.07850360726237152,Jerebko,0.02067279157848474,379,0.05905172263980381,2013-14 -> 2014-15
1890,Marion,2013,0.022967006483133354,708,0.04015311460584855,Marion,-0.0949741571862194,267,0.06316181094690766,2013-14 -> 2014-15
2440,Barnes,2013,0.030044922958833847,527,0.05386000153179179,Barnes,0.019555425552441035,624,0.05077527956702695,2013-14 -> 2014-15
202391,Lin,2013,0.02353220956886014,662,0.044389419489729756,Lin,0.009937501134817396,654,0.042999971203673736,2013-14 -> 2014-15
201579,Hibbert,2013,0.019391938993791956,754,0.03482441162445643,Hibbert,0.03727989508657296,710,0.03555663851023533,2013-14 -> 2014-15
201945,Henderson,2013,0.015472792144274041,930,0.03340797565033145,Henderson,0.009301879952827146,847,0.03588509800785419,2013-14 -> 2014-15
203521,Dellavedova,2013,0.04729320495430045,296,0.07130679195790812,Dellavedova,-0.016881496650934948,307,0.07072740210506075,2013-14 -> 2014-15
101126,Robinson,2013,0.03575848610847164,383,0.05979717378317309,Robinson,-0.14093813653126158,255,0.0743937686534214,2013-14 -> 2014-15
2755,Martin,2013,0.01305928177642431,1023,0.03485401886638625,Martin,0.07072761308885274,625,0.04495459425162762,2013-14 -> 2014-15
203087,Lamb,2013,0.02138402964579865,609,0.047349870304794824,Lamb,0.0019952398785428615,250,0.07479848852430053,2013-14 -> 2014-15
202730,Allen,2013,0.04143326077798861,300,0.05666778056148058,Allen,0.08660198272349152,299,0.05486321174382191,2013-14 -> 2014-15
201168,Splitter,2013,0.03478174723484635,346,0.04994580527182477,Splitter,0.09691919502451378,303,0.05432103595893411,2013-14 -> 2014-15
202329,Aminu,2013,0.02351515580394546,494,0.04450646903634992,Aminu,-0.18330476000386908,357,0.05909802500705837,2013-14 -> 2014-15
203095,Fournier,2013,0.02030017060214838,544,0.05061485222063975,Fournier,0.015798900758467346,575,0.04812005867237814,2013-14 -> 2014-15
201149,Noah,2013,0.013679383661348368,800,0.03343727101527411,Noah,-0.10428025898697815,427,0.04583258456647261,2013-14 -> 2014-15
201951,Lawson,2013,0.013217998802018805,806,0.03859089572624281,Lawson,0.027016595201658365,926,0.035432951309528185,2013-14 -> 2014-15
201581,Hickson,2013,0.015483984774810266,654,0.036171469576522765,Hickson,-0.08162827932842746,459,0.042333037510314656,2013-14 -> 2014-15
201942,DeRozan,2013,0.00661719909503204,1407,0.027822696704702467,DeRozan,-0.06479371896563628,990,0.03207321650727338,2013-14 -> 2014-15
2736,Deng,2013,0.010221188394926991,860,0.036552944592583604,Deng,0.054922249476616405,787,0.03954076946095616,2013-14 -> 2014-15
2733,Livingston,2013,0.018041587096411592,487,0.042679041065707725,Livingston,0.04325666935933998,396,0.04684248343837272,2013-14 -> 2014-15
201599,Jordan,2013,0.01699397039156126,515,0.037187693819895035,Jordan,-0.031182550188514874,534,0.03416287819756105,2013-14 -> 2014-15
1713,Carter,2013,0.010453882635429002,811,0.041934595045796386,Carter,-0.15580994627904088,406,0.061815517325457474,2013-14 -> 2014-15
203135,Sacre,2013,0.025024560084268045,300,0.05374246626348156,Sacre,-0.011258892590063572,306,0.054659485004693684,2013-14 -> 2014-15
203476,Dieng,2013,0.021380795315114023,227,0.06114273786928604,Dieng,0.044124427563744684,512,0.041197574021217744,2013-14 -> 2014-15
2738,Iguodala,2013,0.008372180549085315,458,0.053625317266913795,Iguodala,-0.03978161169550643,496,0.051410249147648454,2013-14 -> 2014-15
201596,Chalmers,2013,0.0067360992862601525,560,0.04954140409803388,Chalmers,-0.07842741177320604,663,0.044518825711095576,2013-14 -> 2014-15
201979,Calathes,2013,0.008096382599589584,311,0.06056541373772224,Calathes,-0.07451618155673617,247,0.06740730818089885,2013-14 -> 2014-15
203145,Bazemore,2013,0.006352814099016643,343,0.061563747056600546,Bazemore,-0.06193418733987944,331,0.0632647261339037,2013-14 -> 2014-15
202681,Irving,2013,0.001573266147644594,1237,0.03155449424866483,Irving,0.0788943576935196,1235,0.03200337394790009,2013-14 -> 2014-15
201956,Casspi,2013,0.003533360405242547,410,0.058435785663621495,Casspi,0.1135908268077842,427,0.05052340435471148,2013-14 -> 2014-15
203109,Crowder,2013,0.0029560294710692975,296,0.07042704867528529,Crowder,-0.06956290333895128,545,0.04931266325417729,2013-14 -> 2014-15
202700,Motiejunas,2013,0.000937187807092858,296,0.06408837721856374,Motiejunas,0.10644572230374284,700,0.04036353865423232,2013-14 -> 2014-15
201589,Arthur,2013,0.0006027235129828924,410,0.0513928018578361,Arthur,-0.03486360367093333,384,0.05639487380230671,2013-14 -> 2014-15
203527,Kelly,2013,-0.00016608568853095462,371,0.06010238701033549,Kelly,-0.1419665765853381,309,0.06707986526305018,2013-14 -> 2014-15
202323,Turner,2013,-0.00034157554493720457,1021,0.032581015040981466,Turner,-0.039392969787192166,746,0.03820758634347663,2013-14 -> 2014-15
2581,Blake,2013,-0.0030152387135427058,353,0.06714446949896659,Blake,0.02363643305052298,327,0.07008247643735484,2013-14 -> 2014-15
202704,Jackson,2013,-0.0033009014579897765,916,0.0360372910468646,Jackson,-0.02269801438198515,996,0.034186421257087686,2013-14 -> 2014-15
203544,Antic,2013,-0.01068742872616357,294,0.07292973353075383,Antic,-0.14328419370554135,296,0.07290648489834108,2013-14 -> 2014-15
2754,Allen,2013,-0.008631203349789462,413,0.049723884848464676,Allen,-0.06280655698356123,455,0.04596304583990351,2013-14 -> 2014-15
201977,Thornton,2013,-0.005789979867467913,639,0.04813090429658472,Thornton,0.0007635248235901336,345,0.06318795048156484,2013-14 -> 2014-15
2550,Hinrich,2013,-0.006066899347615984,619,0.04703008040219652,Hinrich,-0.04131306965205309,381,0.06114989149854071,2013-14 -> 2014-15
201976,Beverley,2013,-0.008926086561750675,481,0.05659565832314095,Beverley,-0.060480711942487345,532,0.05544878491270802,2013-14 -> 2014-15
202322,Wall,2013,-0.003582622903761241,1337,0.029274551739383592,Wall,-0.017263024787600147,1166,0.030549552257879573,2013-14 -> 2014-15
201585,Koufos,2013,-0.012985296156025252,459,0.04410020631339338,Koufos,0.030345956952202848,358,0.05021834123060025,2013-14 -> 2014-15
101150,Williams,2013,-0.013016267855388102,493,0.05399646394356657,Williams,-0.0067839354470323856,928,0.03972194191577429,2013-14 -> 2014-15
201166,Brooks,2013,-0.012260349192231346,581,0.049009721035212346,Brooks,0.01110778743794396,817,0.04058081120439142,2013-14 -> 2014-15
201573,Bayless,2013,-0.01268895347612022,617,0.04611103024227813,Bayless,-0.012004094296263333,516,0.0474849477516822,2013-14 -> 2014-15
101187,Anderson,2013,-0.01674358835487876,485,0.05542984419766741,Anderson,0.05724376988288743,440,0.05695976169840546,2013-14 -> 2014-15
201578,Speights,2013,-0.018558615883729493,442,0.046919075934326177,Speights,0.07997589621422305,646,0.037656673250700184,2013-14 -> 2014-15
201978,Budinger,2013,-0.03450765296408613,254,0.07534231996733888,Budinger,-0.006141319367816468,390,0.05806848619531999,2013-14 -> 2014-15
202714,Mack,2013,-0.018637297088787363,501,0.051546630916641675,Mack,-0.03643653565505859,292,0.069493761130346,2013-14 -> 2014-15
201152,Young,2013,-0.008024251680540313,1283,0.029911367560583563,Young,0.010502774487228864,968,0.032726064998503605,2013-14 -> 2014-15
201163,Chandler,2013,-0.015002625033718032,738,0.04421464458773811,Chandler,-0.020202242299209246,975,0.03754604368926235,2013-14 -> 2014-15
203081,Lillard,2013,-0.009142886394702048,1304,0.032581558268623835,Lillard,-0.022460304080022343,1360,0.031829193185487846,2013-14 -> 2014-15
203085,Rivers,2013,-0.025269884054801912,474,0.04841450854217338,Rivers,-0.07904596176097486,496,0.04933297079534853,2013-14 -> 2014-15
203503,Snell,2013,-0.037941408130152746,336,0.06708417709130712,Snell,0.01642424222306972,371,0.06356832836600308,2013-14 -> 2014-15
203492,McCallum,2013,-0.044403159458789976,300,0.060931186128459734,McCallum,0.02358708539052694,470,0.04950102786378939,2013-14 -> 2014-15
2199,Chandler,2013,-0.041669219017545105,322,0.048187009406818686,Chandler,-0.00799166070553409,440,0.03912583283812531,2013-14 -> 2014-15
2749,Nelson,2013,-0.018893073510546178,747,0.04491910848525586,Nelson,0.010717479717732159,504,0.05456975526725266,2013-14 -> 2014-15
203079,Waiters,2013,-0.014224965612381256,993,0.03456443550346512,Waiters,-0.14149886221631097,946,0.035798404015358595,2013-14 -> 2014-15
203080,Robinson,2013,-0.04939393374221951,293,0.054808455748102475,Robinson,-0.02995761103337359,260,0.05670441065774728,2013-14 -> 2014-15
2584,Green,2013,-0.06471798117081122,271,0.07260706709842799,Green,-0.05829601239885423,306,0.06661854010166227,2013-14 -> 2014-15
202389,Mozgov,2013,-0.03319075581471684,545,0.04038462724511783,Mozgov,-0.045853337281019604,566,0.037663790598068125,2013-14 -> 2014-15
202325,Johnson,2013,-0.029673904344619976,651,0.04578573734403871,Johnson,-0.0092461246458758,691,0.04364484050911416,2013-14 -> 2014-15
202688,Knight,2013,-0.017707482669051356,1092,0.0339399317541732,Knight,-0.004682925207500144,888,0.03853455152602537,2013-14 -> 2014-15
203096,Sullinger,2013,-0.023227994867640486,899,0.035941709324913834,Sullinger,0.007567011447248773,708,0.0412013534111869,2013-14 -> 2014-15
202330,Hayward,2013,-0.021312476031723596,1032,0.034266609716342836,Hayward,0.04082298361676948,1087,0.03372063304944581,2013-14 -> 2014-15
2585,Pachulia,2013,-0.06911829932288906,349,0.0514356919423398,Pachulia,-0.005524617068719734,529,0.04172277517465975,2013-14 -> 2014-15
203077,Kidd-Gilchrist,2013,-0.06905586152976409,353,0.05100033621257412,Kidd-Gilchrist,-0.0056893737725761,482,0.042985117017661,2013-14 -> 2014-15
202684,Thompson,2013,-0.03386456232598629,761,0.032893690702606296,Thompson,-0.04803072636449189,488,0.0397832702956443,2013-14 -> 2014-15
202397,Smith,2013,-0.09409166065773787,281,0.059349249248307395,Smith,-0.08724303127023715,367,0.05392207683102983,2013-14 -> 2014-15
2419,Prince,2013,-0.05515523024917949,492,0.04664961499306799,Prince,0.06691691768665266,402,0.05227993393359924,2013-14 -> 2014-15
2734,Harris,2013,-0.10712789919431905,254,0.0727168289571278,Harris,-0.01582764955156942,524,0.05335530656269793,2013-14 -> 2014-15
200782,Tucker,2013,-0.04549205480443487,615,0.04571076902072499,Tucker,-0.006037771215151819,596,0.04863566834764774,2013-14 -> 2014-15
101141,Ilyasova,2013,-0.04874942148977611,579,0.045068124012630925,Ilyasova,0.08648213908716475,557,0.04851610493880934,2013-14 -> 2014-15
201949,Johnson,2013,-0.09316737680320011,308,0.06140010200387789,Johnson,0.09127101487009645,404,0.0499460750918662,2013-14 -> 2014-15
101145,Ellis,2013,-0.0235678792371559,1278,0.029251283907708,Ellis,-0.016969025578376463,1354,0.029195652296071888,2013-14 -> 2014-15
200765,Rondo,2013,-0.08794585724439977,350,0.05859074082361811,Rondo,-0.0689977831867983,645,0.040584846729515386,2013-14 -> 2014-15
203504,Burke,2013,-0.03566307136614832,897,0.03855082832827986,Burke,-0.05752670589170756,1005,0.03652179842551151,2013-14 -> 2014-15
202682,Williams,2013,-0.0665600399872669,482,0.047100139429108116,Williams,-0.055502903210501046,485,0.04939740315536906,2013-14 -> 2014-15
203110,Green,2013,-0.0722150019325021,459,0.053326900068321643,Green,-0.03920315376703614,765,0.042628758236430725,2013-14 -> 2014-15
202689,Walker,2013,-0.02952165927029257,1143,0.03268416730840684,Walker,-0.06476384864236576,981,0.03522953748397776,2013-14 -> 2014-15
201952,Teague,2013,-0.03365186541853055,1040,0.033348293281682796,Teague,-0.02857767868474285,887,0.03629803016267685,2013-14 -> 2014-15
200757,Sefolosha,2013,-0.11240751137992955,340,0.0647902208017529,Sefolosha,-0.13354385050801573,249,0.0709525414803039,2013-14 -> 2014-15
202708,Cole,2013,-0.07663248634063666,500,0.05143369430323911,Cole,-0.03345452914801077,558,0.04776166247644523,2013-14 -> 2014-15
203484,Caldwell-Pope,2013,-0.09071177030421448,460,0.05407927884587235,Caldwell-Pope,-0.04042622944435841,972,0.037884630062499314,2013-14 -> 2014-15
201145,Green,2013,-0.03616378619697176,1171,0.03296063596430466,Green,-0.04925811941914966,967,0.03542168747233846,2013-14 -> 2014-15
203101,Plumlee,2013,-0.08044558842155214,553,0.03864356005856399,Plumlee,-0.06621810902876298,254,0.0572605024654565,2013-14 -> 2014-15
203469,Zeller,2013,-0.11046120274181956,404,0.0462584605616153,Zeller,-0.07934066644387656,373,0.047897609747565996,2013-14 -> 2014-15
201936,Evans,2013,-0.04979760737353952,897,0.033611871119718924,Evans,-0.03391970520432036,1165,0.03123901741690416,2013-14 -> 2014-15
201566,Westbrook,2013,-0.059252668640763485,791,0.03920232911878322,Westbrook,-0.09488844188140774,1471,0.02768217244040133,2013-14 -> 2014-15
203461,Bennett,2013,-0.21022252111542963,225,0.07082681868377638,Bennett,-0.07365892866630551,297,0.05633336709875791,2013-14 -> 2014-15
202697,Shumpert,2013,-0.10002984429089687,484,0.05491913593347962,Shumpert,-0.0573251734487163,471,0.053795161694494296,2013-14 -> 2014-15
201147,Brewer,2013,-0.06104827280320875,807,0.03783712236307138,Brewer,-0.11389413305478864,805,0.03854951025555485,2013-14 -> 2014-15
200826,Barea,2013,-0.07953113448577082,656,0.04468317045694916,Barea,-0.04552517484014129,536,0.04879713793039771,2013-14 -> 2014-15
201196,Sessions,2013,-0.06975654787741124,769,0.03745374609190067,Sessions,-0.11582058544427294,334,0.05718206374499713,2013-14 -> 2014-15
203144,Shved,2013,-0.2371834714298567,237,0.07585419273832647,Shved,-0.04057271792943752,335,0.0632720636310175,2013-14 -> 2014-15
202710,Butler,2013,-0.08336984311793601,693,0.0429657612738962,Butler,0.02139502760472268,912,0.03500508922775779,2013-14 -> 2014-15
2746,Smith,2013,-0.0499147677598258,1233,0.03027982561829292,Smith,-0.06689405279758588,987,0.03416154434509738,2013-14 -> 2014-15
203463,McLemore,2013,-0.09149991184183574,679,0.04488841239149522,McLemore,0.010426708067554104,831,0.041036212980022004,2013-14 -> 2014-15
203506,Oladipo,2013,-0.0666452967969831,936,0.03528613683932152,Oladipo,-0.0910983208217613,1086,0.032647190847437405,2013-14 -> 2014-15
203084,Barnes,2013,-0.09214192689707143,679,0.04256894554169584,Barnes,0.007533659635512024,656,0.04368260829859968,2013-14 -> 2014-15
203507,Antetokounmpo,2013,-0.16794823879558196,418,0.052325206185023294,Antetokounmpo,-0.04073887046214934,780,0.033734459825136724,2013-14 -> 2014-15
203487,Carter-Williams,2013,-0.0726597312456206,1054,0.03246292098491076,Carter-Williams,-0.10394825515060564,919,0.03418854975070914,2013-14 -> 2014-15
203100,Wroten,2013,-0.11288818323332266,808,0.03713753802116117,Wroten,-0.1409661088387738,434,0.05322721975166948,2013-14 -> 2014-15
201943,Jennings,2013,-0.08098356271473572,1135,0.03446396518643097,Jennings,-0.06150907592350102,543,0.049899966728832346,2013-14 -> 2014-15
201937,Rubio,2013,-0.1698220996012366,670,0.041397952824830934,Rubio,-0.14920565260394458,219,0.07402815807946711,2013-14 -> 2014-15
101108,Paul,2014,0.19675358035053472,1170,0.03287400068960038,Paul,0.10594213972200953,1114,0.03363254252360885,2014-15 -> 2015-16
201939,Curry,2014,0.15696266179846063,1341,0.03313638760308311,Curry,0.1917094055333505,1598,0.030976937239083565,2014-15 -> 2015-16
200755,Redick,2014,0.20109631662605898,938,0.03995376433577513,Redick,0.21655245778068735,880,0.04106294352192972,2014-15 -> 2015-16
2594,Korver,2014,0.31026667024553317,600,0.05456322173204782,Korver,0.08314736717391433,617,0.05208759049702281,2014-15 -> 2015-16
202696,Vucevic,2014,0.14266031918910493,1206,0.027422502176042064,Vucevic,0.14138397541452247,1046,0.029712979781306464,2014-15 -> 2015-16
2744,Jefferson,2014,0.16483918575001816,1010,0.02987835797838646,Jefferson,0.12622559785115586,505,0.04214736078519937,2014-15 -> 2015-16
1717,Nowitzki,2014,0.13805112459315685,1062,0.03393129028466728,Nowitzki,0.09393325319821733,1112,0.03399049226020899,2014-15 -> 2015-16
203076,Davis,2014,0.12143103730576349,1199,0.026590209374779357,Davis,0.023603746989378168,1136,0.028727070756239464,2014-15 -> 2015-16
201143,Horford,2014,0.14903523284357906,965,0.03076253475305514,Horford,0.05849423188148478,1048,0.03316888565160234,2014-15 -> 2015-16
200746,Aldridge,2014,0.09599368731906849,1415,0.026567261149939393,Aldridge,0.11340384054454003,1045,0.029603882315886683,2014-15 -> 2015-16
202691,Thompson,2014,0.1002373843955108,1299,0.03285332792021206,Thompson,0.10095686612520094,1386,0.03242807858661126,2014-15 -> 2015-16
201188,Gasol,2014,0.11512327129979161,1072,0.029001042345470178,Gasol,0.07496201726707537,707,0.03607990178914659,2014-15 -> 2015-16
101162,Gortat,2014,0.1585304861798305,775,0.033507501239669335,Gortat,0.13657182267936488,764,0.03332531867607404,2014-15 -> 2015-16
201572,Lopez,2014,0.12372434725706713,987,0.030499172886258308,Lopez,0.08782955017975809,1157,0.028151980691710345,2014-15 -> 2015-16
2200,Gasol,2014,0.10550547237865471,1153,0.028317785245623145,Gasol,0.07461996882930305,995,0.03158827453015042,2014-15 -> 2015-16
201627,Morrow,2014,0.19451791933494944,615,0.04984126037486193,Morrow,0.06046943598693833,333,0.06988766672038668,2014-15 -> 2015-16
203114,Middleton,2014,0.12524706279201073,869,0.03815464652482213,Middleton,0.060686452479967234,1142,0.033239557317015715,2014-15 -> 2015-16
2225,Parker,2014,0.1262831109113773,832,0.035496497856614885,Parker,0.04432138477500767,710,0.03809431461196407,2014-15 -> 2015-16
2561,West,2014,0.15247729652049577,686,0.0369966666553904,West,0.20379331573442908,448,0.045489748343179225,2014-15 -> 2015-16
202681,Irving,2014,0.0788943576935196,1235,0.03200337394790009,Irving,-0.01653655856514203,879,0.03788988661964136,2014-15 -> 2015-16
2207,Johnson,2014,0.09401052943148121,1025,0.03550188862067252,Johnson,0.09855234494935579,859,0.03947546041935354,2014-15 -> 2015-16
1495,Duncan,2014,0.11721149305942043,819,0.032839588286482216,Duncan,0.07427968743241022,441,0.04571888635529296,2014-15 -> 2015-16
200752,Gay,2014,0.07940950989044131,1116,0.031196126555567184,Gay,0.011361584837640616,1007,0.03315833661977766,2014-15 -> 2015-16
2216,Randolph,2014,0.08507407892110336,932,0.03148526417503316,Randolph,0.04541585452472584,907,0.032302125597494465,2014-15 -> 2015-16
201933,Griffin,2014,0.06892843620096877,1144,0.028121569789236012,Griffin,0.08477648233453985,603,0.039197224823377494,2014-15 -> 2015-16
202693,Morris,2014,0.06902380415687111,1100,0.031208903115467805,Morris,-0.06506400308799025,718,0.03935522773461491,2014-15 -> 2015-16
203092,Zeller,2014,0.12190026254204173,619,0.03804814404387519,Zeller,-0.051059344083056,290,0.05458768350980644,2014-15 -> 2015-16
202700,Motiejunas,2014,0.10644572230374284,700,0.04036353865423232,Motiejunas,-0.044552673616068406,205,0.07824607585533538,2014-15 -> 2015-16
202683,Freedom,2014,0.07892400422084209,928,0.03236665886128673,Freedom,0.12472005074470584,719,0.03559554097253265,2014-15 -> 2015-16
201586,Ibaka,2014,0.09154699662192585,786,0.03900202537420521,Ibaka,0.05861696103109376,869,0.036142585736879,2014-15 -> 2015-16
2547,Bosh,2014,0.09609988073906967,745,0.039661602752545266,Bosh,0.08278885978544245,767,0.04021106252555781,2014-15 -> 2015-16
202083,Matthews,2014,0.09264282456528936,752,0.046137394784195096,Matthews,-0.04705273983507338,854,0.04373845442536273,2014-15 -> 2015-16
201588,Hill,2014,0.1302183708871759,535,0.049230500500898104,Hill,0.0033776367546595114,739,0.04356251174151801,2014-15 -> 2015-16
201609,Dragic,2014,0.06855059299950014,1002,0.03500424399100073,Dragic,0.017119646133537572,875,0.0368561733778926,2014-15 -> 2015-16
202324,Favors,2014,0.07459857536659138,918,0.030494642679075493,Favors,0.06940071562072984,811,0.032731727522180454,2014-15 -> 2015-16
101161,Johnson,2014,0.13066193529388226,519,0.04360579519478334,Johnson,0.05305140771994376,426,0.0473938006154441,2014-15 -> 2015-16
201980,Green,2014,0.09136176367574306,738,0.04712958441166991,Green,-0.11348235569490692,561,0.05368447509304975,2014-15 -> 2015-16
202338,Seraphin,2014,0.1454031309327944,450,0.04411445634146717,Seraphin,-0.0419857517771227,205,0.0664571340762267,2014-15 -> 2015-16
201142,Durant,2014,0.13982238045324358,467,0.052064146304930246,Durant,0.11012664054119822,1381,0.030408833343389285,2014-15 -> 2015-16
201954,Collison,2014,0.11732311496632229,550,0.04728519299579776,Collison,0.11346272368743342,776,0.03976030449621387,2014-15 -> 2015-16
201960,Carroll,2014,0.09207613349011809,653,0.04723679126616914,Carroll,-0.08880719534700693,270,0.07210440614877747,2014-15 -> 2015-16
202695,Leonard,2014,0.07279507554270752,822,0.03748439402513517,Leonard,0.11934293682864278,1090,0.03315286368371249,2014-15 -> 2015-16
201582,Ajinca,2014,0.18019061882407478,329,0.05154537319404268,Ajinca,0.03865205954012792,315,0.05239775639064797,2014-15 -> 2015-16
201162,Dudley,2014,0.13972932377971847,423,0.0583494672423771,Dudley,0.18412797214673973,487,0.0551714069192134,2014-15 -> 2015-16
201171,Landry,2014,0.1596286241299763,369,0.04849285745967344,Landry,0.21049450396039446,250,0.06145402110949147,2014-15 -> 2015-16
202355,Whiteside,2014,0.14244076708118614,387,0.045196391676008286,Whiteside,0.11881562180775035,682,0.034224420760706475,2014-15 -> 2015-16
202334,Davis,2014,0.11733239474653571,469,0.04158574423895512,Davis,0.08296409136725394,337,0.05000768701149555,2014-15 -> 2015-16
202709,Joseph,2014,0.13171084663541707,411,0.04986535326676047,Joseph,-0.03473172786451923,585,0.04397490729822602,2014-15 -> 2015-16
2546,Anthony,2014,0.06708332045058814,806,0.037884090544738784,Anthony,0.031431538759626856,1307,0.030158391052049583,2014-15 -> 2015-16
202685,Valanciunas,2014,0.07937442131053632,652,0.03657634378118551,Valanciunas,0.09186487261107971,536,0.04025026135423386,2014-15 -> 2015-16
201578,Speights,2014,0.07997589621422305,646,0.037656673250700184,Speights,0.007918703727610017,456,0.047779820935497444,2014-15 -> 2015-16
101127,Jack,2014,0.06306073881751594,817,0.036700469313332075,Jack,-0.0599125980271517,358,0.05897417364373685,2014-15 -> 2015-16
202699,Harris,2014,0.05334544018048017,949,0.035235429037576635,Harris,-0.012332533945858511,889,0.036569966338483174,2014-15 -> 2015-16
200745,Bargnani,2014,0.1360121317867681,361,0.05330566780690456,Bargnani,0.1142076509024132,279,0.05916255292708092,2014-15 -> 2015-16
2405,Stoudemire,2014,0.09928982777409337,490,0.04152738725917497,Stoudemire,0.0421531988073477,221,0.06137157686655153,2014-15 -> 2015-16
201956,Casspi,2014,0.1135908268077842,427,0.05052340435471148,Casspi,0.10702149108221523,622,0.04700587630494565,2014-15 -> 2015-16
2449,Scola,2014,0.07540019344084777,642,0.038179776861444054,Scola,0.012446643907426476,598,0.045563706849478545,2014-15 -> 2015-16
101141,Ilyasova,2014,0.08648213908716475,557,0.04851610493880934,Ilyasova,-0.008403564303535293,661,0.045479796478396964,2014-15 -> 2015-16
1718,Pierce,2014,0.07173819587054124,656,0.04693531817224325,Pierce,-0.07780173791466209,397,0.06398147446952412,2014-15 -> 2015-16
201569,Gordon,2014,0.06631198560477801,694,0.045448424032532006,Gordon,-0.0038464334456781066,552,0.05257687446654958,2014-15 -> 2015-16
2544,James,2014,0.03561923363776383,1279,0.030194766902269153,James,0.0007145142907301124,1416,0.027640586859670066,2014-15 -> 2015-16
201160,Smith,2014,0.07622040946691866,592,0.04113369133141006,Smith,0.17140619035412893,503,0.043434566918707805,2014-15 -> 2015-16
2747,Smith,2014,0.05964627903770194,755,0.0450235131802216,Smith,0.0569110982763098,850,0.043416545663054355,2014-15 -> 2015-16
2548,Wade,2014,0.04132903878198838,1084,0.03067880760341829,Wade,-0.023795924416774736,1183,0.028327917158529,2014-15 -> 2015-16
202694,Morris Sr.,2014,0.05856206194793273,763,0.042365156541488286,Morris Sr.,0.04393358257356732,945,0.03660446277847103,2014-15 -> 2015-16
202330,Hayward,2014,0.04082298361676948,1087,0.03372063304944581,Hayward,-0.025667057841045518,1202,0.0327420158236491,2014-15 -> 2015-16
2755,Martin,2014,0.07072761308885274,625,0.04495459425162762,Martin,-0.10766942646848655,419,0.05494551727991235,2014-15 -> 2015-16
2736,Deng,2014,0.054922249476616405,787,0.03954076946095616,Deng,0.0035592862649469837,745,0.04166215339591362,2014-15 -> 2015-16
202335,Patterson,2014,0.07986148043114638,535,0.053393151669688395,Patterson,-0.006666856463582845,493,0.056933367306571676,2014-15 -> 2015-16
201167,Afflalo,2014,0.04526540026570371,884,0.03921154525133104,Afflalo,0.08748066999582567,799,0.03976677454052583,2014-15 -> 2015-16
201584,Lee,2014,0.06044509122267731,643,0.0454761436002446,Lee,0.0409433198695493,639,0.045381258173240756,2014-15 -> 2015-16
201949,Johnson,2014,0.09127101487009645,404,0.0499460750918662,Johnson,-0.05781593271576639,240,0.0703698044744424,2014-15 -> 2015-16
203086,Leonard,2014,0.15038266839663322,245,0.07521079203830112,Leonard,0.10623196778387263,435,0.058705214824567926,2014-15 -> 2015-16
201158,Belinelli,2014,0.07744277904567533,470,0.05587315195799538,Belinelli,-0.014536886693456937,635,0.04741593754728265,2014-15 -> 2015-16
201941,Hill,2014,0.04601534351401395,777,0.03401489536617716,Hill,0.062055618980905516,549,0.040184762024800355,2014-15 -> 2015-16
1891,Terry,2014,0.07991354430915563,446,0.0628233430181294,Terry,0.012390152782862235,376,0.06773379269701496,2014-15 -> 2015-16
201950,Holiday,2014,0.06524593929281367,534,0.047614567757372404,Holiday,-0.004585903427011744,935,0.03609384676209929,2014-15 -> 2015-16
201155,Stuckey,2014,0.04324766601991794,754,0.03863680707992125,Stuckey,-0.12007462116674215,443,0.05014692330231393,2014-15 -> 2015-16
2403,Hilario,2014,0.053758297772526345,601,0.03773002257760967,Hilario,0.03860483629241074,384,0.047004342441642526,2014-15 -> 2015-16
201144,Conley,2014,0.03640030819483443,882,0.03791487424171821,Conley,-0.04299121667191396,696,0.04274674251026592,2014-15 -> 2015-16
2590,Williams,2014,0.034683097198930764,860,0.039779214178758536,Williams,0.07675938915544245,302,0.06596084024620646,2014-15 -> 2015-16
203482,Olynyk,2014,0.05568281937157894,528,0.04896078484481587,Olynyk,0.024811982605493874,556,0.048887700948302096,2014-15 -> 2015-16
101112,Frye,2014,0.06029413327855981,487,0.05964410412746584,Frye,0.0820083833747679,347,0.0697258140753132,2014-15 -> 2015-16
203138,Thompson,2014,0.05387473944114111,543,0.052653416925779996,Thompson,0.011835407198301883,680,0.04808517369491218,2014-15 -> 2015-16
101181,Calderon,2014,0.08118771039203684,354,0.06265031824602986,Calderon,0.1467765707969536,455,0.05638798685717839,2014-15 -> 2015-16
202340,Bradley,2014,0.02795250921468444,1013,0.035960802831972144,Bradley,-0.003295490257654582,1019,0.03654562006569089,2014-15 -> 2015-16
2564,Diaw,2014,0.04419391029344213,632,0.0440408951856014,Diaw,0.10790867826013222,383,0.053989252656770924,2014-15 -> 2015-16
202326,Cousins,2014,0.02566748798585831,1066,0.02859137917563326,Cousins,0.0021290651192271137,1332,0.028131815845909285,2014-15 -> 2015-16
2419,Prince,2014,0.06691691768665266,402,0.05227993393359924,Prince,0.0496552836382107,229,0.0671226113460215,2014-15 -> 2015-16
101107,Williams,2014,0.05404717344256013,495,0.0554189808008226,Williams,0.07725799390619464,747,0.04470067662916461,2014-15 -> 2015-16
201579,Hibbert,2014,0.03727989508657296,710,0.03555663851023533,Hibbert,-0.055631414878349654,411,0.04659458959495089,2014-15 -> 2015-16
203382,Baynes,2014,0.08070327592845764,327,0.05158384815168583,Baynes,-0.006284885998582457,384,0.04774417934258119,2014-15 -> 2015-16
202730,Allen,2014,0.08660198272349152,299,0.05486321174382191,Allen,0.03415305321908698,370,0.04816746207926454,2014-15 -> 2015-16
101138,Bass,2014,0.03778919459197442,683,0.03605958527801642,Bass,-0.047239886904418264,317,0.04846397869650269,2014-15 -> 2015-16
201967,Cunningham,2014,0.07490638225448265,339,0.0524209661640527,Cunningham,-0.0357032624292857,412,0.057530207427800226,2014-15 -> 2015-16
203933,Warren,2014,0.1178598572549651,214,0.06744144529863551,Warren,0.10000193327146564,441,0.04918950104077277,2014-15 -> 2015-16
202711,Bogdanovic,2014,0.04351595255336823,576,0.04965318854152458,Bogdanovic,-0.020206111751763827,749,0.043572060986088436,2014-15 -> 2015-16
201951,Lawson,2014,0.027016595201658365,926,0.035432951309528185,Lawson,-0.08603949021565989,354,0.05962160379566705,2014-15 -> 2015-16
201577,Lopez,2014,0.05710843071994869,437,0.04520068822392023,Lopez,0.11053128749796573,662,0.03689444006541503,2014-15 -> 2015-16
202344,Booker,2014,0.052604340203755665,464,0.04790028306839862,Booker,-0.12459592282883253,388,0.049425385792663576,2014-15 -> 2015-16
203118,Scott,2014,0.05329868334958143,453,0.05489238212554319,Scott,0.035888147045466334,376,0.05984146141631789,2014-15 -> 2015-16
203124,O'Quinn,2014,0.0972542517190138,242,0.06717142665774242,O'Quinn,0.08673823588918164,271,0.06065148585379785,2014-15 -> 2015-16
203476,Dieng,2014,0.044124427563744684,512,0.041197574021217744,Dieng,0.06552708888082046,579,0.038987605307634586,2014-15 -> 2015-16
2571,Barbosa,2014,0.054887775720691125,386,0.05679536394049123,Barbosa,-0.02287368999283386,370,0.0579929091483191,2014-15 -> 2015-16
2037,Crawford,2014,0.02401239316344403,839,0.040565582023933906,Crawford,-0.0012384136633979224,939,0.03755842346500476,2014-15 -> 2015-16
203918,Hood,2014,0.05361231043546645,374,0.06138398946095978,Hood,0.02961917365599572,972,0.038483509310634205,2014-15 -> 2015-16
202710,Butler,2014,0.02139502760472268,912,0.03500508922775779,Butler,-0.033421530305543276,1035,0.03236558157040326,2014-15 -> 2015-16
202328,Monroe,2014,0.02227493330335894,853,0.03256939158729177,Monroe,0.043574671664758494,941,0.03108609341821411,2014-15 -> 2015-16
204060,Ingles,2014,0.052789678473245505,354,0.06633769052267946,Ingles,0.08598336420885412,291,0.07730199496797142,2014-15 -> 2015-16
203490,Porter Jr.,2014,0.044996613535764236,391,0.05469989137603566,Porter Jr.,0.0628454077582479,717,0.04297727665463726,2014-15 -> 2015-16
202738,Thomas,2014,0.021629007872668388,796,0.04194953438338327,Thomas,-0.07984297531385957,1382,0.03068422835833653,2014-15 -> 2015-16
2733,Livingston,2014,0.04325666935933998,396,0.04684248343837272,Livingston,0.08295515459062108,379,0.0488603239458248,2014-15 -> 2015-16
203078,Beal,2014,0.017965969371680806,851,0.03815752695120743,Beal,0.035481486008907055,799,0.03997955702943198,2014-15 -> 2015-16
201961,Ellington,2014,0.02369834537916843,617,0.046920473843102356,Ellington,-0.03986509358362428,561,0.05107155559441804,2014-15 -> 2015-16
203093,Jones,2014,0.04837477513297816,299,0.057720056831404805,Jones,-0.07148270069849681,367,0.054355131858782164,2014-15 -> 2015-16
2743,Humphries,2014,0.03097611257218095,446,0.044379632449956366,Humphries,-0.06950687925024633,295,0.06616089628211563,2014-15 -> 2015-16
2440,Barnes,2014,0.019555425552441035,624,0.05077527956702695,Barnes,-0.14072157327749601,693,0.046576118872187225,2014-15 -> 2015-16
203468,McCollum,2014,0.03274821895265803,365,0.060901547846027304,McCollum,0.054718705325103464,1431,0.030241748249011643,2014-15 -> 2015-16
201229,Tolliver,2014,0.028723516334254122,393,0.06703866159731205,Tolliver,-0.013395648109752996,332,0.07465472512366887,2014-15 -> 2015-16
101135,Lee,2014,0.03560635814508056,313,0.052988939546624744,Lee,-0.049823306410657936,335,0.049941799658029716,2014-15 -> 2015-16
201585,Koufos,2014,0.030345956952202848,358,0.05021834123060025,Koufos,0.1187722150224841,444,0.04474403621284324,2014-15 -> 2015-16
200794,Millsap,2014,0.011519454785324982,930,0.035195875721500874,Millsap,-0.04290706906434069,1066,0.03260393838215642,2014-15 -> 2015-16
201152,Young,2014,0.010502774487228864,968,0.032726064998503605,Young,0.06249809836569607,963,0.03129639265371362,2014-15 -> 2015-16
202718,Parsons,2014,0.01213164276010114,829,0.04083260198624528,Parsons,0.05860167001919578,651,0.04520630996109824,2014-15 -> 2015-16
101111,Villanueva,2014,0.025527470618152737,362,0.06648557154160961,Villanueva,-0.13682869010682192,327,0.06787352961868627,2014-15 -> 2015-16
203095,Fournier,2014,0.015798900758467346,575,0.04812005867237814,Fournier,0.058425207847154395,929,0.03855117515882393,2014-15 -> 2015-16
201166,Brooks,2014,0.01110778743794396,817,0.04058081120439142,Brooks,-0.02299941453406997,469,0.05349053629758954,2014-15 -> 2015-16
203463,McLemore,2014,0.010426708067554104,831,0.041036212980022004,McLemore,-0.049259051517909,455,0.05458307542808493,2014-15 -> 2015-16
101123,Green,2014,0.010716213628874635,778,0.04338568366103495,Green,-0.07623486418076506,587,0.04884030839639726,2014-15 -> 2015-16
203498,Muhammad,2014,0.020445248733526666,397,0.050164728058033445,Muhammad,-0.058440694936132714,681,0.04024982631847772,2014-15 -> 2015-16
203903,Clarkson,2014,0.01358146582202129,596,0.043441246392156255,Clarkson,-0.030216949579765406,1098,0.033542871785826045,2014-15 -> 2015-16
201945,Henderson,2014,0.009301879952827146,847,0.03588509800785419,Henderson,-0.00936181847650751,529,0.047596082858545434,2014-15 -> 2015-16
201973,Jerebko,2014,0.02067279157848474,379,0.05905172263980381,Jerebko,-0.08675782427738117,286,0.0679141838014862,2014-15 -> 2015-16
201564,Mayo,2014,0.011118161117961127,701,0.04405399639686832,Mayo,-0.09173866287076846,321,0.06817942576869866,2014-15 -> 2015-16
2581,Blake,2014,0.02363643305052298,327,0.07008247643735484,Blake,0.02884158028841289,240,0.08008493881569485,2014-15 -> 2015-16
202391,Lin,2014,0.009937501134817396,654,0.042999971203673736,Lin,-0.07150236939489406,728,0.04167720402552862,2014-15 -> 2015-16
101133,Mahinmi,2014,0.028992388342434942,212,0.06308423918569987,Mahinmi,0.021622016397000517,448,0.04289484459360214,2014-15 -> 2015-16
203503,Snell,2014,0.01642424222306972,371,0.06356832836600308,Snell,-0.10044671506350362,339,0.06431115234631785,2014-15 -> 2015-16
2749,Nelson,2014,0.010717479717732159,504,0.05456975526725266,Nelson,-0.10469755879444091,307,0.06878579451800955,2014-15 -> 2015-16
203096,Sullinger,2014,0.007567011447248773,708,0.0412013534111869,Sullinger,-0.014044286348697312,806,0.03621789569195522,2014-15 -> 2015-16
203084,Barnes,2014,0.007533659635512024,656,0.04368260829859968,Barnes,0.011092574644541962,633,0.04480492923075974,2014-15 -> 2015-16
101106,Bogut,2014,0.00985766800913264,355,0.048176638360375244,Bogut,0.01270617468578788,279,0.05190139980523639,2014-15 -> 2015-16
203089,Henson,2014,0.0060275577394330905,346,0.049382178711886736,Henson,0.07467910805836446,291,0.054460990086518335,2014-15 -> 2015-16
203112,Acy,2014,0.00542032914003415,331,0.056580719333440194,Acy,0.07680104645233794,214,0.06994600763545175,2014-15 -> 2015-16
203499,Larkin,2014,0.0013469373789105374,432,0.05321160025897837,Larkin,-0.0482179443874705,502,0.04833637695376458,2014-15 -> 2015-16
203087,Lamb,2014,0.0019952398785428615,250,0.07479848852430053,Lamb,0.007882263961499356,510,0.05042833063538647,2014-15 -> 2015-16
201977,Thornton,2014,0.0007635248235901336,345,0.06318795048156484,Thornton,-0.037584632611095514,542,0.05198563960662325,2014-15 -> 2015-16
201568,Gallinari,2014,5.233969718822561e-05,568,0.05125467897592494,Gallinari,-0.07110246544426868,700,0.04255851857630126,2014-15 -> 2015-16
201959,Gibson,2014,-0.0008052617325250619,506,0.040552731419214186,Gibson,0.015553995130002931,500,0.04112932894831673,2014-15 -> 2015-16
201563,Beasley,2014,-0.004254858896566654,212,0.07169140183819663,Beasley,0.06094842793703256,205,0.06821894372156802,2014-15 -> 2015-16
2210,Jefferson,2014,-0.004011463557694409,324,0.06633267458862595,Jefferson,0.03286942698113266,312,0.06966064116946936,2014-15 -> 2015-16
203477,Canaan,2014,-0.005780152481384474,378,0.06592141516681284,Canaan,-0.050537363125332344,722,0.0481786018209871,2014-15 -> 2015-16
201978,Budinger,2014,-0.006141319367816468,390,0.05806848619531999,Budinger,-0.11788469338730356,239,0.07336146498313768,2014-15 -> 2015-16
2585,Pachulia,2014,-0.005524617068719734,529,0.04172277517465975,Pachulia,-0.09619778532170514,470,0.043018064271280076,2014-15 -> 2015-16
1938,Ginobili,2014,-0.0052583113826517435,589,0.04902670322710278,Ginobili,0.03061207341731432,435,0.05601692876469129,2014-15 -> 2015-16
201583,Anderson,2014,-0.004578134374555852,729,0.04493061095397397,Anderson,0.026746986449041995,929,0.03814573816236226,2014-15 -> 2015-16
203894,Napier,2014,-0.015300405396831482,228,0.081115610074803,Napier,-0.14443940402468136,201,0.08668914584533763,2014-15 -> 2015-16
2199,Chandler,2014,-0.00799166070553409,440,0.03912583283812531,Chandler,-0.11949625268842991,314,0.047472538559731006,2014-15 -> 2015-16
200782,Tucker,2014,-0.006037771215151819,596,0.04863566834764774,Tucker,-0.13393614224985945,582,0.04760520944925108,2014-15 -> 2015-16
202688,Knight,2014,-0.004682925207500144,888,0.03853455152602537,Knight,-0.03484520396194047,895,0.03909131451661951,2014-15 -> 2015-16
202332,Aldrich,2014,-0.01518081019222741,301,0.05437463774504277,Aldrich,0.10605326744327626,225,0.06235468567297301,2014-15 -> 2015-16
2730,Howard,2014,-0.011473714914572733,423,0.04276135655404514,Howard,0.007938343813925901,600,0.035290674365208226,2014-15 -> 2015-16
201156,Young,2014,-0.010821491167272709,476,0.05485088711481554,Young,-0.09999179525270624,372,0.06655442076773424,2014-15 -> 2015-16
203521,Dellavedova,2014,-0.016881496650934948,307,0.07072740210506075,Dellavedova,0.021083749504606664,511,0.0533899378310026,2014-15 -> 2015-16
203496,Covington,2014,-0.007009321976255628,756,0.04568530927314128,Covington,-0.052435071614409544,712,0.048380285182476696,2014-15 -> 2015-16
201573,Bayless,2014,-0.012004094296263333,516,0.0474849477516822,Bayless,0.07061161914602224,437,0.05902123820879579,2014-15 -> 2015-16
101150,Williams,2014,-0.0067839354470323856,928,0.03972194191577429,Williams,-0.026794022587605968,693,0.04568161754333111,2014-15 -> 2015-16
202325,Johnson,2014,-0.0092461246458758,691,0.04364484050911416,Johnson,-0.054861562865155235,515,0.05550251474738162,2014-15 -> 2015-16
201567,Love,2014,-0.007906802047272754,952,0.03824513918053745,Love,-0.020230772444493762,977,0.038348550514252074,2014-15 -> 2015-16
203080,Robinson,2014,-0.02995761103337359,260,0.05670441065774728,Robinson,-0.1532508510796755,291,0.05379422667439664,2014-15 -> 2015-16
202713,Singler,2014,-0.018368360907859645,446,0.058566187029830984,Singler,-0.10951209678916017,221,0.07990402319543018,2014-15 -> 2015-16
2734,Harris,2014,-0.01582764955156942,524,0.05335530656269793,Harris,-0.037378046414933024,374,0.0600741828217931,2014-15 -> 2015-16
204038,Galloway,2014,-0.018354514685673097,511,0.05019244583736558,Galloway,-0.057812360304942974,588,0.047516315957813825,2014-15 -> 2015-16
202390,Neal,2014,-0.02007028510096247,503,0.050505513508345465,Neal,0.15038218613362495,325,0.0625776064107929,2014-15 -> 2015-16
202498,Thomas,2014,-0.023009221566070822,442,0.046542160772078386,Thomas,0.04728807676151319,382,0.05683265113845831,2014-15 -> 2015-16
202714,Mack,2014,-0.03643653565505859,292,0.069493761130346,Mack,-0.005097417827008452,415,0.055442643034541945,2014-15 -> 2015-16
201988,Mills,2014,-0.03210321235302871,336,0.06752954226549052,Mills,0.03146404293474701,612,0.04963820033932913,2014-15 -> 2015-16
200751,Foye,2014,-0.027757954566214865,402,0.06414614349449671,Foye,-0.1492538558932031,482,0.055957369132522077,2014-15 -> 2015-16
203953,Parker,2014,-0.04330469852303346,263,0.0580780509215086,Parker,-0.07489520078685197,899,0.030819180999706763,2014-15 -> 2015-16
202720,Leuer,2014,-0.044044443860156164,273,0.060470690596884986,Leuer,0.021844484012384403,466,0.04919075886441158,2014-15 -> 2015-16
202692,Burks,2014,-0.042244977551707925,300,0.061781260491022644,Burks,-0.05551297471132771,334,0.05901878012442723,2014-15 -> 2015-16
203497,Gobert,2014,-0.03103242919720278,427,0.041006100447398185,Gobert,-0.11798407642630558,354,0.04606889390860344,2014-15 -> 2015-16
201589,Arthur,2014,-0.03486360367093333,384,0.05639487380230671,Arthur,0.056012656890121505,489,0.048825342605074054,2014-15 -> 2015-16
101139,Miles,2014,-0.016212317612733226,827,0.04245408194592859,Miles,-0.008423830511947446,634,0.05018247643248462,2014-15 -> 2015-16
202388,Sloan,2014,-0.0423739220858739,355,0.06091724416185951,Sloan,-0.05938150666141204,350,0.059191355616129114,2014-15 -> 2015-16
201599,Jordan,2014,-0.031182550188514874,534,0.03416287819756105,Jordan,0.01590463835421765,508,0.03552805226951258,2014-15 -> 2015-16
203101,Plumlee,2014,-0.06621810902876298,254,0.0572605024654565,Plumlee,-0.04351946520543749,233,0.05739671467346687,2014-15 -> 2015-16
203500,Adams,2014,-0.04256160541055956,399,0.04514546083938157,Adams,0.010630671405266278,426,0.042503209932054635,2014-15 -> 2015-16
203082,Ross,2014,-0.023588492294810994,753,0.044564747114887844,Ross,0.0640518642854648,626,0.04926971549982554,2014-15 -> 2015-16
202339,Bledsoe,2014,-0.017817708587564176,1046,0.03384870099439876,Bledsoe,0.023644129553388193,492,0.049549908706257834,2014-15 -> 2015-16
202708,Cole,2014,-0.03345452914801077,558,0.04776166247644523,Cole,-0.07062555472696601,484,0.04916702837212248,2014-15 -> 2015-16
203917,Stauskas,2014,-0.06590582500817296,296,0.0706984013098595,Stauskas,-0.12984431286145312,545,0.05383545114971215,2014-15 -> 2015-16
2738,Iguodala,2014,-0.03978161169550643,496,0.051410249147648454,Iguodala,-0.01580288742860371,368,0.05921880682714506,2014-15 -> 2015-16
203486,Plumlee,2014,-0.04089613726183947,489,0.040073722967985295,Plumlee,-0.12938683225462091,517,0.03915406174724079,2014-15 -> 2015-16
202322,Wall,2014,-0.017263024787600147,1166,0.030549552257879573,Wall,-0.06982206216003255,1349,0.029417038097237586,2014-15 -> 2015-16
203145,Bazemore,2014,-0.06193418733987944,331,0.0632647261339037,Bazemore,-0.11378096502284357,725,0.04356724958133125,2014-15 -> 2015-16
203994,Nurkic,2014,-0.05562475909475239,383,0.04851457529024406,Nurkic,-0.1487128346047677,242,0.061001300257591165,2014-15 -> 2015-16
201150,Hawes,2014,-0.054318954520490535,415,0.0578948118165675,Hawes,-0.05711211892140307,306,0.06493295876054898,2014-15 -> 2015-16
202704,Jackson,2014,-0.02269801438198515,996,0.034186421257087686,Jackson,-0.008874360590660617,1244,0.030955570168587295,2014-15 -> 2015-16
203458,Len,2014,-0.06415139559095595,353,0.04804150425932075,Len,-0.17010245793852746,624,0.03683393315413043,2014-15 -> 2015-16
101145,Ellis,2014,-0.016969025578376463,1354,0.029195652296071888,Ellis,-0.067810504302859,1021,0.03457512115403132,2014-15 -> 2015-16
203141,Teletovic,2014,-0.07246505584558269,319,0.07073294520263193,Teletovic,0.07457217717431382,777,0.04510013681297832,2014-15 -> 2015-16
202684,Thompson,2014,-0.04803072636449189,488,0.0397832702956443,Thompson,0.012057669217502854,420,0.042789044564256376,2014-15 -> 2015-16
200826,Barea,2014,-0.04552517484014129,536,0.04879713793039771,Barea,0.022217536575206417,711,0.043343936546801215,2014-15 -> 2015-16
203501,Hardaway Jr.,2014,-0.0342901618428088,717,0.045138823390215424,Hardaway Jr.,-0.02008983877864239,265,0.07504697816545634,2014-15 -> 2015-16
201952,Teague,2014,-0.02857767868474285,887,0.03629803016267685,Teague,-0.08336664883578392,988,0.035441657191843744,2014-15 -> 2015-16
202389,Mozgov,2014,-0.045853337281019604,566,0.037663790598068125,Mozgov,-0.0535202594398836,359,0.04666552521482059,2014-15 -> 2015-16
201935,Harden,2014,-0.01768495493627065,1470,0.030185505213829417,Harden,0.0011113114154401764,1617,0.029283660299690095,2014-15 -> 2015-16
203932,Gordon,2014,-0.12636938557239916,208,0.07359744836599377,Gordon,-0.07580943998452107,579,0.04389601210803126,2014-15 -> 2015-16
203200,Holiday,2014,-0.1135506720028969,235,0.07747098561858311,Holiday,-0.14084536540025944,228,0.0786637540692461,2014-15 -> 2015-16
200768,Lowry,2014,-0.025790224892655502,1043,0.03604758545482034,Lowry,0.01023579778987506,1198,0.034753735843123926,2014-15 -> 2015-16
202682,Williams,2014,-0.055502903210501046,485,0.04939740315536906,Williams,-0.06569827855652484,565,0.045514340762522025,2014-15 -> 2015-16
202697,Shumpert,2014,-0.0573251734487163,471,0.053795161694494296,Shumpert,-0.1413729548089639,305,0.06796412332895872,2014-15 -> 2015-16
201571,Augustin,2014,-0.042648741953763974,647,0.04487829673920657,Augustin,0.02708843656029509,350,0.06464733107217918,2014-15 -> 2015-16
2754,Allen,2014,-0.06280655698356123,455,0.04596304583990351,Allen,-0.1619397919815294,469,0.04545911873305946,2014-15 -> 2015-16
202323,Turner,2014,-0.039392969787192166,746,0.03820758634347663,Turner,-0.008956753002142047,753,0.03715786521323806,2014-15 -> 2015-16
203469,Zeller,2014,-0.07934066644387656,373,0.047897609747565996,Zeller,-0.0931734706800585,437,0.043465214053732014,2014-15 -> 2015-16
202703,Mirotic,2014,-0.04765117158336825,624,0.04860406818419282,Mirotic,-0.005443762243604667,609,0.05052225401378934,2014-15 -> 2015-16
203110,Green,2014,-0.03920315376703614,765,0.042628758236430725,Green,0.019056896555181807,819,0.03896601675888406,2014-15 -> 2015-16
203081,Lillard,2014,-0.022460304080022343,1360,0.031829193185487846,Lillard,-0.044657009380203595,1474,0.030628287868737766,2014-15 -> 2015-16
203507,Antetokounmpo,2014,-0.04073887046214934,780,0.033734459825136724,Antetokounmpo,-0.06811770478926857,1013,0.0304632432367916,2014-15 -> 2015-16
202397,Smith,2014,-0.08724303127023715,367,0.05392207683102983,Smith,-0.08466385107238583,967,0.033615068583385935,2014-15 -> 2015-16
201976,Beverley,2014,-0.060480711942487345,532,0.05544878491270802,Beverley,0.029315597775690712,594,0.05073573634716245,2014-15 -> 2015-16
203115,Barton,2014,-0.09180451611491491,353,0.05665968911729664,Barton,-0.045431104312491616,983,0.035654596344525315,2014-15 -> 2015-16
201937,Rubio,2014,-0.14920565260394458,219,0.07402815807946711,Rubio,-0.1291624898325604,586,0.04701012860269471,2014-15 -> 2015-16
200757,Sefolosha,2014,-0.13354385050801573,249,0.0709525414803039,Sefolosha,0.009954895734717051,371,0.0579895854065935,2014-15 -> 2015-16
201943,Jennings,2014,-0.06150907592350102,543,0.049899966728832346,Jennings,-0.07173023334908765,304,0.06926492719250947,2014-15 -> 2015-16
203897,LaVine,2014,-0.04946648906948743,677,0.041150138989312524,LaVine,-0.005348910401718258,959,0.036058192842910994,2014-15 -> 2015-16
203460,Roberson,2014,-0.1732997519128015,201,0.08098414151269356,Roberson,-0.1264777615854918,274,0.06774261075728989,2014-15 -> 2015-16
101179,Price,2014,-0.16304166668013068,223,0.08020346424114366,Price,-0.055457779139337485,302,0.07367686411770694,2014-15 -> 2015-16
201587,Batum,2014,-0.06118340019292854,600,0.04997889610592838,Batum,0.013149946940322265,873,0.040408460480141205,2014-15 -> 2015-16
202702,Faried,2014,-0.049886900331638256,736,0.033582151735995824,Faried,-0.009055826683844663,626,0.03618539262490321,2014-15 -> 2015-16
203109,Crowder,2014,-0.06956290333895128,545,0.04931266325417729,Crowder,-0.0314278844683541,813,0.04155273312041244,2014-15 -> 2015-16
203935,Smart,2014,-0.0795720495747383,477,0.05690630559260992,Smart,-0.21464529197396695,529,0.05153250559848543,2014-15 -> 2015-16
201196,Sessions,2014,-0.11582058544427294,334,0.05718206374499713,Sessions,-0.026048753031886727,592,0.043074326787346684,2014-15 -> 2015-16
203462,Goodwin,2014,-0.1927061295783173,201,0.07301494966141868,Goodwin,-0.20829091796412597,422,0.05099850981932015,2014-15 -> 2015-16
203085,Rivers,2014,-0.07904596176097486,496,0.04933297079534853,Rivers,-0.008825191378804881,516,0.05059418831108904,2014-15 -> 2015-16
203484,Caldwell-Pope,2014,-0.04042622944435841,972,0.037884630062499314,Caldwell-Pope,-0.040553864005770636,960,0.03724217195632231,2014-15 -> 2015-16
201936,Evans,2014,-0.03391970520432036,1165,0.03123901741690416,Evans,-0.07691887596524703,314,0.06231539522010086,2014-15 -> 2015-16
203900,Brown,2014,-0.1895944648438711,210,0.07650893142279923,Brown,-0.11553783194015771,322,0.06406898553860164,2014-15 -> 2015-16
203960,Sampson,2014,-0.12301168739853853,346,0.060708189267644735,Sampson,-0.14660798681859863,317,0.05807587789256256,2014-15 -> 2015-16
203798,Hairston,2014,-0.16017606710777246,269,0.07691696775347481,Hairston,-0.1961172325647243,408,0.06240660723481915,2014-15 -> 2015-16
200765,Rondo,2014,-0.0689977831867983,645,0.040584846729515386,Rondo,0.007339738941113818,782,0.038568762168263396,2014-15 -> 2015-16
101114,Williams,2014,-0.05955003580540943,771,0.040650357358453335,Williams,-0.041354901216863284,775,0.04156891496087048,2014-15 -> 2015-16
201565,Rose,2014,-0.055289574818282165,835,0.03900874518363515,Rose,-0.07292058146069606,1048,0.03223112986167022,2014-15 -> 2015-16
203471,Schroder,2014,-0.07008082113230982,665,0.041860071488184776,Schroder,-0.11182997696194247,781,0.040192480914541466,2014-15 -> 2015-16
201145,Green,2014,-0.04925811941914966,967,0.03542168747233846,Green,-0.09942619670593333,824,0.037559662083920316,2014-15 -> 2015-16
977,Bryant,2014,-0.06892202344590746,713,0.041134684822893085,Bryant,-0.12567602589605786,1113,0.03556592316051579,2014-15 -> 2015-16
201601,Mbah a Moute,2014,-0.07931683238407222,636,0.044731130372270646,Mbah a Moute,-0.11887577681754656,207,0.07323642040737126,2014-15 -> 2015-16
201596,Chalmers,2014,-0.07842741177320604,663,0.044518825711095576,Chalmers,-0.08551147373626929,444,0.05345852219424318,2014-15 -> 2015-16
203952,Wiggins,2014,-0.046434334401516966,1137,0.02964698962497894,Wiggins,-0.0437325334686206,1294,0.028410590737465997,2014-15 -> 2015-16
203504,Burke,2014,-0.05752670589170756,1005,0.03652179842551151,Burke,0.0009160631255262897,634,0.0464283604025764,2014-15 -> 2015-16
203924,Grant,2014,-0.17537185120907803,352,0.061812543130188295,Grant,-0.2014776178272555,599,0.042841590501849325,2014-15 -> 2015-16
1713,Carter,2014,-0.15580994627904088,406,0.061815517325457474,Carter,-0.07547015467208176,343,0.06463142525515123,2014-15 -> 2015-16
202689,Walker,2014,-0.06476384864236576,981,0.03522953748397776,Walker,-0.006737381777273959,1331,0.0316296765651804,2014-15 -> 2015-16
201942,DeRozan,2014,-0.06479371896563628,990,0.03207321650727338,DeRozan,-0.016438689168945083,1377,0.02739333922960111,2014-15 -> 2015-16
202329,Aminu,2014,-0.18330476000386908,357,0.05909802500705837,Aminu,-0.07777532254413246,719,0.04477911263868603,2014-15 -> 2015-16
2746,Smith,2014,-0.06689405279758588,987,0.03416154434509738,Smith,-0.1472011666318172,349,0.062219864328314535,2014-15 -> 2015-16
203524,Hill,2014,-0.11000256487830208,634,0.0445028057917798,Hill,-0.05598810580322828,208,0.07842389527772337,2014-15 -> 2015-16
203914,Harris,2014,-0.3282486026619539,217,0.08144991876315968,Harris,-0.039928887360309216,765,0.041620542349186815,2014-15 -> 2015-16
202362,Stephenson,2014,-0.13090205683406514,550,0.04520788809676582,Stephenson,-0.013328330834331164,474,0.047806914721238734,2014-15 -> 2015-16
2772,Ariza,2014,-0.0802901166991685,910,0.04197764782292534,Ariza,-0.0857509452139413,859,0.04252827763486404,2014-15 -> 2015-16
203901,Payton,2014,-0.10487038681357343,708,0.03696179177034168,Payton,-0.07982194780100749,730,0.0378997641447048,2014-15 -> 2015-16
203457,Noel,2014,-0.12417235639553476,653,0.03492740161250507,Noel,-0.10533058639131126,587,0.035898680066460506,2014-15 -> 2015-16
201147,Brewer,2014,-0.11389413305478864,805,0.03854951025555485,Brewer,-0.20273530102124485,552,0.04911916959532382,2014-15 -> 2015-16
203487,Carter-Williams,2014,-0.10394825515060564,919,0.03418854975070914,Carter-Williams,-0.04917921104962642,555,0.04223437091914864,2014-15 -> 2015-16
203506,Oladipo,2014,-0.0910983208217613,1086,0.032647190847437405,Oladipo,-0.04662503098494098,970,0.035453803393366755,2014-15 -> 2015-16
203083,Drummond,2014,-0.12977893276167116,961,0.02913819379508076,Drummond,-0.04907808955546323,1060,0.02844651496294485,2014-15 -> 2015-16
203079,Waiters,2014,-0.14149886221631097,946,0.035798404015358595,Waiters,-0.11370499890956957,706,0.042912847089981956,2014-15 -> 2015-16
201566,Westbrook,2014,-0.09488844188140774,1471,0.02768217244040133,Westbrook,-0.08658351223756156,1444,0.028384046995702746,2014-15 -> 2015-16
201939,Curry,2015,0.1917094055333505,1598,0.030976937239083565,Curry,0.10719952730714864,1443,0.03239853785016617,2015-16 -> 2016-17
200755,Redick,2015,0.21655245778068735,880,0.04106294352192972,Redick,0.11400454497444713,890,0.04160731680881464,2015-16 -> 2016-17
201142,Durant,2015,0.11012664054119822,1381,0.030408833343389285,Durant,0.10606895614926129,1026,0.03418925046101423,2015-16 -> 2016-17
1626157,Towns,2015,0.13146325808609582,1153,0.028927535373774554,Towns,0.09872805299274764,1480,0.026832185446955637,2015-16 -> 2016-17
202696,Vucevic,2015,0.14138397541452247,1046,0.029712979781306464,Vucevic,0.06037137777114973,1031,0.031207152914284206,2015-16 -> 2016-17
202691,Thompson,2015,0.10095686612520094,1386,0.03242807858661126,Thompson,0.10608430698274468,1376,0.03262911827746813,2015-16 -> 2016-17
202695,Leonard,2015,0.11934293682864278,1090,0.03315286368371249,Leonard,0.08885635972272315,1312,0.03071845413962414,2015-16 -> 2016-17
200746,Aldridge,2015,0.11340384054454003,1045,0.029603882315886683,Aldridge,0.05458516399114859,1049,0.030370520016361854,2015-16 -> 2016-17
101108,Paul,2015,0.10594213972200953,1114,0.03363254252360885,Paul,0.1639045677705895,785,0.04182061451419305,2015-16 -> 2016-17
1717,Nowitzki,2015,0.09393325319821733,1112,0.03399049226020899,Nowitzki,0.09391123291707613,678,0.04344571764895217,2015-16 -> 2016-17
101162,Gortat,2015,0.13657182267936488,764,0.03332531867607404,Gortat,0.12572991588108184,674,0.03531330870207116,2015-16 -> 2016-17
201572,Lopez,2015,0.08782955017975809,1157,0.028151980691710345,Lopez,0.06730813979125966,1172,0.033043369971086145,2015-16 -> 2016-17
2561,West,2015,0.20379331573442908,448,0.045489748343179225,West,0.18408508775354357,252,0.06045528687558816,2015-16 -> 2016-17
202683,Freedom,2015,0.12472005074470584,719,0.03559554097253265,Freedom,0.01678422160138164,737,0.0356536005786736,2015-16 -> 2016-17
201162,Dudley,2015,0.18412797214673973,487,0.0551714069192134,Dudley,0.11787853185306402,346,0.06779699769374856,2015-16 -> 2016-17
201954,Collison,2015,0.11346272368743342,776,0.03976030449621387,Collison,0.101710882184389,714,0.041038402302786145,2015-16 -> 2016-17
201160,Smith,2015,0.17140619035412893,503,0.043434566918707805,Smith,0.25689620534606616,329,0.05948584175806813,2015-16 -> 2016-17
2207,Johnson,2015,0.09855234494935579,859,0.03947546041935354,Johnson,0.11052408961314285,626,0.047173977124530066,2015-16 -> 2016-17
202355,Whiteside,2015,0.11881562180775035,682,0.034224420760706475,Whiteside,0.07077449990563862,973,0.029030554546935233,2015-16 -> 2016-17
203468,McCollum,2015,0.054718705325103464,1431,0.030241748249011643,McCollum,0.09736812269790467,1441,0.02975724998020418,2015-16 -> 2016-17
2200,Gasol,2015,0.07461996882930305,995,0.03158827453015042,Gasol,0.1554379969761091,604,0.04274988381469155,2015-16 -> 2016-17
201577,Lopez,2015,0.11053128749796573,662,0.03689444006541503,Lopez,0.08217662833253599,775,0.03439318901364412,2015-16 -> 2016-17
201167,Afflalo,2015,0.08748066999582567,799,0.03976677454052583,Afflalo,0.08644109293159347,420,0.056461093958622005,2015-16 -> 2016-17
203114,Middleton,2015,0.060686452479967234,1142,0.033239557317015715,Middleton,0.08261971032046422,333,0.06207385265989773,2015-16 -> 2016-17
2744,Jefferson,2015,0.12622559785115586,505,0.04214736078519937,Jefferson,0.16851279943265154,471,0.04339275443134605,2015-16 -> 2016-17
201143,Horford,2015,0.05849423188148478,1048,0.03316888565160234,Horford,0.041906120507608224,801,0.039322995303807465,2015-16 -> 2016-17
201152,Young,2015,0.06249809836569607,963,0.03129639265371362,Young,0.0673199911578501,687,0.03961938996677559,2015-16 -> 2016-17
203459,Crabbe,2015,0.08636395197050203,678,0.04523973424525908,Crabbe,0.1277625947287709,647,0.047457682371545636,2015-16 -> 2016-17
203141,Teletovic,2015,0.07457217717431382,777,0.04510013681297832,Teletovic,-0.05406111009013356,418,0.06426266613690546,2015-16 -> 2016-17
101107,Williams,2015,0.07725799390619464,747,0.04470067662916461,Williams,-0.014668259232712089,704,0.045704217281528355,2015-16 -> 2016-17
202324,Favors,2015,0.06940071562072984,811,0.032731727522180454,Favors,-0.018974713224305585,417,0.04549028567973294,2015-16 -> 2016-17
203999,Jokic,2015,0.09367406522901793,600,0.0420657606191007,Jokic,0.24167139151390024,854,0.03560690974192217,2015-16 -> 2016-17
203095,Fournier,2015,0.058425207847154395,929,0.03855117515882393,Fournier,-0.015520507780683323,930,0.038079823070288885,2015-16 -> 2016-17
201188,Gasol,2015,0.07496201726707537,707,0.03607990178914659,Gasol,0.07665147319822503,1160,0.03193886207652553,2015-16 -> 2016-17
202734,Moore,2015,0.13596814818921946,389,0.05603847754618201,Moore,0.09868537790747384,619,0.04575829761417566,2015-16 -> 2016-17
201585,Koufos,2015,0.1187722150224841,444,0.04474403621284324,Koufos,0.12460914586530909,392,0.04675366950056831,2015-16 -> 2016-17
2594,Korver,2015,0.08314736717391433,617,0.05208759049702281,Korver,0.21596338302541818,515,0.05787254000685359,2015-16 -> 2016-17
201933,Griffin,2015,0.08477648233453985,603,0.039197224823377494,Griffin,0.00826905938698091,971,0.032254006188788355,2015-16 -> 2016-17
201586,Ibaka,2015,0.05861696103109376,869,0.036142585736879,Ibaka,0.11319559323587741,982,0.03607609937497393,2015-16 -> 2016-17
204456,McConnell,2015,0.109089698624457,464,0.048937956181150044,McConnell,-0.03659531903592517,512,0.04485515798199138,2015-16 -> 2016-17
202685,Valanciunas,2015,0.09186487261107971,536,0.04025026135423386,Valanciunas,0.11001035509490573,702,0.03534329390036771,2015-16 -> 2016-17
2747,Smith,2015,0.0569110982763098,850,0.043416545663054355,Smith,-0.10017953203526667,356,0.07039811579002574,2015-16 -> 2016-17
203086,Leonard,2015,0.10623196778387263,435,0.058705214824567926,Leonard,-0.03434803848465865,378,0.06375287009537019,2015-16 -> 2016-17
203490,Porter Jr.,2015,0.0628454077582479,717,0.04297727665463726,Porter Jr.,0.19148287185623178,803,0.04150701339757531,2015-16 -> 2016-17
203933,Warren,2015,0.10000193327146564,441,0.04918950104077277,Warren,0.04417104890248459,814,0.035578279322967726,2015-16 -> 2016-17
1626143,Okafor,2015,0.05608920782659118,781,0.03364774284175108,Okafor,0.05316218248592376,471,0.04348016297300572,2015-16 -> 2016-17
202694,Morris Sr.,2015,0.04393358257356732,945,0.03660446277847103,Morris Sr.,0.0367140419426159,1007,0.03608093108879911,2015-16 -> 2016-17
2564,Diaw,2015,0.10790867826013222,383,0.053989252656770924,Diaw,-0.06773697363151895,327,0.06092457415154388,2015-16 -> 2016-17
2216,Randolph,2015,0.04541585452472584,907,0.032302125597494465,Randolph,-0.006656057262120166,964,0.032345837313546934,2015-16 -> 2016-17
2546,Anthony,2015,0.031431538759626856,1307,0.030158391052049583,Anthony,0.07552319467867845,1389,0.030066083994480696,2015-16 -> 2016-17
202328,Monroe,2015,0.043574671664758494,941,0.03108609341821411,Monroe,0.01599649303737792,726,0.035056258535177014,2015-16 -> 2016-17
203082,Ross,2015,0.0640518642854648,626,0.04926971549982554,Ross,0.036692764159059164,746,0.04478251839184713,2015-16 -> 2016-17
202718,Parsons,2015,0.05860167001919578,651,0.04520630996109824,Parsons,-0.266781263173078,222,0.07938664386281663,2015-16 -> 2016-17
203476,Dieng,2015,0.06552708888082046,579,0.038987605307634586,Dieng,0.0781920352948487,661,0.03746910695802981,2015-16 -> 2016-17
203552,Curry,2015,0.1465864708891358,224,0.08170711790665768,Curry,0.14120534635632437,703,0.045542457436790584,2015-16 -> 2016-17
2225,Parker,2015,0.04432138477500767,710,0.03809431461196407,Parker,-0.008032988487002712,569,0.043254491496087843,2015-16 -> 2016-17
2733,Livingston,2015,0.08295515459062108,379,0.0488603239458248,Livingston,0.12254756181628998,316,0.05267758731732058,2015-16 -> 2016-17
203918,Hood,2015,0.02961917365599572,972,0.038483509310634205,Hood,-0.007031529360062734,666,0.04651726228997451,2015-16 -> 2016-17
101112,Frye,2015,0.0820083833747679,347,0.0697258140753132,Frye,0.10998674346220105,520,0.05592139726066599,2015-16 -> 2016-17
203078,Beal,2015,0.035481486008907055,799,0.03997955702943198,Beal,0.10432798262328992,1322,0.03217092073435351,2015-16 -> 2016-17
201589,Arthur,2015,0.056012656890121505,489,0.048825342605074054,Arthur,0.12538001454040318,215,0.08468597259475112,2015-16 -> 2016-17
203076,Davis,2015,0.023603746989378168,1136,0.028727070756239464,Davis,0.09406077844457243,1526,0.02502003479833558,2015-16 -> 2016-17
201584,Lee,2015,0.0409433198695493,639,0.045381258173240756,Lee,0.07431303841690125,704,0.04401512310762667,2015-16 -> 2016-17
204060,Ingles,2015,0.08598336420885412,291,0.07730199496797142,Ingles,0.12604386426772182,451,0.06001683429991565,2015-16 -> 2016-17
201583,Anderson,2015,0.026746986449041995,929,0.03814573816236226,Anderson,0.07156163807715654,773,0.046443565998824786,2015-16 -> 2016-17
203926,McDermott,2015,0.038142398330114846,644,0.04603694689593488,McDermott,0.03434214569571616,497,0.05284230543056526,2015-16 -> 2016-17
203124,O'Quinn,2015,0.08673823588918164,271,0.06065148585379785,O'Quinn,0.08164483189791559,413,0.046764463429247526,2015-16 -> 2016-17
202357,Bjelica,2015,0.09926948693247428,235,0.07969628352304059,Bjelica,-0.029269897394256186,356,0.06409123224565504,2015-16 -> 2016-17
1626167,Turner,2015,0.043449686220485076,530,0.04186301790679076,Turner,0.1072438860342578,869,0.03415692939613864,2015-16 -> 2016-17
101161,Johnson,2015,0.05305140771994376,426,0.0473938006154441,Johnson,0.061618708967133395,370,0.05310117108781525,2015-16 -> 2016-17
203089,Henson,2015,0.07467910805836446,291,0.054460990086518335,Henson,-0.042423643123489674,309,0.05256087933202801,2015-16 -> 2016-17
201627,Morrow,2015,0.06046943598693833,333,0.06988766672038668,Morrow,-0.033834505316904816,252,0.07810506556930175,2015-16 -> 2016-17
201988,Mills,2015,0.03146404293474701,612,0.04963820033932913,Mills,0.06487875614035361,621,0.050289263900149414,2015-16 -> 2016-17
202498,Thomas,2015,0.04728807676151319,382,0.05683265113845831,Thomas,-0.0033790985354712677,244,0.07383152313739219,2015-16 -> 2016-17
201976,Beverley,2015,0.029315597775690712,594,0.05073573634716245,Beverley,-0.009383220056477548,543,0.05312119786197168,2015-16 -> 2016-17
1626196,Richardson,2015,0.06294317878808584,272,0.07090213403172273,Richardson,-0.06454691696272179,513,0.05241087719965489,2015-16 -> 2016-17
204020,Johnson,2015,0.06821228013986486,243,0.07027189608429626,Johnson,-0.03596336504849704,824,0.03857890315534136,2015-16 -> 2016-17
200826,Barea,2015,0.022217536575206417,711,0.043343936546801215,Barea,-0.01202201338035473,343,0.06419398919211475,2015-16 -> 2016-17
203110,Green,2015,0.019056896555181807,819,0.03896601675888406,Green,-0.1564256875810616,650,0.04453604985491711,2015-16 -> 2016-17
201609,Dragic,2015,0.017119646133537572,875,0.0368561733778926,Dragic,0.052669659066741696,1124,0.03295775455180061,2015-16 -> 2016-17
2403,Hilario,2015,0.03860483629241074,384,0.047004342441642526,Hilario,0.014002619018527446,397,0.04374014729254181,2015-16 -> 2016-17
203482,Olynyk,2015,0.024811982605493874,556,0.048887700948302096,Olynyk,0.06868671951486174,508,0.050653507438454995,2015-16 -> 2016-17
1938,Ginobili,2015,0.03061207341731432,435,0.05601692876469129,Ginobili,-0.06340831568287554,439,0.058258339871866315,2015-16 -> 2016-17
201563,Beasley,2015,0.06094842793703256,205,0.06821894372156802,Beasley,0.14073568391268473,406,0.05014884688854834,2015-16 -> 2016-17
200768,Lowry,2015,0.01023579778987506,1198,0.034753735843123926,Lowry,0.1026794318317147,918,0.04060389945911256,2015-16 -> 2016-17
202339,Bledsoe,2015,0.023644129553388193,492,0.049549908706257834,Bledsoe,-0.034839420482738484,1034,0.034787803950573265,2015-16 -> 2016-17
201587,Batum,2015,0.013149946940322265,873,0.040408460480141205,Batum,-0.02015381879460924,974,0.037705217705024496,2015-16 -> 2016-17
200752,Gay,2015,0.011361584837640616,1007,0.03315833661977766,Gay,0.016903692729812677,442,0.0508258951095248,2015-16 -> 2016-17
203521,Dellavedova,2015,0.021083749504606664,511,0.0533899378310026,Dellavedova,-0.05620333466854897,534,0.05081544854860333,2015-16 -> 2016-17
2210,Jefferson,2015,0.03286942698113266,312,0.06966064116946936,Jefferson,-0.07994173122962825,343,0.06492743932618758,2015-16 -> 2016-17
202337,Babbitt,2015,0.03526944991126745,289,0.0684187889476779,Babbitt,0.07326345344924041,281,0.0801075642521666,2015-16 -> 2016-17
202720,Leuer,2015,0.021844484012384403,466,0.04919075886441158,Leuer,0.033693249196573315,646,0.042710364200465,2015-16 -> 2016-17
201571,Augustin,2015,0.02708843656029509,350,0.06464733107217918,Augustin,-0.07571052052484921,517,0.05416479842341306,2015-16 -> 2016-17
203930,Kilpatrick,2015,0.033074428843076896,270,0.07177729556156526,Kilpatrick,-0.05198419196097109,735,0.04322427031688489,2015-16 -> 2016-17
201599,Jordan,2015,0.01590463835421765,508,0.03552805226951258,Jordan,0.012187915115756657,577,0.03359981519602149,2015-16 -> 2016-17
203138,Thompson,2015,0.011835407198301883,680,0.04808517369491218,Thompson,-0.10106204119436214,200,0.08558173052346665,2015-16 -> 2016-17
201959,Gibson,2015,0.015553995130002931,500,0.04112932894831673,Gibson,0.03162709346226966,709,0.03518125143770258,2015-16 -> 2016-17
203084,Barnes,2015,0.011092574644541962,633,0.04480492923075974,Barnes,0.027984061058774757,1280,0.029390428244310835,2015-16 -> 2016-17
203937,Anderson,2015,0.023451198052624918,295,0.0597007615997764,Anderson,-0.042355045638840516,209,0.07261419273177931,2015-16 -> 2016-17
200765,Rondo,2015,0.007339738941113818,782,0.038568762168263396,Rondo,-0.1129548812773371,561,0.04620184045537301,2015-16 -> 2016-17
202684,Thompson,2015,0.012057669217502854,420,0.042789044564256376,Thompson,-0.025240298768267427,437,0.040772158948846546,2015-16 -> 2016-17
203546,Clark,2015,0.02364135341920167,202,0.08294661818853154,Clark,0.08842155351330616,433,0.055366904164743144,2015-16 -> 2016-17
2730,Howard,2015,0.007938343813925901,600,0.035290674365208226,Howard,-0.039349269251013515,613,0.0345470479295334,2015-16 -> 2016-17
1891,Terry,2015,0.012390152782862235,376,0.06773379269701496,Terry,0.10188428665626342,243,0.0842156273034681,2015-16 -> 2016-17
203500,Adams,2015,0.010630671405266278,426,0.042503209932054635,Adams,-0.0034064432596056676,655,0.03486696171025447,2015-16 -> 2016-17
203087,Lamb,2015,0.007882263961499356,510,0.05042833063538647,Lamb,0.006247905184871244,491,0.049854151417074055,2015-16 -> 2016-17
200757,Sefolosha,2015,0.009954895734717051,371,0.0579895854065935,Sefolosha,-0.12821725840976061,395,0.05593700902922446,2015-16 -> 2016-17
201578,Speights,2015,0.007918703727610017,456,0.047779820935497444,Speights,0.03969897889277076,548,0.05148196870808127,2015-16 -> 2016-17
202326,Cousins,2015,0.0021290651192271137,1332,0.028131815845909285,Cousins,0.015631447174212162,1432,0.028445328350464844,2015-16 -> 2016-17
2736,Deng,2015,0.0035592862649469837,745,0.04166215339591362,Deng,-0.16869601325636618,424,0.05592471421267325,2015-16 -> 2016-17
1626209,Hezonja,2015,0.0061588839819475385,418,0.05759027938802014,Hezonja,-0.1478433437823729,330,0.06426215844732565,2015-16 -> 2016-17
201588,Hill,2015,0.0033776367546595114,739,0.04356251174151801,Hill,0.10397709013537891,606,0.04724789851454051,2015-16 -> 2016-17
201935,Harden,2015,0.0011113114154401764,1617,0.029283660299690095,Harden,0.006978392255636575,1533,0.03097928360609017,2015-16 -> 2016-17
2544,James,2015,0.0007145142907301124,1416,0.027640586859670066,James,0.03646191525210965,1344,0.028876289131002857,2015-16 -> 2016-17
203504,Burke,2015,0.0009160631255262897,634,0.0464283604025764,Burke,0.12338228561597207,255,0.06931173888820012,2015-16 -> 2016-17
2037,Crawford,2015,-0.0012384136633979224,939,0.03755842346500476,Crawford,0.009799134253165611,870,0.039165252476142394,2015-16 -> 2016-17
202714,Mack,2015,-0.005097417827008452,415,0.055442643034541945,Mack,0.0031376270168970476,381,0.05816872352799462,2015-16 -> 2016-17
201569,Gordon,2015,-0.0038464334456781066,552,0.05257687446654958,Gordon,-0.0078864926142554,1016,0.04033994013908603,2015-16 -> 2016-17
203382,Baynes,2015,-0.006284885998582457,384,0.04774417934258119,Baynes,0.029954280513247444,279,0.05570147481905437,2015-16 -> 2016-17
203530,Lauvergne,2015,-0.0074438161032526,380,0.05181627604163541,Lauvergne,-0.0970044943758087,336,0.05963988820905808,2015-16 -> 2016-17
202335,Patterson,2015,-0.006666856463582845,493,0.056933367306571676,Patterson,-0.01157866480208325,384,0.06608532314777386,2015-16 -> 2016-17
202703,Mirotic,2015,-0.005443762243604667,609,0.05052225401378934,Mirotic,-0.021880477292174873,625,0.05045773803327737,2015-16 -> 2016-17
202340,Bradley,2015,-0.003295490257654582,1019,0.03654562006569089,Bradley,0.018691616380744798,775,0.041023173818048764,2015-16 -> 2016-17
201950,Holiday,2015,-0.004585903427011744,935,0.03609384676209929,Holiday,0.03379474246498642,893,0.037654507437344754,2015-16 -> 2016-17
201229,Tolliver,2015,-0.013395648109752996,332,0.07465472512366887,Tolliver,0.10323608985090829,351,0.06882887627791913,2015-16 -> 2016-17
203085,Rivers,2015,-0.008825191378804881,516,0.05059418831108904,Rivers,-0.01910660949676634,731,0.04351364152643416,2015-16 -> 2016-17
201945,Henderson,2015,-0.00936181847650751,529,0.047596082858545434,Henderson,-0.04139759599638761,553,0.04762770208262855,2015-16 -> 2016-17
203897,LaVine,2015,-0.005348910401718258,959,0.036058192842910994,LaVine,0.015116060669129985,710,0.044179999958689306,2015-16 -> 2016-17
203501,Hardaway Jr.,2015,-0.02008983877864239,265,0.07504697816545634,Hardaway Jr.,-0.04163113386083463,912,0.03909284347257369,2015-16 -> 2016-17
101139,Miles,2015,-0.008423830511947446,634,0.05018247643248462,Miles,0.09314128462391913,647,0.050075505539390684,2015-16 -> 2016-17
101141,Ilyasova,2015,-0.008403564303535293,661,0.045479796478396964,Ilyasova,-0.014497913851164413,890,0.040138973059219034,2015-16 -> 2016-17
202702,Faried,2015,-0.009055826683844663,626,0.03618539262490321,Faried,-0.023751174683609724,416,0.04463988240646805,2015-16 -> 2016-17
2738,Iguodala,2015,-0.01580288742860371,368,0.05921880682714506,Iguodala,0.001770409818799312,415,0.05527382466154441,2015-16 -> 2016-17
1626168,Lyles,2015,-0.013522906925342524,436,0.05340148918480026,Lyles,-0.13166188293250486,439,0.05745816436795494,2015-16 -> 2016-17
202323,Turner,2015,-0.008956753002142047,753,0.03715786521323806,Turner,-0.056508402882752516,552,0.046179154099234655,2015-16 -> 2016-17
2571,Barbosa,2015,-0.02287368999283386,370,0.0579929091483191,Barbosa,-0.046096854538746485,392,0.05552488460469927,2015-16 -> 2016-17
202689,Walker,2015,-0.006737381777273959,1331,0.0316296765651804,Walker,0.0011065064486780918,1450,0.03092818233969671,2015-16 -> 2016-17
201158,Belinelli,2015,-0.014536886693456937,635,0.04741593754728265,Belinelli,0.0536238601277204,615,0.0481354838894542,2015-16 -> 2016-17
204025,Frazier,2015,-0.044833903985755645,229,0.07068143633419967,Frazier,-0.07429603442426173,404,0.05619953715460759,2015-16 -> 2016-17
1626204,Nance Jr.,2015,-0.035008520993245425,300,0.05246244888382771,Nance Jr.,0.015412085934781758,361,0.05017690375906216,2015-16 -> 2016-17
201166,Brooks,2015,-0.02299941453406997,469,0.05349053629758954,Brooks,0.0007884506206172167,300,0.06737714417699937,2015-16 -> 2016-17
203613,Simmons,2015,-0.04466877666562743,242,0.06504611029522424,Simmons,-0.15415668330760812,421,0.05163411241822739,2015-16 -> 2016-17
202699,Harris,2015,-0.012332533945858511,889,0.036569966338483174,Harris,0.0973038776969864,1063,0.033870239389709185,2015-16 -> 2016-17
202704,Jackson,2015,-0.008874360590660617,1244,0.030955570168587295,Jackson,-0.02793700014667539,677,0.042382161684571165,2015-16 -> 2016-17
203524,Hill,2015,-0.05598810580322828,208,0.07842389527772337,Hill,-0.10676686469169955,478,0.05673238293245286,2015-16 -> 2016-17
201949,Johnson,2015,-0.05781593271576639,240,0.0703698044744424,Johnson,0.044301904246234876,769,0.04010553245504823,2015-16 -> 2016-17
2734,Harris,2015,-0.037378046414933024,374,0.0600741828217931,Harris,-0.11185958856730804,341,0.06572667372556949,2015-16 -> 2016-17
1626181,Powell,2015,-0.06172647012094681,229,0.07641409251852282,Powell,-0.12232376507029737,506,0.050089102032429354,2015-16 -> 2016-17
202681,Irving,2015,-0.01653655856514203,879,0.03788988661964136,Irving,0.04353579038478445,1420,0.029894108664606414,2015-16 -> 2016-17
201967,Cunningham,2015,-0.0357032624292857,412,0.057530207427800226,Cunningham,0.06237858052641189,359,0.0636026156233867,2015-16 -> 2016-17
202711,Bogdanovic,2015,-0.020206111751763827,749,0.043572060986088436,Bogdanovic,-0.003727361583087689,845,0.041082217023348834,2015-16 -> 2016-17
201196,Sessions,2015,-0.026048753031886727,592,0.043074326787346684,Sessions,-0.14540667144571234,263,0.06668487786826388,2015-16 -> 2016-17
1626161,Cauley-Stein,2015,-0.046898600680785836,339,0.047417146122386546,Cauley-Stein,-0.011028660782225606,481,0.040603244736645575,2015-16 -> 2016-17
101135,Lee,2015,-0.049823306410657936,335,0.049941799658029716,Lee,0.09059090469412251,420,0.044373370938618116,2015-16 -> 2016-17
201150,Hawes,2015,-0.05711211892140307,306,0.06493295876054898,Hawes,0.018168150299323844,277,0.06608990698468052,2015-16 -> 2016-17
202692,Burks,2015,-0.05551297471132771,334,0.05901878012442723,Burks,-0.10681676311356358,248,0.07099548890581135,2015-16 -> 2016-17
101150,Williams,2015,-0.026794022587605968,693,0.04568161754333111,Williams,0.0023354206886773672,998,0.037749639833159376,2015-16 -> 2016-17
202389,Mozgov,2015,-0.0535202594398836,359,0.04666552521482059,Mozgov,-0.05164687856998042,328,0.04975697202140797,2015-16 -> 2016-17
201567,Love,2015,-0.020230772444493762,977,0.038348550514252074,Love,-0.02121146604206836,867,0.04074957940700414,2015-16 -> 2016-17
1626156,Russell,2015,-0.021063941620379587,956,0.03757685018175234,Russell,-0.04353405109124419,867,0.04051785731937494,2015-16 -> 2016-17
202709,Joseph,2015,-0.03473172786451923,585,0.04397490729822602,Joseph,-0.0016367012119715158,661,0.04221304970694507,2015-16 -> 2016-17
201977,Thornton,2015,-0.037584632611095514,542,0.05198563960662325,Thornton,-0.0517764267822307,210,0.07992591132513777,2015-16 -> 2016-17
2743,Humphries,2015,-0.06950687925024633,295,0.06616089628211563,Humphries,-0.1431878844554559,214,0.07344991651731363,2015-16 -> 2016-17
201943,Jennings,2015,-0.07173023334908765,304,0.06926492719250947,Jennings,-0.13587016207600364,535,0.05193677727053825,2015-16 -> 2016-17
201961,Ellington,2015,-0.03986509358362428,561,0.05107155559441804,Ellington,0.08212782320204369,555,0.05577120005279685,2015-16 -> 2016-17
203463,McLemore,2015,-0.049259051517909,455,0.05458307542808493,McLemore,0.0013158800853454624,419,0.056803284551584406,2015-16 -> 2016-17
201942,DeRozan,2015,-0.016438689168945083,1377,0.02739333922960111,DeRozan,0.027372093782913758,1545,0.025766139123005415,2015-16 -> 2016-17
201960,Carroll,2015,-0.08880719534700693,270,0.07210440614877747,Carroll,-0.07206823334083,550,0.05390126779391637,2015-16 -> 2016-17
1626158,Holmes,2015,-0.10802891408301725,222,0.06668589724280476,Holmes,0.01777011345559894,412,0.048401068266844476,2015-16 -> 2016-17
201936,Evans,2015,-0.07691887596524703,314,0.06231539522010086,Evans,-0.042437840205301246,370,0.05797440417568504,2015-16 -> 2016-17
201601,Mbah a Moute,2015,-0.11887577681754656,207,0.07323642040737126,Mbah a Moute,-0.0022443386809930525,378,0.05663784454277661,2015-16 -> 2016-17
201973,Jerebko,2015,-0.08675782427738117,286,0.0679141838014862,Jerebko,-0.020234116745191804,262,0.07446070317846502,2015-16 -> 2016-17
202331,George,2015,-0.01722436708453817,1449,0.03058432025406177,George,0.10810464647152769,1348,0.03140661584579038,2015-16 -> 2016-17
203109,Crowder,2015,-0.0314278844683541,813,0.04155273312041244,Crowder,0.07201912036511054,720,0.045985959385686656,2015-16 -> 2016-17
1713,Carter,2015,-0.07547015467208176,343,0.06463142525515123,Carter,-0.02259803138836337,490,0.05684851956539262,2015-16 -> 2016-17
203093,Jones,2015,-0.07148270069849681,367,0.054355131858782164,Jones,0.011962224940454465,492,0.04537281705376543,2015-16 -> 2016-17
1626162,Oubre Jr.,2015,-0.1271810497726481,211,0.07673178825176924,Oubre Jr.,-0.12898741529287705,442,0.05474123778703226,2015-16 -> 2016-17
1626171,Portis,2015,-0.06255878374219155,436,0.047887504104536,Portis,0.07414480543180631,375,0.05611536393811309,2015-16 -> 2016-17
203487,Carter-Williams,2015,-0.04917921104962642,555,0.04223437091914864,Carter-Williams,-0.199938795906718,306,0.06121471248110897,2015-16 -> 2016-17
1626163,Kaminsky,2015,-0.053039614409213065,525,0.05010777728261783,Kaminsky,-0.039586488798853646,802,0.04146747912447485,2015-16 -> 2016-17
2548,Wade,2015,-0.023795924416774736,1183,0.028327917158529,Wade,-0.04716474772511394,955,0.03372316676088528,2015-16 -> 2016-17
202325,Johnson,2015,-0.054861562865155235,515,0.05550251474738162,Johnson,-0.17204907698610028,200,0.08811012743887188,2015-16 -> 2016-17
203991,Capela,2015,-0.0743505007282019,397,0.04311658372209683,Capela,0.0006148789053874194,563,0.03532880359502389,2015-16 -> 2016-17
201144,Conley,2015,-0.04299121667191396,696,0.04274674251026592,Conley,0.09533967430766042,1009,0.0370208197185831,2015-16 -> 2016-17
201951,Lawson,2015,-0.08603949021565989,354,0.05962160379566705,Lawson,0.02681477244388235,522,0.04737465795973055,2015-16 -> 2016-17
203914,Harris,2015,-0.039928887360309216,765,0.041620542349186815,Harris,0.0442625917412903,637,0.045564810897090455,2015-16 -> 2016-17
202330,Hayward,2015,-0.025667057841045518,1202,0.0327420158236491,Hayward,0.04647911006087946,1156,0.03299479909608199,2015-16 -> 2016-17
202687,Biyombo,2015,-0.10748089512681228,288,0.050659190917669565,Biyombo,-0.08409990209039143,339,0.04759333206827411,2015-16 -> 2016-17
202688,Knight,2015,-0.03484520396194047,895,0.03909131451661951,Knight,-0.11827839334813797,525,0.048320755136785055,2015-16 -> 2016-17
101114,Williams,2015,-0.041354901216863284,775,0.04156891496087048,Williams,0.03190768828948194,600,0.047750960125618885,2015-16 -> 2016-17
203200,Holiday,2015,-0.14084536540025944,228,0.0786637540692461,Holiday,0.008406502099405163,538,0.052155730378752624,2015-16 -> 2016-17
2749,Nelson,2015,-0.10469755879444091,307,0.06878579451800955,Nelson,0.05088010631118191,604,0.0488760128353534,2015-16 -> 2016-17
1626164,Booker,2015,-0.03769938606456098,867,0.0385953970063211,Booker,-0.031412321965238583,1431,0.02932947213650992,2015-16 -> 2016-17
203939,Powell,2015,-0.11107216183667198,296,0.054333399214060156,Powell,-0.050869363815468714,377,0.05191049417411072,2015-16 -> 2016-17
203903,Clarkson,2015,-0.030216949579765406,1098,0.033542871785826045,Clarkson,-0.027551499895023365,1071,0.03469295273743247,2015-16 -> 2016-17
204038,Galloway,2015,-0.057812360304942974,588,0.047516315957813825,Galloway,0.024689781137240394,545,0.05339899765526787,2015-16 -> 2016-17
203503,Snell,2015,-0.10044671506350362,339,0.06431115234631785,Snell,0.07431040076756235,541,0.055368466739457715,2015-16 -> 2016-17
202710,Butler,2015,-0.033421530305543276,1035,0.03236558157040326,Butler,-0.00014325336141505417,1252,0.029864917324722233,2015-16 -> 2016-17
203460,Roberson,2015,-0.1264777615854918,274,0.06774261075728989,Roberson,-0.19119837227099143,463,0.05240454546248177,2015-16 -> 2016-17
203994,Nurkic,2015,-0.1487128346047677,242,0.061001300257591165,Nurkic,-0.08421364892108828,534,0.04034731956842287,2015-16 -> 2016-17
202682,Williams,2015,-0.06569827855652484,565,0.045514340762522025,Williams,-0.09478764250754651,244,0.07299527858636991,2015-16 -> 2016-17
201156,Young,2015,-0.09999179525270624,372,0.06655442076773424,Young,0.06598239410420545,633,0.051669782337376007,2015-16 -> 2016-17
203496,Covington,2015,-0.052435071614409544,712,0.048380285182476696,Covington,-0.10218839297719344,732,0.045890828081707295,2015-16 -> 2016-17
2199,Chandler,2015,-0.11949625268842991,314,0.047472538559731006,Chandler,0.02743211441391798,228,0.055279315762611074,2015-16 -> 2016-17
203484,Caldwell-Pope,2015,-0.040553864005770636,960,0.03724217195632231,Caldwell-Pope,-0.02511686076476175,928,0.0391651102822585,2015-16 -> 2016-17
203498,Muhammad,2015,-0.058440694936132714,681,0.04024982631847772,Muhammad,-0.023462761928635778,598,0.0432619304729743,2015-16 -> 2016-17
202083,Matthews,2015,-0.04705273983507338,854,0.04373845442536273,Matthews,-0.02648309382890733,847,0.042997659851341706,2015-16 -> 2016-17
203469,Zeller,2015,-0.0931734706800585,437,0.043465214053732014,Zeller,-0.0574186488607898,443,0.041678474993380496,2015-16 -> 2016-17
203497,Gobert,2015,-0.11798407642630558,354,0.04606889390860344,Gobert,-0.020918099912560318,625,0.03320297765767195,2015-16 -> 2016-17
204001,Porzingis,2015,-0.04841498072906559,886,0.0367904520081648,Porzingis,-0.001944775630685339,985,0.03553864034227733,2015-16 -> 2016-17
202697,Shumpert,2015,-0.1413729548089639,305,0.06796412332895872,Shumpert,-0.0353680961142034,489,0.05592439190854145,2015-16 -> 2016-17
203932,Gordon,2015,-0.07580943998452107,579,0.04389601210803126,Gordon,-0.10128265883216497,865,0.03719250364532367,2015-16 -> 2016-17
203115,Barton,2015,-0.045431104312491616,983,0.035654596344525315,Barton,-0.0198429293364465,666,0.044220767960473896,2015-16 -> 2016-17
101123,Green,2015,-0.07623486418076506,587,0.04884030839639726,Green,-0.024277365655386518,232,0.07861843370597078,2015-16 -> 2016-17
2585,Pachulia,2015,-0.09619778532170514,470,0.043018064271280076,Pachulia,0.02440748694719003,307,0.053733396342880324,2015-16 -> 2016-17
203506,Oladipo,2015,-0.04662503098494098,970,0.035453803393366755,Oladipo,-0.05117840278848117,932,0.037712718322403305,2015-16 -> 2016-17
200794,Millsap,2015,-0.04290706906434069,1066,0.03260393838215642,Millsap,-0.03679693136157494,972,0.03502767158082377,2015-16 -> 2016-17
202693,Morris,2015,-0.06506400308799025,718,0.03935522773461491,Morris,-0.0026925874264656837,889,0.035514153869794673,2015-16 -> 2016-17
203943,Vonleh,2015,-0.1682939132000503,278,0.061321790124877845,Vonleh,-0.12105132845509191,270,0.0578461380486601,2015-16 -> 2016-17
1626159,Winslow,2015,-0.10266810431365607,462,0.05043814510247649,Winslow,-0.24725939297638735,225,0.06917765301746658,2015-16 -> 2016-17
202344,Booker,2015,-0.12459592282883253,388,0.049425385792663576,Booker,0.004643123111761643,591,0.04187426195043097,2015-16 -> 2016-17
201568,Gallinari,2015,-0.07110246544426868,700,0.04255851857630126,Gallinari,0.023597319936447397,750,0.04289752822710879,2015-16 -> 2016-17
202066,Temple,2015,-0.10122332039742524,505,0.054008113213192516,Temple,0.00787349979225185,432,0.05890279096064296,2015-16 -> 2016-17
203083,Drummond,2015,-0.04907808955546323,1060,0.02844651496294485,Drummond,-0.014373981946058274,911,0.030390858881999838,2015-16 -> 2016-17
202391,Lin,2015,-0.07150236939489406,728,0.04167720402552862,Lin,0.01501776205180164,400,0.0583445579052692,2015-16 -> 2016-17
203210,Green,2015,-0.10680659835025179,495,0.04352269210693072,Green,0.0037762389082561187,500,0.04859294181040432,2015-16 -> 2016-17
201155,Stuckey,2015,-0.12007462116674215,443,0.05014692330231393,Stuckey,-0.14565231639220283,244,0.06985990583572652,2015-16 -> 2016-17
203090,Harkless,2015,-0.1341621597904827,411,0.05381846215763244,Harkless,-0.05644096830408056,624,0.04395379668047245,2015-16 -> 2016-17
202329,Aminu,2015,-0.07777532254413246,719,0.04477911263868603,Aminu,-0.1637030973785788,466,0.05477477332403551,2015-16 -> 2016-17
203952,Wiggins,2015,-0.0437325334686206,1294,0.028410590737465997,Wiggins,-0.029218691984731048,1570,0.026399463473053546,2015-16 -> 2016-17
1626170,Grant,2015,-0.14633556688253865,391,0.055008723845313114,Grant,0.00679433186724942,301,0.0688071973593559,2015-16 -> 2016-17
203901,Payton,2015,-0.07982194780100749,730,0.0378997641447048,Payton,-0.051809492465969914,912,0.03457178002343084,2015-16 -> 2016-17
203457,Noel,2015,-0.10533058639131126,587,0.035898680066460506,Noel,-0.036793766997176916,309,0.048444723280623,2015-16 -> 2016-17
101109,Felton,2015,-0.09330043894924699,682,0.04327269946731293,Felton,-0.02597249673194759,514,0.04866117886272209,2015-16 -> 2016-17
201980,Green,2015,-0.11348235569490692,561,0.05368447509304975,Green,-0.010385289588081487,449,0.06172687237089613,2015-16 -> 2016-17
203081,Lillard,2015,-0.044657009380203595,1474,0.030628287868737766,Lillard,-0.014812824318805425,1488,0.030271444811298332,2015-16 -> 2016-17
203486,Plumlee,2015,-0.12938683225462091,517,0.03915406174724079,Plumlee,-0.11437222565059989,623,0.035113638778245373,2015-16 -> 2016-17
203953,Parker,2015,-0.07489520078685197,899,0.030819180999706763,Parker,-0.05221588317500976,814,0.03625896830930562,2015-16 -> 2016-17
203507,Antetokounmpo,2015,-0.06811770478926857,1013,0.0304632432367916,Antetokounmpo,-0.07924601583653712,1259,0.027485145375278016,2015-16 -> 2016-17
101145,Ellis,2015,-0.067810504302859,1021,0.03457512115403132,Ellis,-0.052949962788212485,557,0.04604352568634257,2015-16 -> 2016-17
203917,Stauskas,2015,-0.12984431286145312,545,0.05383545114971215,Stauskas,-0.05934795838681637,634,0.04930290522614582,2015-16 -> 2016-17
200751,Foye,2015,-0.1492538558932031,482,0.055957369132522077,Foye,-0.10598185799852078,325,0.0705087624546624,2015-16 -> 2016-17
2772,Ariza,2015,-0.0857509452139413,859,0.04252827763486404,Ariza,-0.07043277480073998,798,0.04606861667417689,2015-16 -> 2016-17
201937,Rubio,2015,-0.1291624898325604,586,0.04701012860269471,Rubio,-0.0804732676642745,650,0.044040541599246516,2015-16 -> 2016-17
2754,Allen,2015,-0.1619397919815294,469,0.04545911873305946,Allen,-0.17165669596338376,595,0.04054484612488404,2015-16 -> 2016-17
201565,Rose,2015,-0.07292058146069606,1048,0.03223112986167022,Rose,-0.013815832551007818,977,0.03161310012080985,2015-16 -> 2016-17
1626169,Johnson,2015,-0.12885463594119187,600,0.046113937681350574,Johnson,-0.10428142273426523,365,0.06131472989816499,2015-16 -> 2016-17
200782,Tucker,2015,-0.13393614224985945,582,0.04760520944925108,Tucker,-0.07209637682705874,482,0.05348705630631769,2015-16 -> 2016-17
203079,Waiters,2015,-0.11370499890956957,706,0.042912847089981956,Waiters,-0.045262032443373026,663,0.043940446408457005,2015-16 -> 2016-17
202397,Smith,2015,-0.08466385107238583,967,0.033615068583385935,Smith,-0.03226662214948272,749,0.03741077730235424,2015-16 -> 2016-17
201145,Green,2015,-0.09942619670593333,824,0.037559662083920316,Green,-0.10527569993771733,558,0.0478869982849947,2015-16 -> 2016-17
201952,Teague,2015,-0.08336664883578392,988,0.035441657191843744,Teague,0.00646967405618322,909,0.03668858098104444,2015-16 -> 2016-17
203145,Bazemore,2015,-0.11378096502284357,725,0.04356724958133125,Bazemore,-0.12062525442609366,721,0.042847931006937776,2015-16 -> 2016-17
203471,Schroder,2015,-0.11182997696194247,781,0.040192480914541466,Schroder,-0.07459149173291679,1214,0.031599612382842465,2015-16 -> 2016-17
202322,Wall,2015,-0.06982206216003255,1349,0.029417038097237586,Wall,-0.05885682337690039,1435,0.02771929843808047,2015-16 -> 2016-17
2440,Barnes,2015,-0.14072157327749601,693,0.046576118872187225,Barnes,-0.08437540335325344,473,0.056767409473553646,2015-16 -> 2016-17
203944,Randle,2015,-0.12679257223222484,835,0.03302093305664299,Randle,-0.02376591841772611,773,0.035147340264971426,2015-16 -> 2016-17
203458,Len,2015,-0.17010245793852746,624,0.03683393315413043,Len,-0.09785283204713605,463,0.04241255859181263,2015-16 -> 2016-17
202738,Thomas,2015,-0.07984297531385957,1382,0.03068422835833653,Thomas,0.01675806145984416,1473,0.030982998481115524,2015-16 -> 2016-17
201147,Brewer,2015,-0.20273530102124485,552,0.04911916959532382,Brewer,-0.21252683819106477,348,0.05925242247759577,2015-16 -> 2016-17
203935,Smart,2015,-0.21464529197396695,529,0.05153250559848543,Smart,-0.1555494924780451,749,0.04306901075388928,2015-16 -> 2016-17
203924,Grant,2015,-0.2014776178272555,599,0.042841590501849325,Grant,-0.07207094527258007,328,0.06150393603255642,2015-16 -> 2016-17
201566,Westbrook,2015,-0.08658351223756156,1444,0.028384046995702746,Westbrook,-0.10691193348097824,1941,0.02539743437606736,2015-16 -> 2016-17
1626144,Mudiay,2015,-0.1818485975437298,905,0.03633941765937572,Mudiay,-0.18471160508839193,551,0.04797554230960734,2015-16 -> 2016-17
203999,Jokic,2016,0.24167139151390024,854,0.03560690974192217,Jokic,0.15721933035227567,1010,0.03499832923999445,2016-17 -> 2017-18
201939,Curry,2016,0.10719952730714864,1443,0.03239853785016617,Curry,0.1992310679594473,864,0.04255926172434622,2016-17 -> 2017-18
203490,Porter Jr.,2016,0.19148287185623178,803,0.04150701339757531,Porter Jr.,0.153768671701081,885,0.0385979604006149,2016-17 -> 2017-18
1626157,Towns,2016,0.09872805299274764,1480,0.026832185446955637,Towns,0.12817762741243635,1172,0.03136833544526829,2016-17 -> 2017-18
202691,Thompson,2016,0.10608430698274468,1376,0.03262911827746813,Thompson,0.18093606805820034,1177,0.034781634300413096,2016-17 -> 2017-18
202331,George,2016,0.10810464647152769,1348,0.03140661584579038,George,-0.0066063154082831345,1340,0.032593341283397304,2016-17 -> 2017-18
203076,Davis,2016,0.09406077844457243,1526,0.02502003479833558,Davis,0.016638627693406256,1462,0.025686819903275784,2016-17 -> 2017-18
203468,McCollum,2016,0.09736812269790467,1441,0.02975724998020418,McCollum,0.0003007463372297777,1505,0.029408021160627705,2016-17 -> 2017-18
203078,Beal,2016,0.10432798262328992,1322,0.03217092073435351,Beal,0.034348350405613993,1484,0.029847338635691507,2016-17 -> 2017-18
101108,Paul,2016,0.1639045677705895,785,0.04182061451419305,Paul,0.11189087904031374,798,0.04271757252058834,2016-17 -> 2017-18
2594,Korver,2016,0.21596338302541818,515,0.05787254000685359,Korver,0.22321901412153577,484,0.06071212852697909,2016-17 -> 2017-18
201586,Ibaka,2016,0.11319559323587741,982,0.03607609937497393,Ibaka,0.08416638784146924,784,0.04138144049359735,2016-17 -> 2017-18
201142,Durant,2016,0.10606895614926129,1026,0.03418925046101423,Durant,0.14762774913181712,1222,0.032235212741877184,2016-17 -> 2017-18
2546,Anthony,2016,0.07552319467867845,1389,0.030066083994480696,Anthony,-0.027612192110299895,1168,0.034484562822093875,2016-17 -> 2017-18
202699,Harris,2016,0.0973038776969864,1063,0.033870239389709185,Harris,0.04926392223928278,1221,0.03294825096481365,2016-17 -> 2017-18
200755,Redick,2016,0.11400454497444713,890,0.04160731680881464,Redick,0.1585413121689016,879,0.04163084969473624,2016-17 -> 2017-18
200768,Lowry,2016,0.1026794318317147,918,0.04060389945911256,Lowry,0.0455846232425478,944,0.041688021765272705,2016-17 -> 2017-18
2200,Gasol,2016,0.1554379969761091,604,0.04274988381469155,Gasol,-0.01419681032169745,627,0.0422755786428764,2016-17 -> 2017-18
1626167,Turner,2016,0.1072438860342578,869,0.03415692939613864,Turner,0.03928589849685344,639,0.04246257604828217,2016-17 -> 2017-18
201188,Gasol,2016,0.07665147319822503,1160,0.03193886207652553,Gasol,-0.036331681311849474,1033,0.03480025771187787,2016-17 -> 2017-18
101162,Gortat,2016,0.12572991588108184,674,0.03531330870207116,Gortat,-0.01314400386037907,560,0.039556739621170095,2016-17 -> 2017-18
203459,Crabbe,2016,0.1277625947287709,647,0.047457682371545636,Crabbe,0.034450737347632876,827,0.04465661397140373,2016-17 -> 2017-18
2744,Jefferson,2016,0.16851279943265154,471,0.04339275443134605,Jefferson,0.1823683338067837,208,0.0666472689237518,2016-17 -> 2017-18
201572,Lopez,2016,0.06730813979125966,1172,0.033043369971086145,Lopez,0.040296335184838966,793,0.04170790273805149,2016-17 -> 2017-18
202685,Valanciunas,2016,0.11001035509490573,702,0.03534329390036771,Valanciunas,0.0875050849868549,687,0.038070865363126316,2016-17 -> 2017-18
201954,Collison,2016,0.101710882184389,714,0.041038402302786145,Collison,0.10880666686975868,638,0.04473027975714053,2016-17 -> 2017-18
2207,Johnson,2016,0.11052408961314285,626,0.047173977124530066,Johnson,-0.028758219718768886,360,0.06237377276413698,2016-17 -> 2017-18
202355,Whiteside,2016,0.07077449990563862,973,0.029030554546935233,Whiteside,0.03317205750050435,578,0.038366802769774375,2016-17 -> 2017-18
201577,Lopez,2016,0.08217662833253599,775,0.03439318901364412,Lopez,0.10631440150532716,645,0.038012918513869995,2016-17 -> 2017-18
1717,Nowitzki,2016,0.09391123291707613,678,0.04344571764895217,Nowitzki,0.16310907648895615,758,0.0433813362805068,2016-17 -> 2017-18
201588,Hill,2016,0.10397709013537891,606,0.04724789851454051,Hill,0.05671905864744553,513,0.05178833468884895,2016-17 -> 2017-18
202696,Vucevic,2016,0.06037137777114973,1031,0.031207152914284206,Vucevic,0.058267459644301314,840,0.037587200247971075,2016-17 -> 2017-18
202681,Irving,2016,0.04353579038478445,1420,0.029894108664606414,Irving,0.09603917691905109,1087,0.03527460835581043,2016-17 -> 2017-18
202734,Moore,2016,0.09868537790747384,619,0.04575829761417566,Moore,0.13939873442081044,832,0.03994515138155135,2016-17 -> 2017-18
101139,Miles,2016,0.09314128462391913,647,0.050075505539390684,Miles,-0.02785205843239117,599,0.05415015484752175,2016-17 -> 2017-18
201609,Dragic,2016,0.052669659066741696,1124,0.03295775455180061,Dragic,-0.019685704470955814,1075,0.03403784628439496,2016-17 -> 2017-18
200746,Aldridge,2016,0.05458516399114859,1049,0.030370520016361854,Aldridge,0.04864820689056928,1347,0.02705654779392929,2016-17 -> 2017-18
101112,Frye,2016,0.10998674346220105,520,0.05592139726066599,Frye,0.15645182924579562,212,0.08454908208553544,2016-17 -> 2017-18
201563,Beasley,2016,0.14073568391268473,406,0.05014884688854834,Beasley,0.08197110558417654,807,0.035402539520428815,2016-17 -> 2017-18
204060,Ingles,2016,0.12604386426772182,451,0.06001683429991565,Ingles,0.15092000846310577,718,0.048173305092920414,2016-17 -> 2017-18
201583,Anderson,2016,0.07156163807715654,773,0.046443565998824786,Anderson,0.09023450113382232,480,0.05969881429435243,2016-17 -> 2017-18
201584,Lee,2016,0.07431303841690125,704,0.04401512310762667,Lee,0.06389702328040266,755,0.04226028155306134,2016-17 -> 2017-18
203109,Crowder,2016,0.07201912036511054,720,0.045985959385686656,Crowder,-0.09301081630489644,671,0.04718100103047536,2016-17 -> 2017-18
203476,Dieng,2016,0.0781920352948487,661,0.03746910695802981,Dieng,0.05429934184192795,388,0.05242913449660407,2016-17 -> 2017-18
2544,James,2016,0.03646191525210965,1344,0.028876289131002857,James,0.07139983091879694,1580,0.02706632341481789,2016-17 -> 2017-18
201585,Koufos,2016,0.12460914586530909,392,0.04675366950056831,Koufos,0.11788489514348853,389,0.048426976530859665,2016-17 -> 2017-18
2561,West,2016,0.18408508775354357,252,0.06045528687558816,West,0.2025288841255787,378,0.049017330674729416,2016-17 -> 2017-18
201152,Young,2016,0.0673199911578501,687,0.03961938996677559,Young,-0.010175968456123135,864,0.0361086707073883,2016-17 -> 2017-18
201961,Ellington,2016,0.08212782320204369,555,0.05577120005279685,Ellington,0.07585079134662984,700,0.051376588555944146,2016-17 -> 2017-18
201942,DeRozan,2016,0.027372093782913758,1545,0.025766139123005415,DeRozan,-0.018132538419518646,1413,0.028666550534026402,2016-17 -> 2017-18
201156,Young,2016,0.06598239410420545,633,0.051669782337376007,Young,0.06070368602108661,488,0.05857747922920581,2016-17 -> 2017-18
201988,Mills,2016,0.06487875614035361,621,0.050289263900149414,Mills,0.0024335216132671924,682,0.04859802884705785,2016-17 -> 2017-18
203503,Snell,2016,0.07431040076756235,541,0.055368466739457715,Snell,0.04558448305297428,425,0.06194883958029408,2016-17 -> 2017-18
2733,Livingston,2016,0.12254756181628998,316,0.05267758731732058,Livingston,0.02584178583389545,343,0.05093053014659623,2016-17 -> 2017-18
203488,Muscala,2016,0.11429233614486187,337,0.06108584750163637,Muscala,0.05033582436526128,312,0.06966149819018061,2016-17 -> 2017-18
203546,Clark,2016,0.08842155351330616,433,0.055366904164743144,Clark,0.026973793920813182,495,0.052485971863781115,2016-17 -> 2017-18
202694,Morris Sr.,2016,0.0367140419426159,1007,0.03608093108879911,Morris Sr.,0.022575740599034885,611,0.04678892316669627,2016-17 -> 2017-18
201229,Tolliver,2016,0.10323608985090829,351,0.06882887627791913,Tolliver,0.18065015585872038,472,0.06146491728430054,2016-17 -> 2017-18
203933,Warren,2016,0.04417104890248459,814,0.035578279322967726,Warren,-0.054711271623174726,1063,0.030276461140099922,2016-17 -> 2017-18
203084,Barnes,2016,0.027984061058774757,1280,0.029390428244310835,Barnes,-0.017871653464540213,1208,0.03194335303729138,2016-17 -> 2017-18
203482,Olynyk,2016,0.06868671951486174,508,0.050653507438454995,Olynyk,0.11813464243686389,636,0.04676844501008266,2016-17 -> 2017-18
201949,Johnson,2016,0.044301904246234876,769,0.04010553245504823,Johnson,0.010540172554051453,614,0.04444542898524892,2016-17 -> 2017-18
203124,O'Quinn,2016,0.08164483189791559,413,0.046764463429247526,O'Quinn,0.18437505216749686,384,0.04878102820780708,2016-17 -> 2017-18
201143,Horford,2016,0.041906120507608224,801,0.039322995303807465,Horford,0.08882617206859518,753,0.04066118338859561,2016-17 -> 2017-18
201158,Belinelli,2016,0.0536238601277204,615,0.0481354838894542,Belinelli,0.06415211172609075,764,0.04434356618287108,2016-17 -> 2017-18
203504,Burke,2016,0.12338228561597207,255,0.06931173888820012,Burke,0.14663273954438708,384,0.056494943165270754,2016-17 -> 2017-18
2749,Nelson,2016,0.05088010631118191,604,0.0488760128353534,Nelson,-0.04150180867592689,244,0.07805907997601512,2016-17 -> 2017-18
201950,Holiday,2016,0.03379474246498642,893,0.037654507437344754,Holiday,0.04687981146988021,1244,0.03153999001287371,2016-17 -> 2017-18
203914,Harris,2016,0.0442625917412903,637,0.045564810897090455,Harris,0.05263939564455145,908,0.03918710831211664,2016-17 -> 2017-18
1627741,Hield,2016,0.03667390201132988,767,0.04402700497222826,Hield,0.07636722322334343,933,0.03884567883312436,2016-17 -> 2017-18
1626171,Portis,2016,0.07414480543180631,375,0.05611536393811309,Portis,0.05746539589838684,811,0.03875043349396009,2016-17 -> 2017-18
203114,Middleton,2016,0.08261971032046422,333,0.06207385265989773,Middleton,0.07581951549051404,1272,0.031717085507214256,2016-17 -> 2017-18
202738,Thomas,2016,0.01675806145984416,1473,0.030982998481115524,Thomas,-0.138189283919672,421,0.058364926874354364,2016-17 -> 2017-18
101161,Johnson,2016,0.061618708967133395,370,0.05310117108781525,Johnson,0.08087350305415468,260,0.06287347438726966,2016-17 -> 2017-18
1627746,Labissiere,2016,0.10379042202120989,218,0.06382437800367968,Labissiere,-0.04005362321101083,458,0.046848844440808,2016-17 -> 2017-18
201959,Gibson,2016,0.03162709346226966,709,0.03518125143770258,Gibson,0.10512005332118557,737,0.03514629807150841,2016-17 -> 2017-18
201967,Cunningham,2016,0.06237858052641189,359,0.0636026156233867,Cunningham,-0.08442309178376753,364,0.06250541998183347,2016-17 -> 2017-18
202326,Cousins,2016,0.015631447174212162,1432,0.028445328350464844,Cousins,0.02406093573074157,864,0.038290811114278955,2016-17 -> 2017-18
201578,Speights,2016,0.03969897889277076,548,0.05148196870808127,Speights,0.0565708939014402,349,0.06860152711413772,2016-17 -> 2017-18
202337,Babbitt,2016,0.07326345344924041,281,0.0801075642521666,Babbitt,0.09855226573997723,215,0.09033258916155884,2016-17 -> 2017-18
203584,Daniels,2016,0.03909582972765469,495,0.05894293034706655,Daniels,0.06952126450188308,575,0.056387883133255406,2016-17 -> 2017-18
201568,Gallinari,2016,0.023597319936447397,750,0.04289752822710879,Gallinari,-0.1049637263459311,256,0.07335791486025658,2016-17 -> 2017-18
202722,Bertans,2016,0.07329274338159254,234,0.08546010023309458,Bertans,0.07156536450399169,366,0.06757061370932382,2016-17 -> 2017-18
203926,McDermott,2016,0.03434214569571616,497,0.05284230543056526,McDermott,0.027640793150965685,508,0.05208144953682457,2016-17 -> 2017-18
1626149,Harrell,2016,0.04633515851096161,345,0.045958303043696726,Harrell,0.07282350864613528,548,0.038467195260522793,2016-17 -> 2017-18
202340,Bradley,2016,0.018691616380744798,775,0.041023173818048764,Bradley,-0.058418061412261704,625,0.04540283638530476,2016-17 -> 2017-18
203954,Embiid,2016,0.031870704808644915,429,0.05121745603124013,Embiid,0.032599461617817016,1056,0.032448088683270704,2016-17 -> 2017-18
204038,Galloway,2016,0.024689781137240394,545,0.05339899765526787,Galloway,-0.03134972962469596,340,0.06956502578154292,2016-17 -> 2017-18
202683,Freedom,2016,0.01678422160138164,737,0.0356536005786736,Freedom,0.1310918846269802,713,0.03547512754707239,2016-17 -> 2017-18
202328,Monroe,2016,0.01599649303737792,726,0.035056258535177014,Monroe,0.060452139232586195,386,0.048298668117501005,2016-17 -> 2017-18
203897,LaVine,2016,0.015116060669129985,710,0.044179999958689306,LaVine,-0.17048436595435507,355,0.06048773406731931,2016-17 -> 2017-18
201935,Harden,2016,0.006978392255636575,1533,0.03097928360609017,Harden,0.012137985944378466,1449,0.03194149084971262,2016-17 -> 2017-18
2037,Crawford,2016,0.009799134253165611,870,0.039165252476142394,Crawford,0.01948857580655131,742,0.043516886300289,2016-17 -> 2017-18
203382,Baynes,2016,0.029954280513247444,279,0.05570147481905437,Baynes,-0.09510715142954267,446,0.04524864166214826,2016-17 -> 2017-18
201933,Griffin,2016,0.00826905938698091,971,0.032254006188788355,Griffin,-0.044705226970936464,996,0.03568878991368293,2016-17 -> 2017-18
2585,Pachulia,2016,0.02440748694719003,307,0.053733396342880324,Pachulia,0.10282945279396087,264,0.057873279904406244,2016-17 -> 2017-18
200752,Gay,2016,0.016903692729812677,442,0.0508258951095248,Gay,-0.0031179333118551743,537,0.04581051095336685,2016-17 -> 2017-18
1626158,Holmes,2016,0.01777011345559894,412,0.048401068266844476,Holmes,-0.04676835663516494,241,0.061071605524071246,2016-17 -> 2017-18
201599,Jordan,2016,0.012187915115756657,577,0.03359981519602149,Jordan,-0.056854821456526164,578,0.03545771711361312,2016-17 -> 2017-18
201952,Teague,2016,0.00646967405618322,909,0.03668858098104444,Teague,-0.00956641866712624,794,0.03975423853922289,2016-17 -> 2017-18
201163,Chandler,2016,0.005950309071812223,939,0.03701538310781907,Chandler,-0.03416230050061798,631,0.04644842289535354,2016-17 -> 2017-18
1626204,Nance Jr.,2016,0.015412085934781758,361,0.05017690375906216,Nance Jr.,-0.021832545280093287,413,0.04385054845105721,2016-17 -> 2017-18
2403,Hilario,2016,0.014002619018527446,397,0.04374014729254181,Hilario,-0.0688521511650751,239,0.057484837855578286,2016-17 -> 2017-18
203518,Abrines,2016,0.01416595054826042,341,0.07108033215445164,Abrines,0.0034503398575893274,291,0.07738306104496295,2016-17 -> 2017-18
203200,Holiday,2016,0.008406502099405163,538,0.052155730378752624,Holiday,-0.08652517939599845,782,0.04474397807688085,2016-17 -> 2017-18
1627755,Ulis,2016,0.00849725600323264,437,0.050434232960895574,Ulis,-0.10087663737829498,551,0.04724413454185273,2016-17 -> 2017-18
202066,Temple,2016,0.00787349979225185,432,0.05890279096064296,Temple,0.007569965269979303,476,0.055415251808243596,2016-17 -> 2017-18
203087,Lamb,2016,0.006247905184871244,491,0.049854151417074055,Lamb,0.05888515446185494,832,0.03861563634510879,2016-17 -> 2017-18
202344,Booker,2016,0.004643123111761643,591,0.04187426195043097,Booker,0.009991922801973044,343,0.054455046330228664,2016-17 -> 2017-18
101150,Williams,2016,0.0023354206886773672,998,0.037749639833159376,Williams,-0.008076728945878808,1337,0.03187575868850829,2016-17 -> 2017-18
1626170,Grant,2016,0.00679433186724942,301,0.0688071973593559,Grant,-0.015634253674024184,503,0.05138223417966643,2016-17 -> 2017-18
203210,Green,2016,0.0037762389082561187,500,0.04859294181040432,Green,-0.13620220869330313,488,0.048425736726110724,2016-17 -> 2017-18
202689,Walker,2016,0.0011065064486780918,1450,0.03092818233969671,Walker,0.021346368045089943,1363,0.03224447278429372,2016-17 -> 2017-18
202714,Mack,2016,0.0031376270168970476,381,0.05816872352799462,Mack,-0.02379223188306501,414,0.05618869769176329,2016-17 -> 2017-18
203925,Harris,2016,0.002720896848619224,362,0.06673913823746104,Harris,0.14641298472637101,621,0.05015417701200422,2016-17 -> 2017-18
2738,Iguodala,2016,0.001770409818799312,415,0.05527382466154441,Iguodala,-0.08490410608349067,320,0.06175517492785202,2016-17 -> 2017-18
203463,McLemore,2016,0.0013158800853454624,419,0.056803284551584406,McLemore,-0.08245342644457196,373,0.060875180233315986,2016-17 -> 2017-18
203991,Capela,2016,0.0006148789053874194,563,0.03532880359502389,Capela,-0.046508074844585454,676,0.032395197375637924,2016-17 -> 2017-18
201975,Meeks,2016,0.0012327925612090063,256,0.07701314567708109,Meeks,-0.029799667449786627,393,0.0624206172145132,2016-17 -> 2017-18
202710,Butler,2016,-0.00014325336141505417,1252,0.029864917324722233,Butler,0.02195763843167193,921,0.035237191883421615,2016-17 -> 2017-18
203473,Dedmon,2016,-0.0008438683129134357,259,0.05335534568773006,Dedmon,0.08842272788713046,477,0.0504823638019802,2016-17 -> 2017-18
202498,Thomas,2016,-0.0033790985354712677,244,0.07383152313739219,Thomas,-0.07002608014476586,267,0.0733865260228228,2016-17 -> 2017-18
201601,Mbah a Moute,2016,-0.0022443386809930525,378,0.05663784454277661,Mbah a Moute,-0.04105416840615514,345,0.06464154821601367,2016-17 -> 2017-18
202709,Joseph,2016,-0.0016367012119715158,661,0.04221304970694507,Joseph,-0.029019352367150426,604,0.046006018330016225,2016-17 -> 2017-18
203915,Dinwiddie,2016,-0.006108004672473794,302,0.06482119115285569,Dinwiddie,-0.10629586113822061,838,0.042169054361842165,2016-17 -> 2017-18
204001,Porzingis,2016,-0.001944775630685339,985,0.03553864034227733,Porzingis,0.02402348803524305,889,0.03638858243038263,2016-17 -> 2017-18
203500,Adams,2016,-0.0034064432596056676,655,0.03486696171025447,Adams,0.012471003585905341,712,0.03262437782968479,2016-17 -> 2017-18
202693,Morris,2016,-0.0026925874264656837,889,0.035514153869794673,Morris,0.07142368497231914,687,0.04236929602145777,2016-17 -> 2017-18
202711,Bogdanovic,2016,-0.003727361583087689,845,0.041082217023348834,Bogdanovic,0.03794843117025242,852,0.04081681355743883,2016-17 -> 2017-18
200826,Barea,2016,-0.01202201338035473,343,0.06419398919211475,Barea,0.03552225739976828,690,0.0455538942972156,2016-17 -> 2017-18
202335,Patterson,2016,-0.01157866480208325,384,0.06608532314777386,Patterson,-0.012915786103641002,266,0.07900759900625942,2016-17 -> 2017-18
2225,Parker,2016,-0.008032988487002712,569,0.043254491496087843,Parker,-0.11346015335902424,388,0.0514048782170091,2016-17 -> 2017-18
201980,Green,2016,-0.010385289588081487,449,0.06172687237089613,Green,-0.09537653960758587,561,0.0529225486423177,2016-17 -> 2017-18
203918,Hood,2016,-0.007031529360062734,666,0.04651726228997451,Hood,0.041305548275271636,751,0.0435172352733354,2016-17 -> 2017-18
201973,Jerebko,2016,-0.020234116745191804,262,0.07446070317846502,Jerebko,0.057399626896483036,341,0.06476182156564879,2016-17 -> 2017-18
1626161,Cauley-Stein,2016,-0.011028660782225606,481,0.040603244736645575,Cauley-Stein,-0.07878789843827774,773,0.03299074730195066,2016-17 -> 2017-18
101123,Green,2016,-0.024277365655386518,232,0.07861843370597078,Green,-0.0022465628955071993,413,0.06454673279544677,2016-17 -> 2017-18
203898,Ennis,2016,-0.027546781736626065,208,0.07896072776834928,Ennis,-0.1494284325181263,224,0.07320736419041754,2016-17 -> 2017-18
2216,Randolph,2016,-0.006656057262120166,964,0.032345837313546934,Randolph,0.08534563236525039,763,0.038783545024791956,2016-17 -> 2017-18
1626245,Felicio,2016,-0.031961642429491774,221,0.059425817663229054,Felicio,0.06574742737857694,215,0.06324740956069161,2016-17 -> 2017-18
202324,Favors,2016,-0.018974713224305585,417,0.04549028567973294,Favors,0.01989561719294738,702,0.036301146622420497,2016-17 -> 2017-18
201569,Gordon,2016,-0.0078864926142554,1016,0.04033994013908603,Gordon,0.013285719943542062,970,0.04069331558322013,2016-17 -> 2017-18
1627783,Siakam,2016,-0.04096919700115111,205,0.06604648217425542,Siakam,-0.07009664131046964,498,0.04844578735761395,2016-17 -> 2017-18
203937,Anderson,2016,-0.042355045638840516,209,0.07261419273177931,Anderson,0.05522235739451444,438,0.048727381599068725,2016-17 -> 2017-18
1627747,LeVert,2016,-0.02471898824064349,380,0.061650576864168784,LeVert,-0.07810045869316382,735,0.04169716442196787,2016-17 -> 2017-18
101107,Williams,2016,-0.014668259232712089,704,0.045704217281528355,Williams,0.0756602840844008,563,0.05216932520992281,2016-17 -> 2017-18
202357,Bjelica,2016,-0.029269897394256186,356,0.06409123224565504,Bjelica,0.07489987446002482,371,0.06289446733390798,2016-17 -> 2017-18
202684,Thompson,2016,-0.025240298768267427,437,0.040772158948846546,Thompson,-0.03629652544282132,235,0.05901688279717453,2016-17 -> 2017-18
1713,Carter,2016,-0.02259803138836337,490,0.05684851956539262,Carter,-0.04218816617911428,283,0.07414385753308282,2016-17 -> 2017-18
1627812,Ferrell,2016,-0.03206670052023545,394,0.06037975290428652,Ferrell,0.01266322643933884,730,0.04516763232517141,2016-17 -> 2017-18
101141,Ilyasova,2016,-0.014497913851164413,890,0.040138973059219034,Ilyasova,-0.008526901470830586,613,0.04757813329707575,2016-17 -> 2017-18
203497,Gobert,2016,-0.020918099912560318,625,0.03320297765767195,Gobert,-0.017513375289909237,444,0.04163204709459948,2016-17 -> 2017-18
203083,Drummond,2016,-0.014373981946058274,911,0.030390858881999838,Drummond,-0.08513702087101543,881,0.030890959413476124,2016-17 -> 2017-18
203089,Henson,2016,-0.042423643123489674,309,0.05256087933202801,Henson,-0.01741065133052166,502,0.04041090027028776,2016-17 -> 2017-18
203115,Barton,2016,-0.0198429293364465,666,0.044220767960473896,Barton,-0.006675647679089566,1028,0.03647320256278533,2016-17 -> 2017-18
101109,Felton,2016,-0.02597249673194759,514,0.04866117886272209,Felton,-0.030205223452604766,552,0.04988395318242523,2016-17 -> 2017-18
202703,Mirotic,2016,-0.021880477292174873,625,0.05045773803327737,Mirotic,0.05008430995122552,684,0.04681062213577605,2016-17 -> 2017-18
203085,Rivers,2016,-0.01910660949676634,731,0.04351364152643416,Rivers,-0.052252079829638705,805,0.04229354825267222,2016-17 -> 2017-18
203095,Fournier,2016,-0.015520507780683323,930,0.038079823070288885,Fournier,0.06291190350760414,802,0.04174661873465326,2016-17 -> 2017-18
1627775,McCaw,2016,-0.060651229208767234,245,0.07726264336496871,McCaw,-0.16444490108959472,225,0.07560610111164384,2016-17 -> 2017-18
1627835,Zipser,2016,-0.06883650990402289,221,0.07986962997591397,Zipser,-0.13467091734648792,234,0.07835787844578977,2016-17 -> 2017-18
201936,Evans,2016,-0.042437840205301246,370,0.05797440417568504,Evans,-0.06530100517421604,809,0.0400396805418686,2016-17 -> 2017-18
203516,Ennis III,2016,-0.05698987959228101,321,0.06476345635746786,Ennis III,-0.05874971641957982,384,0.05865689618053931,2016-17 -> 2017-18
203944,Randle,2016,-0.02376591841772611,773,0.035147340264971426,Randle,0.026629142260249577,904,0.03172065899088985,2016-17 -> 2017-18
201567,Love,2016,-0.02121146604206836,867,0.04074957940700414,Love,0.059169944767854005,729,0.044373433519746756,2016-17 -> 2017-18
204456,McConnell,2016,-0.03659531903592517,512,0.04485515798199138,McConnell,0.09073452803082563,421,0.05087538577478998,2016-17 -> 2017-18
202704,Jackson,2016,-0.02793700014667539,677,0.042382161684571165,Jackson,-0.01737241014746358,577,0.04673320447702988,2016-17 -> 2017-18
203939,Powell,2016,-0.050869363815468714,377,0.05191049417411072,Powell,-0.005481667807082643,430,0.04774870232785641,2016-17 -> 2017-18
201580,McGee,2016,-0.06074724420032063,319,0.04598330684944191,McGee,-0.00839093132078018,219,0.059992547168867344,2016-17 -> 2017-18
201587,Batum,2016,-0.02015381879460924,974,0.037705217705024496,Batum,0.0031394034589468972,650,0.04643930520534348,2016-17 -> 2017-18
1627756,Valentine,2016,-0.07234943358930579,288,0.0776666044480329,Valentine,0.03410631270058107,721,0.04569345190559007,2016-17 -> 2017-18
203081,Lillard,2016,-0.014812824318805425,1488,0.030271444811298332,Lillard,-0.03677275129750644,1415,0.03173826206527601,2016-17 -> 2017-18
202083,Matthews,2016,-0.02648309382890733,847,0.042997659851341706,Matthews,0.015225749447881949,697,0.04770771503768467,2016-17 -> 2017-18
203484,Caldwell-Pope,2016,-0.02511686076476175,928,0.0391651102822585,Caldwell-Pope,-0.006398841982227476,798,0.04335435367335148,2016-17 -> 2017-18
203924,Grant,2016,-0.07207094527258007,328,0.06150393603255642,Grant,-0.10713089738388124,456,0.04829214530710938,2016-17 -> 2017-18
2730,Howard,2016,-0.039349269251013515,613,0.0345470479295334,Howard,-0.014877979308590196,911,0.030213762533811465,2016-17 -> 2017-18
202397,Smith,2016,-0.03226662214948272,749,0.03741077730235424,Smith,0.05364395604431649,801,0.036483488796970574,2016-17 -> 2017-18
202692,Burks,2016,-0.10681676311356358,248,0.07099548890581135,Burks,-0.10056904930796441,414,0.05611438644137962,2016-17 -> 2017-18
1938,Ginobili,2016,-0.06340831568287554,439,0.058258339871866315,Ginobili,-0.05619814337095762,463,0.054198871495378054,2016-17 -> 2017-18
202687,Biyombo,2016,-0.08409990209039143,339,0.04759333206827411,Biyombo,-0.08196349777112454,352,0.04758000218348239,2016-17 -> 2017-18
203903,Clarkson,2016,-0.027551499895023365,1071,0.03469295273743247,Clarkson,0.01009165723559934,954,0.036915188034489316,2016-17 -> 2017-18
204020,Johnson,2016,-0.03596336504849704,824,0.03857890315534136,Johnson,-0.004101946341595749,711,0.04481180702655853,2016-17 -> 2017-18
203079,Waiters,2016,-0.045262032443373026,663,0.043940446408457005,Waiters,-0.08684699925220632,410,0.05811684134612467,2016-17 -> 2017-18
202323,Turner,2016,-0.056508402882752516,552,0.046179154099234655,Turner,-0.013781402841239089,577,0.0457694304999384,2016-17 -> 2017-18
1626163,Kaminsky,2016,-0.039586488798853646,802,0.04146747912447485,Kaminsky,0.04834081591348755,716,0.04318146376101879,2016-17 -> 2017-18
203943,Vonleh,2016,-0.12105132845509191,270,0.0578461380486601,Vonleh,-0.09694127282610589,234,0.07111882681145139,2016-17 -> 2017-18
1626196,Richardson,2016,-0.06454691696272179,513,0.05241087719965489,Richardson,0.02611561454391783,885,0.03886882277793901,2016-17 -> 2017-18
202325,Johnson,2016,-0.17204907698610028,200,0.08811012743887188,Johnson,-0.0749492843537655,368,0.0627880629339729,2016-17 -> 2017-18
200782,Tucker,2016,-0.07209637682705874,482,0.05348705630631769,Tucker,-0.06526539019196963,441,0.06296343382120742,2016-17 -> 2017-18
203090,Harkless,2016,-0.05644096830408056,624,0.04395379668047245,Harkless,-0.0443987357072257,297,0.06624740167178482,2016-17 -> 2017-18
2747,Smith,2016,-0.10017953203526667,356,0.07039811579002574,Smith,0.0080954773204575,595,0.05272663528002434,2016-17 -> 2017-18
200794,Millsap,2016,-0.03679693136157494,972,0.03502767158082377,Millsap,0.0217691974802392,435,0.05280466436998973,2016-17 -> 2017-18
202339,Bledsoe,2016,-0.034839420482738484,1034,0.034787803950573265,Bledsoe,0.011283811037139303,989,0.03637331641877724,2016-17 -> 2017-18
203077,Kidd-Gilchrist,2016,-0.05868178766350512,618,0.03766743102455377,Kidd-Gilchrist,0.025120621886623593,560,0.039836655790876335,2016-17 -> 2017-18
1627759,Brown,2016,-0.08587040395278457,423,0.0538052657161224,Brown,-0.0358229873307117,803,0.04051551317886845,2016-17 -> 2017-18
1626155,Dekker,2016,-0.08628753576059442,429,0.055478676070811465,Dekker,-0.19352757430183756,259,0.06429063617692075,2016-17 -> 2017-18
1626156,Russell,2016,-0.04353405109124419,867,0.04051785731937494,Russell,-0.04973698597675228,672,0.04557336251826695,2016-17 -> 2017-18
203501,Hardaway Jr.,2016,-0.04163113386083463,912,0.03909284347257369,Hardaway Jr.,-0.05115150912470767,856,0.040957628257955486,2016-17 -> 2017-18
1626169,Johnson,2016,-0.10428142273426523,365,0.06131472989816499,Johnson,-0.16472809830503427,560,0.04976578102188524,2016-17 -> 2017-18
2734,Harris,2016,-0.11185958856730804,341,0.06572667372556949,Harris,-0.08093184519369785,454,0.056109082681045565,2016-17 -> 2017-18
203930,Kilpatrick,2016,-0.05198419196097109,735,0.04322427031688489,Kilpatrick,-0.12332352240279922,294,0.07039380010964764,2016-17 -> 2017-18
201571,Augustin,2016,-0.07571052052484921,517,0.05416479842341306,Augustin,0.08589990494742442,540,0.052554348323508526,2016-17 -> 2017-18
1627763,Brogdon,2016,-0.061660205829395354,635,0.043946961414573785,Brogdon,0.010085507831378654,503,0.049956522131291814,2016-17 -> 2017-18
201960,Carroll,2016,-0.07206823334083,550,0.05390126779391637,Carroll,-0.04898523929731098,785,0.043556608225590654,2016-17 -> 2017-18
203953,Parker,2016,-0.05221588317500976,814,0.03625896830930562,Parker,-0.01080940250898574,332,0.05796327045130633,2016-17 -> 2017-18
1627739,Dunn,2016,-0.139633763337661,313,0.06100738691129248,Dunn,-0.0688850854567764,666,0.04147157539020892,2016-17 -> 2017-18
1626164,Booker,2016,-0.031412321965238583,1431,0.02932947213650992,Booker,-0.021965630045309225,1054,0.03554094667759936,2016-17 -> 2017-18
203994,Nurkic,2016,-0.08421364892108828,534,0.04034731956842287,Nurkic,-0.06259044027725949,951,0.030568099676908086,2016-17 -> 2017-18
2548,Wade,2016,-0.04716474772511394,955,0.03372316676088528,Wade,-0.09240832083973259,682,0.04002922584377589,2016-17 -> 2017-18
203458,Len,2016,-0.09785283204713605,463,0.04241255859181263,Len,-0.1490051583328708,378,0.04442175907327737,2016-17 -> 2017-18
1627750,Murray,2016,-0.06219523851567009,730,0.0439955209750769,Murray,0.02205121810690131,1062,0.036052230943890116,2016-17 -> 2017-18
203952,Wiggins,2016,-0.029218691984731048,1570,0.026399463473053546,Wiggins,-0.05114620429333784,1300,0.030351006298875268,2016-17 -> 2017-18
203901,Payton,2016,-0.051809492465969914,912,0.03457178002343084,Payton,-0.020624354785973853,667,0.04023926409257725,2016-17 -> 2017-18
203506,Oladipo,2016,-0.05117840278848117,932,0.037712718322403305,Oladipo,0.008505361939915725,1342,0.030627365370093695,2016-17 -> 2017-18
1626209,Hezonja,2016,-0.1478433437823729,330,0.06426215844732565,Hezonja,-0.014665803670048534,617,0.04714541450353671,2016-17 -> 2017-18
200757,Sefolosha,2016,-0.12821725840976061,395,0.05593700902922446,Sefolosha,0.04993274310787494,240,0.07377528752925078,2016-17 -> 2017-18
1627752,Prince,2016,-0.18273754223925442,285,0.0674735879688494,Prince,-0.027810011141490322,975,0.03865174489985594,2016-17 -> 2017-18
201937,Rubio,2016,-0.0804732676642745,650,0.044040541599246516,Rubio,-0.034579566888153265,827,0.039889788673457896,2016-17 -> 2017-18
1627098,Delaney,2016,-0.13548685293970752,388,0.0568015764236469,Delaney,-0.07348815877272169,285,0.07043308033119783,2016-17 -> 2017-18
1627789,Luwawu-Cabarrot,2016,-0.1530099988948554,361,0.0625508754370831,Luwawu-Cabarrot,-0.13275112732544514,267,0.07716110448735701,2016-17 -> 2017-18
1626159,Winslow,2016,-0.24725939297638735,225,0.06917765301746658,Winslow,-0.10886388605513904,488,0.04947913518896867,2016-17 -> 2017-18
2772,Ariza,2016,-0.07043277480073998,798,0.04606861667417689,Ariza,-0.05749628218686216,651,0.05136286181751034,2016-17 -> 2017-18
1626162,Oubre Jr.,2016,-0.12898741529287705,442,0.05474123778703226,Oubre Jr.,-0.0957780341878021,790,0.04222441975698573,2016-17 -> 2017-18
1626147,Anderson,2016,-0.13094201306982112,439,0.055114151408043224,Anderson,-0.08313276829703609,202,0.08412612066497668,2016-17 -> 2017-18
1626168,Lyles,2016,-0.13166188293250486,439,0.05745816436795494,Lyles,0.05732387621267394,550,0.049276703466062666,2016-17 -> 2017-18
201145,Green,2016,-0.10527569993771733,558,0.0478869982849947,Green,-0.05278214742143093,618,0.04309126017111673,2016-17 -> 2017-18
202718,Parsons,2016,-0.266781263173078,222,0.07938664386281663,Parsons,0.09610857288361815,234,0.08036949924851249,2016-17 -> 2017-18
203487,Carter-Williams,2016,-0.199938795906718,306,0.06121471248110897,Carter-Williams,-0.27506516662460456,229,0.0723349323431069,2016-17 -> 2017-18
1627734,Sabonis,2016,-0.12861569549913887,481,0.0515289510623545,Sabonis,-0.015014399032376943,661,0.037329828391701826,2016-17 -> 2017-18
1626181,Powell,2016,-0.12232376507029737,506,0.050089102032429354,Powell,-0.15295237203078907,374,0.06272300431984196,2016-17 -> 2017-18
200765,Rondo,2016,-0.1129548812773371,561,0.04620184045537301,Rondo,-0.04720871909199487,494,0.050657552042514015,2016-17 -> 2017-18
1626179,Rozier,2016,-0.15484489690574227,411,0.05793023440074913,Rozier,-0.048316151588506384,800,0.042874333110409175,2016-17 -> 2017-18
203613,Simmons,2016,-0.15415668330760812,421,0.05163411241822739,Simmons,0.029770628362504506,761,0.039904153428403706,2016-17 -> 2017-18
203486,Plumlee,2016,-0.11437222565059989,623,0.035113638778245373,Plumlee,-0.026686224402745814,368,0.04651996037328542,2016-17 -> 2017-18
203967,Saric,2016,-0.07692545932144308,927,0.037828039190343415,Saric,0.03767787985572905,890,0.039848768444467254,2016-17 -> 2017-18
201147,Brewer,2016,-0.21252683819106477,348,0.05925242247759577,Brewer,-0.22458153503014422,316,0.06198386684626024,2016-17 -> 2017-18
203496,Covington,2016,-0.10218839297719344,732,0.045890828081707295,Covington,-0.003961168234740982,836,0.044160959667735845,2016-17 -> 2017-18
202329,Aminu,2016,-0.1637030973785788,466,0.05477477332403551,Aminu,-0.08126149665508428,582,0.05195308605062128,2016-17 -> 2017-18
202322,Wall,2016,-0.05885682337690039,1435,0.02771929843808047,Wall,-0.0999684208152226,667,0.04217788877124728,2016-17 -> 2017-18
203145,Bazemore,2016,-0.12062525442609366,721,0.042847931006937776,Bazemore,-0.04866743045841572,676,0.045085075374604225,2016-17 -> 2017-18
203932,Gordon,2016,-0.10128265883216497,865,0.03719250364532367,Gordon,-0.08406353764148004,865,0.039177958394617046,2016-17 -> 2017-18
1626150,Harrison,2016,-0.24476348615095292,360,0.0620645383841019,Harrison,-0.10839392245180632,429,0.05502822216723657,2016-17 -> 2017-18
1627742,Ingram,2016,-0.13158217183260912,686,0.04194962783941407,Ingram,-0.03704125574771161,761,0.03716522115595972,2016-17 -> 2017-18
203471,Schroder,2016,-0.07459149173291679,1214,0.031599612382842465,Schroder,-0.06877716516127484,1146,0.03236966397386245,2016-17 -> 2017-18
1626178,Hollis-Jefferson,2016,-0.168169983711326,542,0.04310870966589326,Hollis-Jefferson,-0.05553267002885815,724,0.03683582991167586,2016-17 -> 2017-18
203507,Antetokounmpo,2016,-0.07924601583653712,1259,0.027485145375278016,Antetokounmpo,-0.011984266300977374,1402,0.02616391943056433,2016-17 -> 2017-18
203110,Green,2016,-0.1564256875810616,650,0.04453604985491711,Green,-0.056615883199318706,619,0.046467158113756526,2016-17 -> 2017-18
1626144,Mudiay,2016,-0.18471160508839193,551,0.04797554230960734,Mudiay,-0.11485306101125554,526,0.048282093306234446,2016-17 -> 2017-18
1627737,Chriss,2016,-0.18090264989488974,632,0.04361083350944785,Chriss,-0.20349080461136054,477,0.05187620508722032,2016-17 -> 2017-18
203935,Smart,2016,-0.1555494924780451,749,0.04306901075388928,Smart,-0.1430541386517064,515,0.05318281365036706,2016-17 -> 2017-18
201566,Westbrook,2016,-0.10691193348097824,1941,0.02539743437606736,Westbrook,-0.14595031694575947,1687,0.025715606757913356,2016-17 -> 2017-18
202691,Thompson,2017,0.18093606805820034,1177,0.034781634300413096,Thompson,0.08398648422119163,1402,0.031763239161894594,2017-18 -> 2018-19
201142,Durant,2017,0.14762774913181712,1222,0.032235212741877184,Durant,0.11998976544585448,1383,0.029662550008897077,2017-18 -> 2018-19
201939,Curry,2017,0.1992310679594473,864,0.04255926172434622,Curry,0.15940317505245452,1340,0.03453179619385602,2017-18 -> 2018-19
203999,Jokic,2017,0.15721933035227567,1010,0.03499832923999445,Jokic,0.08563954333791304,1206,0.031186412080941254,2017-18 -> 2018-19
1626157,Towns,2017,0.12817762741243635,1172,0.03136833544526829,Towns,0.09969210593798532,1314,0.03016718978869512,2017-18 -> 2018-19
200755,Redick,2017,0.1585413121689016,879,0.04163084969473624,Redick,0.08208442341825253,1027,0.03951726593722046,2017-18 -> 2018-19
203490,Porter Jr.,2017,0.153768671701081,885,0.0385979604006149,Porter Jr.,0.0772492000814727,643,0.04651724675585473,2017-18 -> 2018-19
1717,Nowitzki,2017,0.16310907648895615,758,0.0433813362805068,Nowitzki,-0.062148078713814295,376,0.06407363160313478,2017-18 -> 2018-19
202734,Moore,2017,0.13939873442081044,832,0.03994515138155135,Moore,0.08889899534856092,532,0.04969725184902876,2017-18 -> 2018-19
2544,James,2017,0.07139983091879694,1580,0.02706632341481789,James,0.014349929386098997,1095,0.033346934269165455,2017-18 -> 2018-19
204060,Ingles,2017,0.15092000846310577,718,0.048173305092920414,Ingles,0.06821031718605629,802,0.044963845268612745,2017-18 -> 2018-19
2594,Korver,2017,0.22321901412153577,484,0.06071212852697909,Korver,0.08573297956310282,483,0.0603644649487676,2017-18 -> 2018-19
202681,Irving,2017,0.09603917691905109,1087,0.03527460835581043,Irving,0.06725843000932026,1241,0.03277234018488759,2017-18 -> 2018-19
203118,Scott,2017,0.19580288932995818,524,0.049095950568799854,Scott,-0.000863626452423968,420,0.06162438714485289,2017-18 -> 2018-19
203114,Middleton,2017,0.07581951549051404,1272,0.031717085507214256,Middleton,0.014112007440965108,1148,0.03491914612864295,2017-18 -> 2018-19
202683,Freedom,2017,0.1310918846269802,713,0.03547512754707239,Freedom,0.009204419503795535,683,0.03747164893062129,2017-18 -> 2018-19
203925,Harris,2017,0.14641298472637101,621,0.05015417701200422,Harris,0.16137735203127695,748,0.044938726173678493,2017-18 -> 2018-19
101108,Paul,2017,0.11189087904031374,798,0.04271757252058834,Paul,0.021300800014065008,720,0.0456113473800817,2017-18 -> 2018-19
203493,Bullock Jr.,2017,0.15838664344869044,546,0.05254666487745732,Bullock Jr.,0.020313613608742214,594,0.053233680364789565,2017-18 -> 2018-19
203121,Miller,2017,0.17524512897735695,487,0.06015431124554749,Miller,0.02885530250356885,484,0.06067767801089416,2017-18 -> 2018-19
201229,Tolliver,2017,0.18065015585872038,472,0.06146491728430054,Tolliver,0.007369005497333822,259,0.08472847364679602,2017-18 -> 2018-19
201959,Gibson,2017,0.10512005332118557,737,0.03514629807150841,Gibson,0.08379820256310065,537,0.041869589998629136,2017-18 -> 2018-19
203482,Olynyk,2017,0.11813464243686389,636,0.04676844501008266,Olynyk,0.03938339558652111,564,0.05255717501666751,2017-18 -> 2018-19
1627741,Hield,2017,0.07636722322334343,933,0.03884567883312436,Hield,0.06813617740743325,1360,0.032863986870971605,2017-18 -> 2018-19
201954,Collison,2017,0.10880666686975868,638,0.04473027975714053,Collison,0.004008652672575466,659,0.04351403525691023,2017-18 -> 2018-19
201577,Lopez,2017,0.10631440150532716,645,0.038012918513869995,Lopez,0.10541887261227237,535,0.042868797417897446,2017-18 -> 2018-19
201143,Horford,2017,0.08882617206859518,753,0.04066118338859561,Horford,0.14134212026047258,723,0.040973072474560196,2017-18 -> 2018-19
201586,Ibaka,2017,0.08416638784146924,784,0.04138144049359735,Ibaka,0.09051004718060214,877,0.03543986182760656,2017-18 -> 2018-19
200746,Aldridge,2017,0.04864820689056928,1347,0.02705654779392929,Aldridge,0.07287572641179056,1319,0.026959773085884233,2017-18 -> 2018-19
203992,Bogdanovic,2017,0.07981942954958106,772,0.04245634597598462,Bogdanovic,-0.0025139265983697254,863,0.04035257942047837,2017-18 -> 2018-19
202699,Harris,2017,0.04926392223928278,1221,0.03294825096481365,Harris,0.04870529871855403,1254,0.03181064846385588,2017-18 -> 2018-19
202685,Valanciunas,2017,0.0875050849868549,687,0.038070865363126316,Valanciunas,0.07784886391366518,538,0.042907372725003695,2017-18 -> 2018-19
201950,Holiday,2017,0.04687981146988021,1244,0.03153999001287371,Holiday,-0.0045612943158036085,1159,0.03326015828810637,2017-18 -> 2018-19
203504,Burke,2017,0.14663273954438708,384,0.056494943165270754,Burke,-0.04086395364226127,548,0.04782512587855536,2017-18 -> 2018-19
203107,Satoransky,2017,0.14173991865056287,384,0.055807324471336434,Satoransky,0.00967890329225006,530,0.04849374889997938,2017-18 -> 2018-19
201961,Ellington,2017,0.07585079134662984,700,0.051376588555944146,Ellington,0.020705482229549627,457,0.06394927048905232,2017-18 -> 2018-19
1627751,Poeltl,2017,0.13772869685347958,384,0.0467143547941174,Poeltl,0.1098141339733886,290,0.05359877334034647,2017-18 -> 2018-19
203078,Beal,2017,0.034348350405613993,1484,0.029847338635691507,Beal,0.005176706686563556,1609,0.02884219818426398,2017-18 -> 2018-19
203095,Fournier,2017,0.06291190350760414,802,0.04174661873465326,Fournier,-0.016735999879770955,1069,0.036260910769047944,2017-18 -> 2018-19
202693,Morris,2017,0.07142368497231914,687,0.04236929602145777,Morris,-0.06748882922999405,484,0.05353934633735071,2017-18 -> 2018-19
201158,Belinelli,2017,0.06415211172609075,764,0.04434356618287108,Belinelli,0.0001400828987732933,690,0.047613345634574165,2017-18 -> 2018-19
203087,Lamb,2017,0.05888515446185494,832,0.03861563634510879,Lamb,-0.01639999326202107,979,0.036510058561516824,2017-18 -> 2018-19
202696,Vucevic,2017,0.058267459644301314,840,0.037587200247971075,Vucevic,0.11427279177205159,1354,0.028714941821970603,2017-18 -> 2018-19
203914,Harris,2017,0.05263939564455145,908,0.03918710831211664,Harris,-0.11663574364341144,637,0.04588527058505473,2017-18 -> 2018-19
1626171,Portis,2017,0.05746539589838684,811,0.03875043349396009,Portis,-0.016356475244698878,628,0.044779956594555845,2017-18 -> 2018-19
201571,Augustin,2017,0.08589990494742442,540,0.052554348323508526,Augustin,0.072102528440219,677,0.04618509411271925,2017-18 -> 2018-19
201567,Love,2017,0.059169944767854005,729,0.044373433519746756,Love,-0.09614060081705705,283,0.07310160679600358,2017-18 -> 2018-19
200768,Lowry,2017,0.0455846232425478,944,0.041688021765272705,Lowry,-0.038546490795658625,739,0.04681960120071649,2017-18 -> 2018-19
202397,Smith,2017,0.05364395604431649,801,0.036483488796970574,Smith,-0.034674109480920125,489,0.05030519350654606,2017-18 -> 2018-19
101107,Williams,2017,0.0756602840844008,563,0.05216932520992281,Williams,0.007998317610253828,652,0.04937120303722793,2017-18 -> 2018-19
203473,Dedmon,2017,0.08842272788713046,477,0.0504823638019802,Dedmon,0.005191296781151043,526,0.050383047534599434,2017-18 -> 2018-19
203584,Daniels,2017,0.06952126450188308,575,0.056387883133255406,Daniels,0.04385608795261863,275,0.07942616693393473,2017-18 -> 2018-19
1626149,Harrell,2017,0.07282350864613528,548,0.038467195260522793,Harrell,-0.010835130626253124,888,0.030063334357062627,2017-18 -> 2018-19
1628379,Kennard,2017,0.0828579401613496,465,0.05482840565937491,Kennard,0.08639814648642877,520,0.053891147492087066,2017-18 -> 2018-19
204456,McConnell,2017,0.09073452803082563,421,0.05087538577478998,McConnell,0.08133993264200878,419,0.050146984017075555,2017-18 -> 2018-19
1626163,Kaminsky,2017,0.04834081591348755,716,0.04318146376101879,Kaminsky,0.07445949196277099,298,0.06974295139888809,2017-18 -> 2018-19
203954,Embiid,2017,0.032599461617817016,1056,0.032448088683270704,Embiid,-0.01625173157288724,1199,0.03065400190509815,2017-18 -> 2018-19
1626188,Cook,2017,0.13655117177015424,252,0.07467415198878703,Cook,0.10550406033254006,439,0.05762764557685182,2017-18 -> 2018-19
202703,Mirotic,2017,0.05008430995122552,684,0.04681062213577605,Mirotic,0.045804943608149726,542,0.0540117583305077,2017-18 -> 2018-19
203967,Saric,2017,0.03767787985572905,890,0.039848768444467254,Saric,-0.03685003567334249,696,0.0454947014533293,2017-18 -> 2018-19
202711,Bogdanovic,2017,0.03794843117025242,852,0.04081681355743883,Bogdanovic,0.04291510083516019,1051,0.03533744552277324,2017-18 -> 2018-19
201572,Lopez,2017,0.040296335184838966,793,0.04170790273805149,Lopez,0.057614017741083934,786,0.04569712406178687,2017-18 -> 2018-19
1626168,Lyles,2017,0.05732387621267394,550,0.049276703466062666,Lyles,-0.13081196556210942,495,0.05223848995115016,2017-18 -> 2018-19
203918,Hood,2017,0.041305548275271636,751,0.0435172352733354,Hood,0.006808373548716934,671,0.044525902525329744,2017-18 -> 2018-19
201588,Hill,2017,0.05671905864744553,513,0.05178833468884895,Hill,-0.04094487709896873,376,0.06023404069273706,2017-18 -> 2018-19
202689,Walker,2017,0.021346368045089943,1363,0.03224447278429372,Walker,-0.023465961405413845,1684,0.029093648691771307,2017-18 -> 2018-19
203459,Crabbe,2017,0.034450737347632876,827,0.04465661397140373,Crabbe,-0.053585412196870665,373,0.06777985546382659,2017-18 -> 2018-19
202357,Bjelica,2017,0.07489987446002482,371,0.06289446733390798,Bjelica,0.06947183253010554,593,0.04871244122564832,2017-18 -> 2018-19
202722,Bertans,2017,0.07156536450399169,366,0.06757061370932382,Bertans,0.1696649732356045,453,0.06202655755451934,2017-18 -> 2018-19
1626167,Turner,2017,0.03928589849685344,639,0.04246257604828217,Turner,0.06920145605299388,780,0.03868877926062706,2017-18 -> 2018-19
200826,Barea,2017,0.03552225739976828,690,0.0455538942972156,Barea,-0.08401358448229707,385,0.05844119170186867,2017-18 -> 2018-19
203076,Davis,2017,0.016638627693406256,1462,0.025686819903275784,Davis,-0.0031126916924763045,1026,0.0313241341987032,2017-18 -> 2018-19
203937,Anderson,2017,0.05522235739451444,438,0.048727381599068725,Anderson,0.017575623162535588,276,0.06149677746611605,2017-18 -> 2018-19
203944,Randle,2017,0.026629142260249577,904,0.03172065899088985,Randle,0.04365728243208168,1089,0.0315383668611767,2017-18 -> 2018-19
1627750,Murray,2017,0.02205121810690131,1062,0.036052230943890116,Murray,-0.03476395465850805,1173,0.033568413461102356,2017-18 -> 2018-19
1626196,Richardson,2017,0.02611561454391783,885,0.03886882277793901,Richardson,-0.05249751383059086,1026,0.03734140870058077,2017-18 -> 2018-19
203613,Simmons,2017,0.029770628362504506,761,0.039904153428403706,Simmons,-0.16979737420053473,350,0.059310540880170556,2017-18 -> 2018-19
203476,Dieng,2017,0.05429934184192795,388,0.05242913449660407,Dieng,0.08448665200216558,377,0.05254108335993602,2017-18 -> 2018-19
202326,Cousins,2017,0.02406093573074157,864,0.038290811114278955,Cousins,-0.009666979282128198,371,0.05639485999781088,2017-18 -> 2018-19
202710,Butler,2017,0.02195763843167193,921,0.035237191883421615,Butler,-0.06919400800753481,904,0.03537675408763884,2017-18 -> 2018-19
201973,Jerebko,2017,0.057399626896483036,341,0.06476182156564879,Jerebko,0.048464115986183665,355,0.06484194677997761,2017-18 -> 2018-19
203503,Snell,2017,0.04558448305297428,425,0.06194883958029408,Snell,0.028492078529550397,361,0.06520490399534881,2017-18 -> 2018-19
202355,Whiteside,2017,0.03317205750050435,578,0.038366802769774375,Whiteside,0.009403519237950525,680,0.035538184875763976,2017-18 -> 2018-19
201935,Harden,2017,0.012137985944378466,1449,0.03194149084971262,Harden,0.010385097428213889,1909,0.028377965476100487,2017-18 -> 2018-19
202334,Davis,2017,0.059502429980086646,292,0.053975918330483236,Davis,0.021703756296158123,302,0.05217781527938029,2017-18 -> 2018-19
1628404,Hart,2017,0.043592133867189055,375,0.0627887600048995,Hart,-0.10516452432513412,464,0.058161054110701396,2017-18 -> 2018-19
203488,Muscala,2017,0.05033582436526128,312,0.06966149819018061,Muscala,-0.018963993813186048,361,0.06882228159247662,2017-18 -> 2018-19
2037,Crawford,2017,0.01948857580655131,742,0.043516886300289,Crawford,-0.04205076678454225,438,0.05780712420908075,2017-18 -> 2018-19
203077,Kidd-Gilchrist,2017,0.025120621886623593,560,0.039836655790876335,Kidd-Gilchrist,-0.02142175104442685,332,0.0561982160049861,2017-18 -> 2018-19
203926,McDermott,2017,0.027640793150965685,508,0.05208144953682457,McDermott,0.05475292609847544,422,0.058307148297400926,2017-18 -> 2018-19
202324,Favors,2017,0.01989561719294738,702,0.036301146622420497,Favors,-0.012731677263971458,619,0.0393978136080721,2017-18 -> 2018-19
202694,Morris Sr.,2017,0.022575740599034885,611,0.04678892316669627,Morris Sr.,0.044724999733595186,844,0.04145297068964132,2017-18 -> 2018-19
203546,Clark,2017,0.026973793920813182,495,0.052485971863781115,Clark,-0.0700868735449324,383,0.06326951944364707,2017-18 -> 2018-19
201569,Gordon,2017,0.013285719943542062,970,0.04069331558322013,Gordon,-0.021502859133208818,938,0.041795779214663924,2017-18 -> 2018-19
203506,Oladipo,2017,0.008505361939915725,1342,0.030627365370093695,Oladipo,-0.0922721432605479,588,0.047378068371029154,2017-18 -> 2018-19
202339,Bledsoe,2017,0.011283811037139303,989,0.03637331641877724,Bledsoe,-0.007036745040908543,971,0.037244723719391484,2017-18 -> 2018-19
202083,Matthews,2017,0.015225749447881949,697,0.04770771503768467,Matthews,-0.033616164903002295,698,0.047659801501052555,2017-18 -> 2018-19
1627854,Forbes,2017,0.01980645418438218,497,0.05411273194114673,Forbes,0.1097913822861214,791,0.04395033750272258,2017-18 -> 2018-19
203903,Clarkson,2017,0.01009165723559934,954,0.036915188034489316,Clarkson,-0.003939365782757974,1180,0.03377639403684495,2017-18 -> 2018-19
200794,Millsap,2017,0.0217691974802392,435,0.05280466436998973,Millsap,-0.008861374801782554,665,0.04188484584265786,2017-18 -> 2018-19
1627812,Ferrell,2017,0.01266322643933884,730,0.04516763232517141,Ferrell,-0.004525161693443474,352,0.06333686057607367,2017-18 -> 2018-19
203500,Adams,2017,0.012471003585905341,712,0.03262437782968479,Adams,0.0011233846758966326,809,0.031679733120887836,2017-18 -> 2018-19
2733,Livingston,2017,0.02584178583389545,343,0.05093053014659623,Livingston,0.011911948214717513,210,0.06452154381895059,2017-18 -> 2018-19
1628398,Kuzma,2017,0.0067474907431636835,1039,0.03644808639677467,Kuzma,-0.06583639210692645,1087,0.035121628509203626,2017-18 -> 2018-19
201949,Johnson,2017,0.010540172554051453,614,0.04444542898524892,Johnson,-0.10414406744635547,379,0.05919965869746244,2017-18 -> 2018-19
1627763,Brogdon,2017,0.010085507831378654,503,0.049956522131291814,Brogdon,0.03164318622977746,748,0.04141095152285111,2017-18 -> 2018-19
202066,Temple,2017,0.007569965269979303,476,0.055415251808243596,Temple,-0.10166985891432388,493,0.05538327512714377,2017-18 -> 2018-19
201587,Batum,2017,0.0031394034589468972,650,0.04643930520534348,Batum,0.023787188304274644,562,0.05198805803989022,2017-18 -> 2018-19
1626145,Jones,2017,0.006029345071968108,328,0.06394483404316222,Jones,-0.10804455003754683,446,0.05322021504852036,2017-18 -> 2018-19
201988,Mills,2017,0.0024335216132671924,682,0.04859802884705785,Mills,0.012787362591698588,663,0.04952216311129865,2017-18 -> 2018-19
203468,McCollum,2017,0.0003007463372297777,1505,0.029408021160627705,McCollum,0.014210287874410798,1243,0.03295079191479067,2017-18 -> 2018-19
101123,Green,2017,-0.0022465628955071993,413,0.06454673279544677,Green,-0.01595942168621215,578,0.05574327058121519,2017-18 -> 2018-19
200752,Gay,2017,-0.0031179333118551743,537,0.04581051095336685,Gay,0.08861728383474113,746,0.04007372884123284,2017-18 -> 2018-19
201580,McGee,2017,-0.00839093132078018,219,0.059992547168867344,McGee,-0.03585595838832664,641,0.03473074192416077,2017-18 -> 2018-19
203939,Powell,2017,-0.005481667807082643,430,0.04774870232785641,Powell,-0.00443760663620477,486,0.04672986497987604,2017-18 -> 2018-19
1627782,Selden,2017,-0.009619540103053166,269,0.07238612501847264,Selden,-0.10918209702028617,483,0.05241129547327664,2017-18 -> 2018-19
1627732,Simmons,2017,-0.002623818656131274,998,0.02920674285427233,Simmons,-0.05536735209368994,960,0.029705113302399104,2017-18 -> 2018-19
204020,Johnson,2017,-0.004101946341595749,711,0.04481180702655853,Johnson,-0.05083183703241873,526,0.05311393417986174,2017-18 -> 2018-19
203496,Covington,2017,-0.003961168234740982,836,0.044160959667735845,Covington,0.00876067512645927,362,0.06667282878906405,2017-18 -> 2018-19
202335,Patterson,2017,-0.012915786103641002,266,0.07900759900625942,Patterson,-0.1287911483084037,219,0.0862158641295558,2017-18 -> 2018-19
203953,Parker,2017,-0.01080940250898574,332,0.05796327045130633,Parker,-0.03608468752802413,749,0.039269282910262195,2017-18 -> 2018-19
1628464,Theis,2017,-0.01570855008263824,233,0.06851439645858283,Theis,0.020618225592407294,266,0.06365675556609168,2017-18 -> 2018-19
203484,Caldwell-Pope,2017,-0.006398841982227476,798,0.04335435367335148,Caldwell-Pope,-0.0286778845259324,756,0.04550581034254261,2017-18 -> 2018-19
101141,Ilyasova,2017,-0.008526901470830586,613,0.04757813329707575,Ilyasova,-0.04195412793476428,381,0.059986075198657555,2017-18 -> 2018-19
201573,Bayless,2017,-0.020294632122196624,262,0.07708277593426642,Bayless,-0.18549088001111946,230,0.0785317660926111,2017-18 -> 2018-19
203115,Barton,2017,-0.006675647679089566,1028,0.03647320256278533,Barton,-0.09763466738320713,460,0.05541108255949168,2017-18 -> 2018-19
1628369,Tatum,2017,-0.008925237187835984,835,0.03829398552671762,Tatum,-0.08213504506618936,1036,0.03460815027956443,2017-18 -> 2018-19
201952,Teague,2017,-0.00956641866712624,794,0.03975423853922289,Teague,-0.09737965086186885,416,0.05389231653961984,2017-18 -> 2018-19
1627832,VanVleet,2017,-0.014059808581418186,545,0.05163244405811601,VanVleet,-0.05892792862372327,600,0.04962272817437469,2017-18 -> 2018-19
203497,Gobert,2017,-0.017513375289909237,444,0.04163204709459948,Gobert,-0.02799764474865217,712,0.03161513403403307,2017-18 -> 2018-19
1626170,Grant,2017,-0.015634253674024184,503,0.05138223417966643,Grant,0.020404659899197822,220,0.08225159934107097,2017-18 -> 2018-19
1628382,Jackson,2017,-0.01896005248343267,419,0.05783741687839383,Jackson,0.014530428692290388,485,0.05559689072603885,2017-18 -> 2018-19
202323,Turner,2017,-0.013781402841239089,577,0.0457694304999384,Turner,-0.07805570346047426,443,0.0493521283752227,2017-18 -> 2018-19
202684,Thompson,2017,-0.03629652544282132,235,0.05901688279717453,Thompson,0.003910242945727604,380,0.04884158063126179,2017-18 -> 2018-19
201152,Young,2017,-0.010175968456123135,864,0.0361086707073883,Young,0.008439167402909764,841,0.03596319772879224,2017-18 -> 2018-19
202331,George,2017,-0.0066063154082831345,1340,0.032593341283397304,George,-0.010761815826904487,1614,0.029926201388751256,2017-18 -> 2018-19
1626204,Nance Jr.,2017,-0.021832545280093287,413,0.04385054845105721,Nance Jr.,-0.0559713076868294,479,0.046841364770271246,2017-18 -> 2018-19
1626209,Hezonja,2017,-0.014665803670048534,617,0.04714541450353671,Hezonja,-0.174205411827123,464,0.05200112458027648,2017-18 -> 2018-19
1626166,Payne,2017,-0.04514412296810374,215,0.0799800926981687,Payne,-0.053051489478398564,223,0.07794292171461739,2017-18 -> 2018-19
203486,Plumlee,2017,-0.026686224402745814,368,0.04651996037328542,Plumlee,-0.04937643106290469,442,0.04220619548963507,2017-18 -> 2018-19
202714,Mack,2017,-0.02379223188306501,414,0.05618869769176329,Mack,-0.1317574520181418,403,0.05647573520390042,2017-18 -> 2018-19
1627734,Sabonis,2017,-0.015014399032376943,661,0.037329828391701826,Sabonis,0.13539181452503596,700,0.03593876661220236,2017-18 -> 2018-19
202704,Jackson,2017,-0.01737241014746358,577,0.04673320447702988,Jackson,-0.0009296445593566368,1047,0.03704302763410496,2017-18 -> 2018-19
204038,Galloway,2017,-0.03134972962469596,340,0.06956502578154292,Galloway,-0.03156660196696419,587,0.05329405098223428,2017-18 -> 2018-19
101150,Williams,2017,-0.008076728945878808,1337,0.03187575868850829,Williams,-0.04881848176604737,1138,0.032855217788336145,2017-18 -> 2018-19
1626158,Holmes,2017,-0.04676835663516494,241,0.061071605524071246,Holmes,-0.040806647351965784,365,0.045907992233234725,2017-18 -> 2018-19
1628374,Markkanen,2017,-0.01352895465821657,862,0.04042715349071735,Markkanen,-0.023390178761988897,795,0.041711644062698935,2017-18 -> 2018-19
1713,Carter,2017,-0.04218816617911428,283,0.07414385753308282,Carter,0.027524145852759047,468,0.05981117568174345,2017-18 -> 2018-19
1626153,Wright,2017,-0.030330517923363942,432,0.05468156354765435,Wright,-0.15763096584980144,558,0.04693405187415364,2017-18 -> 2018-19
203090,Harkless,2017,-0.0443987357072257,297,0.06624740167178482,Harkless,-0.15935443248762782,388,0.055083799934115336,2017-18 -> 2018-19
203901,Payton,2017,-0.020624354785973853,667,0.04023926409257725,Payton,-0.12131996785555364,412,0.05409332850125652,2017-18 -> 2018-19
101139,Miles,2017,-0.02785205843239117,599,0.05415015484752175,Miles,-0.1266527519901006,311,0.07316770155065443,2017-18 -> 2018-19
203507,Antetokounmpo,2017,-0.011984266300977374,1402,0.02616391943056433,Antetokounmpo,-0.0392103257719124,1247,0.027964555740290276,2017-18 -> 2018-19
202709,Joseph,2017,-0.029019352367150426,604,0.046006018330016225,Joseph,-0.06863694167285977,548,0.0482915452118977,2017-18 -> 2018-19
1628467,Kleber,2017,-0.05839278995871386,309,0.06486431612580475,Kleber,-0.03416229770435026,386,0.06264485482466799,2017-18 -> 2018-19
1628381,Collins,2017,-0.0353701193708584,545,0.039766313507661986,Collins,-0.021156245385937043,831,0.034908643096579324,2017-18 -> 2018-19
201609,Dragic,2017,-0.019685704470955814,1075,0.03403784628439496,Dragic,-0.10717464970596668,433,0.05604372441267684,2017-18 -> 2018-19
201163,Chandler,2017,-0.03416230050061798,631,0.04644842289535354,Chandler,-0.012578625354260216,273,0.07634214334658056,2017-18 -> 2018-19
203084,Barnes,2017,-0.017871653464540213,1208,0.03194335303729138,Barnes,-0.028228000046566063,1027,0.03699152032101063,2017-18 -> 2018-19
203894,Napier,2017,-0.040968060084573654,531,0.05124878510672712,Napier,-0.09879580641402247,435,0.05911841301362408,2017-18 -> 2018-19
203516,Ennis III,2017,-0.05874971641957982,384,0.05865689618053931,Ennis III,-0.06660123580854177,294,0.07107522280689389,2017-18 -> 2018-19
203943,Vonleh,2017,-0.09694127282610589,234,0.07111882681145139,Vonleh,-0.053612098518980064,440,0.053131634641004684,2017-18 -> 2018-19
1628384,Anunoby,2017,-0.0665043021598944,346,0.06614060120453119,Anunoby,-0.09476079498857852,404,0.05984373390479191,2017-18 -> 2018-19
1626164,Booker,2017,-0.021965630045309225,1054,0.03554094667759936,Booker,-0.005425183037398772,1255,0.032035076648178826,2017-18 -> 2018-19
200765,Rondo,2017,-0.04720871909199487,494,0.050657552042514015,Rondo,-0.1413965836164595,432,0.05483015537991518,2017-18 -> 2018-19
1628425,Brown,2017,-0.11514821001522253,205,0.08259620536311096,Brown,-0.03253285131572207,312,0.06753531633443044,2017-18 -> 2018-19
1626192,Connaughton,2017,-0.06171849480186543,390,0.06191675774345365,Connaughton,-0.044611243298952885,350,0.06496165983960195,2017-18 -> 2018-19
201942,DeRozan,2017,-0.018132538419518646,1413,0.028666550534026402,DeRozan,-0.00712622740651217,1313,0.027280646636257816,2017-18 -> 2018-19
201568,Gallinari,2017,-0.1049637263459311,256,0.07335791486025658,Gallinari,0.07594147125407683,884,0.03950345449837889,2017-18 -> 2018-19
1627752,Prince,2017,-0.027810011141490322,975,0.03865174489985594,Prince,0.016864378909520195,594,0.05066911172458902,2017-18 -> 2018-19
2738,Iguodala,2017,-0.08490410608349067,320,0.06175517492785202,Iguodala,-0.06057317563116855,302,0.0668732040955109,2017-18 -> 2018-19
1627742,Ingram,2017,-0.03704125574771161,761,0.03716522115595972,Ingram,-0.015596753737884992,729,0.038011653482191154,2017-18 -> 2018-19
1626220,O'Neale,2017,-0.09981432069967186,284,0.06904513008291527,O'Neale,0.02485063655383865,343,0.06490406586898702,2017-18 -> 2018-19
201937,Rubio,2017,-0.034579566888153265,827,0.039889788673457896,Rubio,-0.1216141996466104,730,0.04290509710731879,2017-18 -> 2018-19
1627759,Brown,2017,-0.0358229873307117,803,0.04051551317886845,Brown,-0.058103265114601524,792,0.0403422999632884,2017-18 -> 2018-19
200782,Tucker,2017,-0.06526539019196963,441,0.06296343382120742,Tucker,-0.05230302041299427,523,0.05859515173547601,2017-18 -> 2018-19
1628416,Dorsey,2017,-0.08154829326489882,382,0.06270601200544382,Dorsey,-0.09313738039669363,264,0.07521613537401613,2017-18 -> 2018-19
203991,Capela,2017,-0.046508074844585454,676,0.032395197375637924,Capela,-0.0375464282499556,732,0.031321563631762625,2017-18 -> 2018-19
201145,Green,2017,-0.05278214742143093,618,0.04309126017111673,Green,0.03137654625821919,687,0.04522419185293952,2017-18 -> 2018-19
201599,Jordan,2017,-0.056854821456526164,578,0.03545771711361312,Jordan,-0.10468447564436871,446,0.03905203219871116,2017-18 -> 2018-19
203145,Bazemore,2017,-0.04866743045841572,676,0.045085075374604225,Bazemore,-0.13380287167631352,691,0.04502269312693649,2017-18 -> 2018-19
1626156,Russell,2017,-0.04973698597675228,672,0.04557336251826695,Russell,0.002142623462290743,1517,0.03062088376053966,2017-18 -> 2018-19
1627820,Wallace,2017,-0.13722513362268393,247,0.0664775676480352,Wallace,-0.18163243308359386,217,0.0684941990822818,2017-18 -> 2018-19
1628380,Collins,2017,-0.11919784097648663,289,0.06796353235837017,Collins,-0.057630700776296354,400,0.0553054562350467,2017-18 -> 2018-19
1627783,Siakam,2017,-0.07009664131046964,498,0.04844578735761395,Siakam,0.04829284355506682,945,0.03482345805439579,2017-18 -> 2018-19
1628370,Monk,2017,-0.08228048441262927,425,0.06040366254621849,Monk,-0.08916934414861233,586,0.050973003723579435,2017-18 -> 2018-19
203110,Green,2017,-0.056615883199318706,619,0.046467158113756526,Green,-0.08131011808860387,422,0.056102112062751675,2017-18 -> 2018-19
1628378,Mitchell,2017,-0.025762018097195954,1362,0.03171487607427627,Mitchell,-0.03396756498484028,1530,0.029261042355689465,2017-18 -> 2018-19
1627789,Luwawu-Cabarrot,2017,-0.13275112732544514,267,0.07716110448735701,Luwawu-Cabarrot,-0.18677442743718273,218,0.08299239745705649,2017-18 -> 2018-19
203079,Waiters,2017,-0.08684699925220632,410,0.05811684134612467,Waiters,-0.014420374383600278,478,0.058045544752651196,2017-18 -> 2018-19
202340,Bradley,2017,-0.058418061412261704,625,0.04540283638530476,Bradley,-0.06675442304763717,608,0.047880681232921087,2017-18 -> 2018-19
2734,Harris,2017,-0.08093184519369785,454,0.056109082681045565,Harris,-0.13060808657839956,347,0.06659358135711894,2017-18 -> 2018-19
2772,Ariza,2017,-0.05749628218686216,651,0.05136286181751034,Ariza,-0.12368839884709591,736,0.046443217236384796,2017-18 -> 2018-19
1628411,Iwundu,2017,-0.1718906152413786,218,0.0723424644262102,Iwundu,-0.14179472336253063,274,0.06674481919927477,2017-18 -> 2018-19
201188,Gasol,2017,-0.036331681311849474,1033,0.03480025771187787,Gasol,0.021953072422861465,870,0.03817310973978135,2017-18 -> 2018-19
201960,Carroll,2017,-0.04898523929731098,785,0.043556608225590654,Carroll,-0.08893598143424263,575,0.05178653959300207,2017-18 -> 2018-19
1626179,Rozier,2017,-0.048316151588506384,800,0.042874333110409175,Rozier,-0.10503998777938939,666,0.047248961847346865,2017-18 -> 2018-19
1628021,Nwaba,2017,-0.0940903404130196,423,0.048692649326604824,Nwaba,-0.05716806877766329,262,0.06796506927798365,2017-18 -> 2018-19
1626178,Hollis-Jefferson,2017,-0.05553267002885815,724,0.03683582991167586,Hollis-Jefferson,-0.24094113411047893,487,0.045592616862142124,2017-18 -> 2018-19
1627748,Maker,2017,-0.13128826668842253,316,0.06237170511365217,Maker,-0.12641102470042961,268,0.07532017765933204,2017-18 -> 2018-19
202692,Burks,2017,-0.10056904930796441,414,0.05611438644137962,Burks,-0.110518247626873,474,0.052567147510622296,2017-18 -> 2018-19
203085,Rivers,2017,-0.052252079829638705,805,0.04229354825267222,Rivers,-0.07943663416182249,572,0.05243522431168418,2017-18 -> 2018-19
203382,Baynes,2017,-0.09510715142954267,446,0.04524864166214826,Baynes,-0.09163723670498715,223,0.07256566771894696,2017-18 -> 2018-19
203501,Hardaway Jr.,2017,-0.05115150912470767,856,0.040957628257955486,Hardaway Jr.,-0.08729629298942454,993,0.038461219048263266,2017-18 -> 2018-19
2225,Parker,2017,-0.11346015335902424,388,0.0514048782170091,Parker,-0.01651865872583234,463,0.04762344918531165,2017-18 -> 2018-19
201933,Griffin,2017,-0.044705226970936464,996,0.03568878991368293,Griffin,0.03253636851499174,1341,0.03184373591727797,2017-18 -> 2018-19
1627739,Dunn,2017,-0.0688850854567764,666,0.04147157539020892,Dunn,-0.10163765240667955,506,0.04766095081090292,2017-18 -> 2018-19
1628389,Adebayo,2017,-0.13847286059499295,340,0.047306300867496945,Adebayo,-0.002243625853001375,486,0.041137845989661116,2017-18 -> 2018-19
202329,Aminu,2017,-0.08126149665508428,582,0.05195308605062128,Aminu,-0.11875525168356384,593,0.0490572981039827,2017-18 -> 2018-19
1628386,Allen,2017,-0.12134920757069671,397,0.043552095591698994,Allen,-0.144850099040994,568,0.03819758575561738,2017-18 -> 2018-19
203924,Grant,2017,-0.10713089738388124,456,0.04829214530710938,Grant,-0.05495846924801249,823,0.0390297825774434,2017-18 -> 2018-19
1626155,Dekker,2017,-0.19352757430183756,259,0.06429063617692075,Dekker,-0.14659407517705847,256,0.0657646320236062,2017-18 -> 2018-19
203081,Lillard,2017,-0.03677275129750644,1415,0.03173826206527601,Lillard,-0.04773781299897712,1533,0.030153539778724637,2017-18 -> 2018-19
201936,Evans,2017,-0.06530100517421604,809,0.0400396805418686,Evans,-0.19989471264069675,660,0.04399357069473199,2017-18 -> 2018-19
1626159,Winslow,2017,-0.10886388605513904,488,0.04947913518896867,Winslow,-0.043845460579334236,749,0.041895147908969296,2017-18 -> 2018-19
201980,Green,2017,-0.09537653960758587,561,0.0529225486423177,Green,0.16404654339021563,630,0.052357329893555404,2017-18 -> 2018-19
203458,Len,2017,-0.1490051583328708,378,0.04442175907327737,Len,-0.10018882262298252,648,0.04274678024180458,2017-18 -> 2018-19
1626181,Powell,2017,-0.15295237203078907,374,0.06272300431984196,Powell,-0.004207742910752757,400,0.05828093938628459,2017-18 -> 2018-19
1627747,LeVert,2017,-0.07810045869316382,735,0.04169716442196787,LeVert,-0.10810307391097174,483,0.05150576578839396,2017-18 -> 2018-19
203933,Warren,2017,-0.054711271623174726,1063,0.030276461140099922,Warren,0.014191168704784252,611,0.045051186892899525,2017-18 -> 2018-19
1628373,Ntilikina,2017,-0.11886866552340382,500,0.050093902640532206,Ntilikina,-0.22245449106049997,282,0.07018162907792828,2017-18 -> 2018-19
203994,Nurkic,2017,-0.06259044027725949,951,0.030568099676908086,Nurkic,-0.08802715629298022,826,0.0333923386538426,2017-18 -> 2018-19
1626144,Mudiay,2017,-0.11485306101125554,526,0.048282093306234446,Mudiay,-0.07856779956953064,740,0.04088039407319427,2017-18 -> 2018-19
203897,LaVine,2017,-0.17048436595435507,355,0.06048773406731931,LaVine,-0.05413357824153444,1135,0.03260486195054828,2017-18 -> 2018-19
1626161,Cauley-Stein,2017,-0.07878789843827774,773,0.03299074730195066,Cauley-Stein,-0.1047893568708401,741,0.03229072463513887,2017-18 -> 2018-19
203109,Crowder,2017,-0.09301081630489644,671,0.04718100103047536,Crowder,-0.0803940312377039,797,0.04548976446597901,2017-18 -> 2018-19
2548,Wade,2017,-0.09240832083973259,682,0.04002922584377589,Wade,-0.07424246939456533,960,0.03584592113192153,2017-18 -> 2018-19
202362,Stephenson,2017,-0.09089121196837988,709,0.04202200526741937,Stephenson,-0.01668746094375811,432,0.05739897422281226,2017-18 -> 2018-19
203210,Green,2017,-0.13620220869330313,488,0.048425736726110724,Green,0.0221691271064861,476,0.052422059473552336,2017-18 -> 2018-19
203952,Wiggins,2017,-0.05114620429333784,1300,0.030351006298875268,Wiggins,-0.11684251935733769,1209,0.03197061857154342,2017-18 -> 2018-19
202322,Wall,2017,-0.0999684208152226,667,0.04217788877124728,Wall,-0.11799956114149966,552,0.04794941249573963,2017-18 -> 2018-19
203200,Holiday,2017,-0.08652517939599845,782,0.04474397807688085,Holiday,-0.10758122797350997,777,0.04524649139065163,2017-18 -> 2018-19
203932,Gordon,2017,-0.08406353764148004,865,0.039177958394617046,Gordon,-0.0820477865204556,1046,0.03465439743055377,2017-18 -> 2018-19
203935,Smart,2017,-0.1430541386517064,515,0.05318281365036706,Smart,-0.015440341307644993,567,0.05340866214986983,2017-18 -> 2018-19
203083,Drummond,2017,-0.08513702087101543,881,0.030890959413476124,Drummond,-0.05735850186038545,1052,0.028851975995196167,2017-18 -> 2018-19
1626162,Oubre Jr.,2017,-0.0957780341878021,790,0.04222441975698573,Oubre Jr.,-0.09902241317412706,842,0.03965107170666907,2017-18 -> 2018-19
203471,Schroder,2017,-0.06877716516127484,1146,0.03236966397386245,Schroder,-0.10361756214427283,1104,0.03445103424162111,2017-18 -> 2018-19
1628368,Fox,2017,-0.10535383320036085,797,0.03766443527748617,Fox,-0.03477135804214409,1102,0.03241426222458054,2017-18 -> 2018-19
203915,Dinwiddie,2017,-0.10629586113822061,838,0.042169054361842165,Dinwiddie,-0.04041399147372255,828,0.041297975949190914,2017-18 -> 2018-19
1626169,Johnson,2017,-0.16472809830503427,560,0.04976578102188524,Johnson,-0.11094743923494484,440,0.057546821210221526,2017-18 -> 2018-19
1628366,Ball,2017,-0.18003418980636243,564,0.051429521199141265,Ball,-0.16108159557777008,456,0.056621605471275406,2017-18 -> 2018-19
1628372,Smith Jr.,2017,-0.17341712052275948,1024,0.035298405289077586,Smith Jr.,-0.16665561955639235,650,0.043981690850628086,2017-18 -> 2018-19
1628367,Jackson,2017,-0.21083236010095377,932,0.03483974367603296,Jackson,-0.17949585396115425,841,0.03764624723916756,2017-18 -> 2018-19
201566,Westbrook,2017,-0.14595031694575947,1687,0.025715606757913356,Westbrook,-0.17123222647069178,1473,0.028893180092595117,2017-18 -> 2018-19
202696,Vucevic,2018,0.11427279177205159,1354,0.028714941821970603,Vucevic,0.047700162423320466,1033,0.03465200258407371,2018-19 -> 2019-20
1626157,Towns,2018,0.09969210593798532,1314,0.03016718978869512,Towns,0.10478924322747954,622,0.047493603307714995,2018-19 -> 2019-20
203925,Harris,2018,0.16137735203127695,748,0.044938726173678493,Harris,0.07802914650488887,784,0.04390431445984087,2018-19 -> 2019-20
201980,Green,2018,0.16404654339021563,630,0.052357329893555404,Green,-0.019572883600674683,474,0.060546884330758596,2018-19 -> 2019-20
203999,Jokic,2018,0.08563954333791304,1206,0.031186412080941254,Jokic,0.1601742689187916,1071,0.033360075529961,2018-19 -> 2019-20
201143,Horford,2018,0.14134212026047258,723,0.040973072474560196,Horford,0.025611464508304857,709,0.04395116176468276,2018-19 -> 2019-20
200746,Aldridge,2018,0.07287572641179056,1319,0.026959773085884233,Aldridge,0.08537513207658542,793,0.03788514482666579,2018-19 -> 2019-20
1627734,Sabonis,2018,0.13539181452503596,700,0.03593876661220236,Sabonis,0.02713418779132997,848,0.03376131268169636,2018-19 -> 2019-20
1627741,Hield,2018,0.06813617740743325,1360,0.032863986870971605,Hield,0.03710803617426245,1162,0.037166334237919714,2018-19 -> 2019-20
1627854,Forbes,2018,0.1097913822861214,791,0.04395033750272258,Forbes,0.04461658926704089,581,0.05382863091169111,2018-19 -> 2019-20
200755,Redick,2018,0.08208442341825253,1027,0.03951726593722046,Redick,0.16337726025687124,631,0.051150938131674574,2018-19 -> 2019-20
202681,Irving,2018,0.06725843000932026,1241,0.03277234018488759,Irving,0.07129856710072766,416,0.056571459533326804,2018-19 -> 2019-20
201586,Ibaka,2018,0.09051004718060214,877,0.03543986182760656,Ibaka,0.07232890008301841,670,0.04205493268612823,2018-19 -> 2019-20
202722,Bertans,2018,0.1696649732356045,453,0.06202655755451934,Bertans,0.13712663524314622,610,0.05386851421051827,2018-19 -> 2019-20
203082,Ross,2018,0.07307853367914507,1027,0.038596043255323585,Ross,-0.019541029420299044,846,0.04325942411958204,2018-19 -> 2019-20
201568,Gallinari,2018,0.07594147125407683,884,0.03950345449837889,Gallinari,0.06215071169201456,817,0.043157990031032184,2018-19 -> 2019-20
200752,Gay,2018,0.08861728383474113,746,0.04007372884123284,Gay,-0.014299622912066665,596,0.04743076420857793,2018-19 -> 2019-20
1628420,Morris,2018,0.08706481675862963,702,0.043066351125973124,Morris,-0.004770914834416553,566,0.04765558418601154,2018-19 -> 2019-20
202699,Harris,2018,0.04870529871855403,1254,0.03181064846385588,Harris,0.016643428358098213,1173,0.03280085629979952,2018-19 -> 2019-20
203552,Curry,2018,0.12194576135918986,465,0.05798006509355584,Curry,0.22011438703554315,574,0.05236166093359306,2018-19 -> 2019-20
201577,Lopez,2018,0.10541887261227237,535,0.042868797417897446,Lopez,0.040488009539655104,299,0.06675740689020368,2018-19 -> 2019-20
204060,Ingles,2018,0.06821031718605629,802,0.044963845268612745,Ingles,0.0873060828285344,553,0.05500158870003297,2018-19 -> 2019-20
1626167,Turner,2018,0.06920145605299388,780,0.03868877926062706,Turner,0.00832967449324172,587,0.04855422828925054,2018-19 -> 2019-20
1629028,Ayton,2018,0.06156848929128733,870,0.03111628259042373,Ayton,-0.02199568620926384,568,0.038841810784408216,2018-19 -> 2019-20
201571,Augustin,2018,0.072102528440219,677,0.04618509411271925,Augustin,-0.06972257990262555,461,0.055449809929542536,2018-19 -> 2019-20
1628418,Bryant,2018,0.09514393659593048,502,0.044885359253281375,Bryant,0.11211210647622395,418,0.05042981574130831,2018-19 -> 2019-20
203944,Randle,2018,0.04365728243208168,1089,0.0315383668611767,Randle,-0.0716298865869695,1006,0.03405923730844831,2018-19 -> 2019-20
202734,Moore,2018,0.08889899534856092,532,0.04969725184902876,Moore,-0.03818290536467948,437,0.05620716523767248,2018-19 -> 2019-20
202695,Leonard,2018,0.04178412870432651,1129,0.032930294225824226,Leonard,0.021205748074181123,1133,0.03319944911233275,2018-19 -> 2019-20
1626188,Cook,2018,0.10550406033254006,439,0.05762764557685182,Cook,-0.03238530331166883,214,0.080223339617444,2018-19 -> 2019-20
1627783,Siakam,2018,0.04829284355506682,945,0.03482345805439579,Siakam,-0.06401561477387929,1104,0.03415612374423408,2018-19 -> 2019-20
201572,Lopez,2018,0.057614017741083934,786,0.04569712406178687,Lopez,-0.06250868722188345,671,0.04653222695996021,2018-19 -> 2019-20
202711,Bogdanovic,2018,0.04291510083516019,1051,0.03533744552277324,Bogdanovic,0.03918651022480526,935,0.03985063718179087,2018-19 -> 2019-20
201959,Gibson,2018,0.08379820256310065,537,0.041869589998629136,Gibson,0.05910192451516447,286,0.05657563911388244,2018-19 -> 2019-20
1628379,Kennard,2018,0.08639814648642877,520,0.053891147492087066,Kennard,0.0620083745168104,342,0.06726983043490188,2018-19 -> 2019-20
201933,Griffin,2018,0.03253636851499174,1341,0.03184373591727797,Griffin,-0.22187378401763794,250,0.0759157175194961,2018-19 -> 2019-20
202685,Valanciunas,2018,0.07784886391366518,538,0.042907372725003695,Valanciunas,0.11536357534896279,739,0.037219628420517355,2018-19 -> 2019-20
2594,Korver,2018,0.08573297956310282,483,0.0603644649487676,Korver,0.1575059073921125,293,0.07942636867511682,2018-19 -> 2019-20
202357,Bjelica,2018,0.06947183253010554,593,0.04871244122564832,Bjelica,0.11899350919618501,653,0.04747337009135441,2018-19 -> 2019-20
1627736,Beasley,2018,0.05497137581455098,737,0.04525810867575009,Beasley,-0.016265350026238527,534,0.05302834242740637,2018-19 -> 2019-20
1629013,Shamet,2018,0.07136377059177931,557,0.05578030177575452,Shamet,-0.0066192077751855115,391,0.06782467308906008,2018-19 -> 2019-20
202694,Morris Sr.,2018,0.044724999733595186,844,0.04145297068964132,Morris Sr.,0.07519685966817156,810,0.04193667741866,2018-19 -> 2019-20
204456,McConnell,2018,0.08133993264200878,419,0.050146984017075555,McConnell,0.008561275761999927,411,0.04869248452882459,2018-19 -> 2019-20
1626246,Marjanovic,2018,0.12962343795073406,260,0.05827084507828479,Marjanovic,0.08430228681866228,211,0.06654879557417336,2018-19 -> 2019-20
203476,Dieng,2018,0.08448665200216558,377,0.05254108335993602,Dieng,-0.027523564624454756,364,0.06107799563854043,2018-19 -> 2019-20
1627751,Poeltl,2018,0.1098141339733886,290,0.05359877334034647,Poeltl,0.06767752545536716,266,0.056286550979807976,2018-19 -> 2019-20
203086,Leonard,2018,0.10947064596717673,242,0.07379121169235217,Leonard,0.08368166245735457,234,0.07956981108755759,2018-19 -> 2019-20
1627763,Brogdon,2018,0.03164318622977746,748,0.04141095152285111,Brogdon,-0.10624293538418188,744,0.04140246703667029,2018-19 -> 2019-20
203926,McDermott,2018,0.05475292609847544,422,0.058307148297400926,McDermott,0.0971867342575036,547,0.05246317556720168,2018-19 -> 2019-20
203482,Olynyk,2018,0.03938339558652111,564,0.05255717501666751,Olynyk,0.09533761212739564,398,0.06279242283664863,2018-19 -> 2019-20
1626163,Kaminsky,2018,0.07445949196277099,298,0.06974295139888809,Kaminsky,-0.07236718311307012,307,0.06607579151318149,2018-19 -> 2019-20
201145,Green,2018,0.03137654625821919,687,0.04522419185293952,Green,-0.01073821190345164,344,0.0650920975651239,2018-19 -> 2019-20
1627863,House Jr.,2018,0.08489073176617189,252,0.08232421030097217,House Jr.,-0.07503558311980729,539,0.05512468345123882,2018-19 -> 2019-20
1627853,Arcidiacono,2018,0.048099707712954284,418,0.06021866200966177,Arcidiacono,0.013073001783316133,220,0.08606502852318332,2018-19 -> 2019-20
201935,Harden,2018,0.010385097428213889,1909,0.028377965476100487,Harden,-0.012496129866648302,1514,0.0320697736055639,2018-19 -> 2019-20
201188,Gasol,2018,0.021953072422861465,870,0.03817310973978135,Gasol,0.013257275170448588,279,0.07389328830551359,2018-19 -> 2019-20
203468,McCollum,2018,0.014210287874410798,1243,0.03295079191479067,McCollum,0.0030976429817671787,1356,0.031946547456836845,2018-19 -> 2019-20
203114,Middleton,2018,0.014112007440965108,1148,0.03491914612864295,Middleton,0.1460363755185134,947,0.03793944977427836,2018-19 -> 2019-20
2544,James,2018,0.014349929386098997,1095,0.033346934269165455,James,0.004815176327849163,1303,0.03115860939415097,2018-19 -> 2019-20
101108,Paul,2018,0.021300800014065008,720,0.0456113473800817,Paul,0.13606664230929916,887,0.03860943825773169,2018-19 -> 2019-20
1713,Carter,2018,0.027524145852759047,468,0.05981117568174345,Carter,-0.13196350327224557,304,0.07440152625189227,2018-19 -> 2019-20
203493,Bullock Jr.,2018,0.020313613608742214,594,0.053233680364789565,Bullock Jr.,-0.09253951877886735,224,0.08170516459968716,2018-19 -> 2019-20
203210,Green,2018,0.0221691271064861,476,0.052422059473552336,Green,0.027467475189320467,352,0.06902618270123592,2018-19 -> 2019-20
203503,Snell,2018,0.028492078529550397,361,0.06520490399534881,Snell,0.08057261523978362,382,0.06644711053029521,2018-19 -> 2019-20
1627752,Prince,2018,0.016864378909520195,594,0.05066911172458902,Prince,-0.14033554707143422,739,0.04633535244969841,2018-19 -> 2019-20
1628407,Bacon,2018,0.038734809371476775,257,0.07099872613200509,Bacon,-0.23746711736503323,244,0.07125257764516515,2018-19 -> 2019-20
201565,Rose,2018,0.013178213537947021,753,0.03908623503545917,Rose,0.024700127623786147,753,0.03930121150716092,2018-19 -> 2019-20
203933,Warren,2018,0.014191168704784252,611,0.045051186892899525,Warren,0.10584778680307226,997,0.034240557408412246,2018-19 -> 2019-20
1626220,O'Neale,2018,0.02485063655383865,343,0.06490406586898702,O'Neale,0.03738105031658917,365,0.06703727726449135,2018-19 -> 2019-20
201988,Mills,2018,0.012787362591698588,663,0.04952216311129865,Mills,0.03530261334353318,598,0.0532671815585118,2018-19 -> 2019-20
203078,Beal,2018,0.005176706686563556,1609,0.02884219818426398,Beal,-0.026423615919783504,1303,0.032069900471310316,2018-19 -> 2019-20
203469,Zeller,2018,0.023187112273887044,345,0.051707886598490384,Zeller,-0.05471864206227121,479,0.046454782852979465,2018-19 -> 2019-20
201152,Young,2018,0.008439167402909764,841,0.03596319772879224,Young,-0.05579189876808855,601,0.047030893231129293,2018-19 -> 2019-20
1628382,Jackson,2018,0.014530428692290388,485,0.05559689072603885,Jackson,-0.11757568445135978,341,0.06544845493867703,2018-19 -> 2019-20
202355,Whiteside,2018,0.009403519237950525,680,0.035538184875763976,Whiteside,0.09238447912088352,702,0.03490041938357933,2018-19 -> 2019-20
202683,Freedom,2018,0.009204419503795535,683,0.03747164893062129,Freedom,0.04252542023635031,348,0.05156447851126503,2018-19 -> 2019-20
1628464,Theis,2018,0.020618225592407294,266,0.06365675556609168,Theis,0.03376547210844548,426,0.04975684387335377,2018-19 -> 2019-20
101107,Williams,2018,0.007998317610253828,652,0.04937120303722793,Williams,0.052856535119458335,267,0.07700574085557764,2018-19 -> 2019-20
203107,Satoransky,2018,0.00967890329225006,530,0.04849374889997938,Satoransky,-0.09696357087697187,551,0.04911076483729678,2018-19 -> 2019-20
203937,Anderson,2018,0.017575623162535588,276,0.06149677746611605,Anderson,-0.03259089807252074,331,0.060324088239394336,2018-19 -> 2019-20
1628973,Brunson,2018,0.008078234178737776,565,0.0479218981205798,Brunson,0.02835525162132834,388,0.057866912328786255,2018-19 -> 2019-20
1628991,Jackson Jr.,2018,0.006605709613402072,589,0.04429324075071012,Jackson Jr.,0.02923469949845531,753,0.043722973705915616,2018-19 -> 2019-20
1626156,Russell,2018,0.002142623462290743,1517,0.03062088376053966,Russell,0.03657025821866686,846,0.04225173190637223,2018-19 -> 2019-20
203496,Covington,2018,0.00876067512645927,362,0.06667282878906405,Covington,-0.03272569239169917,723,0.047696523406427035,2018-19 -> 2019-20
203473,Dedmon,2018,0.005191296781151043,526,0.050383047534599434,Dedmon,-0.22927452204817178,255,0.07263982511305107,2018-19 -> 2019-20
202684,Thompson,2018,0.003910242945727604,380,0.04884158063126179,Thompson,-0.08432891448549489,562,0.03980884379965804,2018-19 -> 2019-20
203500,Adams,2018,0.0011233846758966326,809,0.031679733120887836,Adams,0.07630693971775214,478,0.04198396638431752,2018-19 -> 2019-20
201158,Belinelli,2018,0.0001400828987732933,690,0.047613345634574165,Belinelli,-0.02679085308054883,314,0.07054863329584075,2018-19 -> 2019-20
203118,Scott,2018,-0.000863626452423968,420,0.06162438714485289,Scott,0.0286600364984661,350,0.06797899000000103,2018-19 -> 2019-20
202704,Jackson,2018,-0.0009296445593566368,1047,0.03704302763410496,Jackson,-0.030947401788219874,326,0.06625667637324648,2018-19 -> 2019-20
1628389,Adebayo,2018,-0.002243625853001375,486,0.041137845989661116,Adebayo,-0.019941156524614916,790,0.03241283977562727,2018-19 -> 2019-20
1626181,Powell,2018,-0.004207742910752757,400,0.05828093938628459,Powell,0.021225927165348067,598,0.048342706023925174,2018-19 -> 2019-20
203939,Powell,2018,-0.00443760663620477,486,0.04672986497987604,Powell,-0.013188824767455046,229,0.06418272667714164,2018-19 -> 2019-20
203992,Bogdanovic,2018,-0.0025139265983697254,863,0.04035257942047837,Bogdanovic,0.06155085863691492,766,0.045488844573885655,2018-19 -> 2019-20
203076,Davis,2018,-0.0031126916924763045,1026,0.0313241341987032,Davis,-0.022505796354888915,1096,0.031377265237462176,2018-19 -> 2019-20
1628385,Giles III,2018,-0.011890824342401955,348,0.050839716264141833,Giles III,0.027792178821430008,251,0.05835316436808885,2018-19 -> 2019-20
203903,Clarkson,2018,-0.003939365782757974,1180,0.03377639403684495,Clarkson,0.03341779502546217,867,0.04124704384194497,2018-19 -> 2019-20
201950,Holiday,2018,-0.0045612943158036085,1159,0.03326015828810637,Holiday,-0.050312671852655436,1006,0.0361184084713313,2018-19 -> 2019-20
200794,Millsap,2018,-0.008861374801782554,665,0.04188484584265786,Millsap,-0.0048225377871179646,438,0.05287593358564702,2018-19 -> 2019-20
203457,Noel,2018,-0.023724401234660176,276,0.05246638047185563,Noel,0.06375442803734203,269,0.05118131764472258,2018-19 -> 2019-20
1626164,Booker,2018,-0.005425183037398772,1255,0.032035076648178826,Booker,0.030367479415720135,1283,0.03149053094798348,2018-19 -> 2019-20
202339,Bledsoe,2018,-0.007036745040908543,971,0.037244723719391484,Bledsoe,-0.013970795338305753,703,0.04264770568490322,2018-19 -> 2019-20
202324,Favors,2018,-0.012731677263971458,619,0.0393978136080721,Favors,0.035297521783244336,339,0.049826334233796454,2018-19 -> 2019-20
1628401,White,2018,-0.015565419028574843,543,0.04723954192215856,White,2.6805906064309042e-05,552,0.049514981504023454,2018-19 -> 2019-20
203935,Smart,2018,-0.015440341307644993,567,0.05340866214986983,Smart,-0.07338441060399627,682,0.04812143409195124,2018-19 -> 2019-20
201942,DeRozan,2018,-0.00712622740651217,1313,0.027280646636257816,DeRozan,0.06413791951521193,1049,0.030332954385178666,2018-19 -> 2019-20
1626149,Harrell,2018,-0.010835130626253124,888,0.030063334357062627,Harrell,-0.01452341054448761,812,0.03226027991792724,2018-19 -> 2019-20
1628425,Brown,2018,-0.03253285131572207,312,0.06753531633443044,Brown,-0.1602623830108454,256,0.0767754718172177,2018-19 -> 2019-20
1626171,Portis,2018,-0.016356475244698878,628,0.044779956594555845,Portis,0.018545037262094034,589,0.046539235690883654,2018-19 -> 2019-20
202330,Hayward,2018,-0.017047895091147482,635,0.04566565348221612,Hayward,0.07207690010487015,700,0.042622157362965554,2018-19 -> 2019-20
1627742,Ingram,2018,-0.015596753737884992,729,0.038011653482191154,Ingram,-0.0014990322334142133,1096,0.0345255156964215,2018-19 -> 2019-20
201976,Beverley,2018,-0.026515046766886312,477,0.05809553648774499,Beverley,0.01330180851375224,341,0.06910734533793068,2018-19 -> 2019-20
1628964,Bamba,2018,-0.05224080300607813,243,0.06953142581771564,Bamba,-0.07234452016760051,286,0.06669185199039412,2018-19 -> 2019-20
1627823,Hernangomez,2018,-0.040520177195203344,314,0.0702037411521518,Hernangomez,-0.16689621341266514,247,0.07647650861826091,2018-19 -> 2019-20
1628467,Kleber,2018,-0.03416229770435026,386,0.06264485482466799,Kleber,-0.0044380654611130945,514,0.05531754101038473,2018-19 -> 2019-20
1628422,Dotson,2018,-0.01945593040306659,698,0.04600121830184768,Dotson,0.0018708392088522738,290,0.07357102213530935,2018-19 -> 2019-20
1626158,Holmes,2018,-0.040806647351965784,365,0.045907992233234725,Holmes,0.11444519338523564,344,0.04871369227518703,2018-19 -> 2019-20
201588,Hill,2018,-0.04094487709896873,376,0.06023404069273706,Hill,0.13539436991399098,376,0.061742432374357996,2018-19 -> 2019-20
1626192,Connaughton,2018,-0.044611243298952885,350,0.06496165983960195,Connaughton,-0.07640427212055102,301,0.06998441259307081,2018-19 -> 2019-20
101141,Ilyasova,2018,-0.04195412793476428,381,0.059986075198657555,Ilyasova,0.01716491008900235,313,0.06670840688338932,2018-19 -> 2019-20
203087,Lamb,2018,-0.01639999326202107,979,0.036510058561516824,Lamb,-0.018027773972577807,479,0.052064907327602244,2018-19 -> 2019-20
202397,Smith,2018,-0.034674109480920125,489,0.05030519350654606,Smith,-0.035111533463585295,689,0.04222546213415599,2018-19 -> 2019-20
202331,George,2018,-0.010761815826904487,1614,0.029926201388751256,George,0.03290999241593206,782,0.04364075963692648,2018-19 -> 2019-20
1628989,Huerter,2018,-0.026720806012422407,657,0.04806484039687872,Huerter,-0.023190837199387797,610,0.05045895898771946,2018-19 -> 2019-20
1628381,Collins,2018,-0.021156245385937043,831,0.034908643096579324,Collins,0.06731828264432524,605,0.04212654974989954,2018-19 -> 2019-20
203095,Fournier,2018,-0.016735999879770955,1069,0.036260910769047944,Fournier,0.07414420730091358,929,0.03978439041743781,2018-19 -> 2019-20
1627788,Korkmaz,2018,-0.0737168377897992,245,0.07937376945249681,Korkmaz,0.05418775834554775,563,0.053883590125131366,2018-19 -> 2019-20
204038,Galloway,2018,-0.03156660196696419,587,0.05329405098223428,Galloway,0.07537350975552902,542,0.05474011907126971,2018-19 -> 2019-20
1628374,Markkanen,2018,-0.023390178761988897,795,0.041711644062698935,Markkanen,-0.08929180069155707,591,0.0500053619629526,2018-19 -> 2019-20
203954,Embiid,2018,-0.01625173157288724,1199,0.03065400190509815,Embiid,0.04860908377840259,801,0.03774073139789539,2018-19 -> 2019-20
203516,Ennis III,2018,-0.06660123580854177,294,0.07107522280689389,Ennis III,-0.10581492765427125,359,0.06270042821897814,2018-19 -> 2019-20
203497,Gobert,2018,-0.02799764474865217,712,0.03161513403403307,Gobert,0.02582905010664179,557,0.03586971818908872,2018-19 -> 2019-20
201569,Gordon,2018,-0.021502859133208818,938,0.041795779214663924,Gordon,-0.11947455305076687,463,0.05973426711173637,2018-19 -> 2019-20
203382,Baynes,2018,-0.09163723670498715,223,0.07256566771894696,Baynes,-0.024084987404373214,381,0.060118830365315526,2018-19 -> 2019-20
203484,Caldwell-Pope,2018,-0.0286778845259324,756,0.04550581034254261,Caldwell-Pope,0.0022616764209822888,507,0.053443642830761584,2018-19 -> 2019-20
203486,Plumlee,2018,-0.04937643106290469,442,0.04220619548963507,Plumlee,-0.057239560108745105,288,0.05166863330068036,2018-19 -> 2019-20
201144,Conley,2018,-0.01956508044531497,1120,0.03490190630089305,Conley,-0.017726606701615355,567,0.05054584299251908,2018-19 -> 2019-20
203504,Burke,2018,-0.04086395364226127,548,0.04782512587855536,Burke,0.01239496698550236,209,0.07959712926755413,2018-19 -> 2019-20
201580,McGee,2018,-0.03585595838832664,641,0.03473074192416077,McGee,-0.02156876434150889,306,0.049981684490521996,2018-19 -> 2019-20
1629011,Robinson,2018,-0.07975051014668004,291,0.04701561113291334,Robinson,-0.03266845180138572,341,0.042018710968898365,2018-19 -> 2019-20
202083,Matthews,2018,-0.033616164903002295,698,0.047659801501052555,Matthews,-0.0345636222260171,422,0.06413309320255557,2018-19 -> 2019-20
1628988,Holiday,2018,-0.09168147904943376,262,0.07468369994235735,Holiday,-0.05536795111691416,563,0.04939724317460997,2018-19 -> 2019-20
203967,Saric,2018,-0.03685003567334249,696,0.0454947014533293,Saric,0.0027584030703407016,538,0.05105631260628899,2018-19 -> 2019-20
204020,Johnson,2018,-0.05083183703241873,526,0.05311393417986174,Johnson,-0.10977238253000701,250,0.07651208582436625,2018-19 -> 2019-20
1626204,Nance Jr.,2018,-0.0559713076868294,479,0.046841364770271246,Nance Jr.,0.022471330083718474,431,0.05345030218487041,2018-19 -> 2019-20
203953,Parker,2018,-0.03608468752802413,749,0.039269282910262195,Parker,-0.09107693367581472,429,0.051176483954176705,2018-19 -> 2019-20
201567,Love,2018,-0.09614060081705705,283,0.07310160679600358,Love,0.07755787251252147,727,0.04590672404290264,2018-19 -> 2019-20
200782,Tucker,2018,-0.05230302041299427,523,0.05859515173547601,Tucker,-0.02739602320858539,426,0.06423664240579292,2018-19 -> 2019-20
1628972,Brown Jr.,2018,-0.11722982157220649,234,0.07233964427047254,Brown Jr.,-0.05512120283054618,622,0.04426376802061809,2018-19 -> 2019-20
203991,Capela,2018,-0.0375464282499556,732,0.031321563631762625,Capela,-0.07384256182237729,388,0.043503622449350465,2018-19 -> 2019-20
1628983,Gilgeous-Alexander,2018,-0.038489981137659,716,0.040054384414541455,Gilgeous-Alexander,-0.009481213185775685,1015,0.03459761296401183,2018-19 -> 2019-20
1628390,Ferguson,2018,-0.06462317143245525,431,0.062181434669744136,Ferguson,-0.1844647537561121,220,0.09042614821449561,2018-19 -> 2019-20
202335,Patterson,2018,-0.1287911483084037,219,0.0862158641295558,Patterson,0.01573123367276671,233,0.08682204458382849,2018-19 -> 2019-20
200768,Lowry,2018,-0.038546490795658625,739,0.04681960120071649,Lowry,-0.04082429490127354,803,0.044322413831339176,2018-19 -> 2019-20
203084,Barnes,2018,-0.028228000046566063,1027,0.03699152032101063,Barnes,-0.008473597676600234,793,0.04044979709378316,2018-19 -> 2019-20
1627846,Nader,2018,-0.14280578059326607,215,0.08147373244683233,Nader,0.02856544557111315,263,0.07458115929843237,2018-19 -> 2019-20
1628976,Carter Jr.,2018,-0.0868320652432884,371,0.05093089305511958,Carter Jr.,-0.11749208572876128,343,0.051164198084778165,2018-19 -> 2019-20
200826,Barea,2018,-0.08401358448229707,385,0.05844119170186867,Barea,-0.08483324378075649,207,0.08215000682842438,2018-19 -> 2019-20
202693,Morris,2018,-0.06748882922999405,484,0.05353934633735071,Morris,0.028681832444454797,458,0.05651589335715936,2018-19 -> 2019-20
203915,Dinwiddie,2018,-0.04041399147372255,828,0.041297975949190914,Dinwiddie,-0.13922483952119272,1021,0.03649725517949452,2018-19 -> 2019-20
1627826,Zubac,2018,-0.09016158335605416,379,0.0462828295214462,Zubac,-0.027620719186159493,385,0.04530010119248572,2018-19 -> 2019-20
203110,Green,2018,-0.08131011808860387,422,0.056102112062751675,Green,-0.1294415412737394,316,0.06614685561110956,2018-19 -> 2019-20
1627832,VanVleet,2018,-0.05892792862372327,600,0.04962272817437469,VanVleet,-0.09718704047359253,773,0.04357609620079922,2018-19 -> 2019-20
202709,Joseph,2018,-0.06863694167285977,548,0.0482915452118977,Joseph,-0.03613577169324524,412,0.05774842952051731,2018-19 -> 2019-20
1628384,Anunoby,2018,-0.09476079498857852,404,0.05984373390479191,Anunoby,-0.056638024922568316,566,0.048179982672553606,2018-19 -> 2019-20
1628368,Fox,2018,-0.03477135804214409,1102,0.03241426222458054,Fox,-0.02485254690657815,815,0.03803202606002465,2018-19 -> 2019-20
1628411,Iwundu,2018,-0.14179472336253063,274,0.06674481919927477,Iwundu,-0.10862678565002765,233,0.07505208799204355,2018-19 -> 2019-20
201949,Johnson,2018,-0.10414406744635547,379,0.05919965869746244,Johnson,-0.0034612457343978034,215,0.07852307113355289,2018-19 -> 2019-20
202689,Walker,2018,-0.023465961405413845,1684,0.029093648691771307,Walker,-0.011384340933749232,889,0.041531810969738424,2018-19 -> 2019-20
1628470,Craig,2018,-0.11104404574962827,362,0.06352576120024173,Craig,-0.06824934300357179,269,0.07353167944259384,2018-19 -> 2019-20
201952,Teague,2018,-0.09737965086186885,416,0.05389231653961984,Teague,-0.0916874859161334,489,0.049260630854898416,2018-19 -> 2019-20
202340,Bradley,2018,-0.06675442304763717,608,0.047880681232921087,Bradley,-0.019356029228558683,383,0.06163103285643361,2018-19 -> 2019-20
1627789,Luwawu-Cabarrot,2018,-0.18677442743718273,218,0.08299239745705649,Luwawu-Cabarrot,-0.025623323756899075,269,0.07684365681195739,2018-19 -> 2019-20
1627750,Murray,2018,-0.03476395465850805,1173,0.033568413461102356,Murray,-0.016663852976787352,894,0.03852010379573503,2018-19 -> 2019-20
1628984,Graham,2018,-0.1906360645933009,216,0.08384042314727988,Graham,-0.0381500111393606,963,0.040877981668223894,2018-19 -> 2019-20
203894,Napier,2018,-0.09879580641402247,435,0.05911841301362408,Napier,-0.08523882399362985,456,0.05785586013892368,2018-19 -> 2019-20
1629016,Spellman,2018,-0.1780474009763414,244,0.07725522213101478,Spellman,-0.02712980279572213,295,0.06643252470272867,2018-19 -> 2019-20
203115,Barton,2018,-0.09763466738320713,460,0.05541108255949168,Barton,-0.04447759339871166,738,0.04290680591388609,2018-19 -> 2019-20
203924,Grant,2018,-0.05495846924801249,823,0.0390297825774434,Grant,0.004265509596151277,634,0.045784590346639335,2018-19 -> 2019-20
203085,Rivers,2018,-0.07943663416182249,572,0.05243522431168418,Rivers,-0.05382263056901389,501,0.055345822227086124,2018-19 -> 2019-20
1627759,Brown,2018,-0.058103265114601524,792,0.0403422999632884,Brown,0.03058455577184926,887,0.03885105667414402,2018-19 -> 2019-20
201609,Dragic,2018,-0.10717464970596668,433,0.05604372441267684,Dragic,0.011502163242075755,724,0.04491914263947727,2018-19 -> 2019-20
201599,Jordan,2018,-0.10468447564436871,446,0.03905203219871116,Jordan,-0.06615962562644034,287,0.04914565196529456,2018-19 -> 2019-20
1626145,Jones,2018,-0.10804455003754683,446,0.05322021504852036,Jones,0.003873753429662553,429,0.05429975289876238,2018-19 -> 2019-20
1628404,Hart,2018,-0.10516452432513412,464,0.058161054110701396,Hart,-0.0255707467756828,532,0.05618936410296991,2018-19 -> 2019-20
1627884,Jones Jr.,2018,-0.15063454599064743,324,0.05813781132237436,Jones Jr.,-0.11427886488802835,349,0.057854094165512716,2018-19 -> 2019-20
203507,Antetokounmpo,2018,-0.0392103257719124,1247,0.027964555740290276,Antetokounmpo,-0.019396614662906375,1238,0.029793536745696646,2018-19 -> 2019-20
1628970,Bridges,2018,-0.09613951612276782,511,0.04983364388651834,Bridges,-0.10839115756723676,753,0.042204433309448966,2018-19 -> 2019-20
1628402,Jackson,2018,-0.11065791377459452,447,0.0547764486465069,Jackson,-0.0990032357411476,331,0.06539900336944661,2018-19 -> 2019-20
203901,Payton,2018,-0.12131996785555364,412,0.05409332850125652,Payton,-0.1615545360077147,440,0.04983840934695571,2018-19 -> 2019-20
202066,Temple,2018,-0.10166985891432388,493,0.05538327512714377,Temple,-0.13086940940775424,587,0.05337491540720481,2018-19 -> 2019-20
1629001,Melton,2018,-0.19749420748960866,256,0.0718885429420841,Melton,-0.1685010887253024,401,0.05641301468177142,2018-19 -> 2019-20
1627739,Dunn,2018,-0.10163765240667955,506,0.04766095081090292,Dunn,-0.12769948162627764,342,0.061192863749231774,2018-19 -> 2019-20
1628378,Mitchell,2018,-0.03396756498484028,1530,0.029261042355689465,Mitchell,0.01455949682303303,1342,0.031550093571351294,2018-19 -> 2019-20
1627747,LeVert,2018,-0.10810307391097174,483,0.05150576578839396,LeVert,-0.08595381354670262,732,0.041745467557554115,2018-19 -> 2019-20
1628370,Monk,2018,-0.08916934414861233,586,0.050973003723579435,Monk,-0.09502779791453206,488,0.05277928944794388,2018-19 -> 2019-20
202692,Burks,2018,-0.110518247626873,474,0.052567147510622296,Burks,-0.02154116158933646,768,0.04216859163660452,2018-19 -> 2019-20
1627732,Simmons,2018,-0.05536735209368994,960,0.029705113302399104,Simmons,-0.07315028015179087,647,0.03578772983318975,2018-19 -> 2019-20
1626196,Richardson,2018,-0.05249751383059086,1026,0.03734140870058077,Richardson,-0.03612342832404807,646,0.04592460031924098,2018-19 -> 2019-20
203506,Oladipo,2018,-0.0922721432605479,588,0.047378068371029154,Oladipo,-0.15297708272101232,246,0.07529293665643144,2018-19 -> 2019-20
101150,Williams,2018,-0.04881848176604737,1138,0.032855217788336145,Williams,-0.06650757839816591,936,0.03759377672398215,2018-19 -> 2019-20
1626144,Mudiay,2018,-0.07856779956953064,740,0.04088039407319427,Mudiay,-0.011035448451719969,327,0.06142600661774243,2018-19 -> 2019-20
1629029,Doncic,2018,-0.04947579096377041,1186,0.0342309966620606,Doncic,-0.0007323727226660148,1255,0.033524287802571925,2018-19 -> 2019-20
203083,Drummond,2018,-0.05735850186038545,1052,0.028851975995196167,Drummond,-0.04346453859182382,784,0.03411500399365093,2018-19 -> 2019-20
200765,Rondo,2018,-0.1413965836164595,432,0.05483015537991518,Rondo,-0.11387515078260764,328,0.0646206960115148,2018-19 -> 2019-20
203897,LaVine,2018,-0.05413357824153444,1135,0.03260486195054828,LaVine,-0.077597892718778,1199,0.03341856407009844,2018-19 -> 2019-20
203090,Harkless,2018,-0.15935443248762782,388,0.055083799934115336,Harkless,-0.12390539183278068,283,0.06539829978189071,2018-19 -> 2019-20
202710,Butler,2018,-0.06919400800753481,904,0.03537675408763884,Butler,-0.11123379344650085,758,0.03741036978287787,2018-19 -> 2019-20
1628373,Ntilikina,2018,-0.22245449106049997,282,0.07018162907792828,Ntilikina,-0.12727919896260587,333,0.06441862524692345,2018-19 -> 2019-20
203109,Crowder,2018,-0.0803940312377039,797,0.04548976446597901,Crowder,-0.0719910204734436,563,0.055009620937869305,2018-19 -> 2019-20
1626168,Lyles,2018,-0.13081196556210942,495,0.05223848995115016,Lyles,-0.03291892415207953,343,0.06526742428751481,2018-19 -> 2019-20
203458,Len,2018,-0.10018882262298252,648,0.04274678024180458,Len,-0.04982525613070836,319,0.056479432313095275,2018-19 -> 2019-20
1628971,Brown,2018,-0.208493178081606,314,0.06175857768717245,Brown,-0.10701240049592312,447,0.05069067661929802,2018-19 -> 2019-20
1628969,Bridges,2018,-0.11782255730777942,563,0.05194983256694593,Bridges,-0.029656893121399706,484,0.051790076114327704,2018-19 -> 2019-20
1626224,Osman,2018,-0.08183411378816019,844,0.04096716101898677,Osman,-0.04065058900714546,609,0.04955624171468308,2018-19 -> 2019-20
1628371,Isaac,2018,-0.11378154924336581,611,0.0476865338290099,Isaac,-0.08213576231002792,332,0.059900122788289566,2018-19 -> 2019-20
1626179,Rozier,2018,-0.10503998777938939,666,0.047248961847346865,Rozier,-0.00985124982584735,941,0.039129318316178004,2018-19 -> 2019-20
1628398,Kuzma,2018,-0.06583639210692645,1087,0.035121628509203626,Kuzma,-0.04428101387696087,668,0.045146621204758104,2018-19 -> 2019-20
203081,Lillard,2018,-0.04773781299897712,1533,0.030153539778724637,Lillard,0.027892055961171325,1349,0.03316241105090897,2018-19 -> 2019-20
1628366,Ball,2018,-0.16108159557777008,456,0.056621605471275406,Ball,-0.05810264886621056,687,0.047820244831036356,2018-19 -> 2019-20
203914,Harris,2018,-0.11663574364341144,637,0.04588527058505473,Harris,-0.14496658931424636,519,0.05133995860952329,2018-19 -> 2019-20
1626161,Cauley-Stein,2018,-0.1047893568708401,741,0.03229072463513887,Cauley-Stein,-0.05525089057988434,302,0.05062735406566962,2018-19 -> 2019-20
1626209,Hezonja,2018,-0.174205411827123,464,0.05200112458027648,Hezonja,-0.12765707744412588,218,0.0772191646211642,2018-19 -> 2019-20
1628386,Allen,2018,-0.144850099040994,568,0.03819758575561738,Allen,-0.0921020628831596,465,0.03910154672359184,2018-19 -> 2019-20
1626162,Oubre Jr.,2018,-0.09902241317412706,842,0.03965107170666907,Oubre Jr.,-0.10646451958744065,826,0.03948483425738823,2018-19 -> 2019-20
203200,Holiday,2018,-0.10758122797350997,777,0.04524649139065163,Holiday,0.018520195078089594,486,0.05861115760721715,2018-19 -> 2019-20
1628369,Tatum,2018,-0.08213504506618936,1036,0.03460815027956443,Tatum,-0.014349959965623757,1226,0.033135590503561255,2018-19 -> 2019-20
203932,Gordon,2018,-0.0820477865204556,1046,0.03465439743055377,Gordon,-0.12514821156768058,767,0.03982865191378642,2018-19 -> 2019-20
1627827,Finney-Smith,2018,-0.16307251394085118,528,0.05126144824595137,Finney-Smith,-0.026685314768325058,522,0.05417619573184516,2018-19 -> 2019-20
1629012,Sexton,2018,-0.07152211742735783,1206,0.031549430746826056,Sexton,-0.04093465791593558,1086,0.032828815945348096,2018-19 -> 2019-20
203501,Hardaway Jr.,2018,-0.08729629298942454,993,0.038461219048263266,Hardaway Jr.,0.043110322498977886,884,0.042253298641927915,2018-19 -> 2019-20
1626153,Wright,2018,-0.15763096584980144,558,0.04693405187415364,Wright,-0.03847600714314698,411,0.0550672767808059,2018-19 -> 2019-20
201937,Rubio,2018,-0.1216141996466104,730,0.04290509710731879,Rubio,-0.11882376420902048,692,0.04307491468500651,2018-19 -> 2019-20
2772,Ariza,2018,-0.12368839884709591,736,0.046443217236384796,Ariza,-0.03289563819954453,324,0.07061144338900831,2018-19 -> 2019-20
203145,Bazemore,2018,-0.13380287167631352,691,0.04502269312693649,Bazemore,-0.17631283157903885,534,0.05149870775085703,2018-19 -> 2019-20
1629027,Young,2018,-0.07888643191514257,1256,0.03289120424096758,Young,0.002011827096108934,1249,0.03397413499204272,2018-19 -> 2019-20
1628372,Smith Jr.,2018,-0.16665561955639235,650,0.043981690850628086,Smith Jr.,-0.31523361246109904,211,0.0751516579630001,2018-19 -> 2019-20
1627761,Bembry,2018,-0.18326537152080982,616,0.043843825142394315,Bembry,-0.19680728648625526,228,0.07145891446061584,2018-19 -> 2019-20
203471,Schroder,2018,-0.10361756214427283,1104,0.03445103424162111,Schroder,0.04438245267830932,965,0.03692752950788237,2018-19 -> 2019-20
1629006,Okogie,2018,-0.22696818703027752,508,0.051706788289392715,Okogie,-0.18163114677566672,398,0.05739909278134458,2018-19 -> 2019-20
1626178,Hollis-Jefferson,2018,-0.24094113411047893,487,0.045592616862142124,Hollis-Jefferson,-0.23489578869561467,329,0.05316389738505897,2018-19 -> 2019-20
203952,Wiggins,2018,-0.11684251935733769,1209,0.03197061857154342,Wiggins,-0.04734167405924167,978,0.03648583754920667,2018-19 -> 2019-20
1628995,Knox II,2018,-0.16779079836405622,914,0.038774602930656835,Knox II,-0.1851153646934564,401,0.06045609880482726,2018-19 -> 2019-20
201566,Westbrook,2018,-0.17123222647069178,1473,0.028893180092595117,Westbrook,-0.1201785326787875,1281,0.029262997354600844,2018-19 -> 2019-20
203999,Jokic,2019,0.1601742689187916,1071,0.033360075529961,Jokic,0.22339994955160322,1293,0.029439771969860473,2019-20 -> 2020-21
1629130,Robinson,2019,0.2341449740366008,687,0.05289169970999674,Robinson,0.12692000927916022,717,0.05142437016676882,2019-20 -> 2020-21
203114,Middleton,2019,0.1460363755185134,947,0.03793944977427836,Middleton,0.07887913421156048,1074,0.035151653613338045,2019-20 -> 2020-21
203552,Curry,2019,0.22011438703554315,574,0.05236166093359306,Curry,0.14837979525752998,552,0.052599920683649624,2019-20 -> 2020-21
101108,Paul,2019,0.13606664230929916,887,0.03860943825773169,Paul,0.1549158634755462,879,0.03820242722073259,2019-20 -> 2020-21
200755,Redick,2019,0.16337726025687124,631,0.051150938131674574,Redick,0.027471961474805594,267,0.07982504484663784,2019-20 -> 2020-21
202685,Valanciunas,2019,0.11536357534896279,739,0.037219628420517355,Valanciunas,0.11414903193776996,743,0.03619647573710848,2019-20 -> 2020-21
202722,Bertans,2019,0.13712663524314622,610,0.05386851421051827,Bertans,0.11180086885713877,478,0.06317203435532757,2019-20 -> 2020-21
203095,Fournier,2019,0.07414420730091358,929,0.03978439041743781,Fournier,0.09854955589385801,541,0.05316886219062079,2019-20 -> 2020-21
200746,Aldridge,2019,0.08537513207658542,793,0.03788514482666579,Aldridge,0.08727368027182965,296,0.06432338324679648,2019-20 -> 2020-21
201942,DeRozan,2019,0.06413791951521193,1049,0.030332954385178666,DeRozan,0.04126849570808937,920,0.03348256594231039,2019-20 -> 2020-21
1626157,Towns,2019,0.10478924322747954,622,0.047493603307714995,Towns,0.05027353810237569,875,0.03860764307633866,2019-20 -> 2020-21
202355,Whiteside,2019,0.09238447912088352,702,0.03490041938357933,Whiteside,0.0937182654266754,224,0.062866566258388,2019-20 -> 2020-21
203925,Harris,2019,0.07802914650488887,784,0.04390431445984087,Harris,0.21739222092757016,707,0.04819882322460357,2019-20 -> 2020-21
202694,Morris Sr.,2019,0.07519685966817156,810,0.04193667741866,Morris Sr.,0.19129522547871827,584,0.0507348148110823,2019-20 -> 2020-21
201567,Love,2019,0.07755787251252147,727,0.04590672404290264,Love,0.013665179468562976,252,0.08023865243952524,2019-20 -> 2020-21
203926,McDermott,2019,0.0971867342575036,547,0.05246317556720168,McDermott,0.04353599621844727,665,0.04523539491236712,2019-20 -> 2020-21
201568,Gallinari,2019,0.06215071169201456,817,0.043157990031032184,Gallinari,0.1124404637926968,475,0.05639176744456353,2019-20 -> 2020-21
202330,Hayward,2019,0.07207690010487015,700,0.042622157362965554,Hayward,0.05275278628867649,658,0.04407333899878803,2019-20 -> 2020-21
203463,McLemore,2019,0.09173506988264316,545,0.05808439131909538,McLemore,-0.06553687073226525,365,0.06970386467315663,2019-20 -> 2020-21
202696,Vucevic,2019,0.047700162423320466,1033,0.03465200258407371,Vucevic,0.11932600953593073,1396,0.030375537505437714,2019-20 -> 2020-21
201586,Ibaka,2019,0.07232890008301841,670,0.04205493268612823,Ibaka,0.0634651209160189,365,0.05867834819267354,2019-20 -> 2020-21
204060,Ingles,2019,0.0873060828285344,553,0.05500158870003297,Ingles,0.23222425003098043,562,0.05608336281264524,2019-20 -> 2020-21
1629634,Clarke,2019,0.0996089129066813,479,0.044967893059651216,Clarke,-0.06729458073830324,495,0.04559343796158292,2019-20 -> 2020-21
203992,Bogdanovic,2019,0.06155085863691492,766,0.045488844573885655,Bogdanovic,0.16135946167771334,565,0.05334108873919539,2019-20 -> 2020-21
1627741,Hield,2019,0.03710803617426245,1162,0.037166334237919714,Hield,0.02978098809541052,992,0.042127481172042104,2019-20 -> 2020-21
203471,Schroder,2019,0.04438245267830932,965,0.03692752950788237,Schroder,-0.05063988141650145,760,0.04047731679057784,2019-20 -> 2020-21
1626174,Wood,2019,0.08371441855296317,508,0.046923732622380886,Wood,0.022484881586216154,640,0.043613269415229125,2019-20 -> 2020-21
1628381,Collins,2019,0.06731828264432524,605,0.04212654974989954,Collins,0.10997492496258857,771,0.03868422562832876,2019-20 -> 2020-21
1626158,Holmes,2019,0.11444519338523564,344,0.04871369227518703,Holmes,0.20690265104260364,575,0.03900912022625343,2019-20 -> 2020-21
1626164,Booker,2019,0.030367479415720135,1283,0.03149053094798348,Booker,0.05565339658491683,1287,0.03123597991801902,2019-20 -> 2020-21
203954,Embiid,2019,0.04860908377840259,801,0.03774073139789539,Embiid,0.11876353721584224,899,0.03503603912414512,2019-20 -> 2020-21
203501,Hardaway Jr.,2019,0.043110322498977886,884,0.042253298641927915,Hardaway Jr.,0.044869370723038725,911,0.04143030229515585,2019-20 -> 2020-21
203482,Olynyk,2019,0.09533761212739564,398,0.06279242283664863,Olynyk,0.0369904577942628,697,0.046466185670598056,2019-20 -> 2020-21
203081,Lillard,2019,0.027892055961171325,1349,0.03316241105090897,Lillard,0.024915513659861447,1334,0.03367503458768277,2019-20 -> 2020-21
202711,Bogdanovic,2019,0.03918651022480526,935,0.03985063718179087,Bogdanovic,0.015141688650575963,925,0.04047649189869645,2019-20 -> 2020-21
203500,Adams,2019,0.07630693971775214,478,0.04198396638431752,Adams,0.04233569982439547,308,0.05144882581098777,2019-20 -> 2020-21
1629018,Trent Jr.,2019,0.07978950653534866,441,0.06051364462582818,Trent Jr.,-0.023720892103162416,785,0.04457995727024779,2019-20 -> 2020-21
1629003,Milton,2019,0.1126649102431391,277,0.07304024202635126,Milton,0.008538627655373792,667,0.04380716763032798,2019-20 -> 2020-21
1626156,Russell,2019,0.03657025821866686,846,0.04225173190637223,Russell,0.019965159690811626,652,0.04750753099309187,2019-20 -> 2020-21
1627788,Korkmaz,2019,0.05418775834554775,563,0.053883590125131366,Korkmaz,-0.022304055724104845,424,0.06180129170721962,2019-20 -> 2020-21
202681,Irving,2019,0.07129856710072766,416,0.056571459533326804,Irving,0.11630947235827079,1086,0.03502956806851695,2019-20 -> 2020-21
203903,Clarkson,2019,0.03341779502546217,867,0.04124704384194497,Clarkson,0.010807346560425495,1075,0.03832078965999074,2019-20 -> 2020-21
1627777,Niang,2019,0.08896219774540827,322,0.0733223794928223,Niang,0.1251592605667382,405,0.06591698224483869,2019-20 -> 2020-21
1627759,Brown,2019,0.03058455577184926,887,0.03885105667414402,Brown,0.08591999297183449,1111,0.034705995221873946,2019-20 -> 2020-21
1627854,Forbes,2019,0.04461658926704089,581,0.05382863091169111,Forbes,0.2037178741122991,529,0.05636556859444606,2019-20 -> 2020-21
202331,George,2019,0.03290999241593206,782,0.04364075963692648,George,0.07430044660572671,953,0.03873073104645381,2019-20 -> 2020-21
1629008,Porter Jr.,2019,0.06587007034848681,383,0.05858946224369983,Porter Jr.,0.17961767010275986,817,0.04153358024015477,2019-20 -> 2020-21
202695,Leonard,2019,0.021205748074181123,1133,0.03319944911233275,Leonard,0.1090491697188597,908,0.03683648019518867,2019-20 -> 2020-21
2730,Howard,2019,0.08567665849183259,277,0.05133083201732869,Howard,-0.06744397656978743,303,0.05220243568896467,2019-20 -> 2020-21
1627734,Sabonis,2019,0.02713418779132997,848,0.03376131268169636,Sabonis,0.04183046189002736,904,0.03480089635587034,2019-20 -> 2020-21
1628379,Kennard,2019,0.0620083745168104,342,0.06726983043490188,Kennard,0.1722958761102083,414,0.061119098419511735,2019-20 -> 2020-21
201988,Mills,2019,0.03530261334353318,598,0.0532671815585118,Mills,0.003553700560412369,611,0.05333728888209035,2019-20 -> 2020-21
1628378,Mitchell,2019,0.01455949682303303,1342,0.031550093571351294,Mitchell,0.02205373990352686,1091,0.03604074535290594,2019-20 -> 2020-21
202699,Harris,2019,0.016643428358098213,1173,0.03280085629979952,Harris,0.08975154347464796,924,0.035723036969785835,2019-20 -> 2020-21
201565,Rose,2019,0.024700127623786147,753,0.03930121150716092,Rose,0.0283908071533841,611,0.043923093954358595,2019-20 -> 2020-21
201143,Horford,2019,0.025611464508304857,709,0.04395116176468276,Horford,0.04774191734133145,360,0.0623799619079932,2019-20 -> 2020-21
1627751,Poeltl,2019,0.06767752545536716,266,0.056286550979807976,Poeltl,0.06807369195880353,430,0.044471743999064076,2019-20 -> 2020-21
203457,Noel,2019,0.06375442803734203,269,0.05118131764472258,Noel,-0.06566354487607173,223,0.05770988408396897,2019-20 -> 2020-21
1628960,Allen,2019,0.06797715525445516,251,0.07872812026666573,Allen,0.013032544979417665,414,0.06362858685265813,2019-20 -> 2020-21
1629639,Herro,2019,0.023766110852824512,631,0.0482645781822695,Herro,0.01123221798177731,699,0.044857181768948456,2019-20 -> 2020-21
202683,Freedom,2019,0.04252542023635031,348,0.05156447851126503,Freedom,0.03980382105364409,561,0.039771610299733244,2019-20 -> 2020-21
203497,Gobert,2019,0.02582905010664179,557,0.03586971818908872,Gobert,-0.00010979924088952934,579,0.03515783595007465,2019-20 -> 2020-21
1628464,Theis,2019,0.03376547210844548,426,0.04975684387335377,Theis,0.08701745905922875,466,0.0508893764849384,2019-20 -> 2020-21
1626220,O'Neale,2019,0.03738105031658917,365,0.06703727726449135,O'Neale,0.04945771356358753,394,0.0659796793502582,2019-20 -> 2020-21
202693,Morris,2019,0.028681832444454797,458,0.05651589335715936,Morris,-0.044488787511645554,378,0.06410758841336488,2019-20 -> 2020-21
1626181,Powell,2019,0.021225927165348067,598,0.048342706023925174,Powell,0.03662142543362217,918,0.039491947257185564,2019-20 -> 2020-21
201577,Lopez,2019,0.040488009539655104,299,0.06675740689020368,Lopez,0.2574417786197028,425,0.0479051389747763,2019-20 -> 2020-21
202324,Favors,2019,0.035297521783244336,339,0.049826334233796454,Favors,0.18194173470863498,243,0.0600171559827413,2019-20 -> 2020-21
1628973,Brunson,2019,0.02835525162132834,388,0.057866912328786255,Brunson,0.14507746810674457,627,0.04557548331039081,2019-20 -> 2020-21
1626171,Portis,2019,0.018545037262094034,589,0.046539235690883654,Portis,0.12118582784314377,598,0.04496813435995432,2019-20 -> 2020-21
1629004,Mykhailiuk,2019,0.024801552250648826,405,0.06465687965328598,Mykhailiuk,-0.07115828402807553,506,0.05647595373285498,2019-20 -> 2020-21
203118,Scott,2019,0.0286600364984661,350,0.06797899000000103,Scott,-0.09052611609259294,211,0.09122476168141226,2019-20 -> 2020-21
1626204,Nance Jr.,2019,0.022471330083718474,431,0.05345030218487041,Nance Jr.,-0.06723648830572143,272,0.06952844302401737,2019-20 -> 2020-21
203210,Green,2019,0.027467475189320467,352,0.06902618270123592,Green,0.033565565372624284,374,0.06307216946956487,2019-20 -> 2020-21
203200,Holiday,2019,0.018520195078089594,486,0.05861115760721715,Holiday,-0.02570982232805309,625,0.05285375906154434,2019-20 -> 2020-21
201609,Dragic,2019,0.011502163242075755,724,0.04491914263947727,Dragic,-7.391191749205858e-05,555,0.0507582154469262,2019-20 -> 2020-21
1628975,Carter,2019,0.029199825273934603,243,0.0808985943247273,Carter,0.06449272128670225,223,0.08706808097301724,2019-20 -> 2020-21
2544,James,2019,0.004815176327849163,1303,0.03115860939415097,James,0.05805611957597074,823,0.03942371693587165,2019-20 -> 2020-21
1626167,Turner,2019,0.00832967449324172,587,0.04855422828925054,Turner,-0.02381805122053459,432,0.05724484509668071,2019-20 -> 2020-21
201976,Beverley,2019,0.01330180851375224,341,0.06910734533793068,Beverley,0.04384770488614126,220,0.08707674195226707,2019-20 -> 2020-21
203468,McCollum,2019,0.0030976429817671787,1356,0.031946547456836845,McCollum,0.06355700489198952,884,0.041182828471641585,2019-20 -> 2020-21
1629021,Wagner,2019,0.015474030627757216,266,0.06710285241161532,Wagner,-0.041642860911762766,229,0.0764699061900196,2019-20 -> 2020-21
204456,McConnell,2019,0.008561275761999927,411,0.04869248452882459,McConnell,0.09000767796851226,490,0.04583114287624255,2019-20 -> 2020-21
1627756,Valentine,2019,0.013462512571257686,237,0.08162225222499084,Valentine,-0.09425603606366387,416,0.06190353460148412,2019-20 -> 2020-21
203924,Grant,2019,0.004265509596151277,634,0.045784590346639335,Grant,-0.03131461673485466,932,0.03754513391887313,2019-20 -> 2020-21
203504,Burke,2019,0.01239496698550236,209,0.07959712926755413,Burke,-0.006169117232898496,353,0.06437071812741456,2019-20 -> 2020-21
1629027,Young,2019,0.002011827096108934,1249,0.03397413499204272,Young,-0.006187496907821258,1112,0.034717230756803885,2019-20 -> 2020-21
1626145,Jones,2019,0.003873753429662553,429,0.05429975289876238,Jones,-0.04068947906230179,413,0.056911195320228876,2019-20 -> 2020-21
203967,Saric,2019,0.0027584030703407016,538,0.05105631260628899,Saric,-0.009605618004721966,342,0.06316563470799985,2019-20 -> 2020-21
203484,Caldwell-Pope,2019,0.0022616764209822888,507,0.053443642830761584,Caldwell-Pope,0.005062152718772568,506,0.0560407387154784,2019-20 -> 2020-21
1629661,Johnson,2019,0.0026204343930628596,405,0.06419585382540989,Johnson,-0.020489945585280056,483,0.05924782077914002,2019-20 -> 2020-21
1628422,Dotson,2019,0.0018708392088522738,290,0.07357102213530935,Dotson,-0.0787064557027735,293,0.07234752022783698,2019-20 -> 2020-21
1629672,Paschall,2019,0.00018184324547423358,640,0.04144731513276228,Paschall,0.0430556608100817,298,0.06116432339288919,2019-20 -> 2020-21
1628401,White,2019,2.6805906064309042e-05,552,0.049514981504023454,White,-0.03567035907504947,453,0.0584649749234785,2019-20 -> 2020-21
203526,Neto,2019,-0.0015253351638794075,222,0.07848231042715358,Neto,0.06784828138516409,447,0.054911045128871856,2019-20 -> 2020-21
201949,Johnson,2019,-0.0034612457343978034,215,0.07852307113355289,Johnson,-0.11238867039101451,327,0.06359427162453157,2019-20 -> 2020-21
1629029,Doncic,2019,-0.0007323727226660148,1255,0.033524287802571925,Doncic,0.0699747980088417,1351,0.03211409825029321,2019-20 -> 2020-21
1627742,Ingram,2019,-0.0014990322334142133,1096,0.0345255156964215,Ingram,0.0647249641628213,1101,0.03452093150232103,2019-20 -> 2020-21
200794,Millsap,2019,-0.0048225377871179646,438,0.05287593358564702,Millsap,0.04363260506854383,401,0.05758167210734764,2019-20 -> 2020-21
1628467,Kleber,2019,-0.0044380654611130945,514,0.05531754101038473,Kleber,0.0677430558612925,275,0.08073354757919476,2019-20 -> 2020-21
1629013,Shamet,2019,-0.0066192077751855115,391,0.06782467308906008,Shamet,0.01179623905670761,456,0.06195500501922444,2019-20 -> 2020-21
1628420,Morris,2019,-0.004770914834416553,566,0.04765558418601154,Morris,0.04417747244325151,387,0.05845582399889923,2019-20 -> 2020-21
201145,Green,2019,-0.01073821190345164,344,0.0650920975651239,Green,0.03581206736223028,530,0.05148961216236873,2019-20 -> 2020-21
201580,McGee,2019,-0.02156876434150889,306,0.049981684490521996,McGee,-0.07823965558053879,282,0.0576880115813862,2019-20 -> 2020-21
203084,Barnes,2019,-0.008473597676600234,793,0.04044979709378316,Barnes,0.07587161676283387,642,0.04597733160073576,2019-20 -> 2020-21
1627789,Luwawu-Cabarrot,2019,-0.025623323756899075,269,0.07684365681195739,Luwawu-Cabarrot,-0.17071689298548612,356,0.06864863186169781,2019-20 -> 2020-21
200752,Gay,2019,-0.014299622912066665,596,0.04743076420857793,Gay,-0.007492988112422699,628,0.0475020184719203,2019-20 -> 2020-21
203087,Lamb,2019,-0.018027773972577807,479,0.052064907327602244,Lamb,0.02583927574848421,276,0.07224745659415836,2019-20 -> 2020-21
1627736,Beasley,2019,-0.016265350026238527,534,0.05302834242740637,Beasley,0.0033900759331887305,600,0.05043157336121886,2019-20 -> 2020-21
203382,Baynes,2019,-0.024084987404373214,381,0.060118830365315526,Baynes,-0.15150196971549298,304,0.06443465908520835,2019-20 -> 2020-21
1626179,Rozier,2019,-0.00985124982584735,941,0.039129318316178004,Rozier,0.040487881198481616,1134,0.0363350125401004,2019-20 -> 2020-21
201980,Green,2019,-0.019572883600674683,474,0.060546884330758596,Green,0.05815057889290266,544,0.05829280125032084,2019-20 -> 2020-21
1628983,Gilgeous-Alexander,2019,-0.009481213185775685,1015,0.03459761296401183,Gilgeous-Alexander,0.06729293054962128,565,0.04756963677384876,2019-20 -> 2020-21
202339,Bledsoe,2019,-0.013970795338305753,703,0.04264770568490322,Bledsoe,-0.02560769587137435,730,0.04516080237255833,2019-20 -> 2020-21
201144,Conley,2019,-0.017726606701615355,567,0.05054584299251908,Conley,0.07209769973015163,640,0.04914317392873453,2019-20 -> 2020-21
202704,Jackson,2019,-0.030947401788219874,326,0.06625667637324648,Jackson,0.06439935895327388,585,0.050263588986678084,2019-20 -> 2020-21
202689,Walker,2019,-0.011384340933749232,889,0.041531810969738424,Walker,0.00874780766474361,676,0.047540074401557754,2019-20 -> 2020-21
1627826,Zubac,2019,-0.027620719186159493,385,0.04530010119248572,Zubac,-0.005301618564769762,394,0.04355326481702818,2019-20 -> 2020-21
2772,Ariza,2019,-0.03289563819954453,324,0.07061144338900831,Ariza,-0.11252261779953204,241,0.08115114430920325,2019-20 -> 2020-21
203937,Anderson,2019,-0.03259089807252074,331,0.060324088239394336,Anderson,0.03946326891619922,658,0.045982756480456195,2019-20 -> 2020-21
1626149,Harrell,2019,-0.01452341054448761,812,0.03226027991792724,Harrell,0.08069215910327564,603,0.0373841049021255,2019-20 -> 2020-21
1627814,Lee,2019,-0.024130876772224568,511,0.05329738003185638,Lee,0.14822117582347982,274,0.07963214912831618,2019-20 -> 2020-21
1629028,Ayton,2019,-0.02199568620926384,568,0.038841810784408216,Ayton,0.11404392286583287,687,0.035532043003386006,2019-20 -> 2020-21
1629627,Williamson,2019,-0.03513528539775513,360,0.04901784153437157,Williamson,0.05172008248665115,1037,0.02906029585301161,2019-20 -> 2020-21
203524,Hill,2019,-0.0460509714856639,278,0.07615663507182353,Hill,-0.1480035581559743,298,0.07615502704384262,2019-20 -> 2020-21
1628404,Hart,2019,-0.0255707467756828,532,0.05618936410296991,Hart,-0.06030520323440686,344,0.06675406397141571,2019-20 -> 2020-21
1629056,Davis,2019,-0.03126728013319006,436,0.058944287005897114,Davis,-0.03934982389115149,456,0.05862143901174306,2019-20 -> 2020-21
1627827,Finney-Smith,2019,-0.026685314768325058,522,0.05417619573184516,Finney-Smith,0.06361454418849395,466,0.05934770589688849,2019-20 -> 2020-21
1628989,Huerter,2019,-0.023190837199387797,610,0.05045895898771946,Huerter,0.01852755045590214,731,0.04568951933111672,2019-20 -> 2020-21
1628969,Bridges,2019,-0.029656893121399706,484,0.051790076114327704,Bridges,0.13583227332869433,669,0.04617887143169233,2019-20 -> 2020-21
202083,Matthews,2019,-0.0345636222260171,422,0.06413309320255557,Matthews,-0.11614563953774239,252,0.08506320869133602,2019-20 -> 2020-21
202709,Joseph,2019,-0.03613577169324524,412,0.05774842952051731,Joseph,0.04713787029665658,426,0.05489006248291307,2019-20 -> 2020-21
1627750,Murray,2019,-0.016663852976787352,894,0.03852010379573503,Murray,0.09719186238155664,792,0.04170703561326384,2019-20 -> 2020-21
1628389,Adebayo,2019,-0.019941156524614916,790,0.03241283977562727,Adebayo,0.0829478302266628,800,0.03287967138292638,2019-20 -> 2020-21
1626153,Wright,2019,-0.03847600714314698,411,0.0550672767808059,Wright,-0.01601963219728206,518,0.04999355755504183,2019-20 -> 2020-21
203458,Len,2019,-0.04982525613070836,319,0.056479432313095275,Len,0.11391253855212262,278,0.05780480439207525,2019-20 -> 2020-21
1629637,Hayes,2019,-0.06178903874644849,259,0.05063890713368692,Hayes,0.017558510069474866,280,0.054003970662160485,2019-20 -> 2020-21
203486,Plumlee,2019,-0.057239560108745105,288,0.05166863330068036,Plumlee,0.04630490618102836,381,0.04680455182371226,2019-20 -> 2020-21
203082,Ross,2019,-0.019541029420299044,846,0.04325942411958204,Ross,-0.014339623722941742,616,0.04799618657003427,2019-20 -> 2020-21
202692,Burks,2019,-0.02154116158933646,768,0.04216859163660452,Burks,0.013499105889264229,500,0.0547561162554039,2019-20 -> 2020-21
1628369,Tatum,2019,-0.014349959965623757,1226,0.033135590503561255,Tatum,0.02630718398507919,1318,0.03182836667443614,2019-20 -> 2020-21
1628470,Craig,2019,-0.06824934300357179,269,0.07353167944259384,Craig,0.0024946463695967834,227,0.07863982029642128,2019-20 -> 2020-21
201935,Harden,2019,-0.012496129866648302,1514,0.0320697736055639,Harden,0.031960745622965955,734,0.044456606641911284,2019-20 -> 2020-21
201599,Jordan,2019,-0.06615962562644034,287,0.04914565196529456,Jordan,0.0009026393232547214,249,0.04855709359350288,2019-20 -> 2020-21
1628368,Fox,2019,-0.02485254690657815,815,0.03803202606002465,Fox,0.02729274835336058,1110,0.03380523787735385,2019-20 -> 2020-21
1628978,DiVincenzo,2019,-0.04020134058710942,510,0.05297944340979486,DiVincenzo,-0.06257308490939094,603,0.05099217051831667,2019-20 -> 2020-21
1628964,Bamba,2019,-0.07234452016760051,286,0.06669185199039412,Bamba,-0.03118303407449939,301,0.06585870953508552,2019-20 -> 2020-21
203493,Bullock Jr.,2019,-0.09253951877886735,224,0.08170516459968716,Bullock Jr.,0.10373405332149556,561,0.055710052561635685,2019-20 -> 2020-21
202954,Wanamaker,2019,-0.05999469580138057,362,0.05825161862116174,Wanamaker,-0.2131578014875465,299,0.0643973281850084,2019-20 -> 2020-21
1626163,Kaminsky,2019,-0.07236718311307012,307,0.06607579151318149,Kaminsky,0.010154988658439734,257,0.07046623385936177,2019-20 -> 2020-21
1626192,Connaughton,2019,-0.07640427212055102,301,0.06998441259307081,Connaughton,0.0314266382230285,387,0.0660880328157598,2019-20 -> 2020-21
1626196,Richardson,2019,-0.03612342832404807,646,0.04592460031924098,Richardson,-0.038429943258445974,618,0.04786372793498935,2019-20 -> 2020-21
203496,Covington,2019,-0.03272569239169917,723,0.047696523406427035,Covington,-0.017839359943000867,509,0.057732654467631025,2019-20 -> 2020-21
203507,Antetokounmpo,2019,-0.019396614662906375,1238,0.029793536745696646,Antetokounmpo,0.020949437910873548,1100,0.031166398093375937,2019-20 -> 2020-21
202397,Smith,2019,-0.035111533463585295,689,0.04222546213415599,Smith,-0.04778131360984904,297,0.06160082865535093,2019-20 -> 2020-21
203076,Davis,2019,-0.022505796354888915,1096,0.031377265237462176,Davis,-0.0007972123943108796,613,0.04180433393102148,2019-20 -> 2020-21
202687,Biyombo,2019,-0.08900315885081521,278,0.05399680315380545,Biyombo,-0.08830961593253943,242,0.05665230625560879,2019-20 -> 2020-21
1626224,Osman,2019,-0.04065058900714546,609,0.04955624171468308,Osman,-0.1798985465075773,586,0.05116867493800022,2019-20 -> 2020-21
203469,Zeller,2019,-0.05471864206227121,479,0.046454782852979465,Zeller,-0.033290521969961843,324,0.053883576682278056,2019-20 -> 2020-21
203085,Rivers,2019,-0.05382263056901389,501,0.055345822227086124,Rivers,0.014255116522189365,245,0.08110453591441043,2019-20 -> 2020-21
1629134,Nunn,2019,-0.030614271459371015,914,0.039312194854841616,Nunn,0.06855175860093903,658,0.047313966986167105,2019-20 -> 2020-21
2546,Anthony,2019,-0.03609567966063709,782,0.040149604104474504,Anthony,0.034739261584418896,777,0.0427993679584982,2019-20 -> 2020-21
203991,Capela,2019,-0.07384256182237729,388,0.043503622449350465,Capela,-0.06139004708086157,695,0.03360975815235814,2019-20 -> 2020-21
1629023,Washington,2019,-0.04912032631393736,589,0.047413002441559805,Washington,-0.04345584576055922,686,0.04457686690806063,2019-20 -> 2020-21
1628398,Kuzma,2019,-0.04428101387696087,668,0.045146621204758104,Kuzma,-0.02037177539523327,757,0.044072577688291925,2019-20 -> 2020-21
1629684,Williams,2019,-0.1409664836759757,211,0.08182030382626058,Williams,0.0131109298932817,247,0.07820425471973531,2019-20 -> 2020-21
1629638,Alexander-Walker,2019,-0.11243772524058013,266,0.07413658135207377,Alexander-Walker,-0.04732709725631678,458,0.056503311563474386,2019-20 -> 2020-21
1628988,Holiday,2019,-0.05536795111691416,563,0.04939724317460997,Holiday,-0.12949080301125446,436,0.056514589745115945,2019-20 -> 2020-21
1628384,Anunoby,2019,-0.056638024922568316,566,0.048179982672553606,Anunoby,0.03515957628842868,519,0.053111696894121076,2019-20 -> 2020-21
201571,Augustin,2019,-0.06972257990262555,461,0.055449809929542536,Augustin,-0.029835960280733965,343,0.06943407343658312,2019-20 -> 2020-21
1628402,Jackson,2019,-0.0990032357411476,331,0.06539900336944661,Jackson,0.10131451668142227,293,0.07186480498615556,2019-20 -> 2020-21
200768,Lowry,2019,-0.04082429490127354,803,0.044322413831339176,Lowry,0.06587726318655115,596,0.05113571144309145,2019-20 -> 2020-21
203115,Barton,2019,-0.04447759339871166,738,0.04290680591388609,Barton,-0.04553766595673356,608,0.04808910917227306,2019-20 -> 2020-21
201152,Young,2019,-0.05579189876808855,601,0.047030893231129293,Young,0.0726168928654446,662,0.0384602925672352,2019-20 -> 2020-21
203487,Carter-Williams,2019,-0.1310387702813509,260,0.06876779521446173,Carter-Williams,-0.1716440555545302,270,0.06583160284061408,2019-20 -> 2020-21
203083,Drummond,2019,-0.04346453859182382,784,0.03411500399365093,Drummond,-0.15923983334649858,572,0.039034023841407695,2019-20 -> 2020-21
1629680,Thybulle,2019,-0.1289477518489625,265,0.07563518841994489,Thybulle,-0.15832707173681046,243,0.07916005841772203,2019-20 -> 2020-21
203078,Beal,2019,-0.026423615919783504,1303,0.032069900471310316,Beal,0.05773043521108093,1382,0.030010722415005176,2019-20 -> 2020-21
1628984,Graham,2019,-0.0381500111393606,963,0.040877981668223894,Graham,-0.004045230612455889,669,0.05077281302942027,2019-20 -> 2020-21
200765,Rondo,2019,-0.11387515078260764,328,0.0646206960115148,Rondo,-0.028413959110220367,215,0.08027576908201599,2019-20 -> 2020-21
1628449,Boucher,2019,-0.125021750229308,299,0.06535243184038635,Boucher,0.043402921691144465,560,0.049036500909072245,2019-20 -> 2020-21
1629675,Reid,2019,-0.15399880832470747,243,0.07396950780040845,Reid,0.03373423134412961,581,0.04568464771480426,2019-20 -> 2020-21
203506,Oladipo,2019,-0.15297708272101232,246,0.07529293665643144,Oladipo,-0.12896803343174235,576,0.04915650578247997,2019-20 -> 2020-21
203516,Ennis III,2019,-0.10581492765427125,359,0.06270042821897814,Ennis III,0.06462925155012807,243,0.07563864621921214,2019-20 -> 2020-21
1627884,Jones Jr.,2019,-0.11427886488802835,349,0.057854094165512716,Jones Jr.,-0.15062554031180098,304,0.06596688417845496,2019-20 -> 2020-21
1628366,Ball,2019,-0.05810264886621056,687,0.047820244831036356,Ball,-0.003945667748631,700,0.04882823793723408,2019-20 -> 2020-21
1628382,Jackson,2019,-0.11757568445135978,341,0.06544845493867703,Jackson,-0.07470972539794091,221,0.08306143669086023,2019-20 -> 2020-21
1628976,Carter Jr.,2019,-0.11749208572876128,343,0.051164198084778165,Carter Jr.,-0.011437333694459664,457,0.04676899997109558,2019-20 -> 2020-21
1627863,House Jr.,2019,-0.07503558311980729,539,0.05512468345123882,House Jr.,-0.11154876337765236,272,0.07547498572347243,2019-20 -> 2020-21
203109,Crowder,2019,-0.0719910204734436,563,0.055009620937869305,Crowder,0.04477765310055154,492,0.0605592150099293,2019-20 -> 2020-21
203110,Green,2019,-0.1294415412737394,316,0.06614685561110956,Green,-0.1032230858905302,380,0.05741004584044803,2019-20 -> 2020-21
1628425,Brown,2019,-0.1602623830108454,256,0.0767754718172177,Brown,0.07516399311551075,335,0.0700696254828412,2019-20 -> 2020-21
1627823,Hernangomez,2019,-0.16689621341266514,247,0.07647650861826091,Hernangomez,-0.08257676140100573,299,0.0714307365123724,2019-20 -> 2020-21
201572,Lopez,2019,-0.06250868722188345,671,0.04653222695996021,Lopez,0.04797156430097473,640,0.046534902730143914,2019-20 -> 2020-21
204001,Porzingis,2019,-0.04550597969451021,932,0.03836764618108814,Porzingis,0.03454345756415794,683,0.04348867253427949,2019-20 -> 2020-21
1628386,Allen,2019,-0.0921020628831596,465,0.03910154672359184,Allen,-0.007303810633870183,482,0.041269499665472054,2019-20 -> 2020-21
1627936,Caruso,2019,-0.15165227781357055,291,0.06839950414286015,Caruso,-0.03625864816869886,305,0.06789273878971214,2019-20 -> 2020-21
1629012,Sexton,2019,-0.04093465791593558,1086,0.032828815945348096,Sexton,-0.010573225871536635,1105,0.032748985703975705,2019-20 -> 2020-21
201952,Teague,2019,-0.0916874859161334,489,0.049260630854898416,Teague,-0.014311767954666266,284,0.06692085911617232,2019-20 -> 2020-21
1627761,Bembry,2019,-0.19680728648625526,228,0.07145891446061584,Bembry,-0.03405927180685976,228,0.06995453976575956,2019-20 -> 2020-21
203952,Wiggins,2019,-0.04734167405924167,978,0.03648583754920667,Wiggins,0.024855780627379382,1058,0.03518230167245534,2019-20 -> 2020-21
1628370,Monk,2019,-0.09502779791453206,488,0.05277928944794388,Monk,0.021773518136882688,399,0.06156857715295407,2019-20 -> 2020-21
1629645,Porter Jr.,2019,-0.11107551256123198,421,0.05541737950514546,Porter Jr.,-0.06696886913990478,367,0.06195847996866106,2019-20 -> 2020-21
1627732,Simmons,2019,-0.07315028015179087,647,0.03578772983318975,Simmons,-0.043826044168381324,583,0.03845401574227676,2019-20 -> 2020-21
202684,Thompson,2019,-0.08432891448549489,562,0.03980884379965804,Thompson,0.007828001037427366,326,0.05289044718883354,2019-20 -> 2020-21
1628971,Brown,2019,-0.10701240049592312,447,0.05069067661929802,Brown,-0.012419355599596055,423,0.04933398335196109,2019-20 -> 2020-21
1629060,Hachimura,2019,-0.08903000837997652,545,0.04416964370939544,Hachimura,-0.0051014250477064175,648,0.04182585303078625,2019-20 -> 2020-21
203935,Smart,2019,-0.07338441060399627,682,0.04812143409195124,Smart,-0.03646876707363029,510,0.05516364271396993,2019-20 -> 2020-21
1629635,Doumbouya,2019,-0.213767517639738,236,0.07603567732779164,Doumbouya,-0.27744893745458066,282,0.068848156905783,2019-20 -> 2020-21
201950,Holiday,2019,-0.050312671852655436,1006,0.0361184084713313,Holiday,0.08432856367076214,823,0.03997680487450085,2019-20 -> 2020-21
1629022,Walker IV,2019,-0.14398198624633224,357,0.05791991989450585,Walker IV,-0.07331399993408762,609,0.04864231455641527,2019-20 -> 2020-21
1627749,Murray,2019,-0.0813527679373413,637,0.04181372369142361,Murray,-0.0437640366309155,974,0.034636615122137504,2019-20 -> 2020-21
1628374,Markkanen,2019,-0.08929180069155707,591,0.0500053619629526,Markkanen,0.08479537189014007,521,0.054165133461642416,2019-20 -> 2020-21
1629647,Bazley,2019,-0.1669334969574954,317,0.06636269107738005,Bazley,-0.17493683754787162,690,0.04454243257786346,2019-20 -> 2020-21
203107,Satoransky,2019,-0.09696357087697187,551,0.04911076483729678,Satoransky,0.07946738048491397,329,0.06322752631706831,2019-20 -> 2020-21
1629652,Dort,2019,-0.2489452300647869,218,0.08011427424400472,Dort,-0.1021639641451474,639,0.04855691520878692,2019-20 -> 2020-21
201569,Gordon,2019,-0.11947455305076687,463,0.05973426711173637,Gordon,-0.007771738011539538,367,0.06525387887922711,2019-20 -> 2020-21
201933,Griffin,2019,-0.22187378401763794,250,0.0759157175194961,Griffin,-0.07118598941038479,411,0.059767728549893706,2019-20 -> 2020-21
1628407,Bacon,2019,-0.23746711736503323,244,0.07125257764516515,Bacon,-0.12536179982809773,726,0.0417881694914355,2019-20 -> 2020-21
1629636,Garland,2019,-0.08320445751325223,699,0.04492663152618656,Garland,-0.015412390072925459,802,0.040419848796311574,2019-20 -> 2020-21
1629014,Simons,2019,-0.11342766291045082,536,0.05106082605948841,Simons,0.07158911992116314,401,0.06582174681298243,2019-20 -> 2020-21
1629631,Hunter,2019,-0.09098932323945019,683,0.045584861423653096,Hunter,0.05557669412100143,248,0.07369513300106227,2019-20 -> 2020-21
101150,Williams,2019,-0.06650757839816591,936,0.03759377672398215,Williams,-0.046844046746399935,646,0.04413236560738909,2019-20 -> 2020-21
1627747,LeVert,2019,-0.08595381354670262,732,0.041745467557554115,LeVert,-0.07513333806662718,814,0.03977185026932313,2019-20 -> 2020-21
1628977,Diallo,2019,-0.2128528905288818,296,0.060211917190035845,Diallo,-0.04228911531188175,470,0.04822323847497478,2019-20 -> 2020-21
1629001,Melton,2019,-0.1685010887253024,401,0.05641301468177142,Melton,0.0232804380283262,393,0.06236853135842714,2019-20 -> 2020-21
1627783,Siakam,2019,-0.06401561477387929,1104,0.03415612374423408,Siakam,-0.028180811639551134,961,0.035557921824230364,2019-20 -> 2020-21
203901,Payton,2019,-0.1615545360077147,440,0.04983840934695571,Payton,-0.13087411119255002,622,0.04226633370241566,2019-20 -> 2020-21
203944,Randle,2019,-0.0716298865869695,1006,0.03405923730844831,Randle,0.05193789453289956,1321,0.030969801208550484,2019-20 -> 2020-21
1629006,Okogie,2019,-0.18163114677566672,398,0.05739909278134458,Okogie,-0.23181479822142004,254,0.0730413694581714,2019-20 -> 2020-21
1627832,VanVleet,2019,-0.09718704047359253,773,0.04357609620079922,VanVleet,-0.05183358427025726,870,0.04201769824948832,2019-20 -> 2020-21
203914,Harris,2019,-0.14496658931424636,519,0.05133995860952329,Harris,-0.13498513549455893,345,0.06341071996503302,2019-20 -> 2020-21
202066,Temple,2019,-0.13086940940775424,587,0.05337491540720481,Temple,-0.09741814099634633,381,0.06339408070990606,2019-20 -> 2020-21
1629632,White,2019,-0.09893912734813903,792,0.04287255554723212,White,-0.05185351962376242,902,0.04077031208148876,2019-20 -> 2020-21
1627763,Brogdon,2019,-0.10624293538418188,744,0.04140246703667029,Brogdon,-0.048195256247694655,980,0.03710690652964928,2019-20 -> 2020-21
1628970,Bridges,2019,-0.10839115756723676,753,0.042204433309448966,Bridges,0.04370775464364306,622,0.047052941782135926,2019-20 -> 2020-21
201937,Rubio,2019,-0.11882376420902048,692,0.04307491468500651,Rubio,-0.17207781527569857,498,0.0535981219512207,2019-20 -> 2020-21
1629630,Morant,2019,-0.08955590142495747,937,0.03416697245593069,Morant,-0.11504153481241473,957,0.03501620028621674,2019-20 -> 2020-21
202710,Butler,2019,-0.11123379344650085,758,0.03741036978287787,Butler,-0.010232550834521889,736,0.038018132202077407,2019-20 -> 2020-21
1626162,Oubre Jr.,2019,-0.10646451958744065,826,0.03948483425738823,Oubre Jr.,-0.11745385711426702,724,0.04285985965961107,2019-20 -> 2020-21
1628415,Brooks,2019,-0.08298284620764804,1068,0.03586616072945502,Brooks,-0.07785992056962784,1031,0.03604726780513284,2019-20 -> 2020-21
1629629,Reddish,2019,-0.16455512711597306,554,0.05063731047407326,Reddish,-0.2413961254984914,263,0.0735172355035199,2019-20 -> 2020-21
203897,LaVine,2019,-0.077597892718778,1199,0.03341856407009844,LaVine,0.08797040490871857,1123,0.0350456759774046,2019-20 -> 2020-21
203145,Bazemore,2019,-0.17631283157903885,534,0.05149870775085703,Bazemore,0.0076498191030387784,392,0.06112463116591965,2019-20 -> 2020-21
203932,Gordon,2019,-0.12514821156768058,767,0.03982865191378642,Gordon,-0.04190779079868696,499,0.05073634995674499,2019-20 -> 2020-21
1629673,Poole,2019,-0.19611707267071327,502,0.05504760425888937,Poole,0.0124538533294281,474,0.057510109903989165,2019-20 -> 2020-21
1627752,Prince,2019,-0.14033554707143422,739,0.04633535244969841,Prince,-0.06933102126576136,327,0.06686258904752841,2019-20 -> 2020-21
1629628,Barrett,2019,-0.20188586044724194,727,0.040712613006278715,Barrett,-0.06529592763110662,1060,0.03427941705102219,2019-20 -> 2020-21
201566,Westbrook,2019,-0.1201785326787875,1281,0.029262997354600844,Westbrook,-0.049243199378657086,1238,0.030862893341103037,2019-20 -> 2020-21
203999,Jokic,2020,0.22339994955160322,1293,0.029439771969860473,Jokic,0.23518215367264564,1311,0.029780275282377765,2020-21 -> 2021-22
201939,Curry,2020,0.16176901173727037,1365,0.03398142163407852,Curry,0.055420068436117416,1224,0.036355137736447156,2020-21 -> 2021-22
202696,Vucevic,2020,0.11932600953593073,1396,0.030375537505437714,Vucevic,0.03061770159204892,1154,0.032740198838128926,2020-21 -> 2021-22
101108,Paul,2020,0.1549158634755462,879,0.03820242722073259,Paul,0.11673227804519146,736,0.041488292427704805,2020-21 -> 2021-22
204060,Ingles,2020,0.23222425003098043,562,0.05608336281264524,Ingles,0.018496906350657427,285,0.08054829161906926,2020-21 -> 2021-22
202681,Irving,2020,0.11630947235827079,1086,0.03502956806851695,Irving,0.0982432720668036,616,0.04758944351997151,2020-21 -> 2021-22
1626158,Holmes,2020,0.20690265104260364,575,0.03900912022625343,Holmes,0.1623428386427372,300,0.05298324895098285,2020-21 -> 2021-22
201142,Durant,2020,0.19140633274205482,603,0.04588775600547111,Durant,0.13776197094847492,1115,0.033438260819537734,2020-21 -> 2021-22
202694,Morris Sr.,2020,0.19129522547871827,584,0.0507348148110823,Morris Sr.,0.05075594765376364,691,0.04502708936800705,2020-21 -> 2021-22
1627854,Forbes,2020,0.2037178741122991,529,0.05636556859444606,Forbes,0.08079091296235147,539,0.05392240234060219,2020-21 -> 2021-22
203954,Embiid,2020,0.11876353721584224,899,0.03503603912414512,Embiid,0.05598930269714523,1334,0.028999620615355107,2020-21 -> 2021-22
203897,LaVine,2020,0.08797040490871857,1123,0.0350456759774046,LaVine,0.01244241394879393,1186,0.033890283274321066,2020-21 -> 2021-22
1627759,Brown,2020,0.08591999297183449,1111,0.034705995221873946,Brown,0.047497773192396925,1217,0.033335471357570534,2020-21 -> 2021-22
1629029,Doncic,2020,0.0699747980088417,1351,0.03211409825029321,Doncic,0.04172578728249237,1403,0.03168960553502586,2020-21 -> 2021-22
203992,Bogdanovic,2020,0.16135946167771334,565,0.05334108873919539,Bogdanovic,0.030566611166375223,794,0.044848545898791996,2020-21 -> 2021-22
1629130,Robinson,2020,0.12692000927916022,717,0.05142437016676882,Robinson,0.011831441198978295,726,0.051396433083780814,2020-21 -> 2021-22
1628973,Brunson,2020,0.14507746810674457,627,0.04557548331039081,Brunson,0.11452709591023505,1008,0.03504607035168891,2020-21 -> 2021-22
1628969,Bridges,2020,0.13583227332869433,669,0.04617887143169233,Bridges,0.10100843749745828,858,0.03926065306119,2020-21 -> 2021-22
202685,Valanciunas,2020,0.11414903193776996,743,0.03619647573710848,Valanciunas,0.1264036641209687,938,0.03425918280264161,2020-21 -> 2021-22
1628381,Collins,2020,0.10997492496258857,771,0.03868422562832876,Collins,0.018048155025808834,644,0.0424641177531563,2020-21 -> 2021-22
203114,Middleton,2020,0.07887913421156048,1074,0.035151653613338045,Middleton,0.032590123471651654,1021,0.03747062845378708,2020-21 -> 2021-22
202699,Harris,2020,0.08975154347464796,924,0.035723036969785835,Harris,0.01791419543776164,1022,0.03462014730119097,2020-21 -> 2021-22
203552,Curry,2020,0.14837979525752998,552,0.052599920683649624,Curry,0.16751960630936263,739,0.045540040992346924,2020-21 -> 2021-22
203078,Beal,2020,0.05773043521108093,1382,0.030010722415005176,Beal,-0.027614529893708745,771,0.04030251950331692,2020-21 -> 2021-22
1629028,Ayton,2020,0.11404392286583287,687,0.035532043003386006,Ayton,0.2149501593670472,697,0.036007468804266425,2020-21 -> 2021-22
1626171,Portis,2020,0.12118582784314377,598,0.04496813435995432,Portis,0.05834450544766873,871,0.03952585476139928,2020-21 -> 2021-22
1626164,Booker,2020,0.05565339658491683,1287,0.03123597991801902,Booker,0.06112396480678899,1421,0.03054022694932354,2020-21 -> 2021-22
1628379,Kennard,2020,0.1722958761102083,414,0.061119098419511735,Kennard,0.15816608463950896,639,0.051426029147554564,2020-21 -> 2021-22
1627742,Ingram,2020,0.0647249641628213,1101,0.03452093150232103,Ingram,0.01695506521486475,983,0.03479172125061213,2020-21 -> 2021-22
202331,George,2020,0.07430044660572671,953,0.03873073104645381,George,-0.03926115434144597,636,0.04708925264684501,2020-21 -> 2021-22
201950,Holiday,2020,0.08432856367076214,823,0.03997680487450085,Holiday,0.11130193569790515,954,0.03734505240686736,2020-21 -> 2021-22
203944,Randle,2020,0.05193789453289956,1321,0.030969801208550484,Randle,-0.1254454268933443,1246,0.03204134393119033,2020-21 -> 2021-22
1628389,Adebayo,2020,0.0829478302266628,800,0.03287967138292638,Adebayo,0.01693817169571962,729,0.034180542971611855,2020-21 -> 2021-22
1630169,Haliburton,2020,0.10545503206759513,619,0.04843095020157151,Haliburton,0.08897246083263409,909,0.03928130914643391,2020-21 -> 2021-22
203493,Bullock Jr.,2020,0.10373405332149556,561,0.055710052561635685,Bullock Jr.,-0.013471976570667812,501,0.060454249529487615,2020-21 -> 2021-22
203468,McCollum,2020,0.06355700489198952,884,0.041182828471641585,McCollum,0.049820788655066534,1164,0.034932116676355596,2020-21 -> 2021-22
202722,Bertans,2020,0.11180086885713877,478,0.06317203435532757,Bertans,-0.07048294420097487,275,0.08200905632676866,2020-21 -> 2021-22
201568,Gallinari,2020,0.1124404637926968,475,0.05639176744456353,Gallinari,0.053369069992995025,597,0.04965117670972243,2020-21 -> 2021-22
203095,Fournier,2020,0.09854955589385801,541,0.05316886219062079,Fournier,0.020584152169298382,965,0.041726990746096315,2020-21 -> 2021-22
1626166,Payne,2020,0.13167555522022178,395,0.05972937898509635,Payne,-0.0668007213101056,587,0.047914105179267724,2020-21 -> 2021-22
1629057,Williams III,2020,0.19784309548387458,258,0.05382344885653185,Williams III,0.12147798578811074,368,0.04456673129265953,2020-21 -> 2021-22
1627777,Niang,2020,0.1251592605667382,405,0.06591698224483869,Niang,0.09581168222690958,563,0.055071442645976215,2020-21 -> 2021-22
1629026,Williams,2020,0.12238686045141105,411,0.054777182008750945,Williams,-0.029649723983277133,317,0.06421835389345441,2020-21 -> 2021-22
203084,Barnes,2020,0.07587161676283387,642,0.04597733160073576,Barnes,0.04604586690457551,834,0.041236947728865755,2020-21 -> 2021-22
1626149,Harrell,2020,0.08069215910327564,603,0.0373841049021255,Harrell,0.10819607590359705,555,0.03825362080704108,2020-21 -> 2021-22
201152,Young,2020,0.0726168928654446,662,0.0384602925672352,Young,0.012213535202322594,272,0.06382291761689321,2020-21 -> 2021-22
2544,James,2020,0.05805611957597074,823,0.03942371693587165,James,0.07603740696185401,1221,0.03260049117343789,2020-21 -> 2021-22
201961,Ellington,2020,0.13734832230077787,338,0.07426182219353304,Ellington,0.09231354674635317,237,0.09080372197311617,2020-21 -> 2021-22
201144,Conley,2020,0.07209769973015163,640,0.04914317392873453,Conley,0.07411324728706034,791,0.04421108347501722,2020-21 -> 2021-22
1626179,Rozier,2020,0.040487881198481616,1134,0.0363350125401004,Rozier,0.00824659932631834,1167,0.0359883595451118,2020-21 -> 2021-22
1629660,Jerome,2020,0.15679047807529728,287,0.07415277667263599,Jerome,-0.07439599261954716,328,0.06928815677880802,2020-21 -> 2021-22
1630217,Bane,2020,0.08969937853830474,499,0.05560261756091008,Bane,0.06424407125525243,1101,0.03658590637146725,2020-21 -> 2021-22
1628374,Markkanen,2020,0.08479537189014007,521,0.054165133461642416,Markkanen,-0.025718925420528876,703,0.046064521736036805,2020-21 -> 2021-22
204456,McConnell,2020,0.09000767796851226,490,0.04583114287624255,McConnell,0.0008912180056917134,208,0.07284103572840075,2020-21 -> 2021-22
1626157,Towns,2020,0.05027353810237569,875,0.03860764307633866,Towns,0.08699819739207766,1214,0.0318413309430515,2020-21 -> 2021-22
1630202,Pritchard,2020,0.09967528668778142,418,0.061613114781805846,Pritchard,0.09732587909520884,373,0.06682756790524151,2020-21 -> 2021-22
203501,Hardaway Jr.,2020,0.044869370723038725,911,0.04143030229515585,Hardaway Jr.,-0.06754892008842953,530,0.054302779234452994,2020-21 -> 2021-22
1627814,Lee,2020,0.14822117582347982,274,0.07963214912831618,Lee,-0.018634226497288534,383,0.06196456769984563,2020-21 -> 2021-22
1628464,Theis,2020,0.08701745905922875,466,0.0508893764849384,Theis,-0.009455428014124152,291,0.06519752986918552,2020-21 -> 2021-22
200768,Lowry,2020,0.06587726318655115,596,0.05113571144309145,Lowry,0.07188817429054893,627,0.05082899438603396,2020-21 -> 2021-22
1628983,Gilgeous-Alexander,2020,0.06729293054962128,565,0.04756963677384876,Gilgeous-Alexander,-0.02648233170889584,1052,0.03456185269228764,2020-21 -> 2021-22
201942,DeRozan,2020,0.04126849570808937,920,0.03348256594231039,DeRozan,0.06509493258173688,1535,0.02611862295676173,2020-21 -> 2021-22
1627734,Sabonis,2020,0.04183046189002736,904,0.03480089635587034,Sabonis,0.1001470543030125,773,0.03712630515088073,2020-21 -> 2021-22
202704,Jackson,2020,0.06439935895327388,585,0.050263588986678084,Jackson,-0.10168144398154425,1222,0.03410023506122505,2020-21 -> 2021-22
1630191,Stewart,2020,0.08614291481861205,409,0.05050618955697403,Stewart,-0.028100907309382764,490,0.045534643342071066,2020-21 -> 2021-22
202330,Hayward,2020,0.05275278628867649,658,0.04407333899878803,Hayward,0.01876593973057171,617,0.04640946991484105,2020-21 -> 2021-22
1628369,Tatum,2020,0.02630718398507919,1318,0.03182836667443614,Tatum,-0.0028914798537422004,1564,0.029770407393846544,2020-21 -> 2021-22
1626181,Powell,2020,0.03662142543362217,918,0.039491947257185564,Powell,0.0014718126851623445,605,0.04819758327924142,2020-21 -> 2021-22
203081,Lillard,2020,0.024915513659861447,1334,0.03367503458768277,Lillard,-0.11093312436631826,552,0.05237146538344963,2020-21 -> 2021-22
201587,Batum,2020,0.07697993545866169,412,0.06337222510060465,Batum,0.10304989976447719,387,0.06637649752312019,2020-21 -> 2021-22
201980,Green,2020,0.05815057889290266,544,0.05829280125032084,Green,0.0030549552877214836,320,0.07718876131610086,2020-21 -> 2021-22
1629655,Gafford,2020,0.14031754537101052,225,0.05823390993289784,Gafford,0.09962570742927815,411,0.042430763126513234,2020-21 -> 2021-22
203526,Neto,2020,0.06784828138516409,447,0.054911045128871856,Neto,-0.0033256130355866567,441,0.0530964259719564,2020-21 -> 2021-22
1628368,Fox,2020,0.02729274835336058,1110,0.03380523787735385,Fox,0.0020323082198954318,1092,0.03322104609686419,2020-21 -> 2021-22
1628402,Jackson,2020,0.10131451668142227,293,0.07186480498615556,Jackson,-0.07170394478754749,483,0.05727853350254282,2020-21 -> 2021-22
1627827,Finney-Smith,2020,0.06361454418849395,466,0.05934770589688849,Finney-Smith,0.035664297725531924,692,0.04809614055683448,2020-21 -> 2021-22
1627741,Hield,2020,0.02978098809541052,992,0.042127481172042104,Hield,-0.01725312261937742,1098,0.039039411297138685,2020-21 -> 2021-22
1627751,Poeltl,2020,0.06807369195880353,430,0.044471743999064076,Poeltl,0.13354647196534772,663,0.0363115460924879,2020-21 -> 2021-22
203488,Muscala,2020,0.10856920088024198,267,0.07955052272754427,Muscala,0.1587923263477692,248,0.081279630104209,2020-21 -> 2021-22
203926,McDermott,2020,0.04353599621844727,665,0.04523539491236712,McDermott,0.07220059038410007,465,0.05795253535192207,2020-21 -> 2021-22
1629308,Toscano-Anderson,2020,0.13747191153126628,209,0.07942405794568323,Toscano-Anderson,-0.01686754348516175,235,0.07402360342523466,2020-21 -> 2021-22
1629014,Simons,2020,0.07158911992116314,401,0.06582174681298243,Simons,0.06390768449792518,797,0.04439192906891108,2020-21 -> 2021-22
1628970,Bridges,2020,0.04370775464364306,622,0.047052941782135926,Bridges,-0.013763567873730148,1214,0.032831162621874146,2020-21 -> 2021-22
2546,Anthony,2020,0.034739261584418896,777,0.0427993679584982,Anthony,0.07249861153071979,723,0.046347978940062734,2020-21 -> 2021-22
203952,Wiggins,2020,0.024855780627379382,1058,0.03518230167245534,Wiggins,0.048258068209731136,1019,0.03673493245427038,2020-21 -> 2021-22
203937,Anderson,2020,0.03946326891619922,658,0.045982756480456195,Anderson,-0.10164695918055387,469,0.05009444942296193,2020-21 -> 2021-22
200746,Aldridge,2020,0.08727368027182965,296,0.06432338324679648,Aldridge,0.17572335340234024,458,0.047218480684142576,2020-21 -> 2021-22
203482,Olynyk,2020,0.0369904577942628,697,0.046466185670598056,Olynyk,-0.027303056756141288,286,0.06908345865456382,2020-21 -> 2021-22
1628449,Boucher,2020,0.043402921691144465,560,0.049036500909072245,Boucher,-0.12202530395019588,577,0.04751079475901566,2020-21 -> 2021-22
1628378,Mitchell,2020,0.02205373990352686,1091,0.03604074535290594,Mitchell,0.043828860976775505,1376,0.032770521349383575,2020-21 -> 2021-22
204001,Porzingis,2020,0.03454345756415794,683,0.04348867253427949,Porzingis,-0.030512687127904163,767,0.04025574195060331,2020-21 -> 2021-22
201935,Harden,2020,0.031960745622965955,734,0.044456606641911284,Harden,-0.09516919241574928,992,0.03819450282807961,2020-21 -> 2021-22
201586,Ibaka,2020,0.0634651209160189,365,0.05867834819267354,Ibaka,0.10120391524145493,296,0.06578209619933488,2020-21 -> 2021-22
203507,Antetokounmpo,2020,0.020949437910873548,1100,0.031166398093375937,Antetokounmpo,0.012663427538359886,1245,0.02938280573583596,2020-21 -> 2021-22
203109,Crowder,2020,0.04477765310055154,492,0.0605592150099293,Crowder,-0.00863160299014463,544,0.0558626202750342,2020-21 -> 2021-22
202355,Whiteside,2020,0.0937182654266754,224,0.062866566258388,Whiteside,0.14389543984692119,330,0.05014355696951543,2020-21 -> 2021-22
202709,Joseph,2020,0.04713787029665658,426,0.05489006248291307,Joseph,0.03859857511089771,400,0.05866671146977148,2020-21 -> 2021-22
1629675,Reid,2020,0.03373423134412961,581,0.04568464771480426,Reid,-0.04158083096027003,476,0.05143143563237916,2020-21 -> 2021-22
1626220,O'Neale,2020,0.04945771356358753,394,0.0659796793502582,O'Neale,0.08123284215969843,444,0.06177674658347105,2020-21 -> 2021-22
201145,Green,2020,0.03581206736223028,530,0.05148961216236873,Green,-0.009055900554523067,529,0.04792814063322403,2020-21 -> 2021-22
1628467,Kleber,2020,0.0677430558612925,275,0.08073354757919476,Kleber,-0.08601340704410101,354,0.06941059679723609,2020-21 -> 2021-22
1628384,Anunoby,2020,0.03515957628842868,519,0.053111696894121076,Anunoby,-0.06673296085417961,697,0.04470422534524854,2020-21 -> 2021-22
1629726,Mathews,2020,0.07612406560782049,237,0.08869709307654024,Mathews,-0.004438210250204822,461,0.06349786744126346,2020-21 -> 2021-22
203486,Plumlee,2020,0.04630490618102836,381,0.04680455182371226,Plumlee,-0.027255424306214592,320,0.047979409669666795,2020-21 -> 2021-22
201565,Rose,2020,0.0283908071533841,611,0.043923093954358595,Rose,-0.023116796275248826,274,0.06939665626615765,2020-21 -> 2021-22
201143,Horford,2020,0.04774191734133145,360,0.0623799619079932,Horford,0.039697695580920886,569,0.05030830926217189,2020-21 -> 2021-22
1628420,Morris,2020,0.04417747244325151,387,0.05845582399889923,Morris,0.08751752552469796,773,0.04274313608008759,2020-21 -> 2021-22
1630214,Tillman,2020,0.052978439120528666,299,0.06075588182123605,Tillman,-0.17995827094480005,216,0.07272039225802415,2020-21 -> 2021-22
1626174,Wood,2020,0.022484881586216154,640,0.043613269415229125,Wood,0.03173617410457784,878,0.03847718434580039,2020-21 -> 2021-22
1628975,Carter,2020,0.06449272128670225,223,0.08706808097301724,Carter,-0.02322784563952642,253,0.08232100449565723,2020-21 -> 2021-22
202711,Bogdanovic,2020,0.015141688650575963,925,0.04047649189869645,Bogdanovic,0.05819353139367249,928,0.040479877484458596,2020-21 -> 2021-22
1629631,Hunter,2020,0.05557669412100143,248,0.07369513300106227,Hunter,-0.038587550209156725,575,0.04761900117423762,2020-21 -> 2021-22
1628989,Huerter,2020,0.01852755045590214,731,0.04568951933111672,Huerter,0.0679275359567881,760,0.045286850382437634,2020-21 -> 2021-22
203500,Adams,2020,0.04233569982439547,308,0.05144882581098777,Adams,-0.06242238772580707,384,0.0473438326415716,2020-21 -> 2021-22
1626156,Russell,2020,0.019965159690811626,652,0.04750753099309187,Russell,-0.048834114433616495,975,0.039718687052615546,2020-21 -> 2021-22
1629672,Paschall,2020,0.0430556608100817,298,0.06116432339288919,Paschall,0.04547445940512344,235,0.07761792321278882,2020-21 -> 2021-22
203210,Green,2020,0.033565565372624284,374,0.06307216946956487,Green,-0.11525079181868805,327,0.06130661876624459,2020-21 -> 2021-22
1626192,Connaughton,2020,0.0314266382230285,387,0.0660880328157598,Connaughton,0.10330713101229465,496,0.059532181583955464,2020-21 -> 2021-22
203903,Clarkson,2020,0.010807346560425495,1075,0.03832078965999074,Clarkson,-0.015256710774273026,1113,0.03734926462230876,2020-21 -> 2021-22
201976,Beverley,2020,0.04384770488614126,220,0.08707674195226707,Beverley,-0.059153115934368346,436,0.060126524525971316,2020-21 -> 2021-22
1629001,Melton,2020,0.0232804380283262,393,0.06236853135842714,Melton,-0.07182991401675981,695,0.04674877873767655,2020-21 -> 2021-22
1628370,Monk,2020,0.021773518136882688,399,0.06156857715295407,Monk,0.05182690421650815,826,0.042569860873823695,2020-21 -> 2021-22
1629639,Herro,2020,0.01123221798177731,699,0.044857181768948456,Herro,0.02881574759606685,1122,0.03496583209773158,2020-21 -> 2021-22
203087,Lamb,2020,0.02583927574848421,276,0.07224745659415836,Lamb,-0.06306518991228964,347,0.0652516676815261,2020-21 -> 2021-22
202692,Burks,2020,0.013499105889264229,500,0.0547561162554039,Burks,-0.036036530629126096,728,0.04618446469506757,2020-21 -> 2021-22
202689,Walker,2020,0.00874780766474361,676,0.047540074401557754,Walker,-0.056982105095081,370,0.06510774650582651,2020-21 -> 2021-22
1629673,Poole,2020,0.0124538533294281,474,0.057510109903989165,Poole,0.03785387072746513,1058,0.038247101937126604,2020-21 -> 2021-22
1629003,Milton,2020,0.008538627655373792,667,0.04380716763032798,Milton,-0.06021356388098287,403,0.05684860305744775,2020-21 -> 2021-22
1628960,Allen,2020,0.013032544979417665,414,0.06362858685265813,Allen,0.07025160697548767,569,0.05480712569855987,2020-21 -> 2021-22
1629013,Shamet,2020,0.01179623905670761,456,0.06195500501922444,Shamet,-0.028506851936725107,485,0.059287803198456966,2020-21 -> 2021-22
1629611,Mann,2020,0.01534251717080094,350,0.057803763705598185,Mann,-0.034030575285939044,690,0.04206882063860794,2020-21 -> 2021-22
1630256,Tate,2020,0.008354899843002021,625,0.04486050646467465,Tate,-0.02064211669131676,729,0.04086271836794452,2020-21 -> 2021-22
1629637,Hayes,2020,0.017558510069474866,280,0.054003970662160485,Hayes,0.03786898975011871,398,0.048343724122381054,2020-21 -> 2021-22
203490,Porter Jr.,2020,0.01932805028409293,227,0.07976895953141114,Porter Jr.,0.04730720954202502,416,0.06013571495094338,2020-21 -> 2021-22
203085,Rivers,2020,0.014255116522189365,245,0.08110453591441043,Rivers,-0.019873870324390898,350,0.069645656685698,2020-21 -> 2021-22
201567,Love,2020,0.013665179468562976,252,0.08023865243952524,Love,0.0685235020911304,761,0.04638329164199148,2020-21 -> 2021-22
1629234,Eubanks,2020,0.01635805442708036,205,0.06419144496416435,Eubanks,0.051930476178553196,371,0.049288408381765896,2020-21 -> 2021-22
1629684,Williams,2020,0.0131109298932817,247,0.07820425471973531,Williams,0.09903896985632027,432,0.060932090553245985,2020-21 -> 2021-22
203484,Caldwell-Pope,2020,0.005062152718772568,506,0.0560407387154784,Caldwell-Pope,0.028767895933057473,829,0.042518966001759,2020-21 -> 2021-22
202684,Thompson,2020,0.007828001037427366,326,0.05289044718883354,Thompson,-0.029956460523321092,267,0.057488761531736626,2020-21 -> 2021-22
201988,Mills,2020,0.003553700560412369,611,0.05333728888209035,Mills,0.031070272158345884,794,0.04704585122967444,2020-21 -> 2021-22
1627736,Beasley,2020,0.0033900759331887305,600,0.05043157336121886,Beasley,-0.028318795831632996,850,0.04571322109217916,2020-21 -> 2021-22
1629731,Wade,2020,0.0020632441374962267,311,0.07335947409736669,Wade,0.03140618408418905,217,0.0867576550640581,2020-21 -> 2021-22
1628470,Craig,2020,0.0024946463695967834,227,0.07863982029642128,Craig,-0.013445914036030219,441,0.05837052217816137,2020-21 -> 2021-22
203497,Gobert,2020,-0.00010979924088952934,579,0.03515783595007465,Gobert,0.095738243331535,508,0.03817232383577331,2020-21 -> 2021-22
203076,Davis,2020,-0.0007972123943108796,613,0.04180433393102148,Davis,-0.017009183005867148,695,0.03729546201819849,2020-21 -> 2021-22
1626195,Hernangomez,2020,-0.00314372127375713,268,0.0576332877406488,Hernangomez,-0.0287391593556722,327,0.05276923561408643,2020-21 -> 2021-22
1630193,Quickley,2020,-0.002887540398765999,580,0.05134947865276415,Quickley,-0.05573086057460637,724,0.04650593687108123,2020-21 -> 2021-22
1627826,Zubac,2020,-0.005301618564769762,394,0.04355326481702818,Zubac,0.06514301517613741,495,0.0407931988377705,2020-21 -> 2021-22
203504,Burke,2020,-0.006169117232898496,353,0.06437071812741456,Burke,-0.08590480587201989,215,0.0800252811988162,2020-21 -> 2021-22
1628984,Graham,2020,-0.004045230612455889,669,0.05077281302942027,Graham,-0.08268472172046348,815,0.045844507601560856,2020-21 -> 2021-22
1628366,Ball,2020,-0.003945667748631,700,0.04882823793723408,Ball,0.030729339296714106,383,0.0665015044654041,2020-21 -> 2021-22
201569,Gordon,2020,-0.007771738011539538,367,0.06525387887922711,Gordon,0.11054678952733142,564,0.05203953836576011,2020-21 -> 2021-22
1629060,Hachimura,2020,-0.0051014250477064175,648,0.04182585303078625,Hachimura,0.10678136111934704,381,0.05807445292557126,2020-21 -> 2021-22
1628386,Allen,2020,-0.007303810633870183,482,0.041269499665472054,Allen,0.06267093924516949,545,0.037589463899595096,2020-21 -> 2021-22
1629643,Okeke,2020,-0.011794310849286607,324,0.06587695989129382,Okeke,-0.12454312296142313,575,0.05360476975061619,2020-21 -> 2021-22
1630180,Bey,2020,-0.006326366534347559,691,0.049065113298384214,Bey,-0.06264117133138679,1136,0.03660170554114469,2020-21 -> 2021-22
200752,Gay,2020,-0.007492988112422699,628,0.0475020184719203,Gay,-0.03786302450453675,379,0.0634943169608896,2020-21 -> 2021-22
1628976,Carter Jr.,2020,-0.011437333694459664,457,0.04676899997109558,Carter Jr.,0.04749139158932756,684,0.04232361675139156,2020-21 -> 2021-22
1628971,Brown,2020,-0.012419355599596055,423,0.04933398335196109,Brown,-0.02913528352942504,506,0.04659778163690324,2020-21 -> 2021-22
1629027,Young,2020,-0.006187496907821258,1112,0.034717230756803885,Young,0.050283834106217395,1544,0.029983433258457263,2020-21 -> 2021-22
202710,Butler,2020,-0.010232550834521889,736,0.038018132202077407,Butler,-0.03532317587022928,829,0.03588835897165231,2020-21 -> 2021-22
1627761,Bembry,2020,-0.03405927180685976,228,0.06995453976575956,Bembry,-0.013234860978124848,221,0.06846055252347999,2020-21 -> 2021-22
1626153,Wright,2020,-0.01601963219728206,518,0.04999355755504183,Wright,-0.02808788123984198,269,0.07131590338221887,2020-21 -> 2021-22
203082,Ross,2020,-0.014339623722941742,616,0.04799618657003427,Ross,-0.08681977291915526,554,0.05133063139682636,2020-21 -> 2021-22
203496,Covington,2020,-0.017839359943000867,509,0.057732654467631025,Covington,-5.864378276367618e-05,498,0.058184495013443804,2020-21 -> 2021-22
1628964,Bamba,2020,-0.03118303407449939,301,0.06585870953508552,Bamba,-0.01756194053366449,617,0.047521235783136696,2020-21 -> 2021-22
1627788,Korkmaz,2020,-0.022304055724104845,424,0.06180129170721962,Korkmaz,-0.14510936055540222,470,0.05763258157203002,2020-21 -> 2021-22
1629021,Wagner,2020,-0.041642860911762766,229,0.0764699061900196,Wagner,-0.001576192443100597,396,0.059925527560290966,2020-21 -> 2021-22
1629661,Johnson,2020,-0.020489945585280056,483,0.05924782077914002,Johnson,0.11632983967032262,607,0.05216333221480418,2020-21 -> 2021-22
201571,Augustin,2020,-0.029835960280733965,343,0.06943407343658312,Augustin,0.07012862742965635,222,0.08941793446408088,2020-21 -> 2021-22
1626167,Turner,2020,-0.02381805122053459,432,0.05724484509668071,Turner,0.07944207602866606,393,0.0603179191450356,2020-21 -> 2021-22
1628963,Bagley III,2020,-0.022350925121680593,490,0.04773967534441015,Bagley III,-0.01581201998992968,446,0.0506849801966405,2020-21 -> 2021-22
1627936,Caruso,2020,-0.03625864816869886,305,0.06789273878971214,Caruso,-0.13334085569668863,256,0.07559492229568307,2020-21 -> 2021-22
1630183,McDaniels,2020,-0.03158359164861677,367,0.06386283268851001,McDaniels,-0.07853878752448279,554,0.050327096974532054,2020-21 -> 2021-22
1629669,Nowell,2020,-0.03654629746513585,335,0.06485293482297623,Nowell,0.062357408901194455,413,0.057465841276671904,2020-21 -> 2021-22
1629636,Garland,2020,-0.015412390072925459,802,0.040419848796311574,Garland,0.031879998961911675,1173,0.03411346447081209,2020-21 -> 2021-22
1629020,Vanderbilt,2020,-0.05304164812360324,236,0.058472545661728645,Vanderbilt,-0.16282168417863407,361,0.04569386181509424,2020-21 -> 2021-22
1630166,Avdija,2020,-0.04545534144785881,312,0.06970874900397475,Avdija,-0.0321664483512286,579,0.04954293642788916,2020-21 -> 2021-22
202397,Smith,2020,-0.04778131360984904,297,0.06160082865535093,Smith,-0.045912037415703225,430,0.050898642869502436,2020-21 -> 2021-22
1630178,Maxey,2020,-0.035914878304745004,429,0.05265251717700968,Maxey,0.04022254235783888,995,0.03571747196773508,2020-21 -> 2021-22
1628398,Kuzma,2020,-0.02037177539523327,757,0.044072577688291925,Kuzma,0.019683524853223916,936,0.03836617276131221,2020-21 -> 2021-22
203200,Holiday,2020,-0.02570982232805309,625,0.05285375906154434,Holiday,-0.04670168484500265,662,0.051565209572748856,2020-21 -> 2021-22
1628401,White,2020,-0.03567035907504947,453,0.0584649749234785,White,-0.05153137551921219,800,0.04278910447938689,2020-21 -> 2021-22
1629667,McDaniels,2020,-0.057009839846515066,284,0.06763114079404668,McDaniels,0.025559518183112504,254,0.07337153634706073,2020-21 -> 2021-22
1626145,Jones,2020,-0.04068947906230179,413,0.056911195320228876,Jones,0.03465432070390206,552,0.050009456104638736,2020-21 -> 2021-22
1630167,Toppin,2020,-0.08103669905517727,209,0.07911717999788835,Toppin,-0.10151430638622594,473,0.05028753196383821,2020-21 -> 2021-22
1629056,Davis,2020,-0.03934982389115149,456,0.05862143901174306,Davis,-0.06283540045606341,267,0.07627808478956198,2020-21 -> 2021-22
1626204,Nance Jr.,2020,-0.06723648830572143,272,0.06952844302401737,Nance Jr.,-0.057751539044954274,247,0.0682105254315169,2020-21 -> 2021-22
203935,Smart,2020,-0.03646876707363029,510,0.05516364271396993,Smart,-0.030577786414938798,718,0.04569472664252105,2020-21 -> 2021-22
1629018,Trent Jr.,2020,-0.023720892103162416,785,0.04457995727024779,Trent Jr.,-0.013462883110334905,1086,0.03731524212139007,2020-21 -> 2021-22
202339,Bledsoe,2020,-0.02560769587137435,730,0.04516080237255833,Bledsoe,-0.07008011729767706,468,0.05330314236508902,2020-21 -> 2021-22
203920,Birch,2020,-0.050522222311117033,380,0.05174681600755053,Birch,-0.12294418606435414,200,0.06853818274086974,2020-21 -> 2021-22
1630267,Campazzo,2020,-0.06210276432212732,315,0.07323321688959337,Campazzo,-0.11939583716156912,296,0.07371917952186603,2020-21 -> 2021-22
1628977,Diallo,2020,-0.04228911531188175,470,0.04822323847497478,Diallo,-0.021090290124645406,526,0.045797244388589814,2020-21 -> 2021-22
2730,Howard,2020,-0.06744397656978743,303,0.05220243568896467,Howard,0.03218413479479409,219,0.0638889455443769,2020-21 -> 2021-22
202326,Cousins,2020,-0.06706787761031238,305,0.0677578017602561,Cousins,-0.05492362447806934,324,0.0638270457061242,2020-21 -> 2021-22
1628404,Hart,2020,-0.06030520323440686,344,0.06675406397141571,Hart,0.013958625504273608,569,0.04831051180629128,2020-21 -> 2021-22
203932,Gordon,2020,-0.04190779079868696,499,0.05073634995674499,Gordon,-0.006117049642231628,834,0.037996315471258535,2020-21 -> 2021-22
1630170,Vassell,2020,-0.07141725478649646,303,0.06978669218862449,Vassell,-0.025345005790674585,764,0.04409593567480424,2020-21 -> 2021-22
1629638,Alexander-Walker,2020,-0.04732709725631678,458,0.056503311563474386,Alexander-Walker,-0.15053889859905262,680,0.04688956805796241,2020-21 -> 2021-22
201580,McGee,2020,-0.07823965558053879,282,0.0576880115813862,McGee,0.09584688657177722,458,0.04323368582141302,2020-21 -> 2021-22
1627752,Prince,2020,-0.06933102126576136,327,0.06686258904752841,Prince,0.039213509900226214,390,0.06394287338679744,2020-21 -> 2021-22
1626169,Johnson,2020,-0.09914443936199316,233,0.08184342837957727,Johnson,0.01543796710310666,251,0.07507726048026368,2020-21 -> 2021-22
1630163,Ball,2020,-0.0348205869460086,672,0.044956699207477684,Ball,-0.016454550432400534,1254,0.033775574822460186,2020-21 -> 2021-22
1626196,Richardson,2020,-0.038429943258445974,618,0.04786372793498935,Richardson,0.05923760807552648,534,0.05207731055337608,2020-21 -> 2021-22
203463,McLemore,2020,-0.06553687073226525,365,0.06970386467315663,McLemore,-0.015595246481707988,539,0.05779524391413001,2020-21 -> 2021-22
1630231,Martin,2020,-0.07550353599888941,318,0.060351245283883304,Martin,-0.044415257561397595,523,0.04726144626881866,2020-21 -> 2021-22
1629645,Porter Jr.,2020,-0.06696886913990478,367,0.06195847996866106,Porter Jr.,-0.07099031513798415,808,0.04307115547892314,2020-21 -> 2021-22
1630181,Hampton,2020,-0.07941495356075906,313,0.06278867888704615,Hampton,-0.11444134901962827,457,0.05488141445412988,2020-21 -> 2021-22
1627783,Siakam,2020,-0.028180811639551134,961,0.035557921824230364,Siakam,0.04976221194058764,1207,0.0306527121734584,2020-21 -> 2021-22
203115,Barton,2020,-0.04553766595673356,608,0.04808910917227306,Barton,-0.00590131446169614,896,0.040591668722527584,2020-21 -> 2021-22
203994,Nurkic,2020,-0.08622936892762877,333,0.05359872661778487,Nurkic,-0.022650187807295764,600,0.040743195218874345,2020-21 -> 2021-22
1630173,Achiuwa,2020,-0.12787897557753644,228,0.05942272166985473,Achiuwa,-0.1497264657973617,603,0.04388787663711626,2020-21 -> 2021-22
203924,Grant,2020,-0.03131461673485466,932,0.03754513391887313,Grant,-0.04689594132732186,699,0.0436982887386437,2020-21 -> 2021-22
201933,Griffin,2020,-0.07118598941038479,411,0.059767728549893706,Griffin,-0.16249720224622646,313,0.06737745597620451,2020-21 -> 2021-22
202083,Matthews,2020,-0.11614563953774239,252,0.08506320869133602,Matthews,-0.05731709325770179,220,0.08929521862976586,2020-21 -> 2021-22
1629023,Washington,2020,-0.04345584576055922,686,0.04457686690806063,Washington,0.009152884243375962,532,0.053299731743033686,2020-21 -> 2021-22
1629216,Vincent,2020,-0.1296073282291954,233,0.08381763771254447,Vincent,0.013933311767196546,513,0.05651547967062051,2020-21 -> 2021-22
101150,Williams,2020,-0.046844046746399935,646,0.04413236560738909,Williams,-0.10283553332751491,320,0.06426289881904615,2020-21 -> 2021-22
1630230,Marshall,2020,-0.15104582305715084,209,0.07986094282337748,Marshall,-0.2068807580743351,269,0.07065670635726604,2020-21 -> 2021-22
1629634,Clarke,2020,-0.06729458073830324,495,0.04559343796158292,Clarke,0.13215293926064087,447,0.04484112461546309,2020-21 -> 2021-22
1629162,McLaughlin,2020,-0.14138508783310633,242,0.07404808590516086,McLaughlin,-0.09674971679776632,200,0.08259706630253022,2020-21 -> 2021-22
1629004,Mykhailiuk,2020,-0.07115828402807553,506,0.05647595373285498,Mykhailiuk,-0.18263571701366246,234,0.08157126459966742,2020-21 -> 2021-22
1630165,Hayes,2020,-0.18052307565937414,201,0.08196121715242284,Hayes,-0.1548051902337092,459,0.05408013921821623,2020-21 -> 2021-22
201949,Johnson,2020,-0.11238867039101451,327,0.06359427162453157,Johnson,-0.1377414074801779,307,0.06234937693991305,2020-21 -> 2021-22
1629676,Roby,2020,-0.08596518345326243,429,0.05159224678901829,Roby,0.0888474926839465,323,0.06165681114929029,2020-21 -> 2021-22
1629640,Johnson,2020,-0.05250015818048562,705,0.04105047169499672,Johnson,0.03640281606255663,1011,0.03674395631493929,2020-21 -> 2021-22
202066,Temple,2020,-0.09741814099634633,381,0.06339408070990606,Temple,-0.1397511106288024,295,0.07475559302929591,2020-21 -> 2021-22
1628978,DiVincenzo,2020,-0.06257308490939094,603,0.05099217051831667,DiVincenzo,-0.1563286913664739,336,0.0706239069775075,2020-21 -> 2021-22
1629680,Thybulle,2020,-0.15832707173681046,243,0.07916005841772203,Thybulle,-0.11613826580043925,300,0.0671778544598208,2020-21 -> 2021-22
203471,Schroder,2020,-0.05063988141650145,760,0.04047731679057784,Schroder,-0.016878746622534496,724,0.04283841878249688,2020-21 -> 2021-22
203110,Green,2020,-0.1032230858905302,380,0.05741004584044803,Green,0.06394566723513112,257,0.06560937076591812,2020-21 -> 2021-22
1629659,Horton-Tucker,2020,-0.08400399254280365,489,0.04998817417602898,Horton-Tucker,-0.13112968385450618,538,0.04911867521048277,2020-21 -> 2021-22
1627749,Murray,2020,-0.0437640366309155,974,0.034636615122137504,Murray,-0.04223681636329045,1241,0.0311160208564477,2020-21 -> 2021-22
203991,Capela,2020,-0.06139004708086157,695,0.03360975815235814,Capela,-0.08653200414821731,604,0.0352242274094388,2020-21 -> 2021-22
1629022,Walker IV,2020,-0.07331399993408762,609,0.04864231455641527,Walker IV,-0.09763096411880556,764,0.04344331886298959,2020-21 -> 2021-22
1627832,VanVleet,2020,-0.05183358427025726,870,0.04201769824948832,VanVleet,-0.003296498718725253,1097,0.03809144080654162,2020-21 -> 2021-22
203914,Harris,2020,-0.13498513549455893,345,0.06341071996503302,Harris,-0.002869154956011282,553,0.05332328683937093,2020-21 -> 2021-22
1629632,White,2020,-0.05185351962376242,902,0.04077031208148876,White,0.014598477977243018,644,0.04895566590728399,2020-21 -> 2021-22
1630175,Anthony,2020,-0.08498171210285994,552,0.04833602534850563,Anthony,-0.090804057078534,912,0.03941735268166462,2020-21 -> 2021-22
1627763,Brogdon,2020,-0.048195256247694655,980,0.03710690652964928,Brogdon,-0.055258001796564385,543,0.049465833944732716,2020-21 -> 2021-22
1628997,Martin,2020,-0.18988904976624932,256,0.07536357577947142,Martin,0.015549459491084203,410,0.05618438931940468,2020-21 -> 2021-22
1628988,Holiday,2020,-0.12949080301125446,436,0.056514589745115945,Holiday,0.02191123771057914,338,0.061842177072739514,2020-21 -> 2021-22
201566,Westbrook,2020,-0.049243199378657086,1238,0.030862893341103037,Westbrook,-0.09408747037280651,1233,0.03088434405773665,2020-21 -> 2021-22
1627747,LeVert,2020,-0.07513333806662718,814,0.03977185026932313,LeVert,-0.06146096837350285,854,0.03867782815657333,2020-21 -> 2021-22
1629629,Reddish,2020,-0.2413961254984914,263,0.0735172355035199,Reddish,-0.11069233407032353,408,0.05930325880622572,2020-21 -> 2021-22
1629652,Dort,2020,-0.1021639641451474,639,0.04855691520878692,Dort,-0.08182069624344811,726,0.04587133357522061,2020-21 -> 2021-22
1628367,Jackson,2020,-0.09264006295618712,707,0.04312100489232189,Jackson,-0.1615012212625385,300,0.0680959135672781,2020-21 -> 2021-22
1626159,Winslow,2020,-0.32411066921995857,210,0.07570819530219192,Winslow,-0.1362348232701835,257,0.06828567223564991,2020-21 -> 2021-22
1629628,Barrett,2020,-0.06529592763110662,1060,0.03427941705102219,Barrett,-0.14922557065598013,1194,0.0329490673262931,2020-21 -> 2021-22
1630177,Maledon,2020,-0.1292441040981958,614,0.04959894597037552,Maledon,-0.10177621002131645,317,0.06806720737394228,2020-21 -> 2021-22
1628415,Brooks,2020,-0.07785992056962784,1031,0.03604726780513284,Brooks,-0.09007186644759951,526,0.048662406704150604,2020-21 -> 2021-22
1626162,Oubre Jr.,2020,-0.11745385711426702,724,0.04285985965961107,Oubre Jr.,-0.02903036072623084,932,0.041067116904327246,2020-21 -> 2021-22
201937,Rubio,2020,-0.17207781527569857,498,0.0535981219512207,Rubio,-0.17930245246630128,411,0.05850258986207193,2020-21 -> 2021-22
1630197,Pokusevski,2020,-0.21725742436766582,408,0.0605667979382817,Pokusevski,-0.11303008983704706,456,0.05514588045362409,2020-21 -> 2021-22
203083,Drummond,2020,-0.15923983334649858,572,0.039034023841407695,Drummond,-0.09329922820112654,433,0.04295989783769057,2020-21 -> 2021-22
1626224,Osman,2020,-0.1798985465075773,586,0.05116867493800022,Osman,-0.018459463157453712,572,0.052983761645785665,2020-21 -> 2021-22
1630171,Okoro,2020,-0.19182796970283866,559,0.04867039551821934,Okoro,-0.15334759468267667,431,0.05446429555206285,2020-21 -> 2021-22
1629630,Morant,2020,-0.11504153481241473,957,0.03501620028621674,Morant,-0.026976612984231787,1177,0.031092654524727006,2020-21 -> 2021-22
1629647,Bazley,2020,-0.17493683754787162,690,0.04454243257786346,Bazley,-0.15188972382661464,649,0.04544590275168757,2020-21 -> 2021-22
1630162,Edwards,2020,-0.12920678815861072,1211,0.033812231094680074,Edwards,-0.07290595615864626,1245,0.03417798062325304,2020-21 -> 2021-22
203999,Jokic,2021,0.23518215367264564,1311,0.029780275282377765,Jokic,0.3149187735841312,1022,0.0325755406078461,2021-22 -> 2022-23
201142,Durant,2021,0.13776197094847492,1115,0.033438260819537734,Durant,0.22147555684584083,862,0.03792853983142835,2021-22 -> 2022-23
1629028,Ayton,2021,0.2149501593670472,697,0.036007468804266425,Ayton,0.12908760338016076,887,0.031805967801609804,2021-22 -> 2022-23
203552,Curry,2021,0.16751960630936263,739,0.045540040992346924,Curry,0.1165845262678431,449,0.05884705521183582,2021-22 -> 2022-23
202685,Valanciunas,2021,0.1264036641209687,938,0.03425918280264161,Valanciunas,0.08934632714214975,816,0.03568514783004543,2021-22 -> 2022-23
1628973,Brunson,2021,0.11452709591023505,1008,0.03504607035168891,Brunson,0.08572238665855267,1195,0.03260321580336156,2021-22 -> 2022-23
201950,Holiday,2021,0.11130193569790515,954,0.03734505240686736,Holiday,0.0750298315765383,1023,0.036903976468731906,2021-22 -> 2022-23
1626157,Towns,2021,0.08699819739207766,1214,0.0318413309430515,Towns,0.08328866516745263,428,0.056041231397944015,2021-22 -> 2022-23
1628379,Kennard,2021,0.15816608463950896,639,0.051426029147554564,Kennard,0.28231648154411787,382,0.0674721876703342,2021-22 -> 2022-23
201942,DeRozan,2021,0.06509493258173688,1535,0.02611862295676173,DeRozan,0.0633237855469846,1303,0.02857140445946868,2021-22 -> 2022-23
2544,James,2021,0.07603740696185401,1221,0.03260049117343789,James,0.019777960390568155,1219,0.03195140477006208,2021-22 -> 2022-23
1627751,Poeltl,2021,0.13354647196534772,663,0.0363115460924879,Poeltl,0.14943424361144167,618,0.03795965919506597,2021-22 -> 2022-23
1626164,Booker,2021,0.06112396480678899,1421,0.03054022694932354,Booker,0.07322112930871666,1067,0.034640873618105424,2021-22 -> 2022-23
1628969,Bridges,2021,0.10100843749745828,858,0.03926065306119,Bridges,0.018604418447956482,1267,0.032465714362676375,2021-22 -> 2022-23
101108,Paul,2021,0.11673227804519146,736,0.041488292427704805,Paul,0.04584375191761742,668,0.04587991398426391,2021-22 -> 2022-23
1630169,Haliburton,2021,0.08897246083263409,909,0.03928130914643391,Haliburton,0.08115217808389678,841,0.04163870470006779,2021-22 -> 2022-23
1629027,Young,2021,0.050283834106217395,1544,0.029983433258457263,Young,-0.04503356451376875,1390,0.030872534563421226,2021-22 -> 2022-23
1627734,Sabonis,2021,0.1001470543030125,773,0.03712630515088073,Sabonis,0.17799212898187716,938,0.03228602008554268,2021-22 -> 2022-23
203954,Embiid,2021,0.05598930269714523,1334,0.028999620615355107,Embiid,0.12943665329560436,1328,0.028273254906369675,2021-22 -> 2022-23
1630217,Bane,2021,0.06424407125525243,1101,0.03658590637146725,Bane,0.04014006347492781,939,0.038887816515005405,2021-22 -> 2022-23
1629661,Johnson,2021,0.11632983967032262,607,0.05216333221480418,Johnson,0.04872156174545467,474,0.056999064265931015,2021-22 -> 2022-23
201939,Curry,2021,0.055420068436117416,1224,0.036355137736447156,Curry,0.18638506446127104,1133,0.03712717368020264,2021-22 -> 2022-23
1628420,Morris,2021,0.08751752552469796,773,0.04274313608008759,Morris,0.09945972334650625,515,0.05219223474314507,2021-22 -> 2022-23
201569,Gordon,2021,0.11054678952733142,564,0.05203953836576011,Gordon,0.07491818889270362,653,0.048597454292125974,2021-22 -> 2022-23
202681,Irving,2021,0.0982432720668036,616,0.04758944351997151,Irving,0.10479588624749123,1203,0.03428451245794837,2021-22 -> 2022-23
1628378,Mitchell,2021,0.043828860976775505,1376,0.032770521349383575,Mitchell,0.0733672893595106,1402,0.031985685394666716,2021-22 -> 2022-23
1627783,Siakam,2021,0.04976221194058764,1207,0.0306527121734584,Siakam,0.014133968699627037,1313,0.02998860115102093,2021-22 -> 2022-23
1626149,Harrell,2021,0.10819607590359705,555,0.03825362080704108,Harrell,-0.00245575071443091,209,0.06228736451153978,2021-22 -> 2022-23
1629634,Clarke,2021,0.13215293926064087,447,0.04484112461546309,Clarke,0.144110845005369,349,0.04943672496535798,2021-22 -> 2022-23
201144,Conley,2021,0.07411324728706034,791,0.04421108347501722,Conley,0.04459614444952787,610,0.05127890927946992,2021-22 -> 2022-23
1629029,Doncic,2021,0.04172578728249237,1403,0.03168960553502586,Doncic,0.09200342174215083,1449,0.03060462066228559,2021-22 -> 2022-23
203468,McCollum,2021,0.049820788655066534,1164,0.034932116676355596,McCollum,0.013896690682192701,1344,0.03248948001253761,2021-22 -> 2022-23
1627759,Brown,2021,0.047497773192396925,1217,0.033335471357570534,Brown,0.037917509997103464,1383,0.030827572937935616,2021-22 -> 2022-23
1629622,Strus,2021,0.09764453677889502,564,0.056645287376078435,Strus,-0.02219793602036065,790,0.04674759425541959,2021-22 -> 2022-23
202711,Bogdanovic,2021,0.05819353139367249,928,0.040479877484458596,Bogdanovic,0.117019447343768,882,0.03982123822746953,2021-22 -> 2022-23
1627777,Niang,2021,0.09581168222690958,563,0.055071442645976215,Niang,0.1299996234448393,502,0.05987930307755218,2021-22 -> 2022-23
201567,Love,2021,0.0685235020911304,761,0.04638329164199148,Love,-0.04362635766098644,424,0.06374579812756413,2021-22 -> 2022-23
1628989,Huerter,2021,0.0679275359567881,760,0.045286850382437634,Huerter,0.13224380026978477,866,0.0430173220679176,2021-22 -> 2022-23
1626192,Connaughton,2021,0.10330713101229465,496,0.059532181583955464,Connaughton,-0.06812171749678655,421,0.06515456399476242,2021-22 -> 2022-23
1629014,Simons,2021,0.06390768449792518,797,0.04439192906891108,Simons,0.01656126112951363,1045,0.03834959058932936,2021-22 -> 2022-23
1626171,Portis,2021,0.05834450544766873,871,0.03952585476139928,Portis,0.07016261558200339,803,0.04010851819533436,2021-22 -> 2022-23
203952,Wiggins,2021,0.048258068209731136,1019,0.03673493245427038,Wiggins,0.06778298622169085,529,0.051571512087130386,2021-22 -> 2022-23
203497,Gobert,2021,0.095738243331535,508,0.03817232383577331,Gobert,-0.015679316681474622,546,0.03639788653648005,2021-22 -> 2022-23
1628392,Hartenstein,2021,0.12491808093355043,366,0.05050574178081561,Hartenstein,-0.06158879189205111,327,0.055128493473491295,2021-22 -> 2022-23
200768,Lowry,2021,0.07188817429054893,627,0.05082899438603396,Lowry,-0.02038963523101365,485,0.058544630961180955,2021-22 -> 2022-23
1628370,Monk,2021,0.05182690421650815,826,0.042569860873823695,Monk,-0.008749725837521913,796,0.043013831639018126,2021-22 -> 2022-23
1629684,Williams,2021,0.09903896985632027,432,0.060932090553245985,Williams,0.09122893741951507,476,0.0581909031001723,2021-22 -> 2022-23
1629655,Gafford,2021,0.09962570742927815,411,0.042430763126513234,Gafford,0.2149778154611602,395,0.044470875317094406,2021-22 -> 2022-23
1629060,Hachimura,2021,0.10678136111934704,381,0.05807445292557126,Hachimura,0.011129174454854264,584,0.04573511103865445,2021-22 -> 2022-23
1629673,Poole,2021,0.03785387072746513,1058,0.038247101937126604,Poole,-0.010364531257438794,1278,0.03403897757802143,2021-22 -> 2022-23
1630178,Maxey,2021,0.04022254235783888,995,0.03571747196773508,Maxey,0.06653218197214292,913,0.03888480427152977,2021-22 -> 2022-23
1628960,Allen,2021,0.07025160697548767,569,0.05480712569855987,Allen,0.04399039985587401,557,0.05474633331094989,2021-22 -> 2022-23
201587,Batum,2021,0.10304989976447719,387,0.06637649752312019,Batum,0.06574468984079833,381,0.06986087400992627,2021-22 -> 2022-23
203488,Muscala,2021,0.1587923263477692,248,0.081279630104209,Muscala,0.11308858537808801,292,0.07701297861086634,2021-22 -> 2022-23
203084,Barnes,2021,0.04604586690457551,834,0.041236947728865755,Barnes,0.015225750046625427,791,0.042373065131148184,2021-22 -> 2022-23
1629636,Garland,2021,0.031879998961911675,1173,0.03411346447081209,Garland,0.042054203195151026,1129,0.03464414143303037,2021-22 -> 2022-23
1629640,Johnson,2021,0.03640281606255663,1011,0.03674395631493929,Johnson,-0.04590566512742038,1113,0.03463834389849058,2021-22 -> 2022-23
1630202,Pritchard,2021,0.09732587909520884,373,0.06682756790524151,Pritchard,0.002557831095738753,245,0.08097020538845645,2021-22 -> 2022-23
1626220,O'Neale,2021,0.08123284215969843,444,0.06177674658347105,O'Neale,-0.019334743646184753,593,0.053656427206263124,2021-22 -> 2022-23
202696,Vucevic,2021,0.03061770159204892,1154,0.032740198838128926,Vucevic,0.1272198952473139,1148,0.033183608034111925,2021-22 -> 2022-23
202694,Morris Sr.,2021,0.05075594765376364,691,0.04502708936800705,Morris Sr.,0.02766707967525492,643,0.04809145602327162,2021-22 -> 2022-23
1628386,Allen,2021,0.06267093924516949,545,0.037589463899595096,Allen,0.03155293725890384,626,0.03538233640938713,2021-22 -> 2022-23
203926,McDermott,2021,0.07220059038410007,465,0.05795253535192207,McDermott,0.0563656883195022,523,0.05472204764859679,2021-22 -> 2022-23
203114,Middleton,2021,0.032590123471651654,1021,0.03747062845378708,Middleton,-0.012480988970853368,406,0.058922974343844386,2021-22 -> 2022-23
1628976,Carter Jr.,2021,0.04749139158932756,684,0.04232361675139156,Carter Jr.,0.06563345921008595,613,0.04578283350091697,2021-22 -> 2022-23
1629639,Herro,2021,0.02881574759606685,1122,0.03496583209773158,Herro,0.03660356819350155,1109,0.03670426645537582,2021-22 -> 2022-23
1627826,Zubac,2021,0.06514301517613741,495,0.0407931988377705,Zubac,0.05142012040120364,514,0.039582377074722105,2021-22 -> 2022-23
1626196,Richardson,2021,0.05923760807552648,534,0.05207731055337608,Richardson,0.027392985554667938,554,0.05266616615004254,2021-22 -> 2022-23
1626167,Turner,2021,0.07944207602866606,393,0.0603179191450356,Turner,0.12312145550656155,733,0.04140826998055624,2021-22 -> 2022-23
200782,Tucker,2021,0.0684692167827637,428,0.058835818074893936,Tucker,-0.00631945097259442,225,0.08642295996143523,2021-22 -> 2022-23
1626174,Wood,2021,0.03173617410457784,878,0.03847718434580039,Wood,0.057075958138207455,769,0.040761241301960426,2021-22 -> 2022-23
1629669,Nowell,2021,0.062357408901194455,413,0.057465841276671904,Nowell,-0.06248995357687054,625,0.04611171333346386,2021-22 -> 2022-23
1627827,Finney-Smith,2021,0.035664297725531924,692,0.04809614055683448,Finney-Smith,-0.13219373207582752,501,0.057702660059751464,2021-22 -> 2022-23
201988,Mills,2021,0.031070272158345884,794,0.04704585122967444,Mills,0.013318948600555453,209,0.0896087554335065,2021-22 -> 2022-23
203992,Bogdanovic,2021,0.030566611166375223,794,0.044848545898791996,Bogdanovic,0.08814771641040085,611,0.05140583975572625,2021-22 -> 2022-23
203484,Caldwell-Pope,2021,0.028767895933057473,829,0.042518966001759,Caldwell-Pope,0.0711111528603373,632,0.048783270844021884,2021-22 -> 2022-23
1630168,Okongwu,2021,0.10517273874375861,226,0.05802120055815089,Okongwu,0.0728477903656132,497,0.041126870727807005,2021-22 -> 2022-23
201143,Horford,2021,0.039697695580920886,569,0.05030830926217189,Horford,0.16322680566065675,479,0.05961904433668069,2021-22 -> 2022-23
1630557,Kispert,2021,0.03932588999358192,514,0.05614531600241566,Kispert,0.18039230532369974,585,0.05315632489109192,2021-22 -> 2022-23
1629234,Eubanks,2021,0.051930476178553196,371,0.049288408381765896,Eubanks,0.09380634516651486,334,0.05058824935006181,2021-22 -> 2022-23
1626145,Jones,2021,0.03465432070390206,552,0.050009456104638736,Jones,0.013388450928860167,710,0.04567090485961756,2021-22 -> 2022-23
1628398,Kuzma,2021,0.019683524853223916,936,0.03836617276131221,Kuzma,0.002316128811031056,1142,0.03485482071246161,2021-22 -> 2022-23
202699,Harris,2021,0.01791419543776164,1022,0.03462014730119097,Harris,0.0548698029622932,845,0.03982643786969311,2021-22 -> 2022-23
1629723,Konchar,2021,0.06673644239306725,262,0.07389001969941113,Konchar,-0.10620330319341012,320,0.069086606815292,2021-22 -> 2022-23
202691,Thompson,2021,0.03024574856391174,573,0.05183533408193402,Thompson,0.07107783766632067,1252,0.03585668205991006,2021-22 -> 2022-23
1627742,Ingram,2021,0.01695506521486475,983,0.03479172125061213,Ingram,0.05735751225617297,835,0.03735494324775778,2021-22 -> 2022-23
203110,Green,2021,0.06394566723513112,257,0.06560937076591812,Green,0.048650806532117175,474,0.05043797886958614,2021-22 -> 2022-23
203507,Antetokounmpo,2021,0.012663427538359886,1245,0.02938280573583596,Antetokounmpo,-0.04331310816632551,1278,0.027940001816067313,2021-22 -> 2022-23
202709,Joseph,2021,0.03859857511089771,400,0.05866671146977148,Joseph,0.040193832312562454,351,0.06600180789015309,2021-22 -> 2022-23
1627752,Prince,2021,0.039213509900226214,390,0.06394287338679744,Prince,0.04258825115215749,379,0.0631758884260814,2021-22 -> 2022-23
203897,LaVine,2021,0.01244241394879393,1186,0.033890283274321066,LaVine,0.01876426762942403,1388,0.031326162658504075,2021-22 -> 2022-23
203939,Powell,2021,0.035968869000854754,401,0.045910913840563866,Powell,0.08058749781539885,269,0.05260815925771178,2021-22 -> 2022-23
1630188,Smith,2021,0.03713781067231187,350,0.06054675273376167,Smith,-0.07124670873454517,508,0.050557411601981773,2021-22 -> 2022-23
1628389,Adebayo,2021,0.01693817169571962,729,0.034180542971611855,Adebayo,0.04138433993978217,1114,0.028347599512480365,2021-22 -> 2022-23
1628381,Collins,2021,0.018048155025808834,644,0.0424641177531563,Collins,-0.0017612204353227834,707,0.042347000210161974,2021-22 -> 2022-23
202330,Hayward,2021,0.01876593973057171,617,0.04640946991484105,Hayward,0.0175436886552584,581,0.04633928752021514,2021-22 -> 2022-23
1630559,Reaves,2021,0.032954465797574446,318,0.06848277836978695,Reaves,0.1889279878231809,490,0.053872411308772655,2021-22 -> 2022-23
1626179,Rozier,2021,0.00824659932631834,1167,0.0359883595451118,Rozier,-0.10021315791431451,1188,0.03468487220668013,2021-22 -> 2022-23
1629632,White,2021,0.014598477977243018,644,0.04895566590728399,White,0.019889811518163412,594,0.051428017587781635,2021-22 -> 2022-23
1629011,Robinson,2021,0.025753801908032795,343,0.04263098382903443,Robinson,-0.10338026175040349,280,0.04847254470932585,2021-22 -> 2022-23
1629130,Robinson,2021,0.011831441198978295,726,0.051396433083780814,Robinson,-0.0652497358267743,237,0.08843407417613608,2021-22 -> 2022-23
1630245,Dosunmu,2021,0.01575035579983909,535,0.0490373000831057,Dosunmu,-0.06109564062528394,570,0.04748572356010691,2021-22 -> 2022-23
1628404,Hart,2021,0.013958625504273608,569,0.04831051180629128,Hart,0.030555168780779896,520,0.04922657172338485,2021-22 -> 2022-23
1630570,Watford,2021,0.02812661137517189,267,0.06345275677936932,Watford,0.1351283795394856,323,0.05946294295962692,2021-22 -> 2022-23
1628988,Holiday,2021,0.02191123771057914,338,0.061842177072739514,Holiday,-0.049382594024383115,220,0.07949737505511321,2021-22 -> 2022-23
1629651,Claxton,2021,0.027547359610755877,264,0.052317645737235664,Claxton,0.08818015540964842,587,0.03563543161668728,2021-22 -> 2022-23
1629216,Vincent,2021,0.013933311767196546,513,0.05651547967062051,Vincent,-0.044994490558189354,567,0.05401300824298189,2021-22 -> 2022-23
1629667,McDaniels,2021,0.025559518183112504,254,0.07337153634706073,McDaniels,-0.08750316269460973,617,0.046168817169048054,2021-22 -> 2022-23
1628997,Martin,2021,0.015549459491084203,410,0.05618438931940468,Martin,-0.009753933931631766,548,0.05049818246740717,2021-22 -> 2022-23
204060,Ingles,2021,0.018496906350657427,285,0.08054829161906926,Ingles,0.10617981053364278,248,0.08686867419576502,2021-22 -> 2022-23
1629023,Washington,2021,0.009152884243375962,532,0.053299731743033686,Washington,-0.021980133032470647,978,0.03800088733737219,2021-22 -> 2022-23
1629656,Grimes,2021,0.02056353261207858,235,0.08847322667735118,Grimes,0.02261596705146818,602,0.05262183425522628,2021-22 -> 2022-23
1626168,Lyles,2021,0.005504003233704194,562,0.04881712892446829,Lyles,-0.004463633306833133,408,0.061941125282239044,2021-22 -> 2022-23
1628368,Fox,2021,0.0020323082198954318,1092,0.03322104609686419,Fox,0.09614966828123378,1331,0.030695720905076055,2021-22 -> 2022-23
1630567,Barnes,2021,0.001642091329767424,932,0.034871489987660084,Barnes,-0.10248381971791183,1016,0.0336483173364305,2021-22 -> 2022-23
1626181,Powell,2021,0.0014718126851623445,605,0.04819758327924142,Powell,0.052280464642733254,710,0.044287283730972855,2021-22 -> 2022-23
204456,McConnell,2021,0.0008912180056917134,208,0.07284103572840075,McConnell,0.10761712995790539,521,0.04542852072566149,2021-22 -> 2022-23
203496,Covington,2021,-5.864378276367618e-05,498,0.058184495013443804,Covington,0.04800132901925909,229,0.08326181557185704,2021-22 -> 2022-23
1630228,Kuminga,2021,-0.0007286027425290898,460,0.051127551166755054,Kuminga,0.02388689094642868,497,0.048961071790318965,2021-22 -> 2022-23
1629021,Wagner,2021,-0.001576192443100597,396,0.059925527560290966,Wagner,-0.02737600999671055,396,0.05778868545216363,2021-22 -> 2022-23
203914,Harris,2021,-0.002869154956011282,553,0.05332328683937093,Harris,0.09007539676935132,307,0.07576227368818914,2021-22 -> 2022-23
1630598,Wiggins,2021,-0.005160102913406615,337,0.06384515220543614,Wiggins,0.01267770160717356,363,0.05903980904981474,2021-22 -> 2022-23
1629726,Mathews,2021,-0.004438210250204822,461,0.06349786744126346,Mathews,-0.043685221479195624,201,0.09844235157397545,2021-22 -> 2022-23
1629111,Landale,2021,-0.011551179347266438,204,0.08149356167803702,Landale,-0.004802363216618587,337,0.058178186851688345,2021-22 -> 2022-23
1630182,Green,2021,-0.00948171894189831,256,0.06916158688327559,Green,0.10995130743199806,382,0.060391614750045175,2021-22 -> 2022-23
1630200,Jones,2021,-0.007935188529015294,339,0.056334574490060525,Jones,-0.07016539351724986,743,0.0399850332069052,2021-22 -> 2022-23
1627832,VanVleet,2021,-0.003296498718725253,1097,0.03809144080654162,VanVleet,-0.06932864241669841,1112,0.03735635513584909,2021-22 -> 2022-23
1628369,Tatum,2021,-0.0028914798537422004,1564,0.029770407393846544,Tatum,0.006609158915590693,1559,0.030040390419513608,2021-22 -> 2022-23
201145,Green,2021,-0.009055900554523067,529,0.04792814063322403,Green,-0.06259604611663115,328,0.06012992829236089,2021-22 -> 2022-23
203932,Gordon,2021,-0.006117049642231628,834,0.037996315471258535,Gordon,0.004232714979055658,761,0.03755664543692076,2021-22 -> 2022-23
203115,Barton,2021,-0.00590131446169614,896,0.040591668722527584,Barton,-0.08514826045156411,364,0.0637906879278066,2021-22 -> 2022-23
1628975,Carter,2021,-0.02322784563952642,253,0.08232100449565723,Carter,0.0437110346651365,565,0.05367378324635971,2021-22 -> 2022-23
1628470,Craig,2021,-0.013445914036030219,441,0.05837052217816137,Craig,-0.01485138080784145,500,0.05445762267951629,2021-22 -> 2022-23
203493,Bullock Jr.,2021,-0.013471976570667812,501,0.060454249529487615,Bullock Jr.,0.03198304114404185,470,0.06363632745558008,2021-22 -> 2022-23
203085,Rivers,2021,-0.019873870324390898,350,0.069645656685698,Rivers,-0.026608002833387663,209,0.08758496006242197,2021-22 -> 2022-23
1628963,Bagley III,2021,-0.01581201998992968,446,0.0506849801966405,Bagley III,0.06812947091961534,382,0.053781812632038795,2021-22 -> 2022-23
1627814,Lee,2021,-0.018634226497288534,383,0.06196456769984563,Lee,0.0844213712684379,452,0.058701136858428225,2021-22 -> 2022-23
1626153,Wright,2021,-0.02808788123984198,269,0.07131590338221887,Wright,0.05548014102458865,291,0.06857999668822051,2021-22 -> 2022-23
203482,Olynyk,2021,-0.027303056756141288,286,0.06908345865456382,Olynyk,0.12757466111728713,557,0.05032983287187327,2021-22 -> 2022-23
203486,Plumlee,2021,-0.027255424306214592,320,0.047979409669666795,Plumlee,0.10442141677398033,484,0.040503059080350325,2021-22 -> 2022-23
1629026,Williams,2021,-0.029649723983277133,317,0.06421835389345441,Williams,0.06857699230529106,346,0.06214448391528537,2021-22 -> 2022-23
1628966,Bates-Diop,2021,-0.0380238021759555,263,0.06491619638953144,Bates-Diop,0.034451978049345335,465,0.05207442390583582,2021-22 -> 2022-23
1630538,Hyland,2021,-0.017575231191967848,571,0.05349169918648897,Hyland,-0.054281388577086205,571,0.05222146461592429,2021-22 -> 2022-23
1626224,Osman,2021,-0.018459463157453712,572,0.052983761645785665,Osman,-0.0033540476591561634,530,0.05431727462421148,2021-22 -> 2022-23
1628964,Bamba,2021,-0.01756194053366449,617,0.047521235783136696,Bamba,-0.003969539082359468,241,0.07702932457730877,2021-22 -> 2022-23
1628977,Diallo,2021,-0.021090290124645406,526,0.045797244388589814,Diallo,0.051656866006060835,375,0.04970059650597984,2021-22 -> 2022-23
203076,Davis,2021,-0.017009183005867148,695,0.03729546201819849,Davis,0.05416793794593279,962,0.031426009666709186,2021-22 -> 2022-23
203471,Schroder,2021,-0.016878746622534496,724,0.04283841878249688,Schroder,-0.063326632544869,650,0.04553940961640195,2021-22 -> 2022-23
1626172,Looney,2021,-0.03430233698421445,364,0.04717435771405,Looney,0.11003592551526668,384,0.046832730940712254,2021-22 -> 2022-23
1630631,Alvarado,2021,-0.04617316809844658,294,0.06781801253051384,Alvarado,-0.04297481722847896,489,0.05542277911649556,2021-22 -> 2022-23
203994,Nurkic,2021,-0.022650187807295764,600,0.040743195218874345,Nurkic,-0.004232115338421557,505,0.04794710823195444,2021-22 -> 2022-23
1630191,Stewart,2021,-0.028100907309382764,490,0.045534643342071066,Stewart,-0.06583952613672704,441,0.056919651860599677,2021-22 -> 2022-23
1629013,Shamet,2021,-0.028506851936725107,485,0.059287803198456966,Shamet,-0.07108702276610586,300,0.0747510355015973,2021-22 -> 2022-23
1630530,Murphy III,2021,-0.051014516956060796,277,0.07723803077665796,Murphy III,0.08495772814857545,800,0.04439499560519627,2021-22 -> 2022-23
1626204,Nance Jr.,2021,-0.057751539044954274,247,0.0682105254315169,Nance Jr.,0.07130735103814634,305,0.056564631047707335,2021-22 -> 2022-23
200752,Gay,2021,-0.03786302450453675,379,0.0634943169608896,Gay,-0.14276122645155903,287,0.0710656253225576,2021-22 -> 2022-23
1629018,Trent Jr.,2021,-0.013462883110334905,1086,0.03731524212139007,Trent Jr.,-0.016433270949553547,935,0.03983404287433535,2021-22 -> 2022-23
1628971,Brown,2021,-0.02913528352942504,506,0.04659778163690324,Brown,-0.011998019763920427,741,0.041652987221666944,2021-22 -> 2022-23
1630256,Tate,2021,-0.02064211669131676,729,0.04086271836794452,Tate,0.024930952999032325,229,0.0711633725017025,2021-22 -> 2022-23
1630543,Jackson,2021,-0.0801676655617914,206,0.06532478739402887,Jackson,-0.11374408136870927,318,0.05117088217849112,2021-22 -> 2022-23
1629056,Davis,2021,-0.06283540045606341,267,0.07627808478956198,Davis,-0.01991200426532593,364,0.06787956203436712,2021-22 -> 2022-23
203903,Clarkson,2021,-0.015256710774273026,1113,0.03734926462230876,Clarkson,0.032081567567255796,1031,0.03747944690609698,2021-22 -> 2022-23
1628374,Markkanen,2021,-0.025718925420528876,703,0.046064521736036805,Markkanen,0.08435230146203902,1145,0.034936177472686694,2021-22 -> 2022-23
1630166,Avdija,2021,-0.0321664483512286,579,0.04954293642788916,Avdija,-0.08207431568925015,579,0.04848209795179393,2021-22 -> 2022-23
1627741,Hield,2021,-0.01725312261937742,1098,0.039039411297138685,Hield,0.09335342541513886,1038,0.04017267916611472,2021-22 -> 2022-23
1630170,Vassell,2021,-0.025345005790674585,764,0.04409593567480424,Vassell,-0.008441886251124315,595,0.048920583182927434,2021-22 -> 2022-23
1629675,Reid,2021,-0.04158083096027003,476,0.05143143563237916,Reid,0.08328946039173143,577,0.04747655493891418,2021-22 -> 2022-23
1630163,Ball,2021,-0.016454550432400534,1254,0.033775574822460186,Ball,-0.02949642123663528,721,0.04616831962690937,2021-22 -> 2022-23
203915,Dinwiddie,2021,-0.028928153437899104,735,0.04431194325946477,Dinwiddie,-0.008320570442007617,1050,0.03732995262004284,2021-22 -> 2022-23
203078,Beal,2021,-0.027614529893708745,771,0.04030251950331692,Beal,0.09251177065102925,878,0.03739080661715177,2021-22 -> 2022-23
1629642,Little,2021,-0.06950894429008363,315,0.06719319802563639,Little,0.0003451299573056555,303,0.07036726846555666,2021-22 -> 2022-23
203935,Smart,2021,-0.030577786414938798,718,0.04569472664252105,Smart,-0.02697485057082658,602,0.051152321783802,2021-22 -> 2022-23
1630560,Thomas,2021,-0.04372343740875741,503,0.05173272934765416,Thomas,-0.013301727349164892,456,0.05301142593230784,2021-22 -> 2022-23
1629631,Hunter,2021,-0.038587550209156725,575,0.04761900117423762,Hunter,-9.06148438130302e-05,822,0.04017255418088045,2021-22 -> 2022-23
1630231,Martin,2021,-0.044415257561397595,523,0.04726144626881866,Martin,0.0077833460498816795,720,0.039775140361123056,2021-22 -> 2022-23
204001,Porzingis,2021,-0.030512687127904163,767,0.04025574195060331,Porzingis,0.10671069646797844,1018,0.03561622381992902,2021-22 -> 2022-23
1629611,Mann,2021,-0.034030575285939044,690,0.04206882063860794,Mann,0.03406732999153905,524,0.049969841678623124,2021-22 -> 2022-23
203500,Adams,2021,-0.06242238772580707,384,0.0473438326415716,Adams,-0.004253337631391554,263,0.05682806430886605,2021-22 -> 2022-23
1627736,Beasley,2021,-0.028318795831632996,850,0.04571322109217916,Beasley,-0.0016523556795539438,937,0.04301999811527702,2021-22 -> 2022-23
1629003,Milton,2021,-0.06021356388098287,403,0.05684860305744775,Milton,0.012297660074612768,503,0.049705846037679954,2021-22 -> 2022-23
1629660,Jerome,2021,-0.07439599261954716,328,0.06928815677880802,Jerome,0.1381897867924703,242,0.07502269776465126,2021-22 -> 2022-23
202331,George,2021,-0.03926115434144597,636,0.04708925264684501,George,0.039851558254839346,1004,0.037482294001990775,2021-22 -> 2022-23
201976,Beverley,2021,-0.059153115934368346,436,0.060126524525971316,Beverley,-0.049574927761075256,360,0.06850298491865896,2021-22 -> 2022-23
202692,Burks,2021,-0.036036530629126096,728,0.04618446469506757,Burks,0.05626388349111972,459,0.058212358116576025,2021-22 -> 2022-23
1628972,Brown Jr.,2021,-0.10484437100636942,258,0.07587328278286289,Brown Jr.,-0.0014019350222525568,465,0.058908314561390375,2021-22 -> 2022-23
1626162,Oubre Jr.,2021,-0.02903036072623084,932,0.041067116904327246,Oubre Jr.,-0.0967957254081691,819,0.040986603397791,2021-22 -> 2022-23
1628983,Gilgeous-Alexander,2021,-0.02648233170889584,1052,0.03456185269228764,Gilgeous-Alexander,0.017573984047776464,1381,0.02779274677968777,2021-22 -> 2022-23
202710,Butler,2021,-0.03532317587022928,829,0.03588835897165231,Butler,0.06788877500144284,888,0.03417999113546923,2021-22 -> 2022-23
1627763,Brogdon,2021,-0.055258001796564385,543,0.049465833944732716,Brogdon,0.12058987202722254,732,0.04372451020580027,2021-22 -> 2022-23
1630526,Robinson-Earl,2021,-0.09410997872751707,324,0.06764266459174778,Robinson-Earl,-0.13370350703643652,248,0.07458582789923345,2021-22 -> 2022-23
203200,Holiday,2021,-0.04670168484500265,662,0.051565209572748856,Holiday,-0.1636400007550388,204,0.09160552073465462,2021-22 -> 2022-23
1630544,Mann,2021,-0.053877686641366725,588,0.04980540960808908,Mann,-0.09262812148540206,501,0.05517820770725287,2021-22 -> 2022-23
1629630,Morant,2021,-0.026976612984231787,1177,0.031092654524727006,Morant,-0.07490591246316014,1214,0.03120075981593233,2021-22 -> 2022-23
1630177,Maledon,2021,-0.10177621002131645,317,0.06806720737394228,Maledon,-0.10985637829757575,254,0.07278879537401259,2021-22 -> 2022-23
203924,Grant,2021,-0.04689594132732186,699,0.0436982887386437,Grant,0.00845965533119671,913,0.0382865494783793,2021-22 -> 2022-23
1630532,Wagner,2021,-0.03448977186046693,975,0.035479941135154645,Wagner,0.02957889217214184,1118,0.03379260766094623,2021-22 -> 2022-23
1630205,Stevens,2021,-0.10553257412661729,319,0.05856924220665991,Stevens,-0.1597862635106928,288,0.06587914864688832,2021-22 -> 2022-23
1630537,Duarte,2021,-0.054391395773334066,621,0.047202234313305065,Duarte,-0.1774026810819846,333,0.06745833961255358,2021-22 -> 2022-23
1627936,Caruso,2021,-0.13334085569668863,256,0.07559492229568307,Caruso,-0.05840720914152057,286,0.07237872980214345,2021-22 -> 2022-23
1630613,Washington Jr.,2021,-0.08092736758124253,427,0.05914894355668108,Washington Jr.,-0.11136179463205442,256,0.07446696689218496,2021-22 -> 2022-23
1629680,Thybulle,2021,-0.11613826580043925,300,0.0671778544598208,Thybulle,-0.08226091030269457,253,0.07833176592457428,2021-22 -> 2022-23
203501,Hardaway Jr.,2021,-0.06754892008842953,530,0.054302779234452994,Hardaway Jr.,-0.009516275794985369,847,0.04421629115809002,2021-22 -> 2022-23
203210,Green,2021,-0.11525079181868805,327,0.06130661876624459,Green,0.022622846885498336,252,0.07262929765756618,2021-22 -> 2022-23
1630214,Tillman,2021,-0.17995827094480005,216,0.07272039225802415,Tillman,0.07180641846585017,306,0.0542963650879483,2021-22 -> 2022-23
1626166,Payne,2021,-0.0668007213101056,587,0.047914105179267724,Payne,-0.020517506977144273,453,0.05561734230344946,2021-22 -> 2022-23
1630193,Quickley,2021,-0.05573086057460637,724,0.04650593687108123,Quickley,0.017542415422826172,936,0.03993497556210804,2021-22 -> 2022-23
203083,Drummond,2021,-0.09329922820112654,433,0.04295989783769057,Drummond,-0.0765742355931796,274,0.05374316829996758,2021-22 -> 2022-23
1628401,White,2021,-0.05153137551921219,800,0.04278910447938689,White,0.06818471449168863,758,0.04477228105074285,2021-22 -> 2022-23
1630528,Christopher,2021,-0.0827784262426494,500,0.050832563793327616,Christopher,-0.042733420761707316,329,0.06065091275220587,2021-22 -> 2022-23
1629002,Metu,2021,-0.09398334729651908,449,0.054523930188793646,Metu,-0.04992888427821342,219,0.06639983114560867,2021-22 -> 2022-23
1630578,Sengun,2021,-0.08038926964608024,525,0.046086014190341,Sengun,0.067039136325091,799,0.03511887596562337,2021-22 -> 2022-23
1630183,McDaniels,2021,-0.07853878752448279,554,0.050327096974532054,McDaniels,0.04072245981875295,716,0.042742960199000965,2021-22 -> 2022-23
1629670,Nwora,2021,-0.09723943215536876,462,0.056882968069412496,Nwora,-0.02718651234373191,445,0.05728234482729814,2021-22 -> 2022-23
1629629,Reddish,2021,-0.11069233407032353,408,0.05930325880622572,Reddish,-0.08083323569835589,312,0.06749056387292536,2021-22 -> 2022-23
1628384,Anunoby,2021,-0.06673296085417961,697,0.04470422534524854,Anunoby,-0.035663882468114895,885,0.039016718908712486,2021-22 -> 2022-23
1628415,Brooks,2021,-0.09007186644759951,526,0.048662406704150604,Brooks,-0.11555130765082479,991,0.038162073313142746,2021-22 -> 2022-23
1626156,Russell,2021,-0.048834114433616495,975,0.039718687052615546,Russell,0.09082499671875269,948,0.040276844658884675,2021-22 -> 2022-23
203937,Anderson,2021,-0.10164695918055387,469,0.05009444942296193,Anderson,0.07017175474476002,495,0.048632595652161395,2021-22 -> 2022-23
1630167,Toppin,2021,-0.10151430638622594,473,0.05028753196383821,Toppin,-0.09825669298937921,419,0.059990826459261126,2021-22 -> 2022-23
203082,Ross,2021,-0.08681977291915526,554,0.05133063139682636,Ross,0.04195301654343495,465,0.05819383647108768,2021-22 -> 2022-23
1630529,Jones,2021,-0.08523613869667439,576,0.04576133086946535,Jones,-0.09737400647367746,501,0.050139183917226014,2021-22 -> 2022-23
1629001,Melton,2021,-0.07182991401675981,695,0.04674877873767655,Melton,0.0005895689618402347,651,0.050058040469615,2021-22 -> 2022-23
1630197,Pokusevski,2021,-0.11303008983704706,456,0.05514588045362409,Pokusevski,-0.08514959588613938,249,0.07415645994441132,2021-22 -> 2022-23
203991,Capela,2021,-0.08653200414821731,604,0.0352242274094388,Capela,-0.0025374592821234654,536,0.03754079878637192,2021-22 -> 2022-23
1630181,Hampton,2021,-0.11444134901962827,457,0.05488141445412988,Hampton,-0.014101343891406812,237,0.07891041081780803,2021-22 -> 2022-23
1627749,Murray,2021,-0.04223681636329045,1241,0.0311160208564477,Murray,-0.0003851091267787992,1319,0.03115470689931014,2021-22 -> 2022-23
1627747,LeVert,2021,-0.06146096837350285,854,0.03867782815657333,LeVert,-0.047746657545710704,742,0.04354910795529081,2021-22 -> 2022-23
1628978,DiVincenzo,2021,-0.1563286913664739,336,0.0706239069775075,DiVincenzo,0.0688674180966481,540,0.05627970830282589,2021-22 -> 2022-23
1630558,Mitchell,2021,-0.0657170498220532,843,0.04031749242608392,Mitchell,-0.0057367271049355495,399,0.061140523624882086,2021-22 -> 2022-23
1630230,Marshall,2021,-0.2068807580743351,269,0.07065670635726604,Marshall,-0.05872637432281347,571,0.048367519399492506,2021-22 -> 2022-23
1630581,Giddey,2021,-0.08523250630828205,670,0.043989337296697704,Giddey,-0.011776904594908998,1118,0.032281388332155006,2021-22 -> 2022-23
1629645,Porter Jr.,2021,-0.07099031513798415,808,0.04307115547892314,Porter Jr.,-0.004374431635034788,884,0.04018464680235797,2021-22 -> 2022-23
1629020,Vanderbilt,2021,-0.16282168417863407,361,0.04569386181509424,Vanderbilt,-0.046222938835936894,451,0.04873102523977975,2021-22 -> 2022-23
1629652,Dort,2021,-0.08182069624344811,726,0.04587133357522061,Dort,-0.17816718869045353,873,0.040714023023300606,2021-22 -> 2022-23
203081,Lillard,2021,-0.11093312436631826,552,0.05237146538344963,Lillard,0.028789273000834312,1202,0.035838648943199665,2021-22 -> 2022-23
1630171,Okoro,2021,-0.15334759468267667,431,0.05446429555206285,Okoro,-0.053815064062516446,354,0.06356521271942454,2021-22 -> 2022-23
1628984,Graham,2021,-0.08268472172046348,815,0.045844507601560856,Graham,-0.030514684895343966,431,0.06491459882722389,2021-22 -> 2022-23
1630596,Mobley,2021,-0.08219195087264303,830,0.03406831063967378,Mobley,-0.049579730479912244,947,0.03151295594382442,2021-22 -> 2022-23
1628449,Boucher,2021,-0.12202530395019588,577,0.04751079475901566,Boucher,-0.08491591729056087,529,0.048610668000843724,2021-22 -> 2022-23
1629659,Horton-Tucker,2021,-0.13112968385450618,538,0.04911867521048277,Horton-Tucker,-0.07844503640258306,613,0.04596129415859253,2021-22 -> 2022-23
1630165,Hayes,2021,-0.1548051902337092,459,0.05408013921821623,Hayes,-0.155652625141499,815,0.040693302860206414,2021-22 -> 2022-23
1630180,Bey,2021,-0.06264117133138679,1136,0.03660170554114469,Bey,-0.04319351945312851,836,0.04189134712966211,2021-22 -> 2022-23
1629022,Walker IV,2021,-0.09763096411880556,764,0.04344331886298959,Walker IV,-0.020032643778331277,527,0.052512953283153245,2021-22 -> 2022-23
1630595,Cunningham,2021,-0.07493727806705297,1031,0.036012044064553654,Cunningham,-0.08422209503184343,224,0.07471183846621823,2021-22 -> 2022-23
1630175,Anthony,2021,-0.090804057078534,912,0.03941735268166462,Anthony,0.02051901892603841,610,0.04654305521089848,2021-22 -> 2022-23
1629052,Brissett,2021,-0.16996784037113508,506,0.0527944495278798,Brissett,-0.21034621628386455,319,0.06734282065490399,2021-22 -> 2022-23
1630173,Achiuwa,2021,-0.1497264657973617,603,0.04388787663711626,Achiuwa,-0.10676554084997213,404,0.05346886527030753,2021-22 -> 2022-23
1630162,Edwards,2021,-0.07290595615864626,1245,0.03417798062325304,Edwards,-0.03260050365329857,1541,0.029561769587815107,2021-22 -> 2022-23
201935,Harden,2021,-0.09516919241574928,992,0.03819450282807961,Harden,0.034260513048726696,842,0.042297557171926445,2021-22 -> 2022-23
1628991,Jackson Jr.,2021,-0.09265106923066155,1036,0.03606644636131581,Jackson Jr.,0.015575756253724095,822,0.03923838843461986,2021-22 -> 2022-23
1629638,Alexander-Walker,2021,-0.15053889859905262,680,0.04688956805796241,Alexander-Walker,0.039810482532362905,295,0.07232281528585142,2021-22 -> 2022-23
1630224,Green,2021,-0.10882853456941853,954,0.038882274906957205,Green,-0.08480467787887286,1359,0.03189800286396976,2021-22 -> 2022-23
201566,Westbrook,2021,-0.09408747037280651,1233,0.03088434405773665,Westbrook,-0.09840930895995952,991,0.03563025062479526,2021-22 -> 2022-23
202704,Jackson,2021,-0.10168144398154425,1222,0.03410023506122505,Jackson,-0.054236494685853745,640,0.04776708270074983,2021-22 -> 2022-23
1630591,Suggs,2021,-0.2659232769477625,548,0.04916244060396237,Suggs,-0.07284065206398332,444,0.0566776023963426,2021-22 -> 2022-23
203944,Randle,2021,-0.1254454268933443,1246,0.03204134393119033,Randle,-0.0036977186329102923,1432,0.031469447980048144,2021-22 -> 2022-23
1629628,Barrett,2021,-0.14922557065598013,1194,0.0329490673262931,Barrett,-0.10581337401005664,1176,0.03320367287964077,2021-22 -> 2022-23
203999,Jokic,2022,0.3149187735841312,1022,0.0325755406078461,Jokic,0.23100507208504342,1411,0.027958500073047433,2022-23 -> 2023-24
201939,Curry,2022,0.18638506446127104,1133,0.03712717368020264,Curry,0.10216600637488045,1445,0.033576641214070946,2022-23 -> 2023-24
201142,Durant,2022,0.22147555684584083,862,0.03792853983142835,Durant,0.1460753222752912,1436,0.02949276939254217,2022-23 -> 2023-24
203954,Embiid,2022,0.12943665329560436,1328,0.028273254906369675,Embiid,0.15037904246733577,851,0.035979971383015126,2022-23 -> 2023-24
1627734,Sabonis,2022,0.17799212898187716,938,0.03228602008554268,Sabonis,0.13227821682385468,1068,0.030161597569672093,2022-23 -> 2023-24
202696,Vucevic,2022,0.1272198952473139,1148,0.033183608034111925,Vucevic,0.03733206545610456,1211,0.031637940369217105,2022-23 -> 2023-24
1629029,Doncic,2022,0.09200342174215083,1449,0.03060462066228559,Doncic,0.10341644151579263,1652,0.029764610050339736,2022-23 -> 2023-24
1628368,Fox,2022,0.09614966828123378,1331,0.030695720905076055,Fox,0.04309685347022985,1549,0.029756453282396955,2022-23 -> 2023-24
202681,Irving,2022,0.10479588624749123,1203,0.03428451245794837,Irving,0.1159124243875269,1131,0.03485870139283095,2022-23 -> 2023-24
202695,Leonard,2022,0.13227227118791227,871,0.037966562876956905,Leonard,0.13224385494526897,1162,0.032733306057878366,2022-23 -> 2023-24
1628989,Huerter,2022,0.13224380026978477,866,0.0430173220679176,Huerter,0.017651615332885992,560,0.05375390552714287,2022-23 -> 2023-24
1629028,Ayton,2022,0.12908760338016076,887,0.031805967801609804,Ayton,0.1390015254456798,749,0.03491511535837223,2022-23 -> 2023-24
201572,Lopez,2022,0.12176063224967985,899,0.038800841737488316,Lopez,0.07403965385892179,755,0.044507476900080965,2022-23 -> 2023-24
204001,Porzingis,2022,0.10671069646797844,1018,0.03561622381992902,Porzingis,0.08498243865413638,752,0.04158259989542406,2022-23 -> 2023-24
1628379,Kennard,2022,0.28231648154411787,382,0.0674721876703342,Kennard,0.15685947261192398,315,0.07555254522474864,2022-23 -> 2023-24
1630557,Kispert,2022,0.18039230532369974,585,0.05315632489109192,Kispert,0.11059151243236966,794,0.04483044508320267,2022-23 -> 2023-24
202711,Bogdanovic,2022,0.117019447343768,882,0.03982123822746953,Bogdanovic,0.0663758803159363,681,0.04708365024397592,2022-23 -> 2023-24
1628378,Mitchell,2022,0.0733672893595106,1402,0.031985685394666716,Mitchell,0.011127040291581985,1089,0.03641788744167118,2022-23 -> 2023-24
1628973,Brunson,2022,0.08572238665855267,1195,0.03260321580336156,Brunson,0.07291847328150204,1648,0.028338429038276037,2022-23 -> 2023-24
1627741,Hield,2022,0.09335342541513886,1038,0.04017267916611472,Hield,0.024098802247286746,850,0.04462576589377233,2022-23 -> 2023-24
1628374,Markkanen,2022,0.08435230146203902,1145,0.034936177472686694,Markkanen,0.08217174602062256,890,0.04047462262401499,2022-23 -> 2023-24
1629008,Porter Jr.,2022,0.11592550820646624,817,0.043561308915501654,Porter Jr.,0.07253167624263522,1079,0.037306476334284244,2022-23 -> 2023-24
1630559,Reaves,2022,0.1889279878231809,490,0.053872411308772655,Reaves,0.09162984003678659,940,0.03907185507941029,2022-23 -> 2023-24
1627751,Poeltl,2022,0.14943424361144167,618,0.03795965919506597,Poeltl,0.14172434279666962,378,0.047779484656902835,2022-23 -> 2023-24
1626167,Turner,2022,0.12312145550656155,733,0.04140826998055624,Turner,0.11234440379544292,909,0.0377140748995844,2022-23 -> 2023-24
202691,Thompson,2022,0.07107783766632067,1252,0.03585668205991006,Thompson,0.074434391167825,1133,0.03796197806647479,2022-23 -> 2023-24
1627763,Brogdon,2022,0.12058987202722254,732,0.04372451020580027,Brogdon,0.00834787802463299,496,0.05314919237887555,2022-23 -> 2023-24
1626156,Russell,2022,0.09082499671875269,948,0.040276844658884675,Russell,0.09323698667947387,1080,0.03743137697581708,2022-23 -> 2023-24
1629655,Gafford,2022,0.2149778154611602,395,0.044470875317094406,Gafford,0.1354627542554129,480,0.03908622572305911,2022-23 -> 2023-24
201942,DeRozan,2022,0.0633237855469846,1303,0.02857140445946868,DeRozan,0.025278728527613786,1355,0.028894361289014056,2022-23 -> 2023-24
203078,Beal,2022,0.09251177065102925,878,0.03739080661715177,Beal,0.10046360258567978,735,0.04193255581065313,2022-23 -> 2023-24
201143,Horford,2022,0.16322680566065675,479,0.05961904433668069,Horford,0.18135483970177105,419,0.06229091668437134,2022-23 -> 2023-24
1626164,Booker,2022,0.07322112930871666,1067,0.034640873618105424,Booker,0.07699567375995835,1305,0.03174646990055469,2022-23 -> 2023-24
201950,Holiday,2022,0.0750298315765383,1023,0.036903976468731906,Holiday,0.10508258999761425,689,0.04629720387201944,2022-23 -> 2023-24
202685,Valanciunas,2022,0.08934632714214975,816,0.03568514783004543,Valanciunas,0.12918889344945347,719,0.03880055090957844,2022-23 -> 2023-24
203482,Olynyk,2022,0.12757466111728713,557,0.05032983287187327,Olynyk,0.15498428694779984,497,0.05049062239973179,2022-23 -> 2023-24
1630573,Hauser,2022,0.17703689753404325,396,0.06883344651773615,Hauser,0.16392805394327165,558,0.05774678743661339,2022-23 -> 2023-24
1630169,Haliburton,2022,0.08115217808389678,841,0.04163870470006779,Haliburton,0.0616573774917877,1048,0.03793989998981119,2022-23 -> 2023-24
1630530,Murphy III,2022,0.08495772814857545,800,0.04439499560519627,Murphy III,0.05055853298481254,621,0.05238645703415301,2022-23 -> 2023-24
1630198,Joe,2022,0.13156638727261113,508,0.05956769587883876,Joe,0.12736640291481374,485,0.05984051690286792,2022-23 -> 2023-24
1631117,Kessler,2022,0.15911233572232172,414,0.04374480576697314,Kessler,0.030509092382499634,350,0.04938760317890884,2022-23 -> 2023-24
1627777,Niang,2022,0.1299996234448393,502,0.05987930307755218,Niang,0.05278052909944553,632,0.05123644471975598,2022-23 -> 2023-24
1630178,Maxey,2022,0.06653218197214292,913,0.03888480427152977,Maxey,-0.02359606388628895,1419,0.031240679613331438,2022-23 -> 2023-24
202710,Butler,2022,0.06788877500144284,888,0.03417999113546923,Butler,0.04983736448081882,793,0.03755087536193618,2022-23 -> 2023-24
1626171,Portis,2022,0.07016261558200339,803,0.04010851819533436,Portis,0.09029584893042576,918,0.03666427544574065,2022-23 -> 2023-24
204456,McConnell,2022,0.10761712995790539,521,0.04542852072566149,McConnell,0.15654017747261176,593,0.04177587855113904,2022-23 -> 2023-24
1628380,Collins,2022,0.10213704246105683,548,0.04694141972108328,Collins,0.014774380043025144,616,0.04494043171683465,2022-23 -> 2023-24
203992,Bogdanovic,2022,0.08814771641040085,611,0.05140583975572625,Bogdanovic,0.027055144454238664,1100,0.03799333247746768,2022-23 -> 2023-24
1630578,Sengun,2022,0.067039136325091,799,0.03511887596562337,Sengun,0.07175017378975948,982,0.032473219819634316,2022-23 -> 2023-24
1627759,Brown,2022,0.037917509997103464,1383,0.030827572937935616,Brown,0.03527096845215355,1256,0.031956309359938054,2022-23 -> 2023-24
203552,Curry,2022,0.1165845262678431,449,0.05884705521183582,Curry,-0.05739222164218386,204,0.08707625270028241,2022-23 -> 2023-24
203076,Davis,2022,0.05416793794593279,962,0.031426009666709186,Davis,0.04593230880652799,1283,0.02735142978929542,2022-23 -> 2023-24
1629651,Claxton,2022,0.08818015540964842,587,0.03563543161668728,Claxton,-0.0028893405732415165,582,0.03682272976761174,2022-23 -> 2023-24
1628401,White,2022,0.06818471449168863,758,0.04477228105074285,White,0.09877069465790263,839,0.04381275338347259,2022-23 -> 2023-24
1627750,Murray,2022,0.04702603609401083,1041,0.03668892526638641,Murray,0.07389112523328657,986,0.036737985500261194,2022-23 -> 2023-24
201569,Gordon,2022,0.07491818889270362,653,0.048597454292125974,Gordon,0.05790980133299127,618,0.05164556342026662,2022-23 -> 2023-24
1629675,Reid,2022,0.08328946039173143,577,0.04747655493891418,Reid,0.07897503391546366,851,0.0412414208762186,2022-23 -> 2023-24
1627742,Ingram,2022,0.05735751225617297,835,0.03735494324775778,Ingram,0.07310869831313752,1017,0.03448224542211706,2022-23 -> 2023-24
1629636,Garland,2022,0.042054203195151026,1129,0.03464414143303037,Garland,0.002590482809097475,841,0.0411364873231283,2022-23 -> 2023-24
202699,Harris,2022,0.0548698029622932,845,0.03982643786969311,Harris,0.013302432026930608,951,0.03589540087320937,2022-23 -> 2023-24
1628389,Adebayo,2022,0.04138433993978217,1114,0.028347599512480365,Adebayo,0.03691118128251761,1017,0.030340204147174785,2022-23 -> 2023-24
203484,Caldwell-Pope,2022,0.0711111528603373,632,0.048783270844021884,Caldwell-Pope,0.024539110218135176,587,0.05110404821583762,2022-23 -> 2023-24
1629627,Williamson,2022,0.09391092207375513,469,0.04388494642296678,Williamson,0.07017132711886648,1094,0.02882165440888817,2022-23 -> 2023-24
1626174,Wood,2022,0.057075958138207455,769,0.040761241301960426,Wood,-0.010637987730573622,264,0.0721095290521061,2022-23 -> 2023-24
1630570,Watford,2022,0.1351283795394856,323,0.05946294295962692,Watford,0.09604859125360676,311,0.061480741751954886,2022-23 -> 2023-24
1629684,Williams,2022,0.09122893741951507,476,0.0581909031001723,Williams,0.07353087041800141,605,0.05079718206808283,2022-23 -> 2023-24
1626172,Looney,2022,0.11003592551526668,384,0.046832730940712254,Looney,0.10934105953669172,233,0.061097999770180864,2022-23 -> 2023-24
1630182,Green,2022,0.10995130743199806,382,0.060391614750045175,Green,-0.011869871307361241,374,0.06224260165817166,2022-23 -> 2023-24
1631099,Murray,2022,0.053501417717863986,782,0.045772334919347624,Murray,0.01122601403832773,975,0.039319597017468684,2022-23 -> 2023-24
1629639,Herro,2022,0.03660356819350155,1109,0.03670426645537582,Herro,0.0423118676075486,735,0.04463297785388017,2022-23 -> 2023-24
1627739,Dunn,2022,0.18703117735550392,216,0.07239954233055995,Dunn,0.040632029818618375,313,0.06523958818501477,2022-23 -> 2023-24
1628976,Carter Jr.,2022,0.06563345921008595,613,0.04578283350091697,Carter Jr.,0.02753054728256837,425,0.05577527575971119,2022-23 -> 2023-24
202331,George,2022,0.039851558254839346,1004,0.037482294001990775,George,0.10145135032168033,1236,0.034544810383383466,2022-23 -> 2023-24
1629012,Sexton,2022,0.08447294019230617,468,0.05125781255239765,Sexton,0.06606974080957466,1038,0.03522911111931784,2022-23 -> 2023-24
1630217,Bane,2022,0.04014006347492781,939,0.038887816515005405,Bane,0.0191756758951289,776,0.04328983775510673,2022-23 -> 2023-24
1628978,DiVincenzo,2022,0.0688674180966481,540,0.05627970830282589,DiVincenzo,0.04303949325103155,1004,0.04130005851608304,2022-23 -> 2023-24
1626181,Powell,2022,0.052280464642733254,710,0.044287283730972855,Powell,0.1458912561553071,768,0.04421324753690184,2022-23 -> 2023-24
1630168,Okongwu,2022,0.0728477903656132,497,0.041126870727807005,Okongwu,0.019804550783966725,365,0.05252324747244139,2022-23 -> 2023-24
203952,Wiggins,2022,0.06778298622169085,529,0.051571512087130386,Wiggins,-0.019597395693144993,780,0.040732410229023026,2022-23 -> 2023-24
1626157,Towns,2022,0.08328866516745263,428,0.056041231397944015,Towns,0.11261128873948238,951,0.037052629950416575,2022-23 -> 2023-24
203937,Anderson,2022,0.07017175474476002,495,0.048632595652161395,Anderson,-0.05013949678747892,433,0.049606338479886485,2022-23 -> 2023-24
203081,Lillard,2022,0.028789273000834312,1202,0.035838648943199665,Lillard,-0.048578326810493254,1277,0.03408681025737527,2022-23 -> 2023-24
203903,Clarkson,2022,0.032081567567255796,1031,0.03747944690609698,Clarkson,-0.04823549449199467,816,0.04069696311276351,2022-23 -> 2023-24
1630532,Wagner,2022,0.02957889217214184,1118,0.03379260766094623,Wagner,-0.018648133505155286,1096,0.03360319213707873,2022-23 -> 2023-24
1629234,Eubanks,2022,0.09380634516651486,334,0.05058824935006181,Eubanks,-0.02714609717135751,253,0.05559752840196525,2022-23 -> 2023-24
101108,Paul,2022,0.04584375191761742,668,0.04587991398426391,Paul,0.07512710963022555,467,0.05580595100196716,2022-23 -> 2023-24
203926,McDermott,2022,0.0563656883195022,523,0.05472204764859679,McDermott,0.10256936826817084,284,0.08046319028513217,2022-23 -> 2023-24
1630183,McDaniels,2022,0.04072245981875295,716,0.042742960199000965,McDaniels,0.005107316055258958,628,0.046670775944429865,2022-23 -> 2023-24
201935,Harden,2022,0.034260513048726696,842,0.042297557171926445,Harden,0.01995414165691792,822,0.044494475890436265,2022-23 -> 2023-24
203914,Harris,2022,0.09007539676935132,307,0.07576227368818914,Harris,0.039835271859169206,297,0.07610055439958587,2022-23 -> 2023-24
201144,Conley,2022,0.04459614444952787,610,0.05127890927946992,Conley,0.1214144281669664,644,0.05100249883323516,2022-23 -> 2023-24
1627826,Zubac,2022,0.05142012040120364,514,0.039582377074722105,Zubac,0.13802625008133326,519,0.04028328781373676,2022-23 -> 2023-24
204060,Ingles,2022,0.10617981053364278,248,0.08686867419576502,Ingles,0.1341579850487206,227,0.08747623413776286,2022-23 -> 2023-24
203897,LaVine,2022,0.01876426762942403,1388,0.031326162658504075,LaVine,-0.037229278973804465,376,0.061459855131225774,2022-23 -> 2023-24
1628963,Bagley III,2022,0.06812947091961534,382,0.053781812632038795,Bagley III,0.06054209214552807,408,0.04731640945595638,2022-23 -> 2023-24
202692,Burks,2022,0.05626388349111972,459,0.058212358116576025,Burks,-0.0851479307092596,569,0.05316634759134039,2022-23 -> 2023-24
201587,Batum,2022,0.06574468984079833,381,0.06986087400992627,Batum,0.07239291199109132,256,0.08243381583775368,2022-23 -> 2023-24
1628975,Carter,2022,0.0437110346651365,565,0.05367378324635971,Carter,-0.07821177295000276,365,0.06806048545748664,2022-23 -> 2023-24
1628960,Allen,2022,0.04399039985587401,557,0.05474633331094989,Allen,0.1872314671705218,682,0.04932373615349715,2022-23 -> 2023-24
1628983,Gilgeous-Alexander,2022,0.017573984047776464,1381,0.02779274677968777,Gilgeous-Alexander,0.08212801765180733,1487,0.027739119860523114,2022-23 -> 2023-24
2544,James,2022,0.019777960390568155,1219,0.03195140477006208,James,0.09830220352063847,1269,0.031033388635600366,2022-23 -> 2023-24
1629026,Williams,2022,0.06857699230529106,346,0.06214448391528537,Williams,0.02557076434777384,280,0.07236527279057546,2022-23 -> 2023-24
1628969,Bridges,2022,0.018604418447956482,1267,0.032465714362676375,Bridges,-0.024836922462461036,1294,0.03357986948284805,2022-23 -> 2023-24
1629661,Johnson,2022,0.04872156174545467,474,0.056999064265931015,Johnson,0.02106580024214104,619,0.05043211370871093,2022-23 -> 2023-24
203110,Green,2022,0.048650806532117175,474,0.05043797886958614,Green,0.08508677140034351,372,0.05941253686243547,2022-23 -> 2023-24
1630214,Tillman,2022,0.07180641846585017,306,0.0542963650879483,Tillman,-0.1838543116488763,279,0.0662101389424535,2022-23 -> 2023-24
1626204,Nance Jr.,2022,0.07130735103814634,305,0.056564631047707335,Nance Jr.,0.06532964998053403,241,0.06774275772081316,2022-23 -> 2023-24
1628365,Fultz,2022,0.02921627050129054,679,0.03960972372975391,Fultz,-0.08337220158748314,326,0.05510192922403285,2022-23 -> 2023-24
1628386,Allen,2022,0.03155293725890384,626,0.03538233640938713,Allen,0.049622436007895177,819,0.031419933462934896,2022-23 -> 2023-24
203468,McCollum,2022,0.013896690682192701,1344,0.03248948001253761,McCollum,0.10180386098356083,1055,0.03839663296403499,2022-23 -> 2023-24
1627783,Siakam,2022,0.014133968699627037,1313,0.02998860115102093,Siakam,0.07190581703378325,1271,0.029883097199390272,2022-23 -> 2023-24
1629611,Mann,2022,0.03406732999153905,524,0.049969841678623124,Mann,0.02053289037265903,493,0.0524496944026826,2022-23 -> 2023-24
202694,Morris Sr.,2022,0.02766707967525492,643,0.04809145602327162,Morris Sr.,0.07696242530006585,264,0.07405493075992076,2022-23 -> 2023-24
1629014,Simons,2022,0.01656126112951363,1045,0.03834959058932936,Simons,-0.002019932333122876,837,0.042258654144219185,2022-23 -> 2023-24
1630193,Quickley,2022,0.017542415422826172,936,0.03993497556210804,Quickley,0.007669903499140775,894,0.040997298162239224,2022-23 -> 2023-24
1627752,Prince,2022,0.04258825115215749,379,0.0631758884260814,Prince,0.054203539416347056,572,0.05373341397528922,2022-23 -> 2023-24
1628404,Hart,2022,0.030555168780779896,520,0.04922657172338485,Hart,-0.1183766546406829,679,0.04441165394264242,2022-23 -> 2023-24
1626196,Richardson,2022,0.027392985554667938,554,0.05266616615004254,Richardson,0.025103241581499066,347,0.0667645942627353,2022-23 -> 2023-24
1629656,Grimes,2022,0.02261596705146818,602,0.05262183425522628,Grimes,-0.1498247921788571,328,0.0731650354277304,2022-23 -> 2023-24
1628991,Jackson Jr.,2022,0.015575756253724095,822,0.03923838843461986,Jackson Jr.,-0.04499333218430885,1162,0.0331395479450368,2022-23 -> 2023-24
1630175,Anthony,2022,0.02051901892603841,610,0.04654305521089848,Anthony,-0.011883374011628253,763,0.041914192829061905,2022-23 -> 2023-24
1630541,Moody,2022,0.054632233883616044,227,0.08258424209435015,Moody,0.031031768397540526,420,0.05885045218583882,2022-23 -> 2023-24
203084,Barnes,2022,0.015225750046625427,791,0.042373065131148184,Barnes,0.08208226862377627,732,0.0457369491801342,2022-23 -> 2023-24
1630228,Kuminga,2022,0.02388689094642868,497,0.048961071790318965,Kuminga,0.015361809855410503,862,0.035510697398604345,2022-23 -> 2023-24
1629632,White,2022,0.019889811518163412,594,0.051428017587781635,White,-0.013816682826962698,1209,0.034552506100839084,2022-23 -> 2023-24
1629638,Alexander-Walker,2022,0.039810482532362905,295,0.07232281528585142,Alexander-Walker,0.02748847153702437,538,0.05525467648403668,2022-23 -> 2023-24
1631105,Duren,2022,0.02642285498909524,398,0.04433702163677086,Duren,0.0528253795413657,564,0.03852639626247291,2022-23 -> 2023-24
203967,Saric,2022,0.037935435147512464,277,0.07122765393123182,Saric,0.12027938462349243,388,0.062103116872664316,2022-23 -> 2023-24
1628369,Tatum,2022,0.006609158915590693,1559,0.030040390419513608,Tatum,0.021973293487874492,1426,0.03132789557174177,2022-23 -> 2023-24
202330,Hayward,2022,0.0175436886552584,581,0.04633928752021514,Hayward,-0.033344826374885596,403,0.054069526161118334,2022-23 -> 2023-24
1626145,Jones,2022,0.013388450928860167,710,0.04567090485961756,Jones,0.10886268907030934,666,0.045792700931670316,2022-23 -> 2023-24
203924,Grant,2022,0.00845965533119671,913,0.0382865494783793,Grant,0.0068310060366124,850,0.03918060522349676,2022-23 -> 2023-24
1630194,Reed,2022,0.03158038876529013,209,0.06461062541935612,Reed,0.024287334834127705,480,0.045961158781419015,2022-23 -> 2023-24
1629060,Hachimura,2022,0.011129174454854264,584,0.04573511103865445,Hachimura,0.1050770320339705,676,0.043364240460185506,2022-23 -> 2023-24
1630256,Tate,2022,0.024930952999032325,229,0.0711633725017025,Tate,-0.03307763956704625,229,0.07553630832430351,2022-23 -> 2023-24
1631114,Williams,2022,0.00655402128127273,794,0.03819179839411147,Williams,0.10456022166824894,993,0.03438910543460653,2022-23 -> 2023-24
1630598,Wiggins,2022,0.01267770160717356,363,0.05903980904981474,Wiggins,0.14065938244761503,377,0.058073180936834744,2022-23 -> 2023-24
1630164,Wiseman,2022,0.010948809520340604,339,0.052009007472413056,Wiseman,0.049034677323398966,305,0.051939046784278506,2022-23 -> 2023-24
203932,Gordon,2022,0.004232714979055658,761,0.03755664543692076,Gordon,-0.06429409906347203,716,0.03793085501653737,2022-23 -> 2023-24
1628398,Kuzma,2022,0.002316128811031056,1142,0.03485482071246161,Kuzma,-0.010003684002186283,1313,0.03158241699839279,2022-23 -> 2023-24
1631119,Williams,2022,0.00860911952855965,234,0.07872005987153885,Williams,-0.011769658217231737,228,0.08440284934804221,2022-23 -> 2023-24
1630202,Pritchard,2022,0.002557831095738753,245,0.08097020538845645,Pritchard,0.1304253302554091,635,0.05033633978341914,2022-23 -> 2023-24
1629001,Melton,2022,0.0005895689618402347,651,0.050058040469615,Melton,-0.11301657303675765,360,0.06688838166764839,2022-23 -> 2023-24
1629631,Hunter,2022,-9.06148438130302e-05,822,0.04017255418088045,Hunter,0.03741727249607388,663,0.04695528846379223,2022-23 -> 2023-24
1627749,Murray,2022,-0.0003851091267787992,1319,0.03115470689931014,Murray,0.008489475766029477,1463,0.030737790618559985,2022-23 -> 2023-24
1628972,Brown Jr.,2022,-0.0014019350222525568,465,0.058908314561390375,Brown Jr.,-0.11964805612979211,226,0.08482328334761939,2022-23 -> 2023-24
1628381,Collins,2022,-0.0017612204353227834,707,0.042347000210161974,Collins,0.06193612901139108,746,0.040733169571736096,2022-23 -> 2023-24
203991,Capela,2022,-0.0025374592821234654,536,0.03754079878637192,Capela,-0.1185972525372309,618,0.035676460318023163,2022-23 -> 2023-24
1627736,Beasley,2022,-0.0016523556795539438,937,0.04301999811527702,Beasley,0.10752385122375151,722,0.04996550099739499,2022-23 -> 2023-24
1629111,Landale,2022,-0.004802363216618587,337,0.058178186851688345,Landale,-0.015979400439797516,206,0.07342069135072021,2022-23 -> 2023-24
1626224,Osman,2022,-0.0033540476591561634,530,0.05431727462421148,Osman,0.08012876775528872,384,0.06406954863907022,2022-23 -> 2023-24
1626168,Lyles,2022,-0.004463633306833133,408,0.061941125282239044,Lyles,0.06734389727256838,321,0.072412079226687,2022-23 -> 2023-24
203994,Nurkic,2022,-0.004232115338421557,505,0.04794710823195444,Nurkic,-0.07320043085862683,627,0.04043862908372461,2022-23 -> 2023-24
1630558,Mitchell,2022,-0.0057367271049355495,399,0.061140523624882086,Mitchell,0.05141606307889538,323,0.06796740957433986,2022-23 -> 2023-24
1631128,Braun,2022,-0.01476775723916819,289,0.06568111165621589,Braun,-0.0819916761262656,483,0.05128325783615816,2022-23 -> 2023-24
1630170,Vassell,2022,-0.008441886251124315,595,0.048920583182927434,Vassell,0.0258748067896403,1056,0.036438446367282225,2022-23 -> 2023-24
203114,Middleton,2022,-0.012480988970853368,406,0.058922974343844386,Middleton,0.1143290722534726,643,0.04652213718738713,2022-23 -> 2023-24
203944,Randle,2022,-0.0036977186329102923,1432,0.031469447980048144,Randle,-0.013231185096139074,836,0.03876328720764238,2022-23 -> 2023-24
1628997,Martin,2022,-0.009753933931631766,548,0.05049818246740717,Martin,-0.042973224562399964,559,0.04979452955934751,2022-23 -> 2023-24
1630560,Thomas,2022,-0.013301727349164892,456,0.05301142593230784,Thomas,-0.00037688239073449645,1190,0.033471281220740605,2022-23 -> 2023-24
1630692,Goodwin,2022,-0.01818035766788699,353,0.06086672861903587,Goodwin,-0.19963321254909996,382,0.05953272734171641,2022-23 -> 2023-24
1628370,Monk,2022,-0.008749725837521913,796,0.043013831639018126,Monk,-0.011951735884002654,893,0.04038734426642091,2022-23 -> 2023-24
1628470,Craig,2022,-0.01485138080784145,500,0.05445762267951629,Craig,-0.024654306955383787,251,0.08014268200908732,2022-23 -> 2023-24
1630534,Agbaji,2022,-0.020090720993954893,386,0.06424342147950497,Agbaji,-0.1839141238431336,433,0.057704416031421076,2022-23 -> 2023-24
203501,Hardaway Jr.,2022,-0.009516275794985369,847,0.04421629115809002,Hardaway Jr.,-0.05015568428395662,976,0.04089955407827392,2022-23 -> 2023-24
203497,Gobert,2022,-0.015679316681474622,546,0.03639788653648005,Gobert,-0.042039552034187605,614,0.033836904125732176,2022-23 -> 2023-24
203915,Dinwiddie,2022,-0.008320570442007617,1050,0.03732995262004284,Dinwiddie,-0.08571211578764419,640,0.050015370418646767,2022-23 -> 2023-24
1629726,Mathews,2022,-0.043685221479195624,201,0.09844235157397545,Mathews,0.1978091789242986,226,0.09215029771111614,2022-23 -> 2023-24
1628971,Brown,2022,-0.011998019763920427,741,0.041652987221666944,Brown,-0.021142905160360898,582,0.04625922502070223,2022-23 -> 2023-24
1630583,Aldama,2022,-0.017514784084277424,525,0.05260936611140698,Aldama,-0.04321078458999985,568,0.05165085153608311,2022-23 -> 2023-24
1626166,Payne,2022,-0.020517506977144273,453,0.05561734230344946,Payne,0.029334064208642104,481,0.057090356265256,2022-23 -> 2023-24
200768,Lowry,2022,-0.02038963523101365,485,0.058544630961180955,Lowry,0.06148008681289569,377,0.06687409418897879,2022-23 -> 2023-24
1630208,Richards,2022,-0.03240897244837178,313,0.04950615378798918,Richards,0.09852391485431065,376,0.04524102585906419,2022-23 -> 2023-24
1629022,Walker IV,2022,-0.020032643778331277,527,0.052512953283153245,Walker IV,-0.0181170754314069,492,0.05629042505826166,2022-23 -> 2023-24
1630702,Hardy,2022,-0.03248818342362822,333,0.0658553255461783,Hardy,-0.06718558875418704,479,0.054996331979959755,2022-23 -> 2023-24
1629021,Wagner,2022,-0.02737600999671055,396,0.05778868545216363,Wagner,0.12156205947845831,552,0.04449137862224868,2022-23 -> 2023-24
1628988,Holiday,2022,-0.049382594024383115,220,0.07949737505511321,Holiday,0.06932295531455895,417,0.060564640118847476,2022-23 -> 2023-24
1629002,Metu,2022,-0.04992888427821342,219,0.06639983114560867,Metu,-0.014011556751345175,244,0.0728046590787982,2022-23 -> 2023-24
1626220,O'Neale,2022,-0.019334743646184753,593,0.053656427206263124,O'Neale,0.013414432374409542,539,0.05762285287994123,2022-23 -> 2023-24
1629670,Nwora,2022,-0.02718651234373191,445,0.05728234482729814,Nwora,-0.030146837573877944,299,0.06848103645468571,2022-23 -> 2023-24
1629614,Nembhard,2022,-0.01990518135540864,644,0.0468181671022401,Nembhard,0.07516430554382503,522,0.05025500805321042,2022-23 -> 2023-24
1630581,Giddey,2022,-0.011776904594908998,1118,0.032281388332155006,Giddey,-0.026980310558435062,847,0.03847044194455263,2022-23 -> 2023-24
1629673,Poole,2022,-0.010364531257438794,1278,0.03403897757802143,Poole,-0.06777672065412853,1186,0.03521267054747825,2022-23 -> 2023-24
1629312,Highsmith,2022,-0.069561666188194,216,0.0829313204385907,Highsmith,0.05496943969136437,329,0.06940075876946251,2022-23 -> 2023-24
1629018,Trent Jr.,2022,-0.016433270949553547,935,0.03983404287433535,Trent Jr.,0.0038464866497408424,847,0.04283731681881939,2022-23 -> 2023-24
1629130,Robinson,2022,-0.0652497358267743,237,0.08843407417613608,Robinson,0.08891312909401475,675,0.05059740460668798,2022-23 -> 2023-24
203935,Smart,2022,-0.02697485057082658,602,0.051152321783802,Smart,-0.0035244073019929266,237,0.08165552402760187,2022-23 -> 2023-24
1627936,Caruso,2022,-0.05840720914152057,286,0.07237872980214345,Caruso,0.05077489719771419,541,0.054631734647388706,2022-23 -> 2023-24
1630172,Williams,2022,-0.02576402347352139,677,0.04473026021270352,Williams,-0.08401359716357085,359,0.06138922083745029,2022-23 -> 2023-24
1629622,Strus,2022,-0.02219793602036065,790,0.04674759425541959,Strus,-0.06842433354268011,728,0.0474401381104421,2022-23 -> 2023-24
201976,Beverley,2022,-0.049574927761075256,360,0.06850298491865896,Beverley,-0.04343195992061715,379,0.06253195343503813,2022-23 -> 2023-24
201567,Love,2022,-0.04362635766098644,424,0.06374579812756413,Love,0.06592393366622103,359,0.06874132902980336,2022-23 -> 2023-24
1630595,Cunningham,2022,-0.08422209503184343,224,0.07471183846621823,Cunningham,0.006921770534343573,1167,0.03287362544001388,2022-23 -> 2023-24
1630171,Okoro,2022,-0.053815064062516446,354,0.06356521271942454,Okoro,-0.04747642360339389,480,0.053947036868336753,2022-23 -> 2023-24
1628392,Hartenstein,2022,-0.06158879189205111,327,0.055128493473491295,Hartenstein,0.05436648391938038,365,0.0472193507280831,2022-23 -> 2023-24
201145,Green,2022,-0.06259604611663115,328,0.06012992829236089,Green,-0.021399037019013186,366,0.06171405260736398,2022-23 -> 2023-24
1629680,Thybulle,2022,-0.08226091030269457,253,0.07833176592457428,Thybulle,-0.062194339944510346,317,0.07438251399591853,2022-23 -> 2023-24
203083,Drummond,2022,-0.0765742355931796,274,0.05374316829996758,Drummond,-0.06277335234233282,480,0.0417065687882712,2022-23 -> 2023-24
1630631,Alvarado,2022,-0.04297481722847896,489,0.05542277911649556,Alvarado,-0.0052447257528408465,345,0.0684314243536673,2022-23 -> 2023-24
1630163,Ball,2022,-0.02949642123663528,721,0.04616831962690937,Ball,-0.009739196232674144,423,0.059124861493990516,2022-23 -> 2023-24
1629013,Shamet,2022,-0.07108702276610586,300,0.0747510355015973,Shamet,-0.016976159770183335,274,0.07599714846591647,2022-23 -> 2023-24
1629023,Washington,2022,-0.021980133032470647,978,0.03800088733737219,Washington,-0.046672477650815766,811,0.042838085596538,2022-23 -> 2023-24
1629629,Reddish,2022,-0.08083323569835589,312,0.06749056387292536,Reddish,-0.18457332739201787,234,0.07891605342284932,2022-23 -> 2023-24
1630700,Daniels,2022,-0.12495470464893284,208,0.08073953077799846,Daniels,-0.05401746554213982,311,0.06647473439093204,2022-23 -> 2023-24
1626192,Connaughton,2022,-0.06812171749678655,421,0.06515456399476242,Connaughton,-0.005516281237618078,347,0.06993859149535525,2022-23 -> 2023-24
1631103,Branham,2022,-0.04737442892874201,611,0.0481085820541323,Branham,-0.06586629209978874,628,0.04740570761932721,2022-23 -> 2023-24
1630191,Stewart,2022,-0.06583952613672704,441,0.056919651860599677,Stewart,0.05948286988148685,382,0.06115012649478673,2022-23 -> 2023-24
1631101,Sharpe,2022,-0.04498069818925827,648,0.046192662176537065,Sharpe,-0.1315531184573006,434,0.05630193375610492,2022-23 -> 2023-24
1627884,Jones Jr.,2022,-0.13406185213737978,230,0.07273526210501366,Jones Jr.,-0.06772496960500121,495,0.05339048327935041,2022-23 -> 2023-24
1630538,Hyland,2022,-0.054281388577086205,571,0.05222146461592429,Hyland,-0.08905212477292869,251,0.07800625463937383,2022-23 -> 2023-24
1628384,Anunoby,2022,-0.035663882468114895,885,0.039016718908712486,Anunoby,-0.02923477835828571,577,0.04902785888451932,2022-23 -> 2023-24
1630591,Suggs,2022,-0.07284065206398332,444,0.0566776023963426,Suggs,0.04659280393139165,714,0.046175259817748275,2022-23 -> 2023-24
1630201,Flynn,2022,-0.1372038541570046,242,0.08052499838877003,Flynn,-0.07087973875016203,325,0.06866502715160001,2022-23 -> 2023-24
1630230,Marshall,2022,-0.05872637432281347,571,0.048367519399492506,Marshall,0.057529701569408974,367,0.06097746626689104,2022-23 -> 2023-24
1630552,Johnson,2022,-0.10427897873050285,322,0.06079741329952711,Johnson,-0.02697346035582357,702,0.04085857154509915,2022-23 -> 2023-24
1629723,Konchar,2022,-0.10620330319341012,320,0.069086606815292,Konchar,-0.14108029981390893,208,0.08661467728612239,2022-23 -> 2023-24
202704,Jackson,2022,-0.054236494685853745,640,0.04776708270074983,Jackson,-0.03293202397728229,756,0.04235940596243582,2022-23 -> 2023-24
1630245,Dosunmu,2022,-0.06109564062528394,570,0.04748572356010691,Dosunmu,0.020589127258790446,719,0.04390283656910942,2022-23 -> 2023-24
1627747,LeVert,2022,-0.047746657545710704,742,0.04354910795529081,LeVert,-0.12348341523785282,820,0.040888869222233046,2022-23 -> 2023-24
1631121,McGowens,2022,-0.1754903924957196,202,0.08188585897486572,McGowens,-0.07140835921909852,230,0.0787010206125537,2022-23 -> 2023-24
1631323,Fontecchio,2022,-0.11481088116602169,312,0.07225242991888194,Fontecchio,0.06922772247400621,548,0.05444001651204428,2022-23 -> 2023-24
1630180,Bey,2022,-0.04319351945312851,836,0.04189134712966211,Bey,-0.13108550032279237,697,0.04621474984905434,2022-23 -> 2023-24
1630543,Jackson,2022,-0.11374408136870927,318,0.05117088217849112,Jackson,0.032626685467822374,233,0.0570428557222276,2022-23 -> 2023-24
1630188,Smith,2022,-0.07124670873454517,508,0.050557411601981773,Smith,0.18065862555979234,395,0.05664343559834229,2022-23 -> 2023-24
1630540,McBride,2022,-0.18404388854522974,215,0.08664807427771906,McBride,0.035931041569453516,454,0.05909059776295653,2022-23 -> 2023-24
203471,Schroder,2022,-0.063326632544869,650,0.04553940961640195,Schroder,-0.02541807254661596,927,0.038545904268688154,2022-23 -> 2023-24
1630167,Toppin,2022,-0.09825669298937921,419,0.059990826459261126,Toppin,0.0923332809554573,579,0.04776883736416881,2022-23 -> 2023-24
1630174,Nesmith,2022,-0.07136635934813881,590,0.05094324306068845,Nesmith,0.08826079422410389,635,0.04889296232215273,2022-23 -> 2023-24
1630173,Achiuwa,2022,-0.10676554084997213,404,0.05346886527030753,Achiuwa,-0.12835947596730002,469,0.04802141668694789,2022-23 -> 2023-24
1628449,Boucher,2022,-0.08491591729056087,529,0.048610668000843724,Boucher,-0.01722215407864469,217,0.0793156983096054,2022-23 -> 2023-24
1630205,Stevens,2022,-0.1597862635106928,288,0.06587914864688832,Stevens,-0.1076512333218562,240,0.0678054419007207,2022-23 -> 2023-24
1630544,Mann,2022,-0.09262812148540206,501,0.05517820770725287,Mann,0.0070976714586579006,316,0.06643740970484044,2022-23 -> 2023-24
1630596,Mobley,2022,-0.049579730479912244,947,0.03151295594382442,Mobley,-0.0017648404710302948,552,0.04117035413486294,2022-23 -> 2023-24
1630166,Avdija,2022,-0.08207431568925015,579,0.04848209795179393,Avdija,0.023718390602607994,803,0.03908819410244016,2022-23 -> 2023-24
1629659,Horton-Tucker,2022,-0.07844503640258306,613,0.04596129415859253,Horton-Tucker,-0.1124328634247615,465,0.05427370753884594,2022-23 -> 2023-24
1631223,Roddy,2022,-0.11519120892577348,420,0.059086430560648766,Roddy,-0.1701895834270523,409,0.05774860440501334,2022-23 -> 2023-24
1630529,Jones,2022,-0.09737400647367746,501,0.050139183917226014,Jones,0.05013777071469251,588,0.04928684587586412,2022-23 -> 2023-24
1630162,Edwards,2022,-0.03260050365329857,1541,0.029561769587815107,Edwards,-0.025138661920326606,1558,0.02902751048390088,2022-23 -> 2023-24
1629640,Johnson,2022,-0.04590566512742038,1113,0.03463834389849058,Johnson,-0.04907852081846466,862,0.04023622813799233,2022-23 -> 2023-24
1630200,Jones,2022,-0.07016539351724986,743,0.0399850332069052,Jones,0.006254310478451165,600,0.046232197784208465,2022-23 -> 2023-24
203507,Antetokounmpo,2022,-0.04331310816632551,1278,0.027940001816067313,Antetokounmpo,0.04646926805586785,1369,0.026179665412889134,2022-23 -> 2023-24
1630537,Duarte,2022,-0.1774026810819846,333,0.06745833961255358,Duarte,-0.10937452214952854,210,0.08728976661001427,2022-23 -> 2023-24
1629027,Young,2022,-0.04503356451376875,1390,0.030872534563421226,Young,0.018142242183543093,1008,0.03811538736416558,2022-23 -> 2023-24
1627827,Finney-Smith,2022,-0.13219373207582752,501,0.057702660059751464,Finney-Smith,-0.06403277581511,511,0.05688532798731914,2022-23 -> 2023-24
1631104,Wesley,2022,-0.31718160351642033,215,0.07376226174064113,Wesley,-0.17075029759431812,215,0.07209638646637703,2022-23 -> 2023-24
1631110,Sochan,2022,-0.1361632419263504,552,0.04533306689247705,Sochan,-0.15266287879494214,776,0.03931443631900717,2022-23 -> 2023-24
1629006,Okogie,2022,-0.1840500621409409,414,0.059018327131197104,Okogie,-0.18100359031641522,206,0.08274415920663063,2022-23 -> 2023-24
1627832,VanVleet,2022,-0.06932864241669841,1112,0.03735635513584909,VanVleet,0.021776813958489197,1018,0.03951165064793548,2022-23 -> 2023-24
1628372,Smith Jr.,2022,-0.17469316268619423,452,0.05102807418982728,Smith Jr.,-0.16717921900400626,338,0.06055257031700899,2022-23 -> 2023-24
1626162,Oubre Jr.,2022,-0.0967957254081691,819,0.040986603397791,Oubre Jr.,-0.14270867619320549,878,0.038448516404075775,2022-23 -> 2023-24
1631095,Smith Jr.,2022,-0.09607773437769176,892,0.039866554607263224,Smith Jr.,0.006323623936296877,833,0.0412480909221301,2022-23 -> 2023-24
1631093,Ivey,2022,-0.0969936824063332,983,0.036736036425803066,Ivey,-0.05367315420680086,973,0.03740842563121424,2022-23 -> 2023-24
1631097,Mathurin,2022,-0.10203011189066494,951,0.03656853382853368,Mathurin,-0.05311297902367729,663,0.0441159055039328,2022-23 -> 2023-24
201566,Westbrook,2022,-0.09840930895995952,991,0.03563025062479526,Westbrook,-0.1327804103328217,663,0.04180220618923693,2022-23 -> 2023-24
1630567,Barnes,2022,-0.10248381971791183,1016,0.0336483173364305,Barnes,-0.0404096511849667,942,0.036332585540683644,2022-23 -> 2023-24
1628415,Brooks,2022,-0.11555130765082479,991,0.038162073313142746,Brooks,-0.023113608977616867,768,0.04377176918455625,2022-23 -> 2023-24
1630224,Green,2022,-0.08480467787887286,1359,0.03189800286396976,Green,-0.08325574155184233,1332,0.03286721517982987,2022-23 -> 2023-24
1631094,Banchero,2022,-0.10498812904900152,1122,0.03277942511516428,Banchero,-0.03596869149960628,1407,0.02922041323780607,2022-23 -> 2023-24
1626179,Rozier,2022,-0.10021315791431451,1188,0.03468487220668013,Rozier,-0.019980798381116136,998,0.03770598390610325,2022-23 -> 2023-24
1629628,Barrett,2022,-0.10581337401005664,1176,0.03320367287964077,Barrett,-0.031061178987069386,880,0.03726726304974394,2022-23 -> 2023-24
1630165,Hayes,2022,-0.155652625141499,815,0.040693302860206414,Hayes,-0.08275503627985034,283,0.06647803556902819,2022-23 -> 2023-24
1629652,Dort,2022,-0.17816718869045353,873,0.040714023023300606,Dort,-0.022339485911308375,657,0.04931786960776988,2022-23 -> 2023-24
203999,Jokic,2023,0.23100507208504342,1411,0.027958500073047433,Jokić,0.24405431715143378,1364,0.029214027706049864,2023-24 -> 2024-25
201142,Durant,2023,0.1460753222752912,1436,0.02949276939254217,Durant,0.1968613222372486,1124,0.03421267850358658,2023-24 -> 2024-25
1629029,Doncic,2023,0.10341644151579263,1652,0.029764610050339736,Dončić,0.040201781635835175,1025,0.03804724214089091,2023-24 -> 2024-25
202695,Leonard,2023,0.13224385494526897,1162,0.032733306057878366,Leonard,0.08931283260133359,623,0.04533485361898159,2023-24 -> 2024-25
201939,Curry,2023,0.10216600637488045,1445,0.033576641214070946,Curry,0.09230965090822155,1258,0.03612854511088337,2023-24 -> 2024-25
1627734,Sabonis,2023,0.13227821682385468,1068,0.030161597569672093,Sabonis,0.15665990682147365,893,0.034587706073541245,2023-24 -> 2024-25
202681,Irving,2023,0.1159124243875269,1131,0.03485870139283095,Irving,0.06395918943868543,945,0.03827977707699457,2023-24 -> 2024-25
203954,Embiid,2023,0.15037904246733577,851,0.035979971383015126,Embiid,-0.011495381855634366,315,0.06196616293414398,2023-24 -> 2024-25
1628960,Allen,2023,0.1872314671705218,682,0.04932373615349715,Allen,0.13759353253126164,489,0.059514596891722574,2023-24 -> 2024-25
202331,George,2023,0.10145135032168033,1236,0.034544810383383466,George,-0.001425180569582919,570,0.050986171231652305,2023-24 -> 2024-25
2544,James,2023,0.09830220352063847,1269,0.031033388635600366,James,0.08810791456841806,1270,0.03153559439808008,2023-24 -> 2024-25
1628983,Gilgeous-Alexander,2023,0.08212801765180733,1487,0.027739119860523114,Gilgeous-Alexander,0.08534822307311477,1656,0.02737002676238396,2023-24 -> 2024-25
1628973,Brunson,2023,0.07291847328150204,1648,0.028338429038276037,Brunson,0.07285266436297756,1200,0.033370106922843194,2023-24 -> 2024-25
1626181,Powell,2023,0.1458912561553071,768,0.04421324753690184,Powell,0.09554034299671696,945,0.039293727231891944,2023-24 -> 2024-25
203468,McCollum,2023,0.10180386098356083,1055,0.03839663296403499,McCollum,0.005351309808040469,1000,0.03849459644979515,2023-24 -> 2024-25
1626157,Towns,2023,0.11261128873948238,951,0.037052629950416575,Towns,0.07830856159005357,1215,0.031542137258678674,2023-24 -> 2024-25
1629028,Ayton,2023,0.1390015254456798,749,0.03491511535837223,Ayton,0.06307934137411546,468,0.04474703486304116,2023-24 -> 2024-25
1631114,Williams,2023,0.10456022166824894,993,0.03438910543460653,Williams,0.009804921561435245,1168,0.0325809843425287,2023-24 -> 2024-25
1626167,Turner,2023,0.11234440379544292,909,0.0377140748995844,Turner,0.08807646847864237,811,0.042205373371475806,2023-24 -> 2024-25
1626156,Russell,2023,0.09323698667947387,1080,0.03743137697581708,Russell,-0.08814093395816008,638,0.049867432716628725,2023-24 -> 2024-25
1626164,Booker,2023,0.07699567375995835,1305,0.03174646990055469,Booker,0.027275069579191104,1420,0.03133326533399572,2023-24 -> 2024-25
202685,Valanciunas,2023,0.12918889344945347,719,0.03880055090957844,Valančiūnas,0.13589352674349967,627,0.039559175889991895,2023-24 -> 2024-25
204456,McConnell,2023,0.15654017747261176,593,0.04177587855113904,McConnell,0.0612349079608466,624,0.04083112709952053,2023-24 -> 2024-25
1630573,Hauser,2023,0.16392805394327165,558,0.05774678743661339,Hauser,0.15173249821477675,474,0.0633917628709521,2023-24 -> 2024-25
1627783,Siakam,2023,0.07190581703378325,1271,0.029883097199390272,Siakam,0.11189479051088579,1182,0.032326383047830566,2023-24 -> 2024-25
1630557,Kispert,2023,0.11059151243236966,794,0.04483044508320267,Kispert,0.04454401054016594,565,0.05269265845723662,2023-24 -> 2024-25
1630559,Reaves,2023,0.09162984003678659,940,0.03907185507941029,Reaves,0.06710108275211543,1037,0.038148420074319254,2023-24 -> 2024-25
202691,Thompson,2023,0.074434391167825,1133,0.03796197806647479,Thompson,0.0002722320599715238,877,0.043758536089301886,2023-24 -> 2024-25
1626171,Portis,2023,0.09029584893042576,918,0.03666427544574065,Portis,0.022685685401681647,595,0.04615666130886861,2023-24 -> 2024-25
1628401,White,2023,0.09877069465790263,839,0.04381275338347259,White,0.08411540313852359,959,0.042831214022536465,2023-24 -> 2024-25
1630202,Pritchard,2023,0.1304253302554091,635,0.05033633978341914,Pritchard,0.1833215919302043,866,0.044788766887474823,2023-24 -> 2024-25
1629008,Porter Jr.,2023,0.07253167624263522,1079,0.037306476334284244,Porter Jr.,0.07855910592291614,1048,0.036731314159954113,2023-24 -> 2024-25
201144,Conley,2023,0.1214144281669664,644,0.05100249883323516,Conley,-0.008282949043037193,468,0.06048786219293959,2023-24 -> 2024-25
1627736,Beasley,2023,0.10752385122375151,722,0.04996550099739499,Beasley,0.08766261115007402,1071,0.04038064730931431,2023-24 -> 2024-25
203482,Olynyk,2023,0.15498428694779984,497,0.05049062239973179,Olynyk,0.044848134929529916,268,0.06826292885645857,2023-24 -> 2024-25
1629627,Williamson,2023,0.07017132711886648,1094,0.02882165440888817,Williamson,0.09834490302203769,508,0.042267248600651876,2023-24 -> 2024-25
201143,Horford,2023,0.18135483970177105,419,0.06229091668437134,Horford,0.02239247847037634,461,0.06079733942857733,2023-24 -> 2024-25
1627742,Ingram,2023,0.07310869831313752,1017,0.03448224542211706,Ingram,0.05242828988104548,333,0.06343348128553186,2023-24 -> 2024-25
203078,Beal,2023,0.10046360258567978,735,0.04193255581065313,Beal,0.10790080602390568,694,0.04441978229384732,2023-24 -> 2024-25
203114,Middleton,2023,0.1143290722534726,643,0.04652213718738713,Middleton,0.08208958953711777,337,0.0645364783782202,2023-24 -> 2024-25
1628374,Markkanen,2023,0.08217174602062256,890,0.04047462262401499,Markkanen,-0.05027557413303839,700,0.04698141224060571,2023-24 -> 2024-25
1627750,Murray,2023,0.07389112523328657,986,0.036737985500261194,Murray,0.05579144135111223,1121,0.034689181511606305,2023-24 -> 2024-25
1626145,Jones,2023,0.10886268907030934,666,0.045792700931670316,Jones,0.09462201860955251,683,0.0488320895640138,2023-24 -> 2024-25
201950,Holiday,2023,0.10508258999761425,689,0.04629720387201944,Holiday,0.007997237942296667,573,0.05218369539868772,2023-24 -> 2024-25
1627826,Zubac,2023,0.13802625008133326,519,0.04028328781373676,Zubac,0.12271475390165633,942,0.03031876576558202,2023-24 -> 2024-25
1630188,Smith,2023,0.18065862555979234,395,0.05664343559834229,Smith,-0.04150929043257764,408,0.060362580212578,2023-24 -> 2024-25
1629060,Hachimura,2023,0.1050770320339705,676,0.043364240460185506,Hachimura,0.06311783884085385,576,0.04873401560134689,2023-24 -> 2024-25
1630578,Sengun,2023,0.07175017378975948,982,0.032473219819634316,Sengun,-0.0013950157981695078,1143,0.029762857165564,2023-24 -> 2024-25
1629012,Sexton,2023,0.06606974080957466,1038,0.03522911111931784,Sexton,0.07468216480785789,867,0.038774774517283804,2023-24 -> 2024-25
1629675,Reid,2023,0.07897503391546366,851,0.0412414208762186,Reid,0.035093953224384335,923,0.04014686871302516,2023-24 -> 2024-25
1629021,Wagner,2023,0.12156205947845831,552,0.04449137862224868,Wagner,0.07855728937225827,249,0.07016429268257982,2023-24 -> 2024-25
1628368,Fox,2023,0.04309685347022985,1549,0.029756453282396955,Fox,0.00038384431492279655,1163,0.03362155925246817,2023-24 -> 2024-25
1629655,Gafford,2023,0.1354627542554129,480,0.03908622572305911,Gafford,0.08796337157482424,403,0.043202854009467245,2023-24 -> 2024-25
1630169,Haliburton,2023,0.0616573774917877,1048,0.03793989998981119,Haliburton,0.09610007543109908,1006,0.03951691320661935,2023-24 -> 2024-25
204001,Porzingis,2023,0.08498243865413638,752,0.04158259989542406,Porziņģis,0.08431359666006397,574,0.04880357639677193,2023-24 -> 2024-25
203507,Antetokounmpo,2023,0.04646926805586785,1369,0.026179665412889134,Antetokounmpo,0.00834218114688022,1319,0.025785505347354007,2023-24 -> 2024-25
1630198,Joe,2023,0.12736640291481374,485,0.05984051690286792,Joe,0.1091757842544337,588,0.05588752616916467,2023-24 -> 2024-25
203084,Barnes,2023,0.08208226862377627,732,0.0457369491801342,Barnes,0.11599179373521686,683,0.047361428997392575,2023-24 -> 2024-25
1629130,Robinson,2023,0.08891312909401475,675,0.05059740460668798,Robinson,0.046570996332230455,663,0.051653261627657536,2023-24 -> 2024-25
203076,Davis,2023,0.04593230880652799,1283,0.02735142978929542,Davis,0.019990939748810093,910,0.03391529177368885,2023-24 -> 2024-25
1631096,Holmgren,2023,0.06027981010995487,953,0.03649005103967121,Holmgren,-0.007245325836507736,341,0.06077748335469396,2023-24 -> 2024-25
1630174,Nesmith,2023,0.08826079422410389,635,0.04889296232215273,Nesmith,0.13326653197162047,379,0.06331306906731275,2023-24 -> 2024-25
201572,Lopez,2023,0.07403965385892179,755,0.044507476900080965,Lopez,0.12218085966397661,774,0.04299844074781956,2023-24 -> 2024-25
1627751,Poeltl,2023,0.14172434279666962,378,0.047779484656902835,Poeltl,0.1550901223265862,411,0.04640285758577756,2023-24 -> 2024-25
1630167,Toppin,2023,0.0923332809554573,579,0.04776883736416881,Toppin,0.0853357439419824,599,0.04883749005603559,2023-24 -> 2024-25
1630598,Wiggins,2023,0.14065938244761503,377,0.058073180936834744,Wiggins,0.034004586620200415,728,0.04455134863780859,2023-24 -> 2024-25
1628379,Kennard,2023,0.15685947261192398,315,0.07555254522474864,Kennard,0.15907852217843033,431,0.0617379261358378,2023-24 -> 2024-25
1628381,Collins,2023,0.06193612901139108,746,0.040733169571736096,Collins,0.07743432225432548,531,0.04793141533196857,2023-24 -> 2024-25
202696,Vucevic,2023,0.03733206545610456,1211,0.031637940369217105,Vučević,0.15944107645210703,1038,0.03516506695384412,2023-24 -> 2024-25
1629726,Mathews,2023,0.1978091789242986,226,0.09215029771111614,Mathews,0.02423104870899209,257,0.08629693436727359,2023-24 -> 2024-25
1627759,Brown,2023,0.03527096845215355,1256,0.031956309359938054,Brown,0.0011702687758480873,1118,0.03401614437284339,2023-24 -> 2024-25
1628978,DiVincenzo,2023,0.04303949325103155,1004,0.04130005851608304,DiVincenzo,0.04846638955612716,593,0.0545004346490356,2023-24 -> 2024-25
1628386,Allen,2023,0.049622436007895177,819,0.031419933462934896,Allen,0.10292098161064019,640,0.034522871510225775,2023-24 -> 2024-25
202710,Butler,2023,0.04983736448081882,793,0.03755087536193618,Butler,0.042471030609725215,263,0.06244291697352254,2023-24 -> 2024-25
202710,Butler,2023,0.04983736448081882,793,0.03755087536193618,Butler III,-0.059319253691288105,334,0.058018639452202654,2023-24 -> 2024-25
1629614,Nembhard,2023,0.07516430554382503,522,0.05025500805321042,Nembhard,-0.00354248946646952,539,0.049450897516643735,2023-24 -> 2024-25
1631323,Fontecchio,2023,0.06922772247400621,548,0.05444001651204428,Fontecchio,-0.07728622064671596,373,0.0658211363999601,2023-24 -> 2024-25
1628389,Adebayo,2023,0.03691118128251761,1017,0.030340204147174785,Adebayo,0.0030696947442864376,1113,0.03172146633268118,2023-24 -> 2024-25
1630208,Richards,2023,0.09852391485431065,376,0.04524102585906419,Richards,-0.005493914508347169,347,0.04817450892985375,2023-24 -> 2024-25
201569,Gordon,2023,0.05790980133299127,618,0.05164556342026662,Gordon,0.08194459974295301,204,0.09029685287121206,2023-24 -> 2024-25
101108,Paul,2023,0.07512710963022555,467,0.05580595100196716,Paul,0.03772126448536558,583,0.053804398598294396,2023-24 -> 2024-25
201942,DeRozan,2023,0.025278728527613786,1355,0.028894361289014056,DeRozan,0.08657641067035052,1308,0.02990680052453507,2023-24 -> 2024-25
1627777,Niang,2023,0.05278052909944553,632,0.05123644471975598,Niang,0.08491946154557362,620,0.05228822071164165,2023-24 -> 2024-25
1630591,Suggs,2023,0.04659280393139165,714,0.046175259817748275,Suggs,-0.06456622141637001,481,0.05566332817876299,2023-24 -> 2024-25
203110,Green,2023,0.08508677140034351,372,0.05941253686243547,Green,-0.05853543160641536,509,0.05383836345427451,2023-24 -> 2024-25
1630530,Murphy III,2023,0.05055853298481254,621,0.05238645703415301,Murphy III,-0.015096580855074227,839,0.04196232007280968,2023-24 -> 2024-25
1628369,Tatum,2023,0.021973293487874492,1426,0.03132789557174177,Tatum,-0.012242634451006316,1465,0.0318392054381585,2023-24 -> 2024-25
1629639,Herro,2023,0.0423118676075486,735,0.04463297785388017,Herro,0.0768387251864916,1378,0.03291027350121673,2023-24 -> 2024-25
1627752,Prince,2023,0.054203539416347056,572,0.05373341397528922,Prince,0.07541615335803072,514,0.05733071894070761,2023-24 -> 2024-25
1631165,Ellis,2023,0.13052890764611488,232,0.08699830728293169,Ellis,0.17420472186887292,464,0.06073573079975661,2023-24 -> 2024-25
1630570,Watford,2023,0.09604859125360676,311,0.061480741751954886,Watford,-0.01784149018728093,350,0.05884984997280106,2023-24 -> 2024-25
1631105,Duren,2023,0.0528253795413657,564,0.03852639626247291,Duren,0.059518473941981176,546,0.03704109739325449,2023-24 -> 2024-25
203992,Bogdanovic,2023,0.027055144454238664,1100,0.03799333247746768,Bogdanović,0.02088732605486225,486,0.05742883683273993,2023-24 -> 2024-25
1630241,Merrill,2023,0.07521729539478066,393,0.07056721002084534,Merrill,0.008144036457715446,424,0.06737570455695746,2023-24 -> 2024-25
1631218,Jackson-Davis,2023,0.08764982403034552,332,0.04824207647110804,Jackson-Davis,-0.0793431047046088,302,0.0515154409424699,2023-24 -> 2024-25
1628988,Holiday,2023,0.06932295531455895,417,0.060564640118847476,Holiday,0.10735315055711278,268,0.07951686539039861,2023-24 -> 2024-25
1627936,Caruso,2023,0.05077489719771419,541,0.054631734647388706,Caruso,-0.06681898812070457,314,0.0695613825760018,2023-24 -> 2024-25
1630170,Vassell,2023,0.0258748067896403,1056,0.036438446367282225,Vassell,-0.010275330166317022,889,0.040802490099415535,2023-24 -> 2024-25
1629599,Coffey,2023,0.07587528802415346,352,0.0657048958783256,Coffey,0.05216797202869153,510,0.05334856710296343,2023-24 -> 2024-25
1641717,Wallace,2023,0.05773560036924712,442,0.058627290888661775,Wallace,-0.03503197518904674,489,0.05334978885505469,2023-24 -> 2024-25
1626172,Looney,2023,0.10934105953669172,233,0.061097999770180864,Looney,-0.014720034588873105,278,0.05669789755786591,2023-24 -> 2024-25
1629631,Hunter,2023,0.03741727249607388,663,0.04695528846379223,Hunter,0.06755828948828703,762,0.044452400588232,2023-24 -> 2024-25
1630191,Stewart,2023,0.05948286988148685,382,0.06115012649478673,Stewart,0.059806730907360627,315,0.05859891041896303,2023-24 -> 2024-25
1627832,VanVleet,2023,0.021776813958489197,1018,0.03951165064793548,VanVleet,-0.07492688021584959,759,0.04625802884001651,2023-24 -> 2024-25
1626168,Lyles,2023,0.06734389727256838,321,0.072412079226687,Lyles,-0.055217512538388476,374,0.06589023141473112,2023-24 -> 2024-25
1630230,Marshall,2023,0.057529701569408974,367,0.06097746626689104,Marshall,0.03496668814746217,712,0.041950554148663804,2023-24 -> 2024-25
1627741,Hield,2023,0.024098802247286746,850,0.04462576589377233,Hield,-0.0023160307552114842,786,0.046994765105447936,2023-24 -> 2024-25
1628392,Hartenstein,2023,0.05436648391938038,365,0.0472193507280831,Hartenstein,0.034498836192378236,480,0.043463618037296946,2023-24 -> 2024-25
1630166,Avdija,2023,0.023718390602607994,803,0.03908819410244016,Avdija,0.005449207134522869,844,0.040357352990119874,2023-24 -> 2024-25
201587,Batum,2023,0.07239291199109132,256,0.08243381583775368,Batum,0.14277040313583833,238,0.08929940665591313,2023-24 -> 2024-25
1629027,Young,2023,0.018142242183543093,1008,0.03811538736416558,Young,-0.048650904224510065,1376,0.032661113663495285,2023-24 -> 2024-25
1629312,Highsmith,2023,0.05496943969136437,329,0.06940075876946251,Highsmith,0.0010327898370083076,391,0.06368927816675932,2023-24 -> 2024-25
1630558,Mitchell,2023,0.05141606307889538,323,0.06796740957433986,Mitchell,0.016556625290267166,476,0.054449870092442766,2023-24 -> 2024-25
201935,Harden,2023,0.01995414165691792,822,0.044494475890436265,Harden,-0.030270075186470062,1295,0.03452181490244389,2023-24 -> 2024-25
1630540,McBride,2023,0.035931041569453516,454,0.05909059776295653,McBride,-0.050755630693787177,547,0.053609354188441746,2023-24 -> 2024-25
1631107,Jovic,2023,0.0538495902080032,281,0.07521950784329395,Jović,0.035578613770912156,377,0.06442280091666341,2023-24 -> 2024-25
1630217,Bane,2023,0.0191756758951289,776,0.04328983775510673,Bane,0.05307607736128021,1018,0.03724404859577205,2023-24 -> 2024-25
1630245,Dosunmu,2023,0.020589127258790446,719,0.04390283656910942,Dosunmu,-0.04602597981489277,449,0.05555916009703552,2023-24 -> 2024-25
1629638,Alexander-Walker,2023,0.02748847153702437,538,0.05525467648403668,Alexander-Walker,0.028868272840920684,616,0.051157254802831016,2023-24 -> 2024-25
203484,Caldwell-Pope,2023,0.024539110218135176,587,0.05110404821583762,Caldwell-Pope,-0.006912815267222114,544,0.05461929454823328,2023-24 -> 2024-25
1626166,Payne,2023,0.029334064208642104,481,0.057090356265256,Payne,-0.05400637987876846,446,0.05999459626008759,2023-24 -> 2024-25
1630215,Butler,2023,0.06849841630148983,201,0.08164850608588678,Butler,-0.011116789623903285,453,0.054850157561460215,2023-24 -> 2024-25
1630228,Kuminga,2023,0.015361809855410503,862,0.035510697398604345,Kuminga,-0.06663771452033725,568,0.046180320313844864,2023-24 -> 2024-25
1629661,Johnson,2023,0.02106580024214104,619,0.05043211370871093,Johnson,0.0690851413250972,747,0.045359716511411775,2023-24 -> 2024-25
1630541,Moody,2023,0.031031768397540526,420,0.05885045218583882,Moody,-0.0010366773060482414,568,0.053233284367044206,2023-24 -> 2024-25
1627739,Dunn,2023,0.040632029818618375,313,0.06523958818501477,Dunn,-0.023910979781957293,437,0.059045230860475605,2023-24 -> 2024-25
202699,Harris,2023,0.013302432026930608,951,0.03589540087320937,Harris,0.00037380235795348007,805,0.04014423461896596,2023-24 -> 2024-25
1627749,Murray,2023,0.008489475766029477,1463,0.030737790618559985,Murray,-0.1575195816293861,494,0.05219693746936043,2023-24 -> 2024-25
1641764,Podziemski,2023,0.02050477690320951,597,0.047968710135289784,Podziemski,0.03978573270847757,629,0.04875886395887702,2023-24 -> 2024-25
1628378,Mitchell,2023,0.011127040291581985,1089,0.03641788744167118,Mitchell,0.0028368715991207135,1320,0.033576849518373884,2023-24 -> 2024-25
1628976,Carter Jr.,2023,0.02753054728256837,425,0.05577527575971119,Carter Jr.,-0.13140632425102072,491,0.05005802468111906,2023-24 -> 2024-25
1631099,Murray,2023,0.01122601403832773,975,0.039319597017468684,Murray,-0.02638481197929897,820,0.043168378338585826,2023-24 -> 2024-25
1631117,Kessler,2023,0.030509092382499634,350,0.04938760317890884,Kessler,0.06863549884553831,420,0.046046719559783664,2023-24 -> 2024-25
1628436,Kornet,2023,0.05010296314101348,203,0.0603489508488157,Kornet,0.0315734304649238,280,0.05254948940465868,2023-24 -> 2024-25
1629611,Mann,2023,0.02053289037265903,493,0.0524496944026826,Mann,0.01777179973253783,413,0.05728162982299258,2023-24 -> 2024-25
1628989,Huerter,2023,0.017651615332885992,560,0.05375390552714287,Huerter,-0.022493601485848936,604,0.05250286094367862,2023-24 -> 2024-25
1629731,Wade,2023,0.04220433039171481,232,0.09086925378754336,Wade,-0.023581297220361917,271,0.08292658294225864,2023-24 -> 2024-25
1631170,Jaquez Jr.,2023,0.013951088394760367,697,0.041919585383960754,Jaquez Jr.,-0.04326005462914691,462,0.05101645796624023,2023-24 -> 2024-25
1628380,Collins,2023,0.014774380043025144,616,0.04494043171683465,Collins,-0.009973261857044122,302,0.06510205034813257,2023-24 -> 2024-25
1630595,Cunningham,2023,0.006921770534343573,1167,0.03287362544001388,Cunningham,0.032416313483795915,1457,0.029443369662094314,2023-24 -> 2024-25
1626220,O'Neale,2023,0.013414432374409542,539,0.05762285287994123,O'Neale,0.08424218386963,570,0.0560607272760979,2023-24 -> 2024-25
1630168,Okongwu,2023,0.019804550783966725,365,0.05252324747244139,Okongwu,0.000816397290784461,684,0.04001620294379438,2023-24 -> 2024-25
1629026,Williams,2023,0.02557076434777384,280,0.07236527279057546,Williams,0.06686857582166157,354,0.06425923657771097,2023-24 -> 2024-25
1630193,Quickley,2023,0.007669903499140775,894,0.040997298162239224,Quickley,-0.024079009844000538,438,0.059141122160754435,2023-24 -> 2024-25
203924,Grant,2023,0.0068310060366124,850,0.03918060522349676,Grant,-0.14657994916343045,574,0.05149821971701064,2023-24 -> 2024-25
1631095,Smith Jr.,2023,0.006323623936296877,833,0.0412480909221301,Smith Jr.,-0.02398924331883046,566,0.05109166217061913,2023-24 -> 2024-25
1627763,Brogdon,2023,0.00834787802463299,496,0.05314919237887555,Brogdon,-0.10734363181469735,240,0.07035848589799323,2023-24 -> 2024-25
1641706,Miller,2023,0.003528136978301176,1083,0.03648560120966553,Miller,-0.03674883607697542,491,0.05687257856701219,2023-24 -> 2024-25
1631204,Sasser,2023,0.007436480919131183,512,0.053985810209453325,Sasser,0.06383257140304875,296,0.07189645945636064,2023-24 -> 2024-25
1630200,Jones,2023,0.006254310478451165,600,0.046232197784208465,Jones,0.07790770620364723,238,0.06917644016631412,2023-24 -> 2024-25
1629018,Trent Jr.,2023,0.0038464866497408424,847,0.04283731681881939,Trent Jr.,0.06552553557874014,657,0.05082954511629524,2023-24 -> 2024-25
1630183,McDaniels,2023,0.005107316055258958,628,0.046670775944429865,McDaniels,-0.029231389486793,834,0.039727697758762164,2023-24 -> 2024-25
1630590,Pippen Jr.,2023,0.014691065874109536,203,0.08068547222269298,Pippen Jr.,0.027842448268651277,594,0.047401264216807196,2023-24 -> 2024-25
1629636,Garland,2023,0.002590482809097475,841,0.0411364873231283,Garland,0.05764783219029465,1174,0.035335107719850975,2023-24 -> 2024-25
1630560,Thomas,2023,-0.00037688239073449645,1190,0.033471281220740605,Thomas,0.00552240941625882,454,0.05628651475832416,2023-24 -> 2024-25
203935,Smart,2023,-0.0035244073019929266,237,0.08165552402760187,Smart,-0.04575499411830079,257,0.07789381482964207,2023-24 -> 2024-25
1630596,Mobley,2023,-0.0017648404710302948,552,0.04117035413486294,Mobley,-0.0057809657631610984,906,0.034937644387761806,2023-24 -> 2024-25
1629651,Claxton,2023,-0.0028893405732415165,582,0.03682272976761174,Claxton,-0.03552389428883219,568,0.03914273889475976,2023-24 -> 2024-25
1629014,Simons,2023,-0.002019932333122876,837,0.042258654144219185,Simons,-0.0007492562639254174,1125,0.036988088370899126,2023-24 -> 2024-25
1630631,Alvarado,2023,-0.0052447257528408465,345,0.0684314243536673,Alvarado,-0.06622671173458489,521,0.055885817942440526,2023-24 -> 2024-25
1631119,Williams,2023,-0.011769658217231737,228,0.08440284934804221,Williams,0.06449258631851214,221,0.08725219295555679,2023-24 -> 2024-25
1628449,Boucher,2023,-0.01722215407864469,217,0.0793156983096054,Boucher,-0.007221339807633924,370,0.062924523933615,2023-24 -> 2024-25
1630163,Ball,2023,-0.009739196232674144,423,0.059124861493990516,Ball,-0.0505599979091865,1003,0.039124380744057635,2023-24 -> 2024-25
1641733,Smith Jr.,2023,-0.015226339632562357,289,0.07211741860542782,Smith Jr.,-0.05938009389185269,568,0.05239246187818114,2023-24 -> 2024-25
1630182,Green,2023,-0.011869871307361241,374,0.06224260165817166,Green,-0.05455029742559852,421,0.061744507956235956,2023-24 -> 2024-25
1629013,Shamet,2023,-0.016976159770183335,274,0.07599714846591647,Shamet,0.09083837452368496,230,0.0862850763403296,2023-24 -> 2024-25
1629048,Bitadze,2023,-0.025785709157662984,209,0.06509830712265031,Bitadze,0.005438941265286714,339,0.05117554763735034,2023-24 -> 2024-25
1628371,Isaac,2023,-0.027057366136174012,286,0.06659363842408596,Isaac,-0.22625377067982616,324,0.06588887072132556,2023-24 -> 2024-25
1629022,Walker IV,2023,-0.0181170754314069,492,0.05629042505826166,Walker IV,-0.028587873357584243,212,0.08644869132319077,2023-24 -> 2024-25
1630175,Anthony,2023,-0.011883374011628253,763,0.041914192829061905,Anthony,-0.011397220763712329,543,0.05057645506679405,2023-24 -> 2024-25
1631108,Christie,2023,-0.038342581955807295,241,0.07764823454168945,Christie,-0.03440230723156547,590,0.05075360809820369,2023-24 -> 2024-25
1628370,Monk,2023,-0.011951735884002654,893,0.04038734426642091,Monk,-0.015936128973069022,939,0.03925522186937527,2023-24 -> 2024-25
203944,Randle,2023,-0.013231185096139074,836,0.03876328720764238,Randle,0.006179610264512368,939,0.03716918351564693,2023-24 -> 2024-25
203552,Curry,2023,-0.05739222164218386,204,0.08707625270028241,Curry,0.17123269251169437,343,0.06750609641327741,2023-24 -> 2024-25
1628971,Brown,2023,-0.021142905160360898,582,0.04625922502070223,Brown,-0.14962538332477907,309,0.06267554394826545,2023-24 -> 2024-25
1641710,Black,2023,-0.04989406885497346,247,0.07285836518552612,Black,-0.09937415891683424,621,0.04525996884149912,2023-24 -> 2024-25
1628398,Kuzma,2023,-0.010003684002186283,1313,0.03158241699839279,Kuzma,-0.08097255125655108,848,0.039655003299899454,2023-24 -> 2024-25
203897,LaVine,2023,-0.037229278973804465,376,0.061459855131225774,LaVine,0.10533513620571198,1223,0.03397688516650806,2023-24 -> 2024-25
1629652,Dort,2023,-0.022339485911308375,657,0.04931786960776988,Dort,0.03351864204182848,593,0.053946686249363815,2023-24 -> 2024-25
1630549,Sharpe,2023,-0.05018392731979604,294,0.055074130390219744,Sharpe,-0.06299644783025014,317,0.05711100182507956,2023-24 -> 2024-25
203952,Wiggins,2023,-0.019597395693144993,780,0.040732410229023026,Wiggins,-0.007697409722029563,839,0.04083420697879547,2023-24 -> 2024-25
1629632,White,2023,-0.013816682826962698,1209,0.034552506100839084,White,0.004710791148381702,1121,0.03671979026135413,2023-24 -> 2024-25
1630700,Daniels,2023,-0.05401746554213982,311,0.06647473439093204,Daniels,-0.013614066353297887,923,0.035777898584093006,2023-24 -> 2024-25
1628384,Anunoby,2023,-0.02923477835828571,577,0.04902785888451932,Anunoby,-0.06953667847542946,1027,0.036476916549460114,2023-24 -> 2024-25
1628415,Brooks,2023,-0.023113608977616867,768,0.04377176918455625,Brooks,0.017927688093677157,895,0.0414326246178449,2023-24 -> 2024-25
1630552,Johnson,2023,-0.02697346035582357,702,0.04085857154509915,Johnson,-0.05389036524205956,542,0.04619560673751467,2023-24 -> 2024-25
1641729,Sensabaugh,2023,-0.09109381186822928,218,0.08444940588230308,Sensabaugh,0.12459568209231661,599,0.05259329313746713,2023-24 -> 2024-25
1626179,Rozier,2023,-0.019980798381116136,998,0.03770598390610325,Rozier,-0.1588404431119008,635,0.0484796449175362,2023-24 -> 2024-25
1630532,Wagner,2023,-0.018648133505155286,1096,0.03360319213707873,Wagner,-0.013722712232338083,1161,0.032951290198335106,2023-24 -> 2024-25
1641715,Whitmore,2023,-0.04541402098961968,467,0.05505798845621634,Whitmore,-0.0835384526989852,403,0.059122331090819824,2023-24 -> 2024-25
203937,Anderson,2023,-0.05013949678747892,433,0.049606338479886485,Anderson,0.008253120921692803,303,0.06241451008833328,2023-24 -> 2024-25
1630171,Okoro,2023,-0.04747642360339389,480,0.053947036868336753,Okoro,-0.07516467144083402,267,0.07579199870408862,2023-24 -> 2024-25
1630581,Giddey,2023,-0.026980310558435062,847,0.03847044194455263,Giddey,-0.02372412889774592,798,0.040706437339615834,2023-24 -> 2024-25
203471,Schroder,2023,-0.02541807254661596,927,0.038545904268688154,Schröder,-0.04208962901985302,827,0.0418418296250253,2023-24 -> 2024-25
1628997,Martin,2023,-0.042973224562399964,559,0.04979452955934751,Martin,-0.07369612895934041,304,0.06549809277693522,2023-24 -> 2024-25
1630583,Aldama,2023,-0.04321078458999985,568,0.05165085153608311,Aldama,0.05093792137216741,648,0.04766223602399826,2023-24 -> 2024-25
1628970,Bridges,2023,-0.020816572975914178,1210,0.033035117211537075,Bridges,-0.07809688807515952,1089,0.035624878376928515,2023-24 -> 2024-25
1641711,Dick,2023,-0.05774016111676198,445,0.05855366419498993,Dick,-0.12796557714090212,647,0.047929431675012006,2023-24 -> 2024-25
203497,Gobert,2023,-0.042039552034187605,614,0.033836904125732176,Gobert,-0.07280915260353385,510,0.03646057938747062,2023-24 -> 2024-25
1629628,Barrett,2023,-0.031061178987069386,880,0.03726726304974394,Barrett,-0.06713426281355707,982,0.03578686600404406,2023-24 -> 2024-25
1641722,Hawkins,2023,-0.06056683990330089,456,0.060662869982318096,Hawkins,-0.13838812429581487,556,0.05412585772479396,2023-24 -> 2024-25
203083,Drummond,2023,-0.06277335234233282,480,0.0417065687882712,Drummond,-0.13672484563571977,234,0.0628606348420112,2023-24 -> 2024-25
1630172,Williams,2023,-0.08401359716357085,359,0.06138922083745029,Williams,-0.11342898707153808,516,0.05422520545942522,2023-24 -> 2024-25
1631124,Strawther,2023,-0.13942203438658038,222,0.08560672146323048,Strawther,-0.010805392026229575,486,0.056794029673708474,2023-24 -> 2024-25
1630577,Champagnie,2023,-0.07859135802192285,402,0.06489890737183093,Champagnie,-0.03314685872227925,665,0.05112723646804944,2023-24 -> 2024-25
203995,Micic,2023,-0.08573022506603083,370,0.0618384660241301,Micić,-0.18643394487438528,273,0.07345724314141117,2023-24 -> 2024-25
1628969,Bridges,2023,-0.024836922462461036,1294,0.03357986948284805,Bridges,0.06626828366334915,1183,0.03388510789440079,2023-24 -> 2024-25
1630702,Hardy,2023,-0.06718558875418704,479,0.054996331979959755,Hardy,-0.0001451855827383497,414,0.059615432832795225,2023-24 -> 2024-25
1627827,Finney-Smith,2023,-0.06403277581511,511,0.05688532798731914,Finney-Smith,0.08121486425671201,435,0.0632419555820778,2023-24 -> 2024-25
1641767,Sheppard,2023,-0.14466882476038914,229,0.08615862022795107,Sheppard,-0.0698716969106231,287,0.07789557698021607,2023-24 -> 2024-25
1630178,Maxey,2023,-0.02359606388628895,1419,0.031240679613331438,Maxey,-0.06159924886112209,1091,0.03619433540341755,2023-24 -> 2024-25
1627884,Jones Jr.,2023,-0.06772496960500121,495,0.05339048327935041,Jones Jr.,-0.007091390122520625,589,0.046412531439306244,2023-24 -> 2024-25
1631097,Mathurin,2023,-0.05311297902367729,663,0.0441159055039328,Mathurin,-0.06317370236864667,853,0.03901931942976076,2023-24 -> 2024-25
1631222,LaRavia,2023,-0.11843520441987988,303,0.07038437735979618,LaRavia,0.03317403772862188,337,0.06353150445131635,2023-24 -> 2024-25
1629006,Okogie,2023,-0.18100359031641522,206,0.08274415920663063,Okogie,-0.07533340424650649,212,0.08124084946377777,2023-24 -> 2024-25
1629023,Washington,2023,-0.046672477650815766,811,0.042838085596538,Washington,-0.03774336744503674,665,0.044797772621906394,2023-24 -> 2024-25
1630567,Barnes,2023,-0.0404096511849667,942,0.036332585540683644,Barnes,-0.09055544876772735,1063,0.033745120994321254,2023-24 -> 2024-25
1630162,Edwards,2023,-0.025138661920326606,1558,0.02902751048390088,Edwards,0.004420914292528869,1612,0.030562385155498282,2023-24 -> 2024-25
203903,Clarkson,2023,-0.04823549449199467,816,0.04069696311276351,Clarkson,6.363993692178422e-05,492,0.05467414047513951,2023-24 -> 2024-25
1631128,Braun,2023,-0.0819916761262656,483,0.05128325783615816,Braun,0.08868614257998386,821,0.03762802400706522,2023-24 -> 2024-25
1628998,Martin,2023,-0.18638453585611753,215,0.08027110899271113,Martin,-0.14356818667948643,325,0.0667201358239048,2023-24 -> 2024-25
1629640,Johnson,2023,-0.04907852081846466,862,0.04023622813799233,Johnson,-0.03863250187094932,770,0.04123564460270957,2023-24 -> 2024-25
1641739,Camara,2023,-0.10018567304506244,438,0.05569061651000903,Camara,-0.04446901541112504,716,0.04529738479915612,2023-24 -> 2024-25
203994,Nurkic,2023,-0.07320043085862683,627,0.04043862908372461,Nurkić,-0.02066257442155943,352,0.059208415407461384,2023-24 -> 2024-25
203932,Gordon,2023,-0.06429409906347203,716,0.03793085501653737,Gordon,0.06358448540868267,497,0.050685801448823065,2023-24 -> 2024-25
1641708,Thompson,2023,-0.10748320607651642,446,0.04655572890295048,Thompson,-0.0035095348819202763,697,0.03763567486140568,2023-24 -> 2024-25
202692,Burks,2023,-0.0851479307092596,569,0.05316634759134039,Burks,0.07840623883999306,271,0.08225030865368169,2023-24 -> 2024-25
203501,Hardaway Jr.,2023,-0.05015568428395662,976,0.04089955407827392,Hardaway Jr.,-0.026344601835139054,680,0.05015229069759604,2023-24 -> 2024-25
1629656,Grimes,2023,-0.1498247921788571,328,0.0731650354277304,Grimes,0.007162072692059395,823,0.042736315621182616,2023-24 -> 2024-25
1631133,Walker,2023,-0.09669427135999172,509,0.04839425976011779,Walker,0.029695960867935786,229,0.0732259929163857,2023-24 -> 2024-25
1629622,Strus,2023,-0.06842433354268011,728,0.0474401381104421,Strus,0.0327334971468829,373,0.06982699283947431,2023-24 -> 2024-25
1631094,Banchero,2023,-0.03596869149960628,1407,0.02922041323780607,Banchero,-0.04317029593778967,911,0.0372296819911419,2023-24 -> 2024-25
1631093,Ivey,2023,-0.05367315420680086,973,0.03740842563121424,Ivey,0.01159772819113579,413,0.057076901208988895,2023-24 -> 2024-25
1629659,Horton-Tucker,2023,-0.1124328634247615,465,0.05427370753884594,Horton-Tucker,-0.10596726629254644,291,0.0688785664494341,2023-24 -> 2024-25
1628991,Jackson Jr.,2023,-0.04499333218430885,1162,0.0331395479450368,Jackson Jr.,0.09475451311825016,1213,0.03271425564400325,2023-24 -> 2024-25
1641709,Thompson,2023,-0.11387722043768704,480,0.048398037760961715,Thompson,-0.09491765513986637,460,0.04446426474510447,2023-24 -> 2024-25
203915,Dinwiddie,2023,-0.08571211578764419,640,0.050015370418646767,Dinwiddie,-0.06948291450102413,682,0.046791871657019306,2023-24 -> 2024-25
1631212,Watson,2023,-0.12363936602173148,447,0.0522631464582287,Watson,-0.12569421726039093,428,0.053239253236097295,2023-24 -> 2024-25
1641718,George,2023,-0.0679390449125807,815,0.04365753290169874,George,-0.061262688477308334,919,0.041371568153907835,2023-24 -> 2024-25
1631101,Sharpe,2023,-0.1315531184573006,434,0.05630193375610492,Sharpe,-0.06588759336407053,1104,0.03561920617765779,2023-24 -> 2024-25
1641731,Coulibaly,2023,-0.13621147285888238,432,0.056264157345579706,Coulibaly,-0.171965034107687,624,0.04543626028175419,2023-24 -> 2024-25
1630625,Banton,2023,-0.11897448185658163,500,0.052284920335903616,Banton,-0.13377609537044477,507,0.052650481059216415,2023-24 -> 2024-25
1630173,Achiuwa,2023,-0.12835947596730002,469,0.04802141668694789,Achiuwa,-0.17342013579749446,327,0.05400517239474433,2023-24 -> 2024-25
203081,Lillard,2023,-0.048578326810493254,1277,0.03408681025737527,Lillard,0.019479128126945508,992,0.039341499860376127,2023-24 -> 2024-25
1631200,Murray,2023,-0.18239235637820211,366,0.06352168451000258,Murray,-0.22946616474528853,279,0.06990831771757672,2023-24 -> 2024-25
1630533,Williams,2023,-0.18062605329599377,378,0.06190083651118212,Williams,-0.12783706821506108,520,0.05463422320397752,2023-24 -> 2024-25
203991,Capela,2023,-0.1185972525372309,618,0.035676460318023163,Capela,-0.15782511696037785,390,0.04483673806777276,2023-24 -> 2024-25
1630534,Agbaji,2023,-0.1839141238431336,433,0.057704416031421076,Agbaji,-0.022967138405656288,534,0.05175696410646152,2023-24 -> 2024-25
1628404,Hart,2023,-0.1183766546406829,679,0.04441165394264242,Hart,0.015577139098843713,770,0.04045938026896259,2023-24 -> 2024-25
1629673,Poole,2023,-0.06777672065412853,1186,0.03521267054747825,Poole,0.011033471068725912,1057,0.03886116209846141,2023-24 -> 2024-25
201566,Westbrook,2023,-0.1327804103328217,663,0.04180220618923693,Westbrook,-0.09374952598666224,831,0.03969485025700535,2023-24 -> 2024-25
1641705,Wembanyama,2023,-0.08192316343195216,1186,0.03239404540484785,Wembanyama,0.029443687174535115,857,0.0404295964152411,2023-24 -> 2024-25
1627747,LeVert,2023,-0.12348341523785282,820,0.040888869222233046,LeVert,-0.05118696552032139,599,0.04899046237785726,2023-24 -> 2024-25
1630224,Green,2023,-0.08325574155184233,1332,0.03286721517982987,Green,-0.06487468075232942,1437,0.03179417727284019,2023-24 -> 2024-25
1631110,Sochan,2023,-0.15266287879494214,776,0.03931443631900717,Sochan,-0.0989646626216355,469,0.046707050128258064,2023-24 -> 2024-25
1626162,Oubre Jr.,2023,-0.14270867619320549,878,0.038448516404075775,Oubre Jr.,-0.0896251127633547,741,0.04120807565992047,2023-24 -> 2024-25
1630703,Henderson,2023,-0.16867719885122706,797,0.0405246653180144,Henderson,-0.07922466867250733,685,0.045565628407304395,2023-24 -> 2024-25
